v4_m60,v4_m120,v3_defect,sent,ent_cak,frac,kappa,est_dim,spread,knn_radius,patch_frac,anchor,n_points,true_dim,ks,kind,dim,seed,branch,estimator
-0.027546762412932736,-0.04167000539498456,-0.008403742388554286,-7.114077364466992,-5.280572891235352,-0.6875,0.16567487528508915,3.0,0.23592826552154073,0.18507836468759306,0.4419046721419412,208,1400,3,-22.548062598221478,dumbbell,3,0,A,oracle
-0.03657327738591043,-0.040708666530689955,-0.006118539223669367,-7.11520131876944,-5.334700584411621,-0.875,0.019054374935074517,3.0,0.2657119221918317,0.2155148807528407,0.46374632296798135,362,1400,3,-19.225024550522377,dumbbell,3,0,A,oracle
-0.01040637458263185,-0.0206935166829132,0.012703386749063439,-7.112790097501327,-5.367813587188721,-0.5,0.07814788230359741,3.0,0.26308080726561084,0.22694961757348397,0.44578744472375637,1088,1400,3,-11.762262800203482,dumbbell,3,0,A,oracle
-0.0033535781155889545,-0.0032884970687937095,-0.008670611972061934,-7.113483905869281,-5.351326942443848,-0.25,0.1693915661299643,3.0,0.25799375680162406,0.21609147867757114,0.4546766573878508,915,1400,3,-3.5550526795521264,dumbbell,3,0,A,oracle
0.011714035106877822,0.013836608933129654,0.010833730987629178,-7.112188287673771,-5.421329975128174,-0.4375,0.2674572034095441,3.0,0.24854674530353507,0.21919190328651603,0.4661943109426211,361,1400,3,2.5102588071524714,dumbbell,3,0,A,oracle
0.024009837153758054,0.036168958356573355,0.015703119743723418,-7.042324273314345,-5.117430686950684,-0.0,0.5553363287581039,3.0,0.23995728857567913,0.19515186714386687,0.49634044014293727,405,1400,3,6.159382675542515,dumbbell,3,0,A,oracle
0.02679736742780405,0.04392281001385917,-0.0024033438566164276,-7.027155191830007,-4.901342391967773,-0.0,0.5406710629813308,3.0,0.21779012715227253,0.18650110098687683,0.5013465074891073,919,1400,3,6.605360713324066,dumbbell,3,0,A,oracle
0.0192967889649784,0.02173746228163641,0.01649712555340431,-7.097465662022881,-5.233292579650879,-0.1875,-0.0941722174137257,3.0,0.2405252061380725,0.19481409595930996,0.4663288181435883,1107,1400,3,7.3857094587224115,dumbbell,3,0,A,oracle
0.03440348631238589,0.053338626946840155,0.026442424176633273,-7.037190998217395,-5.125698566436768,-0.0,0.5037889791911259,3.0,0.24549994445430096,0.1986605863453308,0.4849045082115301,661,1400,3,8.355744883799076,dumbbell,3,0,A,oracle
0.032559108702343444,0.0572755572999659,0.016495961952059077,-7.02979734059006,-4.831881523132324,-0.0,0.4703447996543586,3.0,0.2193044569818596,0.20415661612458288,0.5191282848423763,397,1400,3,9.178669145217661,dumbbell,3,0,A,oracle
0.03772342522633878,0.058077899503261164,0.029255584765837728,-7.050952802828938,-5.043299198150635,-0.0,0.4095205256444261,3.0,0.2310411565547225,0.2148500770791917,0.48975615362005104,460,1400,3,10.291751725325792,dumbbell,3,0,A,oracle
0.04209842080867334,0.06656652021204364,0.032237071270129994,-7.041418913375043,-4.88270378112793,-0.0,0.534789350928091,3.0,0.22566501811451148,0.22294886780549047,0.5096740136034138,964,1400,3,11.41168825762969,dumbbell,3,0,A,oracle
0.04502567110886188,0.06543169398692666,0.023961229687838266,-7.046605364352323,-4.927083969116211,-0.0,0.41575273391934175,3.0,0.2250237505104668,0.19799096094823757,0.4984254996219297,319,1400,3,12.373259461365768,dumbbell,3,0,A,oracle
0.04838054964384009,0.06783941768385249,0.005971081886239371,-7.040073301172982,-4.772706508636475,-0.0,0.4552676562020233,3.0,0.23520065463708137,0.20833926679920817,0.5258493374349574,1323,1400,3,13.292811739534624,dumbbell,3,0,A,oracle
0.051643675782010276,0.07197454391871935,0.01347509972147078,-7.030337648218584,-4.554138660430908,-0.0,0.3935870341280142,3.0,0.18131211752399812,0.1839879233984377,0.5222144528411469,185,1400,3,14.409416562572522,dumbbell,3,0,A,oracle
0.036834475844862956,0.04984224467614598,0.02433832485205758,-7.096422571686719,-5.2069854736328125,-0.0625,0.09281681645485348,3.0,0.24413609035203274,0.22285469632221014,0.4735481170342686,1222,1400,3,15.33757314504347,dumbbell,3,0,A,oracle
0.054651537445358216,0.073758952020409,0.020550062319803292,-7.042828903031193,-4.816975116729736,-0.0,0.30054498484118675,3.0,0.2273579579761737,0.19809445387265037,0.5144147692598078,190,1400,3,16.176736933411025,dumbbell,3,0,A,oracle
0.042886395621529676,0.0460400568900668,0.0032907872414792688,-7.077062423382637,-4.8233866691589355,-0.0,0.1709515089565653,3.0,0.22665398667546133,0.22176334801823971,0.5190048636523947,975,1400,3,17.079064983670342,dumbbell,3,0,A,oracle
0.043841163730508725,0.05532796845237202,-0.0003475211438618486,-7.0782859645555565,-5.069851398468018,-0.0625,0.31496982448562394,3.0,0.24545144762239693,0.20537453801435115,0.4922996027097748,1375,1400,3,17.851715608550524,dumbbell,3,0,A,oracle
0.04713586654631141,0.05382279378656073,0.02337970023817467,-7.064278906407406,-5.074730396270752,-0.0625,0.2841805145151819,3.0,0.2367022429816471,0.17840957557034992,0.4940681667280868,327,1400,3,18.427504263358866,dumbbell,3,0,A,oracle
0.0567316033512315,0.07519300454785084,0.01629415698488155,-7.0630731951787,-4.841212272644043,-0.0625,0.33630765606759105,3.0,0.22342709667112143,0.21255938914070294,0.5136904030265791,281,1400,3,18.86173140901876,dumbbell,3,0,A,oracle
0.05271966016536981,0.06983524486378817,0.001691241950915627,-7.060665710271898,-4.857937812805176,-0.0,0.41086241821956343,3.0,0.2181988180444075,0.2151939177559949,0.5292846088046435,1261,1400,3,19.292051405337936,dumbbell,3,0,A,oracle
0.0527367208352093,0.06755659290805102,-0.011304044883783318,-7.064287090028387,-4.848605155944824,-0.0,0.4061355925456504,3.0,0.2110918936031364,0.22182227833898452,0.5288976943282292,630,1400,3,19.5323352139822,dumbbell,3,0,A,oracle
0.050433796363413795,0.06384868977039279,0.023105434584856817,-7.071482274350165,-5.0167999267578125,-0.125,0.5345121777361996,3.0,0.22697856323911295,0.20220592552650998,0.5075173483031388,356,1400,3,19.59838014117316,dumbbell,3,0,A,oracle
-0.0645659836277219,-0.08407153329412809,-0.007775009032955291,-7.0663351398950365,-5.198946952819824,-0.625,0.14314405649109035,3.0,0.22678162697973436,0.1614820714644577,0.4676847406135087,208,1400,3,-22.548062598221478,dumbbell,3,0,B,plain
-0.11841575375178998,-0.10944809873318208,-0.02477625859121784,-7.073414929389433,-5.3531951904296875,-0.9375,0.05862249804730221,2.0,0.2626901491632272,0.18699347980137127,0.4571087567216278,362,1400,3,-19.225024550522377,dumbbell,3,0,B,plain
0.009019196809933398,-0.02527874159778239,0.00404510926826643,-7.054234571879917,-5.253337860107422,-0.1875,0.17775879407311035,3.0,0.252573977811767,0.19713654603997718,0.4786298927634145,1088,1400,3,-11.762262800203482,dumbbell,3,0,B,plain
-0.0010711469598628487,-0.01645238725397937,-0.014874035999991887,-7.061556662972935,-5.251893520355225,-0.0625,0.20048333882221986,3.0,0.24695834133475628,0.1880497245717893,0.4913054738819755,915,1400,3,-3.5550526795521264,dumbbell,3,0,B,plain
-0.05085880485460006,-0.01659523830229423,0.01605991533845932,-7.0689535162519155,-5.361759662628174,-0.4375,0.17929285759211347,3.0,0.24035840347720724,0.18719726128554626,0.4766695052366393,361,1400,3,2.5102588071524714,dumbbell,3,0,B,plain
-0.012252400201484725,0.0015819956102008142,0.005456464472938018,-6.966674719292126,-5.098045349121094,-0.0,0.4907361898980068,3.0,0.22889224748616338,0.16717585471036117,0.4991069705343639,405,1400,3,6.159382675542515,dumbbell,3,0,B,plain
-0.03619189571003316,0.0017762398600532617,0.001939606055742997,-6.949831839836055,-4.914921283721924,-0.0,0.503471627274712,3.0,0.21046360681323423,0.16563412268429478,0.5179347118712417,919,1400,3,6.605360713324066,dumbbell,3,0,B,plain
-0.040438780602353,-0.027776483272999603,-0.007711188167913267,-7.043523911791053,-5.213611602783203,-0.125,0.20144678565531057,3.0,0.23406179613358577,0.1689012796824627,0.4732904240973141,1107,1400,3,7.3857094587224115,dumbbell,3,0,B,plain
0.006857386666102504,-0.009757463540759228,0.019901902442479576,-6.964306879077492,-5.141627311706543,-0.0,0.4790677351793436,3.0,0.23980861734729117,0.17227241600009374,0.48168806382469553,661,1400,3,8.355744883799076,dumbbell,3,0,B,plain
0.0002046756956067499,0.013370111475310378,0.010696973198420341,-6.953031503170296,-4.83809757232666,-0.0,0.43844960090816987,3.0,0.2099616147772207,0.1764501235219032,0.5303048123718214,397,1400,3,9.178669145217661,dumbbell,3,0,B,plain
0.007537030343024882,0.022670175946693055,0.023524712859490284,-6.97861219774347,-5.033438205718994,-0.0,0.4531873311406166,3.0,0.22688844743461228,0.18617250786293738,0.4873323745272834,460,1400,3,10.291751725325792,dumbbell,3,0,B,plain
0.018549882619407137,0.0281364791554716,0.01681137307415922,-6.969587008540582,-4.914545059204102,-0.0,0.4700806590009402,3.0,0.2222521508150289,0.19398393066723452,0.5092177831746878,964,1400,3,11.41168825762969,dumbbell,3,0,B,plain
0.0007557024972399294,0.02545222176468977,0.00833918620584971,-6.9710271762938785,-4.868762016296387,-0.0,0.3584178460606018,3.0,0.21227202298220732,0.17330493225706503,0.5146551058900615,319,1400,3,12.373259461365768,dumbbell,3,0,B,plain
0.03113763980819079,0.038882448071434685,0.013657616998714707,-6.959670667493976,-4.740705490112305,-0.0,0.23405039928425136,3.0,0.2265295273485941,0.18125336401178985,0.5292525956259435,1323,1400,3,13.292811739534624,dumbbell,3,0,B,plain
0.022917759246264376,0.029433824174102573,-0.007559502549190142,-6.951183770416783,-4.577376365661621,-0.0,0.40399156163699246,3.0,0.17692072602554812,0.16310555577268862,0.5286112231565165,185,1400,3,14.409416562572522,dumbbell,3,0,B,plain
-0.004586339741005799,0.007286537058030625,0.014208602082563889,-7.040574103006531,-5.12077522277832,-0.0625,0.35755575275597185,3.0,0.23468595570395628,0.19151198040020148,0.5091284179819431,1222,1400,3,15.33757314504347,dumbbell,3,0,B,plain
0.011389554958377287,0.03106154959338308,0.02034514121898883,-6.970375025366706,-4.868513584136963,-0.0,0.38425316339161925,3.0,0.2230893466308638,0.17381120946929185,0.5135732549228433,190,1400,3,16.176736933411025,dumbbell,3,0,B,plain
0.03560512375347691,-0.01054242719861903,0.005307279093378248,-6.994316178904643,-4.680089950561523,-0.0,0.28163825150575866,3.0,0.21267191967314814,0.19046844044897354,0.5563742916241436,975,1400,3,17.079064983670342,dumbbell,3,0,B,plain
0.02180771970051483,0.026455490122632017,-0.03179275284812251,-7.009546378497187,-5.012600898742676,-0.0625,0.12234268203137329,3.0,0.23635548236515716,0.17928893064633875,0.4999973657548456,1375,1400,3,17.851715608550524,dumbbell,3,0,B,plain
0.02703638624396006,0.03192991777344735,0.017334919284523107,-6.99324853034704,-5.028310775756836,-0.0625,0.22198486150495625,3.0,0.2280785317137874,0.15473257435504145,0.500394189715694,327,1400,3,18.427504263358866,dumbbell,3,0,B,plain
0.00584905921755844,0.034733173728843,0.016401443700593914,-6.982852653830173,-4.799951076507568,-0.0625,0.3618103313186107,3.0,0.21318070946195417,0.1848947011175915,0.5331084459241046,281,1400,3,18.86173140901876,dumbbell,3,0,B,plain
0.02005927201520148,0.03169842045467741,-0.0066570448791057595,-6.96730519953624,-4.775372505187988,-0.0,0.39114842447678455,3.0,0.2101702466902857,0.18318207956956936,0.5606721572385919,1261,1400,3,19.292051405337936,dumbbell,3,0,B,plain
0.030361636867615966,0.024759706154143094,-0.0013837225759471584,-6.973813564213574,-4.767436981201172,-0.0,0.2473453174119118,3.0,0.2040506557693571,0.19294410873134357,0.5484525945323434,630,1400,3,19.5323352139822,dumbbell,3,0,B,plain
0.033122932359266985,0.01885919937016659,0.005811296447522284,-7.0076685128799046,-5.019463062286377,-0.0625,0.33332267643608193,3.0,0.2216203658821074,0.17797575364684648,0.5086613827971956,356,1400,3,19.59838014117316,dumbbell,3,0,B,plain
-0.05829134702301598,-0.0713348272308263,-0.021459079238917225,-7.059403937892048,-5.123720645904541,-0.6875,0.12285109369242803,3.0,0.22528977138073203,0.17402700786241895,0.4918079487536599,208,1400,3,-22.548062598221478,dumbbell,3,0,B,pca_denoise
-0.10443304811859644,-0.08344090679587664,-0.031207600466524384,-7.072133911973559,-5.317647933959961,-1.0,0.11915839056726647,2.0,0.26644422729837525,0.19976617244541658,0.4754116491386665,362,1400,3,-19.225024550522377,dumbbell,3,0,B,pca_denoise
0.0010039389148431247,-0.025487029851880484,-0.01703300185590085,-7.043025709073844,-5.2083635330200195,-0.25,0.01714464605386523,3.0,0.25310510276608117,0.20517513576834265,0.49076565141164513,1088,1400,3,-11.762262800203482,dumbbell,3,0,B,pca_denoise
0.009962511986834215,0.009733438369629817,-0.006373593414040734,-7.046702374667937,-5.167866230010986,-0.0625,0.19967894325334146,3.0,0.24334092407986518,0.19452389484754537,0.49825107558016424,915,1400,3,-3.5550526795521264,dumbbell,3,0,B,pca_denoise
-0.04321920871486602,-0.00039548727491631945,0.02345956113431131,-7.057142069432136,-5.318471431732178,-0.375,0.07773347220869019,3.0,0.2382097239928829,0.18858100382527718,0.47624365011384817,361,1400,3,2.5102588071524714,dumbbell,3,0,B,pca_denoise
-0.036500197761507924,-0.004913060449845556,0.004468898583056087,-6.9648918588616775,-5.117476940155029,-0.0,0.43896786733253884,3.0,0.2268637286418963,0.16867998314235752,0.4923449732964606,405,1400,3,6.159382675542515,dumbbell,3,0,B,pca_denoise
-0.05408320788164337,0.0025916785617682773,-0.002515120850013675,-6.948033317738204,-4.9651570320129395,-0.0,0.4589545911735341,3.0,0.21186347157341906,0.16790592718141856,0.50908204445245,919,1400,3,6.605360713324066,dumbbell,3,0,B,pca_denoise
-0.03318523194491775,-0.002775903627055428,0.012243861337114251,-7.028627637208237,-5.1559600830078125,-0.0625,0.45036350094802635,3.0,0.2322953275177099,0.17063792758495705,0.48073615885709675,1107,1400,3,7.3857094587224115,dumbbell,3,0,B,pca_denoise
-0.017774557687004547,0.0012065937501203198,0.01481520091736331,-6.963448308090155,-5.223632335662842,-0.0,0.45727075053537247,3.0,0.2403260015772532,0.16947338649604812,0.45294737167595256,661,1400,3,8.355744883799076,dumbbell,3,0,B,pca_denoise
0.01028330882599952,0.016358653226619987,0.008426968385476043,-6.951189593217281,-4.903679370880127,-0.0,0.4877625663757127,3.0,0.209386592934309,0.1673517287741753,0.5165202497367618,397,1400,3,9.178669145217661,dumbbell,3,0,B,pca_denoise
0.011994528392235713,0.02072201661511848,0.03886119130377666,-6.972857428373599,-5.077737808227539,-0.0,0.3846827936481483,3.0,0.22515300197325816,0.1788446899059732,0.4782153363511621,460,1400,3,10.291751725325792,dumbbell,3,0,B,pca_denoise
0.019458333670542415,0.02499281742971897,0.02877670449214778,-6.96267821534105,-4.9591875076293945,-0.0,0.46999733680716815,3.0,0.21950789419993938,0.17855190804146068,0.4874892415857728,964,1400,3,11.41168825762969,dumbbell,3,0,B,pca_denoise
0.014936635732069327,0.015193271498749212,0.019213941476174397,-6.961045392092547,-4.8797173500061035,-0.0,0.38047317925433366,3.0,0.20622747077900733,0.1573117692784466,0.5028827803809254,319,1400,3,12.373259461365768,dumbbell,3,0,B,pca_denoise
0.046128689289876894,0.03539489044689879,0.017319799446120228,-6.958188025968393,-4.81056022644043,-0.0,0.46552591796403214,3.0,0.22378257694225237,0.1761661962686911,0.5231626989859769,1323,1400,3,13.292811739534624,dumbbell,3,0,B,pca_denoise
0.022060508796017144,0.03083379558729447,0.006877459859375547,-6.951660776703614,-4.669614315032959,-0.0,0.4685096938237585,3.0,0.17709413929233675,0.1554547541107921,0.5054218021490782,185,1400,3,14.409416562572522,dumbbell,3,0,B,pca_denoise
-0.008091607866341614,0.003854052978380754,0.04041589560300599,-7.0265348089791235,-5.100696086883545,-0.0625,0.07636881425938909,3.0,0.22969916237431537,0.18192480634308641,0.49517274756095125,1222,1400,3,15.33757314504347,dumbbell,3,0,B,pca_denoise
0.012448809255463161,0.026116805738666822,0.022398359001634265,-6.961923083103819,-4.902565956115723,-0.0,0.3614681185128109,3.0,0.21826400558009118,0.16018322150385528,0.49684520882256844,190,1400,3,16.176736933411025,dumbbell,3,0,B,pca_denoise
0.05697916875563234,0.008333430096704937,-0.006412616505288228,-6.990343350374552,-4.753565311431885,-0.0,0.4831130437162575,3.0,0.2112328086847654,0.1796442556924273,0.5404857871792208,975,1400,3,17.079064983670342,dumbbell,3,0,B,pca_denoise
-0.0012271122779891905,0.021484192941936785,0.0007758904876241819,-6.994485061514419,-4.968621253967285,-0.0625,0.28425821551751596,3.0,0.2241083541405484,0.1689693991057696,0.4917197287245464,1375,1400,3,17.851715608550524,dumbbell,3,0,B,pca_denoise
0.014434457357908572,0.02102377464780972,0.02611886936064469,-6.983632977321188,-5.029811859130859,-0.0,0.23378702368080145,3.0,0.22303095567770356,0.15034219603229115,0.48047394095402823,327,1400,3,18.427504263358866,dumbbell,3,0,B,pca_denoise
-0.012177333392640368,0.028904824057530136,0.0032361633077387358,-6.975934826671052,-4.868459701538086,-0.0,0.27756192797939855,3.0,0.20537827862823255,0.17593861769791289,0.5050207395263955,281,1400,3,18.86173140901876,dumbbell,3,0,B,pca_denoise
0.018700669989633996,0.01448680706768551,0.0025073939358548833,-6.959773495543674,-4.816944122314453,-0.0,0.3137357602496818,3.0,0.20606034652976718,0.17614955243227345,0.5363160411722376,1261,1400,3,19.292051405337936,dumbbell,3,0,B,pca_denoise
0.009603768178796388,0.01034297402705986,-0.009892477325814098,-6.96328407087487,-4.806182384490967,-0.0,0.41364329100729913,3.0,0.20238243570527437,0.18021829706517256,0.5283248090915456,630,1400,3,19.5323352139822,dumbbell,3,0,B,pca_denoise
0.03573880872590099,0.013145259194321596,-0.00013812307981925231,-6.993424670592409,-5.0108561515808105,-0.0,0.42053098079480083,3.0,0.21682080294959197,0.1639295243880065,0.4999640650891327,356,1400,3,19.59838014117316,dumbbell,3,0,B,pca_denoise
-0.141198676110549,-0.17441043403977613,0.018977490374464258,-7.136502340031613,-4.546547889709473,-0.9375,0.17004089798038297,3.0,0.22674190393140192,0.2982269367658354,0.5869416147099227,208,1400,3,-22.548062598221478,dumbbell,3,0,B,diffdist_t4
-0.11717115263448244,-0.1827959356701413,-0.022694167564175978,-7.130961240481415,-4.806394100189209,-0.9375,0.38612611639884586,3.0,0.28376689031614616,0.2963628084454847,0.5879046922249132,362,1400,3,-19.225024550522377,dumbbell,3,0,B,diffdist_t4
-0.07368782362542878,-0.12631408535086086,0.05190648434687123,-7.112705086335598,-4.920556545257568,-0.6875,-0.03601338098395762,3.0,0.2778331526483587,0.3197054283537286,0.5334674339823461,1088,1400,3,-11.762262800203482,dumbbell,3,0,B,diffdist_t4
-0.08052323707368927,-0.133679367937245,0.02919594905775181,-7.103733786746601,-4.748281478881836,-0.0625,0.1461520218965389,3.0,0.26546992476916953,0.25763375275723344,0.5536185874991558,915,1400,3,-3.5550526795521264,dumbbell,3,0,B,diffdist_t4
-0.07270503831010885,-0.10189963790228336,0.05331795155587872,-7.105035997272387,-4.821213722229004,-0.375,-0.16660654859905674,3.0,0.23816331799780832,0.3014598829462285,0.5202949131433076,361,1400,3,2.5102588071524714,dumbbell,3,0,B,diffdist_t4
-0.05579655204330812,-0.0962174044731197,0.025188175772253733,-7.0659154425118675,-4.697500705718994,-0.0,0.4645480444641105,3.0,0.2581942456884586,0.27699811334493946,0.5620385708937446,405,1400,3,6.159382675542515,dumbbell,3,0,B,diffdist_t4
-0.0832667239348419,-0.12655036600344,0.04236423211632398,-7.040049989516298,-4.595828056335449,-0.0,0.5459283141181717,3.0,0.22757923999243215,0.23865567616106573,0.5703803039269209,919,1400,3,6.605360713324066,dumbbell,3,0,B,diffdist_t4
-0.063423211298676,-0.10650437450116255,0.04259441690965936,-7.078546939374824,-4.806817054748535,-0.0625,0.15510524333170767,3.0,0.2567317249088731,0.2546844463723107,0.548279869722895,1107,1400,3,7.3857094587224115,dumbbell,3,0,B,diffdist_t4
-0.06620687492303859,-0.10655483591638591,0.07084259238061169,-7.041771309437055,-4.976499080657959,-0.0,0.4249692118258127,3.0,0.2709296863386072,0.23267966939855195,0.5200592191163387,661,1400,3,8.355744883799076,dumbbell,3,0,B,diffdist_t4
-0.06576801764427812,-0.1473453036686476,0.05050077687242806,-7.026890667744299,-4.525154113769531,-0.0,0.5071906586984818,3.0,0.22840309725102761,0.250715866164227,0.5914844609145947,397,1400,3,9.178669145217661,dumbbell,3,0,B,diffdist_t4
-0.09160236791743163,-0.13772703578791629,0.038075589772500355,-7.036373095384626,-4.6085124015808105,-0.0,0.3047040438146973,4.0,0.22602002550057498,0.22750173158885095,0.5667560185217285,460,1400,3,10.291751725325792,dumbbell,3,0,B,diffdist_t4
-0.0803108595717968,-0.146996713488627,0.04948456862977096,-7.024825137655199,-4.582852363586426,-0.0,0.47480748884842217,4.0,0.2293955964915192,0.23482105051396662,0.5689711034199908,964,1400,3,11.41168825762969,dumbbell,3,0,B,diffdist_t4
-0.08951947495614263,-0.11604423517069548,0.045192493160628316,-7.0334645283980555,-4.442681312561035,-0.0,0.13999254540024414,4.0,0.2194601855840711,0.2224389961190339,0.5737460269149637,319,1400,3,12.373259461365768,dumbbell,3,0,B,diffdist_t4
-0.1137827230184447,-0.14294376338615722,0.027609219526047113,-7.010313173843506,-4.266116619110107,-0.0,0.3373504952040148,4.0,0.21524790855989817,0.19335610005367115,0.590346254689768,1323,1400,3,13.292811739534624,dumbbell,3,0,B,diffdist_t4
-0.1749287417942168,-0.20197842910450672,0.03267079037542736,-6.974293536666165,-4.010638236999512,-0.0,0.46636759813302076,4.0,0.17485161218688564,0.1860611307608721,0.6472545961752563,185,1400,3,14.409416562572522,dumbbell,3,0,B,diffdist_t4
-0.07438343422500225,-0.1086651987285582,0.01802577399913058,-7.082862502031825,-4.843515396118164,-0.0,0.36007181513202147,3.0,0.25395433458024763,0.2763250228473849,0.5456924250022396,1222,1400,3,15.33757314504347,dumbbell,3,0,B,diffdist_t4
-0.13087707311909016,-0.17176409353842734,0.04950877974997796,-7.005433121270905,-4.371962547302246,-0.0,0.44314115603457005,4.0,0.2286238184559636,0.1995428432888108,0.6175818779474803,190,1400,3,16.176736933411025,dumbbell,3,0,B,diffdist_t4
-0.07729497835672575,-0.14056894253535437,0.03236344960407317,-7.054412481528328,-4.5460405349731445,-0.0,0.29743716148773025,3.0,0.2464934054521718,0.2533324157117392,0.5772827165788265,975,1400,3,17.079064983670342,dumbbell,3,0,B,diffdist_t4
-0.09226129132998775,-0.13696375971365538,0.01138195195863425,-7.0400003797094515,-4.458755970001221,-0.0,0.12048548963877628,4.0,0.24366100001874502,0.22027090808369085,0.5738971611308866,1375,1400,3,17.851715608550524,dumbbell,3,0,B,diffdist_t4
-0.06397099741645149,-0.12837410554582393,0.056503857963350515,-7.026819810799175,-4.623426914215088,-0.0,0.29847978327821734,9.0,0.24225404876452472,0.2282722791477462,0.5935885732534706,327,1400,3,18.427504263358866,dumbbell,3,0,B,diffdist_t4
-0.12217803651004946,-0.12672732510127083,0.03087038085291175,-7.03147181778532,-4.38224458694458,-0.0,0.27194524896514216,4.0,0.22428717326082145,0.2260704802591035,0.5835170625231092,281,1400,3,18.86173140901876,dumbbell,3,0,B,diffdist_t4
-0.06333905398808258,-0.13593756051452738,0.07254658265637287,-7.043756102952352,-4.601530075073242,-0.0,0.36332709135775887,9.0,0.22339111558838376,0.22968399189497984,0.5558312691675517,1261,1400,3,19.292051405337936,dumbbell,3,0,B,diffdist_t4
-0.06789661630075267,-0.13996399501067172,0.056244587423907026,-7.045325368042631,-4.5992841720581055,-0.0,0.24020623404421126,9.0,0.2173334419468777,0.22626921768483313,0.552308589231196,630,1400,3,19.5323352139822,dumbbell,3,0,B,diffdist_t4
-0.08642516604675862,-0.14856154574318045,0.05304885696637575,-7.0606528939172115,-4.601040840148926,-0.0,0.13324855683551926,3.0,0.23042374953883382,0.2533889605702947,0.5804310287805248,356,1400,3,19.59838014117316,dumbbell,3,0,B,diffdist_t4
-0.05957889680982392,-0.0944627607253508,0.0014541578850464556,-7.121391633550136,-3.9421825408935547,-0.9375,0.15426188948187453,6.0,0.182255272108575,0.30663845205162554,0.6191852531586827,208,1400,3,-22.548062598221478,dumbbell,3,0,B,diffdist_t8
-0.0595322309167095,-0.10674196293114602,0.005545448715247805,-7.11478901051361,-4.27308988571167,-0.875,0.3122052065684671,3.0,0.2142081464123646,0.31640144599231124,0.5905424756780979,362,1400,3,-19.225024550522377,dumbbell,3,0,B,diffdist_t8
-0.04337754816248049,-0.060572507391665927,0.03725095518112957,-7.059385233022169,-4.770049095153809,-0.5,0.19035524453495567,4.0,0.24608996155276838,0.2667448338340141,0.5089770046881922,1088,1400,3,-11.762262800203482,dumbbell,3,0,B,diffdist_t8
-0.03953766035549496,-0.06397384237809911,0.007097974958386568,-7.057818507606217,-4.53090238571167,-0.0625,0.3713513871458107,4.0,0.22630545559512338,0.2284330791215887,0.5342509057282461,915,1400,3,-3.5550526795521264,dumbbell,3,0,B,diffdist_t8
-0.030519747833510733,-0.037468090039361406,0.044553125138700564,-7.051902910599361,-4.558065414428711,-0.125,0.5214598533900241,3.0,0.20095378543905984,0.2859680304471123,0.5102784316054111,361,1400,3,2.5102588071524714,dumbbell,3,0,B,diffdist_t8
-0.017254512898635697,-0.02863517343155662,0.015508558321843814,-6.986334055003964,-5.176496505737305,-0.0,0.482481131435047,3.0,0.24917229843947364,0.23329632432436942,0.4619147752123265,405,1400,3,6.159382675542515,dumbbell,3,0,B,diffdist_t8
-0.033921223803074343,-0.041061750917464966,0.03169331474144185,-6.957985309759453,-5.052759170532227,-0.0,0.5129469677778264,4.0,0.21310257545958786,0.18063789274476014,0.4596951866653284,919,1400,3,6.605360713324066,dumbbell,3,0,B,diffdist_t8
-0.026922643935931686,-0.05116865485296902,0.038303549951397696,-7.023504026301803,-4.884897232055664,-0.125,0.4948132815580351,3.0,0.23527777827364135,0.2364931813262902,0.4832960453472304,1107,1400,3,7.3857094587224115,dumbbell,3,0,B,diffdist_t8
-0.026431351006100317,-0.049884884105619955,0.046198253285272384,-6.956961525511858,-5.179386615753174,-0.0,0.37562434929911864,4.0,0.23767932597259112,0.17559922689206045,0.423885664628664,661,1400,3,8.355744883799076,dumbbell,3,0,B,diffdist_t8
-0.036188268178699266,-0.06258364451766839,0.04240447585788712,-6.944477117738576,-4.940720558166504,-0.0,0.5055751618231084,4.0,0.2152007467722227,0.18452628947442382,0.4704479948527331,397,1400,3,9.178669145217661,dumbbell,3,0,B,diffdist_t8
-0.03782573487015883,-0.07148700815827504,0.029066811667863797,-6.962846892343537,-4.829056262969971,-0.0,0.48599754747860596,4.0,0.2082902039680841,0.18354002405172284,0.47645507136158793,460,1400,3,10.291751725325792,dumbbell,3,0,B,diffdist_t8
-0.03956153626658852,-0.06550865136117269,0.03119672122584642,-6.956746248580666,-4.8982367515563965,-0.0,0.5435229845023789,4.0,0.2084184975399641,0.188777785382773,0.46896799651087706,964,1400,3,11.41168825762969,dumbbell,3,0,B,diffdist_t8
-0.03627003992641693,-0.04590701177631031,0.03954142933811825,-6.965934731245497,-4.828933238983154,-0.0,0.39015983690558476,4.0,0.20808533066336202,0.1857831723193135,0.47493566501067264,319,1400,3,12.373259461365768,dumbbell,3,0,B,diffdist_t8
-0.04027786086380758,-0.04719033145635384,0.03237261871165786,-6.9492217202512645,-4.69909143447876,-0.0,0.5178820148628864,4.0,0.20306600907017477,0.15861415937106735,0.4741306198580106,1323,1400,3,13.292811739534624,dumbbell,3,0,B,diffdist_t8
-0.08877966321627022,-0.09746139033045535,0.017406611898214082,-6.921096754872147,-4.350169658660889,-0.0,0.4993895953641605,4.0,0.1617235867935596,0.1371337717091428,0.5045958205911908,185,1400,3,14.409416562572522,dumbbell,3,0,B,diffdist_t8
-0.021603846836050485,-0.04352557513900143,0.02412931620376816,-7.0206292172806,-4.8449225425720215,-0.0,0.40872275354919796,3.0,0.22690139715073565,0.23576233178010186,0.48208585188366887,1222,1400,3,15.33757314504347,dumbbell,3,0,B,diffdist_t8
-0.04426870626631246,-0.06952552078677271,0.03402014735891212,-6.948740671220482,-4.748414039611816,-0.0,0.5217305095614808,4.0,0.20344209808594393,0.15200592973079108,0.48582253547794374,190,1400,3,16.176736933411025,dumbbell,3,0,B,diffdist_t8
-0.0266121195847494,-0.05317640489353626,0.02845104925807073,-6.993417360336905,-4.764177322387695,-0.0,0.5461809452996276,3.0,0.22459934239832668,0.2137570573922489,0.4867437780306017,975,1400,3,17.079064983670342,dumbbell,3,0,B,diffdist_t8
-0.04324251707431628,-0.061882181095561546,0.03540878565562855,-6.983059842318144,-4.741805553436279,-0.0,0.5254800458551958,4.0,0.23629678685216943,0.20577232810018312,0.48970914510654967,1375,1400,3,17.851715608550524,dumbbell,3,0,B,diffdist_t8
-0.02802002304452726,-0.06900443737189911,0.0397476754141705,-6.966281306327895,-4.808330059051514,-0.0,0.526202206449321,4.0,0.22172314882217584,0.19760328059172352,0.5030330470983818,327,1400,3,18.427504263358866,dumbbell,3,0,B,diffdist_t8
-0.050231234867053734,-0.048514738138202736,0.01820441039611087,-6.973371601661897,-4.6241984367370605,-0.0,0.4280918586022632,4.0,0.21101079955713392,0.18907376826381628,0.49366838819376113,281,1400,3,18.86173140901876,dumbbell,3,0,B,diffdist_t8
-0.03014614143618113,-0.05800672783442502,0.06216564707114123,-6.972930046822394,-5.000852584838867,-0.0,0.5198170016965759,4.0,0.21826165965944622,0.19292120955800288,0.4576268321924093,1261,1400,3,19.292051405337936,dumbbell,3,0,B,diffdist_t8
-0.03191480364523951,-0.058290382625617344,0.054761691581253456,-6.976135126522587,-4.990954399108887,-0.0,0.5206685058654724,4.0,0.21523123244358144,0.19540784053279658,0.4521570506601037,630,1400,3,19.5323352139822,dumbbell,3,0,B,diffdist_t8
-0.025507741013776106,-0.05353145986874499,0.03952646434853739,-6.99178713855682,-4.841851711273193,-0.0,0.4545966288704236,3.0,0.21348832095554132,0.20466066439284103,0.49430946174894475,356,1400,3,19.59838014117316,dumbbell,3,0,B,diffdist_t8
-4.260943127552431,-3.6614022147464547,1.1418212242562953e-05,-7.15823076231831,-0.0003198169288225472,-0.0,0.9991925083755868,3.0,7.665793399015593e-06,0.7574942565007782,0.8204553326400683,208,1400,3,-22.548062598221478,dumbbell,3,0,B,heatgeo_t
-4.044303029273644,-3.530168238336008,1.125136808359517e-05,-7.158243390625586,-0.00029499808442778885,-0.0,0.9990543075450766,3.0,7.02463156498574e-06,0.7616633781865579,0.8208801121339558,362,1400,3,-19.225024550522377,dumbbell,3,0,B,heatgeo_t
-3.9519335724416833,-3.4631697448454997,1.0652153025592082e-05,-7.158244430336459,-0.0002734453009907156,-0.0,0.9979588499978923,3.0,6.4566831160027864e-06,0.7683061452844252,0.814810882825063,1088,1400,3,-11.762262800203482,dumbbell,3,0,B,heatgeo_t
-4.169833031481452,-3.487924448087693,1.1181930873280232e-05,-7.158230731283332,-0.00029622172587551177,-0.0,0.99779219248883,3.0,7.03309356588672e-06,0.7648530276870273,0.8169974815871754,915,1400,3,-3.5550526795521264,dumbbell,3,0,B,heatgeo_t
-3.746099871944506,-3.2673923143813686,1.0465338981961725e-05,-7.158222462244345,-0.00028809314244426787,-0.0,0.9991105226396884,3.0,6.837890454005994e-06,0.7621254286820262,0.8187939516157053,361,1400,3,2.5102588071524714,dumbbell,3,0,B,heatgeo_t
-3.920467348360372,-3.1693283281236715,1.2543644206219895e-05,-7.158119660737697,-0.0003633106534834951,-0.0,0.998703812146379,3.0,8.780206096556439e-06,0.7493136243243599,0.8288370642353596,405,1400,3,6.159382675542515,dumbbell,3,0,B,heatgeo_t
-4.379557903784134,-3.470735558206167,1.3612533031767682e-05,-7.158110375934561,-0.0003907779464498162,-0.0,0.9988700115460669,3.0,9.495176137871005e-06,0.7489943598121687,0.8294149993186576,919,1400,3,6.605360713324066,dumbbell,3,0,B,heatgeo_t
-4.302225059440537,-3.6269905127720015,1.2179245057600263e-05,-7.1582036115146845,-0.0003380783600732684,-0.0,0.9982475991366864,3.0,8.126786300908964e-06,0.758450641035449,0.8232243728102744,1107,1400,3,7.3857094587224115,dumbbell,3,0,B,heatgeo_t
-4.267225349780193,-3.5422982783261534,1.3013509911910526e-05,-7.1581196157691025,-0.0003679308283608407,-0.0,0.9978094873528978,3.0,8.856660456853027e-06,0.753480158124105,0.8213843615991303,661,1400,3,8.355744883799076,dumbbell,3,0,B,heatgeo_t
-4.365589355484388,-3.476410983604311,1.4013758528469422e-05,-7.158124900368185,-0.00039471848867833614,-0.0,0.9977973886724113,3.0,9.59714420168034e-06,0.7474126396538712,0.8309429192968417,397,1400,3,9.178669145217661,dumbbell,3,0,B,heatgeo_t
-4.346310304040179,-3.4808275576794374,1.3121106947712458e-05,-7.158143992962453,-0.0003632322186604142,-0.0,0.9984423101845704,3.0,8.718842746988116e-06,0.7564513495980522,0.8230469587196265,460,1400,3,10.291751725325792,dumbbell,3,0,B,heatgeo_t
-4.183272501030835,-3.6954968604432534,1.393279462523489e-05,-7.158148573327862,-0.0003849597414955497,-0.0,0.9985507585246625,3.0,9.269607493075232e-06,0.7554556641910309,0.8213205107057165,964,1400,3,11.41168825762969,dumbbell,3,0,B,heatgeo_t
-4.346703603395079,-3.459202209336833,1.3746190023367078e-05,-7.158132009352781,-0.00039278544136323035,-0.0,0.9979646506590432,3.0,9.512011141999273e-06,0.7497040673923061,0.8279611728515551,319,1400,3,12.373259461365768,dumbbell,3,0,B,heatgeo_t
-4.368696695156531,-3.5792572018488715,1.4272043910794341e-05,-7.158135719638031,-0.0003963529597967863,-0.0,0.9984499153948965,3.0,9.62926534415916e-06,0.7484524376846114,0.8302488727315103,1323,1400,3,13.292811739534624,dumbbell,3,0,B,heatgeo_t
-4.464384957201099,-3.8192357466214117,1.5321868074950895e-05,-7.158122482376562,-0.00043582465150393546,-0.0,0.9979833600287928,3.0,1.0688261389387565e-05,0.7446472850197862,0.8336272521811469,185,1400,3,14.409416562572522,dumbbell,3,0,B,heatgeo_t
-3.990139410885723,-3.3564537122535087,1.1841502938252091e-05,-7.158207211961993,-0.00032530102180317044,-0.0,0.9991973663284255,3.0,7.763989258422241e-06,0.760012978273552,0.8177073270459183,1222,1400,3,15.33757314504347,dumbbell,3,0,B,heatgeo_t
-4.3051298240681595,-3.7054135152231567,1.4650410554865878e-05,-7.158138477308968,-0.000413199100876227,-0.0,0.9988140913332522,3.0,1.0034306173603515e-05,0.7457038776421852,0.8268449882032561,190,1400,3,16.176736933411025,dumbbell,3,0,B,heatgeo_t
-4.271046983358009,-3.3999695725873473,1.2989793245522796e-05,-7.158195860945557,-0.0003567136882338673,-0.0,0.9989770905507509,3.0,8.609567977064337e-06,0.7543403612835132,0.82638724669727,975,1400,3,17.079064983670342,dumbbell,3,0,B,heatgeo_t
-4.4130398314712895,-3.4192850766859837,1.2989197124536889e-05,-7.1581840733369795,-0.00035307902726344764,-0.0,0.998676278028146,3.0,8.51501345166717e-06,0.7556162765931068,0.8271014511209348,1375,1400,3,17.851715608550524,dumbbell,3,0,B,heatgeo_t
-4.376078326003905,-3.7665115552377135,1.363057798415418e-05,-7.158160901324767,-0.0003959100868087262,-0.0,0.9987638523449682,3.0,9.597475242707966e-06,0.748467735066757,0.8342172732394296,327,1400,3,18.427504263358866,dumbbell,3,0,B,heatgeo_t
-4.294491095562723,-3.432340686524552,1.3905533189410846e-05,-7.15816405627592,-0.00039145350456237793,-0.0,0.9977255155932585,3.0,9.504815821416416e-06,0.7505968357336312,0.8290712045641229,281,1400,3,18.86173140901876,dumbbell,3,0,B,heatgeo_t
-4.462417220861528,-3.522710904497452,1.3334347251078849e-05,-7.158163979887325,-0.00037718695239163935,-0.0,0.9989839440292752,3.0,9.1519122096106e-06,0.7501508460319433,0.8320979227630445,1261,1400,3,19.292051405337936,dumbbell,3,0,B,heatgeo_t
-4.42975326628695,-3.480029479959094,1.3094307776288783e-05,-7.158177943726566,-0.0003637778863776475,-0.0,0.9970600767789453,3.0,8.797468381807349e-06,0.7545463937813964,0.8279887410319617,630,1400,3,19.5323352139822,dumbbell,3,0,B,heatgeo_t
-4.35854898799285,-3.5389658690895716,1.3502497715853212e-05,-7.158168616340031,-0.00038355521974153817,-0.0,0.9987649848726822,3.0,9.289187229388286e-06,0.7507489857445642,0.8304589979165196,356,1400,3,19.59838014117316,dumbbell,3,0,B,heatgeo_t
-3.8288295271887853,-3.2410349636331106,2.041574103435473e-05,-7.158224999900964,-0.0005865873536095023,-0.0,0.9999986212911409,3.0,1.4225996282983104e-05,0.7361376787619501,0.805606049471294,208,1400,3,-22.548062598221478,dumbbell,3,0,B,heatgeo_4t
-3.6233576437615094,-3.1214740272979635,2.01214612995243e-05,-7.158237962805314,-0.0005342289805412292,-0.0,0.9999987556574084,3.0,1.285352512585923e-05,0.7407584709005123,0.8060879594370918,362,1400,3,-19.225024550522377,dumbbell,3,0,B,heatgeo_4t
-3.540657874178285,-3.0601382644968362,1.8785880563691737e-05,-7.158239142637139,-0.0004842309863306582,-0.0,0.9989958588597325,3.0,1.1540829029818506e-05,0.7481268032217054,0.7994118606469602,1088,1400,3,-11.762262800203482,dumbbell,3,0,B,heatgeo_4t
-3.740312130757284,-3.0810259774795536,1.9831014030753658e-05,-7.158225302972349,-0.0005302876816131175,-0.0,0.9994567385651544,3.0,1.2722753886440716e-05,0.7442964751176107,0.8018224878097041,915,1400,3,-3.5550526795521264,dumbbell,3,0,B,heatgeo_4t
-3.350072639906908,-2.8847974169822947,1.8330290760960877e-05,-7.158216477102993,-0.0005115754902362823,-0.0,0.9993504648555356,3.0,1.2279357410164052e-05,0.7412779503722376,0.8037968519858341,361,1400,3,2.5102588071524714,dumbbell,3,0,B,heatgeo_4t
-3.5056690074704018,-2.791384378178234,2.256168019790228e-05,-7.158103904020313,-0.0006690156878903508,-0.0,0.9962873122221003,3.0,1.6398986442864155e-05,0.7270516179274558,0.8147922973311988,405,1400,3,6.159382675542515,dumbbell,3,0,B,heatgeo_4t
-3.9309692945494668,-3.061522725797248,2.4780347630884436e-05,-7.158095296303436,-0.0007314963731914759,-0.0,0.999998196360037,3.0,1.8049589791903673e-05,0.7266921275517777,0.815433069965738,919,1400,3,6.605360713324066,dumbbell,3,0,B,heatgeo_4t
-3.8612660832027,-3.2056604157322224,2.1999113518904323e-05,-7.158197044406732,-0.000623046129476279,-0.0,0.9984124887439314,3.0,1.5166541400635205e-05,0.7371937227444724,0.8086574712491074,1107,1400,3,7.3857094587224115,dumbbell,3,0,B,heatgeo_4t
-3.825214775769765,-3.1235006516031154,2.3307841303450705e-05,-7.158106202053446,-0.0006727184518240392,-0.0,0.9999982555139645,3.0,1.6418825718339638e-05,0.7316783465146889,0.8065975224018305,661,1400,3,8.355744883799076,dumbbell,3,0,B,heatgeo_4t
-3.9148287193539693,-3.067958825256916,2.5657850253324455e-05,-7.158111199497749,-0.0007366387872025371,-0.0,0.9995955627021071,3.0,1.818970674852207e-05,0.724931003419127,0.8170927563811259,397,1400,3,9.178669145217661,dumbbell,3,0,B,heatgeo_4t
-3.8987117582228508,-3.0713437455935115,2.3368815694792267e-05,-7.158131653365787,-0.0006513213738799095,-0.0,0.9960926366253657,3.0,1.5852242614600857e-05,0.734974842797405,0.80843879642586,460,1400,3,10.291751725325792,dumbbell,3,0,B,heatgeo_4t
-3.7459367376895347,-3.2606418789372507,2.512172765307963e-05,-7.158137066842693,-0.0007009120308794081,-0.0,0.9999989370111344,3.0,1.7115041401931337e-05,0.7338653396621256,0.8065421003425973,964,1400,3,11.41168825762969,dumbbell,3,0,B,heatgeo_4t
-3.899620053791198,-3.0494175223906943,2.4898160401992664e-05,-7.158119565388883,-0.0007266484317369759,-0.0,0.9957253491477764,3.0,1.786762806368804e-05,0.727482482599402,0.813818409000313,319,1400,3,12.373259461365768,dumbbell,3,0,B,heatgeo_4t
-3.9183881592814647,-3.1589170560110933,2.6165827208386727e-05,-7.158123575624179,-0.000742133182939142,-0.0,0.9999991233280712,3.0,1.829132432599119e-05,0.7260869818326745,0.816326741164248,1323,1400,3,13.292811739534624,dumbbell,3,0,B,heatgeo_4t
-4.007999383696511,-3.3749882333391747,2.8374028881016783e-05,-7.158109474901883,-0.0008225535275414586,-0.0,0.9999983183413744,3.0,2.0549382115290123e-05,0.7218541427716872,0.8200335770995142,185,1400,3,14.409416562572522,dumbbell,3,0,B,heatgeo_4t
-3.5714126829200246,-2.9589370406438436,2.101466657909029e-05,-7.15820042446258,-0.0005839309887960553,-0.0,0.9981541303926018,3.0,1.4104526649436523e-05,0.7389362341722618,0.8025866204337069,1222,1400,3,15.33757314504347,dumbbell,3,0,B,heatgeo_4t
-3.858700903272904,-3.270549321351282,2.6763507363858352e-05,-7.158126449100472,-0.0007688156911171973,-0.0,0.9999991112710684,3.0,1.8969913825307682e-05,0.7230314828823008,0.8125903615932517,190,1400,3,16.176736933411025,dumbbell,3,0,B,heatgeo_4t
-3.828267948280121,-3.0148164599132246,2.359283846101179e-05,-7.158187836404268,-0.0006609110860154033,-0.0,0.9995920993242451,3.0,1.6158961650998734e-05,0.7326312584135527,0.8120939170684676,975,1400,3,17.079064983670342,dumbbell,3,0,B,heatgeo_4t
-3.9625669431803887,-3.0205104739833866,2.3511957887092927e-05,-7.158176029835705,-0.0006481197779066861,-0.0,0.9999989123030208,3.0,1.584630134213428e-05,0.7340524978641919,0.812874326122977,1375,1400,3,17.851715608550524,dumbbell,3,0,B,heatgeo_4t
-3.9257835601227935,-3.3274136595619197,2.458930944077009e-05,-7.1581515641897315,-0.000727447506505996,-0.0,0.9999990019768676,3.0,1.7922667041865755e-05,0.7261101115146997,0.8206706737611041,327,1400,3,18.427504263358866,dumbbell,3,0,B,heatgeo_4t
-3.852132494475913,-3.0278166862097113,2.538178717020889e-05,-7.158154571758438,-0.0007268065819516778,-0.0,0.9999984330784881,3.0,1.792824223517836e-05,0.7284718322427675,0.8150496674531861,281,1400,3,18.86173140901876,dumbbell,3,0,B,heatgeo_4t
-4.007188580629485,-3.109635931932138,2.4239417535834584e-05,-7.1581540894078355,-0.000704929931089282,-0.0,0.9991908099971027,3.0,1.735048262692102e-05,0.7279774401508357,0.8183453750570706,1261,1400,3,19.292051405337936,dumbbell,3,0,B,heatgeo_4t
-3.9771385202269407,-3.0716242207498476,2.366923225425449e-05,-7.15816903308886,-0.0006714924238622189,-0.0,0.999595067583966,3.0,1.6478850483232082e-05,0.7328624517895355,0.8138639322417045,630,1400,3,19.5323352139822,dumbbell,3,0,B,heatgeo_4t
-3.9093319157712503,-3.124299251085227,2.4448463635425022e-05,-7.158159277423614,-0.0007104683318175375,-0.0,0.9988006527347413,3.0,1.7459284316635255e-05,0.7286428023076265,0.8165768293782554,356,1400,3,19.59838014117316,dumbbell,3,0,B,heatgeo_4t
-0.034833529280828446,-0.020199109919969514,0.0005719630005199114,-6.966257798564776,-4.860116958618164,-0.0625,0.1592628726354975,2.0,0.21259891577239068,0.15924583674186127,0.521244847901474,208,1400,3,-22.548062598221478,dumbbell,3,0,B,fb_potential
-0.015811549176126625,-0.017860908651060225,0.007673105509470347,-6.996109517168877,-5.113551139831543,-0.0625,0.21035613200692538,3.0,0.2505251751416887,0.17311332628174378,0.4869683746755976,362,1400,3,-19.225024550522377,dumbbell,3,0,B,fb_potential
-0.05216148316491788,-0.029270671046551244,-0.0054993655726139,-7.012354844858376,-5.118727684020996,-0.9375,0.2632887846546847,1.0,0.26112493119967994,0.2049601458514195,0.5216331402587605,1088,1400,3,-11.762262800203482,dumbbell,3,0,B,fb_potential
-0.024361354848239973,-0.02420583028590863,0.019633033544927285,-6.9906120683681845,-5.1537089347839355,-0.0625,0.14881763703358125,2.0,0.23690561647813446,0.15615074411726684,0.45193146408428736,915,1400,3,-3.5550526795521264,dumbbell,3,0,B,fb_potential
-0.02861777786047076,-0.03871228738491327,0.01347645567026497,-7.001345213286951,-5.2220916748046875,-0.0625,0.0724976073282077,3.0,0.23152791318079485,0.15282141724761006,0.4597610384719533,361,1400,3,2.5102588071524714,dumbbell,3,0,B,fb_potential
-0.006361283059794271,0.0018694198112474659,0.004123064958821494,-6.9981867311764505,-5.323970794677734,-0.125,0.33926345533872326,3.0,0.24298620215164765,0.1631924153565206,0.4571077300148529,405,1400,3,6.159382675542515,dumbbell,3,0,B,fb_potential
-0.06612036166748834,-0.042604262441126715,-0.016853893284681846,-6.9065941524428,-4.8072075843811035,-0.0,0.2985109704267762,3.0,0.20254207682808853,0.15910495303180167,0.49596739597933004,919,1400,3,6.605360713324066,dumbbell,3,0,B,fb_potential
0.01565596913110725,0.029680822116438542,0.004157188266119079,-6.967990570709203,-4.970123291015625,-0.125,0.3437378267278687,2.0,0.22924373303212056,0.15992371961687743,0.5096535400008285,1107,1400,3,7.3857094587224115,dumbbell,3,0,B,fb_potential
-0.05299536323924356,-0.022893037476770517,-0.012649220112899278,-6.922703530478133,-5.1192474365234375,-0.0,0.2964433787060422,3.0,0.22829449378407538,0.1493244501451222,0.44607934537678257,661,1400,3,8.355744883799076,dumbbell,3,0,B,fb_potential
-0.03626400128792065,-0.006455974762802087,0.004889087162341913,-6.899445391735927,-4.753230094909668,-0.0,0.3356991305217183,2.0,0.20520641964801067,0.15503689130962559,0.5309906607440268,397,1400,3,9.178669145217661,dumbbell,3,0,B,fb_potential
-0.018447908135162203,-0.004338011990606286,0.005355014961590297,-6.998623239461558,-5.301201820373535,-0.0625,0.2484826967928807,3.0,0.24029207128174043,0.16429294936171562,0.4351727836115975,460,1400,3,10.291751725325792,dumbbell,3,0,B,fb_potential
-0.02693720584231444,-0.0017621922583892686,0.03030566801712895,-6.922251882912528,-4.923288345336914,-0.0,0.317068742935592,3.0,0.22335530192509268,0.15552780130234148,0.5014987634377442,964,1400,3,11.41168825762969,dumbbell,3,0,B,fb_potential
-0.040337900599607485,-0.007057363034698996,0.013240096005412606,-6.959020943906712,-5.10568904876709,-0.0,0.3446872937818542,3.0,0.22767323153725233,0.15671276700161538,0.46477083211314213,319,1400,3,12.373259461365768,dumbbell,3,0,B,fb_potential
-0.0074697760031547855,0.0057847545834092875,0.038622809468143435,-6.914021345705977,-4.899684906005859,-0.0,0.3313683631119052,3.0,0.22102887934955368,0.15747227850642007,0.479862436816887,1323,1400,3,13.292811739534624,dumbbell,3,0,B,fb_potential
-0.0056017458865124095,-0.0028976932632762404,0.03285882361105959,-6.898457235878903,-4.6830244064331055,-0.0,0.447067254861091,3.0,0.18125105462888702,0.130008933344658,0.4940934583128247,185,1400,3,14.409416562572522,dumbbell,3,0,B,fb_potential
-0.04943116195445837,-0.03650907519474509,0.00024684305414844447,-7.00305317512513,-5.194339275360107,-0.0625,0.19072407247713172,3.0,0.24319245181659443,0.18618569690619996,0.47792594409896877,1222,1400,3,15.33757314504347,dumbbell,3,0,B,fb_potential
-0.023345913424797037,-0.004022867119788997,0.011606057330131784,-6.93044725280384,-4.882335662841797,-0.0,0.33361471470633086,3.0,0.22507847319490668,0.1593944671023233,0.5219553992166739,190,1400,3,16.176736933411025,dumbbell,3,0,B,fb_potential
0.03261878657055138,-0.004830002627512569,0.020695654994692482,-6.9429573972315515,-4.672921180725098,-0.125,0.2093756100993215,3.0,0.22745962833812094,0.19004160913226795,0.5872988200677123,975,1400,3,17.079064983670342,dumbbell,3,0,B,fb_potential
0.010065014332611782,-0.003388293767015853,0.018905643326188423,-6.9661655724258935,-4.9639105796813965,-0.0,0.2650707912685469,3.0,0.21434892680974518,0.13906954986263723,0.48329430487476516,1375,1400,3,17.851715608550524,dumbbell,3,0,B,fb_potential
0.01663848137385128,0.011550446100097658,0.015495087580242192,-6.909382648159118,-4.83950662612915,-0.0,0.26083075351269,3.0,0.21500632477846723,0.13745973305242326,0.5188082545376211,327,1400,3,18.427504263358866,dumbbell,3,0,B,fb_potential
-0.010056011010116935,-0.016995590061107187,-0.0017162018818321113,-6.9340002298922885,-4.844579219818115,-0.0,0.29987988305339336,3.0,0.1955588274216457,0.1351013112057343,0.5022913680894434,281,1400,3,18.86173140901876,dumbbell,3,0,B,fb_potential
-0.016791075797567587,-0.02483920876392035,0.02156319292525185,-6.927103067901289,-4.707581520080566,-0.0625,0.34311423377403394,3.0,0.21268300444633714,0.18152158479801742,0.5588758755756201,1261,1400,3,19.292051405337936,dumbbell,3,0,B,fb_potential
-0.009953585913501905,-0.03283328847198703,0.025595393966717575,-6.929778981937866,-4.648662567138672,-0.0625,0.15219007421602743,3.0,0.20370850647203856,0.18985443239074656,0.5586574913849995,630,1400,3,19.5323352139822,dumbbell,3,0,B,fb_potential
-0.0016217390059884468,-0.006198175313296434,0.01107622445813608,-6.9464280127973,-4.791485786437988,-0.0,0.2892707930985289,3.0,0.19072986535362246,0.13590986784148584,0.4852069970286181,356,1400,3,19.59838014117316,dumbbell,3,0,B,fb_potential
-0.1726764152063116,-0.171826848575017,0.011603122697779607,-7.093537364918657,-5.143833637237549,-0.1875,0.0720037873462079,3.0,0.2223126852871498,0.17419887278134283,0.47698455760354946,208,1400,3,-22.548062598221478,dumbbell,3,0,C05,plain
-0.15541921651128962,-0.18805844452003725,-0.007750930768490328,-7.101239800836938,-5.263597011566162,-0.4375,0.2751312564499003,4.0,0.2411439642409653,0.18795129427983204,0.48266253939167025,362,1400,3,-19.225024550522377,dumbbell,3,0,C05,plain
-0.10478197954796797,-0.13761497542860707,0.014010617480171088,-7.10620996982332,-5.391204357147217,-0.6875,0.18001653818251606,3.0,0.2592278702682552,0.20286731197824792,0.48830846726113847,1088,1400,3,-11.762262800203482,dumbbell,3,0,C05,plain
-0.12941003295980014,-0.14709914401641408,-0.010855401404081916,-7.115801959875922,-5.581137180328369,-0.6875,0.11923846228527732,3.0,0.27990640153809365,0.192381288495339,0.46654145973500344,915,1400,3,-3.5550526795521264,dumbbell,3,0,C05,plain
-0.14951125623086223,-0.12259069773167898,0.032008897654431434,-7.100788282704455,-5.626850128173828,-0.5,0.06638258150209164,4.0,0.2870540891839498,0.21652316398854107,0.4709808270625506,361,1400,3,2.5102588071524714,dumbbell,3,0,C05,plain
-0.0814648688802953,-0.05527900988972213,-0.026242590946034403,-7.047263112549373,-5.146489143371582,-0.0,0.4956530125368763,3.0,0.2547367743459477,0.19628071371929076,0.5255315345132906,405,1400,3,6.159382675542515,dumbbell,3,0,C05,plain
-0.11902922695641392,-0.06890181140330545,0.0003293944352346107,-7.025866730260013,-4.71752405166626,-0.0,0.489551789592845,3.0,0.21528498201165006,0.18796339449210145,0.538326685586271,919,1400,3,6.605360713324066,dumbbell,3,0,C05,plain
-0.09611760806591899,-0.0667085167180127,0.014108313201082716,-7.083341248619455,-5.058376312255859,-0.125,0.10474178188512906,3.0,0.22669335709861543,0.20689972550741367,0.49538822060048837,1107,1400,3,7.3857094587224115,dumbbell,3,0,C05,plain
-0.06384731432347471,-0.07577776313802616,0.0008892706577576879,-7.02869693772184,-4.98687219619751,-0.0,0.49592810506560364,3.0,0.23722812182541966,0.18085438206167798,0.5088834352922462,661,1400,3,8.355744883799076,dumbbell,3,0,C05,plain
-0.10651685894118218,-0.04745429936538529,0.013829608027152175,-7.046125146869589,-4.88815975189209,-0.0,0.2624998368842453,3.0,0.23750745985388114,0.22072012779359773,0.5345460381726395,397,1400,3,9.178669145217661,dumbbell,3,0,C05,plain
-0.07455222224147931,-0.043791541071893474,0.013171027024126633,-7.046634467101553,-4.925456523895264,-0.0,0.42104198648815333,3.0,0.23454503072595634,0.19582941163315154,0.5070269327258969,460,1400,3,10.291751725325792,dumbbell,3,0,C05,plain
-0.10770419136770315,-0.06961955012282905,0.0490985184454422,-7.039331086589503,-4.346909523010254,-0.0,0.3455080985960061,3.0,0.20080286643434905,0.2356932730547157,0.6350140758440191,964,1400,3,11.41168825762969,dumbbell,3,0,C05,plain
-0.1275693848299429,-0.08848241219392183,0.027942021344000374,-7.069182134637668,-4.8968892097473145,-0.125,0.19438232830126162,3.0,0.2199204010350133,0.19446082076044702,0.5287846758822913,319,1400,3,12.373259461365768,dumbbell,3,0,C05,plain
-0.05967863170226778,-0.025595660157593327,-0.019418692570016702,-7.034807562141637,-4.666192054748535,-0.0,0.24337932876283336,3.0,0.2227481552280302,0.19909633994576234,0.5560987427292705,1323,1400,3,13.292811739534624,dumbbell,3,0,C05,plain
-0.21216881940411936,-0.11917122120648296,-0.019472154180589993,-7.028471941414441,-4.891746520996094,-0.0625,0.19311079921526575,2.0,0.22316820880453642,0.15421486330668216,0.48167526640117847,185,1400,3,14.409416562572522,dumbbell,3,0,C05,plain
-0.12250060948211365,-0.06188853524140834,0.0074357253442253884,-7.042996205238466,-4.912151336669922,-0.0,0.345403919406699,1.0,0.22417574790870182,0.1791970182085365,0.4919825658547549,1222,1400,3,15.33757314504347,dumbbell,3,0,C05,plain
-0.07749651087094235,-0.05464441356595343,0.051279986228385824,-7.039011158413764,-4.491366386413574,-0.0,0.48768790085768926,4.0,0.22720936781244924,0.22893217940201574,0.5956682388525544,190,1400,3,16.176736933411025,dumbbell,3,0,C05,plain
-0.029925394236081256,-0.05672362434659529,0.06297212449402534,-7.085092020906154,-4.745489120483398,-0.1875,0.38846589187197883,3.0,0.2525275275395955,0.2540156119044079,0.5806877185770078,975,1400,3,17.079064983670342,dumbbell,3,0,C05,plain
-0.07458451028590858,-0.10629105323472939,0.01624765999858519,-7.078677385029447,-5.132809638977051,-0.1875,0.19784070926613911,3.0,0.2529815270052488,0.19116871243529654,0.5198762179564332,1375,1400,3,17.851715608550524,dumbbell,3,0,C05,plain
-0.10913989802942049,-0.09839936394382724,-0.003028147905375072,-7.083554673448363,-5.074936389923096,-0.125,0.16481168334924085,3.0,0.262528872326617,0.2173940613299941,0.5260416868227298,327,1400,3,18.427504263358866,dumbbell,3,0,C05,plain
-0.16281686158773512,-0.11181743175897249,0.025919262317096545,-7.0371493057194705,-4.6618242263793945,-0.0,0.40363883650298266,4.0,0.2089861829051419,0.184658500864064,0.5481541744511514,281,1400,3,18.86173140901876,dumbbell,3,0,C05,plain
-0.07453126671054792,-0.07530583819055531,0.08866598402897133,-7.079183366246082,-4.330681800842285,-0.0,0.43376624045170653,3.0,0.22413529629720472,0.34218910778355366,0.6821253959123835,1261,1400,3,19.292051405337936,dumbbell,3,0,C05,plain
-0.07578181758323858,-0.07621047223924061,-0.004361758458960852,-7.081802625726839,-4.8521223068237305,-0.0625,0.25657475388647255,4.0,0.2378878495325085,0.2618398104654565,0.579262280277961,630,1400,3,19.5323352139822,dumbbell,3,0,C05,plain
-0.07179435999697036,-0.04471283628757762,0.009212369979401643,-7.047817170648683,-4.79388427734375,-0.0,0.4145749491563247,3.0,0.2189230081435044,0.1789587681363509,0.5475666886439692,356,1400,3,19.59838014117316,dumbbell,3,0,C05,plain
-0.0928339905820617,-0.07010363987124738,-0.012850170026313555,-7.064884870425351,-5.102224349975586,-0.1875,0.14660258446476537,3.0,0.21760367243145273,0.17941243879552016,0.48219901148827965,208,1400,3,-22.548062598221478,dumbbell,3,0,C05,pca_denoise
-0.07485911101049673,-0.09798931033822508,-0.03723482051135178,-7.069950237628738,-5.198644638061523,-0.4375,0.11933766922294488,3.0,0.23029428478337519,0.1861061314879019,0.48756829187332024,362,1400,3,-19.225024550522377,dumbbell,3,0,C05,pca_denoise
-0.046909961518844315,-0.04115588090869869,0.004603805994600162,-7.080379627035564,-5.378093719482422,-0.6875,0.19180950682034043,3.0,0.25757542644347076,0.1827567780003176,0.4886895719788451,1088,1400,3,-11.762262800203482,dumbbell,3,0,C05,pca_denoise
-0.08035401280485165,-0.0855922395918324,0.0006751153873440696,-7.094937779880197,-5.498047351837158,-0.6875,0.15359112448632234,3.0,0.2754616874928779,0.19763649085404042,0.4712878669472502,915,1400,3,-3.5550526795521264,dumbbell,3,0,C05,pca_denoise
-0.0331145894563774,-0.018086070197552775,0.006824703870725108,-7.047758737644279,-5.1076788902282715,-0.375,0.24077912554839132,3.0,0.23924261302265876,0.18042528705317348,0.4996295956648639,361,1400,3,2.5102588071524714,dumbbell,3,0,C05,pca_denoise
-0.015162078408061915,0.00727437607889292,0.0024727073180129833,-7.00420802134556,-5.219536781311035,-0.0,0.46152626550204645,3.0,0.25214391705336464,0.20132170011594988,0.5122832545458077,405,1400,3,6.159382675542515,dumbbell,3,0,C05,pca_denoise
-0.034870837602297984,-0.011122373788237612,-0.013705624377308684,-6.9701282420606105,-4.729358196258545,-0.0,0.45135214267132706,3.0,0.19424692612829478,0.1572082901780027,0.5199286748300089,919,1400,3,6.605360713324066,dumbbell,3,0,C05,pca_denoise
-0.025857184093723458,-0.012864784811267412,0.00012656904257471457,-7.026089011606995,-4.991295337677002,-0.0625,0.3324547070085766,3.0,0.20705344931997127,0.15480497788212572,0.4973338143071344,1107,1400,3,7.3857094587224115,dumbbell,3,0,C05,pca_denoise
-0.029793911709805665,-0.028136928872241472,-0.01562768259635957,-6.981580525441187,-5.050559997558594,-0.0,0.4163005295706478,3.0,0.23446656014466116,0.17077244551382575,0.4940671219943523,661,1400,3,8.355744883799076,dumbbell,3,0,C05,pca_denoise
-0.02100687308864628,0.01308543993995589,0.00013321690937810257,-6.9958501543729845,-4.863179683685303,-0.0,0.3943803131231125,3.0,0.2210883270839809,0.18009975685285542,0.523659953374358,397,1400,3,9.178669145217661,dumbbell,3,0,C05,pca_denoise
0.01345003240891168,0.0302835067297049,0.022357687864956705,-6.995560150349025,-4.99471378326416,-0.0,0.34377700945045947,3.0,0.23436033134181133,0.18476525924056417,0.505053933848171,460,1400,3,10.291751725325792,dumbbell,3,0,C05,pca_denoise
-0.012138398811540023,0.007536967394041094,0.02907969705399615,-6.983452452149878,-4.662964820861816,-0.0,0.3620072215973358,3.0,0.20237809373344778,0.17850314705037573,0.5483375318613887,964,1400,3,11.41168825762969,dumbbell,3,0,C05,pca_denoise
0.01101393095445912,-0.010990571560462013,0.021901440407329824,-7.026939714809464,-4.933450698852539,-0.0625,0.15353112638345534,3.0,0.21256909519570077,0.18232284697136028,0.5066331471650047,319,1400,3,12.373259461365768,dumbbell,3,0,C05,pca_denoise
-0.01079309726305423,0.014548715299723292,-0.012859609687010675,-6.986019257808613,-4.741225719451904,-0.0,0.4482926743408554,3.0,0.20813002173506673,0.16454756734366496,0.50553331977886,1323,1400,3,13.292811739534624,dumbbell,3,0,C05,pca_denoise
-0.08416739587913769,-0.018842282744236,-0.00581303327238414,-6.967647753244924,-4.815639972686768,-0.0,0.3843570394059542,3.0,0.2230028477869354,0.162571358757228,0.5007697662271733,185,1400,3,14.409416562572522,dumbbell,3,0,C05,pca_denoise
-0.07281802098718224,0.011066496824169542,0.013781430199507907,-6.9734248629492,-4.760648250579834,-0.0,0.3070313268012118,3.0,0.20487367474147877,0.15738519753135477,0.5114704172367592,1222,1400,3,15.33757314504347,dumbbell,3,0,C05,pca_denoise
0.009814418343901623,0.012757966581133203,0.014006561159209799,-6.987030568931432,-4.7125115394592285,-0.0,0.45546482954302825,3.0,0.20665025200817827,0.18337031995281688,0.5351414123898219,190,1400,3,16.176736933411025,dumbbell,3,0,C05,pca_denoise
-0.03383405063534315,-0.010869656663862361,0.04212182810814396,-7.023404508343124,-4.879436492919922,-0.0625,0.13424167393158193,3.0,0.23198697974534288,0.19686955883678814,0.542387833991014,975,1400,3,17.079064983670342,dumbbell,3,0,C05,pca_denoise
-0.05146340116859596,-0.009731991633993789,0.007731918658259276,-7.0301871952089385,-5.011853218078613,-0.0,0.20416213509773676,3.0,0.23197204082345652,0.1654416033275118,0.5002567513527911,1375,1400,3,17.851715608550524,dumbbell,3,0,C05,pca_denoise
-0.0038064887079854357,-0.004233644287295787,0.042629921259928455,-7.041608214197392,-5.094960689544678,-0.1875,0.10303176361906252,3.0,0.2598059109611421,0.20254349569640512,0.49919456929053596,327,1400,3,18.427504263358866,dumbbell,3,0,C05,pca_denoise
-0.006224562635008072,0.016242809744391046,0.012455903824903993,-6.98411376457662,-4.791872501373291,-0.0,0.34512534090277713,3.0,0.20540409386912867,0.16047948039462095,0.5199166499727593,281,1400,3,18.86173140901876,dumbbell,3,0,C05,pca_denoise
0.024092231368117095,0.008273619656285638,0.019412718226373755,-6.996083667377111,-4.838070869445801,-0.0,0.2547150956648613,3.0,0.22994403532072033,0.20457549600733219,0.549682843845126,1261,1400,3,19.292051405337936,dumbbell,3,0,C05,pca_denoise
-0.010103867443368424,0.0046587770716827485,0.05282583032488469,-7.000643232839179,-4.903915882110596,-0.0,0.3336163661195814,3.0,0.23806258984137602,0.21326692601301972,0.548535200758757,630,1400,3,19.5323352139822,dumbbell,3,0,C05,pca_denoise
0.0005060349053187443,0.011869565279425396,-8.042585031299565e-05,-7.0108153571982115,-4.869490623474121,-0.0,0.20087396063897928,3.0,0.21015922575049226,0.16321857432680198,0.5055136029260765,356,1400,3,19.59838014117316,dumbbell,3,0,C05,pca_denoise
-0.07391030062531007,-0.10115317890239095,0.03922163715996538,-7.103017956780189,-4.8057861328125,-0.1875,0.056088476664912984,3.0,0.2246843530189046,0.22395254724943275,0.5065238488976588,208,1400,3,-22.548062598221478,dumbbell,3,0,C05,diffdist_t4
-0.07204890761950436,-0.09411690017011339,0.02144897086110927,-7.118580834054984,-4.683891296386719,-0.5625,0.046521584908213606,3.0,0.23860200097139356,0.2678428411896989,0.552637713450428,362,1400,3,-19.225024550522377,dumbbell,3,0,C05,diffdist_t4
-0.08846527732586258,-0.11416033874144857,-0.030466034375048745,-7.138368648207613,-4.813229560852051,-0.875,0.19613530385404898,4.0,0.26232421785179705,0.28466914317236536,0.550604738861545,1088,1400,3,-11.762262800203482,dumbbell,3,0,C05,diffdist_t4
-0.081244287832916,-0.10600923964899357,0.0021895479791780442,-7.136730969370595,-4.988887310028076,-0.875,0.2281425098684397,3.0,0.26978376570409307,0.266290828178918,0.536730034878914,915,1400,3,-3.5550526795521264,dumbbell,3,0,C05,diffdist_t4
-0.08826689657939597,-0.1082545803733014,0.009474264091414667,-7.10250971064831,-4.895809173583984,-0.1875,0.19146187403395967,4.0,0.26511275920856814,0.3090965591641736,0.48756899788773367,361,1400,3,2.5102588071524714,dumbbell,3,0,C05,diffdist_t4
-0.034223013611048195,-0.057764607037441386,0.0032566214141529215,-7.07876718595328,-4.912819862365723,-0.0,0.45080155371325387,3.0,0.2546855195001584,0.3105319716254643,0.5631505550865263,405,1400,3,6.159382675542515,dumbbell,3,0,C05,diffdist_t4
-0.05008883331783039,-0.06702593018056364,0.03854410387980202,-7.054340189283568,-4.6380615234375,-0.0,0.5467443185234604,3.0,0.22136069594276303,0.22343185121005738,0.5505729028342103,919,1400,3,6.605360713324066,dumbbell,3,0,C05,diffdist_t4
-0.07263110561701758,-0.08085031338515834,0.04158630426897695,-7.067794188766097,-4.702637672424316,-0.0625,0.2690985979919459,4.0,0.2334176630802659,0.24053967176586274,0.5252926898103483,1107,1400,3,7.3857094587224115,dumbbell,3,0,C05,diffdist_t4
-0.04407975955948339,-0.06691773436472603,0.05171248172228454,-7.0563977159689655,-4.97971248626709,-0.0,0.5559569285717325,3.0,0.2672182588621987,0.24327533524604958,0.5043423303926285,661,1400,3,8.355744883799076,dumbbell,3,0,C05,diffdist_t4
-0.04931189603270624,-0.07382471995765634,0.012148483465445833,-7.0754330540794665,-4.795883655548096,-0.0,0.3260266731580548,3.0,0.24071164026056774,0.2655979506215696,0.5169251361449771,397,1400,3,9.178669145217661,dumbbell,3,0,C05,diffdist_t4
-0.06481753343349936,-0.08571829401603062,0.0300838744499171,-7.061455395460989,-4.809764862060547,-0.0,0.28598314942398306,4.0,0.2529664841685392,0.2615890284441361,0.5476467519136702,460,1400,3,10.291751725325792,dumbbell,3,0,C05,diffdist_t4
-0.07154412196325081,-0.0990955789729129,0.06225106484966052,-7.066692876170938,-4.700466632843018,-0.0,0.31827648631839034,4.0,0.22398514720168822,0.21218750984754361,0.5568114307149163,964,1400,3,11.41168825762969,dumbbell,3,0,C05,diffdist_t4
-0.04967648657240796,-0.07071886236146889,0.04254524546304857,-7.078756058013033,-4.608791351318359,-0.0625,0.12816959319254473,3.0,0.21943123727537853,0.2606890070220835,0.5413196298403878,319,1400,3,12.373259461365768,dumbbell,3,0,C05,diffdist_t4
-0.07800563335228401,-0.0871025251446059,0.02581412751159507,-7.054207237075396,-4.500086784362793,-0.0,0.5570997681598385,4.0,0.2304568956487163,0.21200122154074258,0.5490816106273962,1323,1400,3,13.292811739534624,dumbbell,3,0,C05,diffdist_t4
-0.12216872727238239,-0.14134354021686418,0.028118729979293253,-7.016360531391075,-4.375172138214111,-0.0,0.5263353114747067,4.0,0.21348703382652795,0.19134495832665022,0.553738795670769,185,1400,3,14.409416562572522,dumbbell,3,0,C05,diffdist_t4
-0.07627574751758405,-0.09846383647769547,0.015598770570432382,-7.037845017920917,-4.486698627471924,-0.0,0.2936614982175681,4.0,0.222644976119687,0.239230430543022,0.5540393988453877,1222,1400,3,15.33757314504347,dumbbell,3,0,C05,diffdist_t4
-0.06906064938009318,-0.08823304125704806,0.06387916181453462,-7.064332490147194,-4.735604763031006,-0.0,0.53464050402745,4.0,0.2371783900909786,0.2100392700280828,0.5393449657135657,190,1400,3,16.176736933411025,dumbbell,3,0,C05,diffdist_t4
-0.06484673962286008,-0.09303191161429972,0.0483924763873949,-7.1137994897257295,-4.65775728225708,-0.1875,0.11003759752180008,3.0,0.23249466828044577,0.2873760419611498,0.5500738953250797,975,1400,3,17.079064983670342,dumbbell,3,0,C05,diffdist_t4
-0.07835968675236216,-0.09260694790057379,0.04591257291816836,-7.08696860256645,-4.857799530029297,-0.1875,0.17891180159855685,4.0,0.26401252876080117,0.24776566390404237,0.5378527870706001,1375,1400,3,17.851715608550524,dumbbell,3,0,C05,diffdist_t4
-0.05816655770211141,-0.07848879960864535,0.05608402065723901,-7.090151032719034,-4.824631690979004,-0.0625,0.1947339963983904,3.0,0.27229065107768585,0.26317809000065334,0.5330351389322798,327,1400,3,18.427504263358866,dumbbell,3,0,C05,diffdist_t4
-0.11691064295992039,-0.12406047123194776,0.052572874974185745,-7.037163758679489,-4.389636039733887,-0.0,0.42202473399430807,4.0,0.20531854746851558,0.20659263285750917,0.5886992691435947,281,1400,3,18.86173140901876,dumbbell,3,0,C05,diffdist_t4
-0.06713585997912866,-0.09811682694886965,0.019822279364643546,-7.082007738142652,-5.077434539794922,-0.0,0.25505503591144807,4.0,0.28161244716093026,0.24991893219801073,0.47372794641758637,1261,1400,3,19.292051405337936,dumbbell,3,0,C05,diffdist_t4
-0.04094029868555455,-0.06690429677844519,0.034040292513272945,-7.095410789661583,-5.1227641105651855,-0.0,0.2717472633534075,3.0,0.26485753056331657,0.26493643399278677,0.5043139899911383,630,1400,3,19.5323352139822,dumbbell,3,0,C05,diffdist_t4
-0.06440186230424029,-0.09623930972671726,0.014253080989117336,-7.050389017621459,-4.380418300628662,-0.0,0.3954318019894417,4.0,0.21702588008422255,0.21911420576208507,0.5702742301571949,356,1400,3,19.59838014117316,dumbbell,3,0,C05,diffdist_t4
-0.053056654021392244,-0.10069949591642947,0.023433813193719514,-7.0615829117148134,-4.6068549156188965,-0.0,0.3108198413408991,4.0,0.19790118020617267,0.21826465882243434,0.4962354742762371,208,1400,3,-22.548062598221478,dumbbell,3,0,C05,diffdist_t8
-0.03123381062282269,-0.0504335948779316,0.005843907054277661,-7.0835503426931155,-4.3290205001831055,-0.5,0.3047153545021084,4.0,0.19960082387376527,0.2650034755654689,0.5475964367955608,362,1400,3,-19.225024550522377,dumbbell,3,0,C05,diffdist_t8
-0.05731968628822567,-0.09765726562992832,-0.00921046594959679,-7.109423071854222,-4.241766929626465,-0.5625,0.1467313462112193,4.0,0.21997420612131852,0.2616896482794826,0.5567217023610034,1088,1400,3,-11.762262800203482,dumbbell,3,0,C05,diffdist_t8
-0.0599282771118963,-0.0725098582493886,-0.007362915565214763,-7.102550869546639,-4.411127090454102,-0.75,0.2633787663943834,4.0,0.2257629400409923,0.24744091476018723,0.5517868900723132,915,1400,3,-3.5550526795521264,dumbbell,3,0,C05,diffdist_t8
-0.04206777237445743,-0.06025634962726209,0.008401554497779703,-7.031774093002411,-4.930478572845459,-0.125,0.41837505436139844,4.0,0.22907636598379955,0.26139108635034697,0.4441645657013136,361,1400,3,2.5102588071524714,dumbbell,3,0,C05,diffdist_t8
-0.018371321945602016,-0.03197109071861271,0.03363081997361663,-6.973616360767451,-5.381906032562256,-0.0,0.551615803200594,4.0,0.2570980343923134,0.234790771523857,0.4591276763076445,405,1400,3,6.159382675542515,dumbbell,3,0,C05,diffdist_t8
-0.03350305093369114,-0.04125772534331428,0.07117430574474595,-6.938449279356619,-5.173389434814453,-0.0,0.6258660789551282,4.0,0.21314148074490374,0.17332862321956147,0.42112562800438497,919,1400,3,6.605360713324066,dumbbell,3,0,C05,diffdist_t8
-0.048432688270188574,-0.04221859291163747,0.027867483580214854,-7.0235059831061495,-4.606954574584961,-0.125,0.5159957340274604,4.0,0.20245078477740325,0.24656485526013633,0.4948412158815778,1107,1400,3,7.3857094587224115,dumbbell,3,0,C05,diffdist_t8
-0.03335718203619407,-0.039519870104659585,0.05738771581480342,-6.946801894753035,-5.153424263000488,-0.0,0.594483710121396,4.0,0.23256287337916198,0.18261503847972002,0.41787339179323496,661,1400,3,8.355744883799076,dumbbell,3,0,C05,diffdist_t8
-0.015625210526961107,-0.025110423652514206,0.03720122321493134,-6.98593148743613,-5.270837783813477,-0.0,0.4272639980211041,3.0,0.23703322834734492,0.2252802708631522,0.4355572621624855,397,1400,3,9.178669145217661,dumbbell,3,0,C05,diffdist_t8
-0.03497059905139759,-0.04012823336449297,0.03905514069499802,-6.971729273697454,-5.091065406799316,-0.0,0.44989467342861933,4.0,0.23403444917721178,0.20508469275256969,0.44169446438630383,460,1400,3,10.291751725325792,dumbbell,3,0,C05,diffdist_t8
-0.03608320102651797,-0.037284289540748736,0.050417583380437496,-6.988181991415405,-5.060565948486328,-0.0,0.47010222599040774,4.0,0.21230291630045472,0.1785516550045565,0.4473172480673649,964,1400,3,11.41168825762969,dumbbell,3,0,C05,diffdist_t8
-0.02156760809336237,-0.03702375646263941,0.037166160889634495,-7.0091505626622395,-4.839625358581543,-0.0625,0.5309158368666229,4.0,0.20844461086900928,0.24378226193558203,0.4839907160060207,319,1400,3,12.373259461365768,dumbbell,3,0,C05,diffdist_t8
-0.03528572406522303,-0.03746520895913663,0.041274307764221495,-6.972842761878111,-5.023869514465332,-0.0,0.5020337673930256,4.0,0.2219857004849613,0.18923124037792996,0.4391430159039202,1323,1400,3,13.292811739534624,dumbbell,3,0,C05,diffdist_t8
-0.07020986647628964,-0.07956355784917933,0.02230004521914581,-6.937271405475796,-4.690953254699707,-0.0,0.4922432801290098,4.0,0.19020657666108548,0.1418986054425387,0.43730905021697486,185,1400,3,14.409416562572522,dumbbell,3,0,C05,diffdist_t8
-0.03386992264366408,-0.06169598890238048,0.04330690515756291,-6.953182448115085,-4.856398582458496,-0.0,0.45326556537513213,4.0,0.21220142090424426,0.1827723871533588,0.4465737334496552,1222,1400,3,15.33757314504347,dumbbell,3,0,C05,diffdist_t8
-0.03526572739957842,-0.03489071807721318,0.040553602768228315,-6.978843735072228,-5.101108551025391,-0.0,0.5068742475635659,4.0,0.21795269953084506,0.1765768785851049,0.44093221730931886,190,1400,3,16.176736933411025,dumbbell,3,0,C05,diffdist_t8
-0.04724098086774666,-0.06451511022770058,0.005176255544321395,-7.068261434281876,-4.335989475250244,-0.0625,0.3168799568698763,4.0,0.19935280865034616,0.25019027299190705,0.5273763914500423,975,1400,3,17.079064983670342,dumbbell,3,0,C05,diffdist_t8
-0.04323474848209325,-0.05709498772137502,0.035368287586943374,-7.042984768037293,-4.738295555114746,-0.1875,0.4145663729818283,4.0,0.23014958138948996,0.2392123491103625,0.5201212156473642,1375,1400,3,17.851715608550524,dumbbell,3,0,C05,diffdist_t8
-0.02785922099599031,-0.0625115154478829,0.03717150127008016,-7.0511435012785455,-4.5811767578125,-0.125,0.3373615891832634,4.0,0.2295915368062496,0.25711415051162856,0.5412067406769724,327,1400,3,18.427504263358866,dumbbell,3,0,C05,diffdist_t8
-0.05336597516704611,-0.055172809291788895,0.04821726541741796,-6.976512768425638,-4.737812042236328,-0.0,0.45461429813456516,4.0,0.19257943793211843,0.1724576894321961,0.4776169454101157,281,1400,3,18.86173140901876,dumbbell,3,0,C05,diffdist_t8
-0.04637843194548139,-0.0773814204617261,0.02864946115614709,-7.014614403235525,-5.101114749908447,-0.0,0.5126706473003106,4.0,0.24466718283627176,0.19611559923155772,0.43799249657894046,1261,1400,3,19.292051405337936,dumbbell,3,0,C05,diffdist_t8
-0.03042361932178116,-0.04367784830325498,0.03711428962988668,-7.0325662608813655,-5.089334964752197,-0.0,0.5246906349007215,4.0,0.2351291282231506,0.24661652160650446,0.44948234400546216,630,1400,3,19.5323352139822,dumbbell,3,0,C05,diffdist_t8
-0.02245311244233735,-0.03353723616794985,0.021520524296008103,-6.9879020784000385,-4.679924488067627,-0.0,0.6082022251885495,4.0,0.20994707649770994,0.21152069270563176,0.48439373836285066,356,1400,3,19.59838014117316,dumbbell,3,0,C05,diffdist_t8
-5.500641768201658,-5.200376973133132,2.1881725830105725e-06,-7.158244044057697,-5.2851632062811404e-05,-0.0,0.9999998692713934,4.0,1.2407446472775482e-06,0.80689465068279,0.8582140706458424,208,1400,3,-22.548062598221478,dumbbell,3,0,C05,heatgeo_t
-5.567600017686371,-4.479443620854808,2.383704726008351e-06,-7.158246953899918,-6.199047493282706e-05,-0.0,0.9999998780545614,4.0,1.4552645085871699e-06,0.8063706834551373,0.8607953831330973,362,1400,3,-19.225024550522377,dumbbell,3,0,C05,heatgeo_t
-5.239098601608769,-4.505350826730908,1.5998425389948667e-06,-7.158260800896434,-3.273576294304803e-05,-0.0,0.9999998801917334,4.0,7.591104023000689e-07,0.8182337770175974,0.857057851207452,1088,1400,3,-11.762262800203482,dumbbell,3,0,C05,heatgeo_t
-5.386246656870228,-4.893937424029899,1.781602109396374e-06,-7.158261697579807,-4.0186623664340004e-05,-0.0,0.9999998525744646,4.0,9.320848446535357e-07,0.8160003899394667,0.8566861446639148,915,1400,3,-3.5550526795521264,dumbbell,3,0,C05,heatgeo_t
-5.290095704153123,-4.629024088114812,1.1388802967221556e-06,-7.158266740174714,-9.956183930626139e-06,-0.0,0.9999999140397985,4.0,2.3090648994394743e-07,0.827278712072741,0.8581804453886491,361,1400,3,2.5102588071524714,dumbbell,3,0,C05,heatgeo_t
-4.946696321031754,-4.081480527592508,2.6733179387811168e-06,-7.158173821216495,-7.351493695750833e-05,-0.0,0.999999790370538,3.0,1.7342407074984105e-06,0.8032812535347219,0.8599553398299526,405,1400,3,6.159382675542515,dumbbell,3,0,C05,heatgeo_t
-5.10937922021333,-4.228589726165332,3.4077324396891706e-06,-7.158152216088793,-0.0001005816156975925,-0.0,0.9999998377952057,3.0,2.4073088100085116e-06,0.7927850498798192,0.8651363541806671,919,1400,3,6.605360713324066,dumbbell,3,0,C05,heatgeo_t
-5.072299084614012,-4.367802984145387,2.598275990028931e-06,-7.158224522805881,-6.420826684916392e-05,-0.0,0.9999998847340902,3.0,1.5122006643624289e-06,0.80661174576215,0.8575668145385493,1107,1400,3,7.3857094587224115,dumbbell,3,0,C05,heatgeo_t
-5.250545249265314,-4.496646689838566,3.027508531372458e-06,-7.158165807588027,-8.155837713275105e-05,-0.0,0.9999998446754033,3.0,1.9287914799963667e-06,0.8003351004310519,0.8587750388443232,661,1400,3,8.355744883799076,dumbbell,3,0,C05,heatgeo_t
-4.922633367938136,-4.230885123152768,2.421761718426896e-06,-7.15822874883799,-5.056451846030541e-05,-0.0,0.9999998463527404,3.0,1.1876080797499569e-06,0.8097518347911171,0.8553760438911455,397,1400,3,9.178669145217661,dumbbell,3,0,C05,heatgeo_t
-5.05178558585246,-4.378135068136369,3.1226844418377753e-06,-7.158187452473106,-7.984405965544283e-05,-0.0,0.999999795356814,3.0,1.884772389185664e-06,0.8001952027705215,0.8565048608207435,460,1400,3,10.291751725325792,dumbbell,3,0,C05,heatgeo_t
-5.53322864781998,-4.892876205476391,3.6954638005723406e-06,-7.158198149956664,-0.00010604042472550645,-0.0,0.9999998520791245,3.0,2.538776706361855e-06,0.793030577614377,0.8662791023661024,964,1400,3,11.41168825762969,dumbbell,3,0,C05,heatgeo_t
-5.148752734791355,-4.49253490127175,2.969488819240529e-06,-7.158204405983603,-8.275139407487586e-05,-0.0,0.9999998765081319,3.0,1.9626932592177917e-06,0.7989292890336228,0.8606094625665944,319,1400,3,12.373259461365768,dumbbell,3,0,C05,heatgeo_t
-5.150586503543897,-4.600412751511936,3.673411910563862e-06,-7.158186699559987,-0.00010093608580064029,-0.0,0.9999999332880128,3.0,2.412278647782809e-06,0.7947964022566985,0.8601835366335697,1323,1400,3,13.292811739534624,dumbbell,3,0,C05,heatgeo_t
-5.506945891241015,-4.920034687111852,3.4573722445946364e-06,-7.158191313532431,-8.463667472824454e-05,-0.0,0.9999998120494726,3.0,2.006548160442577e-06,0.7957672275645166,0.8579291763958582,185,1400,3,14.409416562572522,dumbbell,3,0,C05,heatgeo_t
-5.036669769120503,-4.558537185184016,3.263760519643666e-06,-7.158202873536542,-7.814413402229548e-05,-0.0,0.9999998200440761,3.0,1.8455317159864634e-06,0.8018278649600313,0.8597096760809738,1222,1400,3,15.33757314504347,dumbbell,3,0,C05,heatgeo_t
-5.2963663418114875,-4.804963968660802,3.642150526950161e-06,-7.1581903641273446,-0.00010278100671712309,-0.0,0.9999998471673677,3.0,2.4536733473489186e-06,0.7967908527920884,0.8628018773138535,190,1400,3,16.176736933411025,dumbbell,3,0,C05,heatgeo_t
-4.918562006587963,-4.168312167283916,2.7020065470895194e-06,-7.158243727824016,-6.703187682433054e-05,-0.0,0.9999998743451635,3.0,1.5838769976941588e-06,0.8019891117560926,0.8629389535533007,975,1400,3,17.079064983670342,dumbbell,3,0,C05,heatgeo_t
-5.272166488385236,-4.771221972850152,3.1684332609666077e-06,-7.158212684111023,-8.079862163867801e-05,-0.0,0.9999998371943664,3.0,1.911707065144034e-06,0.7997651274720194,0.860990899121789,1375,1400,3,17.851715608550524,dumbbell,3,0,C05,heatgeo_t
-5.056328381918333,-4.54952120110387,2.6928005686654988e-06,-7.158231094313074,-6.329722964437678e-05,-0.0,0.9999998662539542,3.0,1.491345896233782e-06,0.8051125046748753,0.8582466084870648,327,1400,3,18.427504263358866,dumbbell,3,0,C05,heatgeo_t
-5.731727459847961,-4.659241831951373,4.157909586598174e-06,-7.158184249452713,-0.00011485071445349604,-0.0,0.9999998591204657,3.0,2.760766506328332e-06,0.7875971008674929,0.8692123542794066,281,1400,3,18.86173140901876,dumbbell,3,0,C05,heatgeo_t
-4.8239211519644565,-4.163033719127846,2.3904258720647276e-06,-7.158264053517802,-4.292608718969859e-05,-0.0,0.9999998639282315,3.0,1.0102856282478766e-06,0.8153700064734587,0.8640899793817599,1261,1400,3,19.292051405337936,dumbbell,3,0,C05,heatgeo_t
-4.6680680902669955,-4.116115209631977,2.416420956004306e-06,-7.158248030148568,-5.3932995797367766e-05,-0.0,0.9999998705813242,3.0,1.2630458878754773e-06,0.811467529295226,0.8581037002278832,630,1400,3,19.5323352139822,dumbbell,3,0,C05,heatgeo_t
-5.007668998142062,-4.513418848788878,3.3834027725956894e-06,-7.158208480441686,-8.803033415460959e-05,-0.0,0.9999999160978155,3.0,2.086525775021794e-06,0.7971789614852794,0.8605530403587265,356,1400,3,19.59838014117316,dumbbell,3,0,C05,heatgeo_t
-5.004470202364617,-4.643990269662017,4.292046986556497e-06,-7.158239443290998,-0.00011118288966827095,-0.0,0.9999998328936553,4.0,2.619945457108108e-06,0.7884732022452916,0.845251553650148,208,1400,3,-22.548062598221478,dumbbell,3,0,C05,heatgeo_4t
-5.066674682192369,-3.986645222146434,4.416146653737907e-06,-7.1582421075497065,-0.00011676688882289454,-0.0,0.9999998441669471,4.0,2.7589276352431335e-06,0.7878889551759547,0.84810822994576,362,1400,3,-19.225024550522377,dumbbell,3,0,C05,heatgeo_4t
-4.761226503638527,-4.011729079155734,3.230695852583787e-06,-7.158256963853899,-7.175941573223099e-05,-0.0,0.999999847869806,4.0,1.674729134612492e-06,0.8010681219056175,0.8439809784521499,1088,1400,3,-11.762262800203482,dumbbell,3,0,C05,heatgeo_4t
-4.89822376840364,-4.366233057328698,3.5376325509331452e-06,-7.1582578550957265,-8.527722820872441e-05,-0.0,0.9999998127364279,4.0,1.9891025769229696e-06,0.7985904663684953,0.8435778048277548,915,1400,3,-3.5550526795521264,dumbbell,3,0,C05,heatgeo_4t
-4.809068947721622,-4.124969658579388,2.520553758718347e-06,-7.1582636906182255,-3.263173493905924e-05,-0.0,0.9999998377885806,4.0,7.518529118433158e-07,0.8110931002149779,0.8452417067904641,361,1400,3,2.5102588071524714,dumbbell,3,0,C05,heatgeo_4t
-4.475567391601755,-3.621962638975038,5.021449335472494e-06,-7.158165951212255,-0.00014164297317620367,-0.0,0.9999997318396516,3.0,3.3598157090294523e-06,0.784454544530723,0.8471671021683941,405,1400,3,6.159382675542515,dumbbell,3,0,C05,heatgeo_4t
-4.625733823440279,-3.7524411900610715,6.394115505778397e-06,-7.158143616986757,-0.00019521944341249764,-0.0,0.9999997935862526,3.0,4.706368910668417e-06,0.772768546638538,0.8528739097564569,919,1400,3,6.605360713324066,dumbbell,3,0,C05,heatgeo_4t
-4.59443212077302,-3.881925272587629,4.87674963253748e-06,-7.158218808423273,-0.00012479625002015382,-0.0,0.9999998729474905,3.0,2.9624493348726136e-06,0.7881586211233568,0.8445578387068631,1107,1400,3,7.3857094587224115,dumbbell,3,0,C05,heatgeo_4t
-4.761234109801978,-3.9944481229506517,5.722363618891613e-06,-7.158158817117715,-0.0001595217763679102,-0.0,0.9999998040246716,3.0,3.7967850208834398e-06,0.7811753605831283,0.8458710737275665,661,1400,3,8.355744883799076,dumbbell,3,0,C05,heatgeo_4t
-4.454287527548669,-3.756410570724895,4.631887930026113e-06,-7.158223419800293,-0.00010396389552624896,-0.0,0.9999998043999062,3.0,2.4468712035268283e-06,0.7916439820012691,0.8421409452009925,397,1400,3,9.178669145217661,dumbbell,3,0,C05,heatgeo_4t
-4.57099588604876,-3.8874257258636917,5.8191709703045436e-06,-7.158179665483873,-0.00015376076044049114,-0.0,0.9999997400639202,3.0,3.6566756053131074e-06,0.7810189083350993,0.8433536088956213,460,1400,3,10.291751725325792,dumbbell,3,0,C05,heatgeo_4t
-5.025372302579238,-4.35652113626555,6.858300290922548e-06,-7.1581906923712335,-0.00020277922158129513,-0.0,0.9999998119221465,3.0,4.902552714665194e-06,0.7730380051688861,0.8541296730535058,964,1400,3,11.41168825762969,dumbbell,3,0,C05,heatgeo_4t
-4.664400854973686,-3.992444451241536,5.525778346830712e-06,-7.1581979403508145,-0.00015857447579037398,-0.0,0.999999875339475,3.0,3.784240667406895e-06,0.7796129450443956,0.8478856060985928,319,1400,3,12.373259461365768,dumbbell,3,0,C05,heatgeo_4t
-4.662353642450017,-4.089596800704918,6.746802803277163e-06,-7.15817953037506,-0.00018795288633555174,-0.0,0.9999999159987292,3.0,4.531421473154275e-06,0.7750036298162603,0.8474223197060382,1323,1400,3,13.292811739534624,dumbbell,3,0,C05,heatgeo_4t
-5.000091123547256,-4.379189347105183,6.32191165747531e-06,-7.158184462007652,-0.00015699674258939922,-0.0,0.9999997617749073,3.0,3.7535167303334795e-06,0.7760884005775461,0.8449369810732308,185,1400,3,14.409416562572522,dumbbell,3,0,C05,heatgeo_4t
-4.554383777949815,-4.0500370691259855,6.016751718483648e-06,-7.15819600937399,-0.00014842653763480484,-0.0,0.9999998244720816,3.0,3.528977504353252e-06,0.7828312856535699,0.8469090249807009,1222,1400,3,15.33757314504347,dumbbell,3,0,C05,heatgeo_4t
-4.800217353211436,-4.275385400807144,6.706581817533808e-06,-7.158183090926622,-0.00019291203352622688,-0.0,0.9999998056871526,3.0,4.651504329261585e-06,0.7772275137443517,0.8502999164235308,190,1400,3,16.176736933411025,dumbbell,3,0,C05,heatgeo_4t
-4.4471308668693075,-3.710317220462262,4.970260505547663e-06,-7.158238120488862,-0.00012741863611154258,-0.0,0.9999998338512835,3.0,3.0272045853536e-06,0.7830168099237039,0.8504762214078987,975,1400,3,17.079064983670342,dumbbell,3,0,C05,heatgeo_4t
-4.781394593949622,-4.247730366612924,5.9086665225444035e-06,-7.15820645996002,-0.00015638409240636975,-0.0,0.9999997900726523,3.0,3.7220508069046917e-06,0.7805365306124424,0.8483152515077087,1375,1400,3,17.851715608550524,dumbbell,3,0,C05,heatgeo_4t
-4.577598486703768,-4.047190435425171,5.171710743205604e-06,-7.158225258715703,-0.00013087302795611322,-0.0,0.9999998330582482,3.0,3.089118262226838e-06,0.7864892949547686,0.845280845378049,327,1400,3,18.427504263358866,dumbbell,3,0,C05,heatgeo_4t
-5.21386601197481,-4.144728663692785,7.65771723310743e-06,-7.158176753972645,-0.00021770794410258532,-0.0,0.9999997972004135,3.0,5.288798718139175e-06,0.7669811721139539,0.8573581221853205,281,1400,3,18.86173140901876,dumbbell,3,0,C05,heatgeo_4t
-4.355510148130784,-3.692320268497535,4.4029382118976335e-06,-7.158260275399439,-8.2972357631661e-05,-0.0,0.9999998392088805,3.0,1.9580020854524786e-06,0.7978887615031561,0.8517288260287856,1261,1400,3,19.292051405337936,dumbbell,3,0,C05,heatgeo_4t
-4.2131380124768505,-3.653800187361136,4.439227381518307e-06,-7.158243142278607,-0.00010037607717094943,-0.0,0.9999998119331015,3.0,2.3649675685542093e-06,0.7935482215076691,0.8451489589375625,630,1400,3,19.5323352139822,dumbbell,3,0,C05,heatgeo_4t
-4.527451363430452,-4.010434557028357,6.209038420863788e-06,-7.158201860225543,-0.0001657548127695918,-0.0,0.9999998932567483,3.0,3.962997616690905e-06,0.7776625381817431,0.8478249314100715,356,1400,3,19.59838014117316,dumbbell,3,0,C05,heatgeo_4t
-0.025595670688885585,-0.017368947730535773,0.01264628865015936,-7.007059930718027,-4.887829303741455,-0.1875,0.2861161113537811,3.0,0.2184842671950478,0.1797505657754395,0.5457424569556955,208,1400,3,-22.548062598221478,dumbbell,3,0,C05,fb_potential
-0.05000084845174097,-0.03793693547763325,0.0009933254001433904,-6.9910810883058385,-4.869077682495117,-0.0625,0.20843935368914407,3.0,0.2061887777342386,0.14929107599298105,0.5110511696720742,362,1400,3,-19.225024550522377,dumbbell,3,0,C05,fb_potential
-0.0009814046338565204,0.007937417642249906,0.00589078393568308,-6.957315553071766,-4.730352401733398,-0.0,0.2996700867181431,2.0,0.1935915745369679,0.14158355632217332,0.5335377068962435,1088,1400,3,-11.762262800203482,dumbbell,3,0,C05,fb_potential
-0.004162475309584347,-0.027460459819149945,0.025283101613349047,-7.007316788545465,-5.069579124450684,-0.0625,0.2595831318902008,3.0,0.2321307844090445,0.1685282564469029,0.4919081090727452,915,1400,3,-3.5550526795521264,dumbbell,3,0,C05,fb_potential
-0.0001464581258649788,-0.0063585726461870455,0.02310025598410004,-7.016538740758504,-5.323345184326172,-0.0625,0.2986608864955816,3.0,0.2594451678531532,0.16587105080767922,0.4433592079027835,361,1400,3,2.5102588071524714,dumbbell,3,0,C05,fb_potential
-0.041153755732939806,-0.032072056719143045,0.012402757194441245,-7.051208379879957,-5.404033184051514,-0.625,0.30012601993213184,3.0,0.26170765904062604,0.19337398021644836,0.4828626884687908,405,1400,3,6.159382675542515,dumbbell,3,0,C05,fb_potential
-0.021328875852010452,-0.0276091079696771,0.012357299011176928,-6.9603407940419695,-4.641129970550537,-0.0,0.3048100351982887,3.0,0.21323428275199793,0.1605188819963697,0.5584653670806395,919,1400,3,6.605360713324066,dumbbell,3,0,C05,fb_potential
-0.028402425119686266,-0.017944452943411484,-0.009683371419558037,-7.003529756123135,-5.079980373382568,-0.0,0.29424409482444025,3.0,0.22006122449154408,0.15290422359572597,0.47257268197719215,1107,1400,3,7.3857094587224115,dumbbell,3,0,C05,fb_potential
-0.018336756982290058,-0.006548881790957384,0.021282562208137852,-6.967821834833413,-5.043665885925293,-0.0,0.22834156593456623,3.0,0.24097395318697476,0.1662398417306964,0.47344293745797306,661,1400,3,8.355744883799076,dumbbell,3,0,C05,fb_potential
-0.01958416944508021,0.00017136918661207968,0.030447900648954022,-6.943767555328126,-4.534448146820068,-0.0,0.1282376307170559,3.0,0.21150402403985946,0.1747306632533172,0.5558624261224319,397,1400,3,9.178669145217661,dumbbell,3,0,C05,fb_potential
-0.04165429171670818,-0.00258001660926016,0.019036193024657096,-7.007063053583357,-5.191545486450195,-0.0625,0.2404569905317464,3.0,0.23771481374203207,0.16077755106277158,0.4416972428837335,460,1400,3,10.291751725325792,dumbbell,3,0,C05,fb_potential
-0.030825591516884267,-0.0011966244452820747,0.019837790950723785,-6.971454912377707,-4.777480602264404,-0.0,0.3580121302321563,3.0,0.1989199597603963,0.1469861883758161,0.5201399044163346,964,1400,3,11.41168825762969,dumbbell,3,0,C05,fb_potential
-0.020762025267747883,-0.01373253224606736,0.020542649365979916,-7.0004304358803076,-4.91015100479126,-0.0,0.296153863314334,3.0,0.22352904407439794,0.17519926762715238,0.5052679656602174,319,1400,3,12.373259461365768,dumbbell,3,0,C05,fb_potential
-0.035783005423600876,-0.026067370586031136,0.010281997633802765,-6.965755491651021,-4.60380744934082,-0.0,0.2769525775283401,3.0,0.20951684165298293,0.1691639528868012,0.5334223452187411,1323,1400,3,13.292811739534624,dumbbell,3,0,C05,fb_potential
-0.010809960476259468,-0.007326721585009192,-0.00825399813510097,-6.969117685173313,-4.775241374969482,-0.0,0.21496569515407188,3.0,0.23427649829680552,0.164957387006805,0.5304484900114053,185,1400,3,14.409416562572522,dumbbell,3,0,C05,fb_potential
-0.015283810636785721,-0.032031551808839834,0.012141490363862634,-7.001773863668179,-4.994094371795654,-0.0,0.23087563637216646,3.0,0.22609899949193896,0.16288844544193395,0.49787767775984265,1222,1400,3,15.33757314504347,dumbbell,3,0,C05,fb_potential
-0.016666242394276345,-0.0008867488672034143,0.02692155220304899,-6.977580789638831,-4.845095157623291,-0.0,0.29109991981760763,3.0,0.22020858715847602,0.1572515112013736,0.5044616839403313,190,1400,3,16.176736933411025,dumbbell,3,0,C05,fb_potential
-0.028900102668846118,-0.006326573639260311,0.0259935017857066,-6.991602575026816,-4.594974994659424,-0.0625,0.262139768648643,2.0,0.21840348712070312,0.18972254424931348,0.5392056862193794,975,1400,3,17.079064983670342,dumbbell,3,0,C05,fb_potential
-0.04212634807706783,0.0024145174315410725,-0.0008953856269729894,-6.984671775221907,-4.9102983474731445,-0.0,0.23119682119016904,3.0,0.21003867771908769,0.14548545915242617,0.4912649553060616,1375,1400,3,17.851715608550524,dumbbell,3,0,C05,fb_potential
-0.014783503791474648,0.006308082011658797,0.03479889593003549,-6.97372559813383,-4.8672380447387695,-0.0,0.26779962619703446,3.0,0.22896030680812585,0.1674871074613761,0.5254372434679051,327,1400,3,18.427504263358866,dumbbell,3,0,C05,fb_potential
-0.04530322518986605,-0.05102288246508608,-0.00211378379275382,-6.997823773583281,-4.938902378082275,-0.0,0.25534523743861604,3.0,0.21715553755742759,0.15822961110027972,0.5087984662188084,281,1400,3,18.86173140901876,dumbbell,3,0,C05,fb_potential
-0.06392870887404517,-0.015286586463124441,0.03799919941686678,-6.984137547081904,-4.916535377502441,-0.0,0.2796371377294773,4.0,0.23441443531236966,0.18312814404503924,0.5214721973712444,1261,1400,3,19.292051405337936,dumbbell,3,0,C05,fb_potential
-0.01859773076130947,-0.017421342719512962,0.03675827339891489,-7.010855540780563,-5.124000549316406,-0.0,0.28086272908283805,3.0,0.251011467582692,0.19742605699826646,0.5075118847078786,630,1400,3,19.5323352139822,dumbbell,3,0,C05,fb_potential
-0.05838835683138105,-0.02285495421940003,-0.013701629540668976,-6.982915332935612,-4.718823432922363,-0.0,0.22853114340424585,2.0,0.19646729666751545,0.13734832553967768,0.5324935355957279,356,1400,3,19.59838014117316,dumbbell,3,0,C05,fb_potential
-0.7420977108210656,-0.8953101353786513,0.11375187134308254,-7.128945235322982,-4.9040422439575195,-0.0,0.5209487500590002,1.0,0.25032645709495405,0.26365013481940863,0.5367976290687082,208,1400,3,-22.548062598221478,dumbbell,3,0,D,plain
-0.784558546317123,-0.81173376271418,0.08789376980001214,-7.144397483987431,-5.7669477462768555,-1.0,0.33085993973684513,3.0,0.30946079775338126,0.2508586265238879,0.5065874999216496,362,1400,3,-19.225024550522377,dumbbell,3,0,D,plain
-0.8051966247931585,-1.0752754770408832,0.05799037813951499,-7.138678516454689,-5.524779796600342,-0.125,0.3667114167390274,3.0,0.29307792071123906,0.24738735667503933,0.49981147417455907,1088,1400,3,-11.762262800203482,dumbbell,3,0,D,plain
-0.5014315942017452,-0.699242770182774,0.053726406926691034,-7.145268046290287,-4.713942527770996,-0.75,0.4292950504206814,2.0,0.20764172146433346,0.28769527181913185,0.5488872160415237,915,1400,3,-3.5550526795521264,dumbbell,3,0,D,plain
-0.9952168080430525,-1.0012954287051437,0.09266265863534619,-7.136008557835639,-4.478399276733398,-0.5625,0.5238711088212775,2.0,0.21367452956325747,0.27829998395014455,0.7154090499093958,361,1400,3,2.5102588071524714,dumbbell,3,0,D,plain
-0.987956599238325,-0.9105904016406327,0.07480720268467633,-7.1429195441889615,-4.877857208251953,-1.0,0.419538772564606,1.0,0.24083610325917332,0.2689027199319395,0.5429783515781414,405,1400,3,6.159382675542515,dumbbell,3,0,D,plain
-0.4874125835947762,-0.5730952033549146,0.02856731681378643,-7.129028898760515,-4.740479946136475,-0.0625,0.2899313712508869,3.0,0.24397464016385356,0.2776707915533341,0.5496368551255978,919,1400,3,6.605360713324066,dumbbell,3,0,D,plain
-0.6604550078380658,-1.0099006229095193,0.08585443242426424,-7.143504703491303,-5.051535606384277,-0.9375,0.49113733499450946,1.0,0.2626229521919322,0.2605154727997913,0.5210577029357075,1107,1400,3,7.3857094587224115,dumbbell,3,0,D,plain
-0.38583354062223935,-0.3728670743456285,0.021566385732144915,-7.118593254775505,-4.114678859710693,-0.0,0.5757528986264484,2.0,0.19964183184070985,0.2902446749360597,0.7649795275728027,661,1400,3,8.355744883799076,dumbbell,3,0,D,plain
-0.29182535493597356,-0.427941539501052,0.06775937665982461,-7.099923038573889,-4.2317023277282715,-0.0,0.6447302882837529,2.0,0.2047611259357987,0.2834991260668262,0.7537386336687641,397,1400,3,9.178669145217661,dumbbell,3,0,D,plain
-0.8275345974322637,-0.8778229671010619,0.07514651672499563,-7.1430026979943015,-5.2288594245910645,-0.8125,0.4342259243185414,1.0,0.27174045152426396,0.25841968979854074,0.5144609159776258,460,1400,3,10.291751725325792,dumbbell,3,0,D,plain
-0.7140812254516457,-0.7370807621109496,0.12685726882991094,-7.130293044858199,-4.764723300933838,-0.0,0.5054185345069993,1.0,0.24462513509820774,0.27672499597261174,0.5410123686531267,964,1400,3,11.41168825762969,dumbbell,3,0,D,plain
-0.5357431469511225,-0.7143792956961429,0.053023251280470314,-7.14223518426158,-4.767331600189209,-0.375,0.4064541426567919,1.0,0.22058869777595363,0.2784219968742944,0.5388925767758909,319,1400,3,12.373259461365768,dumbbell,3,0,D,plain
-0.4229638496425804,-0.5140412329510474,0.05595452347748456,-7.11629267132012,-4.332159519195557,-0.0,0.5103356704192339,1.0,0.2367893972596337,0.27934975938672707,0.7654065732175351,1323,1400,3,13.292811739534624,dumbbell,3,0,D,plain
-0.3993157063563011,-0.4672351117265354,0.030227930341212662,-7.129998811566822,-4.209904193878174,-0.125,0.41216683234533447,1.0,0.2060122128100974,0.28738015030281144,0.5616394000217528,185,1400,3,14.409416562572522,dumbbell,3,0,D,plain
-0.6385727047030735,-0.7255602518796177,0.04593372285538508,-7.1392526788224,-5.017095565795898,-0.1875,0.49595526725577754,2.0,0.24902327869855742,0.26683733520194336,0.5275271337419906,1222,1400,3,15.33757314504347,dumbbell,3,0,D,plain
-0.6704845837717069,-0.8504155830411319,0.1177733010192942,-7.133027381941478,-5.10008430480957,-0.0,0.6665165087318488,1.0,0.2695833614409689,0.26487535977678545,0.5238957677899276,190,1400,3,16.176736933411025,dumbbell,3,0,D,plain
-0.4625769842502802,-0.6421501104267626,0.061733824216734456,-7.1332385451774805,-4.454136371612549,-0.5,0.4525463320301842,1.0,0.2111865558797611,0.2899472476694883,0.5606612437883588,975,1400,3,17.079064983670342,dumbbell,3,0,D,plain
-0.7695157446837009,-1.0266216464518443,0.1349015152460788,-7.129334727326805,-5.295257568359375,-0.0,0.43048343695763125,1.0,0.29268035628994554,0.2572001730375322,0.5170430805404148,1375,1400,3,17.851715608550524,dumbbell,3,0,D,plain
-0.6517879628549128,-0.9982885564775789,0.08252583965000995,-7.139921125609494,-4.825949668884277,-0.25,0.39702302037305975,1.0,0.2318334006596035,0.27712244162968547,0.5347242570353711,327,1400,3,18.427504263358866,dumbbell,3,0,D,plain
-0.5205171711473924,-0.6212016879112416,0.08615207512692638,-7.1381201538992025,-5.016386985778809,-0.4375,0.5040150948399764,1.0,0.2458591274419496,0.26889497645211485,0.5369476237869759,281,1400,3,18.86173140901876,dumbbell,3,0,D,plain
-0.41485445518936553,-0.4785131726582441,0.014764553532325303,-7.134573035425712,-4.467863082885742,-0.9375,0.4913439198543483,1.0,0.21463683924745736,0.28162659216116376,0.7307618676817846,1261,1400,3,19.292051405337936,dumbbell,3,0,D,plain
-0.6081198428403697,-0.626810514993741,0.051876985874682646,-7.131830828618048,-4.084228515625,-0.75,0.46796182027402217,3.0,0.1896513553398545,0.2948568929584573,0.7695978842013389,630,1400,3,19.5323352139822,dumbbell,3,0,D,plain
-0.8389165806782554,-0.7156311026567814,0.023822178208303492,-7.1488883195744,-5.856188774108887,-0.375,0.534457485928815,3.0,0.31010347637213925,0.24838630825210498,0.48849914722950166,356,1400,3,19.59838014117316,dumbbell,3,0,D,plain
-0.12105405008127765,-0.13016390713740655,0.06702942438247161,-6.989489287094673,-4.928685665130615,-0.0,0.29776902412902706,3.0,0.25031504742010585,0.17265618587420392,0.48788534929137306,208,1400,3,-22.548062598221478,dumbbell,3,0,D,pca_denoise
-0.2765762302070986,-0.17626434103567923,0.09534491004349187,-7.047317569464736,-5.057521820068359,-0.0,0.21700807537076144,2.0,0.2625975304551209,0.18564800839158901,0.5080425234663221,362,1400,3,-19.225024550522377,dumbbell,3,0,D,pca_denoise
-0.27317623408707276,-0.19880935496225657,0.06533810223825498,-7.045758315488936,-5.183664798736572,-0.0,0.2825237469957588,2.0,0.25507136743343317,0.18422363385880078,0.4833249769686002,1088,1400,3,-11.762262800203482,dumbbell,3,0,D,pca_denoise
-0.18499016226211726,-0.1496776483089508,0.06919007935220584,-7.06743146945017,-5.219314098358154,-0.125,0.2578030031864476,3.0,0.263900326769671,0.1851385368455427,0.49540249160616484,915,1400,3,-3.5550526795521264,dumbbell,3,0,D,pca_denoise
-0.20090804975328505,-0.2147358226288348,0.08972900165268304,-7.0444498160172095,-5.062031269073486,-0.0,0.2605421644982203,2.0,0.2613471432048309,0.18077287418281524,0.49872864911612447,361,1400,3,2.5102588071524714,dumbbell,3,0,D,pca_denoise
-0.21883208879811503,-0.17318187739072224,0.06718841807491417,-7.061474305497824,-5.087893486022949,-0.0625,0.27220872408833974,2.0,0.2550036590318546,0.1782703559665096,0.48219692849347207,405,1400,3,6.159382675542515,dumbbell,3,0,D,pca_denoise
-0.15549356202545497,-0.12667512043980145,-0.007670517958549455,-6.983033849592939,-4.622930526733398,-0.0,0.4024112016747588,2.0,0.2240816069451398,0.17813645903590797,0.5366212516273476,919,1400,3,6.605360713324066,dumbbell,3,0,D,pca_denoise
-0.18294460938074364,-0.16770436874299055,0.05161076044133482,-7.0628802352526385,-5.117521286010742,-0.0,0.28718533847002053,3.0,0.2347324174742298,0.16212262006522946,0.45531965531442936,1107,1400,3,7.3857094587224115,dumbbell,3,0,D,pca_denoise
-0.02978907608695063,-0.055767405338889256,0.028471621776362185,-7.013407749077297,-4.559225559234619,-0.0,0.3457109893948908,3.0,0.22177085718913234,0.200570492944304,0.5937320236947272,661,1400,3,8.355744883799076,dumbbell,3,0,D,pca_denoise
-0.0606523511411114,-0.027846325340844497,0.057339084753839836,-6.9604053065062965,-4.697988510131836,-0.0,0.32956323875411864,3.0,0.23922205121645154,0.1799780459623266,0.5249909831006637,397,1400,3,9.178669145217661,dumbbell,3,0,D,pca_denoise
-0.22312175346942312,-0.20739261656253444,0.06824375949700179,-7.052823989851308,-5.132207870483398,-0.0625,0.2803635848924434,2.0,0.25072277192358383,0.17319457098166305,0.47538271637102497,460,1400,3,10.291751725325792,dumbbell,3,0,D,pca_denoise
-0.16298964155662152,-0.10428127617823237,0.007866033501887642,-6.961304446389862,-4.377603530883789,-0.0,0.23993541084936432,1.0,0.20398095952983747,0.15717120609450214,0.589382254164131,964,1400,3,11.41168825762969,dumbbell,3,0,D,pca_denoise
-0.23988278500867638,-0.18675480051973103,0.08145988581842001,-7.062753844936122,-5.255718231201172,-0.0625,0.35607716197128225,1.0,0.26026419115232946,0.1790540426550643,0.4850051741909145,319,1400,3,12.373259461365768,dumbbell,3,0,D,pca_denoise
-0.12852799932911071,-0.0636190096293898,0.027745351259042376,-6.944082747618202,-4.124424934387207,-0.0,0.3684465597804124,4.0,0.20654481552042148,0.17755766376424606,0.6387718453914266,1323,1400,3,13.292811739534624,dumbbell,3,0,D,pca_denoise
-0.20592964749598072,-0.10014572799146723,0.0019400356393235382,-7.010921941259426,-4.373045444488525,-0.0,0.3830703990070135,3.0,0.20045728019219403,0.17598249271010727,0.5795276683746752,185,1400,3,14.409416562572522,dumbbell,3,0,D,pca_denoise
-0.15428193607751836,-0.1260548211117285,0.027655608038410377,-7.051773308719632,-5.098609447479248,-0.0,0.2567119441400194,3.0,0.2531785085842929,0.18875091369761113,0.508346098155426,1222,1400,3,15.33757314504347,dumbbell,3,0,D,pca_denoise
-0.13312142105265592,-0.11636653565553605,0.00689247634769798,-6.965122451828517,-4.440036296844482,-0.0625,0.4525945193747147,1.0,0.2164682147430505,0.1729501810363222,0.5677931666423908,190,1400,3,16.176736933411025,dumbbell,3,0,D,pca_denoise
-0.10697823369822844,-0.06744596509850607,0.08152299963832181,-7.019949660662001,-4.821958065032959,-0.0625,0.4244744224680715,1.0,0.2540206145179363,0.2222860893201975,0.5651154454109633,975,1400,3,17.079064983670342,dumbbell,3,0,D,pca_denoise
-0.3418901536606388,-0.17804730012872988,0.05945179065883928,-7.010238074685876,-4.887961387634277,-0.0,0.30025642971316524,3.0,0.22717678051434728,0.161217591076836,0.47532494570343226,1375,1400,3,17.851715608550524,dumbbell,3,0,D,pca_denoise
-0.14953697451944936,-0.15379310334410665,0.058361148290312845,-7.060532580530026,-5.080902099609375,-0.0625,0.3058798310192321,2.0,0.23400832149875422,0.19178989110048705,0.4836462558858248,327,1400,3,18.427504263358866,dumbbell,3,0,D,pca_denoise
-0.24929663990129916,-0.13747025616596528,0.03808424975479614,-7.026342866092443,-4.879345893859863,-0.0,0.3695450789223289,3.0,0.23816717124882691,0.17796236706795446,0.5039671347406576,281,1400,3,18.86173140901876,dumbbell,3,0,D,pca_denoise
-0.04704936379611552,-0.070676598015964,0.0470073173865944,-7.055750037401185,-4.781602382659912,-0.3125,0.33308008423711605,3.0,0.24611328589527498,0.2226346885263668,0.555518156050707,1261,1400,3,19.292051405337936,dumbbell,3,0,D,pca_denoise
-0.0877186424441859,-0.07581910988576102,0.02127223278165262,-7.043311551554398,-4.928861141204834,-0.125,0.340910937148867,3.0,0.25118853324915824,0.20790597601298874,0.5452198280624654,630,1400,3,19.5323352139822,dumbbell,3,0,D,pca_denoise
-0.18341502485056924,-0.1662771604534441,0.010552090808801299,-7.0790742061651635,-5.263540744781494,-0.0625,0.33731026269929953,3.0,0.2505054329225096,0.18524697234571486,0.47810142101504116,356,1400,3,19.59838014117316,dumbbell,3,0,D,pca_denoise
-0.0071287178704281,-0.005313669146923629,0.03888262122388003,-6.454459996583406,-4.780587196350098,-0.0,0.4147575521126904,4.0,0.1604413583523596,0.1031427726267079,0.41091113723968803,208,1400,3,-22.548062598221478,dumbbell,3,0,D,diffdist_t4
-0.015866118363552936,-0.009637821230293133,0.020884922049948594,-6.843238103742003,-5.249949932098389,-0.0,0.09920926726030216,4.0,0.17487879179166027,0.10738002348484416,0.3253863251784115,362,1400,3,-19.225024550522377,dumbbell,3,0,D,diffdist_t4
-0.01019454779311776,-0.004651910317425513,0.02917013784138821,-6.627357547394045,-4.751743316650391,-0.0,0.3047560467071492,4.0,0.17822038712120716,0.13492908526961206,0.46416347126622354,1088,1400,3,-11.762262800203482,dumbbell,3,0,D,diffdist_t4
-0.015407337078142107,-0.00909702655252787,0.0014833487353162157,-6.778572005379968,-5.317469120025635,-0.0625,0.06829938088903231,4.0,0.19933421066028645,0.13239234608836895,0.365763573754911,915,1400,3,-3.5550526795521264,dumbbell,3,0,D,diffdist_t4
-0.023693362186420562,-0.010515919706020341,0.016800842993212405,-6.716384314605112,-5.1863322257995605,-0.0,0.1291861962192042,4.0,0.1686823313838507,0.09398285079147302,0.3369188881785179,361,1400,3,2.5102588071524714,dumbbell,3,0,D,diffdist_t4
-0.011459723410815631,-0.012711599433470366,0.0037182569333881503,-6.981457530595467,-5.454433441162109,-0.1875,-0.1318953687759966,4.0,0.1838321861423769,0.09917597253139736,0.324357666267496,405,1400,3,6.159382675542515,dumbbell,3,0,D,diffdist_t4
-0.010366611915614908,-0.006652291368535905,0.01883440987556817,-6.588738737517707,-4.984970569610596,-0.0,0.24525154965238394,4.0,0.16732925298507426,0.10072523022966222,0.3767002102687766,919,1400,3,6.605360713324066,dumbbell,3,0,D,diffdist_t4
-0.018495188510244225,-0.0137529774941614,0.019247553036960664,-6.889912211696549,-5.26277494430542,-0.0,0.03277812717856618,4.0,0.16390717542934885,0.08531981923349989,0.31882161569409445,1107,1400,3,7.3857094587224115,dumbbell,3,0,D,diffdist_t4
-0.028313044017751976,-0.014781496370454521,0.0398759763463017,-6.873112340377733,-5.457034111022949,-0.0,0.20690727177969542,4.0,0.1962241005385398,0.12612914985082072,0.3086289886169991,661,1400,3,8.355744883799076,dumbbell,3,0,D,diffdist_t4
-0.004886839151536926,-0.0035125192565891297,0.003591338549006887,-6.537359067936313,-4.591800689697266,-0.0,0.3575192373480313,4.0,0.1763653158396271,0.17968879480414843,0.4944241787438436,397,1400,3,9.178669145217661,dumbbell,3,0,D,diffdist_t4
-0.014865896626291822,-0.009824975926675764,0.00877268943582357,-6.900674578247489,-5.4503092765808105,-0.0,0.09376945184279822,4.0,0.18678463896491204,0.10687329963691783,0.31663392407022267,460,1400,3,10.291751725325792,dumbbell,3,0,D,diffdist_t4
-0.009625951538524068,-0.0059132772930040114,0.03768458167278255,-6.500735877656368,-4.954214572906494,-0.0,0.45734574036077497,4.0,0.1764794865933474,0.1243971253008439,0.39752843269571264,964,1400,3,11.41168825762969,dumbbell,3,0,D,diffdist_t4
-0.011315307539686485,-0.011440703934560962,0.039769363639479104,-6.810591654783774,-5.428404331207275,-0.0,0.19903832108689415,4.0,0.18490473647372851,0.1032102679319352,0.30929313268856157,319,1400,3,12.373259461365768,dumbbell,3,0,D,diffdist_t4
-0.00509679761840475,-0.003789803355689351,0.04871631636201191,-6.608540099237656,-4.051697731018066,-0.0,0.4842149999439222,4.0,0.19044098985339208,0.21396036351150785,0.6113732568288782,1323,1400,3,13.292811739534624,dumbbell,3,0,D,diffdist_t4
-0.01279254859557225,-0.008394825119837636,0.06296407286763109,-6.810443357303548,-5.126485347747803,-0.0,0.2745775221061053,4.0,0.2206233495383769,0.17197330045398856,0.38128100550689337,185,1400,3,14.409416562572522,dumbbell,3,0,D,diffdist_t4
-0.025644945626450134,-0.012939424229925766,0.03048215777160295,-6.847056843086943,-5.4095025062561035,-0.0,0.14170182015989574,4.0,0.196948062277911,0.12919123758088158,0.3350341700377138,1222,1400,3,15.33757314504347,dumbbell,3,0,D,diffdist_t4
-0.006731023282482527,-0.005381750921023203,0.040550404167170456,-6.452970173601994,-4.708112716674805,-0.0,0.4352540106986056,4.0,0.15660259891336684,0.12698100894621223,0.43416546667171685,190,1400,3,16.176736933411025,dumbbell,3,0,D,diffdist_t4
-0.00589890221209478,-0.0037836555751553755,0.04632817548798844,-6.703814636082748,-4.048555850982666,-0.0,0.5556167336153254,4.0,0.18771565850636734,0.2736511058514007,0.6279244502313875,975,1400,3,17.079064983670342,dumbbell,3,0,D,diffdist_t4
-0.007441893347612977,-0.0058651764672578354,0.04476837787197009,-6.464772836810651,-4.442965507507324,-0.0,0.4750346303540593,4.0,0.19403213937122588,0.18856515138665622,0.5580011898420789,1375,1400,3,17.851715608550524,dumbbell,3,0,D,diffdist_t4
-0.009008204287819737,-0.007602045638339093,0.008910144664795568,-6.770794174832047,-5.416100978851318,-0.0,-0.012275428471947611,4.0,0.19034691116301394,0.10877777245497655,0.3249043004596844,327,1400,3,18.427504263358866,dumbbell,3,0,D,diffdist_t4
-0.00875697667412504,-0.00592670211836522,0.018678175735387537,-6.660904781057224,-4.935542106628418,-0.0,0.1886056123741906,4.0,0.1693247133212664,0.1280555960826583,0.39430597718188853,281,1400,3,18.86173140901876,dumbbell,3,0,D,diffdist_t4
-0.018615250459706967,-0.0107562046886913,0.020022110713604727,-6.943697241008191,-5.342391490936279,-0.1875,0.11026241737375034,4.0,0.20306249932030535,0.15574902968070883,0.3644108057331644,1261,1400,3,19.292051405337936,dumbbell,3,0,D,diffdist_t4
-0.017897937156138733,-0.007278013882869797,0.013407988751533477,-6.790542799504301,-4.992758750915527,-0.0,0.17666429494717834,4.0,0.1966003447243413,0.15778553424593428,0.40242440371165167,630,1400,3,19.5323352139822,dumbbell,3,0,D,diffdist_t4
-0.02141919165004823,-0.01211444748819997,0.03388961537931071,-6.815916249079654,-5.205317974090576,-0.0,0.04588999565788049,4.0,0.1728911394835428,0.10484130364747385,0.3478179595944229,356,1400,3,19.59838014117316,dumbbell,3,0,D,diffdist_t4
-1.8676947260532473e-05,-1.2876400105506455e-05,0.02277652416540394,-6.118402775978197,-4.746341705322266,-0.0,0.3992554828171424,4.0,0.1534976528960066,0.09820989101465724,0.4260211693441256,208,1400,3,-22.548062598221478,dumbbell,3,0,D,diffdist_t8
-4.5985770018325e-05,-2.4026845315004616e-05,0.02439196590474268,-6.613398120954663,-5.273118019104004,-0.0,0.1641282811305877,4.0,0.16042634281399532,0.08649664596225773,0.31828584531701554,362,1400,3,-19.225024550522377,dumbbell,3,0,D,diffdist_t8
-2.8094232871557076e-05,-1.1356705818043918e-05,0.03312460362773876,-6.341482350418356,-4.821457386016846,-0.0,0.26024123945586597,4.0,0.17552118621481153,0.13045269728119038,0.4656333807890316,1088,1400,3,-11.762262800203482,dumbbell,3,0,D,diffdist_t8
-4.736266502148622e-05,-2.1368428321473188e-05,-0.0005373512390218493,-6.498564774765429,-5.392090797424316,-0.0625,0.06336006109469779,4.0,0.18113485469233856,0.10161044663855492,0.3412476104212908,915,1400,3,-3.5550526795521264,dumbbell,3,0,D,diffdist_t8
-6.785854594066567e-05,-2.5432538788763875e-05,0.0074721708760265735,-6.451455647784628,-5.166499137878418,-0.0,-0.07327859660781195,4.0,0.14945067613512497,0.07146775428854331,0.33941397404482193,361,1400,3,2.5102588071524714,dumbbell,3,0,D,diffdist_t8
-6.364632318002546e-05,-3.42468377172731e-05,-0.00756490296124553,-6.758259578844349,-5.55351448059082,-0.0,-0.10655572154450363,4.0,0.16977934040017062,0.07812267305814843,0.29220547987407103,405,1400,3,6.159382675542515,dumbbell,3,0,D,diffdist_t8
-2.6332582615600852e-05,-1.4106214983643499e-05,0.018364157893432084,-6.300324039455822,-5.03999662399292,-0.0,0.224106787543061,4.0,0.15072162687508311,0.08667475916346479,0.35783142242164123,919,1400,3,6.605360713324066,dumbbell,3,0,D,diffdist_t8
-7.105751366504254e-05,-4.229922814506235e-05,0.00970123916934618,-6.634424740772705,-5.361109256744385,-0.0,-0.05357097040316661,4.0,0.15063090109413296,0.06026160544374737,0.29193722091182184,1107,1400,3,7.3857094587224115,dumbbell,3,0,D,diffdist_t8
-9.760034216100655e-05,-3.9198936544932006e-05,0.017346804584569074,-6.611505917887563,-5.457343101501465,-0.0,0.0838032547323717,4.0,0.15712191764028807,0.07449302786915703,0.2844306417144326,661,1400,3,8.355744883799076,dumbbell,3,0,D,diffdist_t8
-1.0611273882801467e-05,-8.402176700806305e-06,-0.01058652935575639,-6.276237903870868,-4.56866455078125,-0.0,0.3122834551219082,4.0,0.15682837679839273,0.15130866093511613,0.48171462548323707,397,1400,3,9.178669145217661,dumbbell,3,0,D,diffdist_t8
-5.2363213907466474e-05,-2.7809374059365436e-05,0.011247742544862584,-6.666304973188934,-5.460117816925049,-0.0,0.17009486426106757,4.0,0.16596240439833243,0.07552354039858629,0.301492584020977,460,1400,3,10.291751725325792,dumbbell,3,0,D,diffdist_t8
-2.48198782244445e-05,-1.5117320256422806e-05,0.03497153076686113,-6.171902849393549,-4.960819721221924,-0.0,0.33947560158732853,4.0,0.16842471530931832,0.11688626518913948,0.37785034461385664,964,1400,3,11.41168825762969,dumbbell,3,0,D,diffdist_t8
-4.632838363434741e-05,-2.711805689326387e-05,0.02008806745020949,-6.538051418853934,-5.427158355712891,-0.0,0.08050602497219919,4.0,0.17830718354602135,0.0902542081532511,0.319057616284895,319,1400,3,12.373259461365768,dumbbell,3,0,D,diffdist_t8
-1.563690377900381e-05,-9.826491803407844e-06,0.04315240585344065,-6.362200405735232,-4.229095935821533,-0.0,0.4176201171884081,4.0,0.18727614353185423,0.17531611997546953,0.599286493368755,1323,1400,3,13.292811739534624,dumbbell,3,0,D,diffdist_t8
-4.555848730419002e-05,-2.096397773927067e-05,0.030336984744657784,-6.535697013152572,-5.096653938293457,-0.0,0.2329258105633525,4.0,0.1486145040410124,0.07911637700382247,0.33803409723291145,185,1400,3,14.409416562572522,dumbbell,3,0,D,diffdist_t8
-6.328850031161902e-05,-3.4703363313214416e-05,0.009527324813882847,-6.601537167974519,-5.402695655822754,-0.0,-0.04104171290306469,4.0,0.16728630159570868,0.08420223747884138,0.30588029789815324,1222,1400,3,15.33757314504347,dumbbell,3,0,D,diffdist_t8
-1.7245885161775577e-05,-1.1904290793102786e-05,0.02452963498642233,-6.115802488364533,-4.660698890686035,-0.0,0.5002410208291506,4.0,0.15004448965123926,0.1206450389651343,0.4407292200263544,190,1400,3,16.176736933411025,dumbbell,3,0,D,diffdist_t8
-1.8230648979873083e-05,-1.0483066820812451e-05,0.03655286202867878,-6.490318556020123,-4.33917236328125,-0.0625,0.4884334805357583,4.0,0.18771615073430653,0.24606178701717138,0.6053439578435263,975,1400,3,17.079064983670342,dumbbell,3,0,D,diffdist_t8
-1.6508613031877196e-05,-1.3241484664745304e-05,0.02412863228938054,-6.13875105749878,-4.3740410804748535,-0.0,0.5534772404407473,4.0,0.1820864302854962,0.18385834298304324,0.565627527629824,1375,1400,3,17.851715608550524,dumbbell,3,0,D,diffdist_t8
-1.9197181066969255e-05,-1.8911902891966087e-05,-0.004375164053166872,-6.494230231868086,-5.435100078582764,-0.125,0.11039346298783116,4.0,0.17652516085739495,0.08176300202418035,0.3085242840495916,327,1400,3,18.427504263358866,dumbbell,3,0,D,diffdist_t8
-2.940336987290591e-05,-1.3321609597600712e-05,0.0035789371040217738,-6.401947076563903,-4.943009853363037,-0.0,0.2086722490645288,4.0,0.15702391641929864,0.1074690422096985,0.39914211996084703,281,1400,3,18.86173140901876,dumbbell,3,0,D,diffdist_t8
-5.831341649540703e-05,-3.053583053243414e-05,0.0023997721332513593,-6.71014525326664,-5.4217305183410645,-0.0,0.07486184348994167,4.0,0.18169089257429316,0.10537445267902301,0.33021981930322586,1261,1400,3,19.292051405337936,dumbbell,3,0,D,diffdist_t8
-4.4045857361495536e-05,-1.9194702853122904e-05,0.008138735593446442,-6.528063379859136,-4.907308578491211,-0.0,0.1826508987400502,4.0,0.14687372634469006,0.08473014068072805,0.3984497791212218,630,1400,3,19.5323352139822,dumbbell,3,0,D,diffdist_t8
-5.2136677715739746e-05,-3.036697539874744e-05,-0.0045952428687991145,-6.5200297192419505,-5.233821868896484,-0.0,-0.03315618730682847,4.0,0.1549053166509302,0.07668238545461556,0.345269423149996,356,1400,3,19.59838014117316,dumbbell,3,0,D,diffdist_t8
-15.03100647967274,-24.89367485326683,0.0,-7.158276835060125,-3.8655791456676525e-08,-0.0,1.0,2.0,0.0,0.9768316469007547,0.9843214611323667,208,1400,3,-22.548062598221478,dumbbell,3,0,D,heatgeo_t
-15.026213245435928,-24.981953868198215,0.0,-7.158278256014137,-3.8655791456676525e-08,-0.0,1.0,2.0,0.0,0.984830508220725,0.9901144154060529,362,1400,3,-19.225024550522377,dumbbell,3,0,D,heatgeo_t
-14.811603508989236,-25.53734129053748,0.0,-7.15827713183515,-3.8655791456676525e-08,-0.0,1.0,2.0,0.0,0.9787610240125232,0.9854663600688441,1088,1400,3,-11.762262800203482,dumbbell,3,0,D,heatgeo_t
-14.040163706205783,-22.706074047908327,0.0,-7.158278056817597,-3.8655791456676525e-08,-0.0,1.0,2.0,0.0,0.9838874704064382,0.9889714873519416,915,1400,3,-3.5550526795521264,dumbbell,3,0,D,heatgeo_t
-14.823703302514604,-23.94864960157837,0.0,-7.158277625918863,-3.8655791456676525e-08,-0.0,1.0,1.0,0.0,0.9810541661835959,0.9870981001658357,361,1400,3,2.5102588071524714,dumbbell,3,0,D,heatgeo_t
-15.412413766075485,-25.710405286095156,0.0,-7.15827830502878,-3.8655791456676525e-08,-0.0,1.0,1.0,0.0,0.9850879338541341,0.9904091589353948,405,1400,3,6.159382675542515,dumbbell,3,0,D,heatgeo_t
-14.418715679931893,-23.633677795979246,0.0,-7.158276909571208,-3.8655791456676525e-08,-0.0,1.0,1.0,0.0,0.9764691171240165,0.9849988376690644,919,1400,3,6.605360713324066,dumbbell,3,0,D,heatgeo_t
-15.535239223174264,-25.616849978703623,0.0,-7.15827779388991,-3.8655791456676525e-08,-0.0,1.0,1.0,0.0,0.9820431595128646,0.988462160202693,1107,1400,3,7.3857094587224115,dumbbell,3,0,D,heatgeo_t
-14.125818071358395,-21.10840402629735,0.0,-7.158276967892699,-3.8655791456676525e-08,-0.0,1.0,2.0,0.0,0.9762741008085086,0.9865309367849969,661,1400,3,8.355744883799076,dumbbell,3,0,D,heatgeo_t
-14.602076829705721,-23.283801348480836,0.0,-7.158276408233764,-3.8655791456676525e-08,-0.0,1.0,2.0,0.0,0.9733789328297576,0.9853035318542557,397,1400,3,9.178669145217661,dumbbell,3,0,D,heatgeo_t
-15.583935397475617,-25.693521030554166,0.0,-7.158278237178704,-3.8655791456676525e-08,-0.0,1.0,2.0,0.0,0.9846545928014301,0.9897960675079539,460,1400,3,10.291751725325792,dumbbell,3,0,D,heatgeo_t
-15.276220081574914,-24.11585307779602,0.0,-7.158276715437403,-3.8655791456676525e-08,-0.0,1.0,1.0,0.0,0.9756641952242721,0.9851317873729273,964,1400,3,11.41168825762969,dumbbell,3,0,D,heatgeo_t
-15.403892166779046,-26.220895105279965,0.0,-7.158277910593484,-3.8655791456676525e-08,-0.0,1.0,2.0,0.0,0.9828095096452938,0.9888267362499351,319,1400,3,12.373259461365768,dumbbell,3,0,D,heatgeo_t
-14.81907672600435,-23.498735194153117,0.0,-7.1582756945602615,-3.8655791456676525e-08,-0.0,1.0,2.0,0.0,0.970144394550599,0.982849847886511,1323,1400,3,13.292811739534624,dumbbell,3,0,D,heatgeo_t
-13.80510667597857,-21.812450452645468,0.0,-7.1582767678007375,-3.8655791456676525e-08,-0.0,1.0,1.0,0.0,0.975914173680724,0.9844502651803926,185,1400,3,14.409416562572522,dumbbell,3,0,D,heatgeo_t
-14.956120060980671,-23.883343925131918,0.0,-7.158277575054152,-3.8655791456676525e-08,-0.0,1.0,3.0,0.0,0.9807919976269022,0.9874548342936892,1222,1400,3,15.33757314504347,dumbbell,3,0,D,heatgeo_t
-15.406910496281142,-24.839753822887563,0.0,-7.158276642558034,-3.8655791456676525e-08,-0.0,1.0,1.0,0.0,0.9756927709656331,0.9844430204638944,190,1400,3,16.176736933411025,dumbbell,3,0,D,heatgeo_t
-14.75900541062636,-23.48558730305439,0.0,-7.158276281738531,-3.8655791456676525e-08,-0.0,1.0,2.0,0.0,0.9741768234745242,0.9829838219564951,975,1400,3,17.079064983670342,dumbbell,3,0,D,heatgeo_t
-16.053045716461504,-26.703686899294638,0.0,-7.158276398377586,-3.8655791456676525e-08,-0.0,1.0,1.0,0.0,0.974581634450136,0.9832317652990289,1375,1400,3,17.851715608550524,dumbbell,3,0,D,heatgeo_t
-15.890655041130453,-27.04250516683876,0.0,-7.158277871876593,-3.8655791456676525e-08,-0.0,1.0,1.0,0.0,0.9826069505924195,0.9882602326665103,327,1400,3,18.427504263358866,dumbbell,3,0,D,heatgeo_t
-15.484889939616805,-25.111559531857342,0.0,-7.158277603612495,-3.8655791456676525e-08,-0.0,1.0,1.0,0.0,0.9810736830508667,0.987603924976686,281,1400,3,18.86173140901876,dumbbell,3,0,D,heatgeo_t
-14.230148373965799,-21.86574854921549,0.0,-7.158277705125827,-3.8655791456676525e-08,-0.0,1.0,1.0,0.0,0.9810056131744715,0.9884298720670062,1261,1400,3,19.292051405337936,dumbbell,3,0,D,heatgeo_t
-14.446269141180156,-23.03975139496523,0.0,-7.158276980468388,-3.8655791456676525e-08,-0.0,1.0,3.0,0.0,0.976972153926155,0.9856339108793053,630,1400,3,19.5323352139822,dumbbell,3,0,D,heatgeo_t
-14.974996968778793,-23.563406623189305,0.0,-7.158278285878364,-3.8655791456676525e-08,-0.0,1.0,1.0,0.0,0.9852065770669675,0.9900024272259423,356,1400,3,19.59838014117316,dumbbell,3,0,D,heatgeo_t
-14.70781653388659,-23.935544817817828,0.0,-7.158276443363295,-3.8655791456676525e-08,-0.0,1.0,2.0,0.0,0.9743184383500009,0.9826289201534986,208,1400,3,-22.548062598221478,dumbbell,3,0,D,heatgeo_4t
-14.705828509238616,-24.033971773456138,0.0,-7.158278035756388,-3.8655791456676525e-08,-0.0,1.0,2.0,0.0,0.9831948762369527,0.9890521330685454,362,1400,3,-19.225024550522377,dumbbell,3,0,D,heatgeo_4t
-14.475332358977118,-24.602893028351513,0.0,-7.158276776512023,-3.8655791456676525e-08,-0.0,1.0,2.0,0.0,0.9764608083656678,0.9838996861258443,1088,1400,3,-11.762262800203482,dumbbell,3,0,D,heatgeo_4t
-13.662229957969792,-21.707621133385278,0.0,-7.1582778129459275,-3.8655791456676525e-08,-0.0,1.0,2.0,0.0,0.9821496010525588,0.9877851521998245,915,1400,3,-3.5550526795521264,dumbbell,3,0,D,heatgeo_4t
-14.48966001561247,-22.97055148010114,0.0,-7.158277330635961,-3.8655791456676525e-08,-0.0,1.0,1.0,0.0,0.9790050516556839,0.9857085047024021,361,1400,3,2.5102588071524714,dumbbell,3,0,D,heatgeo_4t
-15.120928478925904,-24.7932564080831,0.0,-7.1582780909343695,-3.8655791456676525e-08,-0.0,1.0,1.0,0.0,0.9834812992007314,0.9893796269531485,405,1400,3,6.159382675542515,dumbbell,3,0,D,heatgeo_4t
-14.055633748071905,-22.642401324782707,0.0,-7.158276527279383,-3.8655791456676525e-08,-0.0,1.0,1.0,0.0,0.9739165304271128,0.9833808415272061,919,1400,3,6.605360713324066,dumbbell,3,0,D,heatgeo_4t
-15.251228075230937,-24.69353425990182,0.0,-7.158277519362448,-3.8655791456676525e-08,-0.0,1.0,1.0,0.0,0.9801040274615547,0.9872214905181048,1107,1400,3,7.3857094587224115,dumbbell,3,0,D,heatgeo_4t
-13.74724633711005,-20.080779099749822,0.0,-7.1582765932693775,-3.8655791456676525e-08,-0.0,1.0,2.0,0.0,0.9737006873645414,0.9850797075431742,661,1400,3,8.355744883799076,dumbbell,3,0,D,heatgeo_4t
-14.246605480141648,-22.279355187231197,0.0,-7.158275963840355,-3.8655791456676525e-08,-0.0,1.0,2.0,0.0,0.9704842981535093,0.9837190431535671,397,1400,3,9.178669145217661,dumbbell,3,0,D,heatgeo_4t
-15.303521197951861,-24.770871031785084,0.0,-7.158278014992435,-3.8655791456676525e-08,-0.0,1.0,2.0,0.0,0.9830002066391779,0.9886994760472481,460,1400,3,10.291751725325792,dumbbell,3,0,D,heatgeo_4t
-14.969005106780449,-23.136331247826135,0.0,-7.158276309214622,-3.8655791456676525e-08,-0.0,1.0,1.0,0.0,0.9730229320336536,0.9835283194557888,964,1400,3,11.41168825762969,dumbbell,3,0,D,heatgeo_4t
-15.110959115322183,-25.31856638933892,0.0,-7.158277649539372,-3.8655791456676525e-08,-0.0,1.0,2.0,0.0,0.9809530719444861,0.9876256519984915,319,1400,3,12.373259461365768,dumbbell,3,0,D,heatgeo_4t
-14.480440627015668,-22.504409699992365,0.0,-7.158275160030568,-3.8655791456676525e-08,-0.0,1.0,2.0,0.0,0.9668910628947596,0.9809971204238037,1323,1400,3,13.292811739534624,dumbbell,3,0,D,heatgeo_4t
-13.409990570244645,-20.792872242130674,0.0,-7.1582763680819355,-3.8655791456676525e-08,-0.0,1.0,1.0,0.0,0.9733008302588942,0.9827729117518349,185,1400,3,14.409416562572522,dumbbell,3,0,D,heatgeo_4t
-14.63008125793507,-22.90484311432708,0.0,-7.158277273814754,-3.8655791456676525e-08,-0.0,1.0,3.0,0.0,0.9787140800625279,0.9861041800247764,1222,1400,3,15.33757314504347,dumbbell,3,0,D,heatgeo_4t
-15.108716827789973,-23.879349260950907,0.0,-7.158276227144013,-3.8655791456676525e-08,-0.0,1.0,1.0,0.0,0.9730542651138775,0.9827636964607768,190,1400,3,16.176736933411025,dumbbell,3,0,D,heatgeo_4t
-14.417269301357681,-22.491468657430513,0.0,-7.158275821317163,-3.8655791456676525e-08,-0.0,1.0,2.0,0.0,0.9713706971344682,0.981147168995862,975,1400,3,17.079064983670342,dumbbell,3,0,D,heatgeo_4t
-15.80286879154147,-25.806271367576763,0.0,-7.158275952493722,-3.8655791456676525e-08,-0.0,1.0,1.0,0.0,0.9718197849300161,0.9814203239168416,1375,1400,3,17.851715608550524,dumbbell,3,0,D,heatgeo_4t
-15.6315107298404,-26.1671300070315,0.0,-7.158277606269079,-3.8655791456676525e-08,-0.0,1.0,1.0,0.0,0.9807292872195569,0.9869959724786002,327,1400,3,18.427504263358866,dumbbell,3,0,D,heatgeo_4t
-15.192738229925093,-24.161875944483906,0.0,-7.1582773055547175,-3.8655791456676525e-08,-0.0,1.0,1.0,0.0,0.9790269831942607,0.9862681952061908,281,1400,3,18.86173140901876,dumbbell,3,0,D,heatgeo_4t
-13.85986382147266,-20.850574592390515,0.0,-7.158277419816986,-3.8655791456676525e-08,-0.0,1.0,1.0,0.0,0.9789523716113449,0.9871854153836219,1261,1400,3,19.292051405337936,dumbbell,3,0,D,heatgeo_4t
-14.086866251650447,-22.039107664849517,0.0,-7.158276607122577,-3.8655791456676525e-08,-0.0,1.0,3.0,0.0,0.9744752118918407,0.9840847658330591,630,1400,3,19.5323352139822,dumbbell,3,0,D,heatgeo_4t
-14.653200945319615,-22.583451206635004,0.0,-7.158278069131516,-3.8655791456676525e-08,-0.0,1.0,3.0,0.0,0.9836124776472074,0.9889280707226535,356,1400,3,19.59838014117316,dumbbell,3,0,D,heatgeo_4t
-0.28138869885965884,-0.14690404774159654,0.02277493702874482,-6.958665486799525,-4.945186614990234,-0.0,0.33934744933629574,3.0,0.20034933720062004,0.1337512287423984,0.4323421426612942,208,1400,3,-22.548062598221478,dumbbell,3,0,D,fb_potential
-0.0780524008084819,-0.06340746424126885,0.049088905711624865,-6.945708715151191,-4.908786773681641,-0.0,0.25956852113635903,3.0,0.23838561448889756,0.1579331619981013,0.47809123882146765,362,1400,3,-19.225024550522377,dumbbell,3,0,D,fb_potential
-0.16946475148051765,-0.1112068259157241,0.048138863453552144,-6.97419277463169,-5.114138603210449,-0.0,0.33406794984013893,3.0,0.23400005592755996,0.15439352807276802,0.4494892670822436,1088,1400,3,-11.762262800203482,dumbbell,3,0,D,fb_potential
-0.14113579431863796,-0.1028241465013056,-0.052329498252624035,-7.001795607887706,-5.196103572845459,-0.125,0.10153469410882893,1.0,0.2516339666590657,0.16464354331249187,0.4726406650082414,915,1400,3,-3.5550526795521264,dumbbell,3,0,D,fb_potential
-0.20400014772413638,-0.12091909271883337,0.04722805840667311,-6.965344920940794,-5.103240966796875,-0.0,0.3606153517753985,2.0,0.24631158189377245,0.15777482117666333,0.4458110776854578,361,1400,3,2.5102588071524714,dumbbell,3,0,D,fb_potential
-0.2024744957756272,-0.1027672611446006,0.07119387315702908,-6.961501945380191,-4.750256538391113,-0.0,0.3421512240939766,3.0,0.23442384607574038,0.15945405198782026,0.49922003437849616,405,1400,3,6.159382675542515,dumbbell,3,0,D,fb_potential
-0.07961564409385258,-0.09214914794110342,0.016788584131229002,-6.978262269331757,-5.094677448272705,-0.0,0.4387576568188388,3.0,0.2248510689471516,0.14661108250124683,0.4331839338751555,919,1400,3,6.605360713324066,dumbbell,3,0,D,fb_potential
-0.12915935458555203,-0.10932894817143,0.018007427434297948,-6.964522641195283,-4.801929950714111,-0.0,0.15343700721636294,3.0,0.22421341282122395,0.15828734007038522,0.48726341665941697,1107,1400,3,7.3857094587224115,dumbbell,3,0,D,fb_potential
-0.02132344697928823,-0.03650870158616204,0.054450334301480934,-6.966958533922643,-4.687379837036133,-0.3125,0.33592667908837637,3.0,0.237170829400627,0.18210787157030514,0.601493424036495,661,1400,3,8.355744883799076,dumbbell,3,0,D,fb_potential
-0.05255288568871973,-0.046076746022044895,-0.009560662485159332,-6.894443434866863,-4.597467422485352,-0.0,0.18970963183686193,3.0,0.22231417277562496,0.15722222389437118,0.5124158184308295,397,1400,3,9.178669145217661,dumbbell,3,0,D,fb_potential
-0.11382736242658617,-0.11355314045102677,0.054469532401261726,-6.972965885387093,-5.0628509521484375,-0.0,0.30128069223469767,3.0,0.24719178325336927,0.16111355547054593,0.46118136453568126,460,1400,3,10.291751725325792,dumbbell,3,0,D,fb_potential
-0.15449241117985102,-0.1429242246834577,0.055380181637901885,-6.9688010258979345,-4.936436653137207,-0.0,0.26815917051155813,1.0,0.23380605021720585,0.1562179433179459,0.48172411338441573,964,1400,3,11.41168825762969,dumbbell,3,0,D,fb_potential
-0.18566757448441668,-0.12669388020744343,0.03806300432958523,-6.994993590834989,-5.214406967163086,-0.0,0.392067716594766,1.0,0.24589278832789563,0.16655458473810467,0.4651268012111564,319,1400,3,12.373259461365768,dumbbell,3,0,D,fb_potential
-0.14510263107800264,-0.08090861631692921,0.006631009950833072,-6.957866702267901,-4.922922134399414,-0.0,0.3263805187208658,3.0,0.20529109780541016,0.13528378106451347,0.44697237909296283,1323,1400,3,13.292811739534624,dumbbell,3,0,D,fb_potential
-0.1293725831652,-0.0856090560887311,-0.03607851737976892,-6.960753851950683,-4.680751800537109,-0.125,0.1845114140825697,1.0,0.2083468381012007,0.15733524988197148,0.4876316359478196,185,1400,3,14.409416562572522,dumbbell,3,0,D,fb_potential
-0.049346691221620546,-0.10576837804053278,0.05931643577157865,-6.963980327212788,-4.767788410186768,-0.0625,0.3695904571337947,3.0,0.24422764226699392,0.18119894941822332,0.5278389339061608,1222,1400,3,15.33757314504347,dumbbell,3,0,D,fb_potential
-0.16418223470055732,-0.14348091080578404,0.012916983657930191,-6.968150223025281,-5.033775806427002,-0.0,0.31630568447444457,3.0,0.22065049430340855,0.13872495241235308,0.421370600384197,190,1400,3,16.176736933411025,dumbbell,3,0,D,fb_potential
-0.1294433111939164,-0.10372388181061608,0.020355808978871362,-6.995337815884584,-5.21363639831543,-0.0625,0.2804709714884718,3.0,0.23267166801168773,0.14798577267974616,0.4208893696135826,975,1400,3,17.079064983670342,dumbbell,3,0,D,fb_potential
-0.14345216414356368,-0.1280320264080774,-0.020753408003026105,-6.9625095919417,-5.234394073486328,-0.0,0.2685931297666414,3.0,0.22712162924599638,0.12889676837712152,0.3906617354631257,1375,1400,3,17.851715608550524,dumbbell,3,0,D,fb_potential
-0.20632824574262063,-0.17405337177961286,0.030254055822622097,-6.988357871522078,-5.159711837768555,-0.0,0.2525026211974355,3.0,0.2358711208548406,0.15688163737116087,0.45294564007728616,327,1400,3,18.427504263358866,dumbbell,3,0,D,fb_potential
-0.14475275981762464,-0.11522390496710294,0.05148211970115847,-6.9614019942755245,-4.891275882720947,-0.0,0.3949467364716698,3.0,0.2157424690272708,0.13949283867153994,0.4968250786853868,281,1400,3,18.86173140901876,dumbbell,3,0,D,fb_potential
-0.07566069784833146,-0.08623546069259376,0.019576521264455034,-7.017680185931097,-4.903618812561035,-0.375,0.19123740137727285,2.0,0.23122588897210897,0.18666694420310098,0.500293839282253,1261,1400,3,19.292051405337936,dumbbell,3,0,D,fb_potential
-0.12065078136019153,-0.09014877140625284,0.04293780636948742,-6.99890122764265,-5.231231689453125,-0.0625,0.2689613044369627,3.0,0.2478926986370587,0.1605675581400451,0.45044673876981034,630,1400,3,19.5323352139822,dumbbell,3,0,D,fb_potential
-0.08859705544591184,-0.09244194527345291,0.00622740984252616,-6.983153611743295,-4.8879570960998535,-0.0625,0.32141861321091963,3.0,0.23574494892679443,0.17193696871974606,0.49169062080488296,356,1400,3,19.59838014117316,dumbbell,3,0,D,fb_potential
-0.022925460136966575,-0.04184747986336393,-0.019894108333365586,-7.1187447724084105,-5.275537014007568,-0.6875,0.18643879960629928,3.0,0.23684190650256173,0.2018798202717448,0.4680769207069069,139,1400,3,-22.5473601470225,dumbbell,3,1,A,oracle
-0.0265240242219339,-0.03739962478933258,-0.002858570738728,-7.118678305158662,-5.344067573547363,-0.8125,0.11544527348432872,3.0,0.23855507163261175,0.18346551717156698,0.45663671957474744,345,1400,3,-19.54807815522921,dumbbell,3,1,A,oracle
-0.018017616957854848,-0.02360286489950277,-0.0066366136727831464,-7.108059795496398,-5.177906036376953,-0.4375,0.1604812059623042,3.0,0.22268280827347336,0.19824420489176847,0.45707713754591545,567,1400,3,-12.932922920056045,dumbbell,3,1,A,oracle
0.00032226650413981836,-0.008312142350519146,-0.009779073209758253,-7.117512565408951,-5.362030029296875,-0.6875,0.2772696591966417,3.0,0.2535138552806317,0.22745039309789997,0.4637598502212782,957,1400,3,-4.475007189638757,dumbbell,3,1,A,oracle
0.011068823782045474,0.008621847165873145,0.01816100756583368,-7.094670712047594,-5.2812676429748535,-0.1875,0.10068978080700557,3.0,0.24064892189648845,0.17965276015086393,0.4434173915399576,1152,1400,3,3.9266380383469093,dumbbell,3,1,A,oracle
0.025649033213873098,0.039269363157671676,0.015296628839418607,-7.0533411786343665,-5.2617082595825195,-0.0,0.5572242380849111,3.0,0.2739789937672601,0.2558075861734179,0.4628134534266791,23,1400,3,6.366942189056861,dumbbell,3,1,A,oracle
0.03124251241542265,0.04779297579146818,-0.008989281174364473,-7.046978060906373,-4.936662197113037,-0.0,0.5239484993444521,3.0,0.2217406891407967,0.2241053611171639,0.5009584024096221,705,1400,3,6.844623507345642,dumbbell,3,1,A,oracle
0.02895031570533042,0.04999235534893339,0.01131946869837824,-7.029943558080245,-4.878660202026367,-0.0,0.53709607355361,3.0,0.2239056384218222,0.18800355816684963,0.5048227157950365,1234,1400,3,7.521507126122807,dumbbell,3,1,A,oracle
0.03067039397677485,0.04848318398615202,0.02042567087952566,-7.030403788140023,-4.919907569885254,-0.0,0.4388985216707749,3.0,0.2138984510307192,0.16708026587753247,0.48310354115318144,1360,1400,3,8.426042437960886,dumbbell,3,1,A,oracle
0.036397459729449216,0.05747283717840624,0.010456265652897232,-7.031700512670127,-4.78102970123291,-0.0,0.3229816245954542,3.0,0.2000134063473037,0.17052004916677413,0.5162007128595127,1389,1400,3,9.332303695601677,dumbbell,3,1,A,oracle
0.03751131553925615,0.054460496279478035,0.024872865102597445,-7.03056636027682,-4.874938011169434,-0.0,0.34413490519223977,3.0,0.21070901492217337,0.1784028446364342,0.5049683434950539,771,1400,3,10.45608464159697,dumbbell,3,1,A,oracle
0.047138234903489576,0.06504636303750286,0.03202601090210598,-7.056011407247411,-5.009112358093262,-0.0,0.46788244648209726,3.0,0.239970988254446,0.2265275776709373,0.5041430759246467,337,1400,3,11.680628763081609,dumbbell,3,1,A,oracle
0.04060049996693519,0.0628019903719086,0.014923768175814471,-7.044679258808216,-4.988276958465576,-0.0,0.3845594538582466,3.0,0.2240209436312558,0.1963475288848677,0.5051151546013387,868,1400,3,12.58921273445755,dumbbell,3,1,A,oracle
0.04085426723438312,0.031398052112087224,0.02461557368655854,-7.082607015080896,-5.227383613586426,-0.125,0.2874003305686387,3.0,0.25859683543205525,0.20764513307688648,0.48720758441416423,584,1400,3,13.716086562755594,dumbbell,3,1,A,oracle
0.05096586501658764,0.0722886223931241,0.020806351326977807,-7.04637932216678,-4.895679950714111,-0.0,0.5054452308667339,3.0,0.23165427549582374,0.19799560117089074,0.5238065134139449,1131,1400,3,14.727809699382144,dumbbell,3,1,A,oracle
0.03314019255460072,0.041724153897054535,0.007979716138320152,-7.094347442763338,-5.075754642486572,-0.0625,0.2579604815328257,3.0,0.23029490055517526,0.2191667662976934,0.5011746119493785,1242,1400,3,15.448150608364811,dumbbell,3,1,A,oracle
0.047578441605178455,0.070742596932434,0.018757438441244473,-7.044454398763773,-4.838282585144043,-0.0,0.36732803086169463,3.0,0.21535519781609747,0.1866798515931735,0.5035275626136225,760,1400,3,16.44847809418128,dumbbell,3,1,A,oracle
0.036508576993595616,0.04289153714575099,0.02898739159289896,-7.0640340672016615,-4.9960713386535645,-0.0,0.38997680824455777,3.0,0.20908858396448265,0.14015276802166068,0.46363861505252246,818,1400,3,17.183175550659318,dumbbell,3,1,A,oracle
0.04556699117440179,0.06664334452715528,0.027775856462417002,-7.043009729514649,-4.879636287689209,-0.0,0.49495509990898123,3.0,0.22851365999841838,0.18230707728138185,0.5296417559665894,33,1400,3,17.845054462424237,dumbbell,3,1,A,oracle
0.05466309814929145,0.07621259934964003,0.010773827565062035,-7.061982919569846,-4.9386725425720215,-0.0,0.1782408588463117,3.0,0.246518107944793,0.2218118948399028,0.526711619501808,757,1400,3,18.477853740953684,dumbbell,3,1,A,oracle
0.04735680667903058,0.06591445311506722,0.01432985221236276,-7.067569587971368,-4.858205795288086,-0.0625,0.17074561780774578,3.0,0.22096143838413612,0.20566218694278607,0.49854388644832537,1033,1400,3,18.953242809572938,dumbbell,3,1,A,oracle
0.04945716134908641,0.0649445707016644,0.02548767976397237,-7.070071350079361,-4.992486953735352,-0.0625,0.1385646621144253,3.0,0.2309738535394737,0.20330521093427367,0.49336215711019477,935,1400,3,19.316911019284742,dumbbell,3,1,A,oracle
0.05112306837381451,0.06735709372531717,0.02813117903614549,-7.068016934430798,-5.073095321655273,-0.0625,0.4852091197552387,3.0,0.25194073713663145,0.21240994149731615,0.5037601081005473,417,1400,3,19.53154101653702,dumbbell,3,1,A,oracle
0.04994750001648027,0.06754050665650188,0.0023130967860893904,-7.060573895525301,-4.753969192504883,-0.0,0.1449846241655786,3.0,0.21102041335373856,0.2220576930581113,0.5225142746575311,1008,1400,3,19.598409833538604,dumbbell,3,1,A,oracle
-0.05762521545018924,-0.08372895252667721,0.0007842821641252714,-7.078677940701431,-5.23922061920166,-0.6875,0.18500880101964154,3.0,0.2281063216558473,0.17532837973132476,0.4878139631841156,139,1400,3,-22.5473601470225,dumbbell,3,1,B,plain
-0.07809278491784631,-0.07545926146441831,-0.01526231379582747,-7.071064088449894,-5.2412309646606445,-0.4375,0.0967419198446754,3.0,0.2250978558471138,0.16073587275984064,0.46552961490201084,345,1400,3,-19.54807815522921,dumbbell,3,1,B,plain
-0.08827688336117621,-0.08096126082713866,-0.02307264303641468,-7.059073922244318,-5.147003173828125,-0.25,0.19073672663640534,3.0,0.2160908358492022,0.17127653659781902,0.47378039622794205,567,1400,3,-12.932922920056045,dumbbell,3,1,B,plain
-0.0777521889228403,-0.04255793850462386,0.004363832559405385,-7.076751223591446,-5.340621471405029,-0.5625,0.13965086340321217,3.0,0.24758019003712653,0.19495791193745104,0.46792221762440794,957,1400,3,-4.475007189638757,dumbbell,3,1,B,plain
-0.027081337621726705,-0.036097101103085866,0.015046702677053112,-7.051549117244795,-5.297469615936279,-0.1875,0.19358110032986434,3.0,0.23629193606591292,0.1562748523353316,0.45292781120529507,1152,1400,3,3.9266380383469093,dumbbell,3,1,B,plain
0.026689194930251053,0.040100893194606455,0.018663074678185308,-6.991424338245327,-5.215476989746094,-0.0,0.4257814385251766,3.0,0.2686149643203942,0.22157118111575985,0.48465694827347705,23,1400,3,6.366942189056861,dumbbell,3,1,B,plain
-0.0067866010835267105,0.012002710473422919,0.004845520923346288,-6.9671196406841815,-4.846496105194092,-0.0,0.49735114764858346,3.0,0.2106104057805451,0.19232788724741023,0.5119283621448164,705,1400,3,6.844623507345642,dumbbell,3,1,B,plain
-0.000293517304696057,-0.002136570722882016,0.027913509166562534,-6.9369202474457605,-4.807181358337402,-0.0,0.5375014128508708,3.0,0.21502815687804372,0.1626275577435474,0.5355841702070125,1234,1400,3,7.521507126122807,dumbbell,3,1,B,plain
-0.0278371608426238,0.00996964527190929,0.005985127938525986,-6.9571089224916305,-4.903983116149902,-0.0,0.39194438298257817,3.0,0.20908480280667036,0.14516079120987407,0.4988650680334317,1360,1400,3,8.426042437960886,dumbbell,3,1,B,plain
0.00967356391370357,0.01035348038789357,0.00545925783634402,-6.9569290983950465,-4.7923173904418945,-0.0,0.4418356075454204,3.0,0.19231042437545348,0.1488475220762414,0.5128552422312269,1389,1400,3,9.332303695601677,dumbbell,3,1,B,plain
-0.03312959518636623,-0.009955004863476443,0.014593613739601417,-6.952898351567205,-4.9228644371032715,-0.0,0.3880738794442791,3.0,0.20713116578174434,0.15901100325081965,0.49690056499673585,771,1400,3,10.45608464159697,dumbbell,3,1,B,plain
0.03714751258117192,0.037452891687516025,0.04786938528550333,-6.98054144952378,-4.950579643249512,-0.0,0.4280005438230103,3.0,0.23126344757912937,0.19462041033983749,0.5259232678855974,337,1400,3,11.680628763081609,dumbbell,3,1,B,plain
0.015157100088983693,0.004774102315459884,0.010878110282259585,-6.97129727041613,-5.003322124481201,-0.0,0.40993901385071396,3.0,0.22048235993643525,0.1688299891657951,0.4975988627680306,868,1400,3,12.58921273445755,dumbbell,3,1,B,plain
-0.010165812996404951,-0.004175238454743276,0.034354542588968265,-7.0286327596267775,-5.186157703399658,-0.25,0.13387397533228482,3.0,0.24723180993079574,0.1822403802281727,0.5042640437792674,584,1400,3,13.716086562755594,dumbbell,3,1,B,plain
0.01687383649009748,0.031912449030255356,0.015586523636392279,-6.975067711075596,-4.88060188293457,-0.0625,0.3924558890348864,3.0,0.22291575578347314,0.17204400051474963,0.5253957543850037,1131,1400,3,14.727809699382144,dumbbell,3,1,B,plain
0.005575906475192203,-0.013440937228261698,0.00650793815372578,-7.0405302487704535,-5.024880409240723,-0.125,0.2026511185102931,3.0,0.22158706576747567,0.1894736731087676,0.5086509936808219,1242,1400,3,15.448150608364811,dumbbell,3,1,B,plain
0.002023000969858436,0.04360592835287152,0.01433006076282553,-6.954826072569034,-4.823061943054199,-0.0,0.3894270191428821,3.0,0.20826025165425263,0.16346746587955843,0.5157862600329634,760,1400,3,16.44847809418128,dumbbell,3,1,B,plain
-0.030368291426090113,-0.010725282840785465,0.024993448469382635,-6.9999071622428595,-5.00753927230835,-0.0,0.08103353013489513,3.0,0.20304719844317368,0.12369761166051096,0.47367917954713545,818,1400,3,17.183175550659318,dumbbell,3,1,B,plain
0.041995814870986414,0.02662342916182529,0.03336516383676483,-6.952603061909152,-4.852626800537109,-0.0,0.44202963102174986,3.0,0.22336219147835243,0.16227619668509222,0.5348450265908901,33,1400,3,17.845054462424237,dumbbell,3,1,B,plain
0.010377534693706766,0.03227525661193878,0.02921308641066846,-6.990475514589586,-4.899395942687988,-0.0,0.3794007805611669,3.0,0.2381905810159467,0.19099063856342793,0.5423836063490446,757,1400,3,18.477853740953684,dumbbell,3,1,B,plain
0.0018724838899787071,0.022631608902529177,-0.005542953723257043,-6.9943908183177035,-4.838430404663086,-0.0,0.303065837205934,3.0,0.21185671989774132,0.17689231512248135,0.520656790602065,1033,1400,3,18.953242809572938,dumbbell,3,1,B,plain
-0.0033485853256965195,0.008332498696194702,0.02878081468683661,-6.9966447039288955,-4.921356678009033,-0.0,0.13379482835315176,3.0,0.21839205467621625,0.17703478014463994,0.5135837429136789,935,1400,3,19.316911019284742,dumbbell,3,1,B,plain
0.005346758822645621,0.03343625328490782,0.029632104978517336,-6.989961091693956,-5.0120015144348145,-0.0,0.347629284845263,3.0,0.24286271658006564,0.18410348183516792,0.5209586079083983,417,1400,3,19.53154101653702,dumbbell,3,1,B,plain
0.01073628380737675,0.026792819148865405,0.007890255489022429,-6.9738920836964,-4.753423690795898,-0.0,0.29866176953872653,2.0,0.20617849781611053,0.1914261387970847,0.5441040803552863,1008,1400,3,19.598409833538604,dumbbell,3,1,B,plain
-0.05002545170399449,-0.07195974688166086,-0.023332595827974076,-7.074931068801682,-5.1493096351623535,-0.6875,0.21964329201904514,3.0,0.22426888439576914,0.18628683302989868,0.5042231791489401,139,1400,3,-22.5473601470225,dumbbell,3,1,B,pca_denoise
-0.07122304705734474,-0.056152554827108195,-0.014286435561939897,-7.063585030167355,-5.166633605957031,-0.4375,0.08209481291523721,3.0,0.22589406049298258,0.17158645737173225,0.48227967584729703,345,1400,3,-19.54807815522921,dumbbell,3,1,B,pca_denoise
-0.05998367999961199,-0.049557510961762606,0.006347914323148818,-7.047260949637286,-5.062938213348389,-0.3125,-0.0434031907598445,3.0,0.21441153587344142,0.1788971150029702,0.4872096533464354,567,1400,3,-12.932922920056045,dumbbell,3,1,B,pca_denoise
-0.02041014888916334,-0.016749901605903787,-0.005166206941474046,-7.066570524298761,-5.161218166351318,-0.625,0.1804422717951768,3.0,0.23854696392113614,0.20327197085697915,0.4891816813466986,957,1400,3,-4.475007189638757,dumbbell,3,1,B,pca_denoise
-0.016251420694566615,-0.0033123933893076103,0.016239505768171812,-7.040622299528394,-5.222949028015137,-0.125,0.15449741624548002,3.0,0.23362030938488137,0.16532946440096233,0.46154493395547236,1152,1400,3,3.9266380383469093,dumbbell,3,1,B,pca_denoise
0.009919671209561604,0.042147206675556305,0.05662781890046645,-6.99439200469415,-5.257362365722656,-0.0,0.4248525037481983,3.0,0.26672285499241233,0.22249772920413483,0.4865284518359881,23,1400,3,6.366942189056861,dumbbell,3,1,B,pca_denoise
-0.006892493864053146,0.022353119152693002,0.009891648091387257,-6.964514129588675,-4.829578876495361,-0.0,0.4756573887972541,3.0,0.2059207396147414,0.19162016753540687,0.5075396111161568,705,1400,3,6.844623507345642,dumbbell,3,1,B,pca_denoise
0.012187860741474736,0.015119154798007028,0.04557486756090776,-6.931887826155179,-4.845584869384766,-0.0,0.49768435183876464,3.0,0.21545004146598,0.16547199635637996,0.5223066988730467,1234,1400,3,7.521507126122807,dumbbell,3,1,B,pca_denoise
-0.019944973209633954,0.01589344313103799,0.021433250824848635,-6.956847229484437,-4.950779914855957,-0.0,0.3877274321086742,3.0,0.2095829969742096,0.14780718859975925,0.48860640583635134,1360,1400,3,8.426042437960886,dumbbell,3,1,B,pca_denoise
0.016606050502891486,0.014500251571013884,0.0015814638706282726,-6.954336551581645,-4.813727378845215,-0.0,0.43229022321417515,3.0,0.19077263940128952,0.14697978101580153,0.5064640916691296,1389,1400,3,9.332303695601677,dumbbell,3,1,B,pca_denoise
-0.03780022971212872,-0.006984953758629886,0.007960460354473972,-6.951267450892997,-4.944624900817871,-0.0,0.4690286831407872,3.0,0.20599830811232195,0.15716428562339474,0.48075054700478265,771,1400,3,10.45608464159697,dumbbell,3,1,B,pca_denoise
0.040498726090527924,0.027493443556305057,0.0410933947928431,-6.971625327067885,-4.963289737701416,-0.0,0.466479766659058,3.0,0.22657185645196093,0.17920954983701878,0.51190031664848,337,1400,3,11.680628763081609,dumbbell,3,1,B,pca_denoise
0.027122131779629258,0.008406871293335423,-0.0011787305679649383,-6.967739211716232,-5.008358478546143,-0.0,0.41521202339458174,3.0,0.2182927264766387,0.16216207026861484,0.49162567472543367,868,1400,3,12.58921273445755,dumbbell,3,1,B,pca_denoise
0.008432906513210289,0.008129291592035815,0.014014666830376006,-7.009320495495331,-5.122302532196045,-0.1875,0.29957063606871037,3.0,0.24492613627249094,0.17754976577530338,0.5019903531350732,584,1400,3,13.716086562755594,dumbbell,3,1,B,pca_denoise
0.015631243964874083,0.013715563346449635,0.0244732390604084,-6.9703038875202274,-4.88270902633667,-0.0,0.34614837177215363,3.0,0.21227731012889373,0.16659976330010118,0.5138431167343029,1131,1400,3,14.727809699382144,dumbbell,3,1,B,pca_denoise
0.007287471681370644,0.020278184317591964,-0.0028849619310946225,-7.027606803216679,-4.95471715927124,-0.0625,0.17975180268353624,3.0,0.2120238418332034,0.17908499384897356,0.5035030967531854,1242,1400,3,15.448150608364811,dumbbell,3,1,B,pca_denoise
-0.006638737894179149,0.03735027432888912,0.03642875727429787,-6.947148325464232,-4.86939001083374,-0.0,0.47793797003190475,3.0,0.20249707926507626,0.14811134799556772,0.4826423566988652,760,1400,3,16.44847809418128,dumbbell,3,1,B,pca_denoise
-0.03021379769669467,-0.002781001116395314,0.01672461418088033,-6.988873416446979,-4.9632568359375,-0.0,0.11404359283416725,3.0,0.19901889035644116,0.12265768310199436,0.4667685111001407,818,1400,3,17.183175550659318,dumbbell,3,1,B,pca_denoise
0.053000602252939,0.028521118941743816,0.029978058022770156,-6.943157015078189,-4.8661885261535645,-0.0,0.45855044917531973,3.0,0.21911833661799962,0.15371785330642773,0.520432580341401,33,1400,3,17.845054462424237,dumbbell,3,1,B,pca_denoise
-0.004465703224968161,0.016977321914680744,0.02253518605719282,-6.988875737355099,-4.961128234863281,-0.0625,0.37035531913384107,3.0,0.23013071538308436,0.174408288839149,0.5063036285478627,757,1400,3,18.477853740953684,dumbbell,3,1,B,pca_denoise
-0.006868846674344373,0.025650519819833153,0.004856923763260189,-6.981412481375024,-4.840696334838867,-0.0625,0.1885234114504979,3.0,0.20268324806549526,0.15985584113779314,0.4917945153834677,1033,1400,3,18.953242809572938,dumbbell,3,1,B,pca_denoise
-0.023095169849638376,0.01798714619790196,0.022673082165597408,-6.980152609251549,-4.871114253997803,-0.0,0.4226608316656323,1.0,0.20727794122389706,0.16860547204836857,0.4946425211790342,935,1400,3,19.316911019284742,dumbbell,3,1,B,pca_denoise
-0.016975574971150164,0.026708169295853706,0.027556327984265633,-6.980671199683064,-5.039809226989746,-0.0,0.4100781884741438,3.0,0.23487701986569365,0.1735765388544142,0.49156616042498885,417,1400,3,19.53154101653702,dumbbell,3,1,B,pca_denoise
0.011929904900545348,0.021813403943501977,0.021169751772841926,-6.97082058844704,-4.792919158935547,-0.0,0.30384735792962303,2.0,0.20651946632759133,0.18599129351579322,0.5289069542528617,1008,1400,3,19.598409833538604,dumbbell,3,1,B,pca_denoise
-0.10738990944190668,-0.16660176031123283,0.013583143082064283,-7.1431304706910375,-4.778426647186279,-0.875,0.21293190385834587,3.0,0.24639391522396767,0.29145127553646366,0.5673639544328591,139,1400,3,-22.5473601470225,dumbbell,3,1,B,diffdist_t4
-0.11826609573156412,-0.17822450764147146,-0.006136497557541953,-7.135087641821575,-4.638870716094971,-0.875,0.247130508919432,3.0,0.23723133908875263,0.2649756517862086,0.5959472457681947,345,1400,3,-19.54807815522921,dumbbell,3,1,B,diffdist_t4
-0.09605035025211948,-0.13542247454682374,0.05497669968400726,-7.087379213803164,-4.478298187255859,-0.375,-0.10162793340571005,3.0,0.21266881299387472,0.2334058710145331,0.5634305723235425,567,1400,3,-12.932922920056045,dumbbell,3,1,B,diffdist_t4
-0.07756658501337535,-0.1316426642641039,0.03192032174004435,-7.1189041787467096,-4.887991428375244,-0.6875,0.16020691968279469,3.0,0.26399272491707615,0.2801714989701951,0.5460320636017089,957,1400,3,-4.475007189638757,dumbbell,3,1,B,diffdist_t4
-0.08922269925416747,-0.13010941056275696,0.03757702674199184,-7.064724426979728,-4.796928882598877,-0.1875,0.03513831754322985,4.0,0.2607427671895968,0.2321923766264032,0.5329674648837865,1152,1400,3,3.9266380383469093,dumbbell,3,1,B,diffdist_t4
-0.07008399549652765,-0.12015232149294375,0.05509269603977545,-7.068094479159091,-4.752684593200684,-0.0,0.5159479614265217,3.0,0.260212483125037,0.33374731246943135,0.5267390908395871,23,1400,3,6.366942189056861,dumbbell,3,1,B,diffdist_t4
-0.06542770751078185,-0.09487341003813231,0.008786447021489317,-7.068952581554731,-4.720755577087402,-0.0,0.4852506229860989,3.0,0.23780391839533171,0.2781680975799561,0.5265545788086518,705,1400,3,6.844623507345642,dumbbell,3,1,B,diffdist_t4
-0.07720915427677447,-0.1570275920949906,0.07557995337561854,-7.008028309325134,-4.524660587310791,-0.0,0.46369169093640383,4.0,0.24801611588779143,0.21685300555041506,0.5822512379779896,1234,1400,3,7.521507126122807,dumbbell,3,1,B,diffdist_t4
-0.10894876467883433,-0.14589346430071445,0.028591501667588465,-6.993974626591898,-4.3076066970825195,-0.0,0.5055618834121463,4.0,0.21396438167021187,0.19112897345687635,0.6051535786035445,1360,1400,3,8.426042437960886,dumbbell,3,1,B,diffdist_t4
-0.1419795705077735,-0.16616940719094622,0.05428840890733682,-7.01588211572736,-4.3348188400268555,-0.0,0.40851446356038357,4.0,0.1895067301241583,0.19153870378815988,0.5978452260791872,1389,1400,3,9.332303695601677,dumbbell,3,1,B,diffdist_t4
-0.09807867590907596,-0.13077808574262284,0.057122825518894416,-6.9934674769802285,-4.475934982299805,-0.0,0.2771101427149187,4.0,0.21487452462025,0.19551716446453513,0.6085987754617983,771,1400,3,10.45608464159697,dumbbell,3,1,B,diffdist_t4
-0.08855895351112673,-0.12018305703397406,0.03968431991947928,-7.036311976663508,-4.531601905822754,-0.0,0.45423577943066284,4.0,0.23016269080393148,0.21281873248407185,0.568308454659591,337,1400,3,11.680628763081609,dumbbell,3,1,B,diffdist_t4
-0.10822780290046398,-0.20266740768422034,0.06310577544886266,-6.997609720399451,-4.415404796600342,-0.0,0.4055208074985325,4.0,0.22599311148679108,0.19377130517747046,0.6236804887451624,868,1400,3,12.58921273445755,dumbbell,3,1,B,diffdist_t4
-0.06596272663321878,-0.11513432530805795,0.05304765731071501,-7.039766507359803,-4.758653163909912,-0.0625,0.2601819969059848,9.0,0.27033381863821926,0.2468650830605955,0.5567168514281231,584,1400,3,13.716086562755594,dumbbell,3,1,B,diffdist_t4
-0.0848177437132879,-0.13974927609542634,0.06650034790084941,-7.0208637637921765,-4.586411476135254,-0.0,0.2661125257105693,4.0,0.24261881063505308,0.21730219555536684,0.5762644131552427,1131,1400,3,14.727809699382144,dumbbell,3,1,B,diffdist_t4
-0.08263203519542196,-0.12619927111436638,0.03658867251238735,-7.080289163287773,-4.7148756980896,-0.0625,0.03798941292940092,9.0,0.24221575795213607,0.23973481795409773,0.5632591451605653,1242,1400,3,15.448150608364811,dumbbell,3,1,B,diffdist_t4
-0.11065212651306684,-0.15837515615057862,0.08620564180688957,-7.0039877781133,-4.359072685241699,-0.0,0.434935029048948,4.0,0.20909434070856964,0.19668649449529138,0.6079875683542902,760,1400,3,16.44847809418128,dumbbell,3,1,B,diffdist_t4
-0.1386050914448174,-0.1797889552441626,0.07327264011586049,-7.01403999337397,-4.393024921417236,-0.0,0.18195198216344705,4.0,0.20791321105326524,0.1791233311803172,0.630436038086219,818,1400,3,17.183175550659318,dumbbell,3,1,B,diffdist_t4
-0.12583609996617542,-0.22012215152324624,0.0943024972674181,-6.990925628849219,-4.395656108856201,-0.0,0.45822817919874836,4.0,0.22025009435592657,0.1926666357254906,0.6380842379134761,33,1400,3,17.845054462424237,dumbbell,3,1,B,diffdist_t4
-0.08264438028387441,-0.12205662580959614,0.06580933525357842,-7.058242225659841,-4.887472152709961,-0.0,0.49301336589768163,4.0,0.2681288725525598,0.242501454763654,0.534424249081211,757,1400,3,18.477853740953684,dumbbell,3,1,B,diffdist_t4
-0.12165465684649165,-0.12675108232122367,0.05801214443451107,-7.030258442113882,-4.474489212036133,-0.0,0.46151735385915216,4.0,0.22734382132702702,0.18811148012103385,0.5758363814137377,1033,1400,3,18.953242809572938,dumbbell,3,1,B,diffdist_t4
-0.07261825946424885,-0.11101758423603997,0.05166453455400205,-7.048087305954753,-4.607658863067627,-0.0,0.1769777541180517,4.0,0.24138688482612242,0.2547293954199262,0.5602507186866101,935,1400,3,19.316911019284742,dumbbell,3,1,B,diffdist_t4
-0.0870163400505396,-0.11988978580547642,0.056358052981320794,-7.048714586889757,-4.785209655761719,-0.0,0.543690611191981,4.0,0.2722942264851774,0.27761841879835375,0.5659375087367609,417,1400,3,19.53154101653702,dumbbell,3,1,B,diffdist_t4
-0.08541889395626526,-0.1395690390640046,0.057703373639609486,-7.013532133163557,-4.580475807189941,-0.0,0.5024846111040278,4.0,0.23424995771216062,0.21632002497849775,0.5720771582501226,1008,1400,3,19.598409833538604,dumbbell,3,1,B,diffdist_t4
-0.047238104734370324,-0.08104006887197211,0.0015905732871486066,-7.121235165393153,-4.289816856384277,-0.75,0.23041692905618322,3.0,0.21233827062107874,0.28540290766569365,0.5908768424148892,139,1400,3,-22.5473601470225,dumbbell,3,1,B,diffdist_t8
-0.05903256384453199,-0.0961107037911513,-0.016345435939892586,-7.117486894296139,-4.013571262359619,-0.9375,0.21148247289788955,3.0,0.18941816660257266,0.27605432315063017,0.6024109510025552,345,1400,3,-19.54807815522921,dumbbell,3,1,B,diffdist_t8
-0.062106830319484184,-0.08291405750251754,-0.005894142715602244,-7.063167847604686,-4.0457868576049805,-0.375,0.19996492729516804,4.0,0.1734502942042584,0.24545567353493053,0.5824592076204894,567,1400,3,-12.932922920056045,dumbbell,3,1,B,diffdist_t8
-0.03145639249321362,-0.06663827807763296,0.0066328885344089945,-7.086205396561276,-4.616312503814697,-0.5,0.27470445264857124,3.0,0.22742883781090062,0.2700231455886576,0.553101960337455,957,1400,3,-4.475007189638757,dumbbell,3,1,B,diffdist_t8
-0.044939441014787834,-0.07142658178276608,0.058686239392911836,-7.023216713715158,-4.8707780838012695,-0.0625,0.1375408159013093,4.0,0.23565586505904057,0.21295977297910937,0.4919547015177426,1152,1400,3,3.9266380383469093,dumbbell,3,1,B,diffdist_t8
-0.023061660818111597,-0.035281820308949184,-0.0239837154165789,-6.982898382624777,-5.1218953132629395,-0.0,0.46326205549978716,4.0,0.26180736129193666,0.2629130817486548,0.448724624874235,23,1400,3,6.366942189056861,dumbbell,3,1,B,diffdist_t8
-0.030875461654261124,-0.03249723248482137,0.0388389837296343,-6.9928805674774335,-5.18752384185791,-0.0,0.5324072996294549,4.0,0.23552825437504626,0.21671123099912773,0.4240916638124917,705,1400,3,6.844623507345642,dumbbell,3,1,B,diffdist_t8
-0.0411823873682304,-0.08743341539310037,0.055381117243079155,-6.938451939261291,-4.794239521026611,-0.0,0.4389920108431938,4.0,0.21563412772037804,0.16078587173320683,0.48851575629482136,1234,1400,3,7.521507126122807,dumbbell,3,1,B,diffdist_t8
-0.07170961756751397,-0.07459964523802139,0.04000347930666523,-6.924513335099741,-4.655097484588623,-0.0,0.46903964543893983,4.0,0.19326316828394996,0.1450730918091721,0.49190016469425585,1360,1400,3,8.426042437960886,dumbbell,3,1,B,diffdist_t8
-0.07579267686388073,-0.0872000101509015,0.0461266210048101,-6.95587577369232,-4.6934614181518555,-0.0,0.4569770377014496,4.0,0.17562847111369906,0.13904480110004716,0.48104605457382166,1389,1400,3,9.332303695601677,dumbbell,3,1,B,diffdist_t8
-0.06415787296692316,-0.07028130527548966,0.0543500571914327,-6.925394825623377,-4.71605110168457,-0.0,0.4961723000622911,4.0,0.1927218711135975,0.1515067239290356,0.500095617972168,771,1400,3,10.45608464159697,dumbbell,3,1,B,diffdist_t8
-0.02322213346483636,-0.05402645216240471,0.03550265809948631,-6.97955037149856,-4.8623199462890625,-0.0,0.4762593440932712,4.0,0.21268663475426486,0.185467317422492,0.46734942380024147,337,1400,3,11.680628763081609,dumbbell,3,1,B,diffdist_t8
-0.046817752232117635,-0.084244860116151,0.03568986388256901,-6.939350797297016,-4.642058849334717,-0.0,0.5349322735264646,4.0,0.1984900862269155,0.15966374939622843,0.5160927547274452,868,1400,3,12.58921273445755,dumbbell,3,1,B,diffdist_t8
-0.02248730727432871,-0.0654812675747019,0.07480916764783924,-6.985402098467238,-4.958817005157471,-0.0625,0.3494300012993544,3.0,0.256060195405938,0.23168098956775188,0.4724924533782483,584,1400,3,13.716086562755594,dumbbell,3,1,B,diffdist_t8
-0.039205608202782335,-0.07314719857389644,0.056545307236134726,-6.955648961463721,-4.810057640075684,-0.0,0.4668391342335392,4.0,0.22183949078335363,0.17569661344083265,0.4842154323274144,1131,1400,3,14.727809699382144,dumbbell,3,1,B,diffdist_t8
-0.0253012129249534,-0.04385122609539444,0.013572386084725442,-7.0326813982531595,-4.788724899291992,-0.1875,0.46819413246567604,3.0,0.23174291425991123,0.22148595020704004,0.5181548861438855,1242,1400,3,15.448150608364811,dumbbell,3,1,B,diffdist_t8
-0.0586799445852114,-0.06986729249398818,0.05595924651566699,-6.9453264424462295,-4.677692890167236,-0.0,0.5553351932794207,4.0,0.19683586444485518,0.16672396996422048,0.5003218266161729,760,1400,3,16.44847809418128,dumbbell,3,1,B,diffdist_t8
-0.0706769351797833,-0.09861850438352865,0.0537841452424362,-6.971240328495433,-4.647809982299805,-0.0,0.3639809088427528,4.0,0.19107950077319102,0.14699017498015646,0.5194965294747982,818,1400,3,17.183175550659318,dumbbell,3,1,B,diffdist_t8
-0.05902438084527712,-0.10942547981750596,0.05890016857395963,-6.93687139243978,-4.648473262786865,-0.0,0.542607320415968,4.0,0.196779319096664,0.14795832152258662,0.507466770072078,33,1400,3,17.845054462424237,dumbbell,3,1,B,diffdist_t8
-0.035134844771987896,-0.05349355353551595,0.056658660266555805,-6.99341038125741,-5.111414909362793,-0.0,0.5114286763673829,4.0,0.24414689277192786,0.19641228873264274,0.436546782390503,757,1400,3,18.477853740953684,dumbbell,3,1,B,diffdist_t8
-0.048895844257755956,-0.053091996946214685,0.0322589383090878,-6.986140113017487,-4.780212879180908,-0.0,0.47661261100828906,4.0,0.219109845879858,0.1874791049939257,0.4818019964132461,1033,1400,3,18.953242809572938,dumbbell,3,1,B,diffdist_t8
-0.03313047370006988,-0.05018502392033065,0.04151277803044777,-6.989166826984697,-4.910654067993164,-0.0,0.46752121616779385,4.0,0.23490312687186699,0.20786738720810877,0.4617311947571482,935,1400,3,19.316911019284742,dumbbell,3,1,B,diffdist_t8
-0.040258169747469555,-0.05300932112067772,0.04827614377806788,-6.978455708584091,-4.983715534210205,-0.0,0.5579811965530383,4.0,0.24634059181737325,0.21564220641229245,0.47376145998831554,417,1400,3,19.53154101653702,dumbbell,3,1,B,diffdist_t8
-0.046872659165944935,-0.0768382643170585,0.05134539623797932,-6.9524490764959905,-4.819839954376221,-0.0,0.49575920831081965,4.0,0.21283545780677948,0.17461779464513957,0.4705478883263362,1008,1400,3,19.598409833538604,dumbbell,3,1,B,diffdist_t8
-4.441174540444651,-3.682186478507133,1.0458157139549284e-05,-7.158237116959639,-0.0002997589181177318,-0.0,0.9999990083548782,3.0,7.1519899609598055e-06,0.7593598996396251,0.823244265727125,139,1400,3,-22.5473601470225,dumbbell,3,1,B,heatgeo_t
-4.629936984569754,-3.5433770006395338,1.0932785784623089e-05,-7.158230182119626,-0.0003143469803035259,-0.0,0.9999990238293608,3.0,7.553942499669132e-06,0.7552402921394938,0.8248840975349964,345,1400,3,-19.54807815522921,dumbbell,3,1,B,heatgeo_t
-4.441472337162042,-3.682132068126974,1.1468904701862626e-05,-7.158222841339849,-0.0003205070679541677,-0.0,0.9999992185420614,3.0,7.67482576219644e-06,0.7579218124941778,0.8197506036997624,567,1400,3,-12.932922920056045,dumbbell,3,1,B,heatgeo_t
-4.23243020415251,-3.615360463443792,1.0769005892502514e-05,-7.158240104234325,-0.00028903118800371885,-0.0,0.9999989267767988,3.0,6.85595358302213e-06,0.7672732458655945,0.818581543592629,957,1400,3,-4.475007189638757,dumbbell,3,1,B,heatgeo_t
-4.529001665898875,-3.7344282069923405,1.1817721358525768e-05,-7.158198723244396,-0.00032644218299537897,-0.0,0.9999992323577955,3.0,7.821498828731432e-06,0.7582956649430255,0.8225336231756382,1152,1400,3,3.9266380383469093,dumbbell,3,1,B,heatgeo_t
-3.649868102855698,-3.2110923156772024,1.1032148341812154e-05,-7.158175597229569,-0.00027551778475753963,-0.0,0.9999985159338476,3.0,6.494557697462068e-06,0.7701288912555023,0.8140417775400883,23,1400,3,6.366942189056861,dumbbell,3,1,B,heatgeo_t
-4.008727033419599,-3.3064225609656095,1.2087025867135726e-05,-7.158145326426746,-0.000325169152347371,-0.0,0.9999988816139751,3.0,7.816858729460812e-06,0.75664598420248,0.8228222595268329,705,1400,3,6.844623507345642,dumbbell,3,1,B,heatgeo_t
-4.398172541133876,-3.664652887493747,1.3857972779848793e-05,-7.158105502553742,-0.0003899293951690197,-0.0,0.9999991059905042,3.0,9.454751021594398e-06,0.7506242861759813,0.8346782493397723,1234,1400,3,7.521507126122807,dumbbell,3,1,B,heatgeo_t
-4.375201806151656,-3.7551295033263927,1.4042814594515673e-05,-7.158102079518628,-0.00039354056934826076,-0.0,0.9999989391610807,3.0,9.578887608245805e-06,0.7467080093502874,0.8307006083695241,1360,1400,3,8.426042437960886,dumbbell,3,1,B,heatgeo_t
-4.769529258137964,-3.7526428135100462,1.4478941184413452e-05,-7.1581097235406155,-0.00041360704926773906,-0.0,0.9999994016460906,3.0,1.0130476312448894e-05,0.7447881861510769,0.8398508166336252,1389,1400,3,9.332303695601677,dumbbell,3,1,B,heatgeo_t
-4.690149801023511,-3.5995297100493153,1.4015046347432003e-05,-7.158109082538768,-0.000399337790440768,-0.0,0.9999987766634829,3.0,9.711361505352182e-06,0.7488497767528773,0.83275152068421,771,1400,3,10.45608464159697,dumbbell,3,1,B,heatgeo_t
-4.312408687593267,-3.6055785369918016,1.2826178813950262e-05,-7.158160447520578,-0.0003557280288077891,-0.0,0.9999991150748413,3.0,8.545031911051076e-06,0.7576655224644377,0.8229094303897735,337,1400,3,11.680628763081609,dumbbell,3,1,B,heatgeo_t
-4.692528763272953,-3.7875720700818123,1.3717801550100495e-05,-7.158121883143947,-0.00039037904934957623,-0.0,0.9999989441273694,3.0,9.457840728626739e-06,0.7523717686390082,0.8329921562611471,868,1400,3,12.58921273445755,dumbbell,3,1,B,heatgeo_t
-4.337877323843299,-3.4550166024244096,1.1876732623365693e-05,-7.158192370605024,-0.00032393986475653946,-0.0,0.999998846048246,3.0,7.756387340760235e-06,0.7596261401477562,0.8243383134778939,584,1400,3,13.716086562755594,dumbbell,3,1,B,heatgeo_t
-4.4927186216728545,-3.6681829162679933,1.3613625420426378e-05,-7.158131642567814,-0.0003954747226089239,-0.0,0.9999993455647096,3.0,9.592317411207223e-06,0.7492860803613319,0.8348210128898893,1131,1400,3,14.727809699382144,dumbbell,3,1,B,heatgeo_t
-4.294228345960881,-3.601507823169858,1.2211879199808262e-05,-7.158202366027233,-0.00033971620723605156,-0.0,0.9999989314991695,3.0,8.168375800026913e-06,0.7557281915344314,0.8252620323732828,1242,1400,3,15.448150608364811,dumbbell,3,1,B,heatgeo_t
-4.474320409604715,-3.575148903379592,1.4144669861285153e-05,-7.158127940868305,-0.0004108053108211607,-0.0,0.9999987488392752,3.0,1.0029246863168733e-05,0.7473163070940938,0.8325024859114644,760,1400,3,16.44847809418128,dumbbell,3,1,B,heatgeo_t
-4.675826959009376,-3.943680844815191,1.3816492747301123e-05,-7.15816601732962,-0.00039507812471129,-0.0,0.9999992945926476,3.0,9.651024247406547e-06,0.7431977093022133,0.8370020076801883,818,1400,3,17.183175550659318,dumbbell,3,1,B,heatgeo_t
-4.82239099768894,-3.993999739944233,1.4462242516950774e-05,-7.158130919612099,-0.00041391525883227587,-0.0,0.9999992315293909,3.0,1.0050047877061735e-05,0.7497569432211107,0.8419561065709452,33,1400,3,17.845054462424237,dumbbell,3,1,B,heatgeo_t
-4.27915740220971,-3.6208727395557996,1.3181998820416263e-05,-7.158166259736257,-0.0003648100246209651,-0.0,0.9999988514306286,3.0,8.813705901001886e-06,0.7534482790308231,0.8279359006383616,757,1400,3,18.477853740953684,dumbbell,3,1,B,heatgeo_t
-4.306643785056815,-3.5295970073735226,1.358875532549153e-05,-7.158170801808437,-0.00037747822352685034,-0.0,0.9999989559124226,3.0,9.177913046052024e-06,0.7475140737717342,0.8273018263675381,1033,1400,3,18.953242809572938,dumbbell,3,1,B,heatgeo_t
-4.067597090737323,-3.416788675450368,1.2695586835545503e-05,-7.158173243735012,-0.0003576746676117182,-0.0,0.9999993520219914,3.0,8.628473748480867e-06,0.7536911749363047,0.8260939936141631,935,1400,3,19.316911019284742,dumbbell,3,1,B,heatgeo_t
-4.090717996015981,-3.582585766336514,1.3133857642975977e-05,-7.158164321156926,-0.0003644971293397248,-0.0,0.999998973943885,3.0,8.795508407881407e-06,0.7522231534917044,0.8298888120537216,417,1400,3,19.53154101653702,dumbbell,3,1,B,heatgeo_t
-4.335686128929616,-3.6298717037617982,1.347824196477887e-05,-7.1581740064578145,-0.0003685490519274026,-0.0,0.9999992859186301,3.0,8.911018741722594e-06,0.7551015163613245,0.8253814882442483,1008,1400,3,19.598409833538604,dumbbell,3,1,B,heatgeo_t
-3.9995029091297054,-3.2602081816648214,1.8366886572612762e-05,-7.1582316109219,-0.0005360467475838959,-0.0,0.9999987408947134,3.0,1.2957314361109645e-05,0.7381548238088037,0.8086200195117297,139,1400,3,-22.5473601470225,dumbbell,3,1,B,heatgeo_4t
-4.173562029094359,-3.1339498705019717,1.950083733489455e-05,-7.1582241907673145,-0.0005774260498583317,-0.0625,0.9999985644971463,3.0,1.4050499917395257e-05,0.7335799555566748,0.8104226294799318,345,1400,3,-19.54807815522921,dumbbell,3,1,B,heatgeo_4t
-3.9937776179285636,-3.2566688127188272,2.0379708266390906e-05,-7.158216407799442,-0.0005774233140982687,-0.0,0.9999989913000225,3.0,1.400711983217405e-05,0.7365516317526609,0.8047733213517936,567,1400,3,-12.932922920056045,dumbbell,3,1,B,heatgeo_4t
-3.798459138242412,-3.1944476546267437,1.8938965532018515e-05,-7.158234722430388,-0.0005130471545271575,-0.0,0.9999986257386692,3.0,1.230222953465604e-05,0.7469249949466176,0.8034938088129767,957,1400,3,-4.475007189638757,dumbbell,3,1,B,heatgeo_4t
-4.072230394513077,-3.300684708677677,2.1145104036265905e-05,-7.158192528356915,-0.0005958417314104736,-0.0,0.9999990148974898,3.0,1.4448263919203675e-05,0.736971036981282,0.8078441551239299,1152,1400,3,3.9266380383469093,dumbbell,3,1,B,heatgeo_4t
-3.256905456040782,-2.828821596162394,1.9384526682382497e-05,-7.158165838464169,-0.00048074233927764,-0.0,0.9999986341237147,3.0,1.1448154748937226e-05,0.7500878800580777,0.7985049643867138,23,1400,3,6.366942189056861,dumbbell,3,1,B,heatgeo_4t
-3.5880526493852676,-2.9140674998245344,2.196917669515519e-05,-7.1581326260689755,-0.000606846297159791,-0.0,0.9999985555443722,3.0,1.4761818177654787e-05,0.7351323943242681,0.8081554152234577,705,1400,3,6.844623507345642,dumbbell,3,1,B,heatgeo_4t
-3.9443040262486933,-3.2345698600547714,2.519501013423936e-05,-7.158090271524238,-0.0007182699628174305,-0.0,0.9999988442413857,3.0,1.7689418622235488e-05,0.728440155893618,0.8211399307633395,1234,1400,3,7.521507126122807,dumbbell,3,1,B,heatgeo_4t
-3.925050372335457,-3.3161252850994467,2.5762275160538806e-05,-7.15808629049398,-0.0007382340263575315,-0.0,0.9999986282667374,3.0,1.8252808397421622e-05,0.7240873384171422,0.8167626015176545,1360,1400,3,8.426042437960886,dumbbell,3,1,B,heatgeo_4t
-4.294215043863843,-3.316687054827111,2.6702204824927828e-05,-7.1580952561659785,-0.0007797227590344846,-0.0,0.9999992229523975,3.0,1.94417929655239e-05,0.7219555851811615,0.8268044328214952,1389,1400,3,9.332303695601677,dumbbell,3,1,B,heatgeo_4t
-4.218633093204506,-3.1765266115680664,2.5494553728834524e-05,-7.158094986814701,-0.0007419732282869518,-0.0,0.9999984295150222,3.0,1.8335253196633046e-05,0.7264691120071087,0.8190338536217987,771,1400,3,10.45608464159697,dumbbell,3,1,B,heatgeo_4t
-3.8663436084681626,-3.183413409109697,2.3034122363353726e-05,-7.158149543646949,-0.0006461680750362575,-0.0,0.9999988622511935,3.0,1.5727762327946957e-05,0.736268124786271,0.8082431963362905,337,1400,3,11.680628763081609,dumbbell,3,1,B,heatgeo_4t
-4.219658669162207,-3.3464638463186263,2.4846724689477073e-05,-7.158108502024904,-0.0007196547812782228,-0.0,0.999998642716416,3.0,1.7698675133414193e-05,0.7303835787831486,0.8192945277408838,868,1400,3,12.58921273445755,dumbbell,3,1,B,heatgeo_4t
-3.890927595913378,-3.048168568553381,2.117215626860902e-05,-7.1581848356296,-0.0005904939607717097,-0.0,0.9999985226261974,3.0,1.4299660440750093e-05,0.7384406810954538,0.809813309283054,584,1400,3,13.716086562755594,dumbbell,3,1,B,heatgeo_4t
-4.034603351224308,-3.237674069580204,2.4676451441021235e-05,-7.158119542023583,-0.0007299493299797177,-0.0,0.9999991141445155,3.0,1.7987341712088017e-05,0.7269561535899841,0.821304506581597,1131,1400,3,14.727809699382144,dumbbell,3,1,B,heatgeo_4t
-3.8532765560537645,-3.181038069297392,2.1886213608178495e-05,-7.158194954696764,-0.0006204586825333536,-0.0,0.9999986334816653,3.0,1.511603046527546e-05,0.7341155259505576,0.8108179343866598,1242,1400,3,15.448150608364811,dumbbell,3,1,B,heatgeo_4t
-4.018782596636281,-3.1549222832520996,2.596510680621944e-05,-7.158115488792354,-0.0007723603048361838,-0.0,0.9999986519718529,3.0,1.917632202014155e-05,0.7247696345932757,0.8187570656516417,760,1400,3,16.44847809418128,dumbbell,3,1,B,heatgeo_4t
-4.205874331045647,-3.4866019388652303,2.5367811821143393e-05,-7.158155994994142,-0.0007449871045537293,-0.0,0.9999987580145534,3.0,1.8508581758300854e-05,0.7201886243530229,0.8236961606431006,818,1400,3,17.183175550659318,dumbbell,3,1,B,heatgeo_4t
-4.339098507905957,-3.5309095188902453,2.632180009398688e-05,-7.158119207162688,-0.0007670751656405628,-0.0,0.9999990143925162,3.0,1.891104134859443e-05,0.7274796700661543,0.8290975843378658,33,1400,3,17.845054462424237,dumbbell,3,1,B,heatgeo_4t
-3.8369048971290445,-3.1965916536805152,2.394128431847803e-05,-7.15815661668783,-0.0006760411197319627,-0.0,0.9999985315618102,3.0,1.6562159916494612e-05,0.731581437540619,0.8137431941150659,757,1400,3,18.477853740953684,dumbbell,3,1,B,heatgeo_4t
-3.864190014338673,-3.1158602327214844,2.4999131164247373e-05,-7.1581612835425235,-0.0007109013386070728,-0.0,0.9999986591558774,3.0,1.7547940252881905e-05,0.7249883066063162,0.8130494081080759,1033,1400,3,18.953242809572938,dumbbell,3,1,B,heatgeo_4t
-3.64026923406361,-3.0177357934692925,2.295485632056865e-05,-7.158164600437921,-0.000656812684610486,-0.0,0.9999991606600405,3.0,1.6082211338848104e-05,0.7318538737131477,0.8117231928620693,935,1400,3,19.316911019284742,dumbbell,3,1,B,heatgeo_4t
-3.6619184037030634,-3.164685819557928,2.3729757188270528e-05,-7.158154950630475,-0.0006688353605568409,-0.0,0.9999986886056071,3.0,1.6367567570142084e-05,0.7302236509242569,0.8159086878861471,417,1400,3,19.53154101653702,dumbbell,3,1,B,heatgeo_4t
-3.8883548062962103,-3.2043094612167686,2.4586277606736262e-05,-7.158165134295325,-0.0006852708174847066,-0.0,0.9999990891333348,3.0,1.6804006781631853e-05,0.7334165435448324,0.8109710841783901,1008,1400,3,19.598409833538604,dumbbell,3,1,B,heatgeo_4t
-0.011441408681701893,0.007050839669658624,-0.01610797105380378,-6.969014891249331,-4.724745750427246,-0.0,0.31438714351356667,2.0,0.1903766205289918,0.15818426123011847,0.5217824177104466,139,1400,3,-22.5473601470225,dumbbell,3,1,B,fb_potential
-0.10285209502830436,-0.05198192390592667,0.014180854317157942,-7.001034358832863,-5.019288063049316,-0.0625,0.18722961008507782,3.0,0.21864359686160686,0.16312648447306063,0.47295476013060234,345,1400,3,-19.54807815522921,dumbbell,3,1,B,fb_potential
-0.009512573969607373,-0.015795700459439316,0.037657667952093826,-6.972713729791536,-4.989651679992676,-0.0625,0.221805127535279,3.0,0.20354784444416119,0.13336476061405428,0.46919868441373924,567,1400,3,-12.932922920056045,dumbbell,3,1,B,fb_potential
-0.030005973889992456,-0.03027957694876165,-0.010586645650679303,-6.964933478509947,-4.6987457275390625,-0.0,0.2121231136952988,2.0,0.18884948532585383,0.15401061130405508,0.5239984977057891,957,1400,3,-4.475007189638757,dumbbell,3,1,B,fb_potential
0.00281629970968538,-0.00834818598404862,0.018589176459102852,-6.988604354909123,-5.149590492248535,-0.0625,0.1507039526803576,3.0,0.24985941135251302,0.16840568250809498,0.46917578115001946,1152,1400,3,3.9266380383469093,dumbbell,3,1,B,fb_potential
0.027446800896040385,0.026714487465987372,0.017979107595006993,-6.995069870776332,-5.211758613586426,-0.0625,0.32684553007686834,3.0,0.2539364597249576,0.17530680242113436,0.4851273217561687,23,1400,3,6.366942189056861,dumbbell,3,1,B,fb_potential
-0.01624324209040183,-0.009467314974215622,0.01068569998730945,-6.95255514394287,-5.018522262573242,-0.0,0.29036459305869733,3.0,0.22351016499037768,0.16276574743854996,0.4647295883390087,705,1400,3,6.844623507345642,dumbbell,3,1,B,fb_potential
-0.03534295645070147,-0.029367119284395476,0.012962505129025635,-6.9607450648103875,-4.969064712524414,-0.0,0.37642861795534743,3.0,0.21239373708536102,0.14634974599383285,0.49690374111630514,1234,1400,3,7.521507126122807,dumbbell,3,1,B,fb_potential
-0.037733988392390366,-0.01386913978405995,0.013967012480514868,-6.94182584615696,-4.849328994750977,-0.0,0.32489553999828813,3.0,0.20833773674543987,0.14303100950098052,0.5199005824857875,1360,1400,3,8.426042437960886,dumbbell,3,1,B,fb_potential
-0.023779771861988604,-0.015698700395543316,-0.009446203181992501,-6.93018956934425,-4.626653671264648,-0.0,0.30756035555777567,3.0,0.18023017144602202,0.14346447906847723,0.5181556140353735,1389,1400,3,9.332303695601677,dumbbell,3,1,B,fb_potential
-0.08435035078899755,-0.03298640027449839,0.0104907681602718,-6.9830950349302245,-5.134754180908203,-0.0,0.23168149781533504,3.0,0.2076336254043005,0.13430458536734635,0.4184730836324496,771,1400,3,10.45608464159697,dumbbell,3,1,B,fb_potential
-0.025861333733635267,-0.006956695380438361,0.019661322767367314,-6.937928802160259,-4.907063961029053,-0.0,0.2632773339863111,3.0,0.22067443077611093,0.16877946581313893,0.49171536519536785,337,1400,3,11.680628763081609,dumbbell,3,1,B,fb_potential
-0.009646870731821534,-0.014629539339268574,-0.005721169666709771,-6.961308561895258,-5.178077697753906,-0.0,0.24552064728710038,3.0,0.22536774269163778,0.1465472940850629,0.4248723643764167,868,1400,3,12.58921273445755,dumbbell,3,1,B,fb_potential
-0.020649402818088698,-0.03447762131330489,-0.015534094408442882,-6.967997954606894,-5.049472332000732,-0.0625,0.377999698644505,3.0,0.23481259238833233,0.15314489685156285,0.48483142485630315,584,1400,3,13.716086562755594,dumbbell,3,1,B,fb_potential
0.00032008817272406715,0.00036372177178332134,0.019639416179359076,-6.973546477119257,-4.951919078826904,-0.0,0.19372555122818907,3.0,0.23114865443190308,0.16764176978851233,0.5223253943049228,1131,1400,3,14.727809699382144,dumbbell,3,1,B,fb_potential
-0.04361527743310288,-0.026005107890680664,-0.005565884748369191,-6.964224670654941,-4.693306922912598,-0.0,0.23520316741545852,2.0,0.18823483789036594,0.1519379722466619,0.5210993170264618,1242,1400,3,15.448150608364811,dumbbell,3,1,B,fb_potential
-0.03794491268073914,-0.01812937517020599,0.014640540804634053,-6.981832706858025,-5.177006721496582,-0.0,0.36821510128613927,3.0,0.22978190889762384,0.14984274460091385,0.44219602564929106,760,1400,3,16.44847809418128,dumbbell,3,1,B,fb_potential
-0.029637100421118452,-0.04160348963949996,0.01820820112521408,-6.945355443426129,-4.861657619476318,-0.0,0.11939792646514942,3.0,0.2164117758928319,0.15173292297511218,0.5017672529943286,818,1400,3,17.183175550659318,dumbbell,3,1,B,fb_potential
0.0006739899026048349,-0.013593438580960395,0.016054024099577957,-6.96328131288948,-4.939058780670166,-0.0,0.27756381467072005,3.0,0.21194395759070322,0.14475861127314885,0.47587521966838736,33,1400,3,17.845054462424237,dumbbell,3,1,B,fb_potential
0.0009396233317615125,-0.02541202125554206,0.02426216043616672,-6.978997186619686,-4.938765525817871,-0.0625,0.17277863005097466,3.0,0.23442611225229792,0.17738440824644894,0.5329979835134857,757,1400,3,18.477853740953684,dumbbell,3,1,B,fb_potential
-0.0636123462648961,-0.0073323076111955834,0.005454402554330632,-6.953615262216954,-4.783359050750732,-0.125,0.20247783439360792,3.0,0.2087517971560736,0.1599636228474403,0.5123786335920519,1033,1400,3,18.953242809572938,dumbbell,3,1,B,fb_potential
0.024593119427831663,0.018987079703563246,-0.00045536768711764396,-6.900556894194244,-4.538471698760986,-0.0,0.303380423368643,3.0,0.21121500044688082,0.17110632854639954,0.5743342327194674,935,1400,3,19.316911019284742,dumbbell,3,1,B,fb_potential
-0.004042266507269143,0.0012584972370036493,0.01604350021824548,-6.953361246412681,-4.854853630065918,-0.0,0.3007041135779765,3.0,0.21903807674444903,0.16840993487789072,0.5062020834732451,417,1400,3,19.53154101653702,dumbbell,3,1,B,fb_potential
-0.0016652743249653435,-0.01013330024597981,0.010273469288491197,-6.997243370707576,-4.997411727905273,-0.1875,0.12777293714210408,3.0,0.21647325010699076,0.16786044365288755,0.5004355978785795,1008,1400,3,19.598409833538604,dumbbell,3,1,B,fb_potential
-0.09909677978841316,-0.08674269232655438,0.03410899554982507,-7.09770801356786,-5.181714057922363,-0.875,0.08349458214185171,4.0,0.2592199786173517,0.22116987585485925,0.5216498995351472,139,1400,3,-22.5473601470225,dumbbell,3,1,C05,plain
-0.12973185296019388,-0.14397915647482165,-0.034082338771326326,-7.10133856663584,-5.224535942077637,-0.625,0.16503845937913708,2.0,0.2539328389635516,0.1978835777513887,0.5047699644001146,345,1400,3,-19.54807815522921,dumbbell,3,1,C05,plain
-0.1736225698208283,-0.1395676420332397,-0.010430607073886317,-7.0994771965684595,-5.298043251037598,-0.5625,0.23472356167888594,3.0,0.24833030683352786,0.1794905481225276,0.48206887264482984,567,1400,3,-12.932922920056045,dumbbell,3,1,C05,plain
-0.06771505277391528,-0.06952428186946968,0.03625683459797007,-7.093259954618011,-4.99137020111084,-0.4375,0.28729367353729957,2.0,0.24572717663177512,0.2262628689122461,0.5455302931468166,957,1400,3,-4.475007189638757,dumbbell,3,1,C05,plain
-0.14725567818274496,-0.11221479447386473,0.0025650292375504497,-7.1009410682652145,-5.216707229614258,-0.4375,0.1712051298365656,3.0,0.23117175643280552,0.18153020387714475,0.47516212866021845,1152,1400,3,3.9266380383469093,dumbbell,3,1,C05,plain
-0.06678634704921883,-0.06725066315263624,0.02309868828324319,-7.038385881819966,-4.872442245483398,-0.0,0.47197829475222874,3.0,0.22876074812717168,0.20858016543405575,0.532196150807374,23,1400,3,6.366942189056861,dumbbell,3,1,C05,plain
-0.0946565618689963,-0.04467785254642543,0.02365968850415047,-7.030332944608347,-4.8931121826171875,-0.0,0.41180354243751377,3.0,0.22123554750844482,0.18653434053081216,0.5055955304253793,705,1400,3,6.844623507345642,dumbbell,3,1,C05,plain
-0.14332477060090648,-0.11706610583164527,0.0013859152865750481,-7.0479919277167,-5.181316375732422,-0.0,0.49163841568908695,3.0,0.25925184587488076,0.20065148065589403,0.4831122014101361,1234,1400,3,7.521507126122807,dumbbell,3,1,C05,plain
-0.06611478002537535,-0.06116085905636929,0.02106222900376599,-7.027856984620344,-4.867739677429199,-0.0,0.44117168994853617,3.0,0.22100029347970496,0.17625243325907514,0.5231567933988892,1360,1400,3,8.426042437960886,dumbbell,3,1,C05,plain
-0.08428967540757136,-0.03501528582220449,0.00104697201977535,-7.056593700870194,-4.911258697509766,-0.0,0.3433700818712098,3.0,0.22751432378238745,0.24203208605480458,0.5110293977613818,1389,1400,3,9.332303695601677,dumbbell,3,1,C05,plain
-0.06287071615482029,-0.08390654199755775,0.01504184120687243,-7.0339414240052385,-4.800968170166016,-0.0,0.23810193687617656,3.0,0.20804252578453125,0.17269676896543257,0.5108287825963911,771,1400,3,10.45608464159697,dumbbell,3,1,C05,plain
-0.07186108099963526,-0.073618185150873,0.04529195863268253,-7.025570260416389,-4.7898054122924805,-0.0,0.4417299500436827,3.0,0.2376189476697189,0.18877627857597393,0.5594864953499538,337,1400,3,11.680628763081609,dumbbell,3,1,C05,plain
-0.09853210428380643,-0.07490562494621633,0.009613221323891625,-7.056026730555862,-5.054519176483154,-0.0625,0.10335045229328169,3.0,0.23592901809450553,0.1943171129058107,0.5103827811989355,868,1400,3,12.58921273445755,dumbbell,3,1,C05,plain
-0.06772589991375098,-0.05609153366218608,0.0706463452356293,-7.089419697484921,-5.102935791015625,-0.1875,0.14676149438224811,4.0,0.27216147976138805,0.2517588812347331,0.5432942324181333,584,1400,3,13.716086562755594,dumbbell,3,1,C05,plain
0.008350634984734916,-0.0011736194278952178,0.029861474226493705,-7.006861271243318,-4.250400543212891,-0.0,0.4435670781059741,3.0,0.18008464679884806,0.18770245645522757,0.5775627261642428,1131,1400,3,14.727809699382144,dumbbell,3,1,C05,plain
-0.06066349776371102,-0.07955109131331177,0.05840285040483284,-7.068109032839299,-4.523697853088379,-0.0625,0.24747796991939516,2.0,0.2418762686543212,0.2627296593666833,0.6315347332002139,1242,1400,3,15.448150608364811,dumbbell,3,1,C05,plain
-0.10904151485551997,-0.11997395246164225,0.01425777009702448,-7.0559226198808895,-5.07576322555542,-0.0,0.1895250992410732,3.0,0.2419648018707056,0.192213782357511,0.4944981519500965,760,1400,3,16.44847809418128,dumbbell,3,1,C05,plain
-0.14399224604695213,-0.08944181674222225,0.022005289713260053,-7.066464912072403,-5.165359973907471,-0.0625,0.31493392822100585,3.0,0.25143425702742883,0.1770763820270814,0.48585916672647184,818,1400,3,17.183175550659318,dumbbell,3,1,C05,plain
-0.04315797307478253,-0.0944396740446256,0.06015627378428089,-7.06868587643672,-4.486062049865723,-0.0625,0.2929866735599488,3.0,0.2276560772819657,0.27314594553140015,0.6141893275481479,33,1400,3,17.845054462424237,dumbbell,3,1,C05,plain
-0.0983849107129374,-0.06236183277547983,0.00024703283025392757,-7.068045300295235,-4.786323547363281,-0.1875,0.1972115428946339,3.0,0.23468360708323055,0.20795724480542854,0.5635985793469113,757,1400,3,18.477853740953684,dumbbell,3,1,C05,plain
-0.06790242684366997,-0.061576723293916454,0.031243410782897107,-7.05834208261966,-4.630405902862549,-0.125,0.36845859332182174,3.0,0.225861524133165,0.22781756044407422,0.564922186946229,1033,1400,3,18.953242809572938,dumbbell,3,1,C05,plain
-0.0758931330254988,-0.044307100707343276,0.028812050347491902,-7.05737100012187,-5.013501167297363,-0.0625,0.22290550336934878,3.0,0.23624732309004032,0.18958321520876456,0.5204790819068428,935,1400,3,19.316911019284742,dumbbell,3,1,C05,plain
-0.11810037935774084,-0.07272761970701185,0.025630624682343117,-7.077038849233346,-5.0001983642578125,-0.0,0.27394777837310635,2.0,0.23261983441773648,0.201857106425735,0.5135015450386196,417,1400,3,19.53154101653702,dumbbell,3,1,C05,plain
-0.07714509559828525,-0.09972640915079331,0.0027396281275965852,-7.093202747770313,-5.281134605407715,-0.625,0.22188917182024864,3.0,0.25149837651377605,0.19301939827932393,0.4934930500254972,1008,1400,3,19.598409833538604,dumbbell,3,1,C05,plain
-0.06313773122666518,-0.025582800062490408,-0.025956317710821672,-7.070175661862647,-5.188630104064941,-0.875,0.27978991416533266,4.0,0.2614101636086581,0.22142098343029268,0.5110053915616317,139,1400,3,-22.5473601470225,dumbbell,3,1,C05,pca_denoise
-0.09828705406797592,-0.072819095010704,-0.014336207760348146,-7.07867650116815,-5.2721076011657715,-0.75,0.19312802892111233,3.0,0.2536579251625134,0.18456840918801867,0.4997300656314924,345,1400,3,-19.54807815522921,dumbbell,3,1,C05,pca_denoise
-0.08343144427104748,-0.08484301691576966,-0.007562975697038527,-7.077148425909327,-5.307405948638916,-0.5625,0.2182932242468406,3.0,0.24762243380212645,0.19081012455044527,0.4792738113502387,567,1400,3,-12.932922920056045,dumbbell,3,1,C05,pca_denoise
0.005958676841946176,-0.0106459192159985,0.016520240580653822,-7.068179728288037,-5.019306659698486,-0.5625,0.20361586954223676,3.0,0.24485848893111126,0.22127640393561715,0.5405631389797078,957,1400,3,-4.475007189638757,dumbbell,3,1,C05,pca_denoise
-0.08699317072587379,-0.04819065383741166,0.009388975005815623,-7.072965999495814,-5.112568378448486,-0.5,0.1356083564710373,2.0,0.2239423759975689,0.17981955240753175,0.4865135435907113,1152,1400,3,3.9266380383469093,dumbbell,3,1,C05,pca_denoise
-0.010375408268476551,-0.0009209685631675809,0.012275420344929495,-7.001801571808551,-4.941374778747559,-0.0,0.44365581006397475,3.0,0.21608595726041174,0.19839143561536746,0.5030443232036529,23,1400,3,6.366942189056861,dumbbell,3,1,C05,pca_denoise
-0.05186483418757881,-0.015927781628869098,-0.0017553691666140382,-6.985516387379542,-4.959556579589844,-0.0,0.45205505694866627,3.0,0.2234373828849514,0.1877656225005187,0.49276035861430867,705,1400,3,6.844623507345642,dumbbell,3,1,C05,pca_denoise
-0.03420902017155732,-0.056728277853058805,0.006072878879395262,-7.003678834850787,-5.18778133392334,-0.0,0.420306851966636,3.0,0.2555720080499296,0.18503338595637975,0.47038022270277957,1234,1400,3,7.521507126122807,dumbbell,3,1,C05,pca_denoise
-0.023565463472574818,-0.0048640142434508826,0.020242063929570665,-6.9883414028022095,-4.985008239746094,-0.0,0.44171233945119937,3.0,0.21794079022606838,0.162145645346696,0.48545678867686604,1360,1400,3,8.426042437960886,dumbbell,3,1,C05,pca_denoise
0.011282146761741364,0.03622045124540712,0.010058265824557783,-6.994404461193827,-4.868507385253906,-0.0,0.41544984344166985,3.0,0.22200699814861496,0.21087884248800443,0.4905769871317417,1389,1400,3,9.332303695601677,dumbbell,3,1,C05,pca_denoise
-0.01691259768232666,-0.015690956097949776,0.0005089193224988185,-6.982523335400268,-4.830379486083984,-0.0,0.3372679159298928,3.0,0.1925774375511657,0.15056499634061518,0.5056535387431611,771,1400,3,10.45608464159697,dumbbell,3,1,C05,pca_denoise
-0.0060809138893969305,0.0039032872943325944,0.027421495712477314,-6.979650169412887,-4.903574466705322,-0.0,0.34571552431386865,3.0,0.22977266455296175,0.16984750452000122,0.522760506603465,337,1400,3,11.680628763081609,dumbbell,3,1,C05,pca_denoise
-0.034083674561344014,-0.015941044720646735,-0.005877422541851874,-7.00630165731051,-5.0364603996276855,-0.0625,0.3770170079056619,3.0,0.23360946578027636,0.17374789710787922,0.5084960104664863,868,1400,3,12.58921273445755,dumbbell,3,1,C05,pca_denoise
-0.0021462857413037267,-0.006323689664187803,0.03631070627490343,-7.04214383796771,-5.176182746887207,-0.25,0.19310396289187293,3.0,0.27106178454357466,0.19842624507218595,0.5121500591644647,584,1400,3,13.716086562755594,dumbbell,3,1,C05,pca_denoise
0.01337691537544298,0.039123625504066714,0.009822905081093066,-6.952897521218031,-4.523221969604492,-0.0,0.44687060836106685,3.0,0.16847995212655478,0.14472833440548968,0.5488953618416512,1131,1400,3,14.727809699382144,dumbbell,3,1,C05,pca_denoise
0.008211262444514363,0.016845380080445675,0.0030976929125101135,-6.997085138309672,-4.498594284057617,-0.0625,0.3105006966802092,3.0,0.19131294324222103,0.17810021664770986,0.5672631014057189,1242,1400,3,15.448150608364811,dumbbell,3,1,C05,pca_denoise
-0.09009784542601598,-0.05360978929439833,-0.011912051108882372,-7.027618413134952,-5.223507881164551,-0.0,0.31667243350642005,3.0,0.25187820506226555,0.17966778808805214,0.4763192964773486,760,1400,3,16.44847809418128,dumbbell,3,1,C05,pca_denoise
-0.026131829604290568,-0.025811538207376965,0.010825856056697652,-7.027196263266106,-5.140939235687256,-0.0625,0.23151531516549712,3.0,0.24551738419524222,0.16415457821275503,0.47451093037729164,818,1400,3,17.183175550659318,dumbbell,3,1,C05,pca_denoise
-0.029927895449369125,-0.039492403180215456,0.0378379779510568,-7.005261058673517,-4.889195442199707,-0.0,0.2890434044817006,3.0,0.22135604421578042,0.17058447670861884,0.5255342387807737,33,1400,3,17.845054462424237,dumbbell,3,1,C05,pca_denoise
-0.07559916927582391,-0.04997372558130452,0.005401745809598666,-7.022523341671176,-4.841298580169678,-0.0625,0.2066792901880941,3.0,0.2090821937114602,0.17472868725208504,0.5274632093035688,757,1400,3,18.477853740953684,dumbbell,3,1,C05,pca_denoise
0.02452956892968573,0.015910994289789985,0.02333466797352806,-6.996977273720159,-4.706575393676758,-0.0,0.4469096142515186,3.0,0.20611450654439564,0.19975484226401033,0.5339748446583428,1033,1400,3,18.953242809572938,dumbbell,3,1,C05,pca_denoise
-0.04036055707701838,0.0007876087237669517,-0.007650871171529006,-7.022775595953695,-5.127884864807129,-0.0,0.13136647791255063,3.0,0.23686033699251674,0.1803739792824045,0.4962203414066606,935,1400,3,19.316911019284742,dumbbell,3,1,C05,pca_denoise
-0.03512778241660092,-0.008827566206878426,0.008335382697532008,-7.039300582214301,-5.031807899475098,-0.0,0.3267814844022755,3.0,0.22118900950374487,0.18314340389966624,0.49362763544472343,417,1400,3,19.53154101653702,dumbbell,3,1,C05,pca_denoise
-0.020402219632746466,-0.04804098347121227,-0.03002107539288288,-7.064505900013132,-5.210569858551025,-0.4375,0.234858876940625,3.0,0.24779353121397518,0.20087481968026613,0.48773486739517596,1008,1400,3,19.598409833538604,dumbbell,3,1,C05,pca_denoise
-0.09651384733843182,-0.10151210174566976,0.02296045029135336,-7.109470317352799,-5.121905326843262,-0.5,0.3694983449856199,4.0,0.27878065553034953,0.31485007317962743,0.4909977754269319,139,1400,3,-22.5473601470225,dumbbell,3,1,C05,diffdist_t4
-0.08297625308741806,-0.12035368727879357,0.006410352134455552,-7.138213478269112,-4.81734561920166,-0.875,0.23199882713877998,3.0,0.25628803764899705,0.2778630078812035,0.5341634536587737,345,1400,3,-19.54807815522921,dumbbell,3,1,C05,diffdist_t4
-0.08208709468314869,-0.11055010867765903,0.03631063664042354,-7.113069746106101,-4.623867034912109,-0.4375,0.14900612718203715,3.0,0.24602206300521512,0.2644864353724593,0.5753447114966853,567,1400,3,-12.932922920056045,dumbbell,3,1,C05,diffdist_t4
-0.06806614276014798,-0.0957553571533883,0.01641044752329023,-7.127355090770632,-4.694090843200684,-0.625,0.07956484227304038,3.0,0.2488596776529519,0.2778630078812035,0.5654588647602213,957,1400,3,-4.475007189638757,dumbbell,3,1,C05,diffdist_t4
-0.09130793424867838,-0.11019828920733248,0.022422612075792686,-7.129424345353266,-4.623891830444336,-0.875,0.14305313339439835,4.0,0.22319657340173585,0.26000705545194014,0.5425902309949437,1152,1400,3,3.9266380383469093,dumbbell,3,1,C05,diffdist_t4
-0.04631358701686744,-0.07406928315278177,0.04937718018211261,-7.051783745092749,-4.754218101501465,-0.0,0.40588475326002155,3.0,0.24135338545282436,0.23931952686285543,0.5459127941541142,23,1400,3,6.366942189056861,dumbbell,3,1,C05,diffdist_t4
-0.0683100832427286,-0.08995848485238613,0.044488288824207654,-7.0428280022493865,-4.765488624572754,-0.0,0.39882945113170154,4.0,0.24120455702684324,0.24279705258360038,0.5283820393448162,705,1400,3,6.844623507345642,dumbbell,3,1,C05,diffdist_t4
-0.06498456943083902,-0.10678492416299076,0.03629150306431933,-7.053044351459851,-4.936798095703125,-0.0,0.5414308804511219,4.0,0.25202265557817594,0.20750343800557403,0.4693279693281032,1234,1400,3,7.521507126122807,dumbbell,3,1,C05,diffdist_t4
-0.0781090365362766,-0.10585509572429318,0.0636518609550091,-7.020818226616351,-4.669040203094482,-0.0,0.41936223738919204,4.0,0.21577301976144003,0.1925172589965126,0.5270000435604117,1360,1400,3,8.426042437960886,dumbbell,3,1,C05,diffdist_t4
-0.04450642743180063,-0.06149974348603131,0.023307857602391353,-7.068492374356528,-4.88318395614624,-0.0,0.3132233561035772,3.0,0.2299241742042316,0.2430621320440944,0.48561515294542446,1389,1400,3,9.332303695601677,dumbbell,3,1,C05,diffdist_t4
-0.13007147845533218,-0.1448881127883314,0.049296661264438366,-7.006446209949612,-4.418453216552734,-0.0,0.48961120472049013,4.0,0.19577220238843876,0.21013471905205242,0.5959496864609805,771,1400,3,10.45608464159697,dumbbell,3,1,C05,diffdist_t4
-0.12368176754154561,-0.11561331472336146,0.05813382077035535,-7.025628244225288,-4.52533483505249,-0.0,0.5519709637977326,4.0,0.24524586979608015,0.21005368185897016,0.5729910248199692,337,1400,3,11.680628763081609,dumbbell,3,1,C05,diffdist_t4
-0.06254050207360337,-0.08616496359574109,0.037476640071015754,-7.053094502133292,-4.794600009918213,-0.0,0.32003735108253584,3.0,0.24366985899852023,0.23294385930022993,0.520426388198821,868,1400,3,12.58921273445755,dumbbell,3,1,C05,diffdist_t4
-0.06419402463477648,-0.07534253393847958,0.037022815542078105,-7.105502328999497,-5.0238728523254395,-0.375,0.025111128913993502,3.0,0.2661149283833031,0.25042409151477724,0.5103494338080088,584,1400,3,13.716086562755594,dumbbell,3,1,C05,diffdist_t4
-0.0818360041341496,-0.08690046440219233,0.06573386508885004,-7.026760204481307,-4.432487964630127,-0.0,0.4633666169726393,4.0,0.19492117906120288,0.1989772886360628,0.5618804003467378,1131,1400,3,14.727809699382144,dumbbell,3,1,C05,diffdist_t4
-0.05282282157747864,-0.09346904805805951,0.025122252537094138,-7.085963879273978,-4.585444927215576,-0.125,0.017159034618573932,3.0,0.218920689187905,0.2257274070049338,0.5570402541288938,1242,1400,3,15.448150608364811,dumbbell,3,1,C05,diffdist_t4
-0.061109536158791826,-0.08983371961531618,0.04943917660736168,-7.058736597793034,-4.8665289878845215,-0.0,0.23409759977422,4.0,0.25182402301888784,0.23030748488971758,0.5194768029772363,760,1400,3,16.44847809418128,dumbbell,3,1,C05,diffdist_t4
-0.08533496986454468,-0.12408044894194575,0.03304442307029257,-7.0476069695913885,-4.676061630249023,-0.0,0.2952314313835597,4.0,0.2638675060262467,0.22829821027302846,0.5408775412854939,818,1400,3,17.183175550659318,dumbbell,3,1,C05,diffdist_t4
-0.06122146289124481,-0.09235470662285775,0.05606472409272834,-7.0696734714689455,-4.859581470489502,-0.0,0.34223338953201266,4.0,0.2443193718807115,0.2121034063103167,0.5146451491638958,33,1400,3,17.845054462424237,dumbbell,3,1,C05,diffdist_t4
-0.06287706723410483,-0.09174090222727536,0.03937186905776032,-7.078599438102631,-4.547398567199707,-0.0625,0.16203113326750823,3.0,0.2123291462462187,0.25318146747669984,0.5513162806657428,757,1400,3,18.477853740953684,dumbbell,3,1,C05,diffdist_t4
-0.06178006070646699,-0.0715443396011904,0.036730896742184736,-7.065849820621177,-4.72215461730957,-0.0,0.5314646982768587,3.0,0.2411014029157413,0.23152520429405568,0.5215616185759381,1033,1400,3,18.953242809572938,dumbbell,3,1,C05,diffdist_t4
-0.05409213369851891,-0.08360489166030005,0.047343301594521894,-7.057555328750858,-4.833580017089844,-0.0,0.34206534446406417,3.0,0.25080277229986014,0.23570168718843484,0.5169297450196265,935,1400,3,19.316911019284742,dumbbell,3,1,C05,diffdist_t4
-0.045574501815469765,-0.077046945483347,0.047863979855210396,-7.094486519478741,-4.865199565887451,-0.0625,0.29466679539121154,3.0,0.2334791148138925,0.22490315578679448,0.5168752864060508,417,1400,3,19.53154101653702,dumbbell,3,1,C05,diffdist_t4
-0.060620455619029914,-0.10042936509797047,0.004189250263693775,-7.1052617139044285,-4.818095684051514,-0.1875,0.13145221668588603,3.0,0.2477677096889721,0.2570227579328409,0.5303549906214686,1008,1400,3,19.598409833538604,dumbbell,3,1,C05,diffdist_t4
-0.04693520772430902,-0.06928197711195452,0.015955604188980572,-7.048142094480948,-5.092984676361084,-0.1875,0.39238078710602686,4.0,0.23723979385730132,0.2838649499491727,0.4620788707579764,139,1400,3,-22.5473601470225,dumbbell,3,1,C05,diffdist_t8
-0.06400438126123159,-0.06911944312162321,-0.0054740182377413776,-7.105783250059229,-4.171191215515137,-0.5,0.1500358245259569,4.0,0.20167015189408022,0.28402097748117855,0.5241845709707424,345,1400,3,-19.54807815522921,dumbbell,3,1,C05,diffdist_t8
-0.054502445573565414,-0.06844959849639205,0.045005689378757624,-7.073587834332068,-4.209500789642334,-0.4375,0.374344289116763,4.0,0.20530493966001961,0.24228787660297912,0.5822357978086926,567,1400,3,-12.932922920056045,dumbbell,3,1,C05,diffdist_t8
-0.03859144013689643,-0.07504495145561361,0.013793987722021313,-7.088665576518784,-4.2094807624816895,-0.5625,0.28489760376229856,4.0,0.1983098878869627,0.25533402736855837,0.5497102126537062,957,1400,3,-4.475007189638757,dumbbell,3,1,C05,diffdist_t8
-0.06453595076564586,-0.0820912066322512,0.011819788297331935,-7.095794866114751,-4.189875602722168,-0.6875,0.21982450988747157,4.0,0.18815956216816454,0.2681996796753586,0.5458546535482056,1152,1400,3,3.9266380383469093,dumbbell,3,1,C05,diffdist_t8
-0.025144428945494315,-0.04193278310383212,0.025171586755642184,-6.94938656139148,-5.096056938171387,-0.0,0.5601308400798928,4.0,0.22103852045936143,0.20811475739869698,0.44033105043693543,23,1400,3,6.366942189056861,dumbbell,3,1,C05,diffdist_t8
-0.04724822812316032,-0.062163459089009596,0.03409259278456703,-6.94125685704574,-4.949836730957031,-0.0,0.5918436065708963,4.0,0.20908269820047054,0.180083901193201,0.4368562778307671,705,1400,3,6.844623507345642,dumbbell,3,1,C05,diffdist_t8
-0.04926045768343438,-0.07070493006231779,0.033691605037613655,-6.954319415972958,-5.132237434387207,-0.0,0.5259126004619262,4.0,0.21891184060255772,0.17517560543869315,0.3901040568259778,1234,1400,3,7.521507126122807,dumbbell,3,1,C05,diffdist_t8
-0.047579927561509035,-0.07302068938159795,0.06418351486009113,-6.919612190144857,-4.95444393157959,-0.0,0.5417785930838098,4.0,0.19513806336734804,0.14204043173166003,0.41578998004374906,1360,1400,3,8.426042437960886,dumbbell,3,1,C05,diffdist_t8
-0.02673177282429113,-0.03212889835160381,0.03763305715139996,-6.97501765140832,-5.237916946411133,-0.0,0.5826335438438722,4.0,0.22094399130086267,0.22517163386990413,0.40119618037380633,1389,1400,3,9.332303695601677,dumbbell,3,1,C05,diffdist_t8
-0.08073486259466008,-0.09877715492545246,0.05119609141503738,-6.916605926159599,-4.720820426940918,-0.0,0.5464441904722617,4.0,0.1793567312121953,0.14828367331051157,0.46047637931522967,771,1400,3,10.45608464159697,dumbbell,3,1,C05,diffdist_t8
-0.06107117311827225,-0.0771209419811585,0.041215221376119465,-6.932515661889372,-4.852751731872559,-0.0,0.5088441270955005,4.0,0.21454365428204059,0.17519764160961124,0.45923598390619763,337,1400,3,11.680628763081609,dumbbell,3,1,C05,diffdist_t8
-0.033064091729457984,-0.04376641904453581,0.04859248858819798,-6.965432582689253,-5.099939823150635,-0.0,0.4905401999930487,4.0,0.22592365253728428,0.20036139516427426,0.425011795001874,868,1400,3,12.58921273445755,dumbbell,3,1,C05,diffdist_t8
-0.0439030963435467,-0.05292626345450907,0.032903032367345125,-7.055566526156651,-4.765279769897461,-0.25,0.19030026541787579,4.0,0.23110988623794487,0.23422042868420098,0.5097010649221868,584,1400,3,13.716086562755594,dumbbell,3,1,C05,diffdist_t8
-0.06258507447673615,-0.0602537030670166,0.06478071167652323,-6.935155925829248,-4.805407524108887,-0.0,0.5101393531205073,4.0,0.1883617708452148,0.17476250293680692,0.45653711528456925,1131,1400,3,14.727809699382144,dumbbell,3,1,C05,diffdist_t8
-0.0372280187186736,-0.047741989588929674,0.008183250173803508,-7.035798662362147,-4.55288553237915,-0.125,0.4748610986375617,4.0,0.19510349085759449,0.22393132516190115,0.5141573010336846,1242,1400,3,15.448150608364811,dumbbell,3,1,C05,diffdist_t8
-0.03051462852912563,-0.03983538291747015,0.05309133381779439,-6.977469619315344,-5.0677409172058105,-0.0,0.48117944632111476,4.0,0.22947197307489375,0.19756962963552196,0.43841253808240416,760,1400,3,16.44847809418128,dumbbell,3,1,C05,diffdist_t8
-0.041167463006290074,-0.07576998617259052,0.041600406879415755,-6.982570280678466,-4.788120746612549,-0.0,0.34515928648312394,4.0,0.22994769790323738,0.194363384130751,0.4723525554762676,818,1400,3,17.183175550659318,dumbbell,3,1,C05,diffdist_t8
-0.031405980358194856,-0.061551346725744346,0.0413055398878744,-7.006822257080346,-4.8564066886901855,-0.0,0.20818837186804878,4.0,0.2169867559448075,0.19147169753435545,0.45520365272920943,33,1400,3,17.845054462424237,dumbbell,3,1,C05,diffdist_t8
-0.0391978674723025,-0.06026954587751601,0.016555423781585567,-7.029844474499783,-4.402812480926514,-0.0625,0.4543453988483964,4.0,0.1841370192487386,0.22245144571145728,0.5220219269630051,757,1400,3,18.477853740953684,dumbbell,3,1,C05,diffdist_t8
-0.0343791366887462,-0.04153228657598626,0.024421874803702878,-6.987963201352436,-4.923406600952148,-0.0,0.39342726929550653,4.0,0.22102419835999165,0.21451773289198728,0.46090830587813475,1033,1400,3,18.953242809572938,dumbbell,3,1,C05,diffdist_t8
-0.03608921656999612,-0.04244083577263336,0.03908046287287048,-6.989640761558558,-4.832058429718018,-0.0,0.2396584122768527,4.0,0.208155952139493,0.2242914519812766,0.4524484089919404,935,1400,3,19.316911019284742,dumbbell,3,1,C05,diffdist_t8
-0.030074001836362586,-0.04897730702833108,0.03387401926645016,-7.027637635883805,-4.786477088928223,-0.0,0.37405917044349846,4.0,0.20716440642933837,0.19026969929545318,0.47169839472930064,417,1400,3,19.53154101653702,dumbbell,3,1,C05,diffdist_t8
-0.0629522083111505,-0.07538595994113254,0.007802938755143735,-7.060978762848913,-4.474368095397949,-0.25,0.21840739326513092,4.0,0.20703185157495757,0.24825014512287485,0.5103533394928849,1008,1400,3,19.598409833538604,dumbbell,3,1,C05,diffdist_t8
-4.872815265215588,-4.41112004810077,1.7367633533965643e-06,-7.158267036642601,-1.7471544197178446e-05,-0.0,0.9999998431814102,3.0,4.0558066235112806e-07,0.8237845825646157,0.8575736081411973,139,1400,3,-22.5473601470225,dumbbell,3,1,C05,heatgeo_t
-5.380533264812446,-4.888902134014913,1.6220701662822412e-06,-7.158265482091817,-3.2543917768634856e-05,-0.0,0.9999998527448314,4.0,7.562805915726949e-07,0.8168607381070174,0.8608027838743171,345,1400,3,-19.54807815522921,dumbbell,3,1,C05,heatgeo_t
-5.700954208613084,-4.597475153606384,2.444644582662303e-06,-7.158232648446575,-6.988918175920844e-05,-0.0,0.9999998845570975,4.0,1.6509373615157277e-06,0.8043843243155102,0.859408377169433,567,1400,3,-12.932922920056045,dumbbell,3,1,C05,heatgeo_t
-5.159452257871414,-4.678220579644704,2.6846987453421622e-06,-7.1582406932036395,-6.626980029977858e-05,-0.0,0.9999998583179261,3.0,1.561170697405143e-06,0.8059778676964349,0.860583713055333,957,1400,3,-4.475007189638757,dumbbell,3,1,C05,heatgeo_t
-5.378222524594732,-4.795571214404795,2.0241713994811894e-06,-7.15825242363278,-4.9013706302503124e-05,-0.0,0.9999998274680939,4.0,1.1461935835322681e-06,0.8124433790656332,0.8569804014718294,1152,1400,3,3.9266380383469093,dumbbell,3,1,C05,heatgeo_t
-5.0456049383890536,-4.444041371200985,3.0627972067223674e-06,-7.1581716303787335,-8.497873932356015e-05,-0.0,0.9999997045611041,3.0,2.0117881225668927e-06,0.7994294582366961,0.8608480921274989,23,1400,3,6.366942189056861,dumbbell,3,1,C05,heatgeo_t
-5.252331803927144,-4.4701072121371865,3.1532617904492244e-06,-7.158186665209207,-7.405350334011018e-05,-0.0,0.9999998478122096,3.0,1.7492928210708687e-06,0.8049366067522519,0.8581180339772171,705,1400,3,6.844623507345642,dumbbell,3,1,C05,heatgeo_t
-5.533594028508156,-5.111053467136657,2.2093920047511206e-06,-7.158223751866645,-3.835932875517756e-05,-0.0,0.9999999114389208,4.0,8.927367253386928e-07,0.8177220731772259,0.8570522927310522,1234,1400,3,7.521507126122807,dumbbell,3,1,C05,heatgeo_t
-5.318983371474517,-4.821228497546148,3.4466608180364067e-06,-7.158177097871956,-8.747103856876493e-05,-0.0,0.999999752383601,3.0,2.0700444881189e-06,0.7977088620422625,0.8572980684085673,1360,1400,3,8.426042437960886,dumbbell,3,1,C05,heatgeo_t
-4.725924233867561,-4.321624351159614,2.277290376800911e-06,-7.158221810813463,-4.180738324066624e-05,-0.0,0.9999998370323959,3.0,9.749059143817944e-07,0.8153835526198946,0.8532190407525825,1389,1400,3,9.332303695601677,dumbbell,3,1,C05,heatgeo_t
-5.49989945470155,-4.984879939894221,4.0077627574131025e-06,-7.158171751944498,-0.00011019610246876255,-0.0,0.9999997494393007,3.0,2.632887743424339e-06,0.793698705911242,0.863944845962794,771,1400,3,10.45608464159697,dumbbell,3,1,C05,heatgeo_t
-5.336625903576007,-4.707460862618659,3.7082633634125117e-06,-7.158154867225811,-0.00010442829807288945,-0.0,0.9999997951731323,3.0,2.498238473398745e-06,0.7947177905610839,0.862866309646175,337,1400,3,11.680628763081609,dumbbell,3,1,C05,heatgeo_t
-5.413515394949127,-4.571156343446534,2.8526817793250725e-06,-7.1582078481118,-7.057972834445536e-05,-0.0,0.999999809547119,3.0,1.663552900178087e-06,0.8036376779642278,0.8577479710177397,868,1400,3,12.58921273445755,dumbbell,3,1,C05,heatgeo_t
-5.163360753517811,-4.535862146652516,2.2708745873525893e-06,-7.158248548137964,-4.796504435944371e-05,-0.0,0.9999998870248259,4.0,1.1223262006853447e-06,0.8132680214997253,0.8555238541940976,584,1400,3,13.716086562755594,dumbbell,3,1,C05,heatgeo_t
-5.1219853533076405,-4.708198055129689,3.892656874414369e-06,-7.158141665933245,-0.00011269427341176197,-0.0,0.9999998181973226,3.0,2.721196391711804e-06,0.7902424726980953,0.8676521686976878,1131,1400,3,14.727809699382144,dumbbell,3,1,C05,heatgeo_t
-5.113863163782086,-4.438919869901589,3.0820694620140032e-06,-7.158236702739705,-7.81348135205917e-05,-0.0,0.999999864026079,3.0,1.8595029366019497e-06,0.7976944114794718,0.8641968562682946,1242,1400,3,15.448150608364811,dumbbell,3,1,C05,heatgeo_t
-5.681571507444679,-4.855002155446217,3.1222134431671544e-06,-7.158202745734553,-8.618910214863718e-05,-0.0,0.9999998406146733,3.0,2.0373476676328333e-06,0.8021509339226076,0.8622572001448713,760,1400,3,16.44847809418128,dumbbell,3,1,C05,heatgeo_t
-5.294442467937058,-4.807547420685503,3.1634957005644004e-06,-7.158217101659098,-7.518735947087407e-05,-0.0,0.9999998556885061,3.0,1.7748311336431946e-06,0.8023299470399489,0.8609977081150363,818,1400,3,17.183175550659318,dumbbell,3,1,C05,heatgeo_t
-5.3437753145719915,-4.922968314695607,2.8252051547592028e-06,-7.158241859218872,-6.816141831222922e-05,-0.0,0.999999860821512,3.0,1.6147317682048058e-06,0.8069789508605135,0.8627313082846226,33,1400,3,17.845054462424237,dumbbell,3,1,C05,heatgeo_t
-5.311110598045838,-4.531173898997806,3.179409073857109e-06,-7.158218892522031,-8.369542774744332e-05,-0.0,0.9999998593681625,3.0,1.986427651063251e-06,0.8002343327376167,0.862830191515644,757,1400,3,18.477853740953684,dumbbell,3,1,C05,heatgeo_t
-4.807307032662813,-4.35020470348964,3.0283074899731255e-06,-7.158213738248064,-8.315411832882091e-05,-0.0,0.9999998677731773,3.0,1.9747388725488467e-06,0.8003696185644658,0.8599817835812326,1033,1400,3,18.953242809572938,dumbbell,3,1,C05,heatgeo_t
-4.823469118711345,-4.3471038696799145,2.568924363600955e-06,-7.158221633607363,-6.016438783262856e-05,-0.0,0.9999998304474117,3.0,1.4148306931185648e-06,0.8043529769640676,0.8576239177273863,935,1400,3,19.316911019284742,dumbbell,3,1,C05,heatgeo_t
-5.262185206355004,-4.589337533368236,2.891098929175273e-06,-7.158214896779198,-7.793117401888594e-05,-0.0,0.9999998375741364,3.0,1.8431207215583299e-06,0.8021725052046782,0.8595923558028958,417,1400,3,19.53154101653702,dumbbell,3,1,C05,heatgeo_t
-5.3072484394312855,-4.717886678675966,2.1374406226903897e-06,-7.158250485853608,-4.8290759878000244e-05,-0.0,0.9999999384246478,3.0,1.1246151160972936e-06,0.8135316841512366,0.8599029732184575,1008,1400,3,19.598409833538604,dumbbell,3,1,C05,heatgeo_t
-4.410632696294947,-3.926823230572257,3.6072724453120597e-06,-7.1582639399107535,-5.059031173004769e-05,-0.0,0.9992223930903075,3.0,1.1742508984620748e-06,0.8072003562539172,0.8445378773051565,139,1400,3,-22.5473601470225,dumbbell,3,1,C05,heatgeo_4t
-4.893300562367816,-4.365515344255639,3.310875915471523e-06,-7.158262058605846,-7.357908907579258e-05,-0.0,0.9990307690196867,4.0,1.716917968679173e-06,0.7995205354624155,0.848112443705073,345,1400,3,-19.54807815522921,dumbbell,3,1,C05,heatgeo_4t
-5.195879016088276,-4.0946220411329435,4.574602467923017e-06,-7.158227181485309,-0.00013137598580215126,-0.0,0.9999998160342919,4.0,3.1250205681888704e-06,0.7856590566366647,0.8465586950152093,567,1400,3,-12.932922920056045,dumbbell,3,1,C05,heatgeo_4t
-4.677341211676557,-4.166037315254033,5.004002414703279e-06,-7.158235094904734,-0.00012844188313465565,-0.0625,0.9986352767941225,4.0,3.04404898902398e-06,0.7874283691841341,0.8478579448659082,957,1400,3,-4.475007189638757,dumbbell,3,1,C05,heatgeo_4t
-4.88944911087618,-4.275204636798229,3.882933138826816e-06,-7.158248050685678,-9.689385478850454e-05,-0.0,0.9989619207053808,4.0,2.2786822746757465e-06,0.7946163268415168,0.8438986190627361,1152,1400,3,3.9266380383469093,dumbbell,3,1,C05,heatgeo_4t
-4.5645818587870615,-3.9458818944023517,5.6910832243114995e-06,-7.158163351354499,-0.0001612756896065548,-0.0,0.9974630100490627,3.0,3.845601564879805e-06,0.7801413778017405,0.848130649360951,23,1400,3,6.366942189056861,dumbbell,3,1,C05,heatgeo_4t
-4.736777438661139,-3.969642571558811,5.9014615963540185e-06,-7.158179238289195,-0.00014454597840085626,-0.0,0.9999998116514466,3.0,3.43450330978227e-06,0.7862647040558468,0.8451316409290569,705,1400,3,6.844623507345642,dumbbell,3,1,C05,heatgeo_4t
-5.027728064235292,-4.557692332434514,4.333502165762559e-06,-7.158218896259205,-8.570472709834576e-05,-0.0,0.9982009505223837,4.0,1.9984554604214474e-06,0.8004698289056796,0.8439822026354291,1234,1400,3,7.521507126122807,dumbbell,3,1,C05,heatgeo_4t
-4.820498946403262,-4.2886309967705465,6.364489989710287e-06,-7.158169074754989,-0.00016599147056695074,-0.0,0.997415046690858,3.0,3.963106182712011e-06,0.7782188954656571,0.8442268680715759,1360,1400,3,8.426042437960886,dumbbell,3,1,C05,heatgeo_4t
-4.265471412183424,-3.834554782197233,4.571613629961169e-06,-7.158216187605933,-9.826035238802433e-05,-0.0,0.9993981558138723,3.0,2.2959911258575446e-06,0.797874629046906,0.8397341769973927,1389,1400,3,9.332303695601677,dumbbell,3,1,C05,heatgeo_4t
-4.990301178664967,-4.440163887223033,7.317848243149072e-06,-7.158163885709133,-0.00020504363055806607,-0.0,0.9975088502792577,3.0,4.955917062730334e-06,0.7737541912219759,0.8515401465569494,771,1400,3,10.45608464159697,dumbbell,3,1,C05,heatgeo_4t
-4.8372224716272765,-4.1871539019844946,6.817878976148051e-06,-7.158145514338637,-0.00019525799143593758,-0.0,0.999999745994222,3.0,4.7113838329736e-06,0.774889426161509,0.8503607454494753,337,1400,3,11.680628763081609,dumbbell,3,1,C05,heatgeo_4t
-4.934152924325869,-4.064661138721481,5.233580065377996e-06,-7.158201683415786,-0.00013357435818761587,-0.0,0.9993298844269607,3.0,3.1686541561081644e-06,0.7848215299827712,0.8447275164982584,868,1400,3,12.58921273445755,dumbbell,3,1,C05,heatgeo_4t
-4.684206285714212,-4.0366247896160585,4.2964612951765235e-06,-7.158243542993919,-9.64761566137895e-05,-0.0,0.9986771996688397,4.0,2.271745787747132e-06,0.7955299751806905,0.842267372545176,584,1400,3,13.716086562755594,dumbbell,3,1,C05,heatgeo_4t
-4.636454530687328,-4.184740882760473,7.470963835222444e-06,-7.158132829597548,-0.00022740244457963854,-0.0,0.9978405058551949,3.0,5.544184952008077e-06,0.7699025302355611,0.8556217382993555,1131,1400,3,14.727809699382144,dumbbell,3,1,C05,heatgeo_4t
-4.629164919405183,-3.9462044859518484,5.686789420061844e-06,-7.158230224927847,-0.00014927334268577397,-0.0,0.9989524896634,3.0,3.5775812333548347e-06,0.7782112486458911,0.8518340280831623,1242,1400,3,15.448150608364811,dumbbell,3,1,C05,heatgeo_4t
-5.167369238792076,-4.323283407289726,5.671437768924037e-06,-7.158196551595815,-0.0001585882273502648,-0.0,0.9993497319653598,3.0,3.777338091541496e-06,0.7831702789431882,0.8496988965971559,760,1400,3,16.44847809418128,dumbbell,3,1,C05,heatgeo_4t
-4.798078539592926,-4.277157948614409,6.024689410480399e-06,-7.158211204560725,-0.0001513444003649056,-0.0,0.999999856750656,3.0,3.5836649928799e-06,0.7833650065272498,0.848291082772539,818,1400,3,17.183175550659318,dumbbell,3,1,C05,heatgeo_4t
-4.8486681229106035,-4.3858122229884255,5.218588895211651e-06,-7.1582362291689385,-0.00012981457985006273,-0.0,0.9997179766571702,3.0,3.100983915936383e-06,0.788537440023888,0.8502168547034975,33,1400,3,17.845054462424237,dumbbell,3,1,C05,heatgeo_4t
-4.81945469418976,-4.02947593852475,5.848410001133009e-06,-7.158212584628982,-0.00015886483015492558,-0.0,0.9992855719045988,3.0,3.8013475311067707e-06,0.7810361142833483,0.8503360605943571,757,1400,3,18.477853740953684,dumbbell,3,1,C05,heatgeo_4t
-4.34369827771465,-3.8828918018064535,5.543844741502657e-06,-7.158207168832854,-0.00015324121341109276,-0.0,0.9999998705292916,3.0,3.680070290786197e-06,0.7811913388858723,0.84719024674438,1033,1400,3,18.953242809572938,dumbbell,3,1,C05,heatgeo_4t
-4.359186168372884,-3.859835989861677,4.937943790583876e-06,-7.158215881922978,-0.0001255294628208503,-0.0,0.9994417715645254,3.0,2.96904386972382e-06,0.7856199346064882,0.8445945463853176,935,1400,3,19.316911019284742,dumbbell,3,1,C05,heatgeo_4t
-4.77283544083892,-4.0817728847041685,5.301898469027566e-06,-7.158209422862133,-0.00014512368943542242,-0.0,0.9993966861867063,3.0,3.455737919916095e-06,0.7831958304404038,0.8467551897111161,417,1400,3,19.53154101653702,dumbbell,3,1,C05,heatgeo_4t
-4.819777041983224,-4.204867941115571,4.0695430192361215e-06,-7.1582462158211335,-9.524678171146661e-05,-0.0,0.9988118388166773,3.0,2.2361612230462407e-06,0.7958193014803956,0.847094978651024,1008,1400,3,19.598409833538604,dumbbell,3,1,C05,heatgeo_4t
-0.05865450920748168,-0.0056189967644311705,-0.008129333687548628,-6.943349489099886,-4.685952663421631,-0.0,0.294543510494795,2.0,0.1861005595340617,0.13991232446008892,0.5077216835912489,139,1400,3,-22.5473601470225,dumbbell,3,1,C05,fb_potential
-0.04178314252040319,-0.02263452956092244,0.00441964313089006,-6.993642520720531,-4.925136089324951,-0.0,0.22895464749643057,3.0,0.2054379746103121,0.14878460491991316,0.5048436766385406,345,1400,3,-19.54807815522921,dumbbell,3,1,C05,fb_potential
-0.006117535294680496,-0.012341424258921813,0.019501523417725784,-7.011021024111314,-5.228304386138916,-0.0625,0.21987951202902314,3.0,0.24558700274319595,0.15684714872377267,0.4491885385589982,567,1400,3,-12.932922920056045,dumbbell,3,1,C05,fb_potential
-0.016072189517985086,-0.008118166281332446,0.011314108974476952,-6.9885897815353335,-4.819706916809082,-0.0,0.27130626293459326,3.0,0.20785181496604394,0.1619763013847373,0.5302957975354371,957,1400,3,-4.475007189638757,dumbbell,3,1,C05,fb_potential
-0.012202638766439948,-0.013057481192099925,0.0037316021063168864,-7.000448904844349,-5.096166133880615,-0.0,0.26973748603106074,3.0,0.2409922161149336,0.16845138884442087,0.4946541647637227,1152,1400,3,3.9266380383469093,dumbbell,3,1,C05,fb_potential
-0.042585797479868445,-0.02672293872329523,0.0043085588551495906,-7.027805404552208,-5.2999677658081055,-0.1875,0.22583962598520757,3.0,0.2321475289696748,0.16634453465884957,0.4627008780705047,23,1400,3,6.366942189056861,dumbbell,3,1,C05,fb_potential
-0.0316381416600052,-0.03170688870983544,-0.0045463071845989605,-6.942316899635097,-4.887948036193848,-0.0,0.29182007494994,3.0,0.22169483451781474,0.16155140523848543,0.4997133534647764,705,1400,3,6.844623507345642,dumbbell,3,1,C05,fb_potential
0.0013825493551547084,-0.015443628797766243,0.014476062660567831,-6.988590739113254,-5.125478267669678,-0.0,0.3119148954777948,3.0,0.2360907989058858,0.1613982918362447,0.47545248754281755,1234,1400,3,7.521507126122807,dumbbell,3,1,C05,fb_potential
-0.051384465053440555,-0.022431260569420557,-0.007622287042054263,-6.979798747224548,-4.973581314086914,-0.0,0.21578984602800527,3.0,0.22268288806053094,0.15318046573878052,0.4757459678071799,1360,1400,3,8.426042437960886,dumbbell,3,1,C05,fb_potential
-0.02597688822202527,-0.002201939029370855,0.017102891871569752,-6.971758387555926,-4.95637845993042,-0.0,0.34232374190194403,3.0,0.22962704503774634,0.17461062719587342,0.506168034410873,1389,1400,3,9.332303695601677,dumbbell,3,1,C05,fb_potential
-0.03275503257124167,-0.05180345979094363,0.013409605077953865,-6.978221915107597,-4.976810932159424,-0.0,0.24758567441135299,3.0,0.19518720150977445,0.1355428690329065,0.4553419587732998,771,1400,3,10.45608464159697,dumbbell,3,1,C05,fb_potential
-0.011467267533391333,-0.01984921491196713,0.02633385688693099,-6.931199288830349,-4.728139400482178,-0.0,0.25933227454942875,3.0,0.2151307895398813,0.1544783922992927,0.5186457955283519,337,1400,3,11.680628763081609,dumbbell,3,1,C05,fb_potential
-0.022943561329720318,-0.005471793123788821,0.007488309993102744,-6.9884850948897785,-5.110254764556885,-0.0,0.24807430348109966,3.0,0.22660731705376125,0.1488705171167185,0.46430403305693396,868,1400,3,12.58921273445755,dumbbell,3,1,C05,fb_potential
-0.07247108481209369,-0.03856344440398,-0.03342832636018861,-6.983182112293235,-4.962542533874512,-0.0,0.19095012612715223,3.0,0.22696805929230326,0.16991625118626308,0.5124599710442674,584,1400,3,13.716086562755594,dumbbell,3,1,C05,fb_potential
0.002180041521018586,0.005391828861716596,0.02823393709791446,-6.963895839216718,-4.895865440368652,-0.0,0.20326926469842285,3.0,0.20138846149446357,0.14202852553463344,0.47690288200218833,1131,1400,3,14.727809699382144,dumbbell,3,1,C05,fb_potential
-0.06976752239287189,-0.047977431813541783,0.003609822856086242,-7.0107791815040486,-5.045094966888428,-0.0625,0.1522212521700639,3.0,0.232387067277569,0.16716814533417418,0.48867389437664305,1242,1400,3,15.448150608364811,dumbbell,3,1,C05,fb_potential
-0.03493242590529313,-0.0069267806784858,0.022235187429581155,-6.985329250367817,-5.112794399261475,-0.0,0.2908345114299961,3.0,0.22567291340884824,0.15648163888867658,0.45458803664310976,760,1400,3,16.44847809418128,dumbbell,3,1,C05,fb_potential
-0.047381147082328094,-0.02710549536618921,0.0439549394091167,-6.991323404451144,-5.047085285186768,-0.0625,0.24922326039057519,3.0,0.2562718783431914,0.18691607333717125,0.5026636567962831,818,1400,3,17.183175550659318,dumbbell,3,1,C05,fb_potential
-0.017186739793881273,0.0014099896244673341,0.024646604057989345,-6.986010652575782,-5.018369674682617,-0.0,0.3036728581152465,3.0,0.22874216871320863,0.16334426936556623,0.4830174773397329,33,1400,3,17.845054462424237,dumbbell,3,1,C05,fb_potential
-0.036000688352124596,-0.023975694049988398,-0.028086168169142563,-7.001532790355732,-4.844062805175781,-0.25,0.2325800082270149,3.0,0.21345796754026128,0.1801675506448183,0.5137008695326466,757,1400,3,18.477853740953684,dumbbell,3,1,C05,fb_potential
0.021375799959407606,0.0024891933683271203,0.021441815013213503,-6.930789806420178,-4.737926483154297,-0.0,0.3026245875128099,3.0,0.21507362235598984,0.16341849364779917,0.5456995566304076,1033,1400,3,18.953242809572938,dumbbell,3,1,C05,fb_potential
-0.03749555123497461,-0.026769661473897928,0.0516704706627106,-6.966803946404001,-4.973836421966553,-0.0,0.1821946707106347,3.0,0.2440762021093016,0.17949128687485408,0.4975214133267289,935,1400,3,19.316911019284742,dumbbell,3,1,C05,fb_potential
-0.019143666018777268,0.0029709380280802077,0.014975064866795413,-6.960869339953611,-4.862860679626465,-0.0,0.32136696931397657,3.0,0.21659015412043706,0.15603615548789074,0.5231015547577248,417,1400,3,19.53154101653702,dumbbell,3,1,C05,fb_potential
-0.02361327419787648,-0.02266616460462716,0.029159257157252014,-6.996324660408019,-5.057382106781006,-0.0,0.15945813860176367,3.0,0.2230375873119568,0.15773326133991078,0.49153622850723333,1008,1400,3,19.598409833538604,dumbbell,3,1,C05,fb_potential
-0.6384523478454663,-0.6295420179214067,0.09410538477197956,-7.126693254977664,-5.350785255432129,-0.0,0.46139800093532624,4.0,0.289270910249672,0.260740773843827,0.5199842215520285,139,1400,3,-22.5473601470225,dumbbell,3,1,D,plain
-0.5070236037337499,-0.5267136157448596,0.09209698950160963,-7.13834437815009,-4.483242034912109,-0.125,0.4165528490489294,3.0,0.20804328217093684,0.2843342517079662,0.5461639787326932,345,1400,3,-19.54807815522921,dumbbell,3,1,D,plain
-0.6859736430615009,-0.887956551865523,0.10283290595867677,-7.143255704913515,-4.4188385009765625,-0.25,0.46371517049253125,3.0,0.203195154476889,0.290047017386118,0.5499005454997488,567,1400,3,-12.932922920056045,dumbbell,3,1,D,plain
-0.7184412983667469,-0.9204848147338385,0.07394005638726452,-7.140167755369484,-4.829739570617676,-0.8125,0.44746464329548186,2.0,0.23092185231060608,0.28119319454989605,0.5400749840420566,957,1400,3,-4.475007189638757,dumbbell,3,1,D,plain
-0.5377140961753092,-0.692291088474654,0.11109360099837459,-7.13774671989818,-5.09414529800415,-0.3125,0.5170820042308834,1.0,0.24973543358673433,0.2716178813079582,0.5288972007733832,1152,1400,3,3.9266380383469093,dumbbell,3,1,D,plain
-0.4710794769843856,-0.6069699533542838,0.024340177560421755,-7.149880621409618,-4.742259502410889,-1.0,0.30793700532041424,1.0,0.21143034334183083,0.2839887372117809,0.5487045996648195,23,1400,3,6.366942189056861,dumbbell,3,1,D,plain
-0.43341906010144227,-0.415908154906527,0.02520411307518042,-7.122703389027134,-3.968813180923462,-0.0625,0.4835084402443245,2.0,0.18049781809876017,0.3022221658027481,0.7735806195772118,705,1400,3,6.844623507345642,dumbbell,3,1,D,plain
-0.6565967157417429,-0.8037134044350438,0.07013900888000446,-7.1431162866055455,-4.686984539031982,-0.375,0.4443565410399414,2.0,0.2127974853735225,0.2852409527494678,0.5441867320551541,1234,1400,3,7.521507126122807,dumbbell,3,1,D,plain
-0.674907111759601,-0.7456400660519098,0.07141106070171943,-7.149148019597676,-5.523569583892822,-1.0,0.39104581666495086,1.0,0.28804233884983543,0.2526295172865196,0.5067207228974626,1360,1400,3,8.426042437960886,dumbbell,3,1,D,plain
-0.4049845894122472,-0.48003589760365495,0.056299006084901654,-7.112793221360645,-4.529744625091553,-0.0,0.4842613383314389,2.0,0.22747726516595165,0.2773259244230519,0.5512219276236284,1389,1400,3,9.332303695601677,dumbbell,3,1,D,plain
-0.573462909238187,-0.7350194132506183,0.049782929867562255,-7.145273541881389,-4.736988067626953,-0.3125,0.5001672292075449,1.0,0.22383252516286045,0.2780690563464202,0.5334931321809485,771,1400,3,10.45608464159697,dumbbell,3,1,D,plain
-0.5235857147711908,-0.6262787466143326,0.08829381685354083,-7.134064450832275,-4.058979034423828,-0.1875,0.45304844535638844,2.0,0.18559738000010548,0.2943155214146868,0.5745954332078048,337,1400,3,11.680628763081609,dumbbell,3,1,D,plain
-0.749040007879197,-0.9635354511841647,0.05195150098532296,-7.14938562334044,-5.582489013671875,-1.0,0.3211951138393964,2.0,0.29524004913077745,0.24837466841242392,0.4947323959623571,868,1400,3,12.58921273445755,dumbbell,3,1,D,plain
-0.5619944229613091,-0.7455450613492783,0.0578323289261464,-7.149127965869709,-5.2859206199646,-1.0,0.4314164974046081,1.0,0.26453998339268514,0.2628295965664385,0.5199948188563994,584,1400,3,13.716086562755594,dumbbell,3,1,D,plain
-0.6814901261730706,-0.8477819400412935,0.09227484417989276,-7.1267156138403145,-4.638099193572998,-0.0,0.5017482343487867,2.0,0.22688622345659912,0.27747991240383396,0.543720119728643,1131,1400,3,14.727809699382144,dumbbell,3,1,D,plain
-0.45394632316032824,-0.5509463647201042,0.060607724960588104,-7.134357076286905,-4.207993984222412,-0.1875,0.4664683967855791,2.0,0.18476478763884374,0.2976730853960928,0.5636741253334,1242,1400,3,15.448150608364811,dumbbell,3,1,D,plain
-0.7467103741743795,-0.8767797316342488,0.0385951420722368,-7.147235355213895,-5.600622177124023,-0.3125,0.33164793868068937,1.0,0.2969955603794078,0.24906004831840559,0.4996740426398971,760,1400,3,16.44847809418128,dumbbell,3,1,D,plain
-0.7207899787472997,-0.7778231983621017,0.09675488474484772,-7.141399541761986,-4.785655975341797,-0.875,0.3156955964815046,1.0,0.22235720777100929,0.27964179215276946,0.5461964169750281,818,1400,3,17.183175550659318,dumbbell,3,1,D,plain
-0.7647290374261471,-0.7297223512067829,0.06679892800578306,-7.1420971050597295,-5.359856128692627,-0.0625,0.5161127010435532,2.0,0.28172728136355785,0.2630693159485359,0.5100499217454817,33,1400,3,17.845054462424237,dumbbell,3,1,D,plain
-0.3139951864027689,-0.3811948674269021,0.01674023890190072,-7.126393778834286,-4.589695930480957,-0.0,0.43557302799047126,2.0,0.21647713105469896,0.2807907037976181,0.5461414978706562,757,1400,3,18.477853740953684,dumbbell,3,1,D,plain
-0.5114750632997844,-0.5230372257921674,0.06714940221505088,-7.129087902780421,-4.799996376037598,-0.0,0.46495411130450165,1.0,0.2463838975724051,0.26416237622163913,0.5409478101809901,1033,1400,3,18.953242809572938,dumbbell,3,1,D,plain
-0.5244881088242018,-0.590939631286338,0.037339064265378974,-7.145454744111391,-4.505587100982666,-1.0,0.3325129182908355,1.0,0.19872533161641256,0.29392205753656564,0.5639641494675656,935,1400,3,19.316911019284742,dumbbell,3,1,D,plain
-0.6504400276958533,-0.6975974002863484,0.04876202953124273,-7.149802486590128,-5.556859016418457,-1.0,0.36819172994933347,1.0,0.2946727079800438,0.25515578468490746,0.5121523778138778,417,1400,3,19.53154101653702,dumbbell,3,1,D,plain
-0.6825740053665282,-0.8668143890257166,0.07649228434374467,-7.13154124175726,-4.2267632484436035,-0.125,0.43644237987174944,2.0,0.18868422560019948,0.29425578944231184,0.5694156626961351,1008,1400,3,19.598409833538604,dumbbell,3,1,D,plain
-0.160476352043731,-0.19226931014557141,0.06368400466835694,-7.00475743744933,-5.0846147537231445,-0.0,0.2409337211855431,3.0,0.23450054756470762,0.16440275092696924,0.47455323772244296,139,1400,3,-22.5473601470225,dumbbell,3,1,D,pca_denoise
-0.1435843712476402,-0.10814273375158742,0.05417376612903009,-7.027745645416328,-4.979274272918701,-0.0625,0.1997039995500749,3.0,0.24100823193050971,0.1800386007779687,0.5090515577248453,345,1400,3,-19.54807815522921,dumbbell,3,1,D,pca_denoise
-0.2503149698624576,-0.1325932979953601,0.082724463655728,-7.058241101770031,-4.963293552398682,-0.0,0.27160738632780956,2.0,0.24192920400019652,0.1897587953530219,0.5005839875534881,567,1400,3,-12.932922920056045,dumbbell,3,1,D,pca_denoise
-0.22246043757077014,-0.15235224611460774,0.0707474513341386,-7.035146120910769,-5.079469203948975,-0.0625,0.2055222007948735,3.0,0.2584610884001064,0.1950646482140145,0.5018711901227612,957,1400,3,-4.475007189638757,dumbbell,3,1,D,pca_denoise
-0.19362460155006248,-0.19004669833211982,0.039506549829237486,-7.025404245268823,-5.199077606201172,-0.0625,0.2389864526309612,3.0,0.25578856136375144,0.17846387288824891,0.46578586689447404,1152,1400,3,3.9266380383469093,dumbbell,3,1,D,pca_denoise
-0.18166225855914397,-0.10180039123576484,0.0826498034865458,-7.099414055007829,-5.230607986450195,-0.6875,0.18936424691628234,4.0,0.26299152724633934,0.2162632276702045,0.5320142808748258,23,1400,3,6.366942189056861,dumbbell,3,1,D,pca_denoise
-0.06359735976501031,-0.0450798945527911,0.03878686129664605,-7.020523293547937,-4.529182434082031,-0.0625,0.2749109529539404,3.0,0.23694563277427932,0.2391191843798183,0.5994068609711817,705,1400,3,6.844623507345642,dumbbell,3,1,D,pca_denoise
-0.2900821701463237,-0.19752727099680237,0.08981452377951037,-7.043642521995252,-4.915099143981934,-0.0,0.2674318293099419,3.0,0.23809428040746106,0.16451655687931574,0.4843050279983433,1234,1400,3,7.521507126122807,dumbbell,3,1,D,pca_denoise
-0.2526947217554051,-0.305974113584928,0.09965243179008208,-7.071971124006611,-5.518877983093262,-0.0,0.23554671721884507,2.0,0.26835848991647027,0.172734386162117,0.4580890004626533,1360,1400,3,8.426042437960886,dumbbell,3,1,D,pca_denoise
-0.08573078430086212,-0.05860704439213205,0.08609596674205774,-6.955820547112612,-4.485979080200195,-0.0,0.3219255974275213,3.0,0.2221781352512051,0.1869831939309379,0.5821239779029821,1389,1400,3,9.332303695601677,dumbbell,3,1,D,pca_denoise
-0.19285498491232814,-0.1666431730373229,0.06470336789559644,-7.064598337554182,-5.080881118774414,-0.125,0.2560615966636053,2.0,0.2467214754450508,0.1837984872711542,0.4881252474089546,771,1400,3,10.45608464159697,dumbbell,3,1,D,pca_denoise
-0.04752351290488126,-0.031517200372272985,-0.050153889384214535,-7.030807526559406,-3.914107084274292,-0.25,0.5385156292798924,2.0,0.21277740761848998,0.2672862392645456,0.6883092832958337,337,1400,3,11.680628763081609,dumbbell,3,1,D,pca_denoise
-0.19872775010347674,-0.21215784547692565,0.0775789840710749,-7.085692058829818,-5.456918716430664,-0.25,0.1661108649318469,2.0,0.26972868771234115,0.1728842403776583,0.455837435912552,868,1400,3,12.58921273445755,dumbbell,3,1,D,pca_denoise
-0.23352853022297618,-0.19274477030825415,0.04560377783329674,-7.07497759954579,-5.065336227416992,-0.1875,0.15199216145006456,3.0,0.24747123648759736,0.18322113174761812,0.49214440255938957,584,1400,3,13.716086562755594,dumbbell,3,1,D,pca_denoise
-0.2802066625480053,-0.17742077259291006,0.06332170546613305,-6.992312716400171,-4.887006759643555,-0.0,0.12459761830356204,3.0,0.22785887642449265,0.1656535824028952,0.48895199259904737,1131,1400,3,14.727809699382144,dumbbell,3,1,D,pca_denoise
-0.09821743142172547,-0.09478408252508252,0.04487031264803652,-7.033798514610326,-5.183709144592285,-0.0,0.46134298941593616,3.0,0.2628928038410169,0.19093287105027829,0.4902144684384976,1242,1400,3,15.448150608364811,dumbbell,3,1,D,pca_denoise
-0.28633985430344255,-0.19642473680371414,0.015988127182943387,-7.058226083653106,-5.095536231994629,-0.0,0.28908870731025704,2.0,0.2359217029806936,0.1568144439123988,0.4650703656423716,760,1400,3,16.44847809418128,dumbbell,3,1,D,pca_denoise
-0.15159940251125703,-0.15606032765891478,0.030245370460851302,-7.04358763687479,-4.968229293823242,-0.0,0.23813573944685423,3.0,0.22893317260198798,0.1678970141357682,0.4829053021722878,818,1400,3,17.183175550659318,dumbbell,3,1,D,pca_denoise
-0.21354284377236343,-0.21184820807750826,0.038461482411377666,-7.05030286712367,-5.033394813537598,-0.0,0.3004315993223644,3.0,0.2377392183964336,0.16926413796900075,0.4847336788661527,33,1400,3,17.845054462424237,dumbbell,3,1,D,pca_denoise
-0.13440440096857703,-0.09672878285716158,0.009437924987840412,-7.027388996366701,-4.5768022537231445,-0.1875,0.3056517174913836,2.0,0.21651187034192737,0.20008370256959995,0.5479643857705195,757,1400,3,18.477853740953684,dumbbell,3,1,D,pca_denoise
-0.11817279698175133,-0.08819227172956438,0.025231236307973415,-7.015996402640496,-4.7170186042785645,-0.0,0.3412726109188586,3.0,0.2177603106568859,0.17150375656147984,0.5322091609659255,1033,1400,3,18.953242809572938,dumbbell,3,1,D,pca_denoise
-0.13597392418142734,-0.11537827739602786,-0.03189727071759732,-7.062832114096383,-4.795849800109863,-0.375,0.18798980808684165,3.0,0.23862966129350233,0.20238982755962598,0.5458588567285358,935,1400,3,19.316911019284742,dumbbell,3,1,D,pca_denoise
-0.2984768463936925,-0.21458255114053054,0.011048195089190348,-7.0927729518311775,-5.319099426269531,-0.3125,0.1738959329167144,1.0,0.23083655145393572,0.16508380708547668,0.45797094995646065,417,1400,3,19.53154101653702,dumbbell,3,1,D,pca_denoise
-0.15009016328015254,-0.15903031326245193,0.07988956037741182,-7.071258121982719,-4.741930961608887,-0.125,0.36243069446030957,3.0,0.22882774683182225,0.27891215411975384,0.5863305668276689,1008,1400,3,19.598409833538604,dumbbell,3,1,D,pca_denoise
-0.01309257188283023,-0.0064025709291185475,0.014896263518031732,-6.804256760709765,-5.342649459838867,-0.0,0.2462684250354938,4.0,0.1978475226545718,0.1410282957837341,0.3559221933977607,139,1400,3,-22.5473601470225,dumbbell,3,1,D,diffdist_t4
-0.011086005878289264,-0.007379059278009556,0.005581611564411335,-6.812512443541527,-5.223483562469482,-0.0,0.10906191929394497,4.0,0.1901729991927978,0.13962158609787703,0.34965996716534514,345,1400,3,-19.54807815522921,dumbbell,3,1,D,diffdist_t4
-0.021185421272782078,-0.011896196585367492,0.029406990849739016,-6.929689133176674,-5.633742332458496,-0.0625,0.04442587917513077,4.0,0.1957064083758437,0.12146961790537814,0.2993232267837715,567,1400,3,-12.932922920056045,dumbbell,3,1,D,diffdist_t4
-0.009701400743235828,-0.005438328943357312,0.037609603656321405,-6.479758250485441,-5.0353217124938965,-0.0,0.4331758585505332,4.0,0.17113085629910274,0.12139236881108632,0.36081762809632933,957,1400,3,-4.475007189638757,dumbbell,3,1,D,diffdist_t4
-0.007853167912089504,-0.004131728681967523,0.041137736675887826,-6.447063577575984,-4.900218486785889,-0.0,0.48768660122429497,4.0,0.16869263913618543,0.11144337131775581,0.3989864259962357,1152,1400,3,3.9266380383469093,dumbbell,3,1,D,diffdist_t4
-0.012878829572396904,-0.006786110775344865,-0.016068449603786922,-7.003891483006683,-5.526484489440918,-0.6875,0.002984345293278498,4.0,0.20857701107566917,0.14397494784133616,0.37118660691986455,23,1400,3,6.366942189056861,dumbbell,3,1,D,diffdist_t4
-0.019307541385963932,-0.009327331569128702,0.015328986581772694,-6.891716997171532,-5.289342880249023,-0.0,0.042327314008854214,4.0,0.18610621130123195,0.12066287788951693,0.34649562063387784,705,1400,3,6.844623507345642,dumbbell,3,1,D,diffdist_t4
-0.0244846144784197,-0.0169038370213364,0.024023189402212822,-6.795835040375632,-5.3492279052734375,-0.0,0.09729740539245935,4.0,0.16749946021473322,0.09566844806301826,0.31101844259510597,1234,1400,3,7.521507126122807,dumbbell,3,1,D,diffdist_t4
-0.023439850818643426,-0.010469047782960001,0.023197830537749563,-6.726908731096689,-5.38554048538208,-0.0,0.20098737328508648,4.0,0.17587173244319054,0.09916123707468635,0.2909022519368445,1360,1400,3,8.426042437960886,dumbbell,3,1,D,diffdist_t4
-0.014902783946206144,-0.006241268045177925,0.01936694194575768,-6.51672731457762,-5.031002044677734,-0.0,0.3238884086813706,4.0,0.18999847131989292,0.13625337087576073,0.388369594237785,1389,1400,3,9.332303695601677,dumbbell,3,1,D,diffdist_t4
-0.009193430740670304,-0.007103668476424323,-0.0011306086045097504,-6.970696864839407,-5.436210632324219,-0.0625,-0.01490103260972847,4.0,0.17930719262763636,0.09246156017506184,0.33903290744514936,771,1400,3,10.45608464159697,dumbbell,3,1,D,diffdist_t4
-0.012303527615493089,-0.005830732008728918,0.006016033060708244,-6.6767446622495825,-5.298530578613281,-0.0,0.24205354386606004,4.0,0.195755089314967,0.1280134717598041,0.3418890494816497,337,1400,3,11.680628763081609,dumbbell,3,1,D,diffdist_t4
-0.012954804897624059,-0.009104709909320698,0.022771864569564343,-6.830671696665364,-5.322821140289307,-0.0,0.12298089595526025,4.0,0.17933297438231824,0.11753983506248439,0.32446301519640647,868,1400,3,12.58921273445755,dumbbell,3,1,D,diffdist_t4
-0.011970674346527281,-0.011826457817290357,0.019600140885825443,-6.954630674545113,-5.579893589019775,-0.0,0.08567417232489333,4.0,0.18297303968854728,0.10995196007595864,0.2900636763570552,584,1400,3,13.716086562755594,dumbbell,3,1,D,diffdist_t4
-0.010439079266673427,-0.006070558185115061,0.029351123457669243,-6.617097133401652,-4.8101606369018555,-0.0,0.301617460669081,4.0,0.1552949687343138,0.1057895358485248,0.39021873481314734,1131,1400,3,14.727809699382144,dumbbell,3,1,D,diffdist_t4
-0.006764436232092889,-0.00362187858655341,0.04783253306001635,-6.441864876299261,-4.759378910064697,-0.0,0.5265444139012478,4.0,0.16823788542515947,0.11784972885035222,0.44036582981572037,1242,1400,3,15.448150608364811,dumbbell,3,1,D,diffdist_t4
-0.018794953811347288,-0.011838278106832386,0.023998574003768702,-6.778303980077504,-5.413266658782959,-0.0,0.05083683216667273,4.0,0.1677462561010845,0.09148387054745082,0.29589570319692765,760,1400,3,16.44847809418128,dumbbell,3,1,D,diffdist_t4
-0.01204415298221024,-0.006778813054536037,0.0222831414291031,-6.63309084088484,-5.212882041931152,-0.0,0.1495182456996087,4.0,0.1772523448065137,0.11637524143876599,0.3483355983049915,818,1400,3,17.183175550659318,dumbbell,3,1,D,diffdist_t4
-0.015686627255682206,-0.008136111169426438,0.021374197224741945,-6.6226345893779754,-5.316895484924316,-0.0,0.1439984499369527,4.0,0.2015155417036581,0.1327832187063492,0.34430566040478555,33,1400,3,17.845054462424237,dumbbell,3,1,D,diffdist_t4
-0.015499211166497082,-0.007203436939960535,0.02679116934250826,-6.799814009163335,-5.265233993530273,-0.0,0.15404485757553932,4.0,0.19319039017931622,0.13032576411779373,0.33573055723432477,757,1400,3,18.477853740953684,dumbbell,3,1,D,diffdist_t4
-0.009287448677325942,-0.007217818764499344,0.027922844999343454,-6.588821129531976,-5.152401924133301,-0.0,0.331536125375093,4.0,0.20546118453501344,0.16726746549048307,0.3884211049162881,1033,1400,3,18.953242809572938,dumbbell,3,1,D,diffdist_t4
-0.015850402325204762,-0.009919298027622467,0.015397796212764,-7.034257111626448,-5.514070510864258,-0.4375,-0.0713927181002708,4.0,0.21087729640590597,0.15796135055746413,0.35443583810652296,935,1400,3,19.316911019284742,dumbbell,3,1,D,diffdist_t4
-0.013187939919336632,-0.008943632350291867,0.003242020324011245,-7.019140420850904,-5.6196088790893555,-0.4375,0.08509701269152305,4.0,0.21472052932400876,0.1500857792605273,0.34007636484914977,417,1400,3,19.53154101653702,dumbbell,3,1,D,diffdist_t4
-0.014235627897177144,-0.00980738293207629,0.004300165475813484,-6.869095033852387,-5.264741897583008,-0.0,0.026637379905941366,4.0,0.16866069520870736,0.10736527269435261,0.3270143220781238,1008,1400,3,19.598409833538604,dumbbell,3,1,D,diffdist_t4
-3.1580401865739314e-05,-1.5324106046788376e-05,0.00496486872407055,-6.567240522354318,-5.413183212280273,-0.0,0.18104377863138393,4.0,0.1777816163330957,0.10444046291130656,0.3258492829692918,139,1400,3,-22.5473601470225,dumbbell,3,1,D,diffdist_t8
-2.7078532560321384e-05,-1.5384295257870633e-05,0.0003775697423010656,-6.5399168159083,-5.248175144195557,-0.0,0.01795240918035619,4.0,0.16841251913055266,0.09406286654978316,0.335178458749139,345,1400,3,-19.54807815522921,dumbbell,3,1,D,diffdist_t8
-7.690792574284938e-05,-3.838618362660376e-05,0.01843499428574443,-6.66259425380491,-5.67903470993042,-0.0,-0.020992181769230414,4.0,0.1692069988939876,0.07589286207098042,0.2545491887430074,567,1400,3,-12.932922920056045,dumbbell,3,1,D,diffdist_t8
-2.167341674166482e-05,-1.051414947718877e-05,0.03579172513708045,-6.069623121280064,-5.058992862701416,-0.0,0.27000209921800944,4.0,0.15948567361698504,0.09474217849812752,0.3326180399448056,957,1400,3,-4.475007189638757,dumbbell,3,1,D,diffdist_t8
-1.6573305498863005e-05,-8.447646743026669e-06,0.034225837843408276,-6.026879060617377,-4.93624210357666,-0.0,0.40901601621860084,4.0,0.16185648541018066,0.10080115769560985,0.37900879950029315,1152,1400,3,3.9266380383469093,dumbbell,3,1,D,diffdist_t8
-3.120635820079393e-05,-1.5953185506465316e-05,-0.012920339334798962,-6.759319594985491,-5.6886515617370605,-0.375,0.013151327585494949,4.0,0.19569229308261188,0.11998120531484693,0.3348659789793798,23,1400,3,6.366942189056861,dumbbell,3,1,D,diffdist_t8
-4.571580917927876e-05,-2.0356554219444232e-05,-0.0014320077386132963,-6.623395628736647,-5.321244239807129,-0.0,0.14851120703380005,4.0,0.15596647407094985,0.06794577361239743,0.3245814838793668,705,1400,3,6.844623507345642,dumbbell,3,1,D,diffdist_t8
-5.064604355752441e-05,-3.726028923476784e-05,0.030220833079940584,-6.538476114573697,-5.429177761077881,-0.0,0.11748759595437555,4.0,0.16007473426293956,0.08402222009786244,0.27345045332323525,1234,1400,3,7.521507126122807,dumbbell,3,1,D,diffdist_t8
-5.1471744283725765e-05,-2.367644025778368e-05,0.010790129365326948,-6.465630135013415,-5.334383964538574,-0.0,0.12827420394279115,4.0,0.15450906347148208,0.07608179096517906,0.28642046564822965,1360,1400,3,8.426042437960886,dumbbell,3,1,D,diffdist_t8
-3.528573859978856e-05,-1.3478841098697512e-05,0.02125159693722645,-6.142139755187687,-5.02882194519043,-0.0,0.2839044160321449,4.0,0.16347538883037815,0.08714474452537639,0.38439809849556267,1389,1400,3,9.332303695601677,dumbbell,3,1,D,diffdist_t8
-3.829365332360526e-05,-2.3421069940643532e-05,-0.008552146991209965,-6.726359471031101,-5.6188578605651855,-0.0,-0.0723826387818361,4.0,0.170065038051438,0.08798449224209656,0.3178762419069166,771,1400,3,10.45608464159697,dumbbell,3,1,D,diffdist_t8
-3.0256176119573572e-05,-1.3092586777839299e-05,0.0027003021341638223,-6.368280125563183,-5.400618553161621,-0.0,0.051325446578079664,4.0,0.16384522200451035,0.07862160875011509,0.31401283466329827,337,1400,3,11.680628763081609,dumbbell,3,1,D,diffdist_t8
-2.7940758786985955e-05,-2.278200629373686e-05,0.02071251486667837,-6.567938501380194,-5.349929332733154,-0.0,0.24237585429909259,4.0,0.1645891096794251,0.08998379984781668,0.3099324177853497,868,1400,3,12.58921273445755,dumbbell,3,1,D,diffdist_t8
-5.747366474321668e-05,-2.8522437261395585e-05,0.018944427873421137,-6.680743047729129,-5.551729679107666,-0.0,0.025968148613271153,4.0,0.16539311708951354,0.08201237131396102,0.27044905766529925,584,1400,3,13.716086562755594,dumbbell,3,1,D,diffdist_t8
-2.6340582998508958e-05,-1.379978148798809e-05,0.015735481167943384,-6.378419820544686,-4.830587387084961,-0.0,0.17876031413546473,4.0,0.13928650515692176,0.07489794034196891,0.398546630701678,1131,1400,3,14.727809699382144,dumbbell,3,1,D,diffdist_t8
-1.3047960590265233e-05,-7.74693959262414e-06,0.03664850371406876,-6.017719585441737,-4.833857536315918,-0.0,0.48541835425752416,4.0,0.16502808935466498,0.09883198392970918,0.4255944418051994,1242,1400,3,15.448150608364811,dumbbell,3,1,D,diffdist_t8
-6.544771181361414e-05,-2.9080781104028486e-05,0.028988266023895704,-6.479703935801929,-5.423846244812012,-0.0,0.041445744720966696,4.0,0.1460056352649691,0.05023183636201857,0.2822715663344219,760,1400,3,16.44847809418128,dumbbell,3,1,D,diffdist_t8
-3.369395162289166e-05,-1.4700455948721387e-05,0.009460683240717166,-6.314527241959338,-5.2932963371276855,-0.0,0.14754551429776241,4.0,0.15716946718352448,0.07740688639029589,0.31657595052056636,818,1400,3,17.183175550659318,dumbbell,3,1,D,diffdist_t8
-4.091413443461884e-05,-1.771803663431764e-05,0.008694976245762702,-6.276392276148814,-5.277059555053711,-0.0,0.2631871537177219,4.0,0.16546378058627548,0.08433641056258778,0.3275332516062221,33,1400,3,17.845054462424237,dumbbell,3,1,D,diffdist_t8
-3.695999978983041e-05,-1.6945919974882032e-05,0.0075726258046166445,-6.537643319059445,-5.295767784118652,-0.0,0.0490411659297595,4.0,0.1647736580778224,0.08168921141809096,0.3163301901717663,757,1400,3,18.477853740953684,dumbbell,3,1,D,diffdist_t8
-3.5009916244076564e-05,-1.677957919776431e-05,0.01531755842080833,-6.19842857670972,-5.14532995223999,-0.125,0.03490537089236892,4.0,0.16978197136703177,0.1144547720569651,0.3603913373746356,1033,1400,3,18.953242809572938,dumbbell,3,1,D,diffdist_t8
-5.4594125907817287e-05,-2.1468479924771194e-05,-0.003199279030552063,-6.763121154141545,-5.5962066650390625,-0.0,0.004441471229222935,4.0,0.1748882851826831,0.09810833558722484,0.3086195311319949,935,1400,3,19.316911019284742,dumbbell,3,1,D,diffdist_t8
-3.431641235492538e-05,-1.990435135877008e-05,-0.00036577289120682914,-6.769130891473258,-5.68123722076416,-0.125,0.09578758224308383,4.0,0.1910217996948626,0.11899628557472866,0.31631512647040594,417,1400,3,19.53154101653702,dumbbell,3,1,D,diffdist_t8
-4.847218362109707e-05,-2.2715071873129845e-05,0.006772581687929775,-6.619726457389843,-5.292047500610352,-0.0,0.13424752253520295,4.0,0.15511281996438153,0.08951904455654486,0.30706513043670514,1008,1400,3,19.598409833538604,dumbbell,3,1,D,diffdist_t8
-15.297165135632216,-25.9929022431936,0.0,-7.158278157403437,-3.8655791456676525e-08,-0.0,1.0,1.0,0.0,0.9840174028961884,0.9889743067850542,139,1400,3,-22.5473601470225,dumbbell,3,1,D,heatgeo_t
-15.158478739775884,-24.119280551474688,0.0,-7.158277996476784,-3.8655791456676525e-08,-0.0,1.0,3.0,0.0,0.9830160805965136,0.9895357590983105,345,1400,3,-19.54807815522921,dumbbell,3,1,D,heatgeo_t
-15.225925209588846,-24.869497463005953,0.0,-7.158277798800356,-3.8655791456676525e-08,-0.0,1.0,1.0,0.0,0.9819932507367236,0.9881177195385256,567,1400,3,-12.932922920056045,dumbbell,3,1,D,heatgeo_t
-15.145299704324676,-26.08945316772658,0.0,-7.158277220783508,-3.8655791456676525e-08,-0.0,1.0,3.0,0.0,0.9789543735756093,0.9860467144627674,957,1400,3,-4.475007189638757,dumbbell,3,1,D,heatgeo_t
-15.151071623194984,-24.81254409354373,0.0,-7.15827709891944,-3.8655791456676525e-08,-0.0,1.0,2.0,0.0,0.978442582788706,0.9855950561704773,1152,1400,3,3.9266380383469093,dumbbell,3,1,D,heatgeo_t
-14.04974064696259,-22.613228380835256,0.0,-7.15827873366995,-3.8655791456676525e-08,-0.0,1.0,2.0,0.0,0.9876116182148893,0.9923113378809393,23,1400,3,6.366942189056861,dumbbell,3,1,D,heatgeo_t
-13.191219077276731,-20.436688862748515,0.0,-7.158277943146418,-3.8655791456676525e-08,-0.0,0.9999999999999999,1.0,0.0,0.982210309143804,0.9887154283836344,705,1400,3,6.844623507345642,dumbbell,3,1,D,heatgeo_t
-15.185768284258598,-25.24502718868192,0.0,-7.158277733762512,-3.8655791456676525e-08,-0.0,1.0,1.0,0.0,0.9817243933932166,0.9886909240450735,1234,1400,3,7.521507126122807,dumbbell,3,1,D,heatgeo_t
-15.655590548383696,-27.26343375861699,0.0,-7.158277808438387,-3.8655791456676525e-08,-0.0,1.0,1.0,0.0,0.9827494114717525,0.988332996841168,1360,1400,3,8.426042437960886,dumbbell,3,1,D,heatgeo_t
-15.432187276245042,-24.573705645195403,0.0,-7.158276375382907,-3.8655791456676525e-08,-0.0,1.0,2.0,0.0,0.9731498809768829,0.9847282109410296,1389,1400,3,9.332303695601677,dumbbell,3,1,D,heatgeo_t
-15.45145020144847,-25.630869908895132,0.0,-7.158278622075126,-3.8655791456676525e-08,-0.0,1.0,1.0,0.0,0.9869552427647956,0.9912928340501519,771,1400,3,10.45608464159697,dumbbell,3,1,D,heatgeo_t
-14.165484647761426,-22.672383949204548,0.0,-7.158276772133295,-3.8655791456676525e-08,-0.0,1.0,2.0,0.0,0.9754545618070077,0.9860528791044,337,1400,3,11.680628763081609,dumbbell,3,1,D,heatgeo_t
-15.530911721201745,-26.31236258296198,0.0,-7.1582778781758325,-3.8655791456676525e-08,-0.0,1.0,1.0,0.0,0.9829728432864439,0.988953109752812,868,1400,3,12.58921273445755,dumbbell,3,1,D,heatgeo_t
-15.098287596810708,-25.37166203297549,0.0,-7.1582785296648765,-3.8655791456676525e-08,-0.0,1.0,1.0,0.0,0.9865227914498079,0.9911377890029903,584,1400,3,13.716086562755594,dumbbell,3,1,D,heatgeo_t
-15.664233429254049,-26.86703426030787,0.0,-7.15827702396881,-3.8655791456676525e-08,-0.0,0.9999999999999999,1.0,0.0,0.9781088391736564,0.9852091331278592,1131,1400,3,14.727809699382144,dumbbell,3,1,D,heatgeo_t
-14.858761280511791,-25.023861374514638,0.0,-7.158276969100898,-3.8655791456676525e-08,-0.0,1.0,2.0,0.0,0.9778293086716134,0.9842020629949265,1242,1400,3,15.448150608364811,dumbbell,3,1,D,heatgeo_t
-15.24596944634949,-26.238787756206552,0.0,-7.1582780526245156,-3.8655791456676525e-08,-0.0,1.0,1.0,0.0,0.9838478984655159,0.9890665071361254,760,1400,3,16.44847809418128,dumbbell,3,1,D,heatgeo_t
-14.63208676562309,-24.463962958157712,0.0,-7.158277698861719,-3.8655791456676525e-08,-0.0625,1.0,2.0,0.0,0.9816956372532007,0.9872634154888165,818,1400,3,17.183175550659318,dumbbell,3,1,D,heatgeo_t
-14.526232067795519,-23.593185414145413,0.0,-7.158277451515008,-3.8655791456676525e-08,-0.0,1.0,1.0,0.0,0.9803094059417317,0.9867588995599591,33,1400,3,17.845054462424237,dumbbell,3,1,D,heatgeo_t
-13.68753259017669,-21.54807159886846,0.0,-7.158277664856776,-3.8655791456676525e-08,-0.0,1.0,2.0,0.0,0.9809706873949808,0.9877857835328987,757,1400,3,18.477853740953684,dumbbell,3,1,D,heatgeo_t
-14.300347646047063,-22.741262219114162,0.0,-7.158277292454289,-3.8655791456676525e-08,-0.0,1.0,3.0,0.0,0.979312326573129,0.986230002406621,1033,1400,3,18.953242809572938,dumbbell,3,1,D,heatgeo_t
-13.714352989449214,-21.119336446953703,0.0,-7.1582782070970605,-3.8655791456676525e-08,-0.0,1.0,2.0,0.0,0.9843294380570369,0.9895559928286702,935,1400,3,19.316911019284742,dumbbell,3,1,D,heatgeo_t
-14.9510914495946,-23.83760512027267,0.0,-7.1582786774409985,-3.8655791456676525e-08,-0.0625,1.0,2.0,0.0,0.9874487321958327,0.9913604594547766,417,1400,3,19.53154101653702,dumbbell,3,1,D,heatgeo_t
-14.586073723856883,-23.351830222514657,0.0,-7.158278277841746,-3.8655791456676525e-08,-0.0,1.0,3.0,0.0,0.9847101910735174,0.990230234344698,1008,1400,3,19.598409833538604,dumbbell,3,1,D,heatgeo_t
-14.991627113363565,-25.070758316066062,0.0,-7.158277925401791,-3.8655791456676525e-08,-0.0,1.0,1.0,0.0,0.9822922612285867,0.987788972022575,139,1400,3,-22.5473601470225,dumbbell,3,1,D,heatgeo_4t
-14.844533768348919,-23.145680034175204,0.0,-7.158277745624802,-3.8655791456676525e-08,-0.0,1.0,3.0,0.0,0.9811820633248242,0.9884115414607592,345,1400,3,-19.54807815522921,dumbbell,3,1,D,heatgeo_4t
-14.919793122490063,-23.919119738650252,0.0,-7.158277524711043,-3.8655791456676525e-08,-0.0,1.0,1.0,0.0,0.9800481109876098,0.9868393751519351,567,1400,3,-12.932922920056045,dumbbell,3,1,D,heatgeo_4t
-14.829996868694948,-25.171596513611245,0.0,-7.158276876348555,-3.8655791456676525e-08,-0.0,0.9999999999999999,3.0,0.0,0.9766753063306239,0.9845422812289424,957,1400,3,-4.475007189638757,dumbbell,3,1,D,heatgeo_4t
-14.835547009922836,-23.85248229329103,0.0,-7.158276739384348,-3.8655791456676525e-08,-0.0,1.0,2.0,0.0,0.9761067128700787,0.9840415752133255,1152,1400,3,3.9266380383469093,dumbbell,3,1,D,heatgeo_4t
-13.675107692813334,-21.62110274627151,0.0,-7.158278569410344,-3.8655791456676525e-08,-0.0,1.0,2.0,0.0,0.9862791342678805,0.9914872715138622,23,1400,3,6.366942189056861,dumbbell,3,1,D,heatgeo_4t
-12.766533209814211,-19.404295032899764,0.0,-7.158277685945511,-3.8655791456676525e-08,-0.0,1.0,1.0,0.0,0.9802879896453203,0.9875011550980425,705,1400,3,6.844623507345642,dumbbell,3,1,D,heatgeo_4t
-14.87681015322442,-24.307916346898423,0.0,-7.158277451727341,-3.8655791456676525e-08,-0.0,1.0,1.0,0.0,0.9797497090431178,0.9874747363938242,1234,1400,3,7.521507126122807,dumbbell,3,1,D,heatgeo_4t
-15.38009086176003,-26.401854510725943,0.0,-7.158277535133218,-3.8655791456676525e-08,-0.0,1.0,1.0,0.0,0.9808876947972508,0.9870786849894857,1360,1400,3,8.426042437960886,dumbbell,3,1,D,heatgeo_4t
-15.133259550201878,-23.60108615869212,0.0,-7.158275926955458,-3.8655791456676525e-08,-0.0,1.0,2.0,0.0,0.9702296852218317,0.9830807024757405,1389,1400,3,9.332303695601677,dumbbell,3,1,D,heatgeo_4t
-15.162933551131939,-24.711317083529252,0.0,-7.158278444959525,-3.8655791456676525e-08,-0.0,1.0,1.0,0.0,0.9855518511020961,0.9903594099166273,771,1400,3,10.45608464159697,dumbbell,3,1,D,heatgeo_4t
-13.788929994699723,-21.665741487636772,0.0,-7.158276373064163,-3.8655791456676525e-08,-0.0,1.0,2.0,0.0,0.9727905419325736,0.9845503648579841,337,1400,3,11.680628763081609,dumbbell,3,1,D,heatgeo_4t
-15.247599091710978,-25.415313486874403,0.0,-7.158277613250874,-3.8655791456676525e-08,-0.0,1.0,1.0,0.0,0.9811351387312321,0.9877659529499369,868,1400,3,12.58921273445755,dumbbell,3,1,D,heatgeo_4t
-14.785312621960797,-24.443058875740814,0.0,-7.158278341673833,-3.8655791456676525e-08,-0.0,1.0,1.0,0.0,0.985072236120001,0.99018691210781,584,1400,3,13.716086562755594,dumbbell,3,1,D,heatgeo_4t
-15.386210250848212,-25.979942687922293,0.0,-7.158276655528427,-3.8655791456676525e-08,-0.0,1.0,1.0,0.0,0.9757363193176407,0.9836143829391493,1131,1400,3,14.727809699382144,dumbbell,3,1,D,heatgeo_4t
-14.523342139991492,-24.068210482066057,0.0,-7.158276593712956,-3.8655791456676525e-08,-0.0,1.0,2.0,0.0,0.9754265392184306,0.9824972735284063,1242,1400,3,15.448150608364811,dumbbell,3,1,D,heatgeo_4t
-14.941923243359097,-25.336770619308965,0.0,-7.158277808412777,-3.8655791456676525e-08,-0.0,1.0,1.0,0.0,0.982105354317117,0.9878914172929624,760,1400,3,16.44847809418128,dumbbell,3,1,D,heatgeo_4t
-14.285320607445858,-23.49797476864082,0.0,-7.158277412079078,-3.8655791456676525e-08,-0.0,1.0,2.0,0.0,0.9797167177982476,0.9858920380233359,818,1400,3,17.183175550659318,dumbbell,3,1,D,heatgeo_4t
-14.172765539899212,-22.605841130728635,0.0,-7.158277135166037,-3.8655791456676525e-08,-0.0,1.0,1.0,0.0,0.978178926169177,0.9853331185501593,33,1400,3,17.845054462424237,dumbbell,3,1,D,heatgeo_4t
-13.285814689997038,-20.524559374225138,0.0,-7.1582773742378665,-3.8655791456676525e-08,-0.0,1.0,2.0,0.0,0.9789125058168305,0.9864711288993787,757,1400,3,18.477853740953684,dumbbell,3,1,D,heatgeo_4t
-13.932799187018915,-21.735533365766937,0.0,-7.158276956726746,-3.8655791456676525e-08,-0.0,1.0,3.0,0.0,0.9770721043684337,0.9847467212051328,1033,1400,3,18.953242809572938,dumbbell,3,1,D,heatgeo_4t
-13.318328234577601,-20.100996412387527,0.0,-7.15827798118522,-3.8655791456676525e-08,-0.0,1.0,2.0,0.0,0.9826396159726357,0.9884340129395431,935,1400,3,19.316911019284742,dumbbell,3,1,D,heatgeo_4t
-14.629159918549668,-22.868416612181925,0.0,-7.1582785064930174,-3.8655791456676525e-08,-0.0,1.0,2.0,0.0,0.9860986148720954,0.9904336002795777,417,1400,3,19.53154101653702,dumbbell,3,1,D,heatgeo_4t
-14.2374631522797,-22.36246883133252,0.0,-7.158278060252199,-3.8655791456676525e-08,-0.0,1.0,3.0,0.0,0.9830612211129072,0.9891799855803319,1008,1400,3,19.598409833538604,dumbbell,3,1,D,heatgeo_4t
-0.14073947861995859,-0.11743944734238738,0.07744786172910309,-6.930403071066928,-5.2006916999816895,-0.0,0.4155495006124396,3.0,0.25959971456119846,0.15431857740800065,0.41289990575865176,139,1400,3,-22.5473601470225,dumbbell,3,1,D,fb_potential
-0.08650397286682257,-0.09684438918450576,0.049178748392052926,-6.919779104599087,-4.911191940307617,-0.0,0.3064150951624619,3.0,0.23271051027939543,0.14963995762464136,0.4833328571221579,345,1400,3,-19.54807815522921,dumbbell,3,1,D,fb_potential
-0.09568922941276353,-0.09578415795374129,0.10027007749995864,-6.9531652586934545,-5.021047592163086,-0.0,0.30157437325497494,3.0,0.2501326201879872,0.16772019331831273,0.49126067917815136,567,1400,3,-12.932922920056045,dumbbell,3,1,D,fb_potential
-0.1230891702522781,-0.10540231034734877,0.06339860252675569,-6.907047016125729,-5.047390460968018,-0.0,0.39488114416959624,3.0,0.2420960257281602,0.14986885258263125,0.4425000663357772,957,1400,3,-4.475007189638757,dumbbell,3,1,D,fb_potential
-0.1450276909371026,-0.10199253358682406,0.055666987481647584,-6.888865091393047,-4.9970245361328125,-0.0,0.5012265001023091,3.0,0.22612551532684105,0.14110141166311324,0.4434199509552142,1152,1400,3,3.9266380383469093,dumbbell,3,1,D,fb_potential
-0.08576226397838661,-0.07185286363199776,0.09074500726631092,-7.020139586311821,-4.880605697631836,-0.625,0.259088454381785,2.0,0.2404538506250339,0.21034407503484046,0.5316658135608945,23,1400,3,6.366942189056861,dumbbell,3,1,D,fb_potential
-0.025896426260810627,-0.06262705999719909,0.022733045389301904,-6.954383264812333,-5.199776649475098,-0.25,0.36545535761271875,3.0,0.2553852364690604,0.17790544877833517,0.48142989873464975,705,1400,3,6.844623507345642,dumbbell,3,1,D,fb_potential
-0.2133609612877213,-0.12940351507705664,0.05658246780001958,-6.925504147187305,-4.692203998565674,-0.0,0.25732877737161164,3.0,0.21513582356689578,0.15964144712387135,0.5054051560135875,1234,1400,3,7.521507126122807,dumbbell,3,1,D,fb_potential
-0.18759982213335274,-0.2173084725437389,0.056871535450578964,-6.989972873543221,-5.338478088378906,-0.0,0.2955676452375435,3.0,0.24912684025780762,0.15898684859629825,0.4326067524397472,1360,1400,3,8.426042437960886,dumbbell,3,1,D,fb_potential
-0.11837431978099755,-0.08671885737891125,0.06963695309526198,-6.868373783683549,-4.707347869873047,-0.0,0.3485896818186665,3.0,0.21263951400471343,0.1373303465615485,0.505357846114125,1389,1400,3,9.332303695601677,dumbbell,3,1,D,fb_potential
-0.11366334164714502,-0.08336154071449031,0.08148175626227044,-6.934675859569921,-4.492556571960449,-0.0625,0.31169971001717534,3.0,0.23745178157863484,0.1845704571515388,0.5465312852817513,771,1400,3,10.45608464159697,dumbbell,3,1,D,fb_potential
-0.12512507233147271,-0.09264512770081366,0.06343753130401078,-6.9028659165498745,-4.866015434265137,-0.0625,0.3119289314969265,3.0,0.2306780925840764,0.1663027066258612,0.5030920597118782,337,1400,3,11.680628763081609,dumbbell,3,1,D,fb_potential
-0.2594186560351086,-0.12113584883120024,0.0585379505296453,-6.948875389690101,-4.838287830352783,-0.0,0.25033066037260154,3.0,0.2052488073745501,0.15276980895174996,0.47291880648398776,868,1400,3,12.58921273445755,dumbbell,3,1,D,fb_potential
-0.14087442313472098,-0.10230805385095611,0.06035529879810149,-6.964844894507195,-5.039916515350342,-0.0625,0.4073066464381352,3.0,0.2545452155767791,0.17543454352906662,0.4959804795278099,584,1400,3,13.716086562755594,dumbbell,3,1,D,fb_potential
-0.14306017368476961,-0.11830317922793844,0.07708759578720786,-6.927595743606577,-5.1612324714660645,-0.0,0.4746445623754832,3.0,0.23714187888454302,0.13819864500257187,0.4296523710922659,1131,1400,3,14.727809699382144,dumbbell,3,1,D,fb_potential
-0.10396911200230917,-0.04817445731861613,0.0077653132231340904,-6.939098503796783,-5.305944919586182,-0.125,0.45209092306795956,2.0,0.25577602576932745,0.15264730781406377,0.4274304878205838,1242,1400,3,15.448150608364811,dumbbell,3,1,D,fb_potential
-0.17605754806747267,-0.09325076264706703,0.06400193413645597,-6.931234139416027,-4.773285388946533,-0.0,0.3847021754505547,2.0,0.23154657104014387,0.16168160279439434,0.5011004112989239,760,1400,3,16.44847809418128,dumbbell,3,1,D,fb_potential
-0.09783316888248332,-0.08564890547887706,0.0461264347339022,-6.935539634660508,-5.042117595672607,-0.0,0.39463342920971023,3.0,0.2384897976883391,0.16641458833748546,0.4774926289245185,818,1400,3,17.183175550659318,dumbbell,3,1,D,fb_potential
-0.1462951146920105,-0.11248327375869621,0.03091093009868232,-6.948379515562236,-4.801290035247803,-0.0,0.31471597803922613,1.0,0.23622676504388468,0.17086935917201718,0.5072286753924471,33,1400,3,17.845054462424237,dumbbell,3,1,D,fb_potential
-0.10552101731438096,-0.09819893683767197,-0.05014453868649657,-6.971301710013401,-5.456789970397949,-0.3125,0.2770557793049735,3.0,0.2544902000979603,0.15329690309526406,0.4210197612480765,757,1400,3,18.477853740953684,dumbbell,3,1,D,fb_potential
-0.08002867592106418,-0.05183890296539003,0.0012977682806664167,-6.9453645677627485,-4.852805137634277,-0.125,0.22253506720847432,2.0,0.23035166067460322,0.1636619333223913,0.4934088251464531,1033,1400,3,18.953242809572938,dumbbell,3,1,D,fb_potential
-0.050574936280361735,-0.03887465187918434,-0.042830458828835474,-6.995085522001432,-4.608725070953369,-0.375,0.21322496182821218,3.0,0.23578827717777495,0.21245725529558526,0.5529565939654819,935,1400,3,19.316911019284742,dumbbell,3,1,D,fb_potential
-0.1264392305678192,-0.1627711576213628,0.06391311496480187,-7.026719742912688,-5.209020614624023,-0.6875,0.24505756812001317,2.0,0.25628636070197053,0.1890533516473057,0.5103803214879432,417,1400,3,19.53154101653702,dumbbell,3,1,D,fb_potential
-0.11517310337152233,-0.07624200453317913,0.06933293976474145,-6.919550650319637,-5.050475120544434,-0.0,0.34810985344616596,2.0,0.2446798297939125,0.14940258138006512,0.45767266041090293,1008,1400,3,19.598409833538604,dumbbell,3,1,D,fb_potential
-0.03374355247497066,-0.03394142326862244,-0.0009205584336622382,-7.148030189923397,-4.996885299682617,-1.0,0.28235400709830827,8.0,0.2663379013256947,0.24697322479098144,0.5103745480118614,208,1400,4,-23.904740663319068,dumbbell,4,0,A,oracle
-0.026647268640798933,-0.027700500225576134,0.014961904912099233,-7.149711125824086,-5.06674337387085,-0.8125,0.35943441413808586,4.0,0.26165741697921424,0.29101357526932303,0.5152966886451614,362,1400,4,-18.815015537403607,dumbbell,4,0,A,oracle
-0.010043718277608336,-0.019438882853999213,0.014490621289780278,-7.145316742933595,-4.899217128753662,-0.5,0.08905607433809959,4.0,0.2718448053718594,0.263314187201984,0.518726135400861,1088,1400,4,-7.813635606929903,dumbbell,4,0,A,oracle
0.014059863803294,0.00314151632038709,0.027493499340866548,-7.14397519233337,-4.777278900146484,-0.4375,0.37840052610702357,4.0,0.2424918342880144,0.24986831379575486,0.5301061443727447,915,1400,4,3.6191873761399993,dumbbell,4,0,A,oracle
0.03347553650286267,0.032822943218264025,0.008509947140567138,-7.147733753990437,-4.746649265289307,-0.3125,0.15790583913359568,4.0,0.2426018687407704,0.29361676710774015,0.5443118545857909,361,1400,4,11.714458782310004,dumbbell,4,0,A,oracle
0.03914982947365624,0.06201260748688299,0.03335961411290402,-7.115213769872669,-4.7547688484191895,-0.0,0.7499973754602179,4.0,0.26450733737774335,0.2923607187590763,0.554959923530381,813,1400,4,13.17250244118475,dumbbell,4,0,A,oracle
0.035895687293600494,0.019932275853185036,0.022472164767632453,-7.144936329490552,-4.606130599975586,-0.375,0.2621903988445389,4.0,0.2176773816946193,0.29199258327869554,0.5348592559142411,774,1400,4,14.669007691509492,dumbbell,4,0,A,oracle
0.05063207268685987,0.08100796031771257,0.020834095287388704,-7.116443140101284,-4.53278923034668,-0.0,0.7525393059041607,4.0,0.24878561323678686,0.30226856207542663,0.5793252113994503,1208,1400,4,16.82071651515401,dumbbell,4,0,A,oracle
0.046668928268476774,0.07407560282322481,0.022676976561469962,-7.1212641076523,-4.632391452789307,-0.0,0.5155349972542533,4.0,0.2339856099556327,0.27732494181472767,0.5556786295496536,1283,1400,4,18.57494358669726,dumbbell,4,0,A,oracle
0.06417608131685171,0.0880745654293081,0.020137112028201343,-7.129226434826704,-4.244171142578125,-0.0,0.5614498940176993,4.0,0.19015206082860397,0.3102655323094592,0.5811966989331842,218,1400,4,20.05605537357353,dumbbell,4,0,A,oracle
0.05385997656299872,0.0495884303631498,0.020556562206662445,-7.141905613854376,-4.3020782470703125,-0.25,0.0760321674983327,4.0,0.2133364893755072,0.2706599829249872,0.5577043803923807,431,1400,4,21.90370296585198,dumbbell,4,0,A,oracle
0.05549586345323002,0.08422996815451886,0.044396857955234265,-7.119056234431762,-4.7792792320251465,-0.0,0.6407189277285104,4.0,0.26794335601475894,0.2960029940013268,0.5804163547472283,564,1400,4,23.736312902586512,dumbbell,4,0,A,oracle
0.0547959171417907,0.08333971881754702,0.03254853907601975,-7.114184229184216,-4.606799602508545,-0.0,0.3650996429482683,4.0,0.24158763002966438,0.2477025077018713,0.5650982356463924,1026,1400,4,25.138502510598045,dumbbell,4,0,A,oracle
0.06184150370816867,0.08477326194246378,0.03040466984936553,-7.123410643902298,-4.691504001617432,-0.0625,0.4960838204704231,4.0,0.2570094229088883,0.27052158379175195,0.5610145461518887,693,1400,4,26.45308691767381,dumbbell,4,0,A,oracle
0.07067025289946605,0.09197929491082737,0.027167448452980216,-7.125391879814382,-4.438706874847412,-0.0,0.7315668645505853,4.0,0.22459970334237522,0.32435006793906074,0.5838773854388941,625,1400,4,27.98331129289876,dumbbell,4,0,A,oracle
0.06401870900477212,0.08413805365244047,0.03907966816881999,-7.124933207081612,-4.649932384490967,-0.0,0.5918047270929749,4.0,0.24363884454082668,0.2725852930195822,0.5671991777415573,823,1400,4,29.13634847296726,dumbbell,4,0,A,oracle
0.05183354598566055,0.06340952437751646,0.018918389243507087,-7.135389825733563,-4.649511814117432,-0.0,0.16877359642813175,4.0,0.22534658937250007,0.25800549926575905,0.5495984832633117,246,1400,4,30.30802790209229,dumbbell,4,0,A,oracle
0.05818091278083224,0.06631348026049592,0.014076754934582625,-7.136969743651209,-4.445274829864502,-0.125,0.46419908511164404,4.0,0.21276874202266485,0.2664975611335394,0.5594459377102697,1046,1400,4,31.207228531085526,dumbbell,4,0,A,oracle
0.0641816403808307,0.0740904638116347,0.029465463491898672,-7.141442582172205,-4.566763401031494,-0.25,0.18323312959307678,4.0,0.23075999073311754,0.3009223874146252,0.5677256700873814,65,1400,4,32.2553237960434,dumbbell,4,0,A,oracle
0.06243206716513757,0.0771978330056217,0.03514610434865221,-7.139388009717452,-4.5987677574157715,-0.25,0.28500861592126536,4.0,0.23584005930500224,0.2803895346434867,0.564477923023107,389,1400,4,32.98510123751269,dumbbell,4,0,A,oracle
0.06954956900809214,0.09020364591900054,0.012351916430665657,-7.126292696456322,-4.385847568511963,-0.0625,0.7381043565500967,4.0,0.23117117027053796,0.2783999167528064,0.5875882850393046,634,1400,4,33.627073289551745,dumbbell,4,0,A,oracle
0.05861753265269503,0.07766361744887318,0.0018793439468496355,-7.13225644430807,-4.386870861053467,-0.0,0.17250739093077,4.0,0.20733095909303828,0.27741460414397245,0.5763908011144734,64,1400,4,34.08641987865326,dumbbell,4,0,A,oracle
0.06328363057004348,0.08645242150448525,0.045497421168254726,-7.127452664918366,-4.78153657913208,-0.0625,0.34029209934828475,4.0,0.2508412965102883,0.27689899179039906,0.5628192653638078,599,1400,4,34.333928539127236,dumbbell,4,0,A,oracle
0.07119442930442807,0.08313212270110376,0.02641640829052558,-7.138260366190525,-4.466451644897461,-0.125,0.22784403791939958,4.0,0.24133441178599108,0.30147511423480794,0.5742237490921753,544,1400,4,34.429055879941174,dumbbell,4,0,A,oracle
-0.05959019762607277,-0.09468828683175086,-0.008787815583508062,-7.122879179547427,-5.188080787658691,-0.875,0.2698254374974508,4.0,0.2527621894327934,0.1914258055320644,0.5183697763750368,208,1400,4,-23.904740663319068,dumbbell,4,0,B,plain
-0.04997096569853867,-0.03625277367218316,0.002775862210467838,-7.12319284833656,-5.298110008239746,-0.875,0.22775840351124005,2.0,0.2668174993587995,0.2273003929372806,0.5306031903867442,362,1400,4,-18.815015537403607,dumbbell,4,0,B,plain
-0.024252843442392837,-0.03793891405602929,-0.016140691105931908,-7.099220090697916,-5.080639362335205,-0.25,0.003543035076285117,3.0,0.2625892932834536,0.20563620259700016,0.5447050380727599,1088,1400,4,-7.813635606929903,dumbbell,4,0,B,plain
-0.05063614446913976,-0.052008781280741524,0.002798424738735825,-7.1083986073300665,-5.038979530334473,-0.5,0.12880035244860066,4.0,0.2367718530592563,0.19554999289758354,0.5301325059373706,915,1400,4,3.6191873761399993,dumbbell,4,0,B,plain
-0.04339781920929424,-0.012217768261739691,-0.013229398509313412,-7.113143340400541,-5.055484294891357,-0.4375,0.22873470475298113,3.0,0.24543084031536072,0.22972364026122047,0.5492751986791586,361,1400,4,11.714458782310004,dumbbell,4,0,B,plain
0.013882154766349759,0.03747985256179978,0.04684445038566193,-7.046955750679267,-4.962575912475586,-0.0,0.632892092372326,3.0,0.26168736828014105,0.2271130442672033,0.5696226336856851,813,1400,4,13.17250244118475,dumbbell,4,0,B,plain
-0.027598222608129268,-0.03780138793219581,0.008331328202022852,-7.108570419392866,-4.869246959686279,-0.1875,0.3990553360377195,4.0,0.21912504100864477,0.22959898795324685,0.5531643965410262,774,1400,4,14.669007691509492,dumbbell,4,0,B,plain
0.03511441045637285,0.03393578131877071,0.028826772837295116,-7.046422039810594,-4.825231075286865,-0.0,0.5046403855824908,4.0,0.2591250117868822,0.23199848293136086,0.5725186325351355,1208,1400,4,16.82071651515401,dumbbell,4,0,B,plain
-0.008536542723065072,0.01803284952741538,0.02874422560526524,-7.058725665098942,-4.894039630889893,-0.0,0.5775926739232393,5.0,0.23700213883008173,0.2139795863243276,0.557327000044534,1283,1400,4,18.57494358669726,dumbbell,4,0,B,plain
0.014492336535370872,0.04869023132682577,0.035284495289253204,-7.0778885414250166,-4.882318496704102,-0.0,0.5110520803093912,4.0,0.2276112886230918,0.23907435991886858,0.5763550881392583,218,1400,4,20.05605537357353,dumbbell,4,0,B,plain
0.027355212920267387,0.009215027749214342,-0.02493804287564015,-7.094346035417354,-4.665987968444824,-0.1875,0.41905763853941475,4.0,0.21326243591537006,0.21025340816631757,0.5820827819123368,431,1400,4,21.90370296585198,dumbbell,4,0,B,plain
0.025737456089488797,0.022032946432881013,0.041249848572407495,-7.058664148249064,-5.028290271759033,-0.0625,0.5361226917087407,4.0,0.2740902555445316,0.23058814642349,0.5614357224946703,564,1400,4,23.736312902586512,dumbbell,4,0,B,plain
0.03761332333258489,0.025304680941299933,0.028751312045017567,-7.047803545507671,-4.83980655670166,-0.0,0.38431334046519205,4.0,0.23827270227448294,0.1919404863438668,0.556376815458416,1026,1400,4,25.138502510598045,dumbbell,4,0,B,plain
-0.010169799559755343,0.033991389054260655,0.01455524105933012,-7.063729283389923,-4.952718257904053,-0.0,0.5154462958889959,3.0,0.25583822793913524,0.2090639123295331,0.5700864176161906,693,1400,4,26.45308691767381,dumbbell,4,0,B,plain
0.05148542860072006,0.037679370387507065,0.0370497439423397,-7.065229026745811,-4.878851890563965,-0.0,0.5795477180548059,3.0,0.25267216568172723,0.2496866797685071,0.6059026619304484,625,1400,4,27.98331129289876,dumbbell,4,0,B,plain
0.02882597453670802,0.04266243396936566,0.045988814365097344,-7.061510506638889,-4.882273197174072,-0.0,0.44660032371038605,4.0,0.24306964141842782,0.21168017916520337,0.5590979229945624,823,1400,4,29.13634847296726,dumbbell,4,0,B,plain
-0.01527673567223978,0.005152219639954015,0.0024772269527919407,-7.0842275880511885,-4.952826023101807,-0.0,0.2802604840265217,4.0,0.22682389506525402,0.20094684181345004,0.521329710842674,246,1400,4,30.30802790209229,dumbbell,4,0,B,plain
0.015196340859321639,0.025225279716054358,0.008030980636790908,-7.0797914704139195,-4.642056941986084,-0.125,0.1587230825312978,4.0,0.21001327938840578,0.20785382584621948,0.5662773187122113,1046,1400,4,31.207228531085526,dumbbell,4,0,B,plain
0.004116735603057513,0.02013872662051276,0.012920626846891513,-7.101945940011822,-4.945188999176025,-0.25,0.3977703551607778,4.0,0.23737122468944696,0.2328005194118754,0.5550403832970185,65,1400,4,32.2553237960434,dumbbell,4,0,B,plain
0.016221126774884676,-0.001465100669661901,0.031066505994329204,-7.094020415186634,-4.927369117736816,-0.125,0.3125613479375636,4.0,0.23811374413844455,0.21634568727592843,0.5675378405462458,389,1400,4,32.98510123751269,dumbbell,4,0,B,plain
-0.03766172801672861,0.015600632059698104,0.0034479678324195497,-7.068766535368408,-4.789717197418213,-0.0,0.5756520263144598,6.0,0.23178016871457305,0.21764121698972355,0.5666418350242612,634,1400,4,33.627073289551745,dumbbell,4,0,B,plain
0.04568736131483632,0.03631733023260472,0.024261820231243923,-7.0748273947028455,-4.73606014251709,-0.0625,0.4001369326365845,4.0,0.21267146760303562,0.21284832456181094,0.5700822751336769,64,1400,4,34.08641987865326,dumbbell,4,0,B,plain
0.011083562899997262,0.02908816804706735,0.04402248324553183,-7.071309886896468,-5.041961669921875,-0.1875,0.28360382478627133,4.0,0.25751991088870607,0.2137097502211036,0.5395136484619392,599,1400,4,34.333928539127236,dumbbell,4,0,B,plain
0.0616211226186793,0.05613071337198491,0.013123047209230985,-7.087284881135345,-4.886237144470215,-0.125,0.34318417500778114,4.0,0.24833808887855402,0.23109416182579906,0.5742790686018835,544,1400,4,34.429055879941174,dumbbell,4,0,B,plain
-0.021655698953012285,-0.0470787138017548,-0.01487534835761778,-7.114609394102399,-4.934300422668457,-0.9375,0.2669657826022654,4.0,0.24712613129958147,0.2120304577578414,0.5551440633638706,208,1400,4,-23.904740663319068,dumbbell,4,0,B,pca_denoise
-0.010062474008135933,-0.0037853659554674597,0.02543506736652592,-7.11437085425862,-5.157089710235596,-0.875,0.15826782469396716,5.0,0.2603334880681239,0.237588269639183,0.5561438664317401,362,1400,4,-18.815015537403607,dumbbell,4,0,B,pca_denoise
-0.02365849660147469,-0.018723573296226446,0.005241331625344932,-7.085959694158878,-4.968306541442871,-0.1875,0.3637959100420033,3.0,0.25782786763466226,0.21724760753696545,0.5623092707017414,1088,1400,4,-7.813635606929903,dumbbell,4,0,B,pca_denoise
-0.05045204684148738,-0.059762124406927,-0.0017050131415150861,-7.09056696940735,-4.935132026672363,-0.375,0.48518302479614195,4.0,0.22946751059448942,0.19791311915351986,0.5275965178776189,915,1400,4,3.6191873761399993,dumbbell,4,0,B,pca_denoise
-0.025001743950090267,-0.0106375045834466,0.0036442882518119626,-7.086440297106727,-4.981624603271484,-0.1875,0.08894955642401857,4.0,0.23603703078796645,0.2203354197519256,0.5448300940236355,361,1400,4,11.714458782310004,dumbbell,4,0,B,pca_denoise
0.019172475303730046,0.05244402872421463,0.05789193092990025,-7.031218178128672,-5.048670768737793,-0.0,0.645615275508243,3.0,0.25868313387831315,0.2220062794770315,0.5537058339333434,813,1400,4,13.17250244118475,dumbbell,4,0,B,pca_denoise
-0.007002445707835396,-0.009727589430803926,0.01021503843539408,-7.084891413858865,-4.703444004058838,-0.125,0.5523665437770444,4.0,0.20879885651393293,0.226044822744832,0.5668850897006978,774,1400,4,14.669007691509492,dumbbell,4,0,B,pca_denoise
0.02349856968819006,0.031007742319374882,0.028984651514846867,-7.03203535699665,-4.921877384185791,-0.0,0.37907357299586464,4.0,0.253251754822984,0.2165193325625943,0.5371675528681382,1208,1400,4,16.82071651515401,dumbbell,4,0,B,pca_denoise
0.003946855633983071,0.042643011960722246,0.02792861619854972,-7.045200764264926,-4.96300745010376,-0.0,0.5531433861276394,4.0,0.23257891561126187,0.19731860499101012,0.5274610712031564,1283,1400,4,18.57494358669726,dumbbell,4,0,B,pca_denoise
0.019345036864140984,0.04360872673558161,0.032762018366801364,-7.063179060406711,-5.062962055206299,-0.0,0.5789832321312669,4.0,0.23598753860155403,0.2238585656009112,0.5386480508124215,218,1400,4,20.05605537357353,dumbbell,4,0,B,pca_denoise
0.021266992935039312,0.007807870191668504,-0.015235341953634358,-7.066756168297098,-4.464476108551025,-0.125,0.6077018732230166,3.0,0.1981043310055166,0.20977755119761304,0.5752428964875327,431,1400,4,21.90370296585198,dumbbell,4,0,B,pca_denoise
0.03343912064806436,0.021463489806531958,0.05421582328314368,-7.038573895554915,-5.054011344909668,-0.0,0.3373619158691926,3.0,0.26543259876679315,0.2104247017248944,0.5394821839816478,564,1400,4,23.736312902586512,dumbbell,4,0,B,pca_denoise
0.03971538807686373,0.027492458155815205,0.04598830622143012,-7.031960149379941,-4.88816499710083,-0.0,0.2360524893302798,4.0,0.2320811007544526,0.18459742043828847,0.5308003252297003,1026,1400,4,25.138502510598045,dumbbell,4,0,B,pca_denoise
-0.031951547700939144,0.016294629941205688,0.02466406879037101,-7.049984976209031,-4.945389747619629,-0.0,0.39052735544498535,5.0,0.23922878228274524,0.19990348736547944,0.5297572717062127,693,1400,4,26.45308691767381,dumbbell,4,0,B,pca_denoise
0.03438719689346018,0.04170949431306842,0.051711292103333285,-7.048484662904276,-5.0075883865356445,-0.0,0.5913749682708634,4.0,0.25042904432156216,0.22520802415368252,0.5526153077683287,625,1400,4,27.98331129289876,dumbbell,4,0,B,pca_denoise
0.030177990941126904,0.030613438776604704,0.05003099134824388,-7.0463934072812435,-4.968204021453857,-0.0,0.4503939994661526,4.0,0.23904928778139456,0.19135115596217078,0.522383660151739,823,1400,4,29.13634847296726,dumbbell,4,0,B,pca_denoise
0.002605530983825362,0.006674989625187815,0.017256298595633525,-7.055964962586405,-4.829357147216797,-0.0,0.4891448328999503,4.0,0.20854499906592092,0.19294738845979104,0.5217865081371076,246,1400,4,30.30802790209229,dumbbell,4,0,B,pca_denoise
0.012212167946932051,0.03662353257358009,0.01465446901318883,-7.056481145151134,-4.614412784576416,-0.0625,0.25944301344849235,4.0,0.2011800770323916,0.2005509548283905,0.5420619259903264,1046,1400,4,31.207228531085526,dumbbell,4,0,B,pca_denoise
-0.003099401148988448,0.004783494802152593,0.01333632060168471,-7.076671245810543,-5.020783424377441,-0.125,0.385114382610536,5.0,0.2334637019203331,0.21118655032852593,0.527619785520211,65,1400,4,32.2553237960434,dumbbell,4,0,B,pca_denoise
0.02028088238287792,0.041390347182424306,0.03850757411476357,-7.075581704827048,-4.8797607421875,-0.0625,0.2693370920228193,4.0,0.22737901486047973,0.21438274337225938,0.5509624639596695,389,1400,4,32.98510123751269,dumbbell,4,0,B,pca_denoise
-0.024905488168941222,0.030096071767176654,0.027143866226322966,-7.048459988896413,-4.843301773071289,-0.0,0.6033741870395856,4.0,0.22763702689219092,0.1970022482125689,0.5408503314586821,634,1400,4,33.627073289551745,dumbbell,4,0,B,pca_denoise
0.04071980160279781,0.01793228554136237,-0.005270458179436683,-7.050112958910042,-4.773543834686279,-0.0,0.23650831178307313,4.0,0.20806172441909873,0.1910804285725412,0.5437803313018834,64,1400,4,34.08641987865326,dumbbell,4,0,B,pca_denoise
0.015238630979179177,0.027358183286183196,0.03437346819911945,-7.049473832990889,-4.986619472503662,-0.0,0.4188996314483025,4.0,0.24260134401434436,0.20309799952156085,0.5193102923470492,599,1400,4,34.333928539127236,dumbbell,4,0,B,pca_denoise
0.01903039238956547,0.03966891934292712,0.011543754399798259,-7.066437920365938,-4.98445463180542,-0.0,0.4393181807516703,3.0,0.24077437154731915,0.2139125042245217,0.5341918105326231,544,1400,4,34.429055879941174,dumbbell,4,0,B,pca_denoise
-0.0786606079990333,-0.1111559855052181,-1.1960026815079766e-06,-7.144090577499568,-3.1351845264434814,-1.0,0.007440029142322543,5.0,0.15425266928448803,0.31270751360121846,0.5991190151269395,208,1400,4,-23.904740663319068,dumbbell,4,0,B,diffdist_t4
-0.07440743126031428,-0.11375307057057905,0.0066173194359549405,-7.124596870804558,-3.3858516216278076,-0.75,0.26636371816742715,5.0,0.1665980120921027,0.33112683005407223,0.5742775521104575,362,1400,4,-18.815015537403607,dumbbell,4,0,B,diffdist_t4
-0.05239342426837064,-0.08283585059330373,0.028139853051644185,-7.078476972094804,-4.022916793823242,-0.25,0.5492072546672453,5.0,0.20481463671994257,0.2897473807711449,0.5535450932690592,1088,1400,4,-7.813635606929903,dumbbell,4,0,B,diffdist_t4
-0.06706621805637104,-0.08119885321250424,0.03648660518143346,-7.052160252463231,-3.720512866973877,-0.0625,0.6667077550572679,5.0,0.18279108978671835,0.276387920796381,0.5656792239517571,915,1400,4,3.6191873761399993,dumbbell,4,0,B,diffdist_t4
-0.033771214988903266,-0.06258922018039759,0.015384822929604077,-7.064717916292347,-3.9716744422912598,-0.1875,0.5584966964949476,5.0,0.194485053361179,0.3027095436658098,0.539508552112433,361,1400,4,11.714458782310004,dumbbell,4,0,B,diffdist_t4
-0.04166239250509935,-0.050202747777393336,0.019709495602211802,-6.984226627719883,-4.886600017547607,-0.0,0.7812607762629539,5.0,0.2451734327911825,0.25290344724849445,0.4769193653111679,813,1400,4,13.17250244118475,dumbbell,4,0,B,diffdist_t4
-0.05328336069480218,-0.06202510743601069,0.007073380512386911,-7.044181207669888,-3.8010807037353516,-0.125,0.5536066837446623,5.0,0.1666514964723024,0.2853532659582677,0.5164602312584113,774,1400,4,14.669007691509492,dumbbell,4,0,B,diffdist_t4
-0.05743542479877003,-0.07032753500387316,0.024315462552645037,-6.979932269598086,-4.508238792419434,-0.0,0.7194031571371139,5.0,0.21999625254187472,0.22783103202201407,0.47959142545278943,1208,1400,4,16.82071651515401,dumbbell,4,0,B,diffdist_t4
-0.053653526474206376,-0.07124526788953721,0.0428781255064376,-6.983298173827363,-4.368655204772949,-0.0,0.6645927930723741,5.0,0.19854743253408652,0.2242065837221875,0.5177479752972478,1283,1400,4,18.57494358669726,dumbbell,4,0,B,diffdist_t4
-0.0365586947193768,-0.0451560193156648,0.038004695405041165,-7.004309175588319,-4.3575439453125,-0.0,0.7326299490893637,5.0,0.1726702624440678,0.2745148725301447,0.46522204535528366,218,1400,4,20.05605537357353,dumbbell,4,0,B,diffdist_t4
-0.027260222303021872,-0.04869253004129299,0.009510171676668719,-7.0354039892431235,-3.970243453979492,-0.0625,0.5125439402065645,5.0,0.20879625173033742,0.27423634877284264,0.5198186231676084,431,1400,4,21.90370296585198,dumbbell,4,0,B,diffdist_t4
-0.04461488841016119,-0.0736286609344639,0.04999420551047369,-6.979240847753443,-4.748129367828369,-0.0,0.8460773530298931,5.0,0.23364407167501583,0.234199005539894,0.478018505429116,564,1400,4,23.736312902586512,dumbbell,4,0,B,diffdist_t4
-0.07469236437273143,-0.09815554568063696,0.057281289607996354,-6.962300224861453,-4.316763401031494,-0.0,0.770392129771899,5.0,0.20478395531986662,0.20610323031885058,0.5489422273361878,1026,1400,4,25.138502510598045,dumbbell,4,0,B,diffdist_t4
-0.04155589877892511,-0.06837455522991809,0.049014053785029335,-6.9840374545543895,-4.571232318878174,-0.0,0.6143845280930129,5.0,0.23019492418901488,0.2625486369792872,0.5212461375344527,693,1400,4,26.45308691767381,dumbbell,4,0,B,diffdist_t4
-0.035461262093967195,-0.05786587072615908,0.0437909205516931,-6.9872963958095955,-4.8903326988220215,-0.0,0.7972042150161016,5.0,0.22925005849893607,0.2544897910949793,0.45339315498187344,625,1400,4,27.98331129289876,dumbbell,4,0,B,diffdist_t4
-0.04408090403085692,-0.07532097251798711,0.051702011532480455,-6.987476327613541,-4.372316360473633,-0.0,0.6425537180720714,5.0,0.20457123309640396,0.23047679992545264,0.5331702933411403,823,1400,4,29.13634847296726,dumbbell,4,0,B,diffdist_t4
-0.05023687706238743,-0.07855007661955116,0.0434749607340901,-7.009137947687332,-4.366851329803467,-0.0,0.6050329736002787,5.0,0.19641680539790934,0.24914275319601592,0.5019890049965493,246,1400,4,30.30802790209229,dumbbell,4,0,B,diffdist_t4
-0.035189068977874174,-0.05751269213364594,0.03216510047896208,-7.017914845936474,-4.3390302658081055,-0.0,0.5819817956663136,5.0,0.19111545932143195,0.2609015513311328,0.4974395084294595,1046,1400,4,31.207228531085526,dumbbell,4,0,B,diffdist_t4
-0.029251103129104967,-0.04122997605895756,0.01888019708240446,-7.026140492528309,-4.163278579711914,-0.125,0.4472308560598067,5.0,0.18804044851460944,0.2932958497112696,0.5060718418913777,65,1400,4,32.2553237960434,dumbbell,4,0,B,diffdist_t4
-0.031777775685063674,-0.041435022116891145,0.04325722057397979,-7.029208861791986,-4.222303867340088,-0.0,0.5489599557520911,5.0,0.198008184400631,0.26882301061747405,0.49975513271100225,389,1400,4,32.98510123751269,dumbbell,4,0,B,diffdist_t4
-0.05243438601744273,-0.06344719552082188,0.03591411579579609,-6.999432688049721,-4.363376617431641,-0.0,0.814216085224204,5.0,0.20070695474136066,0.23675292884442023,0.4989305321525738,634,1400,4,33.627073289551745,dumbbell,4,0,B,diffdist_t4
-0.04037117579432403,-0.055926922098179184,0.022501974537694952,-7.009178040561961,-4.0344390869140625,-0.0,0.6035694955862857,5.0,0.17113197099312405,0.2831783868898411,0.505548636968055,64,1400,4,34.08641987865326,dumbbell,4,0,B,diffdist_t4
-0.05102737683712164,-0.06628099476716563,0.04632396971578783,-6.9876782262755786,-4.591196537017822,-0.0,0.7465959930932207,5.0,0.2240237399591258,0.23443160911391286,0.4903568199799935,599,1400,4,34.333928539127236,dumbbell,4,0,B,diffdist_t4
-0.03190230122123937,-0.04066196332347218,0.01531558707573778,-7.022983060056182,-4.312105655670166,-0.0,0.5263917312219721,5.0,0.21095230976797164,0.2922799726439959,0.48554612520985896,544,1400,4,34.429055879941174,dumbbell,4,0,B,diffdist_t4
-0.031746224696779235,-0.02107077565153415,0.006015316711877026,-6.6560331849505125,-1.9115008115768433,-0.0,0.06856516962861488,5.0,0.04831172013501768,0.19855992080119836,0.4420176708283616,208,1400,4,-23.904740663319068,dumbbell,4,0,B,diffdist_t8
-0.04704652536998227,-0.03128774098169946,0.01754474324814958,-6.616485149698687,-3.3938024044036865,-0.0,0.2075368699149439,5.0,0.09154250544526851,0.14985514483398504,0.40119273905180036,362,1400,4,-18.815015537403607,dumbbell,4,0,B,diffdist_t8
-0.07827391534766658,-0.050744786375303615,0.01179943403819762,-6.644242145412683,-3.844402551651001,-0.0,0.38744058220638355,5.0,0.10163907514301454,0.13102503291945997,0.3177923632285282,1088,1400,4,-7.813635606929903,dumbbell,4,0,B,diffdist_t8
-0.07814231890671496,-0.10297544703829266,0.014158966247737815,-6.714757772522498,-3.7033212184906006,-0.0625,0.4545890830061263,5.0,0.0939042420491635,0.14623727152059174,0.27876243197515366,915,1400,4,3.6191873761399993,dumbbell,4,0,B,diffdist_t8
-0.0801891300689711,-0.09579710965819707,0.01570123273281352,-6.707805894877572,-4.391678333282471,-0.0,0.3670009732650595,5.0,0.11265402144103925,0.13305672387558443,0.2477733675580215,361,1400,4,11.714458782310004,dumbbell,4,0,B,diffdist_t8
-0.07781064638695204,-0.07740925494737728,0.021611473509059984,-6.514772556164757,-5.255481243133545,-0.0,0.8454390374297478,5.0,0.11501678355388908,0.08353139328862716,0.1825965391959038,813,1400,4,13.17250244118475,dumbbell,4,0,B,diffdist_t8
-0.09470256181715142,-0.08787924187396665,0.007788124230035507,-6.711685294207766,-4.1223835945129395,-0.0,0.41739279708417476,5.0,0.09260309064500963,0.12195775281764075,0.2587463716372264,774,1400,4,14.669007691509492,dumbbell,4,0,B,diffdist_t8
-0.09560361097180642,-0.07001294446692383,0.024839514754461205,-6.5403013419414116,-5.378848552703857,-0.0,0.7646654278969658,5.0,0.12053418204456613,0.09834496931233407,0.18848083245556807,1208,1400,4,16.82071651515401,dumbbell,4,0,B,diffdist_t8
-0.08476669523744138,-0.07490472605667253,0.017477132505109134,-6.627626835842998,-5.164535045623779,-0.0,0.7065165973014915,5.0,0.11536540073242502,0.10638588076482594,0.21395266242835104,1283,1400,4,18.57494358669726,dumbbell,4,0,B,diffdist_t8
-0.0660017183954254,-0.06517249170896668,0.014134092791642985,-6.666195515605912,-5.263175964355469,-0.0,0.6120844597949158,5.0,0.11437018097521542,0.10579950449000546,0.19421940051230716,218,1400,4,20.05605537357353,dumbbell,4,0,B,diffdist_t8
-0.04889137151053565,-0.08748527085136869,0.009134797910115,-6.72701481753116,-4.410242557525635,-0.0625,0.23146607546970452,5.0,0.11212791370859675,0.1309369576459198,0.24101375132195318,431,1400,4,21.90370296585198,dumbbell,4,0,B,diffdist_t8
-0.06188717064298866,-0.07336120433444306,0.019965064811766395,-6.55673443756111,-5.471559524536133,-0.0,0.60012202041823,5.0,0.12226864093343523,0.0902740515380551,0.1898280434174964,564,1400,4,23.736312902586512,dumbbell,4,0,B,diffdist_t8
-0.07559432256642536,-0.0844671815897184,0.022838449316792797,-6.5484175801289775,-4.999434471130371,-0.0,0.7811838259509715,5.0,0.10341256155323048,0.07850995954076902,0.21921560890599845,1026,1400,4,25.138502510598045,dumbbell,4,0,B,diffdist_t8
-0.05897486645508304,-0.059391951769937466,0.018871902044908975,-6.639893373867767,-5.427497386932373,-0.0,0.706238170177956,5.0,0.12932857515254048,0.1113298766589591,0.20582736009951705,693,1400,4,26.45308691767381,dumbbell,4,0,B,diffdist_t8
-0.08436559682412548,-0.08376379038103712,0.017896272703857977,-6.6019928467347775,-5.510560989379883,-0.125,0.8212800978586363,5.0,0.12187480323292578,0.11307405613779611,0.18799839570993265,625,1400,4,27.98331129289876,dumbbell,4,0,B,diffdist_t8
-0.05660930310543051,-0.08309936255933205,0.019487438320040806,-6.660527177386296,-5.2190470695495605,-0.0,0.6938419351295377,5.0,0.11354733033823172,0.10046117043283831,0.2141343288191395,823,1400,4,29.13634847296726,dumbbell,4,0,B,diffdist_t8
-0.0915317938347226,-0.07771366857221264,0.011096372987268364,-6.72310820160428,-4.531370639801025,-0.3125,0.22748012915512433,5.0,0.10505727457345035,0.11534459241418293,0.24997060626913686,246,1400,4,30.30802790209229,dumbbell,4,0,B,diffdist_t8
-0.057071606591344325,-0.07756013292636324,0.007517453384205712,-6.728891522148286,-4.619877338409424,-0.1875,0.10633396518038633,5.0,0.11002707490283574,0.12226224504323364,0.24046631246093356,1046,1400,4,31.207228531085526,dumbbell,4,0,B,diffdist_t8
-0.08560292172499066,-0.07532926221213666,0.01322083801158672,-6.7307175258550345,-4.611178398132324,-0.0,-0.004252514831392898,5.0,0.11125286222316244,0.12079605642819131,0.24040898815840772,65,1400,4,32.2553237960434,dumbbell,4,0,B,diffdist_t8
-0.047478049606945086,-0.06299317430244336,0.008296425207897851,-6.733249991368632,-4.523543357849121,-0.125,0.2222487211553977,5.0,0.10045370614638702,0.12981033808955877,0.24134437768028444,389,1400,4,32.98510123751269,dumbbell,4,0,B,diffdist_t8
-0.06769741780837316,-0.09337000337032493,0.017553922842409364,-6.6509053196253465,-5.165746688842773,-0.25,0.30218840451801265,5.0,0.12023840220333293,0.10796788943087973,0.21523473936489226,634,1400,4,33.627073289551745,dumbbell,4,0,B,diffdist_t8
-0.06471247407015847,-0.08197293539334388,0.014293578371012097,-6.6705595860451865,-5.111303806304932,-0.25,0.24100657953956417,5.0,0.111689453412042,0.1269860117457705,0.21310963621034767,64,1400,4,34.08641987865326,dumbbell,4,0,B,diffdist_t8
-0.06740269245427852,-0.0900002949437909,0.018080527358306623,-6.6421785529565245,-5.041390419006348,-0.125,0.2060954799339838,5.0,0.11485686851189547,0.10974616827385397,0.22630631403437312,599,1400,4,34.333928539127236,dumbbell,4,0,B,diffdist_t8
-0.03735597727884038,-0.06448708070412747,0.01095071583406955,-6.729093864916702,-4.8505473136901855,-0.0625,0.12986865899144565,5.0,0.11623394346756578,0.13287165728619976,0.2214707514055662,544,1400,4,34.429055879941174,dumbbell,4,0,B,diffdist_t8
-4.874782211609197,-4.664516297062653,1.215492569719978e-07,-7.158263472926282,-1.7040532611645176e-06,-0.0,0.9999999930161383,4.0,4.163560174200932e-08,0.8517206265509598,0.8965316065755594,208,1400,4,-23.904740663319068,dumbbell,4,0,B,heatgeo_t
-4.58591212046118,-4.522418574143209,1.656446683151458e-07,-7.158268997247946,-3.8655791456676525e-08,-0.0,0.999999994206264,4.0,0.0,0.8637588127622733,0.8979706091120409,362,1400,4,-18.815015537403607,dumbbell,4,0,B,heatgeo_t
-4.700830819442034,-4.561762150632677,2.5865875238895164e-07,-7.1582607792063495,-3.3435135264880955e-06,-0.0,0.9999999913157827,4.0,7.641664247807081e-08,0.8533542867637786,0.8944145778984389,1088,1400,4,-7.813635606929903,dumbbell,4,0,B,heatgeo_t
-4.700617203470191,-4.604544566144395,3.6681484121003916e-07,-7.158257098756152,-6.602374014619272e-06,-0.0,0.9999999939130733,4.0,1.5236952774579127e-07,0.8472123473140913,0.8959489035537133,915,1400,4,3.6191873761399993,dumbbell,4,0,B,heatgeo_t
-4.507747087792766,-4.260858635798723,1.7030560279379658e-07,-7.1582638785721215,-3.357747118570842e-06,-0.0,0.9999999945331591,4.0,7.677963499708227e-08,0.8567759590965001,0.8964688115680735,361,1400,4,11.714458782310004,dumbbell,4,0,B,heatgeo_t
-4.5283048900763525,-4.375461571653544,3.3086482997823907e-07,-7.158205310811229,-3.8334724195010494e-06,-0.0,0.9999999915685118,4.0,8.908564548290831e-08,0.8477984403584852,0.8911119464451132,813,1400,4,13.17250244118475,dumbbell,4,0,B,heatgeo_t
-4.617273250747907,-4.386261843246529,3.2904894247537397e-07,-7.158261258316939,-4.6179980017768685e-06,-0.0,0.9999999954318173,4.0,1.0864800826012599e-07,0.8551407723829684,0.8959131154173469,774,1400,4,14.669007691509492,dumbbell,4,0,B,heatgeo_t
-4.354378713119029,-4.411038086217242,5.483572876954779e-07,-7.158212330632411,-9.807548849494196e-06,-0.0,0.9999999933088055,4.0,2.3327978914903694e-07,0.8452907433146261,0.889682892960688,1208,1400,4,16.82071651515401,dumbbell,4,0,B,heatgeo_t
-4.623952655037288,-4.731798242031795,6.820299776194583e-07,-7.158214529603665,-1.549733497085981e-05,-0.0,0.9999999900631785,4.0,3.648630472580192e-07,0.8424331699344725,0.8926420738636097,1283,1400,4,18.57494358669726,dumbbell,4,0,B,heatgeo_t
-4.417965418392606,-4.4572921315231815,3.3357158314706314e-07,-7.158232590745259,-4.7578514568158425e-06,-0.0,0.9999999933698513,4.0,1.1234649792073595e-07,0.8467919040584289,0.8934051982274068,218,1400,4,20.05605537357353,dumbbell,4,0,B,heatgeo_t
-4.694172598078869,-4.3828757696381135,3.6403417952302064e-07,-7.158250299251941,-1.0423009371152148e-05,-0.0,0.9999999952652144,4.0,2.4757617684879895e-07,0.8439041062063611,0.8946925543282954,431,1400,4,21.90370296585198,dumbbell,4,0,B,heatgeo_t
-4.721827669052022,-4.6299663274256435,5.529025535883081e-07,-7.1582190561843415,-1.0068700248666573e-05,-0.0,0.9999999935286872,4.0,2.3914282381042596e-07,0.8433507200549892,0.8934053983917204,564,1400,4,23.736312902586512,dumbbell,4,0,B,heatgeo_t
-4.8961975347163165,-4.839989001851563,9.872259417800788e-07,-7.158199039745291,-2.770722312561702e-05,-0.0,0.9999999920039843,4.0,6.576921276353178e-07,0.832299610263524,0.8955130203907612,1026,1400,4,25.138502510598045,dumbbell,4,0,B,heatgeo_t
-4.548951355323525,-4.594417091447075,7.019353166215492e-07,-7.158219333709127,-1.826852712838445e-05,-0.0,0.999999993185267,4.0,4.344453401499973e-07,0.8389606975395786,0.8929312154360128,693,1400,4,26.45308691767381,dumbbell,4,0,B,heatgeo_t
-4.5709149336679555,-4.513373807854911,2.7244098107365167e-07,-7.158238031707834,-3.6210769849276403e-06,-0.0,0.9999999908082188,4.0,8.358982972184562e-08,0.8484985708948306,0.8918612568781435,625,1400,4,27.98331129289876,dumbbell,4,0,B,heatgeo_t
-4.724411622450133,-4.7082767442486375,6.68101239373331e-07,-7.158221916775924,-1.5833762518013828e-05,-0.0,0.9999999904382644,4.0,3.7437353331532775e-07,0.8390234588680147,0.8944134297563756,823,1400,4,29.13634847296726,dumbbell,4,0,B,heatgeo_t
-4.91925931683883,-4.894151016176357,6.270497574650813e-07,-7.1582402464597115,-1.5027962945168838e-05,-0.0,0.9999999929226835,4.0,3.5458130834762436e-07,0.8427554902119133,0.8952140606495453,246,1400,4,30.30802790209229,dumbbell,4,0,B,heatgeo_t
-4.787011215202926,-4.552300170778404,5.808564596601618e-07,-7.158242810827818,-1.3800788110529538e-05,-0.0,0.9999999931641761,4.0,3.285054901008846e-07,0.841810892604738,0.8957538939569181,1046,1400,4,31.207228531085526,dumbbell,4,0,B,heatgeo_t
-4.38833267484935,-4.425627794652529,2.7938641737612624e-07,-7.158254531458182,-5.481795142259216e-06,-0.0,0.999999993994253,4.0,1.3027420921357823e-07,0.8526903865014908,0.8929726831845612,65,1400,4,32.2553237960434,dumbbell,4,0,B,heatgeo_t
-4.69246909215855,-4.604224522551679,4.0077088858669896e-07,-7.15824629580962,-8.868868462741375e-06,-0.0,0.9999999913672593,4.0,2.1053758734474645e-07,0.8471769298433851,0.8939638369811024,389,1400,4,32.98510123751269,dumbbell,4,0,B,heatgeo_t
-4.584391390641136,-4.586181037157344,7.591688032868027e-07,-7.158225833029863,-2.199453410867136e-05,-0.0,0.9999999929593717,4.0,5.245472174065617e-07,0.8373665678619842,0.8945455870613149,634,1400,4,33.627073289551745,dumbbell,4,0,B,heatgeo_t
-4.609763697184848,-4.393498010791097,5.668747745796177e-07,-7.158235378089062,-1.572296241647564e-05,-0.0,0.9999999930356951,4.0,3.717426742868051e-07,0.8411530400334595,0.8987125428386363,64,1400,4,34.08641987865326,dumbbell,4,0,B,heatgeo_t
-4.765690125421304,-4.748301478875097,6.381048102202524e-07,-7.158227318009243,-1.4437474419537466e-05,-0.0,0.999999995979233,4.0,3.4403702073659583e-07,0.8396127751754523,0.8921673426199336,599,1400,4,34.333928539127236,dumbbell,4,0,B,heatgeo_t
-4.420159990492542,-4.522987672501749,4.215215648958881e-07,-7.158246478216212,-9.62972262641415e-06,-0.0,0.9999999938928031,4.0,2.2852813484074574e-07,0.8441889443187193,0.8948324973330117,544,1400,4,34.429055879941174,dumbbell,4,0,B,heatgeo_t
-4.476968979170395,-4.183443570014245,6.107164442353819e-07,-7.158260374997034,-1.5706145859439857e-05,-0.0625,0.9999999919297005,4.0,3.672402727782119e-07,0.8366803648885439,0.8863975140644352,208,1400,4,-23.904740663319068,dumbbell,4,0,B,heatgeo_4t
-4.196792200047061,-4.051910788875766,4.565644801113322e-07,-7.1582668233542694,-9.257068995793816e-07,-0.0,0.9999999932670911,4.0,2.209191157951043e-08,0.8500674798010005,0.8879874400001453,362,1400,4,-18.815015537403607,dumbbell,4,0,B,heatgeo_4t
-4.305648607149504,-4.086146029396965,7.851407658604481e-07,-7.15825730450101,-1.35306281663361e-05,-0.3125,0.9999999938371834,4.0,3.188346966472398e-07,0.838495771086675,0.884059034380217,1088,1400,4,-7.813635606929903,dumbbell,4,0,B,heatgeo_4t
-4.304053345977645,-4.125349712573258,1.0100494448883612e-06,-7.158252909987835,-2.2258796889218502e-05,-0.0,0.9999999903135716,4.0,5.275683898195878e-07,0.831660434090533,0.8857363609740917,915,1400,4,3.6191873761399993,dumbbell,4,0,B,heatgeo_4t
-4.121397600796394,-3.8096459316525397,4.96741866529149e-07,-7.158260843057517,-8.481185432174243e-06,-0.0,0.9999999936144459,4.0,1.9940341703706453e-07,0.8423083846014782,0.8863315860694247,361,1400,4,11.714458782310004,dumbbell,4,0,B,heatgeo_4t
-4.133955944794072,-3.905776335870666,1.0824160527264648e-06,-7.158200387158943,-2.1122014004504308e-05,-0.125,0.9999999895685653,4.0,4.979322954516678e-07,0.8323057889217472,0.8803851691267454,813,1400,4,13.17250244118475,dumbbell,4,0,B,heatgeo_4t
-4.222919689260926,-3.9226784315191487,7.933172028115609e-07,-7.158257782853367,-1.1507905583130196e-05,-0.0,0.9999999944987237,4.0,2.701404886966532e-07,0.8404790991781886,0.8857010835298166,774,1400,4,14.669007691509492,dumbbell,4,0,B,heatgeo_4t
-3.964481777770746,-3.9370724817812066,1.3627503992405532e-06,-7.158207175856565,-2.817570202751085e-05,-0.0625,0.9999999923530662,4.0,6.666262965458166e-07,0.8295087098870663,0.8787971214574415,1208,1400,4,16.82071651515401,dumbbell,4,0,B,heatgeo_4t
-4.2224564478450946,-4.232615515825511,1.5624540774875073e-06,-7.158208868469188,-3.811215719906613e-05,-0.0,0.9999999899603453,4.0,9.079783139354606e-07,0.8263244403601234,0.88208197307497,1283,1400,4,18.57494358669726,dumbbell,4,0,B,heatgeo_4t
-4.03023605820806,-3.9830299964277285,1.0322131333423412e-06,-7.158227611000138,-2.0932027837261558e-05,-0.0,0.9999999922888232,4.0,4.941672418933419e-07,0.8311850678253913,0.8829233410941367,218,1400,4,20.05605537357353,dumbbell,4,0,B,heatgeo_4t
-4.296554223023952,-3.919753555876775,8.471783474114924e-07,-7.158245886473261,-2.2174510377226397e-05,-0.0,0.9999999945096795,4.0,5.271099151735703e-07,0.8279717075135065,0.8843646509322856,431,1400,4,21.90370296585198,dumbbell,4,0,B,heatgeo_4t
-4.3163754653570585,-4.13904828530223,1.4517125697943722e-06,-7.158213723060868,-3.29839822370559e-05,-0.0,0.9999999959510015,4.0,7.784596811484247e-07,0.8273471990889442,0.8829271539292655,564,1400,4,23.736312902586512,dumbbell,4,0,B,heatgeo_4t
-4.483022477325651,-4.332639496366713,2.0288617274683007e-06,-7.158192775492175,-5.723763024434447e-05,-0.5,0.9999999908749057,4.0,1.3728211896214637e-06,0.8150147341851594,0.8852584285107095,1026,1400,4,25.138502510598045,dumbbell,4,0,B,heatgeo_4t
-4.151133205182019,-4.106421436355682,1.4464924843332616e-06,-7.158213302228039,-3.64241968782153e-05,-0.0,0.9999999919596467,4.0,8.681383765591111e-07,0.8224548471713936,0.8823941941914694,693,1400,4,26.45308691767381,dumbbell,4,0,B,heatgeo_4t
-4.174190386472915,-4.033270590513038,9.594284254774155e-07,-7.158232957473855,-2.0144267182331532e-05,-0.125,0.999999993637189,4.0,4.726016809168527e-07,0.8330903233426615,0.8812150909725396,625,1400,4,27.98331129289876,dumbbell,4,0,B,heatgeo_4t
-4.319025161444697,-4.211578452376533,1.5581013142543232e-06,-7.158216255297744,-3.9551316149299964e-05,-0.0,0.9999999929841562,4.0,9.405708657583674e-07,0.8225236697200522,0.8840428871314933,823,1400,4,29.13634847296726,dumbbell,4,0,B,heatgeo_4t
-4.509339003315882,-4.387815288818527,1.4569126775346164e-06,-7.158235304641479,-3.5881770600099117e-05,-0.0,0.9999999947068647,4.0,8.551529933268055e-07,0.8266848868263277,0.8849169691354238,246,1400,4,30.30802790209229,dumbbell,4,0,B,heatgeo_4t
-4.382091835240055,-4.0716580987562,1.2374261783715257e-06,-7.158237861316492,-2.9057955543976277e-05,-0.0,0.9999999920879243,4.0,6.934888765508834e-07,0.8256320048970065,0.885540328499805,1046,1400,4,31.207228531085526,dumbbell,4,0,B,heatgeo_4t
-4.003781903382834,-3.95736535298724,7.776967185582628e-07,-7.158250459789832,-1.6714555385988206e-05,-0.0,0.9999999931443978,4.0,3.9452246505722455e-07,0.8377574556273786,0.8824501537051628,65,1400,4,32.2553237960434,dumbbell,4,0,B,heatgeo_4t
-4.293300625808747,-4.11924022839806,1.1117198661508843e-06,-7.158241777560045,-2.7737316486309282e-05,-0.0625,0.999999989916053,4.0,6.566248519896757e-07,0.8316172949826227,0.8835437985947487,389,1400,4,32.98510123751269,dumbbell,4,0,B,heatgeo_4t
-4.186849464820873,-4.101381882760808,1.5407949939677534e-06,-7.158220195047977,-4.125364648643881e-05,-0.1875,0.9999999919046331,4.0,9.906716482004005e-07,0.820675033874214,0.8841971451638354,634,1400,4,33.627073289551745,dumbbell,4,0,B,heatgeo_4t
-4.212730079431892,-3.9262255494929637,1.2296429596145297e-06,-7.158230212974528,-3.151403507217765e-05,-0.0,0.9999999919286698,4.0,7.52297170135825e-07,0.8248995597741895,0.8887854542469453,64,1400,4,34.08641987865326,dumbbell,4,0,B,heatgeo_4t
-4.3598522508828905,-4.24845498811298,1.4366684530850438e-06,-7.158221809789907,-3.42406565323472e-05,-0.125,0.9999999955094945,4.0,8.165690000971191e-07,0.8231820358606923,0.8815458945469848,599,1400,4,34.333928539127236,dumbbell,4,0,B,heatgeo_4t
-4.032334452441721,-4.046008573122,1.00796649726842e-06,-7.158241809336303,-2.1791334802401252e-05,-0.0,0.9999999928966239,4.0,5.185006031747522e-07,0.8282883821431616,0.8845063989550604,544,1400,4,34.429055879941174,dumbbell,4,0,B,heatgeo_4t
-0.006280624343380599,-0.03753445639625688,0.02079805306790395,-7.048705955949721,-4.680945873260498,-0.0,0.28772070097929253,2.0,0.23335310525569505,0.18145696882357562,0.5951609669298991,208,1400,4,-23.904740663319068,dumbbell,4,0,B,fb_potential
0.01530196283212311,-0.013914050240122234,0.0795982422513782,-7.08040466317288,-5.173492431640625,-0.0625,0.4568606304772356,4.0,0.28044210495337957,0.2175181139350392,0.5520369950130074,362,1400,4,-18.815015537403607,dumbbell,4,0,B,fb_potential
-0.03272303204819274,0.008515076325575605,0.06954486710920532,-7.073421663145593,-4.843982219696045,-0.9375,0.270148120570009,1.0,0.2656694394377385,0.23284980549707562,0.5767185672327403,1088,1400,4,-7.813635606929903,dumbbell,4,0,B,fb_potential
-0.0423629508263173,-0.017515000420645892,0.03022291284102585,-7.06395124308374,-4.975351333618164,-0.0,0.39425718172868174,3.0,0.23418778814836055,0.1682481378000319,0.5113832576608909,915,1400,4,3.6191873761399993,dumbbell,4,0,B,fb_potential
-0.024536363613186264,-0.0217212789592697,-0.007290328144714565,-7.085534556448945,-5.0456461906433105,-0.0625,0.41968036621128857,4.0,0.25314747765503487,0.20979339854790963,0.5435225772395675,361,1400,4,11.714458782310004,dumbbell,4,0,B,fb_potential
0.013325083776235622,0.019640358048999555,0.05268096007669736,-7.0068096583087645,-4.912171363830566,-0.0,0.49229591328952993,4.0,0.25071318067230774,0.1935261224210019,0.5366585892480655,813,1400,4,13.17250244118475,dumbbell,4,0,B,fb_potential
0.0038907126512334814,-0.02379987523318204,0.030213601634520144,-7.0542336808462665,-4.859386920928955,-0.0625,0.4164704063816402,4.0,0.2330830193671109,0.19710130221129327,0.5421671197314325,774,1400,4,14.669007691509492,dumbbell,4,0,B,fb_potential
-0.012125490588163987,-0.004329086694737833,0.03637252185961659,-7.008509592583486,-4.845874786376953,-0.0,0.39167206960262185,3.0,0.2494729469069356,0.1944894337900476,0.5378121907665858,1208,1400,4,16.82071651515401,dumbbell,4,0,B,fb_potential
0.00931385528679157,0.011484100477539685,0.04435825207275221,-7.061457931318124,-5.2060346603393555,-0.0,0.46228304830572864,4.0,0.2468364541389417,0.18035101787282976,0.4991275420333756,1283,1400,4,18.57494358669726,dumbbell,4,0,B,fb_potential
-0.02701023435967688,0.012483494167728038,0.050617479078375785,-7.074640971826409,-5.269955635070801,-0.0,0.4657059839392245,4.0,0.24188522366923368,0.19051050734034627,0.4943643753257661,218,1400,4,20.05605537357353,dumbbell,4,0,B,fb_potential
0.03203014136881063,-0.0028256676224897984,0.028669562990331306,-7.0365509239035795,-4.637908935546875,-0.0,0.3410665217156055,4.0,0.21192871974951655,0.18606764677827106,0.5637317934038539,431,1400,4,21.90370296585198,dumbbell,4,0,B,fb_potential
-0.006731414278298799,0.006389025233156217,0.06876453587783668,-7.033535171326362,-4.981443405151367,-0.0625,0.3587673577544103,3.0,0.2615997742669417,0.1969021339356541,0.5320842127721312,564,1400,4,23.736312902586512,dumbbell,4,0,B,fb_potential
0.024161383392885014,0.014799541751709607,0.036390772735807965,-7.017402554135664,-4.82633113861084,-0.0,0.45065586548887626,4.0,0.2309081722828693,0.1719129658564781,0.531360376718314,1026,1400,4,25.138502510598045,dumbbell,4,0,B,fb_potential
-0.016993862726054184,-0.009085075340874072,0.06502218697026693,-7.0642225369371445,-5.2037787437438965,-0.0,0.425975401437926,5.0,0.26145793832639336,0.18403212827394125,0.5086243886252685,693,1400,4,26.45308691767381,dumbbell,4,0,B,fb_potential
-0.027113084920321703,-0.009839801348591191,0.03844867517772878,-7.047135853803014,-4.999451637268066,-0.0625,0.24247264561579351,2.0,0.25738571634634755,0.21314714538678953,0.5450254428541983,625,1400,4,27.98331129289876,dumbbell,4,0,B,fb_potential
0.004354911245368571,0.013908290209078935,0.03751109419050571,-7.058228473739518,-5.086976528167725,-0.0,0.4126304214780274,4.0,0.24148367516479954,0.16964689351330983,0.4936960882507936,823,1400,4,29.13634847296726,dumbbell,4,0,B,fb_potential
-0.010412483584100213,-0.018738065491693344,0.031018613391296447,-7.039903863337827,-4.792325019836426,-0.0625,0.46803747709296284,4.0,0.20899663279341535,0.16182805611676276,0.5136980383173336,246,1400,4,30.30802790209229,dumbbell,4,0,B,fb_potential
0.04905835063740444,0.04667628574851096,0.015561180886975058,-7.026417105169311,-4.485248565673828,-0.0,0.35938503920366954,3.0,0.19852775027798172,0.18329472359956966,0.5560020320504863,1046,1400,4,31.207228531085526,dumbbell,4,0,B,fb_potential
-0.03585005091029356,-0.0003200899248771311,0.02864841492354979,-7.080757826493498,-5.030297756195068,-0.125,0.42514384597761934,4.0,0.23931500006151246,0.18726329801544228,0.514380891068045,65,1400,4,32.2553237960434,dumbbell,4,0,B,fb_potential
0.02065146683071863,0.027597813988660028,0.02602732908252737,-7.054366553264548,-4.738348484039307,-0.0,0.38041586678529415,3.0,0.2236629969280275,0.19226946874662898,0.5468157551434999,389,1400,4,32.98510123751269,dumbbell,4,0,B,fb_potential
-0.038146043393607096,0.025697534934366634,0.0017563107771176017,-7.0268514418338075,-4.779271602630615,-0.0,0.553637672773299,3.0,0.23407997699934008,0.18875180603541605,0.5384822638708453,634,1400,4,33.627073289551745,dumbbell,4,0,B,fb_potential
-0.011562442929111866,-0.010533643019545165,-0.005295920922159532,-7.050438288750849,-4.426097869873047,-0.125,0.22097574929029165,3.0,0.20301837250010768,0.22009141799575713,0.5924633344226956,64,1400,4,34.08641987865326,dumbbell,4,0,B,fb_potential
-0.05425608559478252,-0.025502362325018738,0.04632831396923583,-7.043062693489481,-5.025944232940674,-0.125,0.3265819350253081,4.0,0.2522757585950707,0.19189377835310656,0.5159953054827093,599,1400,4,34.333928539127236,dumbbell,4,0,B,fb_potential
-0.004017810505668331,0.039921704964239545,0.06256332552541602,-7.0740111124841984,-4.9964118003845215,-0.0625,0.3614821742217067,3.0,0.25491308343735325,0.19623317059716514,0.5406488387766448,544,1400,4,34.429055879941174,dumbbell,4,0,B,fb_potential
-0.16628716160823828,-0.1719919144294238,0.025180634017450083,-7.126427159622509,-4.987573623657227,-0.25,0.14066562930310933,3.0,0.22949387216629796,0.20479497609435388,0.5442294938929318,208,1400,4,-23.904740663319068,dumbbell,4,0,C05,plain
-0.0628019627754125,-0.08939637067945864,-0.02481969164933718,-7.136785445676001,-5.243195056915283,-0.4375,0.427894204246948,4.0,0.2777304620674488,0.2651952782866198,0.5880521993367551,362,1400,4,-18.815015537403607,dumbbell,4,0,C05,plain
-0.022779346753489124,-0.036025884782204885,-0.04525052673441177,-7.122458094074851,-4.670562744140625,-0.125,0.11714081257298205,4.0,0.25435257328047667,0.28073635532751023,0.6354102076570982,1088,1400,4,-7.813635606929903,dumbbell,4,0,C05,plain
-0.07059029347529648,-0.13826131089910926,0.03522446945675842,-7.133408015077105,-4.952492713928223,-0.9375,0.2807416152565809,1.0,0.2595760423597733,0.2455973735824983,0.5992705496486623,915,1400,4,3.6191873761399993,dumbbell,4,0,C05,plain
-0.12764796168179382,-0.1347576220830723,-0.007006285160598013,-7.122509801497756,-5.014062881469727,-0.125,0.3906313642532224,4.0,0.23873333456043194,0.2085082630038956,0.5432967777544341,361,1400,4,11.714458782310004,dumbbell,4,0,C05,plain
-0.010709643280355726,-0.02972445593551468,0.03521770332840256,-7.103247265694838,-2.639620780944824,-0.0,0.7132618980829473,3.0,0.11126721668595564,0.39696222247709745,0.7921206917182064,813,1400,4,13.17250244118475,dumbbell,4,0,C05,plain
-0.08549310085326026,-0.11080679782961393,0.019149742420905492,-7.122712623189395,-4.499631881713867,-0.4375,0.3362046582522056,3.0,0.22263473908683856,0.2266062695138523,0.6075913585956654,774,1400,4,14.669007691509492,dumbbell,4,0,C05,plain
-0.0610275525745151,-0.1258537112332398,0.013942640478377552,-7.10426718037151,-4.894668102264404,-0.0,0.377805467788461,4.0,0.2547605457309411,0.24333294520750637,0.5653732860185035,1208,1400,4,16.82071651515401,dumbbell,4,0,C05,plain
-0.12915523449119184,-0.10875706353879096,0.04365353457099248,-7.108201990232759,-5.05887508392334,-0.0,0.5794138140787386,5.0,0.2522601605469409,0.22054157763879095,0.5454293348095183,1283,1400,4,18.57494358669726,dumbbell,4,0,C05,plain
-0.0447717631303196,-0.09249517806210335,0.07528516823506101,-7.1166772288059725,-4.298564910888672,-0.0,0.31432123741429696,4.0,0.22662145025449928,0.3272271466245405,0.6849101591388608,218,1400,4,20.05605537357353,dumbbell,4,0,C05,plain
-0.045579399462474406,-0.08794266410242958,0.012343762075524277,-7.1139700764818,-4.86940336227417,-0.125,0.26941672144101697,4.0,0.24809224207136504,0.21239111098193098,0.5806074021899228,431,1400,4,21.90370296585198,dumbbell,4,0,C05,plain
-0.07932044438851828,-0.07495024887766188,0.027394706363913432,-7.0951694474724585,-4.834756851196289,-0.0,0.4928055051522805,4.0,0.22241742300909134,0.20880968183061566,0.546473805802617,564,1400,4,23.736312902586512,dumbbell,4,0,C05,plain
-0.0949856733567246,-0.06877357080825279,0.007054003620436924,-7.0964459721088,-4.263332843780518,-0.0,0.4066802630093944,5.0,0.2160053385524363,0.26845858490678803,0.6353119643522072,1026,1400,4,25.138502510598045,dumbbell,4,0,C05,plain
-0.03461462708460899,-0.09838843106516,0.03417372354816547,-7.11217234712622,-4.7871198654174805,-0.125,0.31273621759753695,3.0,0.2666604528470125,0.2721854084746939,0.6312325269983567,693,1400,4,26.45308691767381,dumbbell,4,0,C05,plain
-0.04069609428616466,-0.04363630881403522,0.04581268607937529,-7.10789172589426,-4.951383590698242,-0.0,0.5433015912317022,4.0,0.2503102941314225,0.22322124868472704,0.5791394906410036,625,1400,4,27.98331129289876,dumbbell,4,0,C05,plain
0.004313382753565059,-0.03445548122404064,0.036990965504284365,-7.098346249460684,-4.672527313232422,-0.0,0.5309791289065364,5.0,0.25410829962705417,0.24366331294149635,0.6279903718343751,823,1400,4,29.13634847296726,dumbbell,4,0,C05,plain
-0.1440164479482066,-0.13342550255347507,0.023687494731534024,-7.108995953201218,-4.93552303314209,-0.0,0.29620707191489926,3.0,0.2400357856611533,0.21325442970384623,0.5301686352516752,246,1400,4,30.30802790209229,dumbbell,4,0,C05,plain
-0.07289482063964027,-0.07697679449511552,0.05029242705611546,-7.110515098914441,-4.700302600860596,-0.0,0.42473396395891955,1.0,0.2494405357432164,0.24681111120865507,0.6048264065167351,1046,1400,4,31.207228531085526,dumbbell,4,0,C05,plain
-0.06422411771662254,-0.08016639921216043,-0.01208737388768153,-7.142051329219777,-5.0456342697143555,-0.75,0.39675037798521934,4.0,0.24497986716129935,0.26436867781672363,0.5824788081506448,65,1400,4,32.2553237960434,dumbbell,4,0,C05,plain
-0.014828983847387235,-0.03760837357209631,0.04830677338412985,-7.12014722739834,-5.0283427238464355,-0.0625,0.20199150509801939,4.0,0.25639283226028187,0.22296547927660076,0.5581658639527495,389,1400,4,32.98510123751269,dumbbell,4,0,C05,plain
-0.047519674151853646,-0.043205414015818844,0.002979779958002646,-7.102488669671219,-4.758138656616211,-0.0,-0.015195118590092815,2.0,0.25020442267684295,0.2402262615508642,0.5930939427803358,634,1400,4,33.627073289551745,dumbbell,4,0,C05,plain
-0.14518096175602968,-0.15850123332231889,0.012439990924698977,-7.133655083488176,-5.009517192840576,-0.6875,0.33578426233947806,2.0,0.2303429488360777,0.18804681557635494,0.530573006990433,64,1400,4,34.08641987865326,dumbbell,4,0,C05,plain
-0.10869070733777243,-0.13845662330824043,-0.013065426223581316,-7.132090867678276,-5.117734432220459,-1.0,0.23944271111517623,5.0,0.26071782816363287,0.21985139652745206,0.5696730536985017,599,1400,4,34.333928539127236,dumbbell,4,0,C05,plain
-0.04486793099869802,-0.05073729525942623,0.01599323040301317,-7.116235033604873,-4.734373092651367,-0.25,0.6714642036367083,2.0,0.2620674397750171,0.26160605932282904,0.6345798407040899,544,1400,4,34.429055879941174,dumbbell,4,0,C05,plain
-0.062037654786391866,-0.07669260070162257,0.0077235906555993316,-7.101009123502806,-4.746430397033691,-0.0625,0.4830514344577665,3.0,0.2160109700168044,0.20084081156613554,0.5734844229067866,208,1400,4,-23.904740663319068,dumbbell,4,0,C05,pca_denoise
-0.07501784518740393,-0.03369935363429022,-0.03495944296158899,-7.128444308789927,-5.1039347648620605,-0.4375,0.2559685794500214,3.0,0.2579521770009904,0.2574471223629499,0.5791491972091473,362,1400,4,-18.815015537403607,dumbbell,4,0,C05,pca_denoise
-0.036653928423147596,-0.012272481073534144,-0.02220100230804404,-7.10099375714089,-4.879498481750488,-0.125,0.2974103245167903,3.0,0.24449955119707198,0.240861173269688,0.5630345250155291,1088,1400,4,-7.813635606929903,dumbbell,4,0,C05,pca_denoise
-0.040115318650693205,-0.0670322072585893,-0.014921677279925402,-7.123237813150564,-4.920158386230469,-0.875,0.33981932632124984,3.0,0.2491538241161323,0.22937960508497354,0.5841745337391082,915,1400,4,3.6191873761399993,dumbbell,4,0,C05,pca_denoise
-0.13033080656282006,-0.11601476983820652,-0.020724261516871775,-7.106813848720089,-5.040909767150879,-0.0625,0.17965702328034672,4.0,0.23846980368590454,0.19495425389609872,0.5266183585139622,361,1400,4,11.714458782310004,dumbbell,4,0,C05,pca_denoise
0.021843395285221924,-0.010423122228961688,0.058340421357208835,-7.085587761992523,-3.2369210720062256,-0.0,0.6521647451373005,4.0,0.14731121017095208,0.3742001606098669,0.7205384274883705,813,1400,4,13.17250244118475,dumbbell,4,0,C05,pca_denoise
-0.04733094450477632,-0.03362675420414732,-0.0394509412311004,-7.101313925388753,-4.2664995193481445,-0.4375,0.46187169303802134,4.0,0.18318412748041923,0.21161511548785675,0.6028803104170058,774,1400,4,14.669007691509492,dumbbell,4,0,C05,pca_denoise
-0.04790412950694633,-0.01749961837690712,-0.029111787973944793,-7.076894275294228,-4.89534854888916,-0.0,0.3651014842556462,4.0,0.2463347403789032,0.22144215135513942,0.5574243605571114,1208,1400,4,16.82071651515401,dumbbell,4,0,C05,pca_denoise
-0.09161841612826951,-0.053740391770216556,0.014030218065419233,-7.083095723954667,-4.972032070159912,-0.0,0.5198218047615246,5.0,0.23955852553813245,0.20260215240000448,0.5330480119131886,1283,1400,4,18.57494358669726,dumbbell,4,0,C05,pca_denoise
-0.02616113700824302,-0.040246641447911985,0.04717305448936533,-7.090399563441181,-4.636406898498535,-0.0,0.35239275046880814,3.0,0.2390385889766049,0.25075588773406593,0.6057762425427333,218,1400,4,20.05605537357353,dumbbell,4,0,C05,pca_denoise
0.001053524642060364,-0.037437898049689104,0.0027613442318831505,-7.091001052435858,-4.86226749420166,-0.125,0.3509986484484392,4.0,0.24072417960989473,0.19973599473152118,0.5576078788710553,431,1400,4,21.90370296585198,dumbbell,4,0,C05,pca_denoise
-0.0303324698367659,-0.0052708689565403866,0.022940159068298972,-7.073507381972682,-4.930985450744629,-0.0,0.5820469978414009,4.0,0.22440888691584954,0.1952364151392509,0.5244483248334977,564,1400,4,23.736312902586512,dumbbell,4,0,C05,pca_denoise
-0.021893772694125527,0.0006713807344821774,-0.002390780254004101,-7.040892995014659,-4.002645969390869,-0.0,0.6415629957951698,4.0,0.1887133672369529,0.2094306209073356,0.6429257218291701,1026,1400,4,25.138502510598045,dumbbell,4,0,C05,pca_denoise
-0.02511988801243134,-0.04980669512124503,0.06618048375141791,-7.094333913598631,-4.652505874633789,-0.125,0.2705512472282412,3.0,0.2538557393047061,0.28678283610256905,0.6346417829262506,693,1400,4,26.45308691767381,dumbbell,4,0,C05,pca_denoise
-0.03182673642164062,-0.03458562442596002,0.02800690819732106,-7.0765573850850405,-4.846970558166504,-0.0,0.6540670152957039,4.0,0.23616115903522633,0.20091020057534528,0.5527906037266347,625,1400,4,27.98331129289876,dumbbell,4,0,C05,pca_denoise
0.03729964114853286,-0.008485913261667716,0.04434546144807798,-7.073402880465282,-4.863620758056641,-0.0,0.5242517264989133,4.0,0.25276074392973646,0.20612202874978683,0.5635890237386734,823,1400,4,29.13634847296726,dumbbell,4,0,C05,pca_denoise
-0.05122316074829983,-0.05194758263754353,0.011149235361711344,-7.084524753663194,-4.8880720138549805,-0.0,0.28149433377807376,3.0,0.23287583167460751,0.2096385892336908,0.5334956217371276,246,1400,4,30.30802790209229,dumbbell,4,0,C05,pca_denoise
0.012482800354988903,-0.008201526479162516,0.028025039025153613,-7.0922452113047045,-4.8289055824279785,-0.0625,0.33915899429895163,1.0,0.2517151630250236,0.22615432955198866,0.5657049023316268,1046,1400,4,31.207228531085526,dumbbell,4,0,C05,pca_denoise
-0.06294961984544274,-0.03295945917689667,0.0030050373692151588,-7.125128779393529,-4.6847052574157715,-0.125,0.5556924044553397,1.0,0.21040647547294877,0.2496399490677963,0.5793831030191734,65,1400,4,32.2553237960434,dumbbell,4,0,C05,pca_denoise
0.021397506854447378,-0.02778281287651175,0.033084119242322844,-7.103708380347817,-5.037168025970459,-0.0625,0.2705255534882444,4.0,0.2466835774186529,0.19398768843278966,0.5359787550340613,389,1400,4,32.98510123751269,dumbbell,4,0,C05,pca_denoise
0.02019919367088946,-0.0021584835676010496,0.02498777954458341,-7.072524989070008,-4.736847400665283,-0.0,0.3005840810609892,4.0,0.23785589090804285,0.19967467125181504,0.57757321053112,634,1400,4,33.627073289551745,dumbbell,4,0,C05,pca_denoise
-0.07998239150607062,-0.06352325246107327,0.000893879065890113,-7.126011555911119,-5.0276899337768555,-0.875,0.19030596801324404,4.0,0.22918355851889882,0.18002989177661244,0.5169423545147838,64,1400,4,34.08641987865326,dumbbell,4,0,C05,pca_denoise
-0.018387082731912623,-0.04022244443554978,0.0012695950910317465,-7.1189807165621914,-4.719932556152344,-0.9375,0.2701264351096839,4.0,0.24687662705176944,0.22797339088319357,0.5992796025348798,599,1400,4,34.333928539127236,dumbbell,4,0,C05,pca_denoise
-0.005170866494938074,-0.010945229341470826,0.040587116870002715,-7.092405780602517,-4.811105728149414,-0.0,0.4737259791564777,5.0,0.2362855115697603,0.22262257033453137,0.5742449605310638,544,1400,4,34.429055879941174,dumbbell,4,0,C05,pca_denoise
-0.07696555465207221,-0.08950712010137758,0.028143627086325014,-7.0800949901861525,-3.689772129058838,-0.125,0.08582163280941696,5.0,0.146461365622475,0.2674478224589579,0.5015409920857715,208,1400,4,-23.904740663319068,dumbbell,4,0,C05,diffdist_t4
-0.07263363803082583,-0.1261671024360977,0.022570013050287226,-7.113690046093408,-3.8538997173309326,-0.375,0.0601130667546983,5.0,0.17619412160869646,0.26575081150691365,0.5393133231699158,362,1400,4,-18.815015537403607,dumbbell,4,0,C05,diffdist_t4
-0.06330194348012702,-0.07992739561453664,0.02464854262306904,-7.105381573348708,-3.779548406600952,-0.5625,0.303698666430272,5.0,0.16898736553256563,0.287391534181884,0.5277562614633379,1088,1400,4,-7.813635606929903,dumbbell,4,0,C05,diffdist_t4
-0.08169484882516638,-0.06311460932564333,0.029244491692756447,-7.119850342566096,-3.6524910926818848,-0.625,0.23618049165536922,5.0,0.16185190709668668,0.2631170154031599,0.5562022602849114,915,1400,4,3.6191873761399993,dumbbell,4,0,C05,diffdist_t4
-0.05315895971771023,-0.06269854564713571,0.024336698794943552,-7.035430666487014,-4.2107930183410645,-0.0,0.6935527801813801,5.0,0.17482930376149708,0.23185035807566173,0.4730993656206762,361,1400,4,11.714458782310004,dumbbell,4,0,C05,diffdist_t4
-0.07304532635234337,-0.10145490144760015,0.027098486574264762,-6.958874501253616,-4.907772064208984,-0.0,0.88360434315881,5.0,0.21273514029156204,0.21147153056602136,0.39328440838088413,813,1400,4,13.17250244118475,dumbbell,4,0,C05,diffdist_t4
-0.06440019026892818,-0.08358102028799767,0.027890984628109027,-7.096179027692235,-3.4002668857574463,-0.4375,0.36713303571624123,5.0,0.1553150029199203,0.2897350984295851,0.5540698320560807,774,1400,4,14.669007691509492,dumbbell,4,0,C05,diffdist_t4
-0.0589641498700915,-0.06099722946712609,0.035617792011739355,-6.984666870526399,-4.781625747680664,-0.0,0.7391091719595086,5.0,0.20338300970192627,0.22616596880400158,0.43185743578826447,1208,1400,4,16.82071651515401,dumbbell,4,0,C05,diffdist_t4
-0.08159432327888796,-0.08279246163812332,0.045306683804328625,-6.984472931503733,-4.680986404418945,-0.0,0.8407922052275529,5.0,0.20163169539639927,0.20440845114581055,0.4272203298921846,1283,1400,4,18.57494358669726,dumbbell,4,0,C05,diffdist_t4
-0.05714039245757422,-0.06384021298559169,0.054701343689003534,-7.007457542784184,-4.805293083190918,-0.0,0.8163039492857475,5.0,0.21875408590637396,0.21976751489130716,0.4410065779859895,218,1400,4,20.05605537357353,dumbbell,4,0,C05,diffdist_t4
-0.03466354202682222,-0.06098972296651913,0.030359755589441737,-7.038654319636947,-4.295835018157959,-0.0,0.6866978742968552,5.0,0.19930127635476527,0.24091107924967167,0.4807241938574895,431,1400,4,21.90370296585198,dumbbell,4,0,C05,diffdist_t4
-0.057797270449476544,-0.08423504001047044,0.04758334269062423,-6.9489833598428055,-4.669374465942383,-0.0,0.9352059382452866,5.0,0.1834631531184275,0.20294028601344058,0.4199156621163283,564,1400,4,23.736312902586512,dumbbell,4,0,C05,diffdist_t4
-0.06094859904524429,-0.06490875506394961,0.05583969505620198,-6.965598638650873,-4.60308313369751,-0.0,0.8354427533397415,5.0,0.19067528051506122,0.21262032981404735,0.4515737102859113,1026,1400,4,25.138502510598045,dumbbell,4,0,C05,diffdist_t4
-0.04114008184862494,-0.057252063509574076,0.04117162220187798,-7.009601947314371,-4.623880386352539,-0.0,0.71104495489228,5.0,0.21038967513172113,0.23480575063022419,0.45563687763190935,693,1400,4,26.45308691767381,dumbbell,4,0,C05,diffdist_t4
-0.05064005854113608,-0.05799198224775491,0.03749546182797702,-6.9833920279160075,-4.889979839324951,-0.0,0.751657974904671,5.0,0.2208979834521793,0.22618744966760476,0.43672959674588646,625,1400,4,27.98331129289876,dumbbell,4,0,C05,diffdist_t4
-0.05881064485091748,-0.07728361169682764,0.04444658380591843,-7.000741649257894,-4.571518898010254,-0.0,0.8607269332391456,5.0,0.20744343141252305,0.2362321994642006,0.47866542288035735,823,1400,4,29.13634847296726,dumbbell,4,0,C05,diffdist_t4
-0.06218933169929643,-0.10974862184685458,0.03253494027571905,-7.007339276880978,-4.670389175415039,-0.0,0.6406083620465446,5.0,0.2111602371801803,0.21503643348741647,0.408190918523595,246,1400,4,30.30802790209229,dumbbell,4,0,C05,diffdist_t4
-0.08195090342239493,-0.08352332221456496,0.03927182760983642,-7.029044734222127,-4.023213863372803,-0.0,0.6127629954942244,5.0,0.20253089633392332,0.23834575707785827,0.5090066091141863,1046,1400,4,31.207228531085526,dumbbell,4,0,C05,diffdist_t4
-0.05087344405703107,-0.06936353545913738,0.016911377832657712,-7.119728825492609,-3.748554229736328,-0.4375,0.1452901013021275,5.0,0.1626180672126533,0.288210596719014,0.5112905898530085,65,1400,4,32.2553237960434,dumbbell,4,0,C05,diffdist_t4
-0.04512569231845958,-0.06349227097492469,0.038329074487767414,-7.0527454442993935,-4.097026824951172,-0.0,0.4546458919255662,5.0,0.17988035917493855,0.2818554425298791,0.5090553946308257,389,1400,4,32.98510123751269,dumbbell,4,0,C05,diffdist_t4
-0.05161667350007392,-0.06337968303338795,0.036624307473873456,-7.00480531621177,-4.63707160949707,-0.0,0.7691764676500473,5.0,0.2142984742362492,0.23758859024171494,0.457705567008722,634,1400,4,33.627073289551745,dumbbell,4,0,C05,diffdist_t4
-0.07375345806702567,-0.09996181846205707,0.037038680644322274,-7.110659068677701,-3.7736055850982666,-0.625,0.19175072848418465,5.0,0.1771187765763816,0.2713813480135929,0.5219911609307423,64,1400,4,34.08641987865326,dumbbell,4,0,C05,diffdist_t4
-0.08257772194193688,-0.07677853754637613,0.023519493359409477,-7.122527824683811,-3.1890039443969727,-0.625,0.0352129139159293,5.0,0.13580007645034475,0.3276301139986954,0.5527699706586858,599,1400,4,34.333928539127236,dumbbell,4,0,C05,diffdist_t4
-0.045071411942911116,-0.06872756466096007,0.02538606854229912,-7.05353814354951,-4.192969799041748,-0.0,0.5187658823205095,5.0,0.1899868929498043,0.2687025811728391,0.48831567303186985,544,1400,4,34.429055879941174,dumbbell,4,0,C05,diffdist_t4
-0.059897063837144944,-0.05156831087045372,0.012165314965468136,-6.564843404896048,-5.040563106536865,-0.0,0.23447697481718893,5.0,0.11738980527848579,0.0974128485172863,0.21331013372496824,208,1400,4,-23.904740663319068,dumbbell,4,0,C05,diffdist_t8
-0.065478330089048,-0.03325269047492589,0.020390576674130093,-6.456522612336792,-4.834146499633789,-0.0,0.27075739689472406,5.0,0.12052131262303864,0.09602671195703731,0.24504060032296707,362,1400,4,-18.815015537403607,dumbbell,4,0,C05,diffdist_t8
-0.06249689711826753,-0.038079260816405607,0.01786154362126875,-6.471311234155204,-4.957643508911133,-0.0,0.20864186972404208,5.0,0.1348739148295304,0.10630821429130455,0.23414346788018903,1088,1400,4,-7.813635606929903,dumbbell,4,0,C05,diffdist_t8
-0.049918184771382657,-0.025367025281109564,0.013616468389342223,-6.488418297423048,-4.608901500701904,-0.0,0.16701482123246555,5.0,0.11510138366547817,0.10369951997060892,0.2872976587252018,915,1400,4,3.6191873761399993,dumbbell,4,0,C05,diffdist_t8
-0.12750077379018346,-0.0911144298771435,0.018075333683886415,-6.624697530456733,-5.576134204864502,-0.0625,0.3398459454835725,5.0,0.1283212029082671,0.08889810021647858,0.18261315528571262,361,1400,4,11.714458782310004,dumbbell,4,0,C05,diffdist_t8
-0.11307337450943321,-0.0629179568560125,0.018652439808061808,-6.229439283735125,-5.441387176513672,-0.0,0.5915858772725727,5.0,0.1096403883645814,0.07098252941496774,0.15090717281523755,813,1400,4,13.17250244118475,dumbbell,4,0,C05,diffdist_t8
-0.059382632173490435,-0.04461618164918052,0.019311414572448476,-6.540140775405668,-4.953148365020752,-0.0,0.29359771185606875,5.0,0.12512004017200035,0.10664425299615109,0.228332901548284,774,1400,4,14.669007691509492,dumbbell,4,0,C05,diffdist_t8
-0.11475470070520985,-0.08354001675346698,0.014861275442920891,-6.418958651829213,-5.6690673828125,-0.125,0.3438165513012056,5.0,0.12950352899179374,0.08192396026647221,0.16402845269733884,1208,1400,4,16.82071651515401,dumbbell,4,0,C05,diffdist_t8
-0.06725256927198099,-0.056162995918021465,0.024623588703698858,-6.238173976585417,-4.971392631530762,-0.0,0.7138650045349741,5.0,0.0975117306972095,0.06747964220851646,0.22612515737755692,1283,1400,4,18.57494358669726,dumbbell,4,0,C05,diffdist_t8
-0.08646532691204951,-0.09040044934715111,0.015573002057931544,-6.523052421638836,-5.8109307289123535,-0.0,0.5302872920728778,5.0,0.12954555558232847,0.08183914123739865,0.1478204733879212,218,1400,4,20.05605537357353,dumbbell,4,0,C05,diffdist_t8
-0.062072258730268504,-0.09656273085284195,0.01570887743990526,-6.622222543652399,-5.61168909072876,-0.0,0.26896765718403004,5.0,0.13181888492598448,0.08304465872036272,0.17259919876583935,431,1400,4,21.90370296585198,dumbbell,4,0,C05,diffdist_t8
-0.059073644658921357,-0.04758222090421498,0.01720504913402781,-6.055209370733481,-4.959338188171387,-0.0,0.5407561679357312,5.0,0.09382630761264431,0.05914319986196218,0.19471430886562144,564,1400,4,23.736312902586512,dumbbell,4,0,C05,diffdist_t8
-0.049693828699679296,-0.05564337069528726,0.021726543735344394,-6.20678546553501,-5.379642963409424,-0.0,0.6082631299101194,5.0,0.11674881065708331,0.07120220588931066,0.17767066472732665,1026,1400,4,25.138502510598045,dumbbell,4,0,C05,diffdist_t8
-0.07404899659236612,-0.08959821676986494,0.025529149369327188,-6.57504412252894,-5.870455741882324,-0.25,0.2923564788825697,5.0,0.13658892825290708,0.08469548240548509,0.1687189392719262,693,1400,4,26.45308691767381,dumbbell,4,0,C05,diffdist_t8
-0.07738667649442119,-0.09051757772931177,0.01290667696406873,-6.408585139886366,-5.621957778930664,-0.0625,0.4265785745507271,5.0,0.12440988054332994,0.0813296424705293,0.14996006704050327,625,1400,4,27.98331129289876,dumbbell,4,0,C05,diffdist_t8
-0.09889426532655587,-0.08238375706343183,0.022925374013564235,-6.480841214524226,-5.755492210388184,-0.0,0.3396357387884624,5.0,0.13397713627686964,0.0803297367341926,0.16029109987554382,823,1400,4,29.13634847296726,dumbbell,4,0,C05,diffdist_t8
-0.10280087347893642,-0.08181806229397673,0.023851071099509673,-6.532340179949105,-5.80853271484375,-0.0625,0.4043633122947534,5.0,0.1247602818835694,0.07408800959221273,0.15612255690206078,246,1400,4,30.30802790209229,dumbbell,4,0,C05,diffdist_t8
-0.08775854838283867,-0.08209511059856539,0.024616179283725073,-6.619391303162601,-5.4947309494018555,-0.0,0.27915681169402723,5.0,0.12321643122305473,0.09125722428164706,0.19523745185031252,1046,1400,4,31.207228531085526,dumbbell,4,0,C05,diffdist_t8
-0.06302026104796123,-0.03217934197424478,0.005680335110798495,-6.501066863296289,-4.66100549697876,-0.0,0.15862210425864934,5.0,0.11525629054036242,0.0981373331430356,0.26796274636796774,65,1400,4,32.2553237960434,dumbbell,4,0,C05,diffdist_t8
-0.09006867582520042,-0.07961224252791572,0.019511784266369986,-6.623625986220483,-5.428196907043457,-0.0625,0.17890230908196558,5.0,0.12971420978448367,0.09824649408889037,0.1995565425330234,389,1400,4,32.98510123751269,dumbbell,4,0,C05,diffdist_t8
-0.10567639027553219,-0.08609947284180669,0.015738002381295732,-6.503723780243173,-5.504169940948486,-0.0,0.49644017200553847,5.0,0.12283378168022381,0.07715977290682263,0.18038659688676723,634,1400,4,33.627073289551745,dumbbell,4,0,C05,diffdist_t8
-0.057420743358860875,-0.03514682988958292,0.014061391844026692,-6.468220528148477,-4.92392110824585,-0.0,0.3015612187285288,5.0,0.12878471714506606,0.10270527994247544,0.236961504685092,64,1400,4,34.08641987865326,dumbbell,4,0,C05,diffdist_t8
-0.05266741061517792,-0.031927509767491626,0.019434352537735223,-6.453727018310635,-4.729310035705566,-0.0,0.2623484953075701,5.0,0.12769019838783716,0.10750382624031951,0.2617390718116822,599,1400,4,34.333928539127236,dumbbell,4,0,C05,diffdist_t8
-0.08971455808917776,-0.07182919908060108,0.017275479899515254,-6.6148799161610805,-5.25509786605835,-0.0625,0.22097894571164312,5.0,0.12214507266913192,0.09504232316151666,0.21273629563018023,544,1400,4,34.429055879941174,dumbbell,4,0,C05,diffdist_t8
-5.394757513914929,-5.69283412034856,1.5202849174000832e-08,-7.158263510136881,-3.8655791456676525e-08,-1.0,0.9999999998071408,4.0,0.0,0.8793021661706006,0.9185269590309534,208,1400,4,-23.904740663319068,dumbbell,4,0,C05,heatgeo_t
-4.861168112608615,-5.013611658456957,6.241738764733995e-09,-7.158267080247184,-3.8655791456676525e-08,-1.0,0.9999999997795019,5.0,0.0,0.8884932900348165,0.9195990809414363,362,1400,4,-18.815015537403607,dumbbell,4,0,C05,heatgeo_t
-4.742494153377333,-5.035802814846883,2.203178821325036e-08,-7.158265091024248,-3.8655791456676525e-08,-1.0,0.9999999998528135,5.0,0.0,0.8839311460825879,0.9177260993301958,1088,1400,4,-7.813635606929903,dumbbell,4,0,C05,heatgeo_t
-5.0871700789096455,-5.366797700368555,0.0,-7.158261786832917,-3.8655791456676525e-08,-1.0,0.999999999736285,4.0,0.0,0.8793349006473224,0.9182927191123411,915,1400,4,3.6191873761399993,dumbbell,4,0,C05,heatgeo_t
-5.444239834815141,-5.696234925538978,5.0649764868349045e-09,-7.158256230411754,-3.8655791456676525e-08,-1.0,0.9999999997420639,5.0,0.0,0.8733877434666482,0.9192892041786807,361,1400,4,11.714458782310004,dumbbell,4,0,C05,heatgeo_t
-5.014127006694626,-5.352880202539709,7.425625352108778e-08,-7.158255759909597,-8.8520425833849e-07,-1.0,0.9999999997311569,4.0,2.1414363038740027e-08,0.8752406379893478,0.9166152143005415,813,1400,4,13.17250244118475,dumbbell,4,0,C05,heatgeo_t
-5.156010396322626,-5.454264391296729,1.1015472978215257e-09,-7.158259212150768,-3.8655791456676525e-08,-1.0,0.9999999997764477,5.0,0.0,0.8753810706213818,0.917407593877541,774,1400,4,14.669007691509492,dumbbell,4,0,C05,heatgeo_t
-5.371269635539612,-5.67698727406555,1.706152560898566e-08,-7.158247785516754,-3.8655791456676525e-08,-1.0,0.9999999996842832,5.0,0.0,0.8728704495989154,0.9119706113287985,1208,1400,4,16.82071651515401,dumbbell,4,0,C05,heatgeo_t
-5.370584579129432,-5.593517806430379,2.0495974709100473e-08,-7.158234171575855,-3.8655791456676525e-08,-1.0,0.999999999567817,5.0,0.0,0.8750926034125714,0.9128295757681212,1283,1400,4,18.57494358669726,dumbbell,4,0,C05,heatgeo_t
-5.250085120689618,-5.4518060020034325,1.683907772248583e-08,-7.158253262390503,-3.8655791456676525e-08,-1.0,0.9999999998026521,4.0,0.0,0.8674007287430406,0.916789353591446,218,1400,4,20.05605537357353,dumbbell,4,0,C05,heatgeo_t
-5.357810892942093,-5.619706072241459,3.430272148274849e-08,-7.1582533678827724,-7.51561856304761e-07,-1.0,0.9999999998243427,4.0,1.7929286889997314e-08,0.8727533714499544,0.919596798259145,431,1400,4,21.90370296585198,dumbbell,4,0,C05,heatgeo_t
-5.3604503057543305,-5.583693488279485,1.2596565499012335e-08,-7.158227503930306,-3.8655791456676525e-08,-1.0,0.9999999996657187,4.0,0.0,0.8737250853986289,0.9139552749568094,564,1400,4,23.736312902586512,dumbbell,4,0,C05,heatgeo_t
-5.081483701197793,-5.374700388670481,1.1501205033487283e-07,-7.158232165203856,-3.474521690804977e-06,-1.0,0.999999999652294,4.0,8.07437854461092e-08,0.8644024753000765,0.9122849584298905,1026,1400,4,25.138502510598045,dumbbell,4,0,C05,heatgeo_t
-5.213891489099038,-5.686827559989527,8.03806892782366e-08,-7.158249732355692,-1.5606435681547737e-06,-1.0,0.9999999997939024,5.0,3.836750568742267e-08,0.8689448390510626,0.9129248378132225,693,1400,4,26.45308691767381,dumbbell,4,0,C05,heatgeo_t
-5.241560701479754,-5.552689350585824,5.288013772003497e-08,-7.158239686252481,-1.4961145780034713e-06,-1.0,0.9999999997468343,4.0,3.6681599491258925e-08,0.8673933341024344,0.9153911746390435,625,1400,4,27.98331129289876,dumbbell,4,0,C05,heatgeo_t
-5.479955526560507,-5.638909480829681,9.620243874436385e-08,-7.158237924891706,-2.7952623895544093e-06,-1.0,0.9999999997247621,5.0,6.373983917257186e-08,0.8625877616939683,0.9193770773401034,823,1400,4,29.13634847296726,dumbbell,4,0,C05,heatgeo_t
-5.410388543108992,-5.990665489930422,4.17438544841886e-09,-7.158254380037044,-3.8655791456676525e-08,-1.0,0.9999999998220912,5.0,0.0,0.8815817934068311,0.9162957897475956,246,1400,4,30.30802790209229,dumbbell,4,0,C05,heatgeo_t
-5.274563624408878,-5.637085178271952,1.3604794364685535e-07,-7.158249868491163,-1.9165729554515565e-06,-1.0,0.9999999997729956,4.0,4.768325734381756e-08,0.8675833942462611,0.9152461779633954,1046,1400,4,31.207228531085526,dumbbell,4,0,C05,heatgeo_t
-4.89193798255361,-5.039890337247636,2.9521659630771246e-09,-7.158267924436694,-3.8655791456676525e-08,-1.0,0.9999999997200419,5.0,0.0,0.8909685886151313,0.9196514754026348,65,1400,4,32.2553237960434,dumbbell,4,0,C05,heatgeo_t
-5.154917861085782,-5.34884645739411,9.014177335120444e-09,-7.158253725417749,-3.8655791456676525e-08,-1.0,0.9999999997974547,4.0,0.0,0.8712394627832375,0.9175711636204218,389,1400,4,32.98510123751269,dumbbell,4,0,C05,heatgeo_t
-5.384085999493099,-5.569191206222861,5.156286782270758e-08,-7.15825258072516,-7.521848601754755e-07,-1.0,0.9999999997113862,4.0,1.794548563155025e-08,0.8719956277460299,0.9159518097873418,634,1400,4,33.627073289551745,dumbbell,4,0,C05,heatgeo_t
-5.441152030722715,-5.579107151079105,0.0,-7.158261980044074,-3.8655791456676525e-08,-1.0,0.9999999998241008,5.0,0.0,0.8771688793216087,0.9192851881976297,64,1400,4,34.08641987865326,dumbbell,4,0,C05,heatgeo_t
-5.227387112189712,-5.109906153241155,3.35340636509196e-09,-7.15826126112777,-3.8655791456676525e-08,-1.0,0.9999999997227682,5.0,0.0,0.8759726404175453,0.9188536063894055,599,1400,4,34.333928539127236,dumbbell,4,0,C05,heatgeo_t
-5.140026478700446,-5.462636325918446,3.173952994178775e-08,-7.158255639191658,-7.851419923099456e-07,-1.0,0.9999999998175795,4.0,1.8802919346070346e-08,0.8731845228462768,0.9178363799426593,544,1400,4,34.429055879941174,dumbbell,4,0,C05,heatgeo_t
-4.983508341382052,-5.142305667080799,8.830668134923725e-08,-7.1582608193120025,-3.8655791456676525e-08,-0.0,0.9999999995930591,4.0,0.0,0.8666414102748393,0.9102219019824458,208,1400,4,-23.904740663319068,dumbbell,4,0,C05,heatgeo_4t
-4.468555649556076,-4.5124507427112945,4.897131479497663e-08,-7.158264983786619,-3.8655791456676525e-08,-0.0,0.999999999482797,5.0,0.0,0.8768769797836832,0.9114055273329782,362,1400,4,-18.815015537403607,dumbbell,4,0,C05,heatgeo_4t
-4.353830168490337,-4.532009577647916,8.727324769808309e-08,-7.158262651075168,-3.8655791456676525e-08,-0.0,0.9999999996504028,5.0,0.0,0.8717966660094066,0.9093293906548112,1088,1400,4,-7.813635606929903,dumbbell,4,0,C05,heatgeo_4t
-4.687240349682033,-4.839583458788085,5.6709501761176284e-08,-7.158258848114099,-1.4876835621180362e-06,-0.0,0.9999999993849302,4.0,3.6298444804718154e-08,0.8666777456095286,0.9099611697108235,915,1400,4,3.6191873761399993,dumbbell,4,0,C05,heatgeo_4t
-5.030420119462539,-5.143004811523573,1.552711802466078e-07,-7.15825271319466,-4.004990387329599e-06,-0.0,0.9999999994034994,5.0,9.347524308889165e-08,0.8600451108586402,0.9110600261951829,361,1400,4,11.714458782310004,dumbbell,4,0,C05,heatgeo_4t
-4.60793130774131,-4.814699737977783,2.967081499521962e-07,-7.158251599949725,-4.476351023185998e-06,-0.0,0.9999999993599195,4.0,1.0661514964929135e-07,0.8621049335058881,0.9080884303130268,813,1400,4,13.17250244118475,dumbbell,4,0,C05,heatgeo_4t
-4.755166757963578,-4.921093005734429,1.0915567584535157e-07,-7.158255828010725,-3.593686642489047e-06,-0.0,0.999999999479597,5.0,8.34737808950296e-08,0.8622695514907736,0.9089836000364944,774,1400,4,14.669007691509492,dumbbell,4,0,C05,heatgeo_4t
-4.955808770995718,-5.118239395454526,1.270221448787523e-07,-7.158243063476469,-7.367800094471022e-07,-0.0,0.9999999992977564,5.0,1.7465743649661178e-08,0.8594665420384019,0.9029424155985243,1208,1400,4,16.82071651515401,dumbbell,4,0,C05,heatgeo_4t
-4.9570322116733605,-5.040772993835594,1.3676635015474892e-07,-7.158229927711416,-9.069237876246916e-07,-0.0,0.9999999990170456,5.0,2.188320306090503e-08,0.8619412394896924,0.9038935805363627,1283,1400,4,18.57494358669726,dumbbell,4,0,C05,heatgeo_4t
-4.837639154499671,-4.909686376772002,1.7088586184293986e-07,-7.158248854494847,-3.3810663353506243e-06,-0.0,0.9999999996851834,5.0,7.795014864033924e-08,0.8533615793634526,0.9082890008341629,218,1400,4,20.05605537357353,dumbbell,4,0,C05,heatgeo_4t
-4.944302660489943,-5.070382858639984,2.3676164009195366e-07,-7.158249393487823,-5.7013326113519724e-06,-0.0,0.9999999995831983,4.0,1.3696203569369907e-07,0.8593358944600319,0.9114108264615866,431,1400,4,21.90370296585198,dumbbell,4,0,C05,heatgeo_4t
-4.944333349699384,-5.029362599908657,2.0919172649680462e-07,-7.158222940846878,-4.593168341671117e-06,-0.0,0.9999999992564799,4.0,1.0876324751663605e-07,0.8604184341137077,0.9051355009440604,564,1400,4,23.736312902586512,dumbbell,4,0,C05,heatgeo_4t
-4.673262678132715,-4.836192058559881,4.0780001555468237e-07,-7.158226556393606,-1.1439164154580794e-05,-0.0,0.9999999991959466,4.0,2.714684217568758e-07,0.8500127468730508,0.9032892258314594,1026,1400,4,25.138502510598045,dumbbell,4,0,C05,heatgeo_4t
-4.803813065903801,-5.127886585953104,3.1326577828311164e-07,-7.158245301856175,-7.05726688465802e-06,-0.0,0.9999999995185809,5.0,1.6544191721981037e-07,0.8550842160384996,0.9040051747436706,693,1400,4,26.45308691767381,dumbbell,4,0,C05,heatgeo_4t
-4.831412499768393,-5.00440701833486,2.427526555534576e-07,-7.158234920478092,-6.67100584905711e-06,-0.0,0.9999999994224514,4.0,1.5537108183460062e-07,0.8533549572010397,0.9067301994161061,625,1400,4,27.98331129289876,dumbbell,4,0,C05,heatgeo_4t
-5.059630723949434,-5.084159457383338,4.966094990441206e-07,-7.158232990411359,-1.4279061360866763e-05,-0.0,0.9999999993493889,5.0,3.426142617751772e-07,0.8479845008293402,0.911160298268171,823,1400,4,29.13634847296726,dumbbell,4,0,C05,heatgeo_4t
-4.992376098065226,-5.411426075729213,8.485674225094941e-08,-7.158250893072542,-3.8655791456676525e-08,-0.0,0.9999999995836001,5.0,0.0,0.8691720511940246,0.9077388777497278,246,1400,4,30.30802790209229,dumbbell,4,0,C05,heatgeo_4t
-4.861592626668128,-5.0824479045699515,4.4571733936321634e-07,-7.15824530263722,-8.804589015198871e-06,-0.0,0.9999999994785751,4.0,2.105316930590128e-07,0.8535631350727088,0.9065757800600692,1046,1400,4,31.207228531085526,dumbbell,4,0,C05,heatgeo_4t
-4.5024530025270515,-4.539196709442649,2.254847442789698e-08,-7.158266003330812,-3.8655791456676525e-08,-0.0,0.9999999993526432,5.0,0.0,0.8796315280046463,0.9114684555822683,65,1400,4,32.2553237960434,dumbbell,4,0,C05,heatgeo_4t
-4.748183125513256,-4.81723282406886,1.4157006018866714e-07,-7.158249728611818,-3.4320473787374794e-06,-0.0,0.9999999996243802,4.0,7.930708321346046e-08,0.8576473069244255,0.9091467590418835,389,1400,4,32.98510123751269,dumbbell,4,0,C05,heatgeo_4t
-4.966861467934845,-5.017395810607302,2.1500314229677686e-07,-7.158248252921302,-3.0513162982970243e-06,-0.0,0.9999999992993158,4.0,7.011221849846589e-08,0.8584915843179194,0.9073497193131893,634,1400,4,33.627073289551745,dumbbell,4,0,C05,heatgeo_4t
-5.032903986327178,-5.037558380980393,4.886064921411082e-08,-7.158259099535899,-1.5137361515371595e-06,-0.0,0.9999999995755757,5.0,3.697230285033875e-08,0.8642630762058592,0.9110599737175472,64,1400,4,34.08641987865326,dumbbell,4,0,C05,heatgeo_4t
-4.826600720245322,-4.604059054486583,5.4776845184734135e-08,-7.158258200198876,-7.639025056960236e-07,-0.0,0.9999999993483647,5.0,1.8167544650096048e-08,0.8629299388632531,0.9105828694346771,599,1400,4,34.333928539127236,dumbbell,4,0,C05,heatgeo_4t
-4.73401688350076,-4.9236878660619245,1.9169547921943364e-07,-7.1582517364469656,-5.2144496294204146e-06,-0.0,0.9999999995725097,4.0,1.2431016176806034e-07,0.8598162749865723,0.9094495823245106,544,1400,4,34.429055879941174,dumbbell,4,0,C05,heatgeo_4t
-0.03242311929464065,-0.029549760977012684,0.02340637511729637,-7.0820992927540605,-4.799437046051025,-0.0,0.3845658455485066,2.0,0.22288679399124658,0.18691783844539908,0.5432973286070681,208,1400,4,-23.904740663319068,dumbbell,4,0,C05,fb_potential
-0.0007615138561190924,0.00820583181674251,-0.029627386194288324,-7.107144863966161,-4.97471809387207,-0.5,0.3358062794276909,4.0,0.25473658490692336,0.23771338256383157,0.5928949631832786,362,1400,4,-18.815015537403607,dumbbell,4,0,C05,fb_potential
-0.031113617598042046,-0.00857676616500199,-0.06718124947594495,-7.092968355884667,-4.921178340911865,-0.125,0.4204785784169525,3.0,0.262174731541825,0.23521270741937902,0.5938787288341535,1088,1400,4,-7.813635606929903,dumbbell,4,0,C05,fb_potential
-0.02569815812044623,-0.005924829185992296,0.006094988865884332,-7.094871018197283,-4.923006057739258,-0.6875,0.38225961693818544,4.0,0.25609614886485527,0.2130351252211003,0.5711575977648318,915,1400,4,3.6191873761399993,dumbbell,4,0,C05,fb_potential
-0.0032289037486829225,-0.01095468596787123,0.059443922277470265,-7.081553231982395,-4.8605852127075195,-0.0,0.33522598463094344,4.0,0.24131642393242997,0.19121098116561996,0.544098025316555,361,1400,4,11.714458782310004,dumbbell,4,0,C05,fb_potential
-0.011196114475741948,-0.00861684983774217,0.067126251438348,-7.067513447865953,-4.8804731369018555,-0.0,0.3896121428035618,3.0,0.2518284816437184,0.20635739173826387,0.5420871046962885,813,1400,4,13.17250244118475,dumbbell,4,0,C05,fb_potential
-0.03807888778474221,-0.003925259541647062,0.012396141534775095,-7.09798845881171,-4.859961032867432,-0.1875,0.3777339387609864,1.0,0.23984757423839342,0.21884433662452787,0.5740415598202508,774,1400,4,14.669007691509492,dumbbell,4,0,C05,fb_potential
-0.03858413822653147,-0.00020388216866354503,0.036428191929424335,-7.068462549472169,-4.827000617980957,-0.0,0.35433022135159353,3.0,0.23479492520934175,0.1882482982392222,0.5619878249607276,1208,1400,4,16.82071651515401,dumbbell,4,0,C05,fb_potential
-0.0700774443517345,0.0024056862093892076,0.02138412737527881,-7.080733580980919,-5.001919269561768,-0.0,0.4420620842836611,5.0,0.24095183086636462,0.1880443666905054,0.5259822754020769,1283,1400,4,18.57494358669726,dumbbell,4,0,C05,fb_potential
-0.00726650912863961,-0.03634757645471434,0.03270127994759818,-7.089277904646739,-5.086629867553711,-0.0,0.29309231839090266,4.0,0.26158894201092336,0.19280524521332348,0.5265464766778559,218,1400,4,20.05605537357353,dumbbell,4,0,C05,fb_potential
-0.006467682945256265,0.008104160965737277,0.017840420748663967,-7.083845234286057,-4.8152337074279785,-0.125,0.42218851118478323,4.0,0.23490630843575583,0.19546211840105965,0.5561398486958234,431,1400,4,21.90370296585198,dumbbell,4,0,C05,fb_potential
0.002263861712120996,0.013079174627775325,0.044602340614388225,-7.061675775657202,-4.8681488037109375,-0.0,0.36662496188967725,4.0,0.23083538421675387,0.19058911431190104,0.5224299829615033,564,1400,4,23.736312902586512,dumbbell,4,0,C05,fb_potential
0.028299037848930363,0.03300273987968015,0.001670416215392951,-7.025144525654003,-4.375846862792969,-0.0,0.4066675829626164,2.0,0.199155893728485,0.1736719395811885,0.5673313150030717,1026,1400,4,25.138502510598045,dumbbell,4,0,C05,fb_potential
-0.024727530268867128,0.006779955979357106,0.05426635705103399,-7.083709820308951,-4.797853946685791,-0.0,0.35148084623290243,4.0,0.21536939321741982,0.20203052901879198,0.5467117018714844,693,1400,4,26.45308691767381,dumbbell,4,0,C05,fb_potential
-0.0030960748892164573,0.0008146366150804507,0.05963682362723548,-7.0617640822643235,-4.826598167419434,-0.0625,0.3776125877638968,4.0,0.24049236703485807,0.20266768811113228,0.5534438077583079,625,1400,4,27.98331129289876,dumbbell,4,0,C05,fb_potential
0.03316154988635942,0.01565924296179007,0.0119243648390236,-7.07664340054662,-4.88181209564209,-0.0,0.39654933623561556,4.0,0.2423992484139662,0.1887783941443303,0.5465166163485452,823,1400,4,29.13634847296726,dumbbell,4,0,C05,fb_potential
-0.025177816723918577,-0.000982593876951166,0.02814354678848082,-7.078628047007521,-4.8638434410095215,-0.0,0.34101059938776035,1.0,0.2374665648370822,0.18358922783881798,0.5345990402184649,246,1400,4,30.30802790209229,dumbbell,4,0,C05,fb_potential
0.02923788974357911,0.01162377573893728,0.053891224247216506,-7.0839221715141125,-5.045937538146973,-0.0,0.337869782150513,4.0,0.260453275549689,0.19071900199732753,0.5398521781796991,1046,1400,4,31.207228531085526,dumbbell,4,0,C05,fb_potential
-0.07067000343469218,-0.026147325745645825,-0.0649171749874562,-7.110834305476423,-5.065896034240723,-0.625,0.35675434047884125,2.0,0.25532493555503133,0.24476172073453964,0.5751929270050652,65,1400,4,32.2553237960434,dumbbell,4,0,C05,fb_potential
0.010462692605042723,-0.003364272025517987,0.04039641312429995,-7.087612721788061,-5.007376194000244,-0.0,0.415355615164401,4.0,0.25158004433412573,0.19954560155191173,0.5489282356612097,389,1400,4,32.98510123751269,dumbbell,4,0,C05,fb_potential
0.012646396423241278,-0.006990782373548042,0.014979302709837237,-7.068549525324485,-4.928960800170898,-0.0625,0.29462012863055814,3.0,0.26003751519859286,0.21605918730457618,0.5556439632626826,634,1400,4,33.627073289551745,dumbbell,4,0,C05,fb_potential
-0.02165231185843796,-0.028825965370276686,0.02008396128632952,-7.094491307760478,-4.926239967346191,-0.3125,0.3749658869915391,4.0,0.2544463793185579,0.2089261024552311,0.5667408559200836,64,1400,4,34.08641987865326,dumbbell,4,0,C05,fb_potential
-0.04029051864103749,-0.027786430459199752,-0.03398639256504571,-7.082004038815174,-4.643073081970215,-0.5625,0.3631385055140829,4.0,0.23190175656067744,0.20683017240308665,0.5842974494210084,599,1400,4,34.333928539127236,dumbbell,4,0,C05,fb_potential
-0.026588596436546454,-0.007111899189876051,0.04245807607497067,-7.099604948573258,-5.038355350494385,-0.1875,0.3670820917494651,4.0,0.26871190825461433,0.2136193833276027,0.564941644344465,544,1400,4,34.429055879941174,dumbbell,4,0,C05,fb_potential
-0.31032721672288655,-0.420029011068142,0.02473260821679761,-7.134696940502378,-4.899722576141357,-0.375,0.5851335934515836,4.0,0.24385313090458752,0.28134086691013604,0.5594425384373629,208,1400,4,-23.904740663319068,dumbbell,4,0,D,plain
-0.4156452343975024,-0.5347500737512318,0.019312807110128984,-7.143016373802126,-5.612913608551025,-0.875,0.6429528665893137,2.0,0.29714496080809194,0.26478306780808897,0.5319338847409324,362,1400,4,-18.815015537403607,dumbbell,4,0,D,plain
-0.31031776629755214,-0.41370589765820226,0.015623954412559118,-7.124771732488359,-5.006965160369873,-0.0625,0.5637701537406634,1.0,0.26958054185890307,0.26987744518527756,0.5417099682828949,1088,1400,4,-7.813635606929903,dumbbell,4,0,D,plain
-0.6883037452564452,-0.6538812902564322,0.029352036513464977,-7.146664439568588,-4.784061431884766,-1.0,0.4221180303107676,1.0,0.21666080261230974,0.28943486179978695,0.5458939327881775,915,1400,4,3.6191873761399993,dumbbell,4,0,D,plain
-0.9861981989775848,-0.6002466757352442,0.01400706692580014,-7.149533136320041,-5.229184150695801,-1.0,0.5811238068172424,1.0,0.23657804951521783,0.28069860347690884,0.5309304712962468,361,1400,4,11.714458782310004,dumbbell,4,0,D,plain
-0.11233382086215397,-0.20304528698795885,-0.005781134164101162,-7.106528841048599,-3.472651958465576,-0.0,0.7825381084244067,2.0,0.1589367782382194,0.31644205550822857,0.8099075866303583,813,1400,4,13.17250244118475,dumbbell,4,0,D,plain
-0.3603671207648359,-0.4779065563496858,0.0770507341487507,-7.14309898145509,-5.065735340118408,-1.0,0.546503958279039,1.0,0.25368956557402444,0.2691157392509325,0.5360020695748586,774,1400,4,14.669007691509492,dumbbell,4,0,D,plain
-0.23853378085681434,-0.30830867144298413,0.0558601522207401,-7.101248668542925,-4.341312885284424,-0.0,0.7728723161658713,2.0,0.22182588362441355,0.2894647227117011,0.5836598921683357,1208,1400,4,16.82071651515401,dumbbell,4,0,D,plain
-0.2967113065481076,-0.4566245303298872,0.04333391834446757,-7.152234570830332,-5.592839241027832,-1.0,0.537724795936116,2.0,0.28003273548301716,0.2672965124966501,0.5218589791419643,1283,1400,4,18.57494358669726,dumbbell,4,0,D,plain
-0.33848043907459774,-0.4840542853289072,0.07138440443135093,-7.149406274322271,-4.8997673988342285,-1.0,0.406566278628591,1.0,0.22917279411984043,0.27945025524846695,0.5447406014109722,218,1400,4,20.05605537357353,dumbbell,4,0,D,plain
-0.35701814751319727,-0.4665795733192804,0.05161100168066678,-7.144435575203473,-5.069576263427734,-1.0,0.4886348619594287,1.0,0.2589175349615498,0.270059986656967,0.5557004064059823,431,1400,4,21.90370296585198,dumbbell,4,0,D,plain
-0.16366864575824244,-0.21078496487187662,0.012148855985573323,-7.117108716457288,-3.903231382369995,-0.0625,0.6949631156304575,1.0,0.1839231102055589,0.3023116769909266,0.7976487150878859,564,1400,4,23.736312902586512,dumbbell,4,0,D,plain
-0.25567187721877044,-0.2710749193320556,-0.025620111687973582,-7.142036849844317,-4.606993198394775,-0.875,0.5805112461432955,3.0,0.2069772191418199,0.2896171541071763,0.5712290027723456,1026,1400,4,25.138502510598045,dumbbell,4,0,D,plain
-0.29336833215123753,-0.47777668968795,0.04827715789881588,-7.148699290859723,-4.861030578613281,-1.0,0.4649648461040159,1.0,0.21409285480388962,0.2889664309626038,0.5515667577350772,693,1400,4,26.45308691767381,dumbbell,4,0,D,plain
-0.194715694894726,-0.21042873474914212,0.04358651437392274,-7.102595917237956,-4.369290828704834,-0.0,0.753145478638492,1.0,0.22625402981207315,0.2880605443290626,0.7580987336059046,625,1400,4,27.98331129289876,dumbbell,4,0,D,plain
-0.3207688832164178,-0.46808269541188136,0.031937273006068675,-7.149662679222004,-5.278987407684326,-1.0,0.6564591852562134,1.0,0.2590193133730092,0.2715720340811318,0.5337218078512723,823,1400,4,29.13634847296726,dumbbell,4,0,D,plain
-0.4103601473305676,-0.5512178949171955,0.08148646564317719,-7.14045546629137,-5.140120029449463,-1.0,0.3238260993448111,1.0,0.26733760978996457,0.2703455999074088,0.5344181984852638,246,1400,4,30.30802790209229,dumbbell,4,0,D,plain
-0.4906677089244637,-0.6201491667301544,0.07192563902615068,-7.14671725692913,-5.613056182861328,-1.0,0.38171565576145916,1.0,0.30088515277948014,0.25663779495382166,0.5098478172379154,1046,1400,4,31.207228531085526,dumbbell,4,0,D,plain
-0.27381338481168394,-0.4196178437556676,0.04103614356609618,-7.152335477792745,-5.69448184967041,-1.0,0.47709776111051644,2.0,0.29614670435748736,0.2574278811738437,0.507943773063188,65,1400,4,32.2553237960434,dumbbell,4,0,D,plain
-0.3568074465846925,-0.3945245440704643,0.06369175844570518,-7.150712689219885,-5.38532018661499,-1.0,0.5752941941828345,1.0,0.2682782736034092,0.2724983669984075,0.5278278289584983,389,1400,4,32.98510123751269,dumbbell,4,0,D,plain
-0.23577510346314703,-0.2925085602171618,0.0410679853549354,-7.0999711448243525,-4.152523994445801,-0.0,0.6971905320223106,1.0,0.22222740002684577,0.2909326341934814,0.7821787008422817,634,1400,4,33.627073289551745,dumbbell,4,0,D,plain
-0.3381525814786043,-0.3957358150404667,0.11101738150149833,-7.105296040140028,-4.136368751525879,-0.0,0.6817395525673481,4.0,0.21106762738331628,0.2868659183987558,0.7839164459937095,64,1400,4,34.08641987865326,dumbbell,4,0,D,plain
-0.4114835099766983,-0.5030902012088894,0.07271159690778085,-7.145274553677523,-5.0277252197265625,-1.0,0.5834860265735448,1.0,0.24495371600338692,0.2751088225824949,0.5370578024144155,599,1400,4,34.333928539127236,dumbbell,4,0,D,plain
-0.595871881704168,-0.69870942781437,0.0525398044485526,-7.149376649474645,-5.804965019226074,-1.0,0.4972027987747013,1.0,0.308718202168872,0.2526853775011305,0.5118884167550808,544,1400,4,34.429055879941174,dumbbell,4,0,D,plain
-0.10570001023346828,-0.09890430480857638,0.02357542964093195,-7.1056239573992155,-4.752259254455566,-0.8125,0.1856669244217734,4.0,0.2426863213785096,0.2147897482666514,0.5817626060369945,208,1400,4,-23.904740663319068,dumbbell,4,0,D,pca_denoise
-0.12308381324586044,-0.15040326543670612,0.05578596744990654,-7.1160247488816815,-5.167481422424316,-0.8125,0.23662515401836268,2.0,0.2719158527877636,0.2132359321363041,0.5400521975039484,362,1400,4,-18.815015537403607,dumbbell,4,0,D,pca_denoise
-0.06496934325088424,-0.060966692781766064,-0.002656864096134085,-7.075258697096749,-4.732343673706055,-0.4375,0.3208412762763818,2.0,0.25424373024275715,0.23772145458737567,0.5988881699598446,1088,1400,4,-7.813635606929903,dumbbell,4,0,D,pca_denoise
-0.043612608129976936,-0.09640413721532824,0.059263149004204506,-7.117951799194296,-4.597217082977295,-0.1875,0.4246371258433389,3.0,0.22312961462650244,0.2947420904206952,0.6186199569487552,915,1400,4,3.6191873761399993,dumbbell,4,0,D,pca_denoise
-0.16690244877660304,-0.2108338720861143,0.11583349683002447,-7.098309269436166,-5.211088180541992,-0.0625,0.20442353180441034,1.0,0.2639013288740041,0.2009872749241871,0.5028731080754965,361,1400,4,11.714458782310004,dumbbell,4,0,D,pca_denoise
0.010730205675887276,0.006966765871122745,-0.020213094600479646,-6.999575228221294,-4.128864765167236,-0.0,0.4858924266540777,3.0,0.22156686814138288,0.2453880258954845,0.6809332119418575,813,1400,4,13.17250244118475,dumbbell,4,0,D,pca_denoise
-0.12443761013210627,-0.1128988013874845,0.07863435641981037,-7.114912080768099,-5.130720138549805,-0.125,0.3114856189668732,2.0,0.25381807695390557,0.20427927627058343,0.5342454234246128,774,1400,4,14.669007691509492,dumbbell,4,0,D,pca_denoise
-0.006658069494617384,0.014119067077583298,0.02549163964739693,-7.0107578081615065,-4.4445414543151855,-0.0,0.5002502333088347,4.0,0.23513796393243375,0.2310480495721227,0.6318813498963637,1208,1400,4,16.82071651515401,dumbbell,4,0,D,pca_denoise
-0.1757671879210341,-0.23640002486693507,0.10568502470235883,-7.123843979874496,-5.480483531951904,-0.0,0.31760013038697515,1.0,0.267115634809704,0.18439537566375205,0.4755275915449935,1283,1400,4,18.57494358669726,dumbbell,4,0,D,pca_denoise
-0.09742231914476523,-0.14986725318343563,0.11212211756386412,-7.1204377953036015,-5.3194427490234375,-0.125,0.37780137802850017,1.0,0.2727540758666447,0.23945168137639006,0.5690088052258958,218,1400,4,20.05605537357353,dumbbell,4,0,D,pca_denoise
-0.028517484058840588,-0.07848837565753697,0.019911425094473783,-7.123152641402627,-4.915321350097656,-1.0,0.40520913900901545,1.0,0.2584116730909278,0.24348907754332283,0.5806229524490814,431,1400,4,21.90370296585198,dumbbell,4,0,D,pca_denoise
-0.03378951629254969,-0.04730625719198567,0.022586563644625926,-7.048543174019241,-4.395140647888184,-0.0,0.2792303952108598,4.0,0.2313310759984402,0.23602585803280884,0.6343466261280983,564,1400,4,23.736312902586512,dumbbell,4,0,D,pca_denoise
-0.05805448205130875,-0.033577186728994436,-0.09094794902865863,-7.088228363082466,-4.3978753089904785,-0.375,0.21671726354233573,5.0,0.22745312235261436,0.26569077373659417,0.6672543850755464,1026,1400,4,25.138502510598045,dumbbell,4,0,D,pca_denoise
-0.02519028470475717,-0.08659554332984082,0.07201663468146527,-7.133303884141646,-5.532094478607178,-0.5,0.21107105800427592,1.0,0.2864473694035816,0.2343161938635318,0.5394222886155361,693,1400,4,26.45308691767381,dumbbell,4,0,D,pca_denoise
-0.004237603992563945,-0.019835241562840705,0.05094033393280202,-7.033299154945746,-4.5441107749938965,-0.0,0.45648811111333754,4.0,0.24402703278895677,0.23814801052823803,0.6298155916052071,625,1400,4,27.98331129289876,dumbbell,4,0,D,pca_denoise
-0.10747106330939014,-0.13939356513684356,0.06999748809907874,-7.118311580004789,-5.183115005493164,-0.375,0.3467479806245592,2.0,0.25447561560417864,0.1927985053338853,0.5080934562593408,823,1400,4,29.13634847296726,dumbbell,4,0,D,pca_denoise
-0.11426519593604223,-0.1650792923886251,0.1026738535753016,-7.081308428354436,-5.167984485626221,-0.0,0.45633964966354723,4.0,0.2620938619402836,0.18914460549937162,0.5060990075737496,246,1400,4,30.30802790209229,dumbbell,4,0,D,pca_denoise
-0.2091275252194729,-0.23681698726848713,0.08684841823368503,-7.098271259798112,-5.163043022155762,-0.0,0.37917103718143014,3.0,0.2660856456328735,0.19452597480557324,0.5223507907142474,1046,1400,4,31.207228531085526,dumbbell,4,0,D,pca_denoise
-0.1381912606894585,-0.19045490426228392,0.05986767019557301,-7.1224986119123574,-5.45412540435791,-0.125,0.1818516619287494,2.0,0.26357952568921694,0.1865234265555079,0.4966809951312365,65,1400,4,32.2553237960434,dumbbell,4,0,D,pca_denoise
-0.1418784800738111,-0.1426054296763189,0.09723381861273006,-7.099395668900929,-5.134104251861572,-0.0,0.30349854576190566,3.0,0.2508288341987684,0.20482146869402884,0.5255646504332591,389,1400,4,32.98510123751269,dumbbell,4,0,D,pca_denoise
-0.037218914075501035,-0.05004865450906057,0.041136727479680356,-6.994714923858169,-4.1797990798950195,-0.0,0.41525132571127366,2.0,0.21350249104854463,0.20820166798107742,0.6579399107782642,634,1400,4,33.627073289551745,dumbbell,4,0,D,pca_denoise
-0.05053101855352409,-0.07844598892555298,0.0709539625894558,-7.0002181669848405,-4.585174083709717,-0.0,0.6266495833079944,3.0,0.23953685812211867,0.18819424359736464,0.5787731713891661,64,1400,4,34.08641987865326,dumbbell,4,0,D,pca_denoise
-0.10695737227712854,-0.16419469979302168,0.05093117033680505,-7.098560595104017,-4.534640312194824,-0.25,0.4764662609951749,1.0,0.22549722931318666,0.2836874317566476,0.628655537614799,599,1400,4,34.333928539127236,dumbbell,4,0,D,pca_denoise
-0.16163338822355666,-0.2463155632502578,0.0908494072895029,-7.119590509732852,-5.580305576324463,-0.0,0.24685989382355802,4.0,0.26807756604551736,0.19050450586157722,0.497514110141915,544,1400,4,34.429055879941174,dumbbell,4,0,D,pca_denoise
-0.004574162299837949,-0.003354179620240588,0.022678202449728232,-6.948552807027383,-5.4084930419921875,-0.0,-0.028710651069296447,5.0,0.1883567430579437,0.12549107325835787,0.3393231894743794,208,1400,4,-23.904740663319068,dumbbell,4,0,D,diffdist_t4
-0.0056237683833334625,-0.003288552742360182,0.01464555327765083,-6.851475414066992,-5.529727458953857,-0.0,0.09108634315373527,5.0,0.18448345778019365,0.11835922803727192,0.322247311183799,362,1400,4,-18.815015537403607,dumbbell,4,0,D,diffdist_t4
-0.0045949022487334805,-0.002573306113736696,0.021341379896647625,-6.942534048663238,-5.063187599182129,-0.0625,0.07338906200009634,5.0,0.20163100219438085,0.1847772901330019,0.41626507006007907,1088,1400,4,-7.813635606929903,dumbbell,4,0,D,diffdist_t4
-0.005198851187781478,-0.0030371984824889534,0.03431613825458375,-6.904006501444534,-5.439414024353027,-0.0,0.038632149245754865,5.0,0.1866726335026361,0.11187941739738494,0.2864380458570026,915,1400,4,3.6191873761399993,dumbbell,4,0,D,diffdist_t4
-0.002889838429041387,-0.002231459706304347,0.043317965488262805,-6.646204870758119,-5.100045680999756,-0.0,0.16485941083900177,5.0,0.1696527319517801,0.10032459601235201,0.3264263989301931,361,1400,4,11.714458782310004,dumbbell,4,0,D,diffdist_t4
-0.0018444410018799804,-0.0013445518921898763,0.020691955882759537,-6.544467831985321,-4.05794620513916,-0.0625,0.4402724213067368,5.0,0.18828334915976266,0.21306947614256827,0.5989622105977562,813,1400,4,13.17250244118475,dumbbell,4,0,D,diffdist_t4
-0.004683950203161155,-0.0033598162706080653,0.012414554382023152,-6.9621340521163395,-5.5029802322387695,-0.0,0.0229563722782183,5.0,0.18224789584715415,0.10856043470149349,0.3061384476149726,774,1400,4,14.669007691509492,dumbbell,4,0,D,diffdist_t4
-0.0014532436436311197,-0.0008430435021712596,0.041396508306353094,-6.377876781580211,-3.1270692348480225,-0.0,0.6410241282630458,5.0,0.1362333647139236,0.3057502085093209,0.7845989024577495,1208,1400,4,16.82071651515401,dumbbell,4,0,D,diffdist_t4
-0.004647151753989536,-0.002760713175591337,0.03442992936059153,-6.9144085515985605,-5.539914131164551,-0.0,0.10093607389676594,5.0,0.18217734393677765,0.10208740520112689,0.2738713543842767,1283,1400,4,18.57494358669726,dumbbell,4,0,D,diffdist_t4
-0.00271010675056746,-0.0020360766734325783,0.04231196325964813,-6.882286324035638,-5.398982524871826,-0.0,0.26465951206582583,5.0,0.1870619496707011,0.11436933601896052,0.33628337647742973,218,1400,4,20.05605537357353,dumbbell,4,0,D,diffdist_t4
-0.004836386897044555,-0.0031976173480999497,0.01772698880924775,-7.001725863273835,-5.6522698402404785,-0.0625,0.01768410017167492,5.0,0.19862205745241163,0.12689379723000813,0.3144542131552991,431,1400,4,21.90370296585198,dumbbell,4,0,D,diffdist_t4
-0.004065595777110589,-0.0031174138991009186,0.02441412406256816,-7.031172634683545,-5.703887939453125,-0.25,0.006168667422629975,5.0,0.22163667089630779,0.16365153178077188,0.3268784341349194,564,1400,4,23.736312902586512,dumbbell,4,0,D,diffdist_t4
-0.004209844687194217,-0.002695480818724827,0.004723122293172188,-6.94403515618849,-5.289887428283691,-0.0,-0.1244953953893796,5.0,0.18704154808985202,0.1314766006803151,0.35331680983183383,1026,1400,4,25.138502510598045,dumbbell,4,0,D,diffdist_t4
-0.0050742799746328025,-0.0027395316533165574,0.019915456754716218,-6.970325093184267,-5.704312324523926,-0.0,0.19719003192017828,5.0,0.1872836890119602,0.10955073418411468,0.2719639131871173,693,1400,4,26.45308691767381,dumbbell,4,0,D,diffdist_t4
-0.0022313177307048617,-0.0011876690455772275,0.032304845439526275,-6.396884675563943,-4.664573669433594,-0.0,0.6120895969295214,5.0,0.19758722708696086,0.17068588648099214,0.44963554411963863,625,1400,4,27.98331129289876,dumbbell,4,0,D,diffdist_t4
-0.004248864985528619,-0.002604041520473446,0.04508999703979322,-6.942645217281465,-5.5709123611450195,-0.0,0.10540517396662695,5.0,0.19747658244125915,0.13226510688584728,0.28476789497834387,823,1400,4,29.13634847296726,dumbbell,4,0,D,diffdist_t4
-0.004202949381460243,-0.001587753872681118,0.030064898224584212,-6.570525872768496,-5.11166524887085,-0.0,0.1217746084876585,5.0,0.16540496100143237,0.1108315974399124,0.31319085830461674,246,1400,4,30.30802790209229,dumbbell,4,0,D,diffdist_t4
-0.0030474544554922245,-0.0021464272363555643,0.033982175663111625,-6.643297295426512,-5.108052730560303,-0.0,0.13435131802416223,5.0,0.14767099546999313,0.08695255633552693,0.320239391949076,1046,1400,4,31.207228531085526,dumbbell,4,0,D,diffdist_t4
-0.0035790239682536125,-0.0029430287238674346,0.028541874777152636,-6.926020805312152,-5.570560932159424,-0.0,0.12046386750718369,5.0,0.18297255028939025,0.10102491674259499,0.25101306170037657,65,1400,4,32.2553237960434,dumbbell,4,0,D,diffdist_t4
-0.0030300792214013345,-0.002365721002918058,0.016681723873332374,-6.679058646310364,-5.226073265075684,-0.0,0.011926130964610135,5.0,0.1584980678379327,0.08657747849446842,0.29431056654002175,389,1400,4,32.98510123751269,dumbbell,4,0,D,diffdist_t4
-0.0021035329003601996,-0.001512305542340963,0.023643365258804373,-6.524668365147857,-4.778400421142578,-0.0,0.2788152319948365,5.0,0.21171618466064066,0.19905101902173478,0.4564341956773742,634,1400,4,33.627073289551745,dumbbell,4,0,D,diffdist_t4
-0.0007038987834874299,-0.0007030622902514792,0.02251421725455089,-6.126479826718399,-3.689267158508301,-0.0,0.7067128494681298,5.0,0.16983128172776774,0.22189765962171867,0.6725538579887543,64,1400,4,34.08641987865326,dumbbell,4,0,D,diffdist_t4
-0.004202934489347311,-0.002854206449820898,0.024164884007851863,-6.9007808986801535,-5.479279041290283,-0.0,0.14077679564229892,5.0,0.18318263543490598,0.11898625146204565,0.3163017403277211,599,1400,4,34.333928539127236,dumbbell,4,0,D,diffdist_t4
-0.003933353672310912,-0.0020093099015004705,0.03216805672426584,-6.684806182901126,-5.108015537261963,-0.0,0.09040872854712284,5.0,0.15985220261980856,0.09434943954405438,0.35124497326649445,544,1400,4,34.429055879941174,dumbbell,4,0,D,diffdist_t4
-4.118604850010108e-06,-2.375487541870679e-06,0.006404611605356575,-6.52341180487948,-5.545362949371338,-0.0,0.04593442414414803,5.0,0.14023945513683372,0.0740089654017846,0.2472591791791824,208,1400,4,-23.904740663319068,dumbbell,4,0,D,diffdist_t8
-3.8919093427913805e-06,-1.7231027036023493e-06,0.00883881038870905,-6.392457481167816,-5.465456962585449,-0.0,0.19460949223070004,5.0,0.1438762094670712,0.06820631139903784,0.24594019196533692,362,1400,4,-18.815015537403607,dumbbell,4,0,D,diffdist_t8
-5.340157526037444e-06,-2.1423951211026735e-06,0.003942359750398269,-6.516447452143998,-5.397528648376465,-0.0,0.026063567714116387,5.0,0.14380273677556998,0.06829850367912793,0.28191162963600347,1088,1400,4,-7.813635606929903,dumbbell,4,0,D,diffdist_t8
-4.438708739539202e-06,-2.1446791547490418e-06,0.008548133526292108,-6.446563761793522,-5.385789394378662,-0.0,0.05206084857874496,5.0,0.11584118661916937,0.0481782771975427,0.21645015023493971,915,1400,4,3.6191873761399993,dumbbell,4,0,D,diffdist_t8
-1.996256068240218e-06,-1.016254438230582e-06,0.016155448687102357,-6.188418271068551,-5.128358364105225,-0.0,0.07484679431012407,5.0,0.12101145169782265,0.057312827608634674,0.2764488349321655,361,1400,4,11.714458782310004,dumbbell,4,0,D,diffdist_t8
-1.5617795739344444e-06,-1.0156458233386463e-06,0.031188613748575057,-6.188508590325542,-4.698775768280029,-0.625,0.08618329364794267,5.0,0.17871589173673758,0.17117700145695014,0.44241630595315967,813,1400,4,13.17250244118475,dumbbell,4,0,D,diffdist_t8
-5.019758422434821e-06,-2.496021192991877e-06,0.01771400349888458,-6.516400421810534,-5.561798095703125,-0.0,0.08119444704123717,5.0,0.14112158241535425,0.06459465889476046,0.21453180687199622,774,1400,4,14.669007691509492,dumbbell,4,0,D,diffdist_t8
-9.576388779318038e-07,-5.645524549703764e-07,0.029179500516191573,-5.744814569264521,-3.994133234024048,-0.1875,0.6200095732709465,5.0,0.12821951455867106,0.2220620546918362,0.5352338390931396,1208,1400,4,16.82071651515401,dumbbell,4,0,D,diffdist_t8
-2.6029982575579053e-06,-1.6894794711627382e-06,0.016377498665292364,-6.454795566273992,-5.473422050476074,-0.0,0.16012322447140312,5.0,0.13209633357733308,0.06329094079622936,0.22459653415154146,1283,1400,4,18.57494358669726,dumbbell,4,0,D,diffdist_t8
-2.1649744857397733e-06,-1.3801778312802392e-06,0.026416219903737173,-6.4489308825812355,-5.425910472869873,-0.0,0.2786957919213593,5.0,0.15190509510481126,0.08271866186677061,0.261372490873724,218,1400,4,20.05605537357353,dumbbell,4,0,D,diffdist_t8
-3.904656332007938e-06,-2.366823108184609e-06,0.009287136517867084,-6.5701585992780815,-5.624689102172852,-0.0,0.08206017239437251,5.0,0.14387089634605524,0.07233702671171884,0.21560471769028114,431,1400,4,21.90370296585198,dumbbell,4,0,D,diffdist_t8
-3.031805909406441e-06,-1.715571482024587e-06,0.01698856715834186,-6.5857083030447345,-5.715035438537598,-0.1875,0.10217565113844722,5.0,0.1599588431665917,0.0843890341632753,0.22610074875919742,564,1400,4,23.736312902586512,dumbbell,4,0,D,diffdist_t8
-4.595725230755943e-06,-2.261272462667414e-06,0.019210666043342425,-6.504254744228949,-5.460555076599121,-0.0,0.12964585826214256,5.0,0.137925263551901,0.07040900949130877,0.2526488959310908,1026,1400,4,25.138502510598045,dumbbell,4,0,D,diffdist_t8
-3.9621656196661125e-06,-2.2288840863784556e-06,0.008041957002081605,-6.539254470037321,-5.595736026763916,-0.1875,0.1736164832267223,5.0,0.14225478999722796,0.0698674419007577,0.20282222818878393,693,1400,4,26.45308691767381,dumbbell,4,0,D,diffdist_t8
-1.4905742515510634e-06,-6.936540105781445e-07,0.01348235959950058,-5.715150185317829,-4.777904987335205,-0.0,0.28412698162141314,5.0,0.13492806006154978,0.09429702221082303,0.3536681853261151,625,1400,4,27.98331129289876,dumbbell,4,0,D,diffdist_t8
-3.3101021495394803e-06,-1.7504106020473529e-06,0.006577823479511243,-6.453097547606749,-5.458824634552002,-0.0,0.18607297882674126,5.0,0.12603730873744698,0.0569625997679883,0.2218518173440413,823,1400,4,29.13634847296726,dumbbell,4,0,D,diffdist_t8
-2.5122844587143374e-06,-1.0539311425245839e-06,0.010791026474860115,-6.113103344157526,-5.090027332305908,-0.0,0.023909483879789944,5.0,0.12017162770887753,0.06433518213543324,0.2615622417328206,246,1400,4,30.30802790209229,dumbbell,4,0,D,diffdist_t8
-1.7963820212682623e-06,-1.0316605409467882e-06,0.014544086725462476,-6.196871208554568,-5.145440578460693,-0.0,0.008034086055889386,5.0,0.1223430762728604,0.05114751650822055,0.27030612529494996,1046,1400,4,31.207228531085526,dumbbell,4,0,D,diffdist_t8
-3.2476042365701834e-06,-1.6920611974804447e-06,0.014818821114897627,-6.457573724916494,-5.47800350189209,-0.0,0.05289301954527326,5.0,0.12612915720024986,0.058040703573941636,0.2182402209822509,65,1400,4,32.2553237960434,dumbbell,4,0,D,diffdist_t8
-2.3104268805652438e-06,-1.30621864631115e-06,0.008660035413925207,-6.245298781524247,-5.211277008056641,-0.0,0.07842406640620368,5.0,0.1251550959321584,0.06403364418447625,0.2555006569860518,389,1400,4,32.98510123751269,dumbbell,4,0,D,diffdist_t8
-1.7305170234848957e-06,-1.097367090931901e-06,0.016498696074052705,-5.988183957647889,-4.887166500091553,-0.0625,0.2398879082917022,5.0,0.13556473914623107,0.09460025153482579,0.3352638960190243,634,1400,4,33.627073289551745,dumbbell,4,0,D,diffdist_t8
-5.234616247639659e-07,-3.5967449741419276e-07,0.020400837816449385,-5.32896372939158,-3.724475860595703,-0.0,0.6926919614115631,5.0,0.11659978227623148,0.16389801846809185,0.6879652367445059,64,1400,4,34.08641987865326,dumbbell,4,0,D,diffdist_t8
-3.918993069465088e-06,-1.8706497953750641e-06,0.009125855687920102,-6.483454603456398,-5.597590923309326,-0.0,0.1453598360381183,5.0,0.14529866522845605,0.06812433304620061,0.23036113928550953,599,1400,4,34.333928539127236,dumbbell,4,0,D,diffdist_t8
-2.3597618705019816e-06,-1.2317473002293956e-06,0.015082925731752612,-6.252805182908023,-5.1660685539245605,-0.0,0.21947587056685336,5.0,0.1287824728731798,0.0671769229167565,0.2997845857075136,544,1400,4,34.429055879941174,dumbbell,4,0,D,diffdist_t8
-10.632652988032623,-17.25149400305641,0.0,-7.1582783845218305,-3.8655791456676525e-08,-0.0,1.0,1.0,0.0,0.9855307674578642,0.9913701888912104,208,1400,4,-23.904740663319068,dumbbell,4,0,D,heatgeo_t
-11.157345223405141,-18.322169186784773,0.0,-7.158278529365179,-3.8655791456676525e-08,-0.0,1.0,1.0,0.0,0.986685545128758,0.9916049955378161,362,1400,4,-18.815015537403607,dumbbell,4,0,D,heatgeo_t
-10.92103811614666,-18.27684738485576,0.0,-7.158277363523772,-3.8655791456676525e-08,-0.0,1.0,3.0,0.0,0.9788268217568346,0.9890785319923981,1088,1400,4,-7.813635606929903,dumbbell,4,0,D,heatgeo_t
-11.049655151567169,-19.098216272267553,0.0,-7.158278139282532,-3.8655791456676525e-08,-0.0,1.0,1.0,0.0,0.9846585535361074,0.9894849549742397,915,1400,4,3.6191873761399993,dumbbell,4,0,D,heatgeo_t
-11.450027035103481,-19.776665065296967,0.0,-7.158277959829656,-3.8655791456676525e-08,-0.0,1.0,1.0,0.0,0.983773044835498,0.9892362568111346,361,1400,4,11.714458782310004,dumbbell,4,0,D,heatgeo_t
-10.65710773775906,-17.074505275338172,0.0,-7.158276461565768,-3.8655791456676525e-08,-0.0,1.0,1.0,0.0,0.9738978015575432,0.9838607380907034,813,1400,4,13.17250244118475,dumbbell,4,0,D,heatgeo_t
-11.317390434817689,-18.96577547568268,0.0,-7.158278303793708,-3.8655791456676525e-08,-0.0,1.0,2.0,0.0,0.9850053046961169,0.9911819548724405,774,1400,4,14.669007691509492,dumbbell,4,0,D,heatgeo_t
-10.768823833763753,-17.514943796444175,0.0,-7.15827558903792,-3.8655791456676525e-08,-0.0,1.0,2.0,0.0,0.969671306882943,0.9807719593021595,1208,1400,4,16.82071651515401,dumbbell,4,0,D,heatgeo_t
-11.713880524462715,-20.725211576832017,0.0,-7.158278364331183,-3.8655791456676525e-08,-0.0,1.0,1.0,0.0,0.9860764233142368,0.9908863148003876,1283,1400,4,18.57494358669726,dumbbell,4,0,D,heatgeo_t
-11.648192313638146,-20.472640193049944,0.0,-7.15827796572271,-3.8655791456676525e-08,-0.0,1.0,1.0,0.0,0.9837697616079403,0.989182725638494,218,1400,4,20.05605537357353,dumbbell,4,0,D,heatgeo_t
-11.357828413478465,-18.756283283678812,0.0,-7.15827818866007,-3.8655791456676525e-08,-0.0,1.0,1.0,0.0,0.9844206761120381,0.9913233656251742,431,1400,4,21.90370296585198,dumbbell,4,0,D,heatgeo_t
-10.641086091682281,-16.700962306380788,0.0,-7.158277929552192,-3.8655791456676525e-08,-0.0,1.0,1.0,0.0,0.9824066210884083,0.9905325224854118,564,1400,4,23.736312902586512,dumbbell,4,0,D,heatgeo_t
-10.912367703082312,-17.86531249177036,0.0,-7.158278503825954,-3.8655791456676525e-08,-0.0,1.0,1.0,0.0,0.9859865480497902,0.9917133544112016,1026,1400,4,25.138502510598045,dumbbell,4,0,D,heatgeo_t
-11.574419095034937,-20.10552448954505,0.0,-7.1582788516112785,-3.8655791456676525e-08,-0.0,1.0,1.0,0.0,0.988796305415402,0.992730076155137,693,1400,4,26.45308691767381,dumbbell,4,0,D,heatgeo_t
-10.956282723303964,-18.068568688906286,0.0,-7.158276543225822,-3.8655791456676525e-08,-0.0,1.0,1.0,0.0,0.9744737951388684,0.9851515413157566,625,1400,4,27.98331129289876,dumbbell,4,0,D,heatgeo_t
-11.617922614080815,-20.412886562752398,0.0,-7.158278180441657,-3.8655791456676525e-08,-0.0,1.0,2.0,0.0,0.9849458129691798,0.9904717024338925,823,1400,4,29.13634847296726,dumbbell,4,0,D,heatgeo_t
-11.793138898696318,-20.56861560972717,0.0,-7.158277788577518,-3.8655791456676525e-08,-0.0,1.0,1.0,0.0,0.9823782107893512,0.9884914581784453,246,1400,4,30.30802790209229,dumbbell,4,0,D,heatgeo_t
-11.607617586089424,-20.665305940744304,0.0,-7.158277892922265,-3.8655791456676525e-08,-0.0,1.0,1.0,0.0,0.9832656079655263,0.988857924881825,1046,1400,4,31.207228531085526,dumbbell,4,0,D,heatgeo_t
-11.619577272499761,-20.180022253445106,0.0,-7.158278395388942,-3.8655791456676525e-08,-0.0,1.0,2.0,0.0,0.9860088975807947,0.9916336749575443,65,1400,4,32.2553237960434,dumbbell,4,0,D,heatgeo_t
-11.278759773672837,-19.77326897917093,0.0,-7.15827816685198,-3.8655791456676525e-08,-0.0,1.0,1.0,0.0,0.984721267152577,0.9904383911957813,389,1400,4,32.98510123751269,dumbbell,4,0,D,heatgeo_t
-11.238792071188305,-18.68467271757252,0.0,-7.158276480395954,-3.8655791456676525e-08,-0.0,1.0,1.0,0.0,0.9741036125671722,0.984956700023522,634,1400,4,33.627073289551745,dumbbell,4,0,D,heatgeo_t
-11.51339786691798,-19.40901695956162,0.0,-7.158275789478633,-3.8655791456676525e-08,-0.0,1.0,1.0,0.0,0.9708305425197489,0.9833973636806741,64,1400,4,34.08641987865326,dumbbell,4,0,D,heatgeo_t
-10.911391033561955,-18.278359631022404,0.0,-7.158278155775259,-3.8655791456676525e-08,-0.0,1.0,1.0,0.0,0.9842133298773097,0.9905741179436116,599,1400,4,34.333928539127236,dumbbell,4,0,D,heatgeo_t
-11.900454393761253,-21.048672844651218,0.0,-7.158278135396374,-3.8655791456676525e-08,-0.0,1.0,1.0,0.0,0.9848649105791688,0.989753779447013,544,1400,4,34.429055879941174,dumbbell,4,0,D,heatgeo_t
-10.369770575831591,-16.515393952017558,0.0,-7.158278180155573,-3.8655791456676525e-08,-0.0,1.0,1.0,0.0,0.9839717416930438,0.9904440583573103,208,1400,4,-23.904740663319068,dumbbell,4,0,D,heatgeo_4t
-10.928166974431617,-17.612323605532254,0.0,-7.158278341578424,-3.8655791456676525e-08,-0.0,1.0,1.0,0.0,0.9852518258485952,0.9907034964785536,362,1400,4,-18.815015537403607,dumbbell,4,0,D,heatgeo_4t
-10.672340400685483,-17.558180824194594,0.0,-7.158277037786821,-3.8655791456676525e-08,-0.0,1.0,3.0,0.0,0.9765330782487102,0.9879042977490508,1088,1400,4,-7.813635606929903,dumbbell,4,0,D,heatgeo_4t
-10.813326166015845,-18.412229952075887,0.0,-7.15827790557776,-3.8655791456676525e-08,-0.0,1.0,1.0,0.0,0.9830041253922858,0.9883548828317728,915,1400,4,3.6191873761399993,dumbbell,4,0,D,heatgeo_4t
-11.240866828751782,-19.114904661284235,0.0,-7.158277704661487,-3.8655791456676525e-08,-0.0,1.0,1.0,0.0,0.9820218522629701,0.9880787634100325,361,1400,4,11.714458782310004,dumbbell,4,0,D,heatgeo_4t
-10.389845910495508,-16.320889391206148,0.0,-7.158276024314138,-3.8655791456676525e-08,-0.0,1.0,1.0,0.0,0.9710595803399709,0.9821168132735154,813,1400,4,13.17250244118475,dumbbell,4,0,D,heatgeo_4t
-11.098202118473738,-18.27660860312506,0.0,-7.158278090043697,-3.8655791456676525e-08,-0.0,1.0,2.0,0.0,0.9833889721295259,0.9902352792547161,774,1400,4,14.669007691509492,dumbbell,4,0,D,heatgeo_4t
-10.506923535604356,-16.768084405243375,0.0,-7.158275041701346,-3.8655791456676525e-08,-0.0,1.0,2.0,0.0,0.9663634675015855,0.9786906515570233,1208,1400,4,16.82071651515401,dumbbell,4,0,D,heatgeo_4t
-11.525418621527615,-20.10680489170165,0.0,-7.158278157142494,-3.8655791456676525e-08,-0.0,1.0,1.0,0.0,0.9845766773594783,0.9899080005453833,1283,1400,4,18.57494358669726,dumbbell,4,0,D,heatgeo_4t
-11.454007493880955,-19.84105458748509,0.0,-7.158277711451596,-3.8655791456676525e-08,-0.0,1.0,1.0,0.0,0.9820184803826054,0.9880198845829148,218,1400,4,20.05605537357353,dumbbell,4,0,D,heatgeo_4t
-11.143547517222995,-18.062683922174685,0.0,-7.1582779614136065,-3.8655791456676525e-08,-0.0,1.0,1.0,0.0,0.9827408814316506,0.9903925375345103,431,1400,4,21.90370296585198,dumbbell,4,0,D,heatgeo_4t
-10.37742117304814,-15.952975346039025,0.0,-7.158277671732169,-3.8655791456676525e-08,-0.0,1.0,1.0,0.0,0.9805065748376874,0.989515450183289,564,1400,4,23.736312902586512,dumbbell,4,0,D,heatgeo_4t
-10.664356035357383,-17.13765462074196,0.0,-7.15827831327576,-3.8655791456676525e-08,-0.0,1.0,1.0,0.0,0.9844761848596826,0.9908239682619899,1026,1400,4,25.138502510598045,dumbbell,4,0,D,heatgeo_4t
-11.375668241410468,-19.460833912904786,0.0,-7.158278700995162,-3.8655791456676525e-08,-0.0,1.0,1.0,0.0,0.987592030862828,0.9919507834176616,693,1400,4,26.45308691767381,dumbbell,4,0,D,heatgeo_4t
-10.708136471225613,-17.34004065677951,0.0,-7.1582761164245445,-3.8655791456676525e-08,-0.0,1.0,1.0,0.0,0.9716998800269071,0.9835503665918027,625,1400,4,27.98331129289876,dumbbell,4,0,D,heatgeo_4t
-11.421940914732886,-19.78021879116398,0.0,-7.15827795169911,-3.8655791456676525e-08,-0.0,1.0,2.0,0.0,0.983322891299265,0.9894483678320647,823,1400,4,29.13634847296726,dumbbell,4,0,D,heatgeo_4t
-11.608539493724436,-19.937606140423892,0.0,-7.158277513340121,-3.8655791456676525e-08,-0.0,1.0,1.0,0.0,0.9804745137628624,0.9872531951294989,246,1400,4,30.30802790209229,dumbbell,4,0,D,heatgeo_4t
-11.409565820878438,-20.040902461397224,0.0,-7.158277630010964,-3.8655791456676525e-08,-0.0,1.0,1.0,0.0,0.9814587653013191,0.9876600224523278,1046,1400,4,31.207228531085526,dumbbell,4,0,D,heatgeo_4t
-11.423645821274324,-19.53671820989936,0.0,-7.158278191964325,-3.8655791456676525e-08,-0.0,1.0,2.0,0.0,0.9845019073186219,0.9907361102390102,65,1400,4,32.2553237960434,dumbbell,4,0,D,heatgeo_4t
-11.057054857637878,-19.110246689544468,0.0,-7.158277936304994,-3.8655791456676525e-08,-0.0,1.0,1.0,0.0,0.9830731818908275,0.989411188931296,389,1400,4,32.98510123751269,dumbbell,4,0,D,heatgeo_4t
-11.009234278769123,-17.97261574699189,0.0,-7.158276045747607,-3.8655791456676525e-08,-0.0,1.0,1.0,0.0,0.971288269010204,0.9833345107331203,634,1400,4,33.627073289551745,dumbbell,4,0,D,heatgeo_4t
-11.30376477033933,-18.72155418738039,0.0,-7.158275267794576,-3.8655791456676525e-08,-0.0,1.0,1.0,0.0,0.967652039580496,0.9816042604044157,64,1400,4,34.08641987865326,dumbbell,4,0,D,heatgeo_4t
-10.66481992038089,-17.56469450390821,0.0,-7.15827792435678,-3.8655791456676525e-08,-0.0,1.0,1.0,0.0,0.9825103773506834,0.9895622818068354,599,1400,4,34.333928539127236,dumbbell,4,0,D,heatgeo_4t
-11.725700260122508,-20.442470234809583,0.0,-7.158277901009422,-3.8655791456676525e-08,-0.0,1.0,1.0,0.0,0.9832327798505531,0.988652413806404,544,1400,4,34.429055879941174,dumbbell,4,0,D,heatgeo_4t
-0.025276866765927077,-0.016801747684873556,-0.03856522354015287,-7.022183949617016,-4.51582670211792,-0.0625,0.27784169481948967,4.0,0.24500420523153232,0.21681799382824743,0.6014022505290053,208,1400,4,-23.904740663319068,dumbbell,4,0,D,fb_potential
-0.08433194976399953,-0.06959447414590073,0.15088731713618556,-7.052085357204813,-5.239278316497803,-0.0625,0.31549524918301497,1.0,0.2735144954685942,0.19215661787341468,0.5136331396702164,362,1400,4,-18.815015537403607,dumbbell,4,0,D,fb_potential
-0.03462562921999551,-0.029822878553994885,0.04890264824630921,-7.040414407381199,-4.9519944190979,-0.3125,0.24005819226982172,1.0,0.24989191076859024,0.19167956216173174,0.5457144383921818,1088,1400,4,-7.813635606929903,dumbbell,4,0,D,fb_potential
-0.052676265367884625,-0.074041519310563,0.07428878131861864,-7.029770818086403,-4.913958549499512,-0.0,0.3743133181481797,4.0,0.24853653420243194,0.1808140502617499,0.5204948415180658,915,1400,4,3.6191873761399993,dumbbell,4,0,D,fb_potential
-0.08235468808976226,-0.07090710325453237,0.08162058906562102,-7.062939541705262,-5.272778511047363,-0.0,0.4242094985697371,2.0,0.26148974605519115,0.19676388404004233,0.5116532068823023,361,1400,4,11.714458782310004,dumbbell,4,0,D,fb_potential
-0.05919895093555472,-0.06006911952952771,0.057906992575000496,-6.976958969047377,-4.728707790374756,-0.0,0.40450213601962787,4.0,0.2258223798710196,0.17612065112056277,0.5065129788652508,813,1400,4,13.17250244118475,dumbbell,4,0,D,fb_potential
-0.1425820764023772,-0.07234043099385966,0.0874970655510483,-7.062324105309655,-5.106881141662598,-0.0625,0.3959371093110474,1.0,0.2643357306881091,0.1992137135522086,0.5268489906679447,774,1400,4,14.669007691509492,dumbbell,4,0,D,fb_potential
-0.026615105072346077,-0.03283106465427679,0.03151331185881848,-6.998100335162623,-5.0172905921936035,-0.0,0.3060613313126157,2.0,0.2361553850792641,0.163398470088366,0.4698385668595659,1208,1400,4,16.82071651515401,dumbbell,4,0,D,fb_potential
-0.06389356023031599,-0.05836944372324507,0.09064495319713331,-7.073759601923642,-5.1723127365112305,-0.0625,0.1588417343304741,3.0,0.25463275072945724,0.190304916508159,0.518642599851872,1283,1400,4,18.57494358669726,dumbbell,4,0,D,fb_potential
-0.060285371253021,-0.09332141633788246,0.10961831409802099,-7.052307186385353,-5.094310283660889,-0.0,0.34576411146755104,3.0,0.26758210666152804,0.20080998764894567,0.5377301412784146,218,1400,4,20.05605537357353,dumbbell,4,0,D,fb_potential
-0.03128850435423862,-0.05414533201934382,0.02247093967291277,-7.05766901645466,-4.982952117919922,-0.5625,0.23363365467074954,1.0,0.26666305972750104,0.2093816218992195,0.5683007285605455,431,1400,4,21.90370296585198,dumbbell,4,0,D,fb_potential
-0.0284587301072471,-0.006591762683937297,-0.05928804268117865,-7.039420032737072,-4.51256799697876,-0.1875,0.43861482270640845,1.0,0.23815317097574132,0.24178168316634419,0.624898647610993,564,1400,4,23.736312902586512,dumbbell,4,0,D,fb_potential
-0.024557883615712428,-0.01612418945967854,0.10688900447871806,-7.0225051110823635,-4.8498735427856445,-0.0,0.25706258989392344,2.0,0.25138337211595724,0.2347438131959334,0.5902945337251305,1026,1400,4,25.138502510598045,dumbbell,4,0,D,fb_potential
-0.08442276790973381,-0.10866888696582433,0.08209123286845764,-7.040955324507628,-5.122189521789551,-0.0625,0.41488586562439916,2.0,0.26635508076756736,0.20265469511872397,0.5234275349770003,693,1400,4,26.45308691767381,dumbbell,4,0,D,fb_potential
-0.026086553559621105,-0.03739993831415062,0.058985519166886394,-7.011155051550459,-4.974085330963135,-0.0,0.3086769037777567,3.0,0.24695282434708715,0.1827416338920993,0.5184148780147939,625,1400,4,27.98331129289876,dumbbell,4,0,D,fb_potential
-0.06447647723921185,-0.08793888564900465,0.07624369544493002,-7.069665372802866,-5.096938610076904,-0.0625,0.2819506577698706,3.0,0.24631614004888716,0.1852531327530136,0.5187571736674822,823,1400,4,29.13634847296726,dumbbell,4,0,D,fb_potential
-0.07252712206183369,-0.09245068293568709,0.13703191305991996,-7.04497140207049,-5.324586868286133,-0.0,0.45737317176976633,2.0,0.2677731597903322,0.16914494577476,0.4739986889747819,246,1400,4,30.30802790209229,dumbbell,4,0,D,fb_potential
-0.06920015484067113,-0.06093750967032148,0.06004666800732742,-7.040343261435696,-4.954707145690918,-0.0625,0.6060012065064984,4.0,0.24101941413400813,0.1753806189355863,0.5138389793192987,1046,1400,4,31.207228531085526,dumbbell,4,0,D,fb_potential
-0.13308022417246276,-0.09003938424544188,0.08940289658296749,-7.058064535239133,-5.259252548217773,-0.0625,0.2645557066069023,4.0,0.2713342686792387,0.1922849543545888,0.5092390222236957,65,1400,4,32.2553237960434,dumbbell,4,0,D,fb_potential
-0.08651372851714269,-0.10744404484541871,0.044913815840656686,-7.064123915781151,-5.328822135925293,-0.0,0.2792429354078805,1.0,0.26727803623600344,0.1893822475977226,0.4988133603124602,389,1400,4,32.98510123751269,dumbbell,4,0,D,fb_potential
-0.07159502902230742,-0.04180971754692488,0.03781937055071609,-7.003260699413613,-4.952883720397949,-0.0,0.3404369645666069,3.0,0.23099129481038833,0.160154863456235,0.4884739064175812,634,1400,4,33.627073289551745,dumbbell,4,0,D,fb_potential
-0.07296698083134066,-0.0808874008683454,0.07605128847188201,-6.956425472826307,-4.734612464904785,-0.0,0.4752291701488097,1.0,0.2275719160139853,0.15471749993991027,0.48776267527428097,64,1400,4,34.08641987865326,dumbbell,4,0,D,fb_potential
-0.02935579899908055,-0.0366879107883777,0.04818525777628107,-7.019234392456257,-4.772263526916504,-0.0625,0.5264404475971365,2.0,0.23722938471803234,0.19819159925243063,0.5372914169166227,599,1400,4,34.333928539127236,dumbbell,4,0,D,fb_potential
-0.11600485392396366,-0.10843994242595083,0.08219891988470934,-7.06057604484293,-5.2760796546936035,-0.0,0.32650966000800274,2.0,0.24871279979598968,0.1719289814339015,0.4913284213324348,544,1400,4,34.429055879941174,dumbbell,4,0,D,fb_potential
-0.029559516460304146,-0.03313635048631973,0.00527812434141566,-7.1503220581465525,-5.1582536697387695,-1.0,0.23285076022907114,8.0,0.27313215065580204,0.2700500049342287,0.4950091106944008,139,1400,4,-23.903626854904992,dumbbell,4,1,A,oracle
-0.017412058822636915,-0.02746398352872202,-0.01689868255223923,-7.14971753905283,-4.870837211608887,-1.0,0.11473515520541373,4.0,0.23567076251504807,0.2717134143465452,0.5363193985738403,345,1400,4,-19.30269743762144,dumbbell,4,1,A,oracle
-0.0017822250627894042,0.0022022159534839407,-0.008203599915905121,-7.147056077201128,-4.674788951873779,-0.8125,0.3993174003692066,4.0,0.24246361149714885,0.26009399095897523,0.5337353938884366,567,1400,4,-9.49712260455786,dumbbell,4,1,A,oracle
0.012811513869837931,-0.003991054928018642,0.015917650134072772,-7.143827009204973,-4.932247161865234,-0.375,0.049743737307140184,4.0,0.23929451936953322,0.23042969033799746,0.5003508709634843,957,1400,4,2.3680252371261394,dumbbell,4,1,A,oracle
0.03048951405203419,0.04747264582103577,0.028988725619081814,-7.1171732789402125,-4.789517402648926,-0.0,0.8663017285341734,4.0,0.24380332025387405,0.27155452328122115,0.5252626481717152,875,1400,4,12.14113035619155,dumbbell,4,1,A,oracle
0.0461496690980812,0.06599754831295088,0.010324288048153869,-7.116853601494308,-4.488997459411621,-0.0,0.7423267308096757,4.0,0.22019414858890818,0.24487346793573597,0.5450238497121843,1199,1400,4,13.806165288432432,dumbbell,4,1,A,oracle
0.049221742263703246,0.0691121777934658,0.01221243015291023,-7.119418440745514,-4.713983535766602,-0.0,0.7405552629548529,4.0,0.25969805683142977,0.28501083304810715,0.5672870683512974,890,1400,4,15.18018583052862,dumbbell,4,1,A,oracle
0.04819245022511256,0.06638326262715503,0.03212084024942283,-7.1135655691654875,-4.791961669921875,-0.0,0.6912239037248621,4.0,0.2618334196931438,0.25536193604187535,0.5434937140179599,1183,1400,4,16.92961649185093,dumbbell,4,1,A,oracle
0.05631234410401605,0.0811961807975153,0.03384371913690577,-7.122846683976319,-4.789017200469971,-0.0,0.4443321692923322,4.0,0.25573387258356384,0.28889532654251066,0.5464344631548437,1112,1400,4,18.689674801817247,dumbbell,4,1,A,oracle
0.05355148387061076,0.0781798032195969,0.037628733644900644,-7.115202899123976,-4.696470260620117,-0.0,0.669817119407791,4.0,0.24376008271638386,0.24637956095780855,0.5461560958272447,1346,1400,4,20.441465734001106,dumbbell,4,1,A,oracle
0.05584017944825064,0.0793780721471065,0.02544633446331842,-7.121614449317942,-4.487384796142578,-0.0,0.6022732964597091,4.0,0.23077534154803836,0.283130685569336,0.5559599844557084,771,1400,4,22.25318956983028,dumbbell,4,1,A,oracle
0.061324917424808896,0.08446132767782236,0.034185824926585145,-7.120722443808695,-4.678557872772217,-0.0,0.8239052741505211,4.0,0.2553631240019598,0.29697759284126707,0.5652442684932478,885,1400,4,24.199115340897677,dumbbell,4,1,A,oracle
0.07240543609469802,0.09008614869981009,0.050589471814319206,-7.128925569889036,-4.871531009674072,-0.0625,0.616876355555067,4.0,0.2670701284073677,0.30905495256023446,0.5500443759829252,695,1400,4,25.457467631216495,dumbbell,4,1,A,oracle
0.07056953587497118,0.08840314934495833,0.01965011877800195,-7.127796732825837,-4.34468936920166,-0.0,0.14799069800414494,4.0,0.21488908231865012,0.320836082840524,0.587903698261656,1248,1400,4,26.766912365797136,dumbbell,4,1,A,oracle
0.06581129922017191,0.09183698273649472,0.009646563906983015,-7.118386074663222,-4.2303466796875,-0.0,0.35953999139053405,4.0,0.21704165147055052,0.24933473932592573,0.580574776485006,487,1400,4,28.082515072449162,dumbbell,4,1,A,oracle
0.0657960198518091,0.09420334905863753,0.03318214090207937,-7.129035368051818,-4.692734241485596,-0.0,0.5496063419077957,4.0,0.2603162168631574,0.3013511588136365,0.5873633613104353,340,1400,4,29.25564682434372,dumbbell,4,1,A,oracle
0.07089610974889939,0.09402709014710532,0.04122048332580097,-7.127896592266321,-4.781551361083984,-0.0,0.32925356467639516,4.0,0.2584595451341445,0.29139911703388616,0.5692919727026978,821,1400,4,30.627666603343318,dumbbell,4,1,A,oracle
0.07013679624364742,0.09196593546341052,0.044338719362460664,-7.13182683395361,-4.9200639724731445,-0.125,0.48948344993060255,4.0,0.26804270063801694,0.3143662529691743,0.571349002256156,710,1400,4,31.587976846787033,dumbbell,4,1,A,oracle
0.06559061319647713,0.08796589411390808,0.023906573792047164,-7.128129190616616,-4.540879249572754,-0.0,0.2792655635276406,4.0,0.24208941760175645,0.2912380567494174,0.574944920903344,861,1400,4,32.32007875824183,dumbbell,4,1,A,oracle
0.0716891487195776,0.09065988469290696,0.02876260456227843,-7.129255909366998,-4.701289176940918,-0.125,0.4864302252939896,4.0,0.25561994449309955,0.3027196588857489,0.5675513994360645,988,1400,4,33.12889594809895,dumbbell,4,1,A,oracle
0.07142630665412526,0.08610908428587798,0.026091831466519624,-7.126951537066054,-4.610728740692139,-0.0,0.38703499720385937,4.0,0.2532273301738183,0.26817050234235773,0.5901412206778748,453,1400,4,33.668914599485454,dumbbell,4,1,A,oracle
0.06702558043793108,0.08637467618059906,0.03638237388624351,-7.129523004105011,-4.6765336990356445,-0.0625,0.3448439923457465,4.0,0.2611496297581102,0.2962459334079949,0.5939333684761906,1088,1400,4,34.059592294100185,dumbbell,4,1,A,oracle
0.06667028682997173,0.08483441812010194,0.04223232209885868,-7.128773992627522,-4.5143866539001465,-0.0,0.37577007248092037,4.0,0.23324391186433668,0.2738030008795965,0.565108883707519,517,1400,4,34.349569802337655,dumbbell,4,1,A,oracle
0.07106832418164935,0.08831137381124562,0.0206402661493255,-7.130796135763269,-4.78607702255249,-0.0625,0.534746873507408,4.0,0.2696991245932884,0.2905655792552723,0.5615952185801332,350,1400,4,34.429009310151116,dumbbell,4,1,A,oracle
-0.050517731620501376,-0.07527616378882784,-0.014109094911155319,-7.127409300058151,-5.232938766479492,-0.75,0.2513915208569062,4.0,0.2560786161134758,0.20706570402341434,0.5224509172265956,139,1400,4,-23.903626854904992,dumbbell,4,1,B,plain
-0.06137175575523523,-0.07436617797206478,-0.041461196198967966,-7.1254755294851835,-5.139430522918701,-0.875,0.08973020459622047,4.0,0.2381908474161979,0.2135226021391632,0.5391841378286496,345,1400,4,-19.30269743762144,dumbbell,4,1,B,plain
-0.13271462327506636,-0.08250395153278825,-0.03741532908818496,-7.115689309120659,-4.969738960266113,-0.9375,0.2248143500169475,3.0,0.2328446242051096,0.20339925734183822,0.5458504209095631,567,1400,4,-9.49712260455786,dumbbell,4,1,B,plain
-0.024798151273769553,-0.04276551711436946,-0.022040381305061273,-7.10770952043604,-5.0870795249938965,-0.3125,0.22983475054133817,4.0,0.232810211645673,0.1800227125687777,0.5175010414991547,957,1400,4,2.3680252371261394,dumbbell,4,1,B,plain
-0.03468344772797985,-0.011621740971082825,0.03634099026528531,-7.056205730722702,-4.972503185272217,-0.0,0.6391242918656063,4.0,0.23440651488879866,0.2112191708500487,0.5384697041727163,875,1400,4,12.14113035619155,dumbbell,4,1,B,plain
-0.027864597226292573,0.017940264355178485,0.024410836474208775,-7.0513410008104564,-4.755606651306152,-0.0,0.673613267943867,4.0,0.21642891386086274,0.19194851164046844,0.5492852327542509,1199,1400,4,13.806165288432432,dumbbell,4,1,B,plain
-0.0388650022409812,0.010623481548662004,0.02649207193586603,-7.059061714372587,-5.052727699279785,-0.0,0.653759024252835,4.0,0.26406713035305374,0.22065294038371877,0.55579034031148,890,1400,4,15.18018583052862,dumbbell,4,1,B,plain
0.0144717924547058,0.012777068316533854,0.014690741140981808,-7.047994217153352,-4.935728549957275,-0.0,0.5930369366311082,4.0,0.2516389234533561,0.20014932103101088,0.5441674923690668,1183,1400,4,16.92961649185093,dumbbell,4,1,B,plain
0.00032171747335314104,0.02799302536538828,0.016759409051278706,-7.064739415318819,-5.039475440979004,-0.0,0.5603128608670278,4.0,0.25486036682745017,0.22579836132668848,0.5694162744090744,1112,1400,4,18.689674801817247,dumbbell,4,1,B,plain
-0.01670160617897572,0.017831615456422957,0.047392593658044546,-7.0495848743728455,-4.907121658325195,-0.0,0.6121586262935723,3.0,0.23825736275388462,0.1908148908175747,0.5496471731458408,1346,1400,4,20.441465734001106,dumbbell,4,1,B,plain
0.029616501126400498,0.03142088795096658,0.027711018211375765,-7.050043244692843,-4.536067962646484,-0.0,0.5521213634236324,3.0,0.2151207566402912,0.22315803263201378,0.5916952257244203,771,1400,4,22.25318956983028,dumbbell,4,1,B,plain
0.015349905580219715,0.033298506847966786,0.03496085684381316,-7.057527729023717,-4.904890060424805,-0.0,0.5409983432223733,4.0,0.25570459159926834,0.2290097921915664,0.5771990042204908,885,1400,4,24.199115340897677,dumbbell,4,1,B,plain
0.01572663039918405,0.048161457033045155,0.06913566976147159,-7.077044321202485,-5.132227897644043,-0.0625,0.4656806792994592,4.0,0.27673046028388515,0.23509630801354506,0.5429143280027798,695,1400,4,25.457467631216495,dumbbell,4,1,B,plain
0.0528050769623302,0.0571822510304069,0.02843275795159815,-7.075748991708445,-4.868722915649414,-0.0,0.3063607686065445,4.0,0.23783410722504678,0.24800169655018045,0.5752439474006836,1248,1400,4,26.766912365797136,dumbbell,4,1,B,plain
0.01393612511615989,0.03528260063319551,0.015376859612744759,-7.0523347652172514,-4.517374038696289,-0.0,0.5442629321578375,4.0,0.2093424229819898,0.19738855008636894,0.5845448428185973,487,1400,4,28.082515072449162,dumbbell,4,1,B,plain
0.04559265764004094,0.05262106983076909,0.03255709930340464,-7.0669467819528835,-4.889714241027832,-0.0,0.374924300285511,3.0,0.26459958189135546,0.23161900732810545,0.6001072495015906,340,1400,4,29.25564682434372,dumbbell,4,1,B,plain
0.03243008593599281,0.027935545353213073,0.04437229807566264,-7.070653723327153,-5.041597843170166,-0.0,0.34356427532046424,4.0,0.2657932771926118,0.22372253381723917,0.5692372431072892,821,1400,4,30.627666603343318,dumbbell,4,1,B,plain
0.04865771960335849,0.05091064760046355,0.047461374448995286,-7.078387112153258,-5.133408069610596,-0.0625,0.27951127262425374,4.0,0.2776209149127683,0.23987641228850756,0.5666783851512325,710,1400,4,31.587976846787033,dumbbell,4,1,B,plain
0.018034952351139114,0.0329601063066526,0.019142646542074846,-7.068978779715417,-4.780028343200684,-0.0,0.52669033945534,4.0,0.23842726744358622,0.22433106338588604,0.5671788977461282,861,1400,4,32.32007875824183,dumbbell,4,1,B,plain
0.07012496606700654,0.046714134701080455,0.04788772802013773,-7.072034859474812,-5.024466514587402,-0.0625,0.2966654943975301,4.0,0.2698826480712998,0.23523921409723794,0.5872962412025421,988,1400,4,33.12889594809895,dumbbell,4,1,B,plain
0.020726523008968222,0.03181296957872211,0.02334145909227868,-7.068121318199374,-4.8726019859313965,-0.0,0.22874005522387703,4.0,0.25306512606861953,0.20852798604830988,0.5772713326645137,453,1400,4,33.668914599485454,dumbbell,4,1,B,plain
0.052197810833738756,0.05231029608391002,0.019055385074888298,-7.07023289366401,-4.950811386108398,-0.125,0.4418744256625657,4.0,0.2695959690883849,0.2313540912737127,0.5839096061430724,1088,1400,4,34.059592294100185,dumbbell,4,1,B,plain
0.004995526709927078,0.01744972777875878,0.028459987345416892,-7.068781956671826,-4.742175579071045,-0.0,0.4865030789357054,4.0,0.2273548870920099,0.21366662351651572,0.5607704422342367,517,1400,4,34.349569802337655,dumbbell,4,1,B,plain
0.045996896845106265,0.04853427538838198,0.03875253895498937,-7.076622105655316,-5.036156177520752,-0.0625,0.22327013166323173,4.0,0.2787639658183991,0.22630356361121387,0.5772685596250037,350,1400,4,34.429009310151116,dumbbell,4,1,B,plain
-0.008842570152232661,-0.0425921658706209,-0.008422754079976696,-7.119583165844401,-4.893509387969971,-0.75,0.1997561835478194,4.0,0.2409653863356223,0.22680789996038941,0.5650590204122117,139,1400,4,-23.903626854904992,dumbbell,4,1,B,pca_denoise
-0.05436201874911847,-0.06857201749781995,-0.0518021591238758,-7.124798084566765,-5.064157485961914,-0.9375,0.24285195620263794,1.0,0.23481582231894307,0.2264274913096942,0.5536790995621942,345,1400,4,-19.30269743762144,dumbbell,4,1,B,pca_denoise
-0.08211334674342065,-0.05486699938728423,-0.008697077078864923,-7.105662557162967,-4.862029552459717,-0.9375,0.22784448795111692,1.0,0.23251045711098461,0.21450143769050253,0.5570410186424749,567,1400,4,-9.49712260455786,dumbbell,4,1,B,pca_denoise
0.007906227904336965,-0.027956373711551304,-0.020524019894590795,-7.084986416251592,-4.919878005981445,-0.125,0.2744965568088225,4.0,0.22200103820698053,0.1817945645136793,0.5282649383597061,957,1400,4,2.3680252371261394,dumbbell,4,1,B,pca_denoise
-0.01702424422180346,0.0055081405361647965,0.01604091204588122,-7.036654092851913,-4.882469654083252,-0.0,0.6118357913297672,4.0,0.2246385871129899,0.21252170572356158,0.5416251368219298,875,1400,4,12.14113035619155,dumbbell,4,1,B,pca_denoise
-0.037498090713635544,0.03776335557281722,0.017212074404179434,-7.0367361610490935,-4.8349785804748535,-0.0,0.6120122996326134,5.0,0.21439569473420256,0.1896841175216525,0.5358890776262173,1199,1400,4,13.806165288432432,dumbbell,4,1,B,pca_denoise
0.022722456657644184,0.03846666584564887,0.013949790175662462,-7.0399038456774115,-4.962418556213379,-0.0,0.500739028964802,4.0,0.25262751916041387,0.21296843007280855,0.5549017377355441,890,1400,4,15.18018583052862,dumbbell,4,1,B,pca_denoise
0.03166479822419195,0.013266686174633984,0.022050775332652005,-7.028636782240875,-4.938681602478027,-0.0,0.504673753062461,4.0,0.24693407027725595,0.20920115748670826,0.5287916407295327,1183,1400,4,16.92961649185093,dumbbell,4,1,B,pca_denoise
0.018122086651762317,0.02432936518359405,0.02972411722009769,-7.049994812650503,-5.127114295959473,-0.0,0.555778458561471,4.0,0.2544067367832637,0.20438719660185295,0.5288586002192055,1112,1400,4,18.689674801817247,dumbbell,4,1,B,pca_denoise
0.019861515626559044,0.023680840702444136,0.04044225263669343,-7.03020264858006,-4.962133884429932,-0.0,0.586198861644474,3.0,0.23404967735159726,0.18533473758201263,0.5173850387592732,1346,1400,4,20.441465734001106,dumbbell,4,1,B,pca_denoise
0.004463643751416598,0.03411466521061744,0.024511844629131294,-7.03409873881774,-4.631508827209473,-0.0,0.6090409788214763,4.0,0.20861278469869976,0.20063739938046843,0.5615359406495967,771,1400,4,22.25318956983028,dumbbell,4,1,B,pca_denoise
0.02687247175627999,0.034011100044515984,0.028989380086175902,-7.0372881177340165,-4.926632881164551,-0.0,0.5888063377517578,3.0,0.24951060778019313,0.2143641562764894,0.5397588757618016,885,1400,4,24.199115340897677,dumbbell,4,1,B,pca_denoise
2.0756486538306936e-05,0.04059309377606302,0.05507527495518186,-7.055520531524078,-5.140768051147461,-0.0,0.4740820354419804,4.0,0.26555014943502864,0.2218669557766802,0.5171517500145462,695,1400,4,25.457467631216495,dumbbell,4,1,B,pca_denoise
0.034528661458968934,0.054571157845335325,0.018113142720664416,-7.057950455472339,-4.956124782562256,-0.0,0.49862829646553003,4.0,0.2310925822416186,0.22573248404223772,0.5397588757618016,1248,1400,4,26.766912365797136,dumbbell,4,1,B,pca_denoise
-0.0020673157307939346,0.04045516633423235,0.027842955523596988,-7.032316622459431,-4.414021968841553,-0.0,0.380812700773551,4.0,0.1904163063973387,0.18337858404304302,0.5715820047092698,487,1400,4,28.082515072449162,dumbbell,4,1,B,pca_denoise
0.04522697794480162,0.03537904767262524,0.032000523594339456,-7.046337644728155,-4.916428565979004,-0.0,0.588744443676414,3.0,0.25475145559667145,0.2181701087388137,0.5606328923680474,340,1400,4,29.25564682434372,dumbbell,4,1,B,pca_denoise
0.007574325257470846,0.012423121074766242,0.025416464990080365,-7.050996214131276,-5.073711395263672,-0.0,0.5799511892055769,3.0,0.25355500473807707,0.20172516092505613,0.523611313778515,821,1400,4,30.627666603343318,dumbbell,4,1,B,pca_denoise
0.04552806752338778,0.048191461947014784,0.025571871535331085,-7.059092597608721,-5.126675605773926,-0.0,0.3443902043445096,4.0,0.26305322196275166,0.2215420896232804,0.5328276340160141,710,1400,4,31.587976846787033,dumbbell,4,1,B,pca_denoise
0.0060487497764580575,0.02574280420649099,0.009526942685456386,-7.053544734679058,-4.822081565856934,-0.0,0.49754453736393733,4.0,0.22803538678631058,0.20365679841734066,0.534157237584647,861,1400,4,32.32007875824183,dumbbell,4,1,B,pca_denoise
0.05622703719163457,0.035074933106110255,0.04119963955756707,-7.056178118794017,-5.064414978027344,-0.0625,0.3549997685084971,4.0,0.2591287842189161,0.21963293166804138,0.5405610720891311,988,1400,4,33.12889594809895,dumbbell,4,1,B,pca_denoise
0.01910702377601,0.019288480925663768,0.027975632281568113,-7.044241040931232,-4.894876956939697,-0.0,0.30615705775347213,4.0,0.23997461424208516,0.19100467303278948,0.5360773023892172,453,1400,4,33.668914599485454,dumbbell,4,1,B,pca_denoise
0.050911331895831316,0.04266820110763415,0.021081704970157062,-7.052115476543446,-4.977175712585449,-0.0625,0.3037109414417179,4.0,0.2575369609691346,0.20835629910778158,0.5401608395732292,1088,1400,4,34.059592294100185,dumbbell,4,1,B,pca_denoise
0.008223255029180027,0.01984376127720703,0.026741761513175987,-7.05037983130868,-4.791248798370361,-0.0,0.38268181250013983,4.0,0.21837640766672528,0.19545311401947643,0.5321349187268914,517,1400,4,34.349569802337655,dumbbell,4,1,B,pca_denoise
0.04868407439438928,0.03717192934834146,0.049650788505872456,-7.054452772270843,-5.002525329589844,-0.0625,0.3750655944936939,4.0,0.265259602789484,0.21100476980128288,0.5576340259945238,350,1400,4,34.429009310151116,dumbbell,4,1,B,pca_denoise
-0.06595511167178328,-0.10749551744640268,0.015733686901515654,-7.137813750091207,-3.4777379035949707,-1.0,0.15757792867996553,5.0,0.187434795124723,0.30714183518525245,0.6035608691120536,139,1400,4,-23.903626854904992,dumbbell,4,1,B,diffdist_t4
-0.08821889296513653,-0.11303930376455597,0.02027298248340051,-7.121569567531818,-3.1253738403320312,-0.8125,0.3259333640203075,5.0,0.12825308632138682,0.30330543552894496,0.5782630811169617,345,1400,4,-19.30269743762144,dumbbell,4,1,B,diffdist_t4
-0.07033140717810742,-0.0882521842983819,0.026480998329884705,-7.090098848371634,-3.899886131286621,-0.5,-0.02314177367489062,5.0,0.19409883084106583,0.2828287555641625,0.563314965805955,567,1400,4,-9.49712260455786,dumbbell,4,1,B,diffdist_t4
-0.0545175766893074,-0.07656558659312691,0.04481788245347757,-7.063511573810086,-4.059052467346191,-0.125,0.3198133758342174,5.0,0.1787071813530371,0.27765929978871445,0.5539760015712918,957,1400,4,2.3680252371261394,dumbbell,4,1,B,diffdist_t4
-0.03161847349535872,-0.05754187221118948,0.05043213807885312,-6.976284901752302,-4.913114070892334,-0.0,0.754493427548887,5.0,0.2322778742541541,0.2250078132852401,0.43937492195734434,875,1400,4,12.14113035619155,dumbbell,4,1,B,diffdist_t4
-0.040679352570145655,-0.04347859688853697,0.026815361706285824,-6.984008580933845,-4.6140828132629395,-0.0,0.8089910722522329,5.0,0.20901304848819158,0.22974529598715115,0.4829906916113072,1199,1400,4,13.806165288432432,dumbbell,4,1,B,diffdist_t4
-0.04838100750525218,-0.04711360309923804,0.05218261245702692,-6.986669623880382,-4.7181854248046875,-0.0,0.754076738151445,5.0,0.23050098062886457,0.25657742516560644,0.4727280942981239,890,1400,4,15.18018583052862,dumbbell,4,1,B,diffdist_t4
-0.0639935962164788,-0.0803263064082757,0.05205534484791041,-6.947641807120188,-4.3955183029174805,-0.0,0.7341329567994344,5.0,0.21661856636996246,0.2120881649111159,0.5423020000431638,1183,1400,4,16.92961649185093,dumbbell,4,1,B,diffdist_t4
-0.04378285263922185,-0.05108556594288015,0.034183167760959435,-6.987612211105881,-4.742053031921387,-0.0,0.7255597899771418,5.0,0.22848602004685437,0.23917365355997233,0.48355097410209635,1112,1400,4,18.689674801817247,dumbbell,4,1,B,diffdist_t4
-0.05464308599322339,-0.07215766237150961,0.05182478489388664,-6.960029284560964,-4.503230094909668,-0.0,0.7156194496642755,5.0,0.21518847375948708,0.2350638062039916,0.5061298668484345,1346,1400,4,20.441465734001106,dumbbell,4,1,B,diffdist_t4
-0.0569679822144158,-0.057362687898079585,0.029587704739194746,-6.976957943873881,-4.599441051483154,-0.0,0.8069795945652831,5.0,0.2143037959247377,0.23262051655344151,0.4750816413940307,771,1400,4,22.25318956983028,dumbbell,4,1,B,diffdist_t4
-0.05161193247200182,-0.072371215845021,0.042214961763580874,-6.969974919657236,-4.530226707458496,-0.0,0.7052891569821489,5.0,0.2230271731229157,0.24676604718433717,0.4935848378074182,885,1400,4,24.199115340897677,dumbbell,4,1,B,diffdist_t4
-0.04295448895614653,-0.05776936259927975,0.02894316363171099,-6.993942575222866,-4.782851696014404,-0.0,0.5873852729544438,5.0,0.24157978262464624,0.23932938855580038,0.46717006537404576,695,1400,4,25.457467631216495,dumbbell,4,1,B,diffdist_t4
-0.03383356717938737,-0.045658538597031555,0.018212488033817607,-6.997724281127235,-4.590976715087891,-0.0,0.6921201289915759,5.0,0.20614977112915864,0.26619662752660983,0.48401941930842357,1248,1400,4,26.766912365797136,dumbbell,4,1,B,diffdist_t4
-0.0689818637826994,-0.07759281482040062,0.05940833196836889,-6.980707949164644,-4.1900634765625,-0.0,0.7423992380663195,5.0,0.20044937184073036,0.22005499070395557,0.5319233381096087,487,1400,4,28.082515072449162,dumbbell,4,1,B,diffdist_t4
-0.026912335493994227,-0.04196194019079851,0.03328969310538017,-7.003205457992046,-4.827339172363281,-0.0,0.6331472718593303,5.0,0.23827229809573575,0.26596831298243945,0.4852736923382068,340,1400,4,29.25564682434372,dumbbell,4,1,B,diffdist_t4
-0.03848973062178094,-0.06757754165645571,0.03968588529780945,-6.985477869363423,-4.671380043029785,-0.0,0.7328679649445049,5.0,0.23770784442285364,0.24263074217895225,0.4776483160577015,821,1400,4,30.627666603343318,dumbbell,4,1,B,diffdist_t4
-0.029596722777052772,-0.05066501535924376,0.040685307524461464,-6.993580757167672,-5.007226467132568,-0.0,0.7577698512017017,5.0,0.24691605430610858,0.2703489663167825,0.4562067197976477,710,1400,4,31.587976846787033,dumbbell,4,1,B,diffdist_t4
-0.051567522758158596,-0.06226313302600415,0.04364097620544373,-6.99335169396109,-4.4055681228637695,-0.0,0.5043889960220116,5.0,0.20561448188183074,0.2228688894247099,0.5032052634023341,861,1400,4,32.32007875824183,dumbbell,4,1,B,diffdist_t4
-0.035856002376063706,-0.04500073200631694,0.04716985879139618,-6.992551318653996,-4.807191371917725,-0.0,0.7399131501122712,5.0,0.24153972030551696,0.2546546740540682,0.4740841914275479,988,1400,4,33.12889594809895,dumbbell,4,1,B,diffdist_t4
-0.04633974620496541,-0.07260793942262497,0.049539654171089006,-6.9892715331645885,-4.621496200561523,-0.0,0.7607375318879269,5.0,0.23065159907186122,0.2292675528889179,0.5081715061730714,453,1400,4,33.668914599485454,dumbbell,4,1,B,diffdist_t4
-0.03484293223919373,-0.05231540082223619,0.0527871905312637,-6.994327071668848,-4.76328706741333,-0.0,0.5145389273894423,5.0,0.2403629239249585,0.2417641796738546,0.4814810272941097,1088,1400,4,34.059592294100185,dumbbell,4,1,B,diffdist_t4
-0.0580069061426642,-0.06466145353953623,0.051178422045375364,-6.9857239552401955,-4.464426040649414,-0.0,0.7293011375763717,5.0,0.20904642554811165,0.21233063743823669,0.49730799175128854,517,1400,4,34.349569802337655,dumbbell,4,1,B,diffdist_t4
-0.04569814438614302,-0.06170919186786431,0.0294087499589281,-6.99650458182597,-4.596595287322998,-0.0,0.7848358263245264,5.0,0.24259013825749234,0.2536593484388058,0.49442269797799976,350,1400,4,34.429009310151116,dumbbell,4,1,B,diffdist_t4
-0.0450778216777255,-0.027706346228593047,0.004117701168940152,-6.604172918550894,-2.868069648742676,-0.0,0.14397284856064352,5.0,0.07546217472649101,0.15912174135890148,0.42735842648852473,139,1400,4,-23.903626854904992,dumbbell,4,1,B,diffdist_t8
-0.07643612612146977,-0.03623011311264057,0.009657872644984434,-6.599599009246907,-3.0293116569519043,-0.0,0.215978983140233,5.0,0.062025733133087305,0.14990636695605436,0.40136855917891096,345,1400,4,-19.30269743762144,dumbbell,4,1,B,diffdist_t8
-0.10180914016252496,-0.0604805678725683,0.012252130706404636,-6.614615282868673,-3.891547679901123,-0.0,0.24509290606371492,5.0,0.0955016508738174,0.1346439523345099,0.3101631268295032,567,1400,4,-9.49712260455786,dumbbell,4,1,B,diffdist_t8
-0.08143023264512733,-0.06488625784149696,0.012270883473746066,-6.628390446213263,-3.909844398498535,-0.0,0.2484766976730639,5.0,0.0897760911130965,0.11684905181238184,0.29452135089141096,957,1400,4,2.3680252371261394,dumbbell,4,1,B,diffdist_t8
-0.10395034176489674,-0.10559106649387118,0.021689616520560017,-6.508662936505751,-4.783295631408691,-0.0,0.9006341298995137,5.0,0.09444351658141462,0.07414916038221311,0.217070132026424,875,1400,4,12.14113035619155,dumbbell,4,1,B,diffdist_t8
-0.05548451891237639,-0.08507216345344823,0.022537402632257536,-6.540593786713743,-5.188717365264893,-0.0,0.8888483869845873,5.0,0.10650814224214253,0.08029154924325038,0.1744333047056644,1199,1400,4,13.806165288432432,dumbbell,4,1,B,diffdist_t8
-0.04435353268967854,-0.07830870521564831,0.017363088437045118,-6.573893544216689,-5.291482925415039,-0.0,0.8274564438246765,5.0,0.11225792526445683,0.08540883347701544,0.18048142807700163,890,1400,4,15.18018583052862,dumbbell,4,1,B,diffdist_t8
-0.0853046340891912,-0.09320716039289365,0.02185846104500285,-6.559431959659127,-4.706686496734619,-0.0,0.8729886650986448,5.0,0.0983133850649567,0.0795920402743249,0.22536332011511834,1183,1400,4,16.92961649185093,dumbbell,4,1,B,diffdist_t8
-0.04255551881847756,-0.06555438226049767,0.015971480675906237,-6.580361717148847,-5.246853828430176,-0.0,0.7024792501549599,5.0,0.10277005256249729,0.08146165217496772,0.18566507103329546,1112,1400,4,18.689674801817247,dumbbell,4,1,B,diffdist_t8
-0.05463425515134711,-0.09035737266897613,0.01762034122453999,-6.569300748178957,-4.811745643615723,-0.0,0.9127595274873392,5.0,0.09828179578889626,0.08473282078713228,0.20344948709532334,1346,1400,4,20.441465734001106,dumbbell,4,1,B,diffdist_t8
-0.06684490495557809,-0.08321151302003485,0.011503005172130947,-6.554803193991808,-5.301408767700195,-0.0,0.759179535683651,5.0,0.11054656163417441,0.08180482476455954,0.16364567265943203,771,1400,4,22.25318956983028,dumbbell,4,1,B,diffdist_t8
-0.07225235946037044,-0.08034604942592534,0.016056549622137067,-6.592585781411239,-5.032726764678955,-0.0,0.7645791720788371,5.0,0.10573845624046735,0.08524039844039118,0.1868330426539157,885,1400,4,24.199115340897677,dumbbell,4,1,B,diffdist_t8
-0.07215922487584783,-0.09589356509087607,0.011148843582374725,-6.620214331002027,-5.196468830108643,-0.0625,0.5365192457837686,5.0,0.1192036673100623,0.10382134419094938,0.20100590780981778,695,1400,4,25.457467631216495,dumbbell,4,1,B,diffdist_t8
-0.04580502774685021,-0.06047288517931917,0.011236204680910756,-6.6564875032864315,-5.315356254577637,-0.0,0.5690709323816612,5.0,0.11209038191026734,0.10518938028735983,0.18851312466499293,1248,1400,4,26.766912365797136,dumbbell,4,1,B,diffdist_t8
-0.06642754752838394,-0.08620093833180376,0.018338262911948133,-6.622953096534097,-5.0241312980651855,-0.0,0.4830529417994176,5.0,0.10128399572468222,0.09841661765451118,0.19532092644835652,487,1400,4,28.082515072449162,dumbbell,4,1,B,diffdist_t8
-0.03646558863779953,-0.06179401027581736,0.018311490071457937,-6.6676448057603945,-5.386147975921631,-0.0,0.41831424234761033,5.0,0.1215367424381052,0.10487469106822862,0.18898016748752797,340,1400,4,29.25564682434372,dumbbell,4,1,B,diffdist_t8
-0.050629135981959575,-0.06309075354962776,0.013882910355033917,-6.615823939225738,-5.124710559844971,-0.0,0.677311704156534,5.0,0.11129617898191069,0.09416326229067669,0.20138661998593171,821,1400,4,30.627666603343318,dumbbell,4,1,B,diffdist_t8
-0.08905406825854945,-0.08099490364336763,0.014545287219013226,-6.631901154802985,-5.395015239715576,-0.0,0.49393647822071685,5.0,0.12444394490719538,0.11274817317150382,0.18454705687501144,710,1400,4,31.587976846787033,dumbbell,4,1,B,diffdist_t8
-0.06803175622216899,-0.08227340331756047,0.009325118560909411,-6.672015446634001,-4.7811713218688965,-0.0,0.44775974531831,5.0,0.09922091312074743,0.08672852594819422,0.21619932292258104,861,1400,4,32.32007875824183,dumbbell,4,1,B,diffdist_t8
-0.039298687346770486,-0.06814784895885523,0.018935142428106955,-6.638889650773466,-5.28034782409668,-0.0,0.4369606619494474,5.0,0.11639387082465955,0.10158800270777739,0.18846050117014923,988,1400,4,33.12889594809895,dumbbell,4,1,B,diffdist_t8
-0.06718545256351899,-0.11120790423819593,0.014981836258209898,-6.643604571617659,-4.905920505523682,-0.0625,0.26715510163336653,5.0,0.10080933076911211,0.1055486773326779,0.21124761730570898,453,1400,4,33.668914599485454,dumbbell,4,1,B,diffdist_t8
-0.04721192657162662,-0.07323368550753838,0.01669992112137854,-6.650042588857259,-5.247495174407959,-0.0625,0.41682995583654897,5.0,0.11858716715918827,0.10486750759463923,0.19826353394501534,1088,1400,4,34.059592294100185,dumbbell,4,1,B,diffdist_t8
-0.07777251068614148,-0.10105658900591576,0.013407644832526319,-6.634244900370236,-4.852386474609375,-0.0625,0.1715426534306184,5.0,0.09844250592654069,0.09115990381358394,0.2060700044052316,517,1400,4,34.349569802337655,dumbbell,4,1,B,diffdist_t8
-0.06742125874052678,-0.0918507877344954,0.008626367253887868,-6.681481187496152,-4.848141670227051,-0.0,0.3118854409989402,5.0,0.10599766090877373,0.1094333905998702,0.21300259681358158,350,1400,4,34.429009310151116,dumbbell,4,1,B,diffdist_t8
-4.760803643991132,-4.64680772536003,1.1803312308794611e-07,-7.15826687236793,-3.8655791456676525e-08,-0.0,0.9999999960044547,4.0,0.0,0.8599545195632672,0.8973828971427639,139,1400,4,-23.903626854904992,dumbbell,4,1,B,heatgeo_t
-4.8258299038697094,-4.437873150954692,3.933422023510991e-08,-7.158267210513673,-3.8655791456676525e-08,-0.0,0.9999999920304528,4.0,0.0,0.8608463057367934,0.90007782533693,345,1400,4,-19.30269743762144,dumbbell,4,1,B,heatgeo_t
-4.55365722538824,-4.464902888493084,2.2111845780770079e-07,-7.158261080486028,-5.286187388264807e-06,-0.0,0.999999993551704,4.0,1.2526563870132628e-07,0.8501742163500365,0.8975242267740842,567,1400,4,-9.49712260455786,dumbbell,4,1,B,heatgeo_t
-4.915843391363243,-4.836011599672301,3.8324628517244497e-07,-7.158252561615396,-9.560136277286801e-06,-0.0,0.9999999950823079,4.0,2.2684301185788593e-07,0.8448868554745598,0.8946451425721113,957,1400,4,2.3680252371261394,dumbbell,4,1,B,heatgeo_t
-4.700311153324162,-4.525007571085584,2.8051558290109746e-07,-7.1581981288666,-5.186148882785346e-06,-0.0,0.9999999910484318,4.0,1.2269971945633711e-07,0.8508453844008392,0.8928766940290155,875,1400,4,12.14113035619155,dumbbell,4,1,B,heatgeo_t
-4.545788362274684,-4.612503623902262,4.695017001010715e-07,-7.15819619525499,-1.3490905985236168e-05,-0.0,0.9999999922023713,4.0,3.224637319605832e-07,0.8404953542597887,0.8906241264785839,1199,1400,4,13.806165288432432,dumbbell,4,1,B,heatgeo_t
-4.572434640889935,-4.479114251120477,5.354547469513249e-07,-7.158210185600753,-1.1076977898483165e-05,-0.0,0.9999999925846603,4.0,2.5936400400283204e-07,0.8436418517524377,0.8910173113400817,890,1400,4,15.18018583052862,dumbbell,4,1,B,heatgeo_t
-4.854468052768478,-4.7118975735600195,7.549723268218678e-07,-7.158199260257049,-1.551931563881226e-05,-0.0,0.999999994292918,4.0,3.6617752529927737e-07,0.8383937327959536,0.8934418337566645,1183,1400,4,16.92961649185093,dumbbell,4,1,B,heatgeo_t
-4.673648906627766,-4.666905209397387,3.8833281369027306e-07,-7.158215607872256,-6.9036045715620276e-06,-0.0,0.9999999921379645,4.0,1.6035097918899818e-07,0.8468733529457494,0.8913784446149917,1112,1400,4,18.689674801817247,dumbbell,4,1,B,heatgeo_t
-4.703556318523817,-4.67667533425278,6.785639385872844e-07,-7.158200435215864,-1.7198113710037433e-05,-0.0,0.999999992204174,4.0,4.102742055168934e-07,0.8358774850171334,0.8921885970187984,1346,1400,4,20.441465734001106,dumbbell,4,1,B,heatgeo_t
-4.769710139325543,-4.651674683137949,4.974170664251432e-07,-7.158218408367114,-1.1237390936003067e-05,-0.0,0.9999999939678788,4.0,2.645862705874756e-07,0.8459275657891114,0.8934024882748424,771,1400,4,22.25318956983028,dumbbell,4,1,B,heatgeo_t
-4.605885052933638,-4.563264233976775,4.95765178624985e-07,-7.158223993277893,-9.032136404130142e-06,-0.0,0.9999999908967057,4.0,2.1326665085756477e-07,0.8454881999183941,0.891013998957898,885,1400,4,24.199115340897677,dumbbell,4,1,B,heatgeo_t
-4.442516231524259,-4.719690299926037,4.415674656060853e-07,-7.158229943301087,-7.113661467883503e-06,-0.0,0.9999999941685643,4.0,1.6492100964365992e-07,0.8489319442293647,0.8915430117271331,695,1400,4,25.457467631216495,dumbbell,4,1,B,heatgeo_t
-4.348591746526661,-4.432817693534749,3.515716840499228e-07,-7.1582399851110665,-6.6399647948856e-06,-0.0,0.9999999937631313,4.0,1.534509955659297e-07,0.8474305032381071,0.893047287349931,1248,1400,4,26.766912365797136,dumbbell,4,1,B,heatgeo_t
-4.777448594414112,-4.6734856131174105,9.80362887453845e-07,-7.158210372319985,-2.8221067623235285e-05,-0.0,0.9999999915489141,4.0,6.757642836131159e-07,0.8307771280694305,0.8971232961114424,487,1400,4,28.082515072449162,dumbbell,4,1,B,heatgeo_t
-4.59403065716513,-4.50530832599761,4.488520062503887e-07,-7.15823189630107,-9.287675311497878e-06,-0.0,0.9999999953627415,4.0,2.1975559065938118e-07,0.8439300666584517,0.8967535498160836,340,1400,4,29.25564682434372,dumbbell,4,1,B,heatgeo_t
-4.868335223479144,-4.768363875181073,5.038865904527512e-07,-7.158228630030495,-1.0340043445467018e-05,-0.0,0.9999999933236206,4.0,2.464015701368936e-07,0.8450606704978724,0.8949959967146502,821,1400,4,30.627666603343318,dumbbell,4,1,B,heatgeo_t
-4.5754595523584785,-4.524533042475906,2.785917050177056e-07,-7.158240218913829,-4.334066034061834e-06,-0.0,0.9999999927930168,4.0,1.0134491817935882e-07,0.849605377366894,0.8954637883384496,710,1400,4,31.587976846787033,dumbbell,4,1,B,heatgeo_t
-4.750767975094849,-4.5837264212910975,6.837516358035312e-07,-7.158230993072088,-1.5611552953487262e-05,-0.0,0.9999999952710027,4.0,3.688259360607004e-07,0.8421618812519732,0.8947547592926928,861,1400,4,32.32007875824183,dumbbell,4,1,B,heatgeo_t
-4.594298889805004,-4.608437518890811,4.0003138861155474e-07,-7.158239590204013,-6.559926532645477e-06,-0.0,0.9999999954816556,4.0,1.5140575654665242e-07,0.8481978949781528,0.8931078972754287,988,1400,4,33.12889594809895,dumbbell,4,1,B,heatgeo_t
-4.945104497951537,-4.828015646385745,7.043284670008032e-07,-7.158225546080034,-2.090981070068665e-05,-0.0,0.9999999941734534,4.0,4.960442752621547e-07,0.8368805423479907,0.8971051807986447,453,1400,4,33.668914599485454,dumbbell,4,1,B,heatgeo_t
-4.708729850034796,-4.591555958156046,5.45915831602628e-07,-7.158238863786112,-1.2100733329134528e-05,-0.0,0.9999999942622532,4.0,2.843028072293076e-07,0.8430903942370385,0.8960808866483104,1088,1400,4,34.059592294100185,dumbbell,4,1,B,heatgeo_t
-4.987356158735083,-4.886819005065255,6.476048066139661e-07,-7.15823179348683,-1.6260044503724203e-05,-0.0,0.999999993099003,4.0,3.860266469921339e-07,0.8424354594622167,0.8957854765260498,517,1400,4,34.349569802337655,dumbbell,4,1,B,heatgeo_t
-4.66976021416008,-4.665887774989428,5.819229729753239e-07,-7.158238997294221,-1.1471720426925458e-05,-0.0,0.9999999929801948,4.0,2.679183226070862e-07,0.8432439110082312,0.894052507987425,350,1400,4,34.429009310151116,dumbbell,4,1,B,heatgeo_t
-4.366497371762553,-4.16626096381733,4.2033008267744476e-07,-7.1582643491970614,-4.683217412093654e-06,-0.0,0.9999999901511496,4.0,1.0982202391072173e-07,0.8458124339396695,0.8873158110333875,139,1400,4,-23.903626854904992,dumbbell,4,1,B,heatgeo_4t
-4.432159705664168,-3.9775099405544645,3.0770863679308036e-07,-7.15826472185004,-5.398285338742426e-06,-0.0,0.9999999806490485,4.0,1.2750108035313799e-07,0.8468096115344063,0.8902901698528527,345,1400,4,-19.30269743762144,dumbbell,4,1,B,heatgeo_4t
-4.167404247276773,-3.9991721521435806,6.369925545160471e-07,-7.158257766395299,-1.5872778021730483e-05,-0.0,0.9999999844411982,4.0,3.735801855149206e-07,0.8349287814470069,0.8874785474903241,567,1400,4,-9.49712260455786,dumbbell,4,1,B,heatgeo_4t
-4.512023631546821,-4.337735490318364,9.88090412636089e-07,-7.158248241378663,-2.4481103537254967e-05,-0.0,0.9999999880424403,4.0,5.796776452900825e-07,0.8290350315044377,0.8842847858165901,957,1400,4,2.3680252371261394,dumbbell,4,1,B,heatgeo_4t
-4.300355695990172,-4.045368756218785,9.051747378654995e-07,-7.1581936767026715,-2.062405474134721e-05,-0.0,0.999999978701061,4.0,4.853367998026628e-07,0.8356748268932453,0.8823126875585476,875,1400,4,12.14113035619155,dumbbell,4,1,B,heatgeo_4t
-4.152073609271114,-4.125152095003369,1.1741670715437191e-06,-7.15819097727118,-3.267451029387303e-05,-0.0,0.9999999802486261,4.0,7.818619391809853e-07,0.824138511438235,0.8798271467690614,1199,1400,4,13.806165288432432,dumbbell,4,1,B,heatgeo_4t
-4.175674105926062,-4.001155707794451,1.3000991907693993e-06,-7.158205010270867,-2.8242962798685767e-05,-0.0,0.9999999823251573,4.0,6.698294700127592e-07,0.8276459606014129,0.8802560125661991,890,1400,4,15.18018583052862,dumbbell,4,1,B,heatgeo_4t
-4.442017891574242,-4.212436702471068,1.744948892219711e-06,-7.15819299259957,-4.058126069139689e-05,-0.0,0.9999999865834626,4.0,9.654097788309823e-07,0.8217897359361077,0.8829345630619507,1183,1400,4,16.92961649185093,dumbbell,4,1,B,heatgeo_4t
-4.272464854459356,-4.173967081168856,1.134208985162366e-06,-7.158210552396754,-2.507091085135471e-05,-0.0,0.9999999781551938,4.0,5.931831751656474e-07,0.8312460261676945,0.8806601541424444,1112,1400,4,18.689674801817247,dumbbell,4,1,B,heatgeo_4t
-4.300257883743969,-4.181441818317783,1.5708446521670028e-06,-7.158193967499292,-4.23012679675594e-05,-0.0,0.999999981419436,4.0,1.0132652641785108e-06,0.8189843491052115,0.8815475744760388,1346,1400,4,20.441465734001106,dumbbell,4,1,B,heatgeo_4t
-4.366628888259165,-4.161722972473187,1.2913560226701648e-06,-7.158213153937034,-2.999170101247728e-05,-0.0,0.9999999882151436,4.0,7.155811589798143e-07,0.8301908324457165,0.8828946290679652,771,1400,4,22.25318956983028,dumbbell,4,1,B,heatgeo_4t
-4.206863554650863,-4.078312012267465,1.347898442076445e-06,-7.1582183109223365,-3.0466148018604144e-05,-0.0,0.9999999836049649,4.0,7.215984421692836e-07,0.8297015717508861,0.8802591778889428,885,1400,4,24.199115340897677,dumbbell,4,1,B,heatgeo_4t
-4.051691513410697,-4.222197116605296,1.1022755862996614e-06,-7.15822502508626,-1.8286300473846495e-05,-0.0,0.9999999870532141,4.0,4.343821604380273e-07,0.8335376823091848,0.8808452380772128,695,1400,4,25.457467631216495,dumbbell,4,1,B,heatgeo_4t
-3.9621625736989925,-3.9595745032530383,9.801597740943802e-07,-7.1582348985690825,-1.9862061890307814e-05,-0.0,0.9999999847105168,4.0,4.684276691703844e-07,0.8318699939323126,0.882503872828015,1248,1400,4,26.766912365797136,dumbbell,4,1,B,heatgeo_4t
-4.3724688709631705,-4.182218391621512,1.9725361347783243e-06,-7.158203847755353,-5.6813332776073366e-05,-0.0,0.9999999798106671,4.0,1.3737110058504076e-06,0.8132847884979455,0.8870074919570343,487,1400,4,28.082515072449162,dumbbell,4,1,B,heatgeo_4t
-4.196390520966636,-4.027121594655508,1.212526692495608e-06,-7.15822670088481,-2.9096536309225485e-05,-0.0,0.9999999872036484,4.0,6.884382494445228e-07,0.8279661168772676,0.8866046956287607,340,1400,4,29.25564682434372,dumbbell,4,1,B,heatgeo_4t
-4.459917959931218,-4.268821805056497,1.2591398640959817e-06,-7.158223548593316,-2.8656297217821702e-05,-0.0,0.9999999838456359,4.0,6.777348821788165e-07,0.8292297778972524,0.8846563710975093,821,1400,4,30.627666603343318,dumbbell,4,1,B,heatgeo_4t
-4.180184090700617,-4.044431377897339,8.988654210950742e-07,-7.158235422211675,-1.8414439182379283e-05,-0.0,0.9999999824745527,4.0,4.358945855579744e-07,0.8342917899392347,0.8851739177291479,710,1400,4,31.587976846787033,dumbbell,4,1,B,heatgeo_4t
-4.34570425885997,-4.097771310118543,1.5668396935800133e-06,-7.158225707857825,-3.8457263144664466e-05,-0.0,0.9999999871180376,4.0,9.189400889489702e-07,0.8259918585868467,0.8843882855240601,861,1400,4,32.32007875824183,dumbbell,4,1,B,heatgeo_4t
-4.19681826908389,-4.120543248083984,1.2122495969893454e-06,-7.158234604154991,-2.7465755920275114e-05,-0.0,0.9999999890946276,4.0,6.453290344073715e-07,0.8327225956406976,0.8825707094879621,988,1400,4,33.12889594809895,dumbbell,4,1,B,heatgeo_4t
-4.534160722570649,-4.322733271589686,1.4959950624254814e-06,-7.158219769246381,-4.255501335137524e-05,-0.0,0.9999999859325035,4.0,1.0193757786035651e-06,0.8201038973393598,0.8870040541052913,453,1400,4,33.668914599485454,dumbbell,4,1,B,heatgeo_4t
-4.305839971077081,-4.106680941142483,1.3032048278918684e-06,-7.158233616558573,-3.0167582735884935e-05,-0.0,0.9999999860772917,4.0,7.166122320536944e-07,0.8270304273001776,0.8858787217424521,1088,1400,4,34.059592294100185,dumbbell,4,1,B,heatgeo_4t
-4.575187817967881,-4.3786928382775825,1.514121105883337e-06,-7.158226174780365,-3.973372804466635e-05,-0.0,0.9999999830522784,4.0,9.471607933874322e-07,0.8262990500771343,0.885529696599846,517,1400,4,34.349569802337655,dumbbell,4,1,B,heatgeo_4t
-4.268703055750476,-4.1744690937165885,1.3608953500360288e-06,-7.158233730583155,-3.040981391677633e-05,-0.0,0.9999999826969537,4.0,7.213470429643503e-07,0.8271989565494686,0.8836182415997587,350,1400,4,34.429009310151116,dumbbell,4,1,B,heatgeo_4t
0.03534787703629078,0.01302047316832109,0.05678469912935548,-7.066517243877283,-4.9406843185424805,-0.0,0.5048288027988672,3.0,0.2549707665356011,0.1911366391687912,0.5321442991760177,139,1400,4,-23.903626854904992,dumbbell,4,1,B,fb_potential
-0.013185786455856777,-0.01767225637022863,0.03504162299598431,-7.075671829998235,-5.068171501159668,-0.0625,0.32704258368355343,4.0,0.23766984270540567,0.18961789654625058,0.5061069001041535,345,1400,4,-19.30269743762144,dumbbell,4,1,B,fb_potential
0.024973842473787717,0.029559100567251497,0.0298933542816125,-7.045777076622712,-4.670636177062988,-0.0625,0.29516407294843594,4.0,0.21838223774263757,0.18396285689550504,0.5558764614255196,567,1400,4,-9.49712260455786,dumbbell,4,1,B,fb_potential
-0.02801597616177691,-0.0003363280152119986,0.030168745936856457,-7.060529408401994,-4.942363262176514,-0.0625,0.38583211183997174,4.0,0.22807259124910467,0.17555357878579314,0.5086218849457068,957,1400,4,2.3680252371261394,dumbbell,4,1,B,fb_potential
-0.021468087961515024,0.009778477891885587,0.03804121748119421,-7.070296823869311,-5.337996482849121,-0.0,0.5129073481379886,4.0,0.251969668068995,0.17734988099691337,0.47693974231160136,875,1400,4,12.14113035619155,dumbbell,4,1,B,fb_potential
-0.027084535973122815,-0.03284329432251808,0.01874288521781231,-7.0551787336682406,-5.01243782043457,-0.0,0.528001608974065,4.0,0.22156917844881788,0.17300733174983723,0.5022620849936628,1199,1400,4,13.806165288432432,dumbbell,4,1,B,fb_potential
-0.053438531222252963,-0.026802532594912973,0.04782482806322411,-7.073124341164128,-5.422665596008301,-0.0,0.4022684617628427,2.0,0.263952694127403,0.17703619813836197,0.4753840850812056,890,1400,4,15.18018583052862,dumbbell,4,1,B,fb_potential
0.018981314556294152,-0.01132060417437733,0.038476052886938124,-7.0117090089186895,-4.784764289855957,-0.0,0.35789209387919496,4.0,0.23506348883869832,0.17694739437501292,0.5429024333479037,1183,1400,4,16.92961649185093,dumbbell,4,1,B,fb_potential
-0.017934493220564035,0.018529602756060935,0.03651071387853965,-7.062708962126283,-5.251164436340332,-0.0,0.49466679499595945,4.0,0.2538757443331209,0.18609211234703935,0.49433997535539037,1112,1400,4,18.689674801817247,dumbbell,4,1,B,fb_potential
-0.0437390439958913,-0.015529625016303688,0.04468430437483359,-7.0194878441234385,-4.792632579803467,-0.0,0.46606969798959336,3.0,0.2241313689727253,0.179718468330047,0.5297919038334202,1346,1400,4,20.441465734001106,dumbbell,4,1,B,fb_potential
-0.009647440767427075,0.007513513199577074,0.017839214087181633,-7.061924687385762,-4.937719345092773,-0.0,0.4183355467299397,4.0,0.2291674935797257,0.19344035418753158,0.5248503465927314,771,1400,4,22.25318956983028,dumbbell,4,1,B,fb_potential
-0.0045548902200810365,-0.009270099450561812,0.026200306327395482,-7.023026624541221,-4.83667516708374,-0.0,0.475850554032542,3.0,0.23871895532239062,0.19146329649022126,0.5349205820474487,885,1400,4,24.199115340897677,dumbbell,4,1,B,fb_potential
-0.009950772637805184,0.004782967416636257,0.04413225307563499,-7.067251461973241,-5.25893497467041,-0.0,0.45543876933897315,4.0,0.2659181163171245,0.1742980473176835,0.4904835771453323,695,1400,4,25.457467631216495,dumbbell,4,1,B,fb_potential
0.0015160268968473526,-0.001615035095915494,0.0458564841356443,-7.02811288380293,-4.809711933135986,-0.0,0.3327548041359635,4.0,0.2316879600245241,0.2005910398298488,0.5538979601887737,1248,1400,4,26.766912365797136,dumbbell,4,1,B,fb_potential
-0.01569637715478173,-0.012000175292850216,0.025044346286405735,-7.013847824687795,-4.527548313140869,-0.0,0.4446132724871773,2.0,0.21096937253336323,0.18489507031413197,0.5568932175573544,487,1400,4,28.082515072449162,dumbbell,4,1,B,fb_potential
0.03866105623383575,0.028266305431276253,0.028189100551761388,-7.002853088942451,-4.724137306213379,-0.0,0.5256673102487439,2.0,0.2582226777406505,0.21679643962998726,0.5873576390213371,340,1400,4,29.25564682434372,dumbbell,4,1,B,fb_potential
0.0025549326747400327,0.02314991425163197,0.03736136632435481,-7.073387172610154,-5.120987415313721,-0.0,0.4434916298929227,4.0,0.25360518438704105,0.19460177731966755,0.522532352708008,821,1400,4,30.627666603343318,dumbbell,4,1,B,fb_potential
0.010459647163179459,0.013929983792431514,0.03891818372417429,-7.06774294019065,-5.132347106933594,-0.0,0.4748707295165261,4.0,0.25622513252000406,0.19349553913486933,0.5251687253024588,710,1400,4,31.587976846787033,dumbbell,4,1,B,fb_potential
-0.023645729294234297,-0.004599838524887238,0.0354418414012388,-7.004561446620608,-4.718099117279053,-0.0,0.5174282798668159,4.0,0.22820533881750465,0.17814518426570017,0.5330078575112486,861,1400,4,32.32007875824183,dumbbell,4,1,B,fb_potential
-0.020990302288990046,-0.011584745364676446,0.05433050708138004,-7.073441779882126,-5.132744312286377,-0.0625,0.36327066385637746,1.0,0.2493851545713802,0.19232296770420093,0.5081361426216614,988,1400,4,33.12889594809895,dumbbell,4,1,B,fb_potential
-0.008452294402120862,0.021730954272492334,0.04858691996571823,-7.075453007142102,-4.978400230407715,-0.0,0.41176935539624,3.0,0.24394792791870412,0.18363626914224057,0.5310867674031386,453,1400,4,33.668914599485454,dumbbell,4,1,B,fb_potential
0.024422863408079892,0.015136313070329657,0.03800864635616623,-7.061075378335911,-4.989058017730713,-0.0,0.4394663423416489,4.0,0.2468336855933726,0.19058235480961883,0.5289506942713785,1088,1400,4,34.059592294100185,dumbbell,4,1,B,fb_potential
-0.010111242132364053,0.00952396278051635,0.0515810022515736,-7.063255645243391,-4.953763008117676,-0.0,0.39647068640024674,4.0,0.23477477688252507,0.1788295784865283,0.5133792517720305,517,1400,4,34.349569802337655,dumbbell,4,1,B,fb_potential
0.042821892546740646,0.013003137175104824,0.10433641978362836,-7.022113134786286,-4.760822772979736,-0.0625,0.3400829994992104,4.0,0.26774006076388235,0.20807560049077384,0.5901338784126647,350,1400,4,34.429009310151116,dumbbell,4,1,B,fb_potential
-0.11922051130215383,-0.13646729293532012,0.051195632178593194,-7.128085938695444,-5.071358680725098,-0.4375,0.16997446630372026,4.0,0.2563470883598772,0.2169888426158239,0.5544940277500421,139,1400,4,-23.903626854904992,dumbbell,4,1,C05,plain
-0.058644278256107206,-0.0810959391656678,-0.006390820829295705,-7.113504613774268,-4.629447937011719,-0.25,0.3360240695801367,3.0,0.24832971461176023,0.2415027201717611,0.6400730777489582,345,1400,4,-19.30269743762144,dumbbell,4,1,C05,plain
-0.0878041853859223,-0.07537030179428854,0.036905171063446054,-7.1266313588191865,-5.106768608093262,-0.1875,0.06619678735120114,3.0,0.26955121602601884,0.23847297494249087,0.5761988388139958,567,1400,4,-9.49712260455786,dumbbell,4,1,C05,plain
-0.0822110762102803,-0.10247353551170722,-0.005755814337449752,-7.1092037992210955,-4.917163372039795,-0.0,0.21565082225060012,4.0,0.25673502748628735,0.208025081643443,0.5620215497257939,957,1400,4,2.3680252371261394,dumbbell,4,1,C05,plain
-0.03524814472194796,-0.05330823292561278,-0.0023995643830736074,-7.110965195043313,-5.347166061401367,-0.0,0.4998494235209471,4.0,0.266621020849101,0.23064428003175536,0.4995741627566851,875,1400,4,12.14113035619155,dumbbell,4,1,C05,plain
-0.015558566881700863,-0.07435721479474959,0.033852034837841695,-7.097460594240349,-4.646668434143066,-0.0,0.6545930608059554,5.0,0.24301751444930636,0.26768139167278354,0.6221499938784308,1199,1400,4,13.806165288432432,dumbbell,4,1,C05,plain
-0.06091214791160952,-0.1260514498273203,0.02095497202129286,-7.121248954049238,-5.217720031738281,-0.25,-0.020080975623260333,4.0,0.26431235454848523,0.22966671433225777,0.5472524760061681,890,1400,4,15.18018583052862,dumbbell,4,1,C05,plain
-0.049885697050713496,-0.12190174135368964,0.08854339719549084,-7.113334589508903,-4.410672187805176,-0.0,0.5155592633394434,4.0,0.23472494718820314,0.32788947453193057,0.6710055798627755,1183,1400,4,16.92961649185093,dumbbell,4,1,C05,plain
-0.002787157206919021,-0.028438650588805063,0.08032878341934313,-7.11042524165691,-3.6891181468963623,-0.0,0.4607952667091854,4.0,0.18177632634017377,0.3791614778116264,0.7448837198766364,1112,1400,4,18.689674801817247,dumbbell,4,1,C05,plain
-0.14607416592321554,-0.2269884668260865,0.03103413786151752,-7.114195633955509,-5.164115905761719,-0.0,0.2439521278164635,4.0,0.23301552376647827,0.16711346769976276,0.47989652274292843,1346,1400,4,20.441465734001106,dumbbell,4,1,C05,plain
-0.04145012078860793,-0.0562264068404924,0.07113780505154484,-7.093769924532377,-4.291136741638184,-0.0,0.6876249134076555,1.0,0.2451301288619159,0.28715837247076503,0.6708562769679716,771,1400,4,22.25318956983028,dumbbell,4,1,C05,plain
-0.016517990909952308,-0.07608833008678043,0.04251433135641999,-7.11671364323394,-4.806953430175781,-0.0,0.5155577358143882,5.0,0.24898680561817102,0.2904076043095844,0.6077089959425636,885,1400,4,24.199115340897677,dumbbell,4,1,C05,plain
-0.05670752037441323,-0.09472541361002919,0.05610518477787428,-7.1075288071918195,-4.72454833984375,-0.0625,0.5038241672174875,4.0,0.25658759362273353,0.23796675488891875,0.6016204160865302,695,1400,4,25.457467631216495,dumbbell,4,1,C05,plain
-0.007687726526011654,-0.037800981542812105,0.010926255452904342,-7.122845205451792,-4.889774322509766,-0.0625,0.3630193253701364,4.0,0.2584864011866688,0.26803313451770727,0.6105390622737626,1248,1400,4,26.766912365797136,dumbbell,4,1,C05,plain
-0.1032831554191819,-0.11908950655034517,0.03632490298201785,-7.1055769098706385,-4.659379959106445,-0.0,0.2697293104247103,4.0,0.2437326977661336,0.23287696902975227,0.6035444716094356,487,1400,4,28.082515072449162,dumbbell,4,1,C05,plain
-0.05911233930845159,-0.08816361215374413,0.04587971474909345,-7.104816831705026,-4.778853893280029,-0.0,0.39425904124172584,4.0,0.24870314680905153,0.2333307265897381,0.6005160580254293,340,1400,4,29.25564682434372,dumbbell,4,1,C05,plain
-0.10266490973549408,-0.09024911928759703,0.013893550752917766,-7.110560093961887,-5.00600528717041,-0.125,0.45526181169367524,3.0,0.25601083132885877,0.2151176499951884,0.5526932438868657,821,1400,4,30.627666603343318,dumbbell,4,1,C05,plain
-0.09731452690748811,-0.11122701822322546,0.04812633055162108,-7.106894714424296,-4.867743968963623,-0.0625,0.2814119520336278,3.0,0.2350633519305857,0.20550613671192972,0.5553926113443135,710,1400,4,31.587976846787033,dumbbell,4,1,C05,plain
-0.10580856949995,-0.13883084823387584,0.02971754849537883,-7.117561111614091,-5.310101509094238,-0.0,0.44397299808462704,4.0,0.26329456569999415,0.2065150142385007,0.5174438069851289,861,1400,4,32.32007875824183,dumbbell,4,1,C05,plain
-0.0861700412998773,-0.13234327183636097,0.016143263369626813,-7.105639809470649,-4.948084831237793,-0.0,0.5206234397362144,4.0,0.2493712697850397,0.21639816920190905,0.5514497401627586,988,1400,4,33.12889594809895,dumbbell,4,1,C05,plain
-0.132364814020715,-0.11341418436669433,0.0041554214641296005,-7.114975390129054,-5.08099365234375,-0.0,0.3845587909671048,5.0,0.25571904713621335,0.21966174252835483,0.5509379669481321,453,1400,4,33.668914599485454,dumbbell,4,1,C05,plain
0.026452599474372382,-0.013825926721499564,0.03730598297656848,-7.114562203069818,-4.527478218078613,-0.0625,0.4067529281411476,4.0,0.23581575212818412,0.29801643598429417,0.6438387177829108,1088,1400,4,34.059592294100185,dumbbell,4,1,C05,plain
-0.1294294572480241,-0.12237441850829966,-0.02240743988312966,-7.133263268410003,-5.637660503387451,-0.375,0.12379607136351224,3.0,0.3010205111229769,0.23357026701497033,0.5282565756413673,517,1400,4,34.349569802337655,dumbbell,4,1,C05,plain
-0.11027353278605197,-0.12388502542016207,-0.009300387349098192,-7.104598900590496,-4.657971382141113,-0.0,0.5212552866021285,3.0,0.22433587709625952,0.20963946568299097,0.5817410591097245,350,1400,4,34.429009310151116,dumbbell,4,1,C05,plain
-0.01799918158989807,-0.04563783936292727,0.02915782547590731,-7.117976651937982,-5.038357734680176,-0.5625,0.25342207599833666,3.0,0.25628491163985523,0.2107132216690126,0.547788524307222,139,1400,4,-23.903626854904992,dumbbell,4,1,C05,pca_denoise
-0.019648626831709686,-0.04520601478701016,0.0034173632394637263,-7.106644327367585,-4.660511016845703,-0.1875,0.37478480210015847,3.0,0.24045013673461635,0.24935573101599573,0.609366878976054,345,1400,4,-19.30269743762144,dumbbell,4,1,C05,pca_denoise
-0.0319893421732669,-0.023836218582418998,-0.03245307648047911,-7.11113051888119,-5.054807662963867,-0.0625,0.48877453242972385,3.0,0.2518481734008817,0.2195883951004193,0.5465718159397012,567,1400,4,-9.49712260455786,dumbbell,4,1,C05,pca_denoise
-0.032187076349313254,-0.03447965445371891,-0.006511421407577125,-7.084413056526247,-4.805001258850098,-0.0,0.24864678554586744,5.0,0.23291786909212542,0.18607648541837785,0.5472235516962853,957,1400,4,2.3680252371261394,dumbbell,4,1,C05,pca_denoise
-0.02023104861775335,-0.018951715041441015,0.0177450923096433,-7.08838997370722,-5.276641368865967,-0.0,0.48109521360836555,4.0,0.2595420223317957,0.22224792343385003,0.5148451284256298,875,1400,4,12.14113035619155,dumbbell,4,1,C05,pca_denoise
-0.0382105677288687,-0.036526206578161365,0.019172083927690035,-7.064342744770233,-4.61840295791626,-0.0,0.5989927402803041,5.0,0.23679623450020565,0.21880610653704494,0.5670554149214574,1199,1400,4,13.806165288432432,dumbbell,4,1,C05,pca_denoise
-0.013962090930570553,-0.012606554794699533,7.80479115695936e-05,-7.107253196643871,-5.166606903076172,-0.25,0.4763979852888556,4.0,0.2651611477012782,0.24301228365047087,0.5439456384586525,890,1400,4,15.18018583052862,dumbbell,4,1,C05,pca_denoise
-0.005389237566340061,-0.01987124187710191,0.058671923990639044,-7.095965032524252,-4.569453716278076,-0.0,0.44818559479151354,4.0,0.2464633630480284,0.29775086672683787,0.6426221828081219,1183,1400,4,16.92961649185093,dumbbell,4,1,C05,pca_denoise
0.05453355843857726,0.01730503646206771,0.05445260379916857,-7.077343473068721,-4.277266979217529,-0.0,0.37682897090754686,4.0,0.22810267008841553,0.30556333856200957,0.6702593942092395,1112,1400,4,18.689674801817247,dumbbell,4,1,C05,pca_denoise
-0.11240819091864582,-0.135535992334428,0.04830671666498869,-7.093346685024098,-5.065707683563232,-0.0,0.5170317245117713,4.0,0.23110304027026876,0.1913468726458085,0.4904677194638043,1346,1400,4,20.441465734001106,dumbbell,4,1,C05,pca_denoise
-0.028882462339769807,-0.02752267491126705,0.04122192585768723,-7.053068378710925,-4.345440864562988,-0.0,0.5002213798984816,4.0,0.22163891265285263,0.2051430883651124,0.6052244495843582,771,1400,4,22.25318956983028,dumbbell,4,1,C05,pca_denoise
0.0005888870081601278,-0.042405188860271815,0.04972164204097139,-7.0903183146620465,-4.7324676513671875,-0.0625,0.5705717319115473,5.0,0.25400279324156494,0.25449149719733205,0.6055964642905246,885,1400,4,24.199115340897677,dumbbell,4,1,C05,pca_denoise
-0.0279740363099872,-0.01386962432633949,0.021166569582468188,-7.090376896531293,-4.870691299438477,-0.125,0.3131103014206067,3.0,0.24776460953232468,0.22389028529492785,0.5620683793070378,695,1400,4,25.457467631216495,dumbbell,4,1,C05,pca_denoise
0.006581303116828264,0.021382875034897844,0.008516649452566213,-7.110882326602324,-5.0461578369140625,-0.0625,0.5546892258053445,4.0,0.2629901442516165,0.2523826632019737,0.5800617030658423,1248,1400,4,26.766912365797136,dumbbell,4,1,C05,pca_denoise
-0.03723761032602476,-0.02656572174740627,0.03996096002350022,-7.083040241725817,-4.658148288726807,-0.0625,0.3882606558277995,3.0,0.22929961878976682,0.214913000251678,0.5932986576411753,487,1400,4,28.082515072449162,dumbbell,4,1,C05,pca_denoise
0.015259716514363935,-0.011967497623710906,0.04611093673926175,-7.084385061832088,-4.801468849182129,-0.0,0.4354988924128303,4.0,0.2421794841986228,0.22310109306255232,0.5682515175699909,340,1400,4,29.25564682434372,dumbbell,4,1,C05,pca_denoise
-0.01677496674127917,-0.04731576280465396,0.01118837491937922,-7.08247997031293,-4.797175407409668,-0.0625,0.5373812083456937,4.0,0.24296704809089925,0.2178227438171435,0.5570596081210224,821,1400,4,30.627666603343318,dumbbell,4,1,C05,pca_denoise
-0.08505581442349515,-0.052270580927190974,0.01577635940153838,-7.084502102166019,-4.7021989822387695,-0.125,0.16689557468110489,6.0,0.2155673024029609,0.22279092707603246,0.5567735074884934,710,1400,4,31.587976846787033,dumbbell,4,1,C05,pca_denoise
-0.047864878219651456,-0.03021834110586208,0.023293610121461805,-7.092215929861813,-5.010056495666504,-0.0,0.4872393643697156,4.0,0.24195340240443877,0.20632210202074164,0.5281430566355935,861,1400,4,32.32007875824183,dumbbell,4,1,C05,pca_denoise
-0.01823752763207846,-0.027160507434584123,0.04842794331135415,-7.080249954170727,-4.7254767417907715,-0.0,0.5270533147871541,4.0,0.2196962233766247,0.21166138508138901,0.5548996648336705,988,1400,4,33.12889594809895,dumbbell,4,1,C05,pca_denoise
-0.03665099580190267,-0.042058900699561426,0.008387208698738415,-7.096850693756054,-4.96151065826416,-0.0,0.30922879667384784,4.0,0.23955007546312218,0.24237288682784652,0.5527361823316348,453,1400,4,33.668914599485454,dumbbell,4,1,C05,pca_denoise
0.02326901413239472,0.006160884590205971,0.012464972561693334,-7.094941606764985,-4.79865026473999,-0.0625,0.2197148529228921,4.0,0.21431755800658436,0.22224108529335593,0.5511261832272769,1088,1400,4,34.059592294100185,dumbbell,4,1,C05,pca_denoise
-0.05806129389421924,-0.07363199312608112,-0.007428678158629489,-7.115538787335845,-5.212949275970459,-0.375,0.18091902317757574,2.0,0.28077989002750736,0.23411450760397653,0.5639177509417359,517,1400,4,34.349569802337655,dumbbell,4,1,C05,pca_denoise
-0.021023882628016334,-0.02655785635581764,-0.004426035340857016,-7.082923623533385,-4.640681266784668,-0.0625,0.31929940261891554,4.0,0.218595666961798,0.21601570846598092,0.5830489190361418,350,1400,4,34.429009310151116,dumbbell,4,1,C05,pca_denoise
-0.07398009400323877,-0.06902075461065744,0.03148147582636719,-7.107656267760697,-3.711486339569092,-0.25,0.33913349885521965,5.0,0.1776301573013584,0.2947066943937608,0.5710596494420085,139,1400,4,-23.903626854904992,dumbbell,4,1,C05,diffdist_t4
-0.06671634179715606,-0.0791232976684226,0.037837108565475744,-7.063902150419607,-3.66039776802063,-0.0625,0.24656361870960222,5.0,0.1758513950217365,0.27442805469507997,0.571983630940707,345,1400,4,-19.30269743762144,dumbbell,4,1,C05,diffdist_t4
-0.094241130975869,-0.09909846174584966,0.0034251818907889437,-7.06160195333505,-4.441328525543213,-0.0,0.4367769521830444,5.0,0.2104304965726712,0.26050603148111046,0.46183379789989776,567,1400,4,-9.49712260455786,dumbbell,4,1,C05,diffdist_t4
-0.06898482785284893,-0.07649492939754067,0.01818990454444887,-7.02147271416116,-4.2418599128723145,-0.0,0.8356726888684514,5.0,0.20237687619400727,0.22990493194860934,0.4902182516306039,957,1400,4,2.3680252371261394,dumbbell,4,1,C05,diffdist_t4
-0.07306932978095719,-0.08294374326251851,0.046783615017861366,-6.988965131646598,-5.099992752075195,-0.0,0.9243209111673059,5.0,0.23098306862199292,0.22434150087049465,0.3896386018830567,875,1400,4,12.14113035619155,dumbbell,4,1,C05,diffdist_t4
-0.05473384280204872,-0.08263466996142352,0.05847834705994657,-6.978712850937283,-4.690271377563477,-0.0,0.7967431651434387,5.0,0.2038892619296549,0.23249098466060958,0.4556546720305043,1199,1400,4,13.806165288432432,dumbbell,4,1,C05,diffdist_t4
-0.04849448657972915,-0.06136631671505734,0.025797773550194327,-7.03726767226189,-4.8640336990356445,-0.0,0.5078013093883991,5.0,0.2220545909633179,0.26725144026848013,0.4301025274868015,890,1400,4,15.18018583052862,dumbbell,4,1,C05,diffdist_t4
-0.08202436017426251,-0.08472326352953642,0.059251259787960045,-7.003487210693903,-4.776228427886963,-0.0,0.8299262761787287,5.0,0.20804048861408736,0.1829020501391978,0.42443642698043743,1183,1400,4,16.92961649185093,dumbbell,4,1,C05,diffdist_t4
-0.06822454624970498,-0.10998224322407589,0.027169441001781487,-6.997151939247853,-4.693878650665283,-0.0,0.7603428403596846,5.0,0.210229179211522,0.21697162464364947,0.43538560448894553,1112,1400,4,18.689674801817247,dumbbell,4,1,C05,diffdist_t4
-0.11708853438371726,-0.13074079934707894,0.04082158273747907,-7.004782679422955,-4.704922199249268,-0.0,0.7441202190076912,5.0,0.20180520519638206,0.1802578296367671,0.42778501246459866,1346,1400,4,20.441465734001106,dumbbell,4,1,C05,diffdist_t4
-0.0823560406632531,-0.0841912087302294,0.04082693696028544,-6.978887789388411,-4.542901992797852,-0.0,0.839651938675275,5.0,0.20475830773647918,0.2183152162719952,0.45492857915938295,771,1400,4,22.25318956983028,dumbbell,4,1,C05,diffdist_t4
-0.03339140160253506,-0.053960335212773256,0.041007299086017204,-7.029349549776562,-5.10579252243042,-0.0,0.815919765790841,5.0,0.2307180314808114,0.24559525627607928,0.42944733009904845,885,1400,4,24.199115340897677,dumbbell,4,1,C05,diffdist_t4
-0.07029329478778047,-0.07968429468239896,0.04233687105000976,-7.007783549796743,-4.311703681945801,-0.0,0.7458545600802466,5.0,0.20822804575007806,0.2523370206948357,0.5049572432490869,695,1400,4,25.457467631216495,dumbbell,4,1,C05,diffdist_t4
-0.061188374303416115,-0.05681940102149581,0.03191663129138289,-7.055777716893889,-4.775084972381592,-0.0,0.8124395839009082,5.0,0.21983143951732387,0.24893144715196708,0.4700036183085356,1248,1400,4,26.766912365797136,dumbbell,4,1,C05,diffdist_t4
-0.056324373581420166,-0.07708871250045962,0.04191830400298453,-7.032560805931467,-4.404623031616211,-0.0,0.5213956241692419,5.0,0.20252691298333297,0.24173653181823637,0.48322112758036456,487,1400,4,28.082515072449162,dumbbell,4,1,C05,diffdist_t4
-0.06666447803893208,-0.06966237699276655,0.05181596409898922,-7.02582150654924,-4.679865837097168,-0.0,0.7739002762481944,5.0,0.2172938048189932,0.24482636311907255,0.4812812435048512,340,1400,4,29.25564682434372,dumbbell,4,1,C05,diffdist_t4
-0.04813451527602057,-0.05535973425604879,0.034949066794808276,-7.009475510336069,-4.851156711578369,-0.0,0.7730973720617269,5.0,0.2166542584898806,0.23928380373879632,0.43387475233532435,821,1400,4,30.627666603343318,dumbbell,4,1,C05,diffdist_t4
-0.05672129478151401,-0.0895212834957137,0.030137547086093883,-7.0135014735818455,-4.526648044586182,-0.0,0.6879268441719038,5.0,0.2106829198930989,0.25342229259067367,0.4618636011643472,710,1400,4,31.587976846787033,dumbbell,4,1,C05,diffdist_t4
-0.07344883378503607,-0.07730635467790743,0.03524132973068489,-7.030782024031386,-4.941133975982666,-0.0,0.840715733983036,5.0,0.2280472257200296,0.22179848459495893,0.422165069211644,861,1400,4,32.32007875824183,dumbbell,4,1,C05,diffdist_t4
-0.06285374801138839,-0.08245340219343394,0.04217327138774248,-6.999332751852856,-4.625668525695801,-0.0,0.8445192431367609,5.0,0.20450295613656203,0.23504664159061536,0.4434823815045429,988,1400,4,33.12889594809895,dumbbell,4,1,C05,diffdist_t4
-0.06596964513784279,-0.06751295988580266,0.027847871668257026,-7.0202596833183115,-4.889561176300049,-0.0,0.7707464097782581,5.0,0.22902480647630089,0.26110498947418836,0.43768904335528747,453,1400,4,33.668914599485454,dumbbell,4,1,C05,diffdist_t4
-0.049194902323638885,-0.05588903883331274,0.04819189457006777,-7.025658971728464,-4.58748197555542,-0.0,0.6455649244469229,5.0,0.20664490645084133,0.25154024900803745,0.45656575179009773,1088,1400,4,34.059592294100185,dumbbell,4,1,C05,diffdist_t4
-0.065315374440055,-0.0832153519739298,0.011674007655182004,-7.06186239883492,-4.24360466003418,-0.0625,0.5816783185161072,5.0,0.18727193089177802,0.2858971768906946,0.46467953536670936,517,1400,4,34.349569802337655,dumbbell,4,1,C05,diffdist_t4
-0.06262605751802484,-0.08289004802291261,0.04522095034302569,-7.034488642859559,-4.340740203857422,-0.0,0.7151457053442796,5.0,0.18921361712134022,0.24125015023352098,0.470109525043685,350,1400,4,34.429009310151116,dumbbell,4,1,C05,diffdist_t4
-0.06446191090052006,-0.08718143998989014,0.022666353019380074,-6.624497435956259,-4.90289831161499,-0.0,0.4347678789511653,5.0,0.13317335471234837,0.11244356735399891,0.2541492265471598,139,1400,4,-23.903626854904992,dumbbell,4,1,C05,diffdist_t8
-0.08250469085306328,-0.0984619862231274,0.04073050812737286,-6.616071835269168,-5.1507368087768555,-0.1875,0.39642867125161463,5.0,0.14780879052980483,0.13690918881202357,0.2428436342846681,345,1400,4,-19.30269743762144,dumbbell,4,1,C05,diffdist_t8
-0.09902801964931938,-0.11569134880056703,0.023848934570142748,-6.610135959538654,-5.231045722961426,-0.0,0.36071814212689296,5.0,0.1310336920509344,0.09970368862315634,0.198482913719839,567,1400,4,-9.49712260455786,dumbbell,4,1,C05,diffdist_t8
-0.11417615309860923,-0.09630783336443811,0.033580797545353695,-6.561844429592591,-5.600794792175293,-0.25,0.24657358043144223,5.0,0.14358108760568242,0.10126661381423208,0.20129204521305977,957,1400,4,2.3680252371261394,dumbbell,4,1,C05,diffdist_t8
-0.11475333378471711,-0.10144645751794121,0.02355699108047617,-6.352239706883982,-5.432735443115234,-0.0,0.7229919921951657,5.0,0.11268471877008968,0.06322347668425089,0.1532819421721845,875,1400,4,12.14113035619155,dumbbell,4,1,C05,diffdist_t8
-0.07932737441556287,-0.07996448433571654,0.029357639118762303,-6.26862822777114,-5.056584358215332,-0.0,0.6946696343612903,5.0,0.11257421183694566,0.08303877269202034,0.2113224349465439,1199,1400,4,13.806165288432432,dumbbell,4,1,C05,diffdist_t8
-0.06987090632491806,-0.08685878986747463,0.017214852699956547,-6.609957324505944,-5.555891990661621,-0.0625,0.12508510149044735,5.0,0.14023641886282134,0.10002619315368579,0.19065084276377484,890,1400,4,15.18018583052862,dumbbell,4,1,C05,diffdist_t8
-0.09405579308331126,-0.10570066035867688,0.026905529966100232,-6.403333283956083,-5.388833045959473,-0.0,0.7809529956213028,5.0,0.11357498923299694,0.06960801019010329,0.16938546347898373,1183,1400,4,16.92961649185093,dumbbell,4,1,C05,diffdist_t8
-0.13789445471028178,-0.11179831414363113,0.025564324149204242,-6.4516186034966445,-5.666040897369385,-0.0,0.49531220127226194,5.0,0.12875144296521268,0.07906470556301963,0.16434581370156606,1112,1400,4,18.689674801817247,dumbbell,4,1,C05,diffdist_t8
-0.11264498293766119,-0.14610550642179815,0.026884942889675703,-6.4551173539638524,-5.517430782318115,-0.0,0.6309259670755771,5.0,0.11357358595347813,0.0605051592985111,0.1619859982634845,1346,1400,4,20.441465734001106,dumbbell,4,1,C05,diffdist_t8
-0.09732907325678117,-0.08740669981423506,0.030377649083035287,-6.327268063490192,-5.343554496765137,-0.0,0.7541484328074166,5.0,0.11938079884721634,0.0735480050866529,0.17307253407716391,771,1400,4,22.25318956983028,dumbbell,4,1,C05,diffdist_t8
-0.0592409876200117,-0.09277562069607517,0.025357519811140088,-6.541348203037515,-5.778840065002441,-0.0,0.4170459718694503,5.0,0.13890341144623536,0.09152625971741453,0.1608802750861986,885,1400,4,24.199115340897677,dumbbell,4,1,C05,diffdist_t8
-0.09792724960533775,-0.11957143353618824,0.033824042587881034,-6.523813324984847,-5.609548091888428,-0.0,0.41392969187012874,5.0,0.14197952061085722,0.09608859776486967,0.201229609360542,695,1400,4,25.457467631216495,dumbbell,4,1,C05,diffdist_t8
-0.05259752437849054,-0.0696729139031305,0.026827714231556804,-6.653395067101494,-5.6809868812561035,-0.25,0.24472192395830591,5.0,0.1449019352488673,0.10473923342245678,0.18490730532822028,1248,1400,4,26.766912365797136,dumbbell,4,1,C05,diffdist_t8
-0.07401226107366757,-0.08933649468329384,0.029647220034731556,-6.592758590706385,-5.739747524261475,-0.0,0.28646226386713364,5.0,0.13839992993418576,0.09749952945635885,0.18434559092957997,487,1400,4,28.082515072449162,dumbbell,4,1,C05,diffdist_t8
-0.09662169689481219,-0.10238038955898872,0.040468712494072884,-6.45403651393957,-5.573922634124756,-0.0,0.4971066032771454,5.0,0.13936842958169393,0.0923101999304185,0.18644591569153887,340,1400,4,29.25564682434372,dumbbell,4,1,C05,diffdist_t8
-0.07954761319685094,-0.09601164323165075,0.030534534782091727,-6.543594814765958,-5.66259241104126,-0.3125,0.4349817412787975,5.0,0.1394118197284612,0.10027280116149288,0.18468016604482024,821,1400,4,30.627666603343318,dumbbell,4,1,C05,diffdist_t8
-0.10116161733871161,-0.12210079677440333,0.02061241940338191,-6.565262130864632,-5.6346235275268555,-0.1875,0.28236082381202987,5.0,0.1428572334505704,0.09989339970520997,0.19295002536741968,710,1400,4,31.587976846787033,dumbbell,4,1,C05,diffdist_t8
-0.11250986288473343,-0.11418602606407154,0.02283282654829239,-6.525372817696326,-5.748286247253418,-0.0,0.6189439843611808,5.0,0.13145384010578237,0.07911206311822958,0.15956426528833006,861,1400,4,32.32007875824183,dumbbell,4,1,C05,diffdist_t8
-0.09772242730468053,-0.10621792563497309,0.02301015628336442,-6.5004079975586,-5.673431873321533,-0.0,0.6997971215071631,5.0,0.1399373621412588,0.08692937346795561,0.17534653637216777,988,1400,4,33.12889594809895,dumbbell,4,1,C05,diffdist_t8
-0.12106813462405355,-0.09058376572114353,0.018658160986329247,-6.579323955302108,-5.6974873542785645,-0.375,0.16224302385600398,5.0,0.14874281717703997,0.10940272049399657,0.19566490920981172,453,1400,4,33.668914599485454,dumbbell,4,1,C05,diffdist_t8
-0.06725311540480336,-0.09243902695157669,0.021904923742359632,-6.592030669384061,-5.566436290740967,-0.125,0.20197949838081358,5.0,0.13675902517049887,0.09863302629808848,0.2055584253134852,1088,1400,4,34.059592294100185,dumbbell,4,1,C05,diffdist_t8
-0.11375771525922972,-0.11438819558321382,0.02084056130320296,-6.611611169544493,-5.267664432525635,-0.0,0.36135392423378054,5.0,0.13492141297318072,0.10499495480822348,0.18814733710735299,517,1400,4,34.349569802337655,dumbbell,4,1,C05,diffdist_t8
-0.10811100428051572,-0.1194913647091314,0.025287120208828257,-6.610932028346685,-5.7484822273254395,-0.1875,0.2840166329747308,5.0,0.13799544805792255,0.09459015214465454,0.1882198044601595,350,1400,4,34.429009310151116,dumbbell,4,1,C05,diffdist_t8
-5.063326983823281,-5.395270251439695,1.569971480597232e-08,-7.158260004271067,-3.8655791456676525e-08,-0.0,0.9999999998110459,4.0,0.0,0.8748655563486383,0.9154956777527674,139,1400,4,-23.903626854904992,dumbbell,4,1,C05,heatgeo_t
-5.240918427577422,-5.30484535918078,5.7382003794403946e-08,-7.15825164960863,-1.5106065802683588e-06,-0.0,0.9999999998348603,5.0,3.7053371602429675e-08,0.8668850510904803,0.9169735730418324,345,1400,4,-19.30269743762144,dumbbell,4,1,C05,heatgeo_t
-5.1650012638952685,-5.53887532503541,1.3390174170846425e-08,-7.158268303591406,-3.8655791456676525e-08,-0.0,0.9999999998569814,5.0,0.0,0.892428919969301,0.9188628933997004,567,1400,4,-9.49712260455786,dumbbell,4,1,C05,heatgeo_t
-5.337939760933578,-5.522346486651135,4.749058733072298e-08,-7.158242952500315,-3.8655791456676525e-08,-0.0,0.9999999997845279,4.0,0.0,0.8667781854828857,0.9155216518519066,957,1400,4,2.3680252371261394,dumbbell,4,1,C05,heatgeo_t
-5.156002915593276,-5.580561675836066,1.3477630643465854e-08,-7.158249358147968,-3.8655791456676525e-08,-0.0,0.9999999997159943,4.0,0.0,0.8865048461520229,0.913703324301498,875,1400,4,12.14113035619155,dumbbell,4,1,C05,heatgeo_t
-5.118418614482598,-5.510895775066736,3.9146652974775265e-08,-7.15823338576104,-3.8655791456676525e-08,-0.0,0.9999999997758741,4.0,0.0,0.8692679018884405,0.9115475981345379,1199,1400,4,13.806165288432432,dumbbell,4,1,C05,heatgeo_t
-5.288671462858399,-5.636964618516034,6.7445037471580704e-09,-7.158263811810182,-3.8655791456676525e-08,-0.0,0.999999999852699,5.0,0.0,0.8882263919776083,0.9168791312298786,890,1400,4,15.18018583052862,dumbbell,4,1,C05,heatgeo_t
-5.2687468766467,-5.581108173574629,4.0206393714381505e-08,-7.158249568454329,-3.8655791456676525e-08,-0.0,0.9999999997848943,5.0,0.0,0.8688477674982483,0.9140326747523594,1183,1400,4,16.92961649185093,dumbbell,4,1,C05,heatgeo_t
-4.988119226648271,-5.167071981035675,1.1731046396790124e-07,-7.158256760706983,-2.5583083242963767e-06,-0.0,0.999999999832094,3.0,5.7485430311376445e-08,0.8721417890528651,0.9177174827733481,1112,1400,4,18.689674801817247,dumbbell,4,1,C05,heatgeo_t
-6.061680647427856,-6.480552225124613,1.8359454324878843e-08,-7.158247917388373,-3.8655791456676525e-08,-0.0,0.9999999998856675,5.0,0.0,0.8708210688785558,0.9157418064047667,1346,1400,4,20.441465734001106,dumbbell,4,1,C05,heatgeo_t
-4.923282007223284,-5.406815252918391,1.1663304162051746e-07,-7.158237101267021,-2.4534715521440376e-06,-0.0,0.9999999998407643,3.0,5.475648833514935e-08,0.861953401801259,0.9154579768133448,771,1400,4,22.25318956983028,dumbbell,4,1,C05,heatgeo_t
-5.081649869978211,-5.468110302856301,3.019455701441798e-08,-7.158254497322244,-3.8655791456676525e-08,-0.0,0.99999999985607,5.0,0.0,0.8767499972669108,0.9135554434492674,885,1400,4,24.199115340897677,dumbbell,4,1,C05,heatgeo_t
-5.3328304042089485,-5.382089754192116,1.1535451237276728e-07,-7.158237707808796,-3.0024496027181158e-06,-0.0,0.9999999997723195,4.0,6.909495112939856e-08,0.8651768071551486,0.9139453982861757,695,1400,4,25.457467631216495,dumbbell,4,1,C05,heatgeo_t
-5.008469573449343,-5.259672429720335,2.8148098851765724e-09,-7.158253484277785,-3.8655791456676525e-08,-0.0,0.9999999998542943,4.0,0.0,0.8745100175471338,0.9148845467246524,1248,1400,4,26.766912365797136,dumbbell,4,1,C05,heatgeo_t
-5.412252490367985,-5.498246099676096,8.923106997044128e-08,-7.158242437129648,-1.5510128150708624e-06,-0.0,0.9999999997659393,4.0,3.810253645665116e-08,0.8641664070417038,0.9159175644279985,487,1400,4,28.082515072449162,dumbbell,4,1,C05,heatgeo_t
-5.495089955934731,-5.544236549474154,1.0325183837783802e-07,-7.158233544513438,-1.6248555994025082e-06,-0.0,0.9999999997360751,5.0,4.002738153494163e-08,0.8664689851939796,0.9131438712337023,340,1400,4,29.25564682434372,dumbbell,4,1,C05,heatgeo_t
-5.358967739040731,-5.637585993262074,2.4750393970429663e-08,-7.158253750845145,-3.8655791456676525e-08,-0.0,0.9999999998225075,5.0,0.0,0.8785530187050289,0.914436795983438,821,1400,4,30.627666603343318,dumbbell,4,1,C05,heatgeo_t
-5.512867248644216,-5.7255117074058575,4.466149136628239e-08,-7.158253656894713,-3.8655791456676525e-08,-0.0,0.9999999998182919,5.0,0.0,0.8765334469540571,0.9160852311115156,710,1400,4,31.587976846787033,dumbbell,4,1,C05,heatgeo_t
-5.643405856144493,-5.8414534121170885,2.0323944464883947e-08,-7.158252855354401,-3.8655791456676525e-08,-0.0,0.9999999998293052,5.0,0.0,0.880234674602619,0.9171242141148018,861,1400,4,32.32007875824183,dumbbell,4,1,C05,heatgeo_t
-5.244460292620339,-5.640357097288473,3.043961608467649e-08,-7.158246280800887,-3.8655791456676525e-08,-0.0,0.9999999998143884,3.0,0.0,0.8701635440790824,0.9143003651220251,988,1400,4,33.12889594809895,dumbbell,4,1,C05,heatgeo_t
-5.2294096533157175,-5.560343945345754,2.1820677931216892e-08,-7.158254293013852,-3.8655791456676525e-08,-0.0,0.9999999998310152,5.0,0.0,0.8778235719199905,0.9135614238286655,453,1400,4,33.668914599485454,dumbbell,4,1,C05,heatgeo_t
-5.0341284790860374,-5.352798550886235,5.70505298697066e-08,-7.158255189869229,-8.63098193804035e-07,-0.0,0.9999999998603164,4.0,2.0831765167071828e-08,0.8721916778341662,0.9132317776754635,1088,1400,4,34.059592294100185,dumbbell,4,1,C05,heatgeo_t
-5.338729566908978,-5.530259125556852,8.841638532430807e-10,-7.158272097045778,-3.8655791456676525e-08,-0.0,0.999999999772222,5.0,0.0,0.9002366832251013,0.9225939069186517,517,1400,4,34.349569802337655,dumbbell,4,1,C05,heatgeo_t
-5.411152001323789,-5.490233326160174,1.1330482494603666e-07,-7.158248965578453,-2.5264248506573495e-06,-0.0,0.999999999888582,1.0,5.6657737721763804e-08,0.8702658832220893,0.9177946698604087,350,1400,4,34.429009310151116,dumbbell,4,1,C05,heatgeo_t
-4.65986330611215,-4.861964245158716,9.796358464014832e-08,-7.15825677428039,-1.4771703717997298e-06,-0.0,0.9999999995540501,4.0,3.601760507708745e-08,0.8617175628825479,0.9068766347607217,139,1400,4,-23.903626854904992,dumbbell,4,1,C05,heatgeo_4t
-4.832000569364579,-4.778327682698686,3.020837603742721e-07,-7.158246994842868,-8.326545867021196e-06,-0.0,0.9999999996051683,5.0,1.9770462534027195e-07,0.8528161441940458,0.908511894952612,345,1400,4,-19.30269743762144,dumbbell,4,1,C05,heatgeo_4t
-4.75978423286547,-4.996360904844348,7.726829638621258e-08,-7.1582663672432325,-3.8655791456676525e-08,-0.0,0.9999999996978974,5.0,0.0,0.8812743021449537,0.9105995226479728,567,1400,4,-9.49712260455786,dumbbell,4,1,C05,heatgeo_4t
-4.923372110167022,-4.976885579889249,3.5774531630811124e-07,-7.158238369245421,-6.552773356816033e-06,-0.0,0.9999999993879471,4.0,1.5213867403028256e-07,0.8526921144454255,0.9069014072866199,957,1400,4,2.3680252371261394,dumbbell,4,1,C05,heatgeo_4t
-4.7473106183066545,-5.028646479035835,9.622737206366194e-08,-7.158245378876698,-3.8655791456676525e-08,-0.0,0.999999999331741,4.0,0.0,0.8746795400329804,0.9048867381039921,875,1400,4,12.14113035619155,dumbbell,4,1,C05,heatgeo_4t
-4.706604243594183,-4.961100677879565,2.660395902742696e-07,-7.158228036895665,-4.50643892691005e-06,-0.0,0.9999999994824993,4.0,1.0651084842868274e-07,0.8554709623385706,0.9024925378009769,1199,1400,4,13.806165288432432,dumbbell,4,1,C05,heatgeo_4t
-4.882980609982742,-5.0860036336893995,5.225628103150415e-08,-7.158261126933979,-3.8655791456676525e-08,-0.0,0.9999999996515831,5.0,0.0,0.8766006253098367,0.9084094543142295,890,1400,4,15.18018583052862,dumbbell,4,1,C05,heatgeo_4t
-4.854516729189498,-5.025809101995229,2.9365503751571653e-07,-7.158244813569192,-4.884224836132489e-06,-0.0,0.9999999994225239,5.0,1.163443560899699e-07,0.8550064815769737,0.9052472860452894,1183,1400,4,16.92961649185093,dumbbell,4,1,C05,heatgeo_4t
-4.581448218291153,-4.642996491019305,3.9293046653204877e-07,-7.158252806877259,-7.543875653936993e-06,-0.0,0.9999999995953122,3.0,1.781330486245816e-07,0.8586818778156522,0.9093272808882801,1112,1400,4,18.689674801817247,dumbbell,4,1,C05,heatgeo_4t
-5.634164897048863,-5.8702899259539905,1.6936646630300034e-07,-7.15824361780064,-3.6977835407014936e-06,-0.0,0.999999999662259,5.0,8.617672626160107e-08,0.8572072886401271,0.9071296623449148,1346,1400,4,20.441465734001106,dumbbell,4,1,C05,heatgeo_4t
-4.517310180147524,-4.865825841479309,5.398050495139528e-07,-7.158231394621469,-1.439941297576297e-05,-0.0,0.9999999995121207,3.0,3.4457753484943607e-07,0.8473035468291927,0.9068366512409435,771,1400,4,22.25318956983028,dumbbell,4,1,C05,heatgeo_4t
-4.677338891210983,-4.925779865176427,1.74856150537972e-07,-7.158250370322843,-1.7977450852413313e-06,-0.0,0.9999999996540909,5.0,4.434713346936012e-08,0.8638213566387237,0.9047212925654583,885,1400,4,24.199115340897677,dumbbell,4,1,C05,heatgeo_4t
-4.917751900999907,-4.845133047173177,4.529023363217255e-07,-7.158232520043406,-1.208801768370904e-05,-0.0,0.9999999994703609,4.0,2.8775153751035417e-07,0.8509077389009791,0.9051428824794671,695,1400,4,25.457467631216495,dumbbell,4,1,C05,heatgeo_4t
-4.60871760921864,-4.735363234202413,1.343251382970867e-07,-7.158249443917287,-2.929839638454723e-06,-0.0,0.9999999997909859,4.0,6.691237376082882e-08,0.8613246913023531,0.9061966156777951,1248,1400,4,26.766912365797136,dumbbell,4,1,C05,heatgeo_4t
-4.994743706190695,-4.953243295587486,4.3979452313963607e-07,-7.158237400003651,-1.1217198334634304e-05,-0.0,0.9999999994327633,4.0,2.639100629316146e-07,0.8497751359946756,0.9073379552366936,487,1400,4,28.082515072449162,dumbbell,4,1,C05,heatgeo_4t
-5.077943053245451,-4.995405315191996,4.04483427585145e-07,-7.158228831341788,-8.838384928822052e-06,-0.0,0.9999999993944395,5.0,2.103859126115696e-07,0.8523479710289971,0.9042630718493386,340,1400,4,29.25564682434372,dumbbell,4,1,C05,heatgeo_4t
-4.946429150195448,-5.084115822917493,1.3006886777355842e-07,-7.158249746932308,-7.446270728905802e-07,-0.0,0.9999999995945507,5.0,1.7664730373354252e-08,0.8658229724082254,0.9057117183758396,821,1400,4,30.627666603343318,dumbbell,4,1,C05,heatgeo_4t
-5.093874100770952,-5.166001305068456,2.719150016469718e-07,-7.158249678699549,-4.177795290161157e-06,-0.0,0.9999999995653481,5.0,9.794216512782028e-08,0.86357442098454,0.9075355902024338,710,1400,4,31.587976846787033,dumbbell,4,1,C05,heatgeo_4t
-5.227523076069511,-5.275161859007056,1.20278867955792e-07,-7.158249184311639,-3.8655791456676525e-08,-0.0,0.9999999996000095,5.0,0.0,0.8676998873187539,0.9086792095886074,861,1400,4,32.32007875824183,dumbbell,4,1,C05,heatgeo_4t
-4.83174198136321,-5.085378655110031,2.746559894517553e-07,-7.158241634217808,-5.164733920537401e-06,-0.0,0.9999999995470094,5.0,1.2292505247077816e-07,0.8564730036659262,0.9055395925917897,988,1400,4,33.12889594809895,dumbbell,4,1,C05,heatgeo_4t
-4.821369341872512,-5.014460724556794,1.1653170775560717e-07,-7.158250331139152,-7.205779297692061e-07,-0.0,0.9999999995934199,5.0,1.704315769234146e-08,0.8650171242181295,0.9047352590942696,453,1400,4,33.668914599485454,dumbbell,4,1,C05,heatgeo_4t
-4.627813887898888,-4.81757529839062,2.3175285823739955e-07,-7.1582510640555,-3.2614141218800796e-06,-0.0,0.9999999996077009,4.0,7.563516018123656e-08,0.8587313668050295,0.9043601253281004,1088,1400,4,34.059592294100185,dumbbell,4,1,C05,heatgeo_4t
-4.938324506983084,-4.994834803809488,2.0088472073298558e-08,-7.158270752914659,-3.8655791456676525e-08,-0.0,0.9999999994693514,5.0,0.0,0.889956343826037,0.9147488138049665,517,1400,4,34.349569802337655,dumbbell,4,1,C05,heatgeo_4t
-4.993386335917809,-4.946010335063719,3.615951516752758e-07,-7.158244534491603,-6.876510269648861e-06,-0.0,0.9999999997419103,1.0,1.6147907051477538e-07,0.8565801349279889,0.9094126151537553,350,1400,4,34.429009310151116,dumbbell,4,1,C05,heatgeo_4t
-0.030411280162619264,-0.018258236014648332,-0.011556572132836793,-7.087446856430141,-4.9371018409729,-0.1875,0.3696307800168457,3.0,0.2647009480844512,0.22175166870316185,0.5960697203047961,139,1400,4,-23.903626854904992,dumbbell,4,1,C05,fb_potential
-0.02603932826092787,-0.0291145166108624,0.03820510406447822,-7.085516370924996,-4.884722709655762,-0.1875,0.32117484697919674,5.0,0.23701262891597716,0.1858404806172257,0.551225772759552,345,1400,4,-19.30269743762144,dumbbell,4,1,C05,fb_potential
0.023439824632634828,0.022871876880293924,0.0576926069631087,-7.093901255511822,-5.291329383850098,-0.0,0.48249655620550064,4.0,0.27616127341163865,0.1998145100002585,0.5208766661000774,567,1400,4,-9.49712260455786,dumbbell,4,1,C05,fb_potential
-0.011816069892220133,-0.019314039023232876,0.02614979614323552,-7.0865821647493,-5.106558799743652,-0.0,0.38166869834725625,4.0,0.2681732323726087,0.1937593420209443,0.5405759418667072,957,1400,4,2.3680252371261394,dumbbell,4,1,C05,fb_potential
-0.015798747800253185,0.009136659606704237,0.0631723051386329,-7.097648672083548,-5.2440876960754395,-0.0,0.381657372290326,3.0,0.2591601013042776,0.20577666581521994,0.5373164821076143,875,1400,4,12.14113035619155,dumbbell,4,1,C05,fb_potential
-0.03485790584881671,-0.015442639324699558,0.03390654519530656,-7.09184463254369,-5.140587329864502,-0.0,0.44738933514223,3.0,0.25606116069421275,0.20298152377138443,0.515240928664447,1199,1400,4,13.806165288432432,dumbbell,4,1,C05,fb_potential
0.011195586466803239,0.01657058858538615,0.032686528010802754,-7.089804639978324,-5.169716835021973,-0.0,0.4084145367314604,4.0,0.25622047194649605,0.1978607414515018,0.5190849124626729,890,1400,4,15.18018583052862,dumbbell,4,1,C05,fb_potential
0.0008514259526841418,0.005695119730727542,0.07314541549894896,-7.069100977135506,-4.9292144775390625,-0.0,0.39523838257615007,3.0,0.2490473912984646,0.19111198970677176,0.5343526902729074,1183,1400,4,16.92961649185093,dumbbell,4,1,C05,fb_potential
0.009798502748699605,0.01154979858649322,0.023782345348319044,-7.079240482203632,-4.788131237030029,-0.0,0.35286527206807966,3.0,0.23154224312430205,0.20839795632264121,0.5468043952060501,1112,1400,4,18.689674801817247,dumbbell,4,1,C05,fb_potential
-0.01706982159043476,-0.04412119134796477,0.03468338064192355,-7.076415927570714,-4.881418228149414,-0.0,0.3929502023618856,4.0,0.23977760835496828,0.18278588824467257,0.5277745876294104,1346,1400,4,20.441465734001106,dumbbell,4,1,C05,fb_potential
-0.028144687045804775,-0.008616894641053086,0.0384751741640707,-7.08575663715844,-4.927402973175049,-0.0,0.3664715289871662,2.0,0.24592928061769015,0.19738476404130265,0.5445937418153232,771,1400,4,22.25318956983028,dumbbell,4,1,C05,fb_potential
-0.05294843025128456,-0.020659998975067807,0.033123969475110406,-7.084252983945684,-5.177215099334717,-0.0,0.3441628147827221,2.0,0.2697869080671858,0.20811893752259508,0.5347283306117647,885,1400,4,24.199115340897677,dumbbell,4,1,C05,fb_potential
-0.026326497150158383,-0.020214384057896953,0.03836050319343777,-7.077426537545111,-4.957644462585449,-0.0,0.3220612583666707,1.0,0.2507840611295695,0.19911498138279346,0.5373880857273852,695,1400,4,25.457467631216495,dumbbell,4,1,C05,fb_potential
-0.018535345959927556,-0.015536431971029893,0.019465267653184813,-7.072475643818857,-4.723653316497803,-0.0,0.40149590168511906,3.0,0.23875860711754582,0.21029303715042436,0.5760240861342536,1248,1400,4,26.766912365797136,dumbbell,4,1,C05,fb_potential
0.006712836705909847,0.007830158928716748,-0.0018342861473653795,-7.06365593987174,-4.5045647621154785,-0.0,0.24871808198762324,3.0,0.21734961187874635,0.20718640962942889,0.5937458670229662,487,1400,4,28.082515072449162,dumbbell,4,1,C05,fb_potential
0.001780881332448592,-0.007192791791364596,0.022230945691485787,-7.063573304251415,-4.801969051361084,-0.0,0.36601782257105586,4.0,0.23964890439808645,0.18833027665908303,0.5626081120443251,340,1400,4,29.25564682434372,dumbbell,4,1,C05,fb_potential
0.024042376458076303,0.006587159885232827,0.039339102302019126,-7.0861529877275,-5.04916524887085,-0.0,0.4206340504686773,3.0,0.25008993285921016,0.19305029456299577,0.5162597453773865,821,1400,4,30.627666603343318,dumbbell,4,1,C05,fb_potential
-0.026405155988034675,0.015394665444930922,0.0030101273032598873,-7.073141132967484,-4.7922043800354,-0.0,0.3299954651218485,3.0,0.23061399160741702,0.18688245748294008,0.5473854160287968,710,1400,4,31.587976846787033,dumbbell,4,1,C05,fb_potential
-0.011803847376191789,-0.019650287060952985,0.06175212709848072,-7.057193577882625,-4.592896938323975,-0.0,0.31754094210518125,2.0,0.25261604478158717,0.20871094570582546,0.5845512509853017,861,1400,4,32.32007875824183,dumbbell,4,1,C05,fb_potential
-0.031402762444894206,-0.007235997020715794,0.025161293472717117,-7.083176309990609,-4.944472312927246,-0.0,0.3965674670522055,3.0,0.2361165567241016,0.1849035648570708,0.537533097654156,988,1400,4,33.12889594809895,dumbbell,4,1,C05,fb_potential
-0.02469912442396117,-0.011998485981758863,0.03837443282643906,-7.0956664685825395,-5.20330810546875,-0.0,0.3163439422698406,4.0,0.2526289305685367,0.1801542119391773,0.5047785198482597,453,1400,4,33.668914599485454,dumbbell,4,1,C05,fb_potential
0.002373920812698568,0.010455297615475046,0.028591976126614377,-7.0874499021451305,-4.9395060539245605,-0.0,0.2915711781316253,4.0,0.2418390167742584,0.21058403411962906,0.5298434226820415,1088,1400,4,34.059592294100185,dumbbell,4,1,C05,fb_potential
-0.02208806579881546,-0.02012397266001258,0.02757012134635522,-7.088377741304919,-5.15363883972168,-0.0,0.3613510255733621,4.0,0.24035597930196145,0.1689657703734724,0.4787704025420329,517,1400,4,34.349569802337655,dumbbell,4,1,C05,fb_potential
-0.0037774475858266317,0.001365373390900318,0.004423776630969463,-7.061190368438089,-4.580288410186768,-0.0,0.366109200450929,4.0,0.22770344355329133,0.19793890917874363,0.581210191054629,350,1400,4,34.429009310151116,dumbbell,4,1,C05,fb_potential
-0.45352663883177247,-0.4894013426755444,0.03338481520000669,-7.141496534671415,-5.257329940795898,-0.9375,0.6097298065847254,2.0,0.2654189885434679,0.2790697531997054,0.5535229552990246,139,1400,4,-23.903626854904992,dumbbell,4,1,D,plain
-0.5704061748079886,-0.7355632993750195,0.1315959071819816,-7.130071021181098,-4.658911228179932,-0.4375,0.6718416945687649,2.0,0.23769513653958083,0.2917265630538721,0.5710575518163721,345,1400,4,-19.30269743762144,dumbbell,4,1,D,plain
-0.26693237404296427,-0.45237195581159395,0.1272815431289459,-7.14881899155306,-5.003242492675781,-1.0,0.6000115314629672,2.0,0.22788775390633437,0.2971116332463483,0.554345424379607,567,1400,4,-9.49712260455786,dumbbell,4,1,D,plain
-0.30928322082141757,-0.372399378930948,0.07424187876381752,-7.13875175347602,-4.76458215713501,-1.0,0.6951517208271135,2.0,0.22874006184326634,0.2924283188462408,0.572532102271368,957,1400,4,2.3680252371261394,dumbbell,4,1,D,plain
-0.4095215464445623,-0.6543673241510176,0.09315987564926682,-7.147286587680645,-4.62592887878418,-1.0,0.7858124078696429,1.0,0.21828724839480024,0.29769543567937673,0.572038895281453,875,1400,4,12.14113035619155,dumbbell,4,1,D,plain
-0.268356207900672,-0.413752883496589,0.06610256183818895,-7.151413889167207,-5.1899638175964355,-1.0,0.5533370074372309,1.0,0.23511257109319011,0.2909199247040994,0.5491485538396733,1199,1400,4,13.806165288432432,dumbbell,4,1,D,plain
-0.4201430721337891,-0.5192524228031649,0.0602022349624602,-7.146803367216369,-5.334388256072998,-1.0,0.4993518440109968,2.0,0.2734381938973274,0.2809359915719942,0.5480731242945706,890,1400,4,15.18018583052862,dumbbell,4,1,D,plain
-0.19427176612907002,-0.2582759508197577,0.02438814387786331,-7.108861570820556,-4.2459917068481445,-0.0,0.7179741179806585,3.0,0.22166908940054442,0.2991081638765577,0.8117532842864652,1183,1400,4,16.92961649185093,dumbbell,4,1,D,plain
-0.29070556894977784,-0.4862712521356967,0.06295237544740345,-7.139359031799668,-4.48401403427124,-1.0,0.6225640108911503,1.0,0.21026743615837362,0.2963172984054845,0.5806942462513089,1112,1400,4,18.689674801817247,dumbbell,4,1,D,plain
-0.23991716271620112,-0.26169975400255874,-0.0033536723325291035,-7.0949897297750155,-3.9980506896972656,-0.0,0.7968126825517814,2.0,0.21024075626085692,0.3004973125709255,0.8292761237512926,1346,1400,4,20.441465734001106,dumbbell,4,1,D,plain
-0.3370071776635775,-0.4400610931798449,0.053373174515446466,-7.145192382267885,-4.906290054321289,-1.0,0.7446726280511586,2.0,0.24068549218113067,0.2918667430781571,0.5651829368684592,771,1400,4,22.25318956983028,dumbbell,4,1,D,plain
-0.18935407866059464,-0.2303595898159861,-0.016678853158350347,-7.1152443263039675,-3.8049049377441406,-0.0,0.7208413133437148,1.0,0.16991130328682857,0.3210048382182219,0.630595171745059,885,1400,4,24.199115340897677,dumbbell,4,1,D,plain
-0.4140822148527596,-0.6493301130727508,0.09597288809558949,-7.1481386204529604,-5.227502822875977,-1.0,0.4893325394785263,1.0,0.26969454007204086,0.28476640555337246,0.5450554891115608,695,1400,4,25.457467631216495,dumbbell,4,1,D,plain
-0.2051566713465297,-0.24386581561999324,-0.04738211646726856,-7.115901182473362,-4.234274864196777,-0.0,0.7152368143261559,1.0,0.21352592371921916,0.3003782368604262,0.8048810270040859,1248,1400,4,26.766912365797136,dumbbell,4,1,D,plain
-0.29121411122325164,-0.32158719958897314,0.07525126873555277,-7.0822864538067325,-3.5990562438964844,-0.0,0.8124922248772904,1.0,0.18250582510811336,0.3126187607248548,0.8569704771639461,487,1400,4,28.082515072449162,dumbbell,4,1,D,plain
-0.26462622076614417,-0.25030151325355043,0.0374985683638197,-7.1220960658248895,-4.003650188446045,-0.125,0.7228239333798911,1.0,0.18834987302588463,0.31504616282007614,0.7786243156578607,340,1400,4,29.25564682434372,dumbbell,4,1,D,plain
-0.6603946959518557,-0.818761939394515,0.13946955825263718,-7.141511904078328,-5.233565330505371,-1.0,0.6540931500569472,1.0,0.28947939193282657,0.2688751978236291,0.533960671559939,821,1400,4,30.627666603343318,dumbbell,4,1,D,plain
-0.3163717208931899,-0.40798520761831686,0.013852955113562583,-7.141285123755539,-4.798137187957764,-1.0,0.7314567268397456,1.0,0.23280746609852024,0.2931461097284982,0.5842502323511192,710,1400,4,31.587976846787033,dumbbell,4,1,D,plain
-0.2906460486122628,-0.2625677330932784,0.043749898197690484,-7.092384848125264,-3.8629589080810547,-0.0,0.7266038579251061,1.0,0.21672452804177444,0.3006436398550546,0.8309452315040595,861,1400,4,32.32007875824183,dumbbell,4,1,D,plain
-0.5096737628735404,-0.5821748752297481,0.10188381928103199,-7.132477320659968,-4.859536647796631,-0.8125,0.6573162481085281,1.0,0.24928646650005815,0.2790403923777759,0.5855041048268309,988,1400,4,33.12889594809895,dumbbell,4,1,D,plain
-0.376646359219643,-0.573239334568734,0.08845466291756289,-7.147221461032515,-4.728412628173828,-1.0,0.7463063544753974,2.0,0.22351679453304255,0.29874239049404694,0.5658251120513663,453,1400,4,33.668914599485454,dumbbell,4,1,D,plain
-0.376510808456432,-0.5296158257248341,0.08121272589229017,-7.136122871198905,-4.7773518562316895,-0.625,0.6962637953893086,1.0,0.2284071361174006,0.29343669785768134,0.5602161952780665,1088,1400,4,34.059592294100185,dumbbell,4,1,D,plain
-0.45149363527403313,-0.5338970701415907,0.0020598068719402344,-7.1404696805147605,-5.372275352478027,-0.8125,0.4112797322695629,1.0,0.28151479270065727,0.2718414317374171,0.5344469600543991,517,1400,4,34.349569802337655,dumbbell,4,1,D,plain
-0.22975143867427755,-0.3643126959122695,0.06152040776090306,-7.095872059998777,-3.962677478790283,-0.0,0.732870375332874,3.0,0.19944743317443553,0.3092129511258989,0.8205089423815085,350,1400,4,34.429009310151116,dumbbell,4,1,D,plain
-0.08434967256775,-0.13234657122781113,0.06362844009855961,-7.107345363206617,-4.877891540527344,-0.5,0.20464868412301676,2.0,0.24986366005554567,0.20725698888524705,0.5490143782358891,139,1400,4,-23.903626854904992,dumbbell,4,1,D,pca_denoise
-0.19200094862718847,-0.20171847761370254,0.10589613884579197,-7.072338376561608,-4.839364528656006,-0.0,0.38492538283064137,1.0,0.22156555057140875,0.17568362326811637,0.5203817431342065,345,1400,4,-19.30269743762144,dumbbell,4,1,D,pca_denoise
-0.008457132987859226,-0.090455754655749,0.09128252278744595,-7.126435643716542,-5.614984512329102,-0.1875,0.41266939721990614,4.0,0.29341334761373117,0.25250169087763996,0.5249914554859852,567,1400,4,-9.49712260455786,dumbbell,4,1,D,pca_denoise
-0.19485665131268703,-0.1937879120623696,-0.021115803662326182,-7.115792613896292,-5.210686683654785,-0.6875,0.2243425088974302,2.0,0.25538804531451076,0.20477648360022196,0.5406663314404161,957,1400,4,2.3680252371261394,dumbbell,4,1,D,pca_denoise
-0.21301502273835451,-0.22358927323566077,0.14197708087438066,-7.113523262439096,-5.119264125823975,-0.0,0.46035198979724323,2.0,0.2661128214668688,0.22484214943273972,0.5712781203717499,875,1400,4,12.14113035619155,dumbbell,4,1,D,pca_denoise
-0.10072783602238752,-0.19039548979466484,0.07999071095307911,-7.1314412934503855,-5.688580513000488,-0.25,0.4477353036614321,3.0,0.2923744192671557,0.1987759687785512,0.4863973777546816,1199,1400,4,13.806165288432432,dumbbell,4,1,D,pca_denoise
-0.11911058837377636,-0.16480349049191828,0.07317055060276534,-7.131009639474746,-5.581130504608154,-0.3125,0.17310455206251396,2.0,0.27839807629348823,0.21156833703198152,0.5223594535266233,890,1400,4,15.18018583052862,dumbbell,4,1,D,pca_denoise
-0.039510524730889014,-0.037616869367262114,0.0013254202764137277,-7.054279547415552,-4.6610822677612305,-0.0,0.39887283113583893,3.0,0.2545042360374171,0.24172487193467185,0.6177302063118947,1183,1400,4,16.92961649185093,dumbbell,4,1,D,pca_denoise
-0.12405321642103635,-0.1251625071913077,0.05277930197119553,-7.105462713616295,-5.234004974365234,-0.0625,0.22944353262654432,3.0,0.2605597776316242,0.20172181996738214,0.5181062830361987,1112,1400,4,18.689674801817247,dumbbell,4,1,D,pca_denoise
-0.03741853612554584,-0.05690693080240019,-0.009081521071329058,-7.030201947282383,-4.579495429992676,-0.0,0.20416666339541004,3.0,0.24740598981272616,0.22460234006002164,0.6178344634972589,1346,1400,4,20.441465734001106,dumbbell,4,1,D,pca_denoise
-0.2078469529881176,-0.12888031824691557,0.029507356785759435,-7.108703024253506,-4.894742965698242,-0.0625,0.4076631650600786,1.0,0.24680363054504795,0.19349642131882283,0.5428160726635209,771,1400,4,22.25318956983028,dumbbell,4,1,D,pca_denoise
-0.021007797891129366,-0.02338790439741901,-0.021985303738999352,-7.057771908846186,-4.830510139465332,-0.0,0.28172924953840206,3.0,0.2640560374000719,0.24701097738081101,0.6207869419927925,885,1400,4,24.199115340897677,dumbbell,4,1,D,pca_denoise
-0.153077740796618,-0.2548304423030514,0.15881842673015176,-7.10429694265221,-5.091634750366211,-0.0625,0.30454207028020985,1.0,0.276699941704068,0.223908901300825,0.5656567933770165,695,1400,4,25.457467631216495,dumbbell,4,1,D,pca_denoise
-0.05982353883129747,-0.016371657988633395,-0.03053620864905353,-7.052717078821654,-4.246021747589111,-0.0,0.38962756981505947,2.0,0.21540252198332577,0.24529974011431152,0.6439223413162246,1248,1400,4,26.766912365797136,dumbbell,4,1,D,pca_denoise
-0.07771615468303292,-0.07005071100465703,0.08875602685182776,-6.985404138367473,-4.282530307769775,-0.0,0.39624674460996306,3.0,0.22015073995052806,0.20711720901450187,0.6306626103231043,487,1400,4,28.082515072449162,dumbbell,4,1,D,pca_denoise
-0.022149339361596625,-0.013223113670352874,0.023360115473860577,-7.043142145587541,-4.579962730407715,-0.0625,0.17342852192427813,4.0,0.24848418705687136,0.22007132116660758,0.6167229001721292,340,1400,4,29.25564682434372,dumbbell,4,1,D,pca_denoise
-0.12334859686448553,-0.2606605449592673,0.14560171499584684,-7.091520134601777,-5.09149169921875,-0.0,0.3851640194723282,1.0,0.27395303289612927,0.20354565655781287,0.5200444955040837,821,1400,4,30.627666603343318,dumbbell,4,1,D,pca_denoise
-0.08482163875984317,-0.08372053066509666,-0.015597822067366155,-7.117935755076474,-4.8429765701293945,-0.875,0.41237867874231743,2.0,0.24532266373533398,0.2198759573270559,0.5858969989186189,710,1400,4,31.587976846787033,dumbbell,4,1,D,pca_denoise
-0.06199095357525416,-0.03927505860208219,0.06321719186328825,-7.007243614739637,-3.88480281829834,-0.0,0.38032228264782475,4.0,0.2133336849194482,0.21921926305244233,0.7213957627800516,861,1400,4,32.32007875824183,dumbbell,4,1,D,pca_denoise
-0.149920514386292,-0.20600596886157851,0.10303365979895925,-7.077580604776439,-4.898713111877441,-0.0,0.3831651863594064,1.0,0.23938320692612836,0.18319576339213078,0.5215747545740658,988,1400,4,33.12889594809895,dumbbell,4,1,D,pca_denoise
-0.1284279838851066,-0.18153391821618875,0.09088369593575935,-7.116169850923809,-5.241829872131348,-0.0,0.2383213464283821,2.0,0.2552632161186686,0.181404481773638,0.5072224977118563,453,1400,4,33.668914599485454,dumbbell,4,1,D,pca_denoise
-0.12087844569294054,-0.11153420651856588,0.09823798931817998,-7.08298969017726,-4.640690326690674,-0.0625,0.4904120409985113,2.0,0.25270338569053175,0.2693125351622029,0.6053852827528887,1088,1400,4,34.059592294100185,dumbbell,4,1,D,pca_denoise
-0.1349171675120357,-0.18974413040125832,0.07412514060124213,-7.094773470590576,-5.1246562004089355,-0.0,0.3226049142106835,1.0,0.2504338788686742,0.19535668135113682,0.5150169696993215,517,1400,4,34.349569802337655,dumbbell,4,1,D,pca_denoise
-0.06549979529657135,-0.06486404946201567,0.057422243080629695,-7.00624877378983,-4.66200065612793,-0.0,0.3181192346453887,3.0,0.2506897520838805,0.20439124720663898,0.5829813745188841,350,1400,4,34.429009310151116,dumbbell,4,1,D,pca_denoise
-0.004946973245810687,-0.002619111030773795,0.02189481258708373,-6.986887248246328,-5.615559101104736,-0.0625,0.05503417846344677,5.0,0.1914076527611806,0.1202554352821432,0.31376728943194826,139,1400,4,-23.903626854904992,dumbbell,4,1,D,diffdist_t4
-0.0014250315103767647,-0.0014228241821395572,0.04381292680231612,-6.546016180818828,-5.151390075683594,-0.0625,0.18365693187041787,5.0,0.17995236489293198,0.1301115992497135,0.3162022290334723,345,1400,4,-19.30269743762144,dumbbell,4,1,D,diffdist_t4
-0.003072699764320765,-0.0017916670776534425,0.017830721220989967,-6.801795411883196,-5.198334693908691,-0.0,0.09835606637740538,5.0,0.14572073426217616,0.0880956787815177,0.31272433867667665,567,1400,4,-9.49712260455786,dumbbell,4,1,D,diffdist_t4
-0.0028144001959855246,-0.002151567635234171,0.02473436786839195,-6.981295377048775,-5.716163635253906,-0.0625,0.218928444304539,5.0,0.20528612148110426,0.13528569383169983,0.2895737154637657,957,1400,4,2.3680252371261394,dumbbell,4,1,D,diffdist_t4
-0.003130567657934955,-0.0016714853074943456,0.027931649236485823,-6.836088065861466,-5.280200004577637,-0.0,0.2230398257303313,5.0,0.16126872115268004,0.08927140872309941,0.31135401841661814,875,1400,4,12.14113035619155,dumbbell,4,1,D,diffdist_t4
-0.004252089640882727,-0.0024466248685746494,0.019204311554967407,-6.884787004844392,-5.464710235595703,-0.0,0.07750209182611908,5.0,0.16196787663445553,0.09154700095368926,0.2689041045319607,1199,1400,4,13.806165288432432,dumbbell,4,1,D,diffdist_t4
-0.0034059999088348657,-0.001783831033776474,0.019167268377700702,-6.84051685677788,-5.3549652099609375,-0.0,0.2056991997729225,5.0,0.17224652341775026,0.1018642166323006,0.2971621664352298,890,1400,4,15.18018583052862,dumbbell,4,1,D,diffdist_t4
-0.0033996892115956663,-0.0018711422341597323,0.019951921057625204,-6.876202709727529,-4.6993021965026855,-0.0,0.13013417701751445,5.0,0.16823562053520408,0.14727625572887665,0.4154974190925749,1183,1400,4,16.92961649185093,dumbbell,4,1,D,diffdist_t4
-0.003813956346685462,-0.002022999577458751,0.021760171008703186,-6.886238409559579,-5.529620170593262,-0.0,0.14514982133436274,5.0,0.18528495315607385,0.11145625973261943,0.2775469840106801,1112,1400,4,18.689674801817247,dumbbell,4,1,D,diffdist_t4
-0.001938268990333356,-0.0012067846557864378,0.0053573304231487205,-6.711272850870472,-4.590404987335205,-0.0,0.1244550492767628,5.0,0.17564957366055922,0.1483301650488883,0.4596257716621731,1346,1400,4,20.441465734001106,dumbbell,4,1,D,diffdist_t4
-0.005435030913890952,-0.003008540200433629,0.02339852366165011,-6.968100462324552,-5.593413352966309,-0.0,0.21736647683726507,5.0,0.16696259910752925,0.08985812314909128,0.23813018894737153,771,1400,4,22.25318956983028,dumbbell,4,1,D,diffdist_t4
-0.001706372133924955,-0.0012847750210903271,-0.005806719466527483,-6.652447828558727,-4.759450912475586,-0.0,0.025913445722227174,5.0,0.1766164770305799,0.15504279426964093,0.42013246612857247,885,1400,4,24.199115340897677,dumbbell,4,1,D,diffdist_t4
-0.0025173851844447525,-0.0012165351763143682,0.045011531904841154,-6.499784738910744,-5.1128644943237305,-0.0,0.22505963453430855,5.0,0.15571226160505558,0.1039193844446506,0.3115329635337737,695,1400,4,25.457467631216495,dumbbell,4,1,D,diffdist_t4
-0.003768985290732077,-0.0022294862336146594,0.02875524596515943,-6.882748884431708,-5.176653861999512,-0.1875,0.17467280848639138,5.0,0.19824077998955986,0.17533878746778644,0.3691418868222656,1248,1400,4,26.766912365797136,dumbbell,4,1,D,diffdist_t4
-0.0009321220432266862,-0.000536775415236438,0.02753728085684687,-6.241440197928409,-3.7875659465789795,-0.0,0.7164354029763634,5.0,0.13670674282439424,0.20602878519899018,0.6437862646363821,487,1400,4,28.082515072449162,dumbbell,4,1,D,diffdist_t4
-0.0023911412144086643,-0.0015716418791756918,-0.001962818263683854,-6.698478823980906,-4.685636043548584,-0.0,0.11817517110939743,5.0,0.18034621494238456,0.14791327055762205,0.40976366488961913,340,1400,4,29.25564682434372,dumbbell,4,1,D,diffdist_t4
-0.0009234040238177622,-0.0005626504067865202,0.021761814704788454,-6.06696813784316,-4.221003532409668,-0.0,0.4591194897452602,5.0,0.16603711795636766,0.15424997734410098,0.5071670562634926,821,1400,4,30.627666603343318,dumbbell,4,1,D,diffdist_t4
-0.005878846424537035,-0.003161170472898794,0.01596005476243363,-6.975743981978081,-5.5268659591674805,-0.0,0.1548528240976007,5.0,0.1687555552498574,0.09153674293345704,0.2563592895793389,710,1400,4,31.587976846787033,dumbbell,4,1,D,diffdist_t4
-0.0029370291228671807,-0.001803089118206363,0.053129836942766386,-6.672093589951947,-5.2027812004089355,-0.1875,0.4042338598626284,5.0,0.19297078600129827,0.17119638816524788,0.3731661916512389,861,1400,4,32.32007875824183,dumbbell,4,1,D,diffdist_t4
-0.0011881405490317938,-0.000983450473113563,0.029760888729168298,-6.408735913887992,-4.567829132080078,-0.0,0.3621225098181438,5.0,0.17865391966514726,0.1610402894128304,0.4468270854457948,988,1400,4,33.12889594809895,dumbbell,4,1,D,diffdist_t4
-0.0031082085575670692,-0.0019169113154353012,0.035347144635169254,-6.918479645738479,-5.57769775390625,-0.0,0.08183229328913003,5.0,0.18305502352575226,0.10243767685175263,0.2603522309369277,453,1400,4,33.668914599485454,dumbbell,4,1,D,diffdist_t4
-0.002052376076602802,-0.001378483045230944,0.026328440316106407,-6.48407410446867,-4.984609603881836,-0.0,0.25684154420731975,5.0,0.16361375305302633,0.11409368347404716,0.33225526224129576,1088,1400,4,34.059592294100185,dumbbell,4,1,D,diffdist_t4
-0.0028852587800819347,-0.0022899319660858526,0.027260372644907167,-6.7287530696256646,-5.347064971923828,-0.0,0.08931727626451624,5.0,0.17973491489090976,0.11247575604731119,0.28633962387838124,517,1400,4,34.349569802337655,dumbbell,4,1,D,diffdist_t4
-0.0013711179412328868,-0.0006586665806905583,0.025607993238065573,-6.347065420740169,-4.337116241455078,-0.0,0.5185635625167997,5.0,0.16341430198593088,0.18360547353802548,0.48606259881118663,350,1400,4,34.429009310151116,dumbbell,4,1,D,diffdist_t4
-1.3791406797769227e-06,-8.547549514219427e-07,0.010235703082428592,-6.401162746980132,-5.696679592132568,-0.0,0.25364479599233114,5.0,0.1387327421450798,0.06876241897335224,0.18747712824805304,139,1400,4,-23.903626854904992,dumbbell,4,1,D,diffdist_t8
-8.218203608972594e-07,-4.6327958597214594e-07,0.016223372120628972,-5.998904744990763,-5.215172290802002,-0.1875,0.09191226819905385,5.0,0.13156822795951117,0.07597538833267084,0.24949541860731292,345,1400,4,-19.30269743762144,dumbbell,4,1,D,diffdist_t8
-1.4528685973766796e-06,-8.690681608794727e-07,0.014481450630884286,-6.190119086405685,-5.421178817749023,-0.0,0.027711514645135563,5.0,0.11397546200304622,0.04126450216813448,0.20532132386075808,567,1400,4,-9.49712260455786,dumbbell,4,1,D,diffdist_t8
-1.6278398909581573e-06,-8.074121660439774e-07,0.006220964847459692,-6.3485700560220275,-5.587205410003662,-0.0,0.08458055980962195,5.0,0.11916113518331714,0.049877353309388466,0.190826832371664,957,1400,4,2.3680252371261394,dumbbell,4,1,D,diffdist_t8
-1.2489421048058526e-06,-7.781910575404914e-07,0.018274918713343045,-6.254301586844888,-5.412642478942871,-0.0,0.16424484206193102,5.0,0.12065727860058281,0.05673597383123235,0.22669289642455995,875,1400,4,12.14113035619155,dumbbell,4,1,D,diffdist_t8
-1.9172742764166425e-06,-1.1609739859912907e-06,0.007983922898676745,-6.2857090301626775,-5.425131320953369,-0.0,0.09035627126625467,5.0,0.10683560088298566,0.04500193892521227,0.1852842781124763,1199,1400,4,13.806165288432432,dumbbell,4,1,D,diffdist_t8
-1.5915575901163252e-06,-7.663637286699704e-07,0.014116405377888335,-6.245966125246704,-5.545411109924316,-0.0,0.07853374998614875,5.0,0.11946431142649838,0.04611994111881561,0.19681084420680517,890,1400,4,15.18018583052862,dumbbell,4,1,D,diffdist_t8
-1.9774732312672322e-06,-1.0305389550652178e-06,0.011482190306081564,-6.359891486304125,-5.360595703125,-0.0,0.1217896637030487,5.0,0.12309719977144057,0.07035087259324033,0.2501001485987126,1183,1400,4,16.92961649185093,dumbbell,4,1,D,diffdist_t8
-1.601229725711735e-06,-8.476794099217409e-07,0.012134418412077344,-6.276628838180261,-5.577882289886475,-0.0,0.010267080549941257,5.0,0.11691437533890497,0.04355458036405027,0.18265151852175074,1112,1400,4,18.689674801817247,dumbbell,4,1,D,diffdist_t8
-1.2938238604429194e-06,-6.812146650764522e-07,0.01505196014024819,-6.278157636428656,-5.329358100891113,-0.125,0.2707717316154922,5.0,0.13936390587485875,0.10290568841246601,0.2691870862141805,1346,1400,4,20.441465734001106,dumbbell,4,1,D,diffdist_t8
-3.5325325344779766e-06,-1.7379669090655977e-06,0.00517867469899079,-6.390988242992751,-5.525531768798828,-0.0,0.1953860440685446,5.0,0.09967131651979891,0.035644660664658295,0.15181558538165518,771,1400,4,22.25318956983028,dumbbell,4,1,D,diffdist_t8
-1.3493569915195436e-06,-8.176940655961356e-07,0.027258600906115073,-6.204311140974221,-5.291688442230225,-0.0625,0.2799189246677858,5.0,0.1385412185902371,0.08665053975404814,0.25013110745627676,885,1400,4,24.199115340897677,dumbbell,4,1,D,diffdist_t8
-1.112900608778471e-06,-4.406658007429753e-07,0.017342327484109875,-5.92130682279605,-5.1403889656066895,-0.0625,0.11313555289859885,5.0,0.11208764010603207,0.05027695752565071,0.24149077878448255,695,1400,4,25.457467631216495,dumbbell,4,1,D,diffdist_t8
-2.438645244104376e-06,-1.0165139664883371e-06,0.015173393603219964,-6.316284948487498,-5.479201316833496,-0.0,0.294995790038323,5.0,0.1312116950781626,0.06848723279140224,0.20268545685851327,1248,1400,4,26.766912365797136,dumbbell,4,1,D,diffdist_t8
-4.3995522184334794e-07,-2.28731747625324e-07,0.019392031355877627,-5.43548417708398,-4.436237812042236,-0.125,0.2820100253194021,5.0,0.1251489526658024,0.10530740157972136,0.4156195907593962,487,1400,4,28.082515072449162,dumbbell,4,1,D,diffdist_t8
-9.12352224218352e-07,-5.822374689352783e-07,0.009307574594253869,-6.188435033465178,-5.1903486251831055,-0.0625,0.13018150463608058,5.0,0.12159392453485326,0.06968211965825429,0.27104575363013994,340,1400,4,29.25564682434372,dumbbell,4,1,D,diffdist_t8
-3.1479436290306584e-07,-1.2838792110772796e-07,0.00991867495173232,-5.194628060520593,-4.237275123596191,-0.0,0.19194851368458143,5.0,0.1114217900046636,0.08643859116615445,0.4720752827364536,821,1400,4,30.627666603343318,dumbbell,4,1,D,diffdist_t8
-4.166805601760986e-06,-1.7162372873457523e-06,0.00917006891266144,-6.399004232026548,-5.540380477905273,-0.0,0.18063098036410022,5.0,0.10179018207739145,0.032733875565075295,0.1562372309545011,710,1400,4,31.587976846787033,dumbbell,4,1,D,diffdist_t8
-1.979583689624113e-06,-9.395615959477229e-07,0.01120234214928761,-6.146261805104942,-5.221434116363525,-0.0,0.2764234834545613,5.0,0.11063366396454268,0.051512846326757164,0.19537548234621277,861,1400,4,32.32007875824183,dumbbell,4,1,D,diffdist_t8
-8.267616457048412e-07,-3.548393871233242e-07,0.02397371508875891,-5.730655207023739,-4.756080627441406,-0.0,0.33127229672319286,5.0,0.11305717915698899,0.06991238105577256,0.32473230084656624,988,1400,4,33.12889594809895,dumbbell,4,1,D,diffdist_t8
-1.226615462952192e-06,-7.682617722991959e-07,0.011299798495056378,-6.336992042095272,-5.5793867111206055,-0.0625,0.14725825003333498,5.0,0.12031793485983218,0.05237528157357253,0.18314955031828656,453,1400,4,33.668914599485454,dumbbell,4,1,D,diffdist_t8
-8.113349295953117e-07,-4.058696079050018e-07,0.006139062391644296,-5.910715096456075,-5.028817176818848,-0.0,0.04664089807487325,5.0,0.11169569439817141,0.0569879620542614,0.2607784175084341,1088,1400,4,34.059592294100185,dumbbell,4,1,D,diffdist_t8
-2.3909228948024876e-06,-1.106320418348222e-06,0.013174770876515694,-6.19956525163175,-5.299466133117676,-0.0,0.15676188462298413,5.0,0.10489861709293782,0.0419167969554715,0.18019600965809066,517,1400,4,34.349569802337655,dumbbell,4,1,D,diffdist_t8
-7.773377779543296e-07,-3.6100174079722913e-07,0.024156739443115385,-5.719287932132104,-4.677133083343506,-0.0,0.21124327197609039,5.0,0.10062851045543449,0.05737717498313713,0.30292119061826556,350,1400,4,34.429009310151116,dumbbell,4,1,D,diffdist_t8
-11.030104552549176,-18.069824809863313,0.0,-7.158278795303534,-3.8655791456676525e-08,-0.0,1.0,1.0,0.0,0.9883580704731045,0.992531645851648,139,1400,4,-23.903626854904992,dumbbell,4,1,D,heatgeo_t
-11.30633782564548,-19.481528165221597,0.0,-7.158277763169868,-3.8655791456676525e-08,-0.0,1.0,2.0,0.0,0.9822156751080783,0.9884104176102925,345,1400,4,-19.30269743762144,dumbbell,4,1,D,heatgeo_t
-11.43816047756712,-20.632977812138,0.0,-7.158278139096975,-3.8655791456676525e-08,-0.0,1.0,1.0,0.0,0.9845899303383759,0.9903103629359293,567,1400,4,-9.49712260455786,dumbbell,4,1,D,heatgeo_t
-10.834234677797225,-17.88318153742239,0.0,-7.158278417003645,-3.8655791456676525e-08,-0.0,1.0,2.0,0.0,0.9857032107189638,0.991742883237319,957,1400,4,2.3680252371261394,dumbbell,4,1,D,heatgeo_t
-11.693914048914566,-20.757505232818733,0.0,-7.158277968291011,-3.8655791456676525e-08,-0.0,1.0,1.0,0.0,0.9835098009096876,0.9896859646488569,875,1400,4,12.14113035619155,dumbbell,4,1,D,heatgeo_t
-11.475392974576849,-19.834024494876022,0.0,-7.158278840466661,-3.8655791456676525e-08,-0.0,1.0,2.0,0.0,0.9887441876139952,0.9927506626997435,1199,1400,4,13.806165288432432,dumbbell,4,1,D,heatgeo_t
-11.693653003281208,-20.54370312948184,0.0,-7.158278207675294,-3.8655791456676525e-08,-0.0,1.0,2.0,0.0,0.9850986742952584,0.9901933087904622,890,1400,4,15.18018583052862,dumbbell,4,1,D,heatgeo_t
-10.833206182462165,-17.37126850980995,0.0,-7.1582775712072575,-3.8655791456676525e-08,-0.0,1.0,2.0,0.0,0.9802471326523595,0.9875445364848616,1183,1400,4,16.92961649185093,dumbbell,4,1,D,heatgeo_t
-11.378525312474498,-19.36317773017082,0.0,-7.158278204027486,-3.8655791456676525e-08,-0.0,1.0,3.0,0.0,0.9846343919844879,0.9907887685851866,1112,1400,4,18.689674801817247,dumbbell,4,1,D,heatgeo_t
-10.887701069659713,-18.374734248785366,0.0,-7.158277317903947,-3.8655791456676525e-08,-0.0,1.0,1.0,0.0,0.9788557408173806,0.9865812620793618,1346,1400,4,20.441465734001106,dumbbell,4,1,D,heatgeo_t
-11.41228498917613,-19.800929421621408,0.0,-7.158278684107624,-3.8655791456676525e-08,-0.0,1.0,3.0,0.0,0.9876908154169187,0.9925108553183991,771,1400,4,22.25318956983028,dumbbell,4,1,D,heatgeo_t
-10.55818397157902,-17.138324109631135,0.0,-7.158277403990588,-3.8655791456676525e-08,-0.0,0.9999999999999999,1.0,0.0,0.9794355804603202,0.9871871291373722,885,1400,4,24.199115340897677,dumbbell,4,1,D,heatgeo_t
-11.567877410235873,-20.663079672890255,0.0,-7.15827780123778,-3.8655791456676525e-08,-0.0,1.0,1.0,0.0,0.9826428134630381,0.987946514521687,695,1400,4,25.457467631216495,dumbbell,4,1,D,heatgeo_t
-10.70401304731313,-16.64892110690558,0.0,-7.1582777150724315,-3.8655791456676525e-08,-0.0,1.0,1.0,0.0,0.9813009813403172,0.9885642404071102,1248,1400,4,26.766912365797136,dumbbell,4,1,D,heatgeo_t
-11.48328261541836,-18.808801010374154,0.0,-7.158275484532071,-3.8655791456676525e-08,-0.0,1.0,1.0,0.0,0.968424314290763,0.9822237943372506,487,1400,4,28.082515072449162,dumbbell,4,1,D,heatgeo_t
-10.656053274717571,-17.53099656618827,0.0,-7.158277501020473,-3.8655791456676525e-08,-0.0,1.0,1.0,0.0,0.9800683694416302,0.9872129939215896,340,1400,4,29.25564682434372,dumbbell,4,1,D,heatgeo_t
-11.514977450256314,-20.555445655458332,0.0,-7.1582769090204685,-3.8655791456676525e-08,-0.0,1.0,1.0,0.0,0.9779816843683995,0.9848615273599786,821,1400,4,30.627666603343318,dumbbell,4,1,D,heatgeo_t
-10.758973840014534,-17.574733732459013,0.0,-7.158278785817199,-3.8655791456676525e-08,-0.0,1.0,1.0,0.0,0.988210197032801,0.992874342580239,710,1400,4,31.587976846787033,dumbbell,4,1,D,heatgeo_t
-11.095950161746785,-18.337293117065453,0.0,-7.158276270776891,-3.8655791456676525e-08,-0.0,1.0,1.0,0.0,0.972777971960511,0.9848367936715513,861,1400,4,32.32007875824183,dumbbell,4,1,D,heatgeo_t
-11.721189704533538,-20.201145127529788,0.0,-7.158277097798711,-3.8655791456676525e-08,-0.0,1.0,2.0,0.0,0.9787484389269991,0.9866424267318809,988,1400,4,33.12889594809895,dumbbell,4,1,D,heatgeo_t
-11.769706674656646,-20.486174496544304,0.0,-7.15827806352911,-3.8655791456676525e-08,-0.0,1.0,3.0,0.0,0.9839556718511037,0.9902341815333234,453,1400,4,33.668914599485454,dumbbell,4,1,D,heatgeo_t
-11.031601249706332,-18.701774029497777,0.0,-7.158277784591391,-3.8655791456676525e-08,-0.0,1.0,1.0,0.0,0.9824992461682936,0.9879559021100182,1088,1400,4,34.059592294100185,dumbbell,4,1,D,heatgeo_t
-11.35879968646172,-19.80140286202748,0.0,-7.158278088943206,-3.8655791456676525e-08,-0.0,1.0,2.0,0.0,0.9842042531112924,0.9897592811341384,517,1400,4,34.349569802337655,dumbbell,4,1,D,heatgeo_t
-11.36043266742575,-19.106203038025985,0.0,-7.158276315190771,-3.8655791456676525e-08,-0.0,1.0,1.0,0.0,0.9731762235819431,0.9846880528633047,350,1400,4,34.429009310151116,dumbbell,4,1,D,heatgeo_t
-10.793771807409223,-17.35634845166652,0.0,-7.158278638423225,-3.8655791456676525e-08,-0.0,1.0,1.0,0.0,0.9871068935003947,0.9917310690147249,139,1400,4,-23.903626854904992,dumbbell,4,1,D,heatgeo_4t
-11.085499945327856,-18.80513517958031,0.0,-7.158277484740543,-3.8655791456676525e-08,-0.0,1.0,2.0,0.0,0.9802933423131333,0.9871640536673304,345,1400,4,-19.30269743762144,dumbbell,4,1,D,heatgeo_4t
-11.228457006080674,-20.00788868679577,0.0,-7.15827790555263,-3.8655791456676525e-08,-0.0,1.0,1.0,0.0,0.9829282904836962,0.9892696164251108,567,1400,4,-9.49712260455786,dumbbell,4,1,D,heatgeo_4t
-10.583797652087375,-17.16193170068691,0.0,-7.158278216345034,-3.8655791456676525e-08,-0.0,1.0,2.0,0.0,0.9841626720659484,0.9908569125725465,957,1400,4,2.3680252371261394,dumbbell,4,1,D,heatgeo_4t
-11.503227250653623,-20.138957280209954,0.0,-7.158277714682518,-3.8655791456676525e-08,-0.0,1.0,1.0,0.0,0.981730362656656,0.9885775713164191,875,1400,4,12.14113035619155,dumbbell,4,1,D,heatgeo_4t
-11.269306142607961,-19.177620381998086,0.0,-7.158278688563919,-3.8655791456676525e-08,-0.0,1.0,2.0,0.0,0.9875341147213509,0.9919735677872642,1199,1400,4,13.806165288432432,dumbbell,4,1,D,heatgeo_4t
-11.502964096921005,-19.914735640471896,0.0,-7.158277982098012,-3.8655791456676525e-08,-0.0,1.0,2.0,0.0,0.9834921660158278,0.9891398282777828,890,1400,4,15.18018583052862,dumbbell,4,1,D,heatgeo_4t
-10.580094129651522,-16.63084295143591,0.0,-7.158277270286213,-3.8655791456676525e-08,-0.0,1.0,2.0,0.0,0.9781094217794357,0.9862031281158627,1183,1400,4,16.92961649185093,dumbbell,4,1,D,heatgeo_4t
-11.164706487119734,-18.68674412629598,0.0,-7.158277978343383,-3.8655791456676525e-08,-0.0,1.0,3.0,0.0,0.982977618008606,0.9897997770639038,1112,1400,4,18.689674801817247,dumbbell,4,1,D,heatgeo_4t
-10.635871026407333,-17.654664800796922,0.0,-7.1582769861561335,-3.8655791456676525e-08,-0.0,1.0,1.0,0.0,0.9765640542423635,0.9851337940425421,1346,1400,4,20.441465734001106,dumbbell,4,1,D,heatgeo_4t
-11.202459842164446,-19.145906698203188,0.0,-7.15827851446943,-3.8655791456676525e-08,-0.0,1.0,3.0,0.0,0.986366991641604,0.9917082544351591,771,1400,4,22.25318956983028,dumbbell,4,1,D,heatgeo_4t
-10.286343951152631,-16.389014384545174,0.0,-7.158277082785509,-3.8655791456676525e-08,-0.0,1.0,1.0,0.0,0.9772089534392698,0.9858067775897935,885,1400,4,24.199115340897677,dumbbell,4,1,D,heatgeo_4t
-11.365954673518159,-20.034659994916225,0.0,-7.158277527256809,-3.8655791456676525e-08,-0.0,1.0,1.0,0.0,0.9807676540031438,0.9866488056805935,695,1400,4,25.457467631216495,dumbbell,4,1,D,heatgeo_4t
-10.441884840384105,-15.892975018248585,0.0,-7.1582774312436825,-3.8655791456676525e-08,-0.0,1.0,1.0,0.0,0.9792787595079647,0.9873333932465206,1248,1400,4,26.766912365797136,dumbbell,4,1,D,heatgeo_4t
-11.270889215570728,-18.098741368952727,0.0,-7.1582749238850685,-3.8655791456676525e-08,-0.0,1.0,1.0,0.0,0.9649778113606183,0.9803021185781009,487,1400,4,28.082515072449162,dumbbell,4,1,D,heatgeo_4t
-10.390480908045262,-16.79129593025225,0.0,-7.158277191344849,-3.8655791456676525e-08,-0.0,1.0,1.0,0.0,0.9779108324306162,0.9858347550923867,340,1400,4,29.25564682434372,dumbbell,4,1,D,heatgeo_4t
-11.308370852912164,-19.92141753142591,0.0,-7.158276526933326,-3.8655791456676525e-08,-0.0,1.0,1.0,0.0,0.9755950033762871,0.9832274930622814,821,1400,4,30.627666603343318,dumbbell,4,1,D,heatgeo_4t
-10.505701919251264,-16.849702280833256,0.0,-7.158278627867991,-3.8655791456676525e-08,-0.0,1.0,1.0,0.0,0.9869427004193753,0.9921109006794003,710,1400,4,31.587976846787033,dumbbell,4,1,D,heatgeo_4t
-10.858224710765425,-17.619538522326575,0.0,-7.1582758102426824,-3.8655791456676525e-08,-0.0,1.0,1.0,0.0,0.9698166999569263,0.9832008038290709,861,1400,4,32.32007875824183,dumbbell,4,1,D,heatgeo_4t
-11.531158204457622,-19.55370740505008,0.0,-7.15827673905954,-3.8655791456676525e-08,-0.0,1.0,2.0,0.0,0.9764461578369796,0.9852028817833912,988,1400,4,33.12889594809895,dumbbell,4,1,D,heatgeo_4t
-11.585305342271393,-19.856340112926244,0.0,-7.158277821322342,-3.8655791456676525e-08,-0.0,1.0,3.0,0.0,0.9822249323529982,0.9891854949992561,453,1400,4,33.668914599485454,dumbbell,4,1,D,heatgeo_4t
-10.792109821107148,-17.998080168474807,0.0,-7.158277508556699,-3.8655791456676525e-08,-0.0,1.0,1.0,0.0,0.9806079772651057,0.9866587033942348,1088,1400,4,34.059592294100185,dumbbell,4,1,D,heatgeo_4t
-11.143248930492929,-19.14081686281964,0.0,-7.158277849446213,-3.8655791456676525e-08,-0.0,1.0,2.0,0.0,0.9825001701319805,0.9886580961439422,517,1400,4,34.349569802337655,dumbbell,4,1,D,heatgeo_4t
-11.139277605545837,-18.40789388740538,0.0,-7.158275860022643,-3.8655791456676525e-08,-0.0,1.0,1.0,0.0,0.9702589004565688,0.9830353086354638,350,1400,4,34.429009310151116,dumbbell,4,1,D,heatgeo_4t
-0.041233030972720235,-0.08619637290373079,-0.02481764192300791,-7.0529388376657405,-4.787231922149658,-0.1875,0.2945775068533729,1.0,0.2585983840775626,0.2285436244488447,0.6091543225837998,139,1400,4,-23.903626854904992,dumbbell,4,1,D,fb_potential
-0.09300975814180884,-0.07962210694219142,0.07416906501311753,-7.010563321011146,-5.069732666015625,-0.0,0.4891845342659023,2.0,0.2525389977361385,0.17622270410077218,0.4930045422496657,345,1400,4,-19.30269743762144,dumbbell,4,1,D,fb_potential
-0.07928276314384414,-0.12475567529504748,0.09918105240589625,-7.038503639253916,-5.079698085784912,-0.0625,0.42909588553616135,1.0,0.2729737879359323,0.198177066579301,0.5371250322565257,567,1400,4,-9.49712260455786,dumbbell,4,1,D,fb_potential
-0.04906155641089424,-0.024558496089097957,0.005498998025004781,-7.065766782591958,-4.9086785316467285,-0.8125,0.20901418523056653,2.0,0.24964113541942606,0.2099842914504347,0.5616513487031466,957,1400,4,2.3680252371261394,dumbbell,4,1,D,fb_potential
-0.14571154417151808,-0.12838196399195545,0.10575623319972226,-7.064502151778067,-5.259378910064697,-0.0,0.3511900478433766,3.0,0.2513842437763213,0.17615269393531707,0.4864118336020458,875,1400,4,12.14113035619155,dumbbell,4,1,D,fb_potential
-0.055812926774813414,-0.09634290025145141,0.11576290450571369,-7.059240286229413,-5.304404258728027,-0.0,0.3309591767609275,4.0,0.281572707749669,0.1971729395757469,0.5018729251946541,1199,1400,4,13.806165288432432,dumbbell,4,1,D,fb_potential
-0.08643717543330796,-0.09867057776558756,0.07874277221241671,-7.063057288168315,-5.128345489501953,-0.0,0.40312246963721143,5.0,0.2457541003670171,0.1916198714180023,0.5281125168927374,890,1400,4,15.18018583052862,dumbbell,4,1,D,fb_potential
-0.025415966774752854,0.0005592087433404483,0.06619543792380095,-7.012338646007858,-4.7272114753723145,-0.0,0.40458197755729597,2.0,0.23755765649344424,0.19752065772771032,0.5603559961587118,1183,1400,4,16.92961649185093,dumbbell,4,1,D,fb_potential
-0.07796303174363713,-0.05428037860647,0.08975688848901892,-7.038572558572868,-4.9948835372924805,-0.0,0.2989892482618621,1.0,0.25941271923824205,0.19254700518321202,0.5433799665283522,1112,1400,4,18.689674801817247,dumbbell,4,1,D,fb_potential
0.0018927490878546103,0.0070785720546968035,0.02190145237522291,-6.9941622705370685,-4.678396701812744,-0.0,0.34157500650802775,4.0,0.22638682490223233,0.18377648993000142,0.5372241260981471,1346,1400,4,20.441465734001106,dumbbell,4,1,D,fb_potential
-0.046490744342122185,-0.02321125920996666,0.07069744401788727,-7.009888274015262,-4.358842849731445,-0.0625,0.42403581808531665,3.0,0.22781188991486906,0.20112129160232028,0.5920180561031589,771,1400,4,22.25318956983028,dumbbell,4,1,D,fb_potential
0.0048379593465553,-0.014843013314985843,0.05129612867408708,-7.013245025395701,-4.948937892913818,-0.0,0.32961815950135737,3.0,0.26122594273680994,0.20691048332322196,0.552816879268464,885,1400,4,24.199115340897677,dumbbell,4,1,D,fb_potential
-0.19336116831134076,-0.16375741979629735,0.043204045452351576,-7.049688278882211,-5.304294109344482,-0.0,0.41504874043137985,1.0,0.2422987815040977,0.15843242125604023,0.438662164354097,695,1400,4,25.457467631216495,dumbbell,4,1,D,fb_potential
-0.04071959592793338,-0.03300157719009279,0.04998871750036283,-7.021466375618613,-4.853444576263428,-0.125,0.28740375381935684,4.0,0.23529735634394217,0.19757737463449612,0.5370994027341871,1248,1400,4,26.766912365797136,dumbbell,4,1,D,fb_potential
-0.03486468210177088,-0.03817039872164971,0.027241938473065566,-6.958477877180204,-4.715228080749512,-0.0,0.3792394087344891,3.0,0.2087785456609983,0.14657894661093118,0.4977796332847496,487,1400,4,28.082515072449162,dumbbell,4,1,D,fb_potential
-0.005153824134757779,-0.011914588484432331,0.0883859622046136,-7.009740961153823,-5.050617218017578,-0.0625,0.25734306784415595,4.0,0.24676272931279208,0.18713153496278429,0.5110074574209187,340,1400,4,29.25564682434372,dumbbell,4,1,D,fb_potential
-0.22523052693499657,-0.1407128732140672,0.02301507952939972,-7.046937659625571,-5.1590142250061035,-0.0,0.24006269740364383,1.0,0.2457443179318688,0.15929234107555995,0.4606463432080887,821,1400,4,30.627666603343318,dumbbell,4,1,D,fb_potential
-0.05737815312525124,-0.02754078768623399,-0.05394159985224532,-7.015675015187933,-4.467534065246582,-0.1875,0.2735644126215135,1.0,0.24174530559573432,0.21536574348922843,0.6150819346595963,710,1400,4,31.587976846787033,dumbbell,4,1,D,fb_potential
-0.06646416778835013,-0.023450456506999586,0.04068240662610841,-6.996620339629388,-4.623071193695068,-0.0,0.21817202400736704,3.0,0.21715528230137005,0.1605956336878838,0.5238422706261487,861,1400,4,32.32007875824183,dumbbell,4,1,D,fb_potential
-0.080608466958793,-0.10551557172943929,0.03440182095587364,-7.009482929856031,-4.972702980041504,-0.0,0.44661618225026495,3.0,0.2399396041748914,0.1685221242103997,0.48942919397731643,988,1400,4,33.12889594809895,dumbbell,4,1,D,fb_potential
-0.0743192919905312,-0.0483772399343371,0.11114261932510619,-7.067279535126581,-4.960309982299805,-0.1875,0.2587232827504026,3.0,0.24976326055709247,0.1985400966512614,0.5544901999786844,453,1400,4,33.668914599485454,dumbbell,4,1,D,fb_potential
-0.0924628092136286,-0.0859218273489256,0.10694620680774658,-7.02361885045473,-5.1742448806762695,-0.0625,0.30215603015301784,2.0,0.2622740281356679,0.1848374983238569,0.49968850934234593,1088,1400,4,34.059592294100185,dumbbell,4,1,D,fb_potential
-0.11027658885828724,-0.11519788067408339,0.10331213961064514,-7.024536499143613,-5.014843940734863,-0.0,0.4414793725286795,1.0,0.25262846402169925,0.1791595572716835,0.5142958268176989,517,1400,4,34.349569802337655,dumbbell,4,1,D,fb_potential
-0.02143437650585501,-0.03173700853229603,0.006372831453200722,-6.971075026107661,-4.842406272888184,-0.0,0.3776648796759906,3.0,0.23881706492617788,0.15854264016453434,0.4957759250038906,350,1400,4,34.429009310151116,dumbbell,4,1,D,fb_potential
-0.018554511123253268,-0.029023904550095472,0.018801463269883578,-7.1545694408510165,-4.832512855529785,-1.0,0.36202164474552867,10.0,0.26334375542329325,0.2827064262238746,0.5274785806650125,208,1400,5,-18.649853427823356,dumbbell,5,0,A,oracle
-0.02456230776035711,-0.01363481475250926,0.003391742664440542,-7.155751428209719,-4.481522560119629,-1.0,0.11555649478551602,10.0,0.2242266250328632,0.36199282147552997,0.5502610448039744,362,1400,5,-12.074076382063264,dumbbell,5,0,A,oracle
-0.0045619211586229265,0.001864657519098362,0.012196891776008712,-7.154776656844064,-4.1278276443481445,-1.0,0.07800623063041583,5.0,0.22536551562767346,0.33471761182737886,0.5884177114353413,1088,1400,5,2.2962247736213577,dumbbell,5,0,A,oracle
0.048472700163049755,0.036579959291211314,0.0022022453470367832,-7.153550536969517,-4.196896076202393,-0.3125,0.5324203511974742,5.0,0.2210670338763398,0.33743874848531735,0.5752509446672097,915,1400,5,16.512424390223224,dumbbell,5,0,A,oracle
0.04837157817639156,0.07049658434432628,0.013063580633837996,-7.1393348898082,-4.207691192626953,-0.0,0.5562245787553276,5.0,0.23356275199959656,0.3320802517614619,0.571614992128903,762,1400,5,21.74911536245209,dumbbell,5,0,A,oracle
0.05635678754819758,0.0843653681846456,0.006973566639842761,-7.136373870325814,-4.054643630981445,-0.0,0.6125399078536096,5.0,0.2326453536464846,0.32108797990799015,0.6003390243311505,333,1400,5,24.40076392053056,dumbbell,5,0,A,oracle
0.0695158423716711,0.09437845635217045,0.013583787561106554,-7.143020222068767,-3.6082191467285156,-0.0,0.5681622489001756,5.0,0.1835200189773677,0.3799550630512668,0.6173088501336804,509,1400,5,26.972586419979983,dumbbell,5,0,A,oracle
0.03734745627782395,0.041489551491776584,-0.0007291952446074491,-7.152341835563328,-3.8246686458587646,-0.125,0.5138091290918959,5.0,0.21139808839195046,0.34080468003177,0.5872954943575989,1146,1400,5,30.417879015943825,dumbbell,5,0,A,oracle
0.06769326539015284,0.09358601511172289,0.02687608306602999,-7.140102088801172,-4.214335918426514,-0.0,0.7425400207749995,5.0,0.21627573427373056,0.36154003795938044,0.5885404888499329,656,1400,5,32.87920687152628,dumbbell,5,0,A,oracle
0.05473811426619324,0.06718221949524143,0.02236075927295645,-7.151232527069393,-4.191197395324707,-0.0625,0.061110062603703455,5.0,0.23390915560732295,0.32216322857185015,0.5995271632883435,371,1400,5,34.93024350368683,dumbbell,5,0,A,oracle
0.07196150870565451,0.09636714032846613,0.018179126997225972,-7.142540493447244,-3.9666800498962402,-0.0,0.6235913655299717,5.0,0.22331608765131017,0.33876393442824115,0.6066507938718926,1399,1400,5,37.50867041004193,dumbbell,5,0,A,oracle
0.0637720945363443,0.10174950429903273,0.021742276507897042,-7.142020548784151,-3.8111963272094727,-0.0,0.7193139364434005,5.0,0.20755466618590176,0.32568809439970536,0.6297320446145523,1032,1400,5,39.94204071714431,dumbbell,5,0,A,oracle
0.07029992458632724,0.09507941039606947,0.03050668538938881,-7.142391836436094,-4.1229963302612305,-0.0,0.5514336603490895,5.0,0.2213639719995176,0.3363946984497696,0.5979731744100782,158,1400,5,41.70666760573813,dumbbell,5,0,A,oracle
0.07785473135685417,0.10059944897677711,0.024235982078245847,-7.141955239648052,-3.786849021911621,-0.0625,0.20177571008702272,5.0,0.20407939530556152,0.33231595807917175,0.6013348056445661,1071,1400,5,43.37483662264934,dumbbell,5,0,A,oracle
0.07016568385187551,0.10169409349233247,0.03941828678113189,-7.138341600409197,-3.9261319637298584,-0.0,0.3458128196928112,5.0,0.23367827168403382,0.3058970388135235,0.6293749071169009,1219,1400,5,45.23724507872123,dumbbell,5,0,A,oracle
0.0729730459395705,0.09918640373460347,0.0239722346718734,-7.139308726271421,-3.8854479789733887,-0.0625,0.584256661414328,5.0,0.21473011837999417,0.2846881474914058,0.6260818788229416,388,1400,5,46.655189345072365,dumbbell,5,0,A,oracle
0.08105214546866633,0.10365173671425655,0.015022285648475889,-7.143659342971108,-3.6154191493988037,-0.0,0.32891410379751884,5.0,0.19244275392232205,0.34125612520236787,0.624833904026558,1373,1400,5,47.81255722327232,dumbbell,5,0,A,oracle
0.07695002183159606,0.08673982470846156,0.037688446185875246,-7.1482876086076725,-4.028940200805664,-0.0625,0.2067128296563108,5.0,0.22421215144311935,0.33683506928737483,0.5911300439775742,580,1400,5,48.94985583734614,dumbbell,5,0,A,oracle
0.06936534973236237,0.08281295560596655,0.01818603430811134,-7.146690382582809,-3.685227394104004,-0.0,0.40776841173271994,5.0,0.22405615535260542,0.2868613961904549,0.6274156475547457,228,1400,5,50.09299982678168,dumbbell,5,0,A,oracle
0.09752139202697234,0.11664809798227704,0.007962753540357734,-7.147878364663873,-3.0281105041503906,-0.0625,0.607644335315909,5.0,0.138270833620667,0.3875709793285762,0.6222040018813207,421,1400,5,51.01762680425846,dumbbell,5,0,A,oracle
0.07919614968741714,0.10655552077041641,0.024422911552429427,-7.145934274075917,-3.74341082572937,-0.125,0.3158224164136511,5.0,0.2015699588435282,0.3662814879884055,0.6376805976549405,51,1400,5,51.73309924448142,dumbbell,5,0,A,oracle
0.07979506107625516,0.0994249002285984,0.025918777039046242,-7.145702213617764,-3.5200960636138916,-0.125,0.41511166179324244,5.0,0.20946320789953732,0.3263947182159631,0.6304448128371795,619,1400,5,52.21879784472452,dumbbell,5,0,A,oracle
0.07942513032497966,0.10199068156015939,0.034703209747285566,-7.142122588800241,-3.7128219604492188,-0.0,0.5503709246294206,5.0,0.21361044522710773,0.3099371013532571,0.631372825017603,503,1400,5,52.49937845416367,dumbbell,5,0,A,oracle
0.07852397878265072,0.09425799472513492,0.020588771405498394,-7.14750793162683,-3.774359703063965,-0.0625,0.6076395361737625,5.0,0.200900083708207,0.33831596753716703,0.5984502656200669,1020,1400,5,52.621398144179125,dumbbell,5,0,A,oracle
-0.0830899570390731,-0.09086339102748393,-0.03030464208132371,-7.140221012834594,-5.422942638397217,-1.0,0.1971384870146536,4.0,0.26106588603152414,0.20093630627027897,0.5380325526347904,208,1400,5,-18.649853427823356,dumbbell,5,0,B,plain
7.221869223296516e-05,-0.024010631857031554,-0.01648455055654404,-7.1409228776385305,-5.437029838562012,-0.875,0.17428101616253122,4.0,0.28285621860279886,0.2580303430102558,0.5711963781271291,362,1400,5,-12.074076382063264,dumbbell,5,0,B,plain
-0.01213492118631682,-0.05761464520152196,-0.050559467505452184,-7.135984262288105,-5.074501991271973,-0.8125,0.28519150107490454,4.0,0.2551518300632468,0.23956620688472346,0.5779158574160511,1088,1400,5,2.2962247736213577,dumbbell,5,0,B,plain
0.010510481974015972,0.0019490111661341796,0.035750584327440764,-7.121093946618279,-5.250234127044678,-0.125,0.42493829682022355,5.0,0.27257769674994115,0.2394442377437087,0.5752397390371882,915,1400,5,16.512424390223224,dumbbell,5,0,B,plain
-0.012639821789407606,0.01864898162657992,-0.01120144293899156,-7.0882421750886735,-5.0304694175720215,-0.0,0.6600528003071178,1.0,0.2604949296190347,0.2373615407004156,0.579124545166728,762,1400,5,21.74911536245209,dumbbell,5,0,B,plain
0.03514618877010414,0.049141337061557155,0.02626586425690615,-7.077107564752064,-4.772171497344971,-0.0,0.4908923411213192,4.0,0.2572122096979772,0.22831543825949482,0.6100026147364526,333,1400,5,24.40076392053056,dumbbell,5,0,B,plain
0.009826584687821091,0.031167484381011263,-0.009969084461681854,-7.097602864618499,-5.004506587982178,-0.0,0.5042669500768204,3.0,0.27567567253484426,0.2697396089348,0.6113037317176712,509,1400,5,26.972586419979983,dumbbell,5,0,B,plain
0.04146322560001528,0.04736323352475155,0.0001645780537540692,-7.1066301645269885,-4.838098049163818,-0.0625,0.36267230077482465,2.0,0.25091625608082935,0.24334467095363488,0.6104960756364305,1146,1400,5,30.417879015943825,dumbbell,5,0,B,plain
0.04549117467251074,0.06027287207734278,0.04847477257900693,-7.08735263295729,-5.145970821380615,-0.0,0.6581327544153802,2.0,0.2893541248539727,0.2548279440847117,0.5882562799535666,656,1400,5,32.87920687152628,dumbbell,5,0,B,plain
0.03532469529114688,0.03981261171264071,0.009121226683744977,-7.109735280913552,-5.0197906494140625,-0.0,0.17544756317493357,2.0,0.2688949340832566,0.228113454979563,0.5986960651217007,371,1400,5,34.93024350368683,dumbbell,5,0,B,plain
0.017945766137922998,0.033175007299706814,0.03203796484070807,-7.0914280370330065,-4.702812671661377,-0.0,0.3930060342579047,5.0,0.24982537426761142,0.2422465412700488,0.6100876937039821,1399,1400,5,37.50867041004193,dumbbell,5,0,B,plain
0.038002200088762976,0.03689226821163666,0.02591769948597858,-7.088978488951412,-4.778001308441162,-0.0,0.637058695348717,4.0,0.24094576108375718,0.2296271840013722,0.5972955436078549,1032,1400,5,39.94204071714431,dumbbell,5,0,B,plain
0.05068446603517548,0.05456056308687365,0.043298768839982286,-7.085703529597879,-4.949133396148682,-0.0,0.4590063531011953,3.0,0.2731214107015152,0.237083226929898,0.6057055280128425,158,1400,5,41.70666760573813,dumbbell,5,0,B,plain
0.030116632121624066,0.045199381198293136,0.012725286920036728,-7.086132746465706,-4.542211532592773,-0.0625,0.5014192817120604,5.0,0.21898804262818725,0.23479405570505374,0.6129867493146841,1071,1400,5,43.37483662264934,dumbbell,5,0,B,plain
0.017699627436959516,0.030516686105301623,-0.008625220698860346,-7.074489643803059,-4.589197635650635,-0.0,0.43645445892912316,6.0,0.23917553178034934,0.21951791134226775,0.6201240275883113,1219,1400,5,45.23724507872123,dumbbell,5,0,B,plain
0.014486880617887237,0.017811335830266346,-0.007142635054230944,-7.081162941660546,-4.546732425689697,-0.0625,0.6037117388225473,5.0,0.2138010363481937,0.20303236608010042,0.5937909347783192,388,1400,5,46.655189345072365,dumbbell,5,0,B,plain
0.023599602553017452,0.03298648879424715,0.0250417132938651,-7.082769742630845,-4.6370978355407715,-0.0,0.5233186305112931,2.0,0.22635132171396663,0.2387789105282027,0.6176773031678355,1373,1400,5,47.81255722327232,dumbbell,5,0,B,plain
0.031509722900165,0.03676521613235219,0.0030425956092125315,-7.097554491169349,-4.852949619293213,-0.0625,0.34214112729058954,5.0,0.25736188965790086,0.2387522882684842,0.5965508193073764,580,1400,5,48.94985583734614,dumbbell,5,0,B,plain
0.04551657012942907,0.034683443669172045,0.023803048932697184,-7.087159666086816,-4.4969377517700195,-0.0,0.2072076091173492,3.0,0.2216386853336132,0.20297961086069552,0.6137275766338054,228,1400,5,50.09299982678168,dumbbell,5,0,B,plain
0.08157919859024647,0.0699962978075129,-0.010573952484513151,-7.097770421925414,-4.824039459228516,-0.0625,0.4614325424385913,5.0,0.267385453631799,0.2714419241960614,0.6484972732288697,421,1400,5,51.01762680425846,dumbbell,5,0,B,plain
0.021030515951738712,0.043081740416664994,0.009438938425925759,-7.103795724270017,-4.872303009033203,-0.1875,0.4861758622442358,1.0,0.248050081373012,0.2560523671947824,0.6102100728031721,51,1400,5,51.73309924448142,dumbbell,5,0,B,plain
0.03673900784766543,0.03139236549990462,-0.0053348636597498,-7.087676145539842,-4.371800899505615,-0.0625,0.626152438549505,3.0,0.21763054272418114,0.23001756323923964,0.6288405518689538,619,1400,5,52.21879784472452,dumbbell,5,0,B,plain
0.05483696691117982,0.06689732518074484,0.01593521020044671,-7.072435128078108,-4.577731609344482,-0.0,0.6425773466071075,4.0,0.24138679485768547,0.21978925895610604,0.6334379542774785,503,1400,5,52.49937845416367,dumbbell,5,0,B,plain
0.028080179069779033,0.04880852409019481,0.012586186426720996,-7.099426277020738,-4.995826244354248,-0.0,0.4584832953257039,1.0,0.2541420999422309,0.23949867741457279,0.5920278008608696,1020,1400,5,52.621398144179125,dumbbell,5,0,B,plain
-0.05923539545103471,-0.037405614866454176,-0.05829796606778809,-7.134376042969329,-5.18833589553833,-0.9375,0.36705053274318905,4.0,0.2504763780292753,0.2173396493820471,0.5654074221172718,208,1400,5,-18.649853427823356,dumbbell,5,0,B,pca_denoise
-0.0013977776761169751,0.01272401308596475,-0.0016030309445940315,-7.123151789965152,-5.250474452972412,-0.8125,0.1542305792271828,4.0,0.26857885463108405,0.27190798620740636,0.5852189590384144,362,1400,5,-12.074076382063264,dumbbell,5,0,B,pca_denoise
-0.01983875311809406,-0.0009593700768250314,-0.07021865023008617,-7.1172058249255175,-4.946638584136963,-0.875,0.23089203487467005,6.0,0.2481350992409107,0.23991348740485977,0.5920473004174011,1088,1400,5,2.2962247736213577,dumbbell,5,0,B,pca_denoise
0.07298211070425925,0.05620226522739023,0.044254358060562736,-7.074784291221422,-5.027461051940918,-0.0,0.4891206052548759,5.0,0.25588678943935284,0.23673365203339497,0.5755553506027866,915,1400,5,16.512424390223224,dumbbell,5,0,B,pca_denoise
-0.002765254764679142,0.012874026472048059,0.029240115483231584,-7.05470409034104,-4.968620300292969,-0.0,0.6450718056334395,2.0,0.24741199921429452,0.23009844440994667,0.5586723463734051,762,1400,5,21.74911536245209,dumbbell,5,0,B,pca_denoise
0.05131042000707959,0.06138988577269762,0.044860121222115676,-7.046841909601984,-4.820717811584473,-0.0,0.6226396366664788,4.0,0.24727302446610253,0.22457466297692577,0.5784469644089142,333,1400,5,24.40076392053056,dumbbell,5,0,B,pca_denoise
0.024106422625414094,0.03872394399750789,-0.00036255566501640704,-7.066406342571726,-5.024661064147949,-0.0,0.39057477434459165,5.0,0.2664374331405583,0.2435804668746617,0.5722766116473795,509,1400,5,26.972586419979983,dumbbell,5,0,B,pca_denoise
0.039878501884149535,0.049149659032298336,-0.020596446527081563,-7.074992756045696,-4.7692551612854,-0.0,0.6719641725210768,5.0,0.235403697654096,0.23901211270985234,0.5802655139962278,1146,1400,5,30.417879015943825,dumbbell,5,0,B,pca_denoise
0.05964831059780338,0.060857982320183815,0.02630746816051529,-7.050082561563878,-5.212197780609131,-0.0,0.556479282683919,5.0,0.28476882291054917,0.23441327302388593,0.5472924444967435,656,1400,5,32.87920687152628,dumbbell,5,0,B,pca_denoise
0.043070904377078195,0.05046703840901865,-0.027920419702643307,-7.067574043780795,-4.877937316894531,-0.0,0.012711716066057643,4.0,0.25227786222989823,0.21661971955311124,0.5872423622304039,371,1400,5,34.93024350368683,dumbbell,5,0,B,pca_denoise
0.04774165892595876,0.05097300272285348,0.017903049062607323,-7.060863839067364,-4.737515449523926,-0.0,0.47845258366055365,5.0,0.2413383647268079,0.22206131298315612,0.5769397121690143,1399,1400,5,37.50867041004193,dumbbell,5,0,B,pca_denoise
0.046304432859324736,0.04376588024184557,0.007612261453184844,-7.061474937511868,-4.825327396392822,-0.0,0.606100344476877,4.0,0.23298877650509559,0.22270366395533475,0.563537597153091,1032,1400,5,39.94204071714431,dumbbell,5,0,B,pca_denoise
0.03841847866755858,0.04885006286110693,0.0337481057982769,-7.0597114151775,-5.084989070892334,-0.0,0.4505746034433249,4.0,0.2658837534565268,0.21926005658080808,0.5528051766400176,158,1400,5,41.70666760573813,dumbbell,5,0,B,pca_denoise
0.05290476034550552,0.0674228957283694,0.028649264413013565,-7.0506963610615525,-4.561336994171143,-0.0,0.5413997198060294,5.0,0.20578195902417007,0.21804140543470218,0.5688534176169183,1071,1400,5,43.37483662264934,dumbbell,5,0,B,pca_denoise
0.021326159793860842,0.03597765436808871,0.002564634629041246,-7.034707947944651,-4.651928901672363,-0.0,0.5808837621246195,2.0,0.2347219421510196,0.20448097372878765,0.5764925165597222,1219,1400,5,45.23724507872123,dumbbell,5,0,B,pca_denoise
0.03131644103423051,0.024207896073897433,-0.009057786834962464,-7.039837746806969,-4.3768463134765625,-0.0,0.4936511086921541,5.0,0.19970778425880356,0.1950087319609386,0.5804435788068851,388,1400,5,46.655189345072365,dumbbell,5,0,B,pca_denoise
0.024490140189664788,0.03934464005296703,0.03226758009986669,-7.051601469040323,-4.708503723144531,-0.0,0.6865308528951217,2.0,0.21483903069961924,0.21401855917722287,0.5698709964867794,1373,1400,5,47.81255722327232,dumbbell,5,0,B,pca_denoise
0.04142940899559348,0.03841932315555556,0.00808169531849435,-7.0664200906086485,-4.896305084228516,-0.0,0.5957238274267918,5.0,0.25193042643303415,0.23230073185562583,0.5727847385633335,580,1400,5,48.94985583734614,dumbbell,5,0,B,pca_denoise
0.05905744260726598,0.04445923652055865,0.04650276482021782,-7.04696453697081,-4.47752571105957,-0.0,0.4557795192847448,3.0,0.21105443230880888,0.18018451530741625,0.591672965502186,228,1400,5,50.09299982678168,dumbbell,5,0,B,pca_denoise
0.0553806018793446,0.06847386335381704,0.021485666658517984,-7.057774192123224,-4.860236644744873,-0.0,0.6101232936391687,4.0,0.2556013571049865,0.23293566795863188,0.582931396310655,421,1400,5,51.01762680425846,dumbbell,5,0,B,pca_denoise
0.04710328994773203,0.0669589618829572,0.01541519162921387,-7.063355817012115,-4.8268232345581055,-0.0625,0.46079973031186094,4.0,0.23287534868709595,0.23420797371943206,0.5760919666016495,51,1400,5,51.73309924448142,dumbbell,5,0,B,pca_denoise
0.0644598697677452,0.03388470838341772,0.024769068243553433,-7.0511060067517635,-4.41357421875,-0.0,0.2716764112813657,3.0,0.20372593860619703,0.2071798987878719,0.5842225655504757,619,1400,5,52.21879784472452,dumbbell,5,0,B,pca_denoise
0.08667046011369994,0.07511089050435855,0.03180148706737405,-7.03558961780862,-4.615866661071777,-0.0,0.6300241797488741,5.0,0.2334102399258236,0.22053961704440012,0.5879795127155347,503,1400,5,52.49937845416367,dumbbell,5,0,B,pca_denoise
0.013789104536595116,0.04432175261456865,0.013087640445167758,-7.064935789449443,-5.051951885223389,-0.0,0.5652451817496387,5.0,0.24806365015559967,0.2124873821151683,0.551726588169145,1020,1400,5,52.621398144179125,dumbbell,5,0,B,pca_denoise
-0.06438154844768278,-0.04124847339809288,0.01880102043795799,-6.939784578241076,-2.857097625732422,-0.1875,0.10936726564662626,6.0,0.10095668685656482,0.1982346742951856,0.5143144682957059,208,1400,5,-18.649853427823356,dumbbell,5,0,B,diffdist_t4
-0.0676761660162941,-0.04754707315398677,0.01984839353506966,-6.930323664870114,-2.980865955352783,-0.0,0.20486331035648112,6.0,0.09539062842230558,0.21406152709262696,0.4650776257756202,362,1400,5,-12.074076382063264,dumbbell,5,0,B,diffdist_t4
-0.07620309600388842,-0.05681582391245104,0.02332264606359506,-6.9124220939576,-3.426337957382202,-0.0,0.3933920258625489,6.0,0.11672239887218809,0.19063989168593018,0.420416365396736,1088,1400,5,2.2962247736213577,dumbbell,5,0,B,diffdist_t4
-0.06229201857715474,-0.061241181595314345,0.018643513888632997,-6.904555790531962,-3.7785568237304688,-0.0,0.08162943874036084,6.0,0.1236523585318837,0.18397743999114288,0.3457957077881417,915,1400,5,16.512424390223224,dumbbell,5,0,B,diffdist_t4
-0.05613896742336643,-0.06023559021687631,0.021735592902845685,-6.790641847016172,-4.421196460723877,-0.0,0.7751862636438901,6.0,0.13239816824106246,0.15496483468110658,0.3144498796482586,762,1400,5,21.74911536245209,dumbbell,5,0,B,diffdist_t4
-0.06246909870481188,-0.05230781129016108,0.030263942736485028,-6.737797062445832,-4.790506362915039,-0.0,0.913982606851562,6.0,0.15359226097292633,0.15043287865913213,0.3005918266298489,333,1400,5,24.40076392053056,dumbbell,5,0,B,diffdist_t4
-0.05021886369310183,-0.057779737545897894,0.01928313125182609,-6.816942893956797,-4.7644782066345215,-0.0,0.5891786586263315,6.0,0.15026990713003543,0.16193076880883492,0.2910653643854063,509,1400,5,26.972586419979983,dumbbell,5,0,B,diffdist_t4
-0.05903904703226874,-0.06698391069293666,0.016668746020939217,-6.900484775603334,-3.6036221981048584,-0.0,0.37998785881469804,6.0,0.10805664187680769,0.19771736776976323,0.34420658342894006,1146,1400,5,30.417879015943825,dumbbell,5,0,B,diffdist_t4
-0.05475641930688745,-0.04809926556692275,0.027516361628066657,-6.748877095648055,-4.828031063079834,-0.0,0.6917445042879573,6.0,0.16154357433812047,0.15598394849250713,0.29563349351170976,656,1400,5,32.87920687152628,dumbbell,5,0,B,diffdist_t4
-0.04316899925023125,-0.07119715395550115,0.020348314112672482,-6.843568578488317,-4.355465412139893,-0.0,0.128656104471766,6.0,0.14113868490854037,0.15480375121881362,0.32443392339959676,371,1400,5,34.93024350368683,dumbbell,5,0,B,diffdist_t4
-0.05227367788096908,-0.061269025702358475,0.022485717664841826,-6.817728730087753,-4.501816272735596,-0.0,0.765229890749419,6.0,0.14503852394642347,0.16789770199825932,0.32422266047573545,1399,1400,5,37.50867041004193,dumbbell,5,0,B,diffdist_t4
-0.04774995085653197,-0.05944912457917682,0.02243785475240727,-6.812766757710768,-4.56428337097168,-0.0,0.5132443729470961,6.0,0.14735011777497775,0.1594882594103528,0.32566645013348616,1032,1400,5,39.94204071714431,dumbbell,5,0,B,diffdist_t4
-0.04876716078883883,-0.047912216124609004,0.016474838993446397,-6.800512696533165,-4.6161885261535645,-0.0,0.8489733111934179,6.0,0.15314055449877514,0.15619010702799685,0.30389137938526134,158,1400,5,41.70666760573813,dumbbell,5,0,B,diffdist_t4
-0.05385295023464211,-0.061364682030501994,0.020033645455639914,-6.803457717574094,-4.505832195281982,-0.0,0.6551478213363371,6.0,0.13318402842769658,0.16781636883766524,0.3031660542158036,1071,1400,5,43.37483662264934,dumbbell,5,0,B,diffdist_t4
-0.04207596272236865,-0.04422052194350322,0.01989669839761761,-6.754878999015012,-4.259829044342041,-0.0,0.4421966435347422,6.0,0.1325594931099901,0.17109648991939422,0.33202288098791766,1219,1400,5,45.23724507872123,dumbbell,5,0,B,diffdist_t4
-0.07446883636753136,-0.08078654455617741,0.028619387913525973,-6.804955400984949,-4.221031188964844,-0.0,0.8881218794212502,6.0,0.131824775393441,0.16193713705800933,0.35498630794278185,388,1400,5,46.655189345072365,dumbbell,5,0,B,diffdist_t4
-0.04043196594254029,-0.05185584575880855,0.013628223818766248,-6.816688608356484,-4.306083679199219,-0.0,0.45295390617826736,6.0,0.11836758426728622,0.18484501146445467,0.3099117207259605,1373,1400,5,47.81255722327232,dumbbell,5,0,B,diffdist_t4
-0.05017005384492893,-0.0661511298038322,0.015316178425286835,-6.848952760223244,-3.9821038246154785,-0.0,0.49122549273492444,6.0,0.11643380242529924,0.19207981386475945,0.33097678407197073,580,1400,5,48.94985583734614,dumbbell,5,0,B,diffdist_t4
-0.05170949094562953,-0.06292300171837123,0.0199470114777109,-6.8583298102428625,-3.8798136711120605,-0.0,0.36541826101857944,6.0,0.1193266605294264,0.190176804903794,0.3388418852325574,228,1400,5,50.09299982678168,dumbbell,5,0,B,diffdist_t4
-0.029560839632465752,-0.05842066236993073,0.018060110477843203,-6.807622398259962,-4.552744388580322,-0.0,0.41218570843139823,6.0,0.13104616201085623,0.19558513729050345,0.2886535675764185,421,1400,5,51.01762680425846,dumbbell,5,0,B,diffdist_t4
-0.05539137037281267,-0.05273939755825426,0.017884336462685693,-6.795675553557157,-4.562177658081055,-0.0,0.5497697552628554,6.0,0.1356851441100959,0.16102264756587328,0.30040437601620784,51,1400,5,51.73309924448142,dumbbell,5,0,B,diffdist_t4
-0.05251777338962546,-0.07460565677315782,0.01379455864768881,-6.842509968832411,-4.263058662414551,-0.0,0.5226631098828378,6.0,0.13729872956625522,0.17740608897121252,0.33015199124543054,619,1400,5,52.21879784472452,dumbbell,5,0,B,diffdist_t4
-0.05253675824740613,-0.05200133082768374,0.01217076992620479,-6.78643094435634,-4.051836967468262,-0.0,0.6935271412077891,6.0,0.12965764715728378,0.1826504435750087,0.3425416391453821,503,1400,5,52.49937845416367,dumbbell,5,0,B,diffdist_t4
-0.04983600443477502,-0.05516518656569598,0.018684092058781018,-6.827688465101988,-4.686532497406006,-0.0,0.7866622634150269,6.0,0.14482413850061746,0.17181711431122404,0.30193069193349187,1020,1400,5,52.621398144179125,dumbbell,5,0,B,diffdist_t4
-0.0007818430485869254,-0.0003066893453748622,-0.0007502210094554739,-4.889062209003693,-3.605664014816284,-0.0,0.11363182857384646,6.0,0.050457071673082776,0.04179134317065536,0.4484316401333859,208,1400,5,-18.649853427823356,dumbbell,5,0,B,diffdist_t8
-0.0016638713999505479,-0.00039985642052025303,0.0025449025569084615,-4.996880946918682,-4.010370254516602,-0.0,-0.0009714236383853297,6.0,0.06472323966527782,0.05051856101350998,0.40063264423307965,362,1400,5,-12.074076382063264,dumbbell,5,0,B,diffdist_t8
-0.0020185696777228345,-0.0006028805446239325,0.0010960061503944804,-5.102300407825913,-4.090626239776611,-0.0,0.0009789688692981718,6.0,0.055108002409343396,0.040006205007247976,0.3263450289912659,1088,1400,5,2.2962247736213577,dumbbell,5,0,B,diffdist_t8
-0.013016249984616094,-0.003320739484694151,0.0030042799727485227,-5.644539582353182,-4.95596170425415,-0.0,0.2733485701120725,6.0,0.059751027639073924,0.033349640352549774,0.14908231583729975,915,1400,5,16.512424390223224,dumbbell,5,0,B,diffdist_t8
-0.004014554172829925,-0.003581866527634209,0.010333089975096365,-5.471559482879495,-5.2175188064575195,-0.0,0.5539672598194343,6.0,0.06460733919276877,0.02917675898655634,0.13618882364327245,762,1400,5,21.74911536245209,dumbbell,5,0,B,diffdist_t8
-0.0065649481354610895,-0.003164344667403532,0.0072003490910338966,-5.416328959591529,-5.265350341796875,-0.0,0.31769645036915783,6.0,0.055551885723865074,0.022942177342002885,0.10138613482550732,333,1400,5,24.40076392053056,dumbbell,5,0,B,diffdist_t8
-0.012810662777039091,-0.006647049365676314,0.004284615402195304,-6.07710629887949,-5.797580718994141,-0.0,0.287185031924542,6.0,0.062449902501516406,0.024412832965325953,0.07218552187655819,509,1400,5,26.972586419979983,dumbbell,5,0,B,diffdist_t8
-0.013470293075098231,-0.0035957414888992782,0.0028516793865735112,-5.691766004924609,-5.005927085876465,-0.0,0.17172883250813326,6.0,0.05829496306853252,0.03253579495327889,0.1462130952731872,1146,1400,5,30.417879015943825,dumbbell,5,0,B,diffdist_t8
-0.013891918106038445,-0.005477369766821746,0.00591361252992735,-5.805140552595005,-5.541381359100342,-0.0,0.2231865160613971,6.0,0.05845985980812768,0.022463979592234475,0.07388177329708609,656,1400,5,32.87920687152628,dumbbell,5,0,B,diffdist_t8
-0.012418414445809453,-0.00466793885190287,0.004944823352005351,-5.8045593315837385,-5.26640510559082,-0.0625,0.08318156034770237,6.0,0.06272400326490028,0.031456922273716485,0.11235578887238769,371,1400,5,34.93024350368683,dumbbell,5,0,B,diffdist_t8
-0.013907182599122431,-0.006777558236627282,0.004489005367723821,-6.0968736637957335,-5.80964469909668,-0.0,0.20221396980347267,6.0,0.06838728156710194,0.02763793117128637,0.07614301319352532,1399,1400,5,37.50867041004193,dumbbell,5,0,B,diffdist_t8
-0.013041944072504285,-0.006885772997489744,0.004516620504673422,-6.0927283061787145,-5.808117389678955,-0.0,0.28228465588151447,6.0,0.06732791271015642,0.027714188275951124,0.07410885021592968,1032,1400,5,39.94204071714431,dumbbell,5,0,B,diffdist_t8
-0.008447428217010831,-0.005828061760230932,0.0043831523743378,-6.031124016917724,-5.756383895874023,-0.125,0.1990841822711774,6.0,0.06475948524469594,0.031410986003955574,0.06817527087535112,158,1400,5,41.70666760573813,dumbbell,5,0,B,diffdist_t8
-0.009745845226727817,-0.005443305535898315,0.004644554605794868,-6.032533004892119,-5.756299018859863,-0.125,0.15405203324487995,6.0,0.06373624707988959,0.033584276711476534,0.0673120114740978,1071,1400,5,43.37483662264934,dumbbell,5,0,B,diffdist_t8
-0.011479276116982889,-0.005988316360516289,0.003406313391604553,-5.957519634718853,-5.6690592765808105,-0.0,0.41629734251378264,6.0,0.06300062792475512,0.02843906946174119,0.0747829090210846,1219,1400,5,45.23724507872123,dumbbell,5,0,B,diffdist_t8
-0.01135610691912678,-0.00687986924462061,0.004320485903667531,-6.086192125981729,-5.800922393798828,-0.0,0.32549195480520066,6.0,0.0688470754939346,0.02944885769236541,0.07679111013186406,388,1400,5,46.655189345072365,dumbbell,5,0,B,diffdist_t8
-0.013527327712353045,-0.007332831722145832,0.00305801499235497,-6.134247926338558,-5.8210954666137695,-0.0,0.20126428083812092,6.0,0.06524893060156489,0.02668489206636486,0.0719392857085434,1373,1400,5,47.81255722327232,dumbbell,5,0,B,diffdist_t8
-0.013628598530689881,-0.006610172648285761,0.0014352032329739768,-6.082098960398786,-5.554644584655762,-0.0,0.3270897808101797,6.0,0.0684963404671266,0.03320468999243434,0.09514788658206792,580,1400,5,48.94985583734614,dumbbell,5,0,B,diffdist_t8
-0.01572884184343534,-0.006342815354670411,0.001372558430418367,-6.0286338826926205,-5.477668762207031,-0.0,0.23806006124913873,6.0,0.06469046968309408,0.030639117598681705,0.09925859881696603,228,1400,5,50.09299982678168,dumbbell,5,0,B,diffdist_t8
-0.01280575614079115,-0.006166477792252762,-0.0012538309287718906,-5.9948997247475315,-5.552520275115967,-0.0,0.1319404188543188,6.0,0.062092250888169,0.02860912582303906,0.0951915016392707,421,1400,5,51.01762680425846,dumbbell,5,0,B,diffdist_t8
-0.021899247902283567,-0.007173701020279867,6.433412244695208e-05,-6.01054652797888,-5.541144371032715,-0.0,0.16338634749354136,6.0,0.05936889531828783,0.026505225634510562,0.09114286878907703,51,1400,5,51.73309924448142,dumbbell,5,0,B,diffdist_t8
-0.01304621087454028,-0.007012137473740103,0.002273805334174308,-6.125547016937784,-5.685850143432617,-0.0625,0.20666034363696564,6.0,0.07089387509476985,0.03213966789436494,0.09197781358619907,619,1400,5,52.21879784472452,dumbbell,5,0,B,diffdist_t8
-0.019258712603450204,-0.008246179122937163,0.0013158861325648903,-6.024651843015667,-5.578275680541992,-0.0,0.4058738985118195,6.0,0.06704558152325907,0.02961957777176695,0.08758485397540236,503,1400,5,52.49937845416367,dumbbell,5,0,B,diffdist_t8
-0.018686121188835135,-0.008022597407122786,0.0012860793650963614,-6.148668808819516,-5.736470699310303,-0.0,0.15609264399351136,6.0,0.06353120489076777,0.025619977369881863,0.08299656215990787,1020,1400,5,52.621398144179125,dumbbell,5,0,B,diffdist_t8
-4.691362253838006,-5.1922917227268535,0.0,-7.158268516778511,-3.8655791456676525e-08,-0.0,0.9999999998933358,1.0,0.0,0.8971143469267542,0.92956532569486,208,1400,5,-18.649853427823356,dumbbell,5,0,B,heatgeo_t
-4.438960662504013,-5.088233250177901,1.0007237469245034e-09,-7.158273513102473,-3.8655791456676525e-08,-0.0,0.9999999999066532,1.0,0.0,0.9114742529438116,0.9337902677610868,362,1400,5,-12.074076382063264,dumbbell,5,0,B,heatgeo_t
-4.556823753407995,-4.798518721812524,0.0,-7.158270312515513,-3.8655791456676525e-08,-0.0,0.9999999999009832,5.0,0.0,0.902222459897245,0.9326481611489196,1088,1400,5,2.2962247736213577,dumbbell,5,0,B,heatgeo_t
-4.507704835942545,-4.9335274428263185,0.0,-7.158268321673663,-3.8655791456676525e-08,-0.0,0.9999999999106088,5.0,0.0,0.8998669313503034,0.9297785792495591,915,1400,5,16.512424390223224,dumbbell,5,0,B,heatgeo_t
-4.485265983215936,-5.003001634493046,2.5157522384744446e-09,-7.1582410994650205,-3.8655791456676525e-08,-0.0,0.9999999998716875,5.0,0.0,0.8909143551934783,0.9222490767279824,762,1400,5,21.74911536245209,dumbbell,5,0,B,heatgeo_t
-4.6486476648060595,-5.2465299500271545,2.0105202225284557e-09,-7.1582363570635374,-3.8655791456676525e-08,-0.0,0.9999999998197238,5.0,0.0,0.8808690615195968,0.9207140953474702,333,1400,5,24.40076392053056,dumbbell,5,0,B,heatgeo_t
-4.474115188151577,-4.998790680012314,5.610258910215826e-09,-7.158257251294317,-3.8655791456676525e-08,-0.0,0.9999999999019527,5.0,0.0,0.8930042393838602,0.9233124334741926,509,1400,5,26.972586419979983,dumbbell,5,0,B,heatgeo_t
-4.603186023505405,-5.059969375278019,9.380663815172774e-10,-7.158265933148155,-3.8655791456676525e-08,-0.0,0.9999999998979355,5.0,0.0,0.8927993231826498,0.9275509902722507,1146,1400,5,30.417879015943825,dumbbell,5,0,B,heatgeo_t
-4.515803499615436,-5.120983178841781,8.807162749091546e-09,-7.158249710983553,-3.8655791456676525e-08,-0.0,0.9999999998736873,5.0,0.0,0.8884462864724747,0.9203691431916212,656,1400,5,32.87920687152628,dumbbell,5,0,B,heatgeo_t
-4.68449873196799,-5.2144684517346525,0.0,-7.158262528576389,-3.8655791456676525e-08,-0.0,0.9999999998781923,5.0,0.0,0.8903444634983755,0.9278444271384977,371,1400,5,34.93024350368683,dumbbell,5,0,B,heatgeo_t
-4.54592432123424,-5.09064967992852,0.0,-7.1582498711042994,-3.8655791456676525e-08,-0.0,0.9999999999158277,5.0,0.0,0.884516712163807,0.9216567396578327,1399,1400,5,37.50867041004193,dumbbell,5,0,B,heatgeo_t
-4.740085631134217,-5.138000329317985,1.9592866912221396e-09,-7.158246700733378,-3.8655791456676525e-08,-0.0,0.9999999998879181,4.0,0.0,0.879258462546734,0.9251724327653132,1032,1400,5,39.94204071714431,dumbbell,5,0,B,heatgeo_t
-4.395505127596683,-5.078794676119247,6.169211787254714e-09,-7.158249310203998,-3.8655791456676525e-08,-0.0,0.9999999998819243,5.0,0.0,0.8823977040416779,0.9217302162149619,158,1400,5,41.70666760573813,dumbbell,5,0,B,heatgeo_t
-4.59396148490797,-5.143245629442939,0.0,-7.158248643191586,-3.8655791456676525e-08,-0.0,0.999999999866267,5.0,0.0,0.8817138168019114,0.9208858943588228,1071,1400,5,43.37483662264934,dumbbell,5,0,B,heatgeo_t
-4.64267794223983,-5.1623018996922525,5.055975643708521e-08,-7.1582428790945585,-1.4108749155639089e-06,-0.0,0.999999999948506,5.0,3.463365382878835e-08,0.8715771347190859,0.9238775006730938,1219,1400,5,45.23724507872123,dumbbell,5,0,B,heatgeo_t
-4.873798820513644,-5.438508851025452,8.440632799644465e-08,-7.15824346715657,-3.4403526569803944e-06,-0.0,0.9999999998763657,5.0,8.022652792104236e-08,0.868440968977559,0.9254281341172358,388,1400,5,46.655189345072365,dumbbell,5,0,B,heatgeo_t
-4.66930398096144,-5.235275415110533,2.832141202113725e-09,-7.158253538110808,-3.8655791456676525e-08,-0.0,0.9999999999012985,5.0,0.0,0.8842020414859011,0.9233237295994646,1373,1400,5,47.81255722327232,dumbbell,5,0,B,heatgeo_t
-4.644043060114054,-5.161089613816679,7.221714934391166e-09,-7.15826037056747,-3.8655791456676525e-08,-0.0,0.9999999999474104,5.0,0.0,0.8874176614085708,0.9259874156585313,580,1400,5,48.94985583734614,dumbbell,5,0,B,heatgeo_t
-4.69815217233058,-5.189022034959427,1.92313931446364e-09,-7.158254045754474,-3.8655791456676525e-08,-0.0,0.9999999998986225,5.0,0.0,0.8744738625814736,0.9284517298710923,228,1400,5,50.09299982678168,dumbbell,5,0,B,heatgeo_t
-4.23607250853461,-4.98153137356417,6.969499040387905e-09,-7.158262410909896,-3.8655791456676525e-08,-0.0,0.9999999999483015,5.0,0.0,0.893498047093419,0.9242659689682005,421,1400,5,51.01762680425846,dumbbell,5,0,B,heatgeo_t
-4.648135290735916,-5.185548058120819,0.0,-7.158258408446651,-3.8655791456676525e-08,-0.0,0.999999999921618,5.0,0.0,0.8868279732653411,0.9244168703559948,51,1400,5,51.73309924448142,dumbbell,5,0,B,heatgeo_t
-4.634309962134673,-5.15995557472481,3.934581348230548e-09,-7.1582534194574166,-3.8655791456676525e-08,-0.0,0.9999999998954326,5.0,0.0,0.8764364500012467,0.9266235446438293,619,1400,5,52.21879784472452,dumbbell,5,0,B,heatgeo_t
-4.611393033578571,-5.162842775307236,1.2875485122521013e-08,-7.158250285043106,-3.8655791456676525e-08,-0.0,0.9999999999365963,5.0,0.0,0.8732657415898657,0.9227597249644782,503,1400,5,52.49937845416367,dumbbell,5,0,B,heatgeo_t
-4.613053677281622,-5.193919131497526,0.0,-7.158258084567775,-3.8655791456676525e-08,-0.0,0.9999999998985322,5.0,0.0,0.8866362480145714,0.9256178555283626,1020,1400,5,52.621398144179125,dumbbell,5,0,B,heatgeo_t
-4.362459761582004,-4.70967910386401,1.0118179093188129e-08,-7.158266772737949,-3.8655791456676525e-08,-0.0,0.9999999997862605,1.0,0.0,0.8862434008960314,0.9222956986971208,208,1400,5,-18.649853427823356,dumbbell,5,0,B,heatgeo_4t
-4.1154676072993785,-4.613882625688739,8.467780102106026e-09,-7.158272489055418,-3.8655791456676525e-08,-0.0,0.999999999811702,1.0,0.0,0.9022193038685171,0.9269728611625206,362,1400,5,-12.074076382063264,dumbbell,5,0,B,heatgeo_4t
-4.233438603247773,-4.343736471053367,1.98411693325129e-09,-7.158268795338847,-3.8655791456676525e-08,-0.0,0.9999999998044755,5.0,0.0,0.8919299708126684,0.9257178947372342,1088,1400,5,2.2962247736213577,dumbbell,5,0,B,heatgeo_4t
-4.17883427261775,-4.46357419955624,1.1833315161080549e-08,-7.158266488579681,-3.8655791456676525e-08,-0.0,0.9999999998204915,5.0,0.0,0.8893026050308303,0.9225221287398147,915,1400,5,16.512424390223224,dumbbell,5,0,B,heatgeo_4t
-4.151867785959449,-4.521411471565416,2.8271679899938285e-08,-7.158237179212735,-3.8655791456676525e-08,-0.0,0.9999999997554347,5.0,0.0,0.879328059196755,0.9141660183241833,762,1400,5,21.74911536245209,dumbbell,5,0,B,heatgeo_4t
-4.311721245098567,-4.749409330913064,3.5774192101711844e-08,-7.158231660454402,-3.8655791456676525e-08,-0.0,0.9999999996502769,5.0,0.0,0.8681194209870974,0.9124661304560733,333,1400,5,24.40076392053056,dumbbell,5,0,B,heatgeo_4t
-4.1414261937687105,-4.518092294823308,4.553134513168855e-08,-7.15825361136043,-3.8655791456676525e-08,-0.0,0.9999999998053242,5.0,0.0,0.8816571089810746,0.915354130986839,509,1400,5,26.972586419979983,dumbbell,5,0,B,heatgeo_4t
-4.27117200158223,-4.580530781042994,1.7791438440550866e-08,-7.158263730908132,-3.8655791456676525e-08,-0.0,0.9999999998905493,5.0,0.0,0.8814299545579461,0.9200632591451435,1146,1400,5,30.417879015943825,dumbbell,5,0,B,heatgeo_4t
-4.179546055793013,-4.629256460779327,6.686151536594576e-08,-7.158245487656914,-3.8655791456676525e-08,-0.0,0.9999999997568488,5.0,0.0,0.8765756880855752,0.9120814628443323,656,1400,5,32.87920687152628,dumbbell,5,0,B,heatgeo_4t
-4.3512552417633765,-4.726586139823395,1.2487925644955045e-08,-7.158259762102187,-3.8655791456676525e-08,-0.0,0.9999999997551349,5.0,0.0,0.8786969095441707,0.9203803885304512,371,1400,5,34.93024350368683,dumbbell,5,0,B,heatgeo_4t
-4.2101364139969,-4.601742918684333,6.58622915580831e-08,-7.1582458969004605,-9.805115723793278e-07,-0.0,0.9999999998352477,5.0,2.3929887465173885e-08,0.8721917667542882,0.9135079367319376,1399,1400,5,37.50867041004193,dumbbell,5,0,B,heatgeo_4t
-4.4022249032076415,-4.649322132313323,1.1442144860068781e-07,-7.158242525238079,-3.460476591499173e-06,-0.0,0.9999999997812201,4.0,8.043534289250614e-08,0.8663260983677663,0.9174204569904121,1032,1400,5,39.94204071714431,dumbbell,5,0,B,heatgeo_4t
-4.0619072270991525,-4.590863177007667,5.6235308507068815e-08,-7.158245165281825,-3.8655791456676525e-08,-0.0,0.9999999997894211,5.0,0.0,0.8698270992090757,0.9135897507286319,158,1400,5,41.70666760573813,dumbbell,5,0,B,heatgeo_4t
-4.257816223804736,-4.651992846672719,8.813360326959119e-08,-7.158244411017512,-2.7430953650764422e-06,-0.0,0.9999999997340273,5.0,6.241851682220352e-08,0.8690646779468107,0.912657916122779,1071,1400,5,43.37483662264934,dumbbell,5,0,B,heatgeo_4t
-4.30426393435013,-4.67058626990066,2.6614866169977214e-07,-7.158237699769929,-7.73543979448732e-06,-0.0,0.9999999999002313,5.0,1.8325371308557997e-07,0.8577416993718235,0.9159745980133613,1219,1400,5,45.23724507872123,dumbbell,5,0,B,heatgeo_4t
-4.532897522686263,-4.930835427855259,3.086919902958729e-07,-7.158238348316424,-1.123443780670641e-05,-0.0,0.9999999997561275,5.0,2.675017054218581e-07,0.8542351455468337,0.917695956241602,388,1400,5,46.655189345072365,dumbbell,5,0,B,heatgeo_4t
-4.334041803523748,-4.740056092054218,7.293063180452419e-08,-7.158249480510424,-2.5970575734390877e-06,-0.0,0.9999999998048262,5.0,5.855673569531343e-08,0.8718427036164671,0.9153700696181823,1373,1400,5,47.81255722327232,dumbbell,5,0,B,heatgeo_4t
-4.307392428358585,-4.670012304964309,6.029664853524075e-08,-7.158257211959817,-3.8655791456676525e-08,-0.0,0.9999999998183298,5.0,0.0,0.8754280645835231,0.9183193983318803,580,1400,5,48.94985583734614,dumbbell,5,0,B,heatgeo_4t
-4.3622530501464745,-4.700253524493793,1.482958544782309e-07,-7.158250115136633,-4.563750735542271e-06,-0.0,0.9999999998448617,5.0,1.0857873343195112e-07,0.8609797782718471,0.9210351245019822,228,1400,5,50.09299982678168,dumbbell,5,0,B,heatgeo_4t
-3.9110107156005625,-4.504414681857549,2.6861816174172937e-08,-7.158259575450464,-3.8655791456676525e-08,-0.0,0.9999999998979715,5.0,0.0,0.8822091853873946,0.9164200655128533,421,1400,5,51.01762680425846,dumbbell,5,0,B,heatgeo_4t
-4.312580436521329,-4.694130336788079,2.1512552822455788e-08,-7.158254897737287,-3.8655791456676525e-08,-0.0,0.999999999844752,5.0,0.0,0.8747728271096883,0.9165751000226974,51,1400,5,51.73309924448142,dumbbell,5,0,B,heatgeo_4t
-4.298351129404443,-4.670789979472309,1.5010574092033657e-07,-7.158249430834104,-3.5817693060380407e-06,-0.0,0.9999999997897815,5.0,8.360479435835027e-08,0.8631717074530348,0.9190283996763737,619,1400,5,52.21879784472452,dumbbell,5,0,B,heatgeo_4t
-4.2739409489806945,-4.671722398114908,1.8001665257755262e-07,-7.158245583859577,-5.205028173804749e-06,-0.0,0.9999999998679028,5.0,1.2466443164421163e-07,0.8596317338315397,0.9147333140995189,503,1400,5,52.49937845416367,dumbbell,5,0,B,heatgeo_4t
-4.27957087499285,-4.7036899432954025,8.631811057591143e-09,-7.158254572566041,-3.8655791456676525e-08,-0.0,0.99999999979353,5.0,0.0,0.8745620370544782,0.917906919711772,1020,1400,5,52.621398144179125,dumbbell,5,0,B,heatgeo_4t
0.06228999285316584,0.023682642110811492,-0.005987525748387724,-7.076930356898034,-4.672779083251953,-0.1875,0.44797210193415826,5.0,0.24335476276290446,0.20154842399667444,0.5885628703862675,208,1400,5,-18.649853427823356,dumbbell,5,0,B,fb_potential
0.02052057274146439,0.007307995423099264,-0.005697484726758049,-7.1172652373294065,-5.160089015960693,-1.0,0.14344509446056541,1.0,0.2707527978393792,0.2324413918033377,0.5792644708583132,362,1400,5,-12.074076382063264,dumbbell,5,0,B,fb_potential
0.03209658764617969,-0.012292287659864657,-0.11202742633528466,-7.115874099499054,-5.05827522277832,-0.9375,0.29250218810216666,2.0,0.2609410912372692,0.2568628980404191,0.6135556693272347,1088,1400,5,2.2962247736213577,dumbbell,5,0,B,fb_potential
0.048018082797090175,0.0520585138215174,0.07659583738481948,-7.063438990674824,-5.060151100158691,-0.0,0.45457279303431203,4.0,0.26293779035227005,0.21771380318802414,0.5668999191594846,915,1400,5,16.512424390223224,dumbbell,5,0,B,fb_potential
0.011278892023379497,-0.01378727838229676,0.015802219981253453,-7.070769484845206,-5.531899929046631,-0.0,0.529257655650666,5.0,0.2652653862859451,0.1808759410074582,0.49217780286142704,762,1400,5,21.74911536245209,dumbbell,5,0,B,fb_potential
0.043054448864905226,0.033865634687101735,0.03420879594510562,-7.0146241263267015,-4.775075435638428,-0.0,0.47795667977518946,2.0,0.25182539487531663,0.20319262447449418,0.5856127523252178,333,1400,5,24.40076392053056,dumbbell,5,0,B,fb_potential
0.05525245138330671,0.021255147836634472,0.05004856470638641,-7.073004619180709,-5.583334445953369,-0.0,0.5035291521838126,5.0,0.2861387150883429,0.21443885351304828,0.5305704985739036,509,1400,5,26.972586419979983,dumbbell,5,0,B,fb_potential
0.030798209830034014,0.04378048030350625,0.041378427712674096,-7.06885615003185,-5.019813537597656,-0.0625,0.4147409277419175,4.0,0.24497532133116284,0.21761108584605637,0.5450171740066578,1146,1400,5,30.417879015943825,dumbbell,5,0,B,fb_potential
0.034916743042216,0.02964710849680883,0.04891179627204994,-7.011924994581763,-5.239641189575195,-0.0,0.45672551527776173,2.0,0.28192028365630173,0.20663186472867565,0.5302909641476122,656,1400,5,32.87920687152628,dumbbell,5,0,B,fb_potential
0.04162586241049968,0.03128920394394898,0.009489676979266618,-7.037522877631927,-4.807559967041016,-0.0,0.41505860827312063,2.0,0.26549336616756786,0.23255281884953516,0.6156020630968975,371,1400,5,34.93024350368683,dumbbell,5,0,B,fb_potential
-0.012115042101916513,0.009173651861043722,0.03595448001454855,-7.048081440526021,-5.17336368560791,-0.0,0.5969390766041514,4.0,0.2661888259486398,0.199649187237472,0.5234851541830347,1399,1400,5,37.50867041004193,dumbbell,5,0,B,fb_potential
0.02290570022215821,0.008270547940728266,0.05377604906181568,-7.055971404050826,-5.299201011657715,-0.0,0.5305832667602739,6.0,0.25968644992780004,0.18888824677706054,0.5043552640603253,1032,1400,5,39.94204071714431,dumbbell,5,0,B,fb_potential
0.02965892279899809,0.04505648063228164,0.06540206616751584,-7.064504106159008,-5.233739376068115,-0.0,0.5667211057850151,1.0,0.26343769438725717,0.19846730727606168,0.5278945512409807,158,1400,5,41.70666760573813,dumbbell,5,0,B,fb_potential
0.04033911094644203,0.02250982120125267,0.03133781933103382,-7.068178731153861,-5.003112316131592,-0.0,0.45946172732437585,1.0,0.23404261920188574,0.18104936164341426,0.524457395935302,1071,1400,5,43.37483662264934,dumbbell,5,0,B,fb_potential
0.020997205847776715,0.035866268037983665,0.024653734111250457,-7.007596970558039,-4.589118480682373,-0.0,0.5493411803068202,2.0,0.22786778591183304,0.18131936247453526,0.5634308002481291,1219,1400,5,45.23724507872123,dumbbell,5,0,B,fb_potential
0.018193313074506563,0.013798919256082438,0.03355531069362886,-7.046461829442782,-4.793428897857666,-0.0,0.4268197353795037,1.0,0.21497495385094811,0.179033401396253,0.5361107279831414,388,1400,5,46.655189345072365,dumbbell,5,0,B,fb_potential
0.03173752129878297,0.04697776897139341,0.05483276094233985,-7.049539540115602,-4.751049041748047,-0.0,0.5131677018614458,5.0,0.21542088121383618,0.1887972993056735,0.5425241977189621,1373,1400,5,47.81255722327232,dumbbell,5,0,B,fb_potential
0.0038604205767330457,0.02884808456092354,0.055209377949937646,-7.072775361142822,-5.1175360679626465,-0.125,0.5289807840300186,4.0,0.256468087055118,0.20522918199517162,0.5415352763786718,580,1400,5,48.94985583734614,dumbbell,5,0,B,fb_potential
0.0484271232306653,0.03841738701075643,0.07240081578360184,-7.044789468876042,-4.542889595031738,-0.0,0.36138572203658254,2.0,0.22883230770761984,0.19263952311443688,0.5853338904629596,228,1400,5,50.09299982678168,dumbbell,5,0,B,fb_potential
0.018437507814838147,0.03574735455194391,0.05315527006732874,-7.028745440367869,-4.903646469116211,-0.0,0.38198393317320023,2.0,0.2647876951999465,0.22066878052421357,0.5872911526841249,421,1400,5,51.01762680425846,dumbbell,5,0,B,fb_potential
-0.013407452702514326,0.015181531361519063,0.048954587475231376,-7.021576855060609,-4.839730739593506,-0.0625,0.46731603618705114,3.0,0.23986686688403897,0.1967722777714342,0.5486037394123078,51,1400,5,51.73309924448142,dumbbell,5,0,B,fb_potential
0.04825347076855692,0.04182558638813402,0.06185246350840817,-7.0427608957092005,-4.539885520935059,-0.0,0.6077166134780465,3.0,0.22249085868117058,0.19818881532402177,0.5800207018572233,619,1400,5,52.21879784472452,dumbbell,5,0,B,fb_potential
0.03959166902051886,0.03409474956568025,0.032976408963660206,-7.0000472574211,-4.451846122741699,-0.0,0.4853567461291622,2.0,0.2224354838583831,0.19715811094317,0.6098931882563392,503,1400,5,52.49937845416367,dumbbell,5,0,B,fb_potential
0.05009581505963361,0.04422674633840258,0.05232005076464171,-7.070073232346653,-5.0813093185424805,-0.0,0.4716175112219061,1.0,0.25229221966360427,0.20559510727152525,0.5409620836813922,1020,1400,5,52.621398144179125,dumbbell,5,0,B,fb_potential
-0.08190493523025666,-0.16996469448406698,-0.008606828927811939,-7.152930845788723,-5.843212127685547,-1.0,0.3111666813859827,3.0,0.3027402225176151,0.20711015325020823,0.4757079439210014,208,1400,5,-18.649853427823356,dumbbell,5,0,C05,plain
-0.03858617900271245,-0.048350841764651376,-0.023765969752801173,-7.145526342202409,-5.204176902770996,-0.625,0.14443587777394185,2.0,0.27062286010841496,0.2604352377141846,0.5807428296267976,362,1400,5,-12.074076382063264,dumbbell,5,0,C05,plain
-0.020616814932176,-0.05758576361086594,-0.02790003698887883,-7.14298842307276,-4.402707576751709,-0.5,0.41225615416569455,2.0,0.23170958522799429,0.32426374282608567,0.6668303881557172,1088,1400,5,2.2962247736213577,dumbbell,5,0,C05,plain
0.03386714532000275,-0.05012040912037397,0.008557961155006491,-7.133433864251835,-4.424964904785156,-0.25,0.8190136871996155,1.0,0.240825422058501,0.3052919113329592,0.7133924956941713,915,1400,5,16.512424390223224,dumbbell,5,0,C05,plain
0.013409034148082255,-0.031041598641796262,0.041214788547992334,-7.127288671106455,-4.952282428741455,-0.0,0.5400348947261235,4.0,0.2816881519022573,0.25931597914333104,0.6249614114025412,762,1400,5,21.74911536245209,dumbbell,5,0,C05,plain
-0.03954975881267688,-0.05190630195348286,0.0426862117080734,-7.121219832111725,-4.205393314361572,-0.0,0.6946280288826591,4.0,0.22407987939296198,0.3202677836163444,0.7103347164158796,333,1400,5,24.40076392053056,dumbbell,5,0,C05,plain
0.02081750413213654,-0.028979088542131326,-0.026134826042980876,-7.122800334030921,-4.767425537109375,-0.0,0.5954045575720757,3.0,0.27305924809218485,0.2720011803559428,0.669517196583055,509,1400,5,26.972586419979983,dumbbell,5,0,C05,plain
-0.0035220981115337297,-0.06723059574437971,0.04676725788344306,-7.138522942499403,-4.119345188140869,-0.25,0.42575694790923224,1.0,0.2213844887089773,0.3411251373896728,0.7164030773271969,1146,1400,5,30.417879015943825,dumbbell,5,0,C05,plain
0.02514114928012537,-0.006437332650159832,0.01823546494089741,-7.124338945014538,-4.835360050201416,-0.0,0.7909239943826982,3.0,0.26589671763447054,0.2820902583276493,0.6401511203443806,656,1400,5,32.87920687152628,dumbbell,5,0,C05,plain
-0.11874679563015278,-0.07732454655659965,0.05593326575212069,-7.138947162412984,-5.315335273742676,-0.125,0.281470470222801,2.0,0.26904700643845453,0.24253856563351472,0.534933859553897,371,1400,5,34.93024350368683,dumbbell,5,0,C05,plain
-0.03758781044623077,-0.10285545180889909,-0.0047293920961169,-7.12983245801936,-5.130321025848389,-0.0,0.5789191416458286,6.0,0.28563897757939016,0.23912205316479784,0.6010802731404297,1399,1400,5,37.50867041004193,dumbbell,5,0,C05,plain
0.02746890085871895,-0.027335592831336523,-0.016204092150129912,-7.133218831593695,-4.9407548904418945,-0.0,0.6667049686580254,5.0,0.26968756949572426,0.27795006762247726,0.6485353538214927,1032,1400,5,39.94204071714431,dumbbell,5,0,C05,plain
-0.01937230796956155,-0.062162151933253536,0.019680454917408066,-7.124035432532904,-4.635525226593018,-0.0,0.6891998686596702,1.0,0.26087139951699234,0.28066454708005156,0.6521640888590565,158,1400,5,41.70666760573813,dumbbell,5,0,C05,plain
-0.02521337315946572,-0.07371774278966393,0.09676761730476541,-7.126780762688677,-4.2001261711120605,-0.0,0.6034805427802412,2.0,0.2242838480721283,0.31519561904423765,0.7419843063718481,1071,1400,5,43.37483662264934,dumbbell,5,0,C05,plain
0.0046790432808026155,-0.07765524744303101,0.04255591842742259,-7.121470917217835,-4.777227878570557,-0.0,0.5570331810888631,5.0,0.26600327412602837,0.24468077014651426,0.6206519680088385,1219,1400,5,45.23724507872123,dumbbell,5,0,C05,plain
-0.06009913571223401,-0.1194079279528001,-0.014974447825284655,-7.137348666325936,-5.303771018981934,-0.0625,0.5000430474346025,6.0,0.2624460719291922,0.22886927351192912,0.5389497291384331,388,1400,5,46.655189345072365,dumbbell,5,0,C05,plain
-0.03067107237887709,-0.038025477208840745,0.012110047773975317,-7.130259577291587,-4.708009243011475,-0.0625,0.6456484980552004,3.0,0.2615024235715563,0.28036185361055505,0.6614206961277022,1373,1400,5,47.81255722327232,dumbbell,5,0,C05,plain
-0.1033956136331808,-0.11452921000210815,-0.01238713873091027,-7.135274525775287,-4.811241149902344,-0.1875,0.2501583146051456,8.0,0.26043610916215043,0.26657610977413837,0.6241769875007995,580,1400,5,48.94985583734614,dumbbell,5,0,C05,plain
-0.0053418732834892135,-0.024980617067919385,-0.023108092405899124,-7.138225517413192,-4.687875270843506,-0.1875,0.4057871821484972,2.0,0.25941223044454154,0.2968748380309229,0.6562819684743452,228,1400,5,50.09299982678168,dumbbell,5,0,C05,plain
-0.032184809233888306,-0.04232745743824854,0.050162718266918815,-7.132521844145665,-4.34092903137207,-0.125,0.59407249816227,2.0,0.2415645332442641,0.30280477244760284,0.675260855589754,421,1400,5,51.01762680425846,dumbbell,5,0,C05,plain
-0.07872321844511264,-0.11179051123894955,-0.03644890288383881,-7.121520832890969,-4.862824440002441,-0.0,0.4790959179978553,1.0,0.2572654156979142,0.24038812466663767,0.5931996614563376,51,1400,5,51.73309924448142,dumbbell,5,0,C05,plain
-0.011042334300912055,-0.04099036842861257,0.026965477814979273,-7.143252522296111,-4.4691009521484375,-0.25,0.6474620432479176,2.0,0.2328434527827356,0.33085399715261243,0.6809005054344721,619,1400,5,52.21879784472452,dumbbell,5,0,C05,plain
-0.06932318991801711,-0.1017660144967859,0.0088964654324924,-7.128472075297356,-4.858669281005859,-0.0625,0.24496547827072457,5.0,0.24293458450729405,0.20741008650360143,0.5784645687030724,503,1400,5,52.49937845416367,dumbbell,5,0,C05,plain
-0.024543050192404575,-0.045486009227424996,0.0027395897800226894,-7.136115306923094,-5.067385673522949,-0.125,0.591476598038027,4.0,0.26777646882054046,0.2399786938117634,0.5840521079721955,1020,1400,5,52.621398144179125,dumbbell,5,0,C05,plain
-0.06981787916977855,-0.15259838618492266,-0.05840087191517737,-7.1504251418489915,-5.722258567810059,-0.9375,0.2432628472662468,8.0,0.2986064318514364,0.2254067565399005,0.5327904540112062,208,1400,5,-18.649853427823356,dumbbell,5,0,C05,pca_denoise
-0.06248951289649224,-0.06579120267190888,-0.01763636889455123,-7.1410868936380325,-5.0570573806762695,-0.625,0.34421350561470365,4.0,0.24873938493911033,0.25766111499260846,0.5827611072156201,362,1400,5,-12.074076382063264,dumbbell,5,0,C05,pca_denoise
0.007734061972632865,-0.013871455444597353,-0.06853273952247078,-7.134741422026784,-4.4673237800598145,-0.3125,0.4516437076582667,3.0,0.22686827412204588,0.3089521889779131,0.6678996804340885,1088,1400,5,2.2962247736213577,dumbbell,5,0,C05,pca_denoise
0.040673112146506055,-0.01759479889178452,-0.02398193377983853,-7.12777255276996,-4.542264461517334,-0.3125,0.6281144580936417,1.0,0.24697108701778858,0.2730031061638015,0.6529665703415819,915,1400,5,16.512424390223224,dumbbell,5,0,C05,pca_denoise
0.03018435152380743,-0.0311667364492881,0.039113713480295575,-7.120970143845556,-5.034375190734863,-0.0,0.5654741019846327,4.0,0.2779249780384172,0.2225581436252979,0.5739031864766216,762,1400,5,21.74911536245209,dumbbell,5,0,C05,pca_denoise
0.001734517298305704,0.0041832257610401125,0.0009158630806129966,-7.111591580756949,-4.181011199951172,-0.0,0.5908892884861335,5.0,0.22275048821168567,0.3230942844499016,0.7149627179605919,333,1400,5,24.40076392053056,dumbbell,5,0,C05,pca_denoise
0.009275097422137175,-0.00045212028493956324,-0.025705528713939142,-7.120602977186107,-5.091837406158447,-0.0,0.4945781517012634,4.0,0.27982806728570453,0.2387438337875874,0.5891388845485709,509,1400,5,26.972586419979983,dumbbell,5,0,C05,pca_denoise
0.022491774673814826,-0.0038858073968887127,-0.037115369939946075,-7.133985652656027,-4.2956390380859375,-0.6875,0.3165894858779471,1.0,0.2222958633375191,0.2869399132436725,0.6558059355278367,1146,1400,5,30.417879015943825,dumbbell,5,0,C05,pca_denoise
-0.005319054578884471,-0.009700069686622898,0.02958776338263088,-7.115172691682515,-4.933448314666748,-0.0,0.5221961245670143,5.0,0.24741695986230974,0.21046291735843692,0.580285924144384,656,1400,5,32.87920687152628,dumbbell,5,0,C05,pca_denoise
-0.03746314970932081,-0.019439013761299626,0.038823307589126096,-7.132283284306405,-5.183784008026123,-0.125,0.18834700287390177,5.0,0.26263668649792093,0.24257839901496833,0.5340653828970297,371,1400,5,34.93024350368683,dumbbell,5,0,C05,pca_denoise
0.00384483031654662,-0.021866923869482403,0.003801698401622044,-7.122247274141845,-4.9356369972229,-0.0,0.4632394024360896,1.0,0.27359389947474344,0.24750581571628164,0.6151966427888811,1399,1400,5,37.50867041004193,dumbbell,5,0,C05,pca_denoise
0.03011387182344305,-0.011763466345412527,0.008890708421925658,-7.133186009644274,-5.253868579864502,-0.125,0.15908629710763356,5.0,0.28348505681590075,0.2549598637575099,0.5820434534631942,1032,1400,5,39.94204071714431,dumbbell,5,0,C05,pca_denoise
0.013986791461795815,-0.0134219090599779,0.004340416781920663,-7.109454891736291,-4.531407833099365,-0.0,0.5039745192707517,6.0,0.2535050369726179,0.24407035820828601,0.6430562136226785,158,1400,5,41.70666760573813,dumbbell,5,0,C05,pca_denoise
0.048923480924920285,-0.03273519269975341,0.04616990030963163,-7.116208344260207,-4.412803649902344,-0.0,0.41093380621777226,3.0,0.24546111402271664,0.27575587619822584,0.6736202555213012,1071,1400,5,43.37483662264934,dumbbell,5,0,C05,pca_denoise
-0.019682896709001536,-0.04282532592319068,0.005953169754500581,-7.113277399550627,-4.865371227264404,-0.0,0.5781705656061005,2.0,0.24830343039200553,0.21004581377127948,0.5763482985872876,1219,1400,5,45.23724507872123,dumbbell,5,0,C05,pca_denoise
-0.03221671272658905,-0.08992649588581393,0.0010972769847390207,-7.133673010303099,-5.271641731262207,-0.0625,0.35686851696595534,3.0,0.25390934338194904,0.2315528410389632,0.5596595401599008,388,1400,5,46.655189345072365,dumbbell,5,0,C05,pca_denoise
0.027567503607293944,-0.013209143398043,0.016794212400596385,-7.122776390483375,-4.859534740447998,-0.1875,0.43732554457777484,3.0,0.2570417180668886,0.2493956914342775,0.6215170088240591,1373,1400,5,47.81255722327232,dumbbell,5,0,C05,pca_denoise
-0.0633889991536113,-0.06975197427056104,-0.005777535490185639,-7.1251056436189275,-4.634701251983643,-0.125,0.27862597833455516,2.0,0.26023472694451516,0.2761102764150957,0.6556616746211332,580,1400,5,48.94985583734614,dumbbell,5,0,C05,pca_denoise
0.011871382602741147,-0.03183477423166181,0.04879711502261621,-7.125476974277449,-4.243021488189697,-0.125,0.38293578794683225,2.0,0.23625641798075647,0.3097391279955333,0.7199602246554204,228,1400,5,50.09299982678168,dumbbell,5,0,C05,pca_denoise
-0.005925453486013355,-0.02560402663534702,0.003685890831534047,-7.128116632222394,-4.506800174713135,-0.125,0.39559511842677203,5.0,0.2487382334566192,0.27681175755194737,0.6575561784611628,421,1400,5,51.01762680425846,dumbbell,5,0,C05,pca_denoise
0.01378019418763071,-0.03852827395490332,0.0007489208629831989,-7.107193275893293,-4.688690185546875,-0.0,0.4952166304264703,4.0,0.24369505564620852,0.2271806916342646,0.5951297250194197,51,1400,5,51.73309924448142,dumbbell,5,0,C05,pca_denoise
0.0509278491574063,0.009404766139190529,-0.04020040768242658,-7.13629621135869,-4.514267921447754,-0.1875,0.2735955399300726,4.0,0.23655879865306834,0.311658019912814,0.6645972701727736,619,1400,5,52.21879784472452,dumbbell,5,0,C05,pca_denoise
0.005851977654369269,-0.028817237490512078,-0.013217544154534687,-7.116734687384158,-4.742646217346191,-0.0,0.40767262106833174,5.0,0.2354736830201948,0.21170383789601865,0.5874097416202546,503,1400,5,52.49937845416367,dumbbell,5,0,C05,pca_denoise
-0.03828083326350153,-0.04821934715869621,-0.020838675642635678,-7.12937763749536,-4.981025695800781,-0.0625,0.6790706232963087,1.0,0.26453274043267905,0.245678421829982,0.601857463102889,1020,1400,5,52.621398144179125,dumbbell,5,0,C05,pca_denoise
-0.10285666970328243,-0.11317990772301179,0.020601962942602945,-7.054182937643761,-4.583343982696533,-0.0,0.2951341383679638,6.0,0.17201376479786765,0.1887414407354657,0.32152143381695125,208,1400,5,-18.649853427823356,dumbbell,5,0,C05,diffdist_t4
-0.09491477693340052,-0.08330374558347495,0.01342938486290773,-7.019033529031863,-3.7853212356567383,-0.1875,0.07320404995034072,6.0,0.12896661837358803,0.21952096256240777,0.3803704716473367,362,1400,5,-12.074076382063264,dumbbell,5,0,C05,diffdist_t4
-0.05059373768642038,-0.06888760276343159,0.026655827288595467,-7.044440915734263,-3.259202241897583,-0.125,0.09681685773050569,6.0,0.10464104352816433,0.2564717374038828,0.42092038765270484,1088,1400,5,2.2962247736213577,dumbbell,5,0,C05,diffdist_t4
-0.05678907863584675,-0.07389195510406196,0.02134168342896417,-7.02607152470223,-3.904965877532959,-0.0625,0.17172532401884605,6.0,0.13028498086350315,0.22940577708362386,0.38351779997179836,915,1400,5,16.512424390223224,dumbbell,5,0,C05,diffdist_t4
-0.06208729501961774,-0.07318891819657815,0.038362123274280395,-6.854357002018723,-4.724526882171631,-0.0,0.6440134395014463,6.0,0.16210121060205696,0.20389048212817926,0.3499893433676132,762,1400,5,21.74911536245209,dumbbell,5,0,C05,diffdist_t4
-0.061874199108887494,-0.06975967350397635,0.027422948001189364,-6.760609525419682,-4.55346155166626,-0.0,0.8783530922002791,6.0,0.16686103614412742,0.18196593640436232,0.3455418597301203,333,1400,5,24.40076392053056,dumbbell,5,0,C05,diffdist_t4
-0.06538906970027261,-0.07501154465881073,0.044216284970502874,-6.820038166201101,-4.351856708526611,-0.0,0.9491952393147631,6.0,0.14653169848083963,0.20619765269968443,0.36364075773472665,509,1400,5,26.972586419979983,dumbbell,5,0,C05,diffdist_t4
-0.05315448577850674,-0.07721740665963434,0.022104350086656878,-7.023186434220079,-3.9231150150299072,-0.0,0.4596046663671472,6.0,0.13689880523570733,0.21648310748888086,0.37421896975079694,1146,1400,5,30.417879015943825,dumbbell,5,0,C05,diffdist_t4
-0.07900983311959867,-0.0991690964838962,0.036400523999879766,-6.774209014561649,-4.484982013702393,-0.0,0.8308366272585054,6.0,0.15640789002963534,0.19781255819164095,0.3567062828043053,656,1400,5,32.87920687152628,dumbbell,5,0,C05,diffdist_t4
-0.061302146875626955,-0.08240173916780431,0.03327867741351155,-6.93848880871499,-4.574466228485107,-0.0,0.3200857257422407,6.0,0.16066335548579044,0.1781593612521312,0.33966436130646643,371,1400,5,34.93024350368683,dumbbell,5,0,C05,diffdist_t4
-0.05336705464708074,-0.07954829539230594,0.03276327947202644,-6.846175595715894,-4.785719394683838,-0.0,0.7509894730135187,6.0,0.1682054054767037,0.19774849562675834,0.3409871019214678,1399,1400,5,37.50867041004193,dumbbell,5,0,C05,diffdist_t4
-0.04345526808800891,-0.05513113076168603,0.030486975767735312,-6.962961618271159,-4.390990257263184,-0.0,0.23399663258046371,6.0,0.15753326540662918,0.1965213025777416,0.3488164910765548,1032,1400,5,39.94204071714431,dumbbell,5,0,C05,diffdist_t4
-0.0675026376525424,-0.07584192654117777,0.041101550162895184,-6.844365291352666,-4.856532096862793,-0.0,0.7942055423333891,6.0,0.1750547508916609,0.1866657676783908,0.3312215674724494,158,1400,5,41.70666760573813,dumbbell,5,0,C05,diffdist_t4
-0.041215458319637105,-0.060966070412529105,0.03306517470164573,-6.911860949019924,-4.64327335357666,-0.0,0.0986996100349199,6.0,0.16403553585634226,0.2030944696410012,0.3569207782510775,1071,1400,5,43.37483662264934,dumbbell,5,0,C05,diffdist_t4
-0.07218882589629158,-0.07076355192345396,0.029240047024872963,-6.840769162614775,-4.471225738525391,-0.0,0.7178308431579463,6.0,0.15744537362134253,0.18072946800050596,0.3626882190625448,1219,1400,5,45.23724507872123,dumbbell,5,0,C05,diffdist_t4
-0.06115355612214216,-0.06502154487555739,0.031025588449153218,-6.890914289579376,-4.823204040527344,-0.0,0.34974552301873046,6.0,0.16578701658939243,0.17897488043994908,0.3246726818589469,388,1400,5,46.655189345072365,dumbbell,5,0,C05,diffdist_t4
-0.052687585243643836,-0.06929923703270027,0.027270603500237234,-6.938048260538783,-4.564574718475342,-0.0625,0.49532316464988657,6.0,0.1571370233401527,0.1936135384458308,0.36258588697967165,1373,1400,5,47.81255722327232,dumbbell,5,0,C05,diffdist_t4
-0.07124034416928837,-0.07756537771125745,0.027670791837639007,-6.9939866577255465,-3.788160800933838,-0.0,0.08483580081367535,6.0,0.13018614454289051,0.19418352119488175,0.387458835320044,580,1400,5,48.94985583734614,dumbbell,5,0,C05,diffdist_t4
-0.06882842430623318,-0.06787561534895538,0.03370896620150583,-7.01247384115559,-4.036118507385254,-0.0625,0.12445701045637762,6.0,0.14787017540879446,0.20385376597927202,0.3898355902771213,228,1400,5,50.09299982678168,dumbbell,5,0,C05,diffdist_t4
-0.053717618604334286,-0.07490666492471698,0.03453727026266589,-6.938718705804776,-4.275685787200928,-0.0,0.30926644764176503,6.0,0.14454385127607972,0.22330672078801023,0.3609687512206162,421,1400,5,51.01762680425846,dumbbell,5,0,C05,diffdist_t4
-0.06484330833068294,-0.07047662742661721,0.028167038194985873,-6.852048255332711,-4.459600448608398,-0.0,0.5598789762615227,6.0,0.15583736103759238,0.20062801975999248,0.3604498821471267,51,1400,5,51.73309924448142,dumbbell,5,0,C05,diffdist_t4
-0.04169566743952337,-0.06426023653245386,0.03131622274882922,-7.023832816354492,-4.416410446166992,-0.0,0.010388181879761038,6.0,0.15046867431174382,0.21795003573766458,0.35050457278561176,619,1400,5,52.21879784472452,dumbbell,5,0,C05,diffdist_t4
-0.05266749899558746,-0.06865259268132798,0.025926190394413136,-6.883036484522225,-4.63756799697876,-0.0,0.7030473366027151,6.0,0.16246769445556036,0.19035549413345193,0.3426531131885016,503,1400,5,52.49937845416367,dumbbell,5,0,C05,diffdist_t4
-0.04759968049706507,-0.06294203346421122,0.020269464933641287,-6.952909107381323,-4.462504863739014,-0.0,0.3923782647802193,6.0,0.1478366131357781,0.2170680905228221,0.34386131710475165,1020,1400,5,52.621398144179125,dumbbell,5,0,C05,diffdist_t4
-0.012270309324935894,-0.004240909372985042,0.0016266205664884636,-5.607654165604933,-5.059013843536377,-0.0,0.04733647414693751,6.0,0.07949570037230502,0.03506514520686796,0.19899960547534498,208,1400,5,-18.649853427823356,dumbbell,5,0,C05,diffdist_t8
-0.013685610803822135,-0.0037553438383385214,0.0008304493336923227,-5.651332112386095,-5.081385612487793,-0.0,0.0893821089489915,6.0,0.08911849156830787,0.04863060270442899,0.20473444315165779,362,1400,5,-12.074076382063264,dumbbell,5,0,C05,diffdist_t8
-0.011660845069484909,-0.0031010288702342024,0.0010712134131086446,-5.553691010889203,-4.927163124084473,-0.0,0.1717680130528219,6.0,0.08591301602255413,0.04917951243414233,0.22056225714581368,1088,1400,5,2.2962247736213577,dumbbell,5,0,C05,diffdist_t8
-0.028805199572665915,-0.009469603239054283,0.002832888852760865,-5.8321516876513915,-5.331913471221924,-0.0,0.205877450638188,6.0,0.08368785156160304,0.04161031919893815,0.14352678140723368,915,1400,5,16.512424390223224,dumbbell,5,0,C05,diffdist_t8
-0.02628010190785709,-0.00949131363661574,0.0028874594413363843,-5.801437678569828,-5.62183952331543,-0.0,0.1559973584523226,6.0,0.08866277465555439,0.03673661663996014,0.13022280735217392,762,1400,5,21.74911536245209,dumbbell,5,0,C05,diffdist_t8
-0.004992151827720884,-0.0031892301667752632,0.009158109745551564,-4.978038931866857,-4.924508094787598,-0.125,0.2303007001064759,6.0,0.08557422827972132,0.04101677995798817,0.22408134365153323,333,1400,5,24.40076392053056,dumbbell,5,0,C05,diffdist_t8
-0.01885814844695003,-0.00595051021845109,0.012119712036427189,-5.225544436787074,-5.112846851348877,-0.1875,0.13758095733352982,6.0,0.08035332546868851,0.04015670392619909,0.1723348987399523,509,1400,5,26.972586419979983,dumbbell,5,0,C05,diffdist_t8
-0.02514674738379995,-0.009519350555812014,0.0018752051481803317,-5.837068960491667,-5.338359355926514,-0.0,0.14868023634911004,6.0,0.08177572404794942,0.03994632011007251,0.1442264800552327,1146,1400,5,30.417879015943825,dumbbell,5,0,C05,diffdist_t8
-0.009551256019365831,-0.004065769901997856,0.009609050775929984,-5.165907390098169,-5.066866397857666,-0.0,0.18572408565801385,6.0,0.08319803551470682,0.03749330448871835,0.18662979067827465,656,1400,5,32.87920687152628,dumbbell,5,0,C05,diffdist_t8
-0.03251250458211076,-0.013223824226700926,0.006406895345166886,-5.983099537287867,-5.544040203094482,-0.0,0.12010185158871468,6.0,0.0798525623604186,0.0367527344678319,0.10637077040923405,371,1400,5,34.93024350368683,dumbbell,5,0,C05,diffdist_t8
-0.03440904053573312,-0.010069189160267224,0.005127033152847473,-5.713794984842387,-5.48091983795166,-0.0,0.15372131685253648,6.0,0.0829133879359166,0.03524312916437846,0.12777678265834283,1399,1400,5,37.50867041004193,dumbbell,5,0,C05,diffdist_t8
-0.022317257628661186,-0.008493805965666014,-0.000881528593866125,-5.958762124786883,-5.577059268951416,-0.0,0.12099861952840192,6.0,0.08994741068924765,0.03654754434972115,0.13462388350109072,1032,1400,5,39.94204071714431,dumbbell,5,0,C05,diffdist_t8
-0.027120579033254644,-0.009496237481874056,-0.001074999701988585,-5.75844425585973,-5.557674884796143,-0.0,0.04905686035247514,6.0,0.08489147196009951,0.03698714201737754,0.12303917970550086,158,1400,5,41.70666760573813,dumbbell,5,0,C05,diffdist_t8
-0.03828842803065562,-0.01571567494329881,0.004561790735479649,-6.040416738273118,-5.651691436767578,-0.0,0.07333438686751337,6.0,0.08374055708771956,0.039287081271595505,0.10255137334624945,1071,1400,5,43.37483662264934,dumbbell,5,0,C05,diffdist_t8
-0.022852541289394217,-0.010831779691970888,0.0022153025006105913,-5.904855434084962,-5.569519519805908,-0.0,0.2847835576197947,6.0,0.08354884550280892,0.04021955274354158,0.1113913068501405,1219,1400,5,45.23724507872123,dumbbell,5,0,C05,diffdist_t8
-0.05007142130075934,-0.020962521214637132,0.003551208436919025,-6.011642542954254,-5.629101753234863,-0.0,0.3862264973696986,6.0,0.07532893049720114,0.030410717257011746,0.09535455764106429,388,1400,5,46.655189345072365,dumbbell,5,0,C05,diffdist_t8
-0.02000042609622565,-0.008362233890178289,-0.0007955791941448376,-6.011606597922627,-5.679008483886719,-0.0,0.13138495747818046,6.0,0.09116656652127905,0.04216241852725072,0.12612796571097631,1373,1400,5,47.81255722327232,dumbbell,5,0,C05,diffdist_t8
-0.027366135657013152,-0.010623996568635208,0.0032790865552531382,-5.926681256078377,-5.451515197753906,-0.0,0.13019616431670478,6.0,0.09004520212479594,0.04431534008537167,0.13928151455305227,580,1400,5,48.94985583734614,dumbbell,5,0,C05,diffdist_t8
-0.023857374494336902,-0.009670728784128627,-3.108494654459814e-05,-5.867159614720035,-5.392624378204346,-0.0,0.2688603029620493,6.0,0.08820790819844797,0.04436764794626594,0.14643954968970557,228,1400,5,50.09299982678168,dumbbell,5,0,C05,diffdist_t8
-0.02995479337839716,-0.013180512750303764,0.006360916468736884,-5.988374759086941,-5.5519819259643555,-0.0,0.11759218854361643,6.0,0.0808606731851758,0.036804596684710617,0.10687743982843241,421,1400,5,51.01762680425846,dumbbell,5,0,C05,diffdist_t8
-0.02634416978656914,-0.010721475240928454,0.001578305242153039,-5.939062411089201,-5.60493278503418,-0.0,0.3274691605517345,6.0,0.08754138672025724,0.039548787323657845,0.11802248419825997,51,1400,5,51.73309924448142,dumbbell,5,0,C05,diffdist_t8
-0.024136073265203364,-0.009179521495482472,0.0014375472779395687,-5.838641991220028,-5.342577934265137,-0.0,0.22672214754691494,6.0,0.08003994100816997,0.037952429535489794,0.14361581850628494,619,1400,5,52.21879784472452,dumbbell,5,0,C05,diffdist_t8
-0.017793615435665006,-0.010038346475810277,0.0028804333035460793,-6.000174478984578,-5.701961040496826,-0.0,0.1734599520619388,6.0,0.09173800570076515,0.040088232253608774,0.115373143362426,503,1400,5,52.49937845416367,dumbbell,5,0,C05,diffdist_t8
-0.015476366525489414,-0.007963276114128885,0.0008656436642199396,-6.001556482863078,-5.6784467697143555,-0.0,0.11338918934909134,6.0,0.09448681313796947,0.04530321066622565,0.12808946675384253,1020,1400,5,52.621398144179125,dumbbell,5,0,C05,diffdist_t8
-5.175702764067053,-6.372598151446026,0.0,-7.158276240949608,-3.8655791456676525e-08,-0.0,0.9999999999969766,6.0,0.0,0.9357588263564937,0.9550846817828667,208,1400,5,-18.649853427823356,dumbbell,5,0,C05,heatgeo_t
-4.9541140359182,-5.873298611691441,0.0,-7.158271643533878,-3.8655791456676525e-08,-0.0,0.9999999999969034,6.0,0.0,0.9250941935836765,0.946384272370722,362,1400,5,-12.074076382063264,dumbbell,5,0,C05,heatgeo_t
-4.5228245734823185,-5.08657244817351,0.0,-7.158268846303587,-3.8655791456676525e-08,-0.0,0.9999999999967836,1.0,0.0,0.9156753777233605,0.9433579447054401,1088,1400,5,2.2962247736213577,dumbbell,5,0,C05,heatgeo_t
-4.628074207838309,-5.415660652888976,0.0,-7.158265378446395,-3.8655791456676525e-08,-0.0625,0.9999999999980762,1.0,0.0,0.9057259979194406,0.9419922003150663,915,1400,5,16.512424390223224,dumbbell,5,0,C05,heatgeo_t
-5.101234385334582,-6.0072250107127205,0.0,-7.158258355612022,-3.8655791456676525e-08,-0.0,0.9999999999959092,6.0,0.0,0.9026732995874899,0.9361681875606441,762,1400,5,21.74911536245209,dumbbell,5,0,C05,heatgeo_t
-4.7298467213395305,-5.400311420978009,0.0,-7.158256338133034,-3.8655791456676525e-08,-0.0,0.9999999999957303,6.0,0.0,0.9030330272519732,0.9348941342500002,333,1400,5,24.40076392053056,dumbbell,5,0,C05,heatgeo_t
-4.932432833186842,-5.64621723111491,0.0,-7.158253038499607,-3.8655791456676525e-08,-0.0,0.9999999999931375,4.0,0.0,0.8973516972638819,0.9371511709860249,509,1400,5,26.972586419979983,dumbbell,5,0,C05,heatgeo_t
-4.66335245831482,-5.2977981568545305,0.0,-7.158267110828733,-3.8655791456676525e-08,-0.0625,0.9999999999970322,5.0,0.0,0.9100885725578098,0.9407723770740101,1146,1400,5,30.417879015943825,dumbbell,5,0,C05,heatgeo_t
-4.776198091878139,-5.598006597464296,1.0170092754058224e-09,-7.158255700821704,-3.8655791456676525e-08,-0.0,0.9999999999955411,5.0,0.0,0.9029193063765129,0.9349234204018204,656,1400,5,32.87920687152628,dumbbell,5,0,C05,heatgeo_t
-5.082707972450868,-6.047590951504781,0.0,-7.158267181975979,-3.8655791456676525e-08,-0.0,0.9999999999966137,6.0,0.0,0.9149014081086057,0.9409259552507845,371,1400,5,34.93024350368683,dumbbell,5,0,C05,heatgeo_t
-5.100774955273383,-5.845000863130663,0.0,-7.158258804677587,-3.8655791456676525e-08,-0.0,0.9999999999941784,5.0,0.0,0.905442800868162,0.9370295547072474,1399,1400,5,37.50867041004193,dumbbell,5,0,C05,heatgeo_t
-4.900526447004215,-5.725437903865009,0.0,-7.15826616809384,-3.8655791456676525e-08,-0.0,0.9999999999974798,6.0,0.0,0.9126105964767371,0.9418035917509658,1032,1400,5,39.94204071714431,dumbbell,5,0,C05,heatgeo_t
-4.861225244645181,-5.8465776153454,1.985536221549289e-09,-7.1582580936652445,-3.8655791456676525e-08,-0.125,0.9999999999958119,5.0,0.0,0.8991889895868301,0.937172865162416,158,1400,5,41.70666760573813,dumbbell,5,0,C05,heatgeo_t
-4.831616245726316,-5.593341613879027,0.0,-7.158260740932288,-3.8655791456676525e-08,-0.0,0.9999999999965351,6.0,0.0,0.8979856477993932,0.9387531669698695,1071,1400,5,43.37483662264934,dumbbell,5,0,C05,heatgeo_t
-5.185831634164008,-5.935628787790829,0.0,-7.158257371624433,-3.8655791456676525e-08,-0.0,0.9999999999961215,6.0,0.0,0.8962841090613365,0.9385677050268266,1219,1400,5,45.23724507872123,dumbbell,5,0,C05,heatgeo_t
-5.0543931541892775,-6.0944645612672375,0.0,-7.158263829623796,-3.8655791456676525e-08,-0.0,0.9999999999971682,6.0,0.0,0.9126129723490306,0.9378043152795225,388,1400,5,46.655189345072365,dumbbell,5,0,C05,heatgeo_t
-4.800446201599503,-5.721306754811516,0.0,-7.158262025980662,-3.8655791456676525e-08,-0.0,0.9999999999965709,3.0,0.0,0.9021429819492939,0.9401062616653937,1373,1400,5,47.81255722327232,dumbbell,5,0,C05,heatgeo_t
-5.0143220455749855,-5.796086220278921,0.0,-7.158263637415654,-3.8655791456676525e-08,-0.125,0.9999999999970581,6.0,0.0,0.9038527858754531,0.9397967426428497,580,1400,5,48.94985583734614,dumbbell,5,0,C05,heatgeo_t
-5.086967924543342,-5.8517152611975245,0.0,-7.158264209167633,-3.8655791456676525e-08,-0.0,0.9999999999970446,6.0,0.0,0.9034432556054369,0.9397882503959019,228,1400,5,50.09299982678168,dumbbell,5,0,C05,heatgeo_t
-4.905288504005167,-5.722114984129195,9.84298302586506e-10,-7.15826432569269,-3.8655791456676525e-08,-0.0,0.999999999997434,5.0,0.0,0.9086636511723745,0.9391711294312105,421,1400,5,51.01762680425846,dumbbell,5,0,C05,heatgeo_t
-5.049213140748935,-5.782200676783693,1.887006911838185e-09,-7.1582595494872665,-3.8655791456676525e-08,-0.0,0.9999999999978985,3.0,0.0,0.9020176806849921,0.9373971337878292,51,1400,5,51.73309924448142,dumbbell,5,0,C05,heatgeo_t
-4.601445773031573,-5.2676509154876845,0.0,-7.158268991317616,-3.8655791456676525e-08,-0.0,0.9999999999971916,5.0,0.0,0.915740367705868,0.9433130535887867,619,1400,5,52.21879784472452,dumbbell,5,0,C05,heatgeo_t
-5.095229261197837,-5.885081881515322,0.0,-7.158261434456513,-3.8655791456676525e-08,-0.0,0.9999999999970686,1.0,0.0,0.9024627905353081,0.9390832994579815,503,1400,5,52.49937845416367,dumbbell,5,0,C05,heatgeo_t
-5.153208474894335,-5.897368751282197,0.0,-7.158265746311578,-3.8655791456676525e-08,-0.0,0.9999999999959671,6.0,0.0,0.9114965123129288,0.9403205859136872,1020,1400,5,52.621398144179125,dumbbell,5,0,C05,heatgeo_t
-4.8590498166956415,-5.848031994895858,0.0,-7.158275755749884,-3.8655791456676525e-08,-0.0,0.9999999999922464,6.0,0.0,0.9289699809899672,0.9504066448276454,208,1400,5,-18.649853427823356,dumbbell,5,0,C05,heatgeo_4t
-4.627380768464732,-5.358047202548801,1.2667631110740984e-09,-7.158270473845333,-3.8655791456676525e-08,-0.0,0.9999999999920526,6.0,0.0,0.9171105528822567,0.940755682017536,362,1400,5,-12.074076382063264,dumbbell,5,0,C05,heatgeo_4t
-4.202001673983741,-4.615737577763862,3.981144025555494e-09,-7.158267235089532,-3.8655791456676525e-08,-0.0,0.9999999999917292,1.0,0.0,0.9066306889599786,0.9374020279078285,1088,1400,5,2.2962247736213577,dumbbell,5,0,C05,heatgeo_4t
-4.300888221978079,-4.922742387281576,2.052076987502094e-09,-7.158263240466744,-3.8655791456676525e-08,-0.0,0.9999999999950702,1.0,0.0,0.8955405789396101,0.935876377989611,915,1400,5,16.512424390223224,dumbbell,5,0,C05,heatgeo_4t
-4.766081392453579,-5.474809536535877,0.0,-7.1582550785255865,-3.8655791456676525e-08,-0.0,0.9999999999895228,6.0,0.0,0.8921306210219102,0.929412460144631,762,1400,5,21.74911536245209,dumbbell,5,0,C05,heatgeo_4t
-4.399043737323395,-4.90139666714487,0.0,-7.158252672082209,-3.8655791456676525e-08,-0.0,0.9999999999890133,6.0,0.0,0.8925308169991815,0.9279922323463453,333,1400,5,24.40076392053056,dumbbell,5,0,C05,heatgeo_4t
-4.598715674016419,-5.133929776133722,0.0,-7.158249024867623,-3.8655791456676525e-08,-0.0,0.9999999999825129,4.0,0.0,0.8861906310926159,0.9305025987297727,509,1400,5,26.972586419979983,dumbbell,5,0,C05,heatgeo_4t
-4.338070628287946,-4.811679654566828,0.0,-7.158265239452905,-3.8655791456676525e-08,-0.0,0.9999999999923823,5.0,0.0,0.9004044096838919,0.9345254199138979,1146,1400,5,30.417879015943825,dumbbell,5,0,C05,heatgeo_4t
-4.4430643127265395,-5.08659967255231,4.509670310792746e-09,-7.158252035845412,-3.8655791456676525e-08,-0.0,0.9999999999886069,5.0,0.0,0.8924039908765469,0.9280254061468163,656,1400,5,32.87920687152628,dumbbell,5,0,C05,heatgeo_4t
-4.751588965500881,-5.51657157844403,8.80028633298835e-10,-7.158265332259946,-3.8655791456676525e-08,-0.0,0.9999999999912987,6.0,0.0,0.9057638173986627,0.9346926405507314,371,1400,5,34.93024350368683,dumbbell,5,0,C05,heatgeo_4t
-4.767133700429447,-5.321906231085647,1.9545882620763955e-09,-7.158255614233882,-3.8655791456676525e-08,-0.0,0.999999999985066,5.0,0.0,0.8952198880546478,0.9303644990454476,1399,1400,5,37.50867041004193,dumbbell,5,0,C05,heatgeo_4t
-4.569050864424373,-5.2125896344053135,1.8802048737387445e-09,-7.158264160519696,-3.8655791456676525e-08,-0.0,0.9999999999935307,6.0,0.0,0.9032118957934223,0.9356685222678941,1032,1400,5,39.94204071714431,dumbbell,5,0,C05,heatgeo_4t
-4.526762939223565,-5.323687344045524,9.690022645392204e-09,-7.158254750396969,-3.8655791456676525e-08,-0.0,0.999999999989235,5.0,0.0,0.8882391306469155,0.9305229423452038,158,1400,5,41.70666760573813,dumbbell,5,0,C05,heatgeo_4t
-4.498824340082425,-5.085266141271826,0.0,-7.158257819981996,-3.8655791456676525e-08,-0.0,0.9999999999913849,6.0,0.0,0.8868978536727091,0.9322780581163611,1071,1400,5,43.37483662264934,dumbbell,5,0,C05,heatgeo_4t
-4.849426826490733,-5.408619944291279,2.230674651937381e-09,-7.158253893542792,-3.8655791456676525e-08,-0.0,0.9999999999905967,6.0,0.0,0.8849987154981173,0.9320682103566426,1219,1400,5,45.23724507872123,dumbbell,5,0,C05,heatgeo_4t
-4.72380799213838,-5.5607900709529625,0.0,-7.158261462525442,-3.8655791456676525e-08,-0.0,0.9999999999927394,6.0,0.0,0.9032151443280606,0.931226042039142,388,1400,5,46.655189345072365,dumbbell,5,0,C05,heatgeo_4t
-4.469283432533642,-5.208213509009752,9.208661125303941e-10,-7.158259338516847,-3.8655791456676525e-08,-0.0,0.9999999999914007,3.0,0.0,0.8915391776353669,0.9337826979136096,1373,1400,5,47.81255722327232,dumbbell,5,0,C05,heatgeo_4t
-4.683296209070752,-5.280380686846407,0.0,-7.158261223209301,-3.8655791456676525e-08,-0.0,0.9999999999946692,6.0,0.0,0.8934457325519682,0.93344791351658,580,1400,5,48.94985583734614,dumbbell,5,0,C05,heatgeo_4t
-4.754525768127207,-5.333256924884858,1.9545882690152894e-09,-7.1582618836102885,-3.8655791456676525e-08,-0.0,0.9999999999907594,6.0,0.0,0.8929918971798485,0.9334331340600275,228,1400,5,50.09299982678168,dumbbell,5,0,C05,heatgeo_4t
-4.574730041066664,-5.20986249557871,4.401488985783519e-09,-7.158262011419698,-3.8655791456676525e-08,-0.0,0.9999999999934103,5.0,0.0,0.8988099536788938,0.932750878286862,421,1400,5,51.01762680425846,dumbbell,5,0,C05,heatgeo_4t
-4.714664931062801,-5.262209010667207,1.3701257628451202e-08,-7.158256451291315,-3.8655791456676525e-08,-0.0,0.9999999999945979,3.0,0.0,0.8913953738008241,0.9307687514640715,51,1400,5,51.73309924448142,dumbbell,5,0,C05,heatgeo_4t
-4.277878257105969,-4.784448926839653,0.0,-7.15826741005602,-3.8655791456676525e-08,-0.0,0.9999999999927782,5.0,0.0,0.9066993832951192,0.937345363403078,619,1400,5,52.21879784472452,dumbbell,5,0,C05,heatgeo_4t
-4.76291054151709,-5.362312534959447,0.0,-7.158258645373822,-3.8655791456676525e-08,-0.0,0.9999999999924749,1.0,0.0,0.8918958750123058,0.9326499979890442,503,1400,5,52.49937845416367,dumbbell,5,0,C05,heatgeo_4t
-4.823714803313072,-5.377913015668116,0.0,-7.1582636782116005,-3.8655791456676525e-08,-0.0,0.9999999999896443,6.0,0.0,0.9019731368580791,0.9340290044423737,1020,1400,5,52.621398144179125,dumbbell,5,0,C05,heatgeo_4t
0.03642923137655103,0.031406825424162135,0.07609340222666397,-7.117278365254796,-5.311150550842285,-0.0,0.6005665657988537,4.0,0.2694463906812725,0.21224044857193006,0.5506988074377093,208,1400,5,-18.649853427823356,dumbbell,5,0,C05,fb_potential
0.016803237505640483,0.0018141830486135156,-0.07849902699878755,-7.128098187544609,-5.131024360656738,-0.8125,0.3331956669237107,4.0,0.2668006822765331,0.2530114891755133,0.6149638906681668,362,1400,5,-12.074076382063264,dumbbell,5,0,C05,fb_potential
0.039560661226469354,0.03362527519608107,-0.028847200046882748,-7.087195635531369,-4.588430404663086,-0.0625,0.39149143093544925,3.0,0.24256112094110452,0.24695222509228779,0.6494591008867746,1088,1400,5,2.2962247736213577,dumbbell,5,0,C05,fb_potential
0.016870788077526108,0.020210469671338074,0.01366147023143702,-7.116058541723546,-5.010241985321045,-0.6875,0.4243295776101033,3.0,0.26590471848973746,0.22402905151305894,0.6158238715851606,915,1400,5,16.512424390223224,dumbbell,5,0,C05,fb_potential
0.03319197462429284,0.026884438275516804,0.07299499632069115,-7.116962290027422,-5.282933235168457,-0.0625,0.44105190852300724,4.0,0.2753021109533226,0.20469748778860158,0.5533237242971136,762,1400,5,21.74911536245209,dumbbell,5,0,C05,fb_potential
0.06792449601844168,0.036846040478651275,0.06447463337080381,-7.084441494451903,-5.008821487426758,-0.0,0.5599408078887345,4.0,0.2721202331736975,0.2268370932738234,0.6079147991153757,333,1400,5,24.40076392053056,dumbbell,5,0,C05,fb_potential
0.0032326008727445793,0.0009034506799389646,0.05209928232745882,-7.120801798053442,-5.429684162139893,-0.0,0.45085945985412074,5.0,0.2840792822097966,0.21158323959483213,0.5652130657882035,509,1400,5,26.972586419979983,dumbbell,5,0,C05,fb_potential
-0.008278776126273245,-0.0020466823673814002,0.010066751219107262,-7.11300935879267,-4.769445896148682,-0.6875,0.3805183863054429,5.0,0.23920019096059275,0.2205695153356142,0.6060654914002729,1146,1400,5,30.417879015943825,dumbbell,5,0,C05,fb_potential
0.05715288486825052,0.024880286091077803,-0.0037696509536706,-7.093532521114014,-4.940730094909668,-0.0,0.45092312925750433,5.0,0.25770333448569194,0.2350285617096259,0.6085592841316645,656,1400,5,32.87920687152628,dumbbell,5,0,C05,fb_potential
0.003993398677846856,0.008617021753877957,0.08970004833297171,-7.10458444829919,-5.128758907318115,-0.1875,0.24815981065635628,5.0,0.2730521294730117,0.2233783685294289,0.5821229507355429,371,1400,5,34.93024350368683,dumbbell,5,0,C05,fb_potential
0.025952372307804648,-0.012258888492665375,0.03252923479193923,-7.119482052645628,-5.286973476409912,-0.0,0.32714117569118056,5.0,0.2660165198056467,0.2017196493459405,0.549180201851913,1399,1400,5,37.50867041004193,dumbbell,5,0,C05,fb_potential
0.04379897005379272,0.02968425980577297,0.060896957698872135,-7.1227155349939935,-5.281403541564941,-0.0625,0.3921471240333887,4.0,0.28639541407086133,0.24089130361389577,0.5981141208246774,1032,1400,5,39.94204071714431,dumbbell,5,0,C05,fb_potential
0.01006869892833162,0.017500819343231503,0.04510303576968177,-7.107321157020449,-5.049457550048828,-0.0,0.5281819358225005,4.0,0.2528432943914446,0.18573491892760904,0.5450032207417895,158,1400,5,41.70666760573813,dumbbell,5,0,C05,fb_potential
0.058773085174145416,0.004930884327415802,0.0974699277604275,-7.1140161493869565,-5.148207664489746,-0.0625,0.4091724351788474,2.0,0.2778964479483077,0.21507305776313063,0.5717085182972671,1071,1400,5,43.37483662264934,dumbbell,5,0,C05,fb_potential
0.059531966326475526,0.019358603808027522,0.023012072502303846,-7.074906988583965,-4.558197021484375,-0.0,0.48956798163328336,5.0,0.2534944699321562,0.22395477949216222,0.6342654486342982,1219,1400,5,45.23724507872123,dumbbell,5,0,C05,fb_potential
0.029374877896542174,0.013214935618417387,0.07130828805688051,-7.122422764711107,-5.2779436111450195,-0.0,0.3345374625504013,2.0,0.25545665324761335,0.20434280522298046,0.5482886958976906,388,1400,5,46.655189345072365,dumbbell,5,0,C05,fb_potential
0.014070462719481038,0.014726093611896808,0.07919907968083112,-7.1214084448218795,-5.226146221160889,-0.0625,0.31983261991549006,2.0,0.2747303560120199,0.22620679970364738,0.5728596310339683,1373,1400,5,47.81255722327232,dumbbell,5,0,C05,fb_potential
-1.8346682844013437e-05,0.013777545933768712,0.07085979218234645,-7.112539424816424,-4.979802131652832,-0.125,0.44120302872171646,5.0,0.24732109347211428,0.20240335938116868,0.5701629455109499,580,1400,5,48.94985583734614,dumbbell,5,0,C05,fb_potential
0.04301644786270179,-0.0019996273607098486,0.04216988140648199,-7.115669634362156,-4.999932289123535,-0.3125,0.4703300017336989,5.0,0.2758682728907822,0.23011384984056765,0.5995275163464698,228,1400,5,50.09299982678168,dumbbell,5,0,C05,fb_potential
0.018265935775769924,-0.003162718792876644,0.10613288273355914,-7.089696453593626,-4.8655595779418945,-0.0625,0.33568076715157474,5.0,0.2607973256092172,0.22447038476972622,0.5922312830040143,421,1400,5,51.01762680425846,dumbbell,5,0,C05,fb_potential
0.018515889533862937,0.01993955887965227,0.08952017503609401,-7.087979869879735,-4.949008941650391,-0.0,0.4491424383316809,5.0,0.2621247273077316,0.2227613686496505,0.5881776569820607,51,1400,5,51.73309924448142,dumbbell,5,0,C05,fb_potential
0.0411127275532394,0.05237637878864954,-0.015158007844386165,-7.127627773238791,-5.047967910766602,-0.1875,0.39577724834795625,3.0,0.2641627490029671,0.26346618250470755,0.6288435393152391,619,1400,5,52.21879784472452,dumbbell,5,0,C05,fb_potential
0.021425104709760733,0.023267368791982636,-0.03825940147108163,-7.078781050504622,-4.321625709533691,-0.0625,0.3247404974403329,3.0,0.22739683510183123,0.2324152120873208,0.64188630699045,503,1400,5,52.49937845416367,dumbbell,5,0,C05,fb_potential
0.01693193102824606,0.01289611251371682,0.052366918831551285,-7.124194076331145,-5.197257995605469,-0.4375,0.4545009746540241,5.0,0.26774234014771175,0.2218849173681901,0.5666267893361226,1020,1400,5,52.621398144179125,dumbbell,5,0,C05,fb_potential
-0.2968399460405166,-0.3896986331433291,0.07171927164812023,-7.150153342881097,-5.310429096221924,-1.0,0.5500788922291825,1.0,0.30152886550514063,0.328079743627864,0.6369249643877105,208,1400,5,-18.649853427823356,dumbbell,5,0,D,plain
-0.29970761381341804,-0.2699527190633965,-0.040988070622929126,-7.139550123095706,-5.554519176483154,-0.25,0.5789747147122053,4.0,0.34851959184995707,0.3064316819937187,0.614748017487207,362,1400,5,-12.074076382063264,dumbbell,5,0,D,plain
-0.1750449043056624,-0.29634776473092594,0.09426378752810992,-7.1142506700655215,-4.882072925567627,-0.0,0.7538997982535698,1.0,0.30737077409429486,0.31819381982220624,0.6457576247900587,1088,1400,5,2.2962247736213577,dumbbell,5,0,D,plain
-0.16662799306142492,-0.3179280831244369,0.08534670421614024,-7.138558066991852,-4.61566162109375,-1.0,0.6584925071802663,1.0,0.24880986079633183,0.3375310666456506,0.6553129281599028,915,1400,5,16.512424390223224,dumbbell,5,0,D,plain
-0.13979515224646188,-0.2804694681286937,0.08622788277481375,-7.153573818128831,-5.508065223693848,-1.0,0.6122327456730627,1.0,0.3055864662297464,0.32058088276782887,0.608802858238314,762,1400,5,21.74911536245209,dumbbell,5,0,D,plain
-0.07793862947448678,-0.11886730581994918,0.05048819429044397,-7.07930771596301,-3.767423152923584,-0.0,0.6568699286014446,1.0,0.22852450312812478,0.3473023294615589,0.9488384078801757,333,1400,5,24.40076392053056,dumbbell,5,0,D,plain
-0.2948547134336809,-0.5186855678573138,0.14618334870291233,-7.1503107682979525,-5.314328670501709,-1.0,0.2880500670943673,1.0,0.322803577398896,0.30003060099196743,0.5991711379130942,509,1400,5,26.972586419979983,dumbbell,5,0,D,plain
-0.2144472993240375,-0.3678065930050258,0.07213840595757127,-7.143445073763502,-5.26249885559082,-1.0,0.4699925264791419,1.0,0.31558290074354667,0.30938776081609054,0.6161193361843151,1146,1400,5,30.417879015943825,dumbbell,5,0,D,plain
-0.23977681176529755,-0.334729509936433,0.12015066684041101,-7.13446142540746,-4.688620090484619,-1.0,0.5637076809316215,1.0,0.26216413532229416,0.3272846031643604,0.6483202089203871,656,1400,5,32.87920687152628,dumbbell,5,0,D,plain
-0.2049835556015469,-0.2555184004347821,0.07018239327587526,-7.117985628521594,-4.426211357116699,-0.0,0.6133050868970453,1.0,0.2465556143374539,0.3329551160033164,0.661933651664058,371,1400,5,34.93024350368683,dumbbell,5,0,D,plain
-0.29152527754605223,-0.44438594326193726,0.13590725909349455,-7.14941625488383,-5.318727493286133,-1.0,0.3829715664993459,1.0,0.31787119859150087,0.30912907998703354,0.6049258723799733,1399,1400,5,37.50867041004193,dumbbell,5,0,D,plain
-0.31298273811391114,-0.4150702607943254,0.1542838304403527,-7.153409642817821,-5.632842063903809,-1.0,0.45785982833524,3.0,0.33477365965492323,0.30571725968105845,0.5936465748021296,1032,1400,5,39.94204071714431,dumbbell,5,0,D,plain
-0.22674876236400818,-0.33505826156951435,0.03868120412701889,-7.1430607234459345,-4.503154277801514,-1.0,0.5713885034718917,2.0,0.2323924414108753,0.34772910911612204,0.658142236287662,158,1400,5,41.70666760573813,dumbbell,5,0,D,plain
-0.17663685698545736,-0.23036360050300878,0.05533381997626333,-7.132210048532881,-4.872910499572754,-0.125,0.5896779182245293,1.0,0.27135205392643036,0.3263318326227568,0.6475615323673386,1071,1400,5,43.37483662264934,dumbbell,5,0,D,plain
-0.10488988417260098,-0.2136444160038635,0.04964608425814643,-7.128364721229255,-4.246376037597656,-0.0,0.6790783642573248,1.0,0.23804682080301537,0.3413246768345849,0.69865867130158,1219,1400,5,45.23724507872123,dumbbell,5,0,D,plain
-0.16082389891060644,-0.24132817438575427,0.05210564422932011,-7.140421931293535,-4.7599921226501465,-1.0,0.6143876803318059,3.0,0.2583708623142055,0.3320859117778828,0.6554814284178794,388,1400,5,46.655189345072365,dumbbell,5,0,D,plain
-0.21529730859614557,-0.28524070085228065,0.006094678139469713,-7.149198667665692,-5.651362419128418,-1.0,0.592409010003714,1.0,0.3457920153744907,0.30765526029959284,0.6087847798661917,1373,1400,5,47.81255722327232,dumbbell,5,0,D,plain
-0.17605331941552985,-0.32394524718063844,0.05655386842737161,-7.137753850150349,-4.967698097229004,-1.0,0.610229809918318,2.0,0.28524866611425903,0.3148822790142526,0.6396387926234562,580,1400,5,48.94985583734614,dumbbell,5,0,D,plain
-0.17184868671437653,-0.29217664256559106,0.06941955300543134,-7.1412058962843705,-4.9443182945251465,-0.75,0.6662740289580014,2.0,0.2725489937695719,0.32491226678526014,0.6393523489500768,228,1400,5,50.09299982678168,dumbbell,5,0,D,plain
-0.11650658203893173,-0.1870682547827792,0.10833734964443993,-7.081497890795465,-3.963491439819336,-0.0,0.8664124605562098,1.0,0.22900785993740705,0.3514559354049393,0.9262168075775286,421,1400,5,51.01762680425846,dumbbell,5,0,D,plain
-0.30694564318830275,-0.3456337773101255,0.04718859348825696,-7.141477598691752,-4.875430583953857,-1.0,0.548375899473286,3.0,0.2736992330211143,0.3194045220181345,0.6418833750084757,51,1400,5,51.73309924448142,dumbbell,5,0,D,plain
-0.2757923820651801,-0.4721805571898996,0.16195121095675072,-7.1513714263807415,-5.264780044555664,-1.0,0.38348901027161747,6.0,0.3027804159916371,0.3152499414616435,0.6063962616610172,619,1400,5,52.21879784472452,dumbbell,5,0,D,plain
-0.11825318239358465,-0.18629778065962604,0.0652022291857011,-7.134697554938599,-4.364652156829834,-0.375,0.5929033617215547,2.0,0.23747580369654492,0.3408793383596583,0.66475010631067,503,1400,5,52.49937845416367,dumbbell,5,0,D,plain
-0.2654517461997182,-0.35178122037867504,0.02334410957875182,-7.141164748361654,-5.017734527587891,-1.0,0.6412457161143661,1.0,0.2944678870958823,0.3180592301333498,0.6527671794503538,1020,1400,5,52.621398144179125,dumbbell,5,0,D,plain
-0.018147274365937677,-0.007574221817876529,-0.04008474979717411,-7.134553806063453,-5.075603485107422,-1.0,0.3329645382885956,2.0,0.2675498228053391,0.2532422278442378,0.6425671186918939,208,1400,5,-18.649853427823356,dumbbell,5,0,D,pca_denoise
-0.06476730969551577,-0.0795107358976812,-0.0472304748084163,-7.116793427156804,-5.035675525665283,-0.3125,0.3270233146809051,3.0,0.26052218396914106,0.22941750576285186,0.5963008318147615,362,1400,5,-12.074076382063264,dumbbell,5,0,D,pca_denoise
-0.02973491737670224,-0.04129952943839451,0.025876194272450748,-7.047000044384454,-4.17066764831543,-0.0,0.49894934449123995,1.0,0.2287835424819919,0.23488689108262925,0.6804482584158683,1088,1400,5,2.2962247736213577,dumbbell,5,0,D,pca_denoise
-0.005685063081583613,-0.048860460426502154,0.06472537697097133,-7.117544527034232,-4.962145805358887,-0.0625,0.519112872088829,3.0,0.26554550441830627,0.25373847915332987,0.6061377647151684,915,1400,5,16.512424390223224,dumbbell,5,0,D,pca_denoise
-0.024900603840935242,-0.10904967959887923,0.06571215918790677,-7.143705895725823,-5.611630439758301,-1.0,0.17790627724455016,4.0,0.29089960121377856,0.20481020463126937,0.5151486431802863,762,1400,5,21.74911536245209,dumbbell,5,0,D,pca_denoise
-0.017774295503799723,-0.010832444791342944,-0.0023285625894209436,-7.024971505523244,-4.030550479888916,-0.0,0.3783738859442278,3.0,0.2207407913428012,0.23382217214298048,0.703053486257239,333,1400,5,24.40076392053056,dumbbell,5,0,D,pca_denoise
-0.05014753921904693,-0.15000357879622944,0.14687856894859272,-7.129140308566197,-5.239110946655273,-0.0,0.23401542224109315,1.0,0.2762816583908323,0.21958152855815755,0.5451478028842838,509,1400,5,26.972586419979983,dumbbell,5,0,D,pca_denoise
-0.05514791489917975,-0.11199405664984177,0.09262637953035324,-7.116444519719842,-5.179217338562012,-0.0,0.4227205848825888,4.0,0.2649410504486016,0.19907691412849043,0.5432390039249008,1146,1400,5,30.417879015943825,dumbbell,5,0,D,pca_denoise
-0.013883103112775448,-0.09630970013335315,0.051437051021917576,-7.109587146440564,-5.026185035705566,-0.0625,0.478810157068374,5.0,0.25933920019127643,0.22535110568067213,0.5619347233508944,656,1400,5,32.87920687152628,dumbbell,5,0,D,pca_denoise
-0.024047213327719277,-0.01738901301939006,-0.006154907744177771,-7.082518704786835,-4.567620277404785,-0.125,0.15911361635195212,1.0,0.23392460342782112,0.25003236925989203,0.6384077895677397,371,1400,5,34.93024350368683,dumbbell,5,0,D,pca_denoise
-0.06282246787534884,-0.12706440419458892,0.10988409623824383,-7.119996839993753,-4.927252769470215,-0.0625,0.27597284070205824,3.0,0.2561464038026826,0.21745233228213398,0.5709708781119948,1399,1400,5,37.50867041004193,dumbbell,5,0,D,pca_denoise
-0.08305334575698264,-0.18880234591375986,0.11266640793542079,-7.136407862190171,-5.490516662597656,-0.0625,0.356578300501838,3.0,0.28616545986055475,0.2054833765655549,0.5191870945888631,1032,1400,5,39.94204071714431,dumbbell,5,0,D,pca_denoise
-0.011756954132946976,-0.0751544532351623,0.07328844698470635,-7.1201036082219495,-5.247283935546875,-0.0,0.25713458234445397,5.0,0.26842202734987675,0.19991508467877922,0.5463311431708268,158,1400,5,41.70666760573813,dumbbell,5,0,D,pca_denoise
-0.05348255219242107,-0.1149916448401172,-0.032993034815311434,-7.1095715704098446,-5.058206558227539,-0.25,0.1008033365267528,1.0,0.2639557074671456,0.2364972873725722,0.5937984225601549,1071,1400,5,43.37483662264934,dumbbell,5,0,D,pca_denoise
-0.024469395804626752,-0.02204752321337036,-0.09490517469239684,-7.094932423999259,-4.430683135986328,-0.375,0.2885168163201866,4.0,0.24395028238104113,0.25860206288331716,0.678847395052974,1219,1400,5,45.23724507872123,dumbbell,5,0,D,pca_denoise
-0.005454247571430994,-0.07193513554573709,0.044726916487244486,-7.1140353513363905,-5.036309242248535,-0.0,0.25725989049427894,2.0,0.2686238087327574,0.2228236007578867,0.5989487673830771,388,1400,5,46.655189345072365,dumbbell,5,0,D,pca_denoise
-0.03503642852514431,-0.07523122682520479,0.023762492969370615,-7.128273317907598,-5.002906799316406,-0.5625,0.28964751589668636,3.0,0.26683222689766994,0.23347056053422782,0.6076608584901555,1373,1400,5,47.81255722327232,dumbbell,5,0,D,pca_denoise
-0.021352645873708727,-0.0977796075819431,0.09480032557149784,-7.112928564973505,-5.372847557067871,-0.0,0.2526481575275764,2.0,0.2796181299537207,0.20044367938255986,0.5180714571888305,580,1400,5,48.94985583734614,dumbbell,5,0,D,pca_denoise
-0.09254058010773014,-0.09745602234870215,0.021409797109904365,-7.111195703872687,-5.0046772956848145,-0.1875,0.13371750889997774,1.0,0.2567552412093187,0.20474620774437732,0.5699062149760776,228,1400,5,50.09299982678168,dumbbell,5,0,D,pca_denoise
0.020121452018297372,-0.02624008200252568,0.035533423364277866,-7.031336584085437,-3.0629079341888428,-0.0,0.7830030932865344,4.0,0.14923629231385463,0.3602331208647786,0.7888073783927181,421,1400,5,51.01762680425846,dumbbell,5,0,D,pca_denoise
0.0060115168135985156,-0.015417780915767128,0.019146857940728387,-7.113664390121048,-4.788381576538086,-0.125,0.4419063402388198,3.0,0.2618565934961848,0.25092833647423546,0.6296053276228343,51,1400,5,51.73309924448142,dumbbell,5,0,D,pca_denoise
-0.19415729057160863,-0.21671386780156515,0.15106389069437975,-7.130109942469666,-5.258769512176514,-0.0,0.4343381623975679,2.0,0.282423823956123,0.2199055830609693,0.550602202173283,619,1400,5,52.21879784472452,dumbbell,5,0,D,pca_denoise
-0.0190497744825915,-0.006097312330530881,-0.07733185321107622,-7.0839682419352945,-4.3610992431640625,-0.0625,0.3179414242505103,4.0,0.23618918090408966,0.23475704231898736,0.6712125541936892,503,1400,5,52.49937845416367,dumbbell,5,0,D,pca_denoise
-0.05877422643718864,-0.10430826480333828,0.0305287638907566,-7.127679095910056,-5.153982162475586,-0.625,0.22658167812199484,3.0,0.2651410460572142,0.22209845441290968,0.5717706651281588,1020,1400,5,52.621398144179125,dumbbell,5,0,D,pca_denoise
-0.0007853801364946148,-0.0006108153459714931,0.014396446805200773,-6.893104086044824,-5.76244592666626,-0.0,0.035815384118094165,6.0,0.17692238111851316,0.09896946175935085,0.24963883309018942,208,1400,5,-18.649853427823356,dumbbell,5,0,D,diffdist_t4
-0.00044021783530239086,-0.00022928556688169574,0.008604791326088875,-6.631066915601357,-4.714035987854004,-0.0,0.1187563273889568,6.0,0.1546678598820393,0.12642950308806908,0.4090362078728939,362,1400,5,-12.074076382063264,dumbbell,5,0,D,diffdist_t4
-0.00015565582875759937,-8.605364466380235e-05,0.022132586909631186,-5.809464507419802,-3.9349372386932373,-0.0,0.3600354450664075,6.0,0.1703674056961206,0.1815076014574707,0.6390830907460279,1088,1400,5,2.2962247736213577,dumbbell,5,0,D,diffdist_t4
-0.0005491535508326302,-0.0003026446356739553,0.00933386414180809,-6.6547728027260735,-5.352252006530762,-0.0,0.02278365329438818,6.0,0.1749809999182359,0.10253609352247817,0.30703787285825007,915,1400,5,16.512424390223224,dumbbell,5,0,D,diffdist_t4
-0.0010643024590069586,-0.0005148047277866288,0.01923839252234854,-6.740793302744193,-5.8478875160217285,-0.0625,-0.026069630494479537,6.0,0.16026200972609073,0.08167264217549995,0.22141987040818742,762,1400,5,21.74911536245209,dumbbell,5,0,D,diffdist_t4
-8.815782955778168e-05,-6.601371700853049e-05,0.003718367819110775,-5.809939383706356,-3.43681001663208,-0.0,0.42711884195463723,6.0,0.1286569027736374,0.20342241800543237,0.7273220462759344,333,1400,5,24.40076392053056,dumbbell,5,0,D,diffdist_t4
-0.00017626590482141576,-0.00013572595594181353,0.012069425183498374,-6.369762165703152,-4.105371475219727,-0.0,0.5023292190055013,6.0,0.14308681693660877,0.21982032517106218,0.5072780157697324,509,1400,5,26.972586419979983,dumbbell,5,0,D,diffdist_t4
-0.0002480692347238229,-0.00015089994409713537,0.018370616075856532,-6.298451043069405,-4.949226379394531,-0.0,0.37744669537190473,6.0,0.16204936056800362,0.12312327009244446,0.37272472267259416,1146,1400,5,30.417879015943825,dumbbell,5,0,D,diffdist_t4
-0.0004754184823267691,-0.0002693766593841756,-0.003297828962362182,-6.624408194218046,-5.177277565002441,-0.0,0.11913127880080947,6.0,0.16523755024649844,0.09600102262477311,0.3230670175464762,656,1400,5,32.87920687152628,dumbbell,5,0,D,diffdist_t4
-0.0002645591912335514,-0.00014165354622552352,0.013214517953605712,-6.199327303478106,-4.478532314300537,-0.0625,0.17847121612015554,6.0,0.17051200489649276,0.16480215415474495,0.483444106092253,371,1400,5,34.93024350368683,dumbbell,5,0,D,diffdist_t4
-0.0006486239618431196,-0.00039630063019738157,0.03207518969842525,-6.65529210863801,-5.371154308319092,-0.0,0.22064869887400462,6.0,0.15218239482239596,0.08618512383287218,0.3039724886674396,1399,1400,5,37.50867041004193,dumbbell,5,0,D,diffdist_t4
-0.0006231059553297552,-0.00039461310581783977,0.021759796153946815,-6.505938648540985,-5.498903751373291,-0.0,0.24835312033140278,6.0,0.15636796821720744,0.08438264670123512,0.26878641854979635,1032,1400,5,39.94204071714431,dumbbell,5,0,D,diffdist_t4
-0.0007568789985641893,-0.0004480898431601057,0.0192625200029823,-6.622268359594793,-5.573096752166748,-0.0,0.10977679545409923,6.0,0.15729221870872578,0.08873191087511366,0.25789527099747395,158,1400,5,41.70666760573813,dumbbell,5,0,D,diffdist_t4
-0.0003846338736496695,-0.0001850006167384808,0.00573180584239259,-6.473245249281565,-4.672479629516602,-0.0,0.07101089410035076,6.0,0.1553425030696082,0.11093144840810934,0.4075868838856085,1071,1400,5,43.37483662264934,dumbbell,5,0,D,diffdist_t4
-0.0002958980532923075,-0.00018341501373322412,0.003870337667951286,-6.506008559501144,-4.364213943481445,-0.0,0.16993593470825574,6.0,0.1640768516614729,0.15072153937342014,0.45471064077130574,1219,1400,5,45.23724507872123,dumbbell,5,0,D,diffdist_t4
-0.0008263373850149475,-0.00044652568151771143,0.014757862452927976,-6.736849791988293,-5.691490650177002,-0.0,0.012609768952824896,6.0,0.16277272150376149,0.08342786282649135,0.25091306773224725,388,1400,5,46.655189345072365,dumbbell,5,0,D,diffdist_t4
-0.0009004678630466393,-0.00048621451597631864,0.016921960325922483,-6.719201033360283,-5.8603515625,-0.1875,-0.013864982651633592,6.0,0.1670271138954163,0.07636474832866119,0.2253860072274819,1373,1400,5,47.81255722327232,dumbbell,5,0,D,diffdist_t4
-0.00020800160275590238,-0.0001676856882748566,0.027956453226850128,-6.334716743216633,-4.83395528793335,-0.0,0.4582204048386755,6.0,0.1555492308166596,0.12302095791152347,0.410918375996603,580,1400,5,48.94985583734614,dumbbell,5,0,D,diffdist_t4
-0.0003043081160827564,-0.00021442574082557511,0.016623601461787957,-6.541301786114591,-4.405971527099609,-0.0,0.17381928730961488,6.0,0.12739925644508643,0.11668334812102907,0.44747429136321315,228,1400,5,50.09299982678168,dumbbell,5,0,D,diffdist_t4
-5.0155496440473314e-05,-3.7606443917727195e-05,0.01732767021044902,-5.341629646522206,-2.976494073867798,-0.0,0.6015810655190166,6.0,0.1430428238909357,0.28508403843471086,1.2902969397373159,421,1400,5,51.01762680425846,dumbbell,5,0,D,diffdist_t4
-0.0009015545671642787,-0.0004453910668169041,0.017976364339893493,-6.682138393897706,-5.675232410430908,-0.0,0.03443111726315455,6.0,0.1612694006319125,0.08232774394091982,0.2521675057650461,51,1400,5,51.73309924448142,dumbbell,5,0,D,diffdist_t4
-0.00060311466322909,-0.0003851651172510438,0.03263621957572206,-6.7031287998290345,-5.329010963439941,-0.0,0.17045799826479832,6.0,0.15497296699489876,0.0839403615127576,0.31517371321636756,619,1400,5,52.21879784472452,dumbbell,5,0,D,diffdist_t4
-0.0003845189675612458,-0.000235755911700993,0.008861922722660998,-6.656837775854029,-4.798524856567383,-0.0,0.164566408220281,6.0,0.16988704681072764,0.14260639036900846,0.39906308991026807,503,1400,5,52.49937845416367,dumbbell,5,0,D,diffdist_t4
-0.0004985277590574031,-0.0003606978873962539,0.007384674207362057,-6.842955672918329,-5.553239822387695,-0.0,-0.06063640593050168,6.0,0.1823691969411655,0.12111371841344105,0.3168390480330283,1020,1400,5,52.621398144179125,dumbbell,5,0,D,diffdist_t4
-5.2117115259860645e-08,-2.379175947959528e-08,-0.00035317477079621195,-6.2600345628869505,-5.614120006561279,-0.0,0.09270704686491663,6.0,0.10482190535837789,0.0391756791950618,0.16785018728590043,208,1400,5,-18.649853427823356,dumbbell,5,0,D,diffdist_t8
-3.0007061438856487e-08,-1.4439088389199605e-08,0.017777182745378872,-6.034768515161959,-4.918968677520752,-0.0,0.4524803033382333,6.0,0.10402779427166536,0.05342127920475131,0.26278050790328655,362,1400,5,-12.074076382063264,dumbbell,5,0,D,diffdist_t8
-5.283677086198511e-09,-2.2091142371250555e-09,0.01280192637298107,-5.2884615960811665,-3.974329710006714,-0.0625,0.09135412393606543,6.0,0.10582458289721713,0.1019798751706144,0.5802374859144035,1088,1400,5,2.2962247736213577,dumbbell,5,0,D,diffdist_t8
-3.2838728530531516e-08,-1.9385350565699636e-08,0.012259703573764505,-6.338958199996592,-5.826332092285156,-0.0,0.20935757826971677,6.0,0.1248723218339216,0.052750067422764696,0.1813441276956598,915,1400,5,16.512424390223224,dumbbell,5,0,D,diffdist_t8
-4.11294547671976e-08,-2.5867207096576773e-08,0.018135500262553117,-6.2992927762196835,-5.838263988494873,-0.0,0.11961934304217024,6.0,0.1061482617487601,0.03707507355508458,0.13457974226016972,762,1400,5,21.74911536245209,dumbbell,5,0,D,diffdist_t8
-5.011124911081742e-09,-2.162939742607739e-09,0.013965723200826957,-5.30473516136341,-3.903319835662842,-0.1875,0.1864511314518374,6.0,0.0976879345854685,0.12293534485441796,0.5821300167114588,333,1400,5,24.40076392053056,dumbbell,5,0,D,diffdist_t8
-8.038226927385067e-09,-4.8718402606584365e-09,0.022540515995494385,-5.6249095658932555,-4.984795570373535,-0.3125,0.4135302461754888,6.0,0.14332272512906652,0.12482328877361204,0.29188823525919166,509,1400,5,26.972586419979983,dumbbell,5,0,D,diffdist_t8
-8.186758912744949e-09,-4.9121999199949005e-09,0.011648905817481235,-5.462812826053799,-4.865194320678711,-0.0,0.23141219309180472,6.0,0.10914968732476132,0.06428732053023664,0.2709617562562119,1146,1400,5,30.417879015943825,dumbbell,5,0,D,diffdist_t8
-2.772393775981955e-08,-1.782644244982983e-08,0.018254891876221927,-6.350411542410752,-5.814234256744385,-0.0,0.21750268639746223,6.0,0.12859173706985022,0.06267548801519283,0.19394691354409527,656,1400,5,32.87920687152628,dumbbell,5,0,D,diffdist_t8
-1.2121641715465658e-08,-5.222780409860116e-09,0.004784310354203761,-5.700332799270404,-4.391467571258545,-0.0,0.11958095371523841,6.0,0.10966129901441654,0.07917369142514014,0.3916605762065633,371,1400,5,34.93024350368683,dumbbell,5,0,D,diffdist_t8
-3.704638003251722e-08,-1.986894626310259e-08,0.015300277973568288,-6.2928722896643245,-5.774438381195068,-0.0,0.19762748319808837,6.0,0.12012307030928715,0.0511938826249612,0.17907312085131835,1399,1400,5,37.50867041004193,dumbbell,5,0,D,diffdist_t8
-3.535910699687863e-08,-2.1097064186155406e-08,0.012725615262483461,-6.108084438432138,-5.61332893371582,-0.0625,0.12560304510637693,6.0,0.10857553614354923,0.048215038017612455,0.17001010840877592,1032,1400,5,39.94204071714431,dumbbell,5,0,D,diffdist_t8
-4.15721414142146e-08,-2.254995266656473e-08,0.015528318080924487,-6.2538291737597405,-5.7893571853637695,-0.0,0.14755301636499424,6.0,0.11292193909156828,0.04294228987302747,0.14914834242430133,158,1400,5,41.70666760573813,dumbbell,5,0,D,diffdist_t8
-2.210673354340752e-08,-8.216450114891177e-09,0.011731631367894664,-5.89085385038832,-4.656595230102539,-0.0,0.04446346008548946,6.0,0.10848788043173062,0.07567712868521993,0.3212042760312442,1071,1400,5,43.37483662264934,dumbbell,5,0,D,diffdist_t8
-1.7358308087965686e-08,-8.162616561315532e-09,0.0073221994304687454,-5.922210986263267,-4.6086106300354,-0.0,0.4876937410837958,6.0,0.11289245446869188,0.07906591075538248,0.32648880298206034,1219,1400,5,45.23724507872123,dumbbell,5,0,D,diffdist_t8
-4.4775681069674506e-08,-2.2555824565595316e-08,0.012926872325819714,-6.343845077202992,-5.858431816101074,-0.0,0.13437955487142805,6.0,0.11658152928114573,0.045730274508069435,0.14487031370210096,388,1400,5,46.655189345072365,dumbbell,5,0,D,diffdist_t8
-4.366867538450041e-08,-2.3007514441639257e-08,0.012531766332588401,-6.2859276018543255,-5.817266464233398,-0.0,0.12397469105950364,6.0,0.10786402399657018,0.037628331763582885,0.13216711825474903,1373,1400,5,47.81255722327232,dumbbell,5,0,D,diffdist_t8
-1.1356637643841437e-08,-5.9818499685925944e-09,0.01846196791956964,-5.583571209283394,-5.015944957733154,-0.125,0.14465182463230433,6.0,0.11306364365238464,0.06350967532690922,0.2620579048981133,580,1400,5,48.94985583734614,dumbbell,5,0,D,diffdist_t8
-1.7794863174164943e-08,-1.0066847914072395e-08,0.007209809417883933,-5.918106882633087,-4.68419075012207,-0.0,0.194929979902443,6.0,0.10161580654124035,0.06379931300143188,0.3165622089244424,228,1400,5,50.09299982678168,dumbbell,5,0,D,diffdist_t8
-1.092923588453201e-09,-7.064861850871927e-10,0.0012245568709150863,-4.412167576665169,-2.8745739459991455,-0.0,0.5873703681988989,6.0,0.10683117354000153,0.1737981710704115,1.4283649113308505,421,1400,5,51.01762680425846,dumbbell,5,0,D,diffdist_t8
-5.294284594362317e-08,-2.6215408626971698e-08,0.015304875496490967,-6.305425812668328,-5.806375980377197,-0.0,0.1848688563937,6.0,0.10903959004727268,0.04124928033670509,0.13892503236893783,51,1400,5,51.73309924448142,dumbbell,5,0,D,diffdist_t8
-3.809974670268078e-08,-2.4439634461770257e-08,0.01953867939338073,-6.275900968592077,-5.687164306640625,-0.0,0.17843170948633524,6.0,0.11716315634093931,0.043839451713876244,0.17525478261186514,619,1400,5,52.21879784472452,dumbbell,5,0,D,diffdist_t8
-2.547719676166588e-08,-1.7426846049499767e-08,0.019357775087795202,-6.093387154562857,-5.0844502449035645,-0.0,0.41410549287830817,6.0,0.11752420649029056,0.07421739942559816,0.23705402793422745,503,1400,5,52.49937845416367,dumbbell,5,0,D,diffdist_t8
-3.49847312286279e-08,-1.9192175023804313e-08,0.008500805956959307,-6.225940160425537,-5.545114517211914,-0.0,0.11437081414485312,6.0,0.11553343346142604,0.048032724422586486,0.18373931901075422,1020,1400,5,52.621398144179125,dumbbell,5,0,D,diffdist_t8
-8.824677498377637,-15.53769272159368,0.0,-7.158278666053057,-3.8655791456676525e-08,-0.0,1.0,1.0,0.0,0.9876520200401187,0.9925094179190489,208,1400,5,-18.649853427823356,dumbbell,5,0,D,heatgeo_t
-8.471079011390385,-14.219456258139521,0.0,-7.1582783472076486,-3.8655791456676525e-08,-0.0,1.0,1.0,0.0,0.9855129655856913,0.9910439186618273,362,1400,5,-12.074076382063264,dumbbell,5,0,D,heatgeo_t
-8.77806297852545,-15.065427581581854,0.0,-7.158276254594913,-3.8655791456676525e-08,-0.0,1.0,2.0,0.0,0.9735442717625012,0.9828204988005229,1088,1400,5,2.2962247736213577,dumbbell,5,0,D,heatgeo_t
-9.14501855894182,-16.355632999251895,0.0,-7.158277733057419,-3.8655791456676525e-08,-0.0,1.0,2.0,0.0,0.9820143824679737,0.9892010695239685,915,1400,5,16.512424390223224,dumbbell,5,0,D,heatgeo_t
-9.099617271971047,-16.24659106003005,0.0,-7.158278491406524,-3.8655791456676525e-08,-0.0,1.0,2.0,0.0,0.9869493562055089,0.9916801872561706,762,1400,5,21.74911536245209,dumbbell,5,0,D,heatgeo_t
-8.768207561388744,-14.426350266500506,0.0,-7.158275349177831,-3.8655791456676525e-08,-0.0,1.0,1.0,0.0,0.9675201436209317,0.9820033202332813,333,1400,5,24.40076392053056,dumbbell,5,0,D,heatgeo_t
-9.534602478086919,-17.69920846728179,0.0,-7.158277129781245,-3.8655791456676525e-08,-0.0,1.0,1.0,0.0,0.9798149571428851,0.9866296387149956,509,1400,5,26.972586419979983,dumbbell,5,0,D,heatgeo_t
-9.191723797974918,-16.618585753667865,0.0,-7.158277793694932,-3.8655791456676525e-08,-0.0,1.0,1.0,0.0,0.983005884971747,0.9890726135432986,1146,1400,5,30.417879015943825,dumbbell,5,0,D,heatgeo_t
-9.070521085840555,-15.769497172689404,0.0,-7.158277558297064,-3.8655791456676525e-08,-0.0,1.0,1.0,0.0,0.9807163197690222,0.9882280594313927,656,1400,5,32.87920687152628,dumbbell,5,0,D,heatgeo_t
-8.609975323354824,-14.757702433852444,0.0,-7.158276860485391,-3.8655791456676525e-08,-0.0,1.0,2.0,0.0,0.9762908083576415,0.9854167170478446,371,1400,5,34.93024350368683,dumbbell,5,0,D,heatgeo_t
-9.329881158064394,-17.193163897797266,0.0,-7.158277879695415,-3.8655791456676525e-08,-0.0,1.0,1.0,0.0,0.9832484173442222,0.9894964524992401,1399,1400,5,37.50867041004193,dumbbell,5,0,D,heatgeo_t
-9.317553475608884,-17.054767612814338,0.0,-7.158278210568541,-3.8655791456676525e-08,-0.0,1.0,1.0,0.0,0.985448428507863,0.9907909432806042,1032,1400,5,39.94204071714431,dumbbell,5,0,D,heatgeo_t
-9.079122189766009,-16.41044754950326,0.0,-7.158278311623805,-3.8655791456676525e-08,-0.0,1.0,2.0,0.0,0.9858310578296019,0.990144818195533,158,1400,5,41.70666760573813,dumbbell,5,0,D,heatgeo_t
-8.83003215919598,-14.637596129782835,0.0,-7.1582780648287585,-3.8655791456676525e-08,-0.0,1.0,2.0,0.0,0.9836815324516133,0.9899355333847324,1071,1400,5,43.37483662264934,dumbbell,5,0,D,heatgeo_t
-8.425396764858721,-13.739257343030864,0.0,-7.158277236574989,-3.8655791456676525e-08,-0.0,1.0,2.0,0.0,0.9783138763932056,0.988274999465236,1219,1400,5,45.23724507872123,dumbbell,5,0,D,heatgeo_t
-9.065458320439573,-16.17882881210556,0.0,-7.158278071703208,-3.8655791456676525e-08,-0.0,1.0,1.0,0.0,0.9837803115376368,0.9908954033639706,388,1400,5,46.655189345072365,dumbbell,5,0,D,heatgeo_t
-8.941509524000928,-15.650433420544461,0.0,-7.158278423260771,-3.8655791456676525e-08,-0.0,1.0,1.0,0.0,0.9864166708907147,0.991763240227721,1373,1400,5,47.81255722327232,dumbbell,5,0,D,heatgeo_t
-9.230588244454026,-16.38684012163269,0.0,-7.1582775250741175,-3.8655791456676525e-08,-0.0,1.0,1.0,0.0,0.981443809017524,0.9876988071980775,580,1400,5,48.94985583734614,dumbbell,5,0,D,heatgeo_t
-8.857495261063733,-15.189623468146117,0.0,-7.158278082817583,-3.8655791456676525e-08,-0.0,1.0,1.0,0.0,0.9841763927821102,0.9898288430179646,228,1400,5,50.09299982678168,dumbbell,5,0,D,heatgeo_t
-8.776101809262416,-14.722136652516754,0.0,-7.158274568296029,-3.8655791456676525e-08,-0.0,1.0,1.0,0.0,0.9642619006285919,0.9779963695348087,421,1400,5,51.01762680425846,dumbbell,5,0,D,heatgeo_t
-8.891385317532317,-16.015116507650347,0.0,-7.158278070242078,-3.8655791456676525e-08,-0.0,1.0,3.0,0.0,0.9840371054150189,0.9901454624247371,51,1400,5,51.73309924448142,dumbbell,5,0,D,heatgeo_t
-9.573228076612882,-17.65037891264204,0.0,-7.15827794622321,-3.8655791456676525e-08,-0.0,1.0,3.0,0.0,0.9837005948704519,0.9895464782542062,619,1400,5,52.21879784472452,dumbbell,5,0,D,heatgeo_t
-8.70254976184821,-14.474028862374455,0.0,-7.158277823943865,-3.8655791456676525e-08,-0.0,1.0,1.0,0.0,0.981981660919003,0.9894751853545176,503,1400,5,52.49937845416367,dumbbell,5,0,D,heatgeo_t
-8.997301444611113,-15.329754870665175,0.0,-7.158278306815548,-3.8655791456676525e-08,-0.0,1.0,2.0,0.0,0.9853182504312096,0.991349324351023,1020,1400,5,52.621398144179125,dumbbell,5,0,D,heatgeo_t
-8.649116432940808,-15.00880428980303,0.0,-7.158278494260978,-3.8655791456676525e-08,-0.0,1.0,1.0,0.0,0.9863230427460369,0.9917061347669271,208,1400,5,-18.649853427823356,dumbbell,5,0,D,heatgeo_4t
-8.269353621877663,-13.640408889717687,0.0,-7.158278138242672,-3.8655791456676525e-08,-0.0,1.0,1.0,0.0,0.9839505417088853,0.9900812236742305,362,1400,5,-12.074076382063264,dumbbell,5,0,D,heatgeo_4t
-8.592623179935961,-14.503689797496438,0.0,-7.158275791282521,-3.8655791456676525e-08,-0.0,0.9999999999999999,2.0,0.0,0.9706658101686643,0.9809638154619355,1088,1400,5,2.2962247736213577,dumbbell,5,0,D,heatgeo_4t
-8.990798045876694,-15.856316612357734,0.0,-7.158277451500931,-3.8655791456676525e-08,-0.0,1.0,2.0,0.0,0.9800699864972616,0.9880394467579245,915,1400,5,16.512424390223224,dumbbell,5,0,D,heatgeo_4t
-8.943382676834904,-15.746035834749499,0.0,-7.15827829910587,-3.8655791456676525e-08,-0.0,1.0,2.0,0.0,0.9855440469620546,0.9907874725251794,762,1400,5,21.74911536245209,dumbbell,5,0,D,heatgeo_4t
-8.580888581151875,-13.843578542468249,0.0,-7.158274770603855,-3.8655791456676525e-08,-0.0,1.0,1.0,0.0,0.9639714387924422,0.9800574229942833,333,1400,5,24.40076392053056,dumbbell,5,0,D,heatgeo_4t
-9.41155994844797,-17.270334952184506,0.0,-7.158276774876598,-3.8655791456676525e-08,-0.0,0.9999999999999999,1.0,0.0,0.977629508144987,0.985188860936228,509,1400,5,26.972586419979983,dumbbell,5,0,D,heatgeo_4t
-9.041167899121325,-16.13159474263828,0.0,-7.15827751896258,-3.8655791456676525e-08,-0.0,1.0,1.0,0.0,0.9811704351845132,0.9878971991799134,1146,1400,5,30.417879015943825,dumbbell,5,0,D,heatgeo_4t
-8.909963757465118,-15.242928058102555,0.0,-7.15827725584418,-3.8655791456676525e-08,-0.0,1.0,1.0,0.0,0.9786296186949772,0.9869614665969432,656,1400,5,32.87920687152628,dumbbell,5,0,D,heatgeo_4t
-8.414456928763425,-14.18716343866436,0.0,-7.158276472723218,-3.8655791456676525e-08,-0.0,1.0,2.0,0.0,0.9737161795945457,0.9838420049493561,371,1400,5,34.93024350368683,dumbbell,5,0,D,heatgeo_4t
-9.190302368279456,-16.736221221375125,0.0,-7.158277615436621,-3.8655791456676525e-08,-0.0,1.0,1.0,0.0,0.9814393188366475,0.9883673239072661,1399,1400,5,37.50867041004193,dumbbell,5,0,D,heatgeo_4t
-9.177332436632359,-16.59142549722469,0.0,-7.158277985198765,-3.8655791456676525e-08,-0.0,1.0,1.0,0.0,0.9838793031307599,0.9898021797416725,1032,1400,5,39.94204071714431,dumbbell,5,0,D,heatgeo_4t
-8.92064622129299,-15.914629804370257,0.0,-7.158278098214868,-3.8655791456676525e-08,-0.0,1.0,2.0,0.0,0.9843037375377669,0.9890850981920472,158,1400,5,41.70666760573813,dumbbell,5,0,D,heatgeo_4t
-8.651246822688215,-14.06924491509506,0.0,-7.158277822534673,-3.8655791456676525e-08,-0.0,1.0,2.0,0.0,0.9819186550207847,0.9888519883818198,1071,1400,5,43.37483662264934,dumbbell,5,0,D,heatgeo_4t
-8.220612996924755,-13.14940145938844,0.0,-7.1582768953256695,-3.8655791456676525e-08,-0.0,0.9999999999999999,2.0,0.0,0.9759631872676147,0.9870132324493647,1219,1400,5,45.23724507872123,dumbbell,5,0,D,heatgeo_4t
-8.905636788585202,-15.672145304097455,0.0,-7.158277830572583,-3.8655791456676525e-08,-0.0,1.0,1.0,0.0,0.9820292681810737,0.9899175713781158,388,1400,5,46.655189345072365,dumbbell,5,0,D,heatgeo_4t
-8.773784777517482,-15.124783526988221,0.0,-7.158278223023862,-3.8655791456676525e-08,-0.0,1.0,1.0,0.0,0.9849529855792635,0.9908793365808901,1373,1400,5,47.81255722327232,dumbbell,5,0,D,heatgeo_4t
-9.082546773607234,-15.888074908856685,0.0,-7.15827721810677,-3.8655791456676525e-08,-0.0,1.0,1.0,0.0,0.9794365946341682,0.9863748213484769,580,1400,5,48.94985583734614,dumbbell,5,0,D,heatgeo_4t
-8.682083753293421,-14.641779133586892,0.0,-7.158277842545127,-3.8655791456676525e-08,-0.0,1.0,1.0,0.0,0.9824684098670415,0.9887350226199673,228,1400,5,50.09299982678168,dumbbell,5,0,D,heatgeo_4t
-8.58865743365277,-14.144651686005213,0.0,-7.158273887864502,-3.8655791456676525e-08,-0.0,1.0,3.0,0.0,0.960346642809527,0.9756075870178792,421,1400,5,51.01762680425846,dumbbell,5,0,D,heatgeo_4t
-8.718423892841304,-15.500966177187136,0.0,-7.15827782869979,-3.8655791456676525e-08,-0.0,0.9999999999999999,3.0,0.0,0.9823141078042161,0.9890861644920319,51,1400,5,51.73309924448142,dumbbell,5,0,D,heatgeo_4t
-9.453618974767265,-17.218987004668758,0.0,-7.158277689852836,-3.8655791456676525e-08,-0.0,1.0,3.0,0.0,0.981941095050923,0.9884223914207529,619,1400,5,52.21879784472452,dumbbell,5,0,D,heatgeo_4t
-8.51562764875966,-13.903046740845435,0.0,-7.1582775535018595,-3.8655791456676525e-08,-0.0,1.0,1.0,0.0,0.9800338963717161,0.9883432619236103,503,1400,5,52.49937845416367,dumbbell,5,0,D,heatgeo_4t
-8.833523133381394,-14.79170737731171,0.0,-7.158278093357856,-3.8655791456676525e-08,-0.0,1.0,2.0,0.0,0.9837351919442715,0.9904207920961305,1020,1400,5,52.621398144179125,dumbbell,5,0,D,heatgeo_4t
-0.021429992890963232,-0.025185391950504347,-0.17358665527381184,-7.101210672596897,-4.839998245239258,-0.875,0.2505800417489159,2.0,0.24780926504385883,0.25006361979855174,0.6281938138649003,208,1400,5,-18.649853427823356,dumbbell,5,0,D,fb_potential
-0.003282799785491583,-0.012783265793838828,0.0893141075892904,-7.075428833314075,-4.951903820037842,-0.0625,0.3715965992369842,2.0,0.2509581190450738,0.21441058147607622,0.5685387944285107,362,1400,5,-12.074076382063264,dumbbell,5,0,D,fb_potential
0.010324433201013715,-0.004805729672764692,0.09515707968802103,-6.99455582509802,-4.844037055969238,-0.0,0.45359274616868317,4.0,0.23936492012192512,0.16777650414268447,0.5067853488070645,1088,1400,5,2.2962247736213577,dumbbell,5,0,D,fb_potential
0.00806045001474778,-0.007683380559866137,0.11758756413296415,-7.081804251048514,-5.368934631347656,-0.0,0.39729512706525627,2.0,0.2718288805072885,0.19302525096158693,0.5014710637935443,915,1400,5,16.512424390223224,dumbbell,5,0,D,fb_potential
-7.610400052461753e-05,-0.027914397410082344,0.11421588318184693,-7.1015507252479395,-5.3508076667785645,-0.1875,0.294728454285313,2.0,0.2743906440427375,0.21709021600867356,0.5641196356958592,762,1400,5,21.74911536245209,dumbbell,5,0,D,fb_potential
-0.013749002887832646,0.00041935701323703124,0.04615897370062916,-7.008769902227595,-4.807423114776611,-0.0,0.40259059033864386,2.0,0.22765550767231352,0.1539366143877326,0.49062857691395145,333,1400,5,24.40076392053056,dumbbell,5,0,D,fb_potential
-0.14079035715241547,-0.1776512950873572,0.04463522201776801,-7.08159678182864,-5.322304725646973,-0.0,0.29100363285529374,1.0,0.23954023159201032,0.16305490044465107,0.3702555119961032,509,1400,5,26.972586419979983,dumbbell,5,0,D,fb_potential
-0.03542510246102956,-0.0413232988963733,0.05283922220475708,-7.084397947080129,-5.417278289794922,-0.0625,0.3119079761976279,4.0,0.27407518067904363,0.17488944687999797,0.47800529132342556,1146,1400,5,30.417879015943825,dumbbell,5,0,D,fb_potential
0.01097952108755186,-0.025356736438986508,0.11160740364373792,-7.064422804283014,-5.208249568939209,-0.0,0.5198936574668871,1.0,0.2568623300589814,0.1825575998751403,0.4825482422845719,656,1400,5,32.87920687152628,dumbbell,5,0,D,fb_potential
-0.000981375724799053,-0.0015933399102463117,0.06937432345610658,-7.035441216578324,-5.189462184906006,-0.0,0.3083240466486818,2.0,0.2637530933549087,0.18850042509850573,0.4704603670822268,371,1400,5,34.93024350368683,dumbbell,5,0,D,fb_potential
-0.0838851036845342,-0.085816078496695,0.09533953582187846,-7.061362589822492,-5.030841827392578,-0.0,0.4930819728781166,1.0,0.25298771303919304,0.17972452809182418,0.5094460130297699,1399,1400,5,37.50867041004193,dumbbell,5,0,D,fb_potential
-0.02936018977999725,-0.11420256989012154,0.0865555637832246,-7.094196436702963,-5.489163398742676,-0.0,0.407945512773542,2.0,0.27010389018130787,0.17832972510056633,0.46749866658051764,1032,1400,5,39.94204071714431,dumbbell,5,0,D,fb_potential
0.004227699444758371,-0.05100416802014941,0.14139007565314626,-7.078360860987844,-5.224381923675537,-0.0,0.5799774624437535,2.0,0.2784740217046292,0.19273762850731702,0.5203231535942645,158,1400,5,41.70666760573813,dumbbell,5,0,D,fb_potential
0.03508794740430702,0.018923320755730333,0.023965750406355207,-7.058754743280954,-4.791508197784424,-0.1875,0.501340388019285,4.0,0.2546435570278157,0.22438800970293785,0.6181352609547298,1071,1400,5,43.37483662264934,dumbbell,5,0,D,fb_potential
0.04558789208272677,0.012668679198780305,-0.029672873097289977,-7.073154677488928,-4.847911357879639,-0.25,0.253221215781521,5.0,0.2457879580682513,0.22127343542506123,0.5849609471831904,1219,1400,5,45.23724507872123,dumbbell,5,0,D,fb_potential
0.013028316392847366,-0.0366926792613197,0.10684660127004436,-7.063492245522371,-5.174153804779053,-0.0,0.35177523327897114,2.0,0.26153499127085,0.17094921021176476,0.4826475390221583,388,1400,5,46.655189345072365,dumbbell,5,0,D,fb_potential
0.032239159425730766,-0.010526578794262501,0.005928044809634738,-7.0935566110067025,-5.022461414337158,-0.25,0.2847329987110714,4.0,0.2520842230891851,0.2088597780196701,0.5721849286851347,1373,1400,5,47.81255722327232,dumbbell,5,0,D,fb_potential
-0.003365014614635409,-0.013495002775486997,0.0912824902528552,-7.0813580739447275,-5.425860404968262,-0.0,0.4121086484337301,4.0,0.25606392654216287,0.1668994716557392,0.47664052465616336,580,1400,5,48.94985583734614,dumbbell,5,0,D,fb_potential
0.026407144461677943,0.015563140170197868,0.01874631154676148,-7.055745889905236,-4.707304000854492,-0.125,0.4100281908273581,4.0,0.2409405000997935,0.21269738405922198,0.6002816950150323,228,1400,5,50.09299982678168,dumbbell,5,0,D,fb_potential
0.007294200723188786,0.0050279998130523425,0.07958113296213393,-7.003386466801949,-5.112226963043213,-0.0,0.5189209152978915,2.0,0.2470530651220469,0.15261074311657727,0.4568071439244464,421,1400,5,51.01762680425846,dumbbell,5,0,D,fb_potential
0.0014252766592948555,-0.011565016438446304,0.05269828932417187,-7.063020404277635,-4.952961444854736,-0.0,0.3510295841294793,4.0,0.24655593464706987,0.1849144417502274,0.5221595641129914,51,1400,5,51.73309924448142,dumbbell,5,0,D,fb_potential
-0.12187487258779753,-0.09533116816399152,0.12804155959996516,-7.06062281180346,-5.000496864318848,-0.0,0.4207765907348336,1.0,0.27248816574047435,0.1972775273146441,0.5286707003775021,619,1400,5,52.21879784472452,dumbbell,5,0,D,fb_potential
0.03630126079944787,0.028959433620725814,0.04375312637261368,-7.056531748610793,-4.661683082580566,-0.0625,0.32203626615934616,3.0,0.2354995091590873,0.20242607254974324,0.5807690252154001,503,1400,5,52.49937845416367,dumbbell,5,0,D,fb_potential
-0.019761421266682466,-0.020399940915841457,0.0865870025835796,-7.091410934625701,-5.2014970779418945,-0.125,0.41268796061198154,1.0,0.26670663945918843,0.20756383350801436,0.543232698421948,1020,1400,5,52.621398144179125,dumbbell,5,0,D,fb_potential
-0.012269496929357143,-0.012996137810674725,-0.003830484878904422,-7.154867835896192,-4.109607219696045,-1.0,0.47005792643389666,5.0,0.2142592911686041,0.310873557478388,0.5619083636114544,139,1400,5,-18.648436104658742,dumbbell,5,1,A,oracle
-0.0010587264484670043,-0.012495914145628433,0.0020376403966878443,-7.1548178234227695,-4.4002766609191895,-1.0,0.14585816865992887,5.0,0.2315287008414502,0.3200234568870196,0.551400572072775,345,1400,5,-12.713530228899094,dumbbell,5,1,A,oracle
0.017668173216052255,0.0009141370255929432,0.012071243457525641,-7.155022033417028,-4.319042205810547,-0.9375,-0.0917244698239241,5.0,0.23164950084332864,0.3500367946701097,0.5775202747997286,567,1400,5,0.13611110659419884,dumbbell,5,1,A,oracle
0.020364071675663044,0.024819522818053982,0.00980131505870244,-7.152316840008048,-4.515296936035156,-0.125,0.28422774533480183,5.0,0.2563208896029613,0.3243994044246143,0.5560976086347316,957,1400,5,14.993673154711674,dumbbell,5,1,A,oracle
0.051592761620969874,0.07290431912276031,0.03328376210593999,-7.138663743831852,-4.339277744293213,-0.0,0.6557287107955122,5.0,0.23782596058766148,0.33998793538478506,0.5723540882040195,169,1400,5,22.341765314293752,dumbbell,5,1,A,oracle
0.05790070408012076,0.07807736978114266,0.013536010766736082,-7.138594097647648,-4.319519996643066,-0.0,0.26871640726192986,5.0,0.23048637273366324,0.33814109624954297,0.5788969611050414,1368,1400,5,25.02529101920981,dumbbell,5,1,A,oracle
0.060795108351099976,0.08832182175238866,0.01724607480348036,-7.140374040210755,-3.9684431552886963,-0.0,0.6034453575417655,5.0,0.20608317890191147,0.36414903482353844,0.5851917171576443,903,1400,5,27.73849062964975,dumbbell,5,1,A,oracle
0.06683987099536476,0.0949793934101267,0.025033707371042383,-7.1397653074685685,-4.211582660675049,-0.0,0.8435397889501015,5.0,0.2393623810629772,0.31860371635135776,0.6115803829361037,39,1400,5,30.760044039331625,dumbbell,5,1,A,oracle
0.0677441974516577,0.08756163423526149,0.02060354922316237,-7.139618390129315,-4.1687493324279785,-0.0,0.9644332564713387,5.0,0.24185756733866937,0.3314347912310864,0.6116006624518606,140,1400,5,33.12776203089864,dumbbell,5,1,A,oracle
0.05909948292153594,0.05884947911142368,0.016873323012072054,-7.15102171876711,-4.278056621551514,-0.125,0.4316700296215904,5.0,0.23396597436318337,0.32698084288880813,0.5820752427662887,531,1400,5,35.47080421059177,dumbbell,5,1,A,oracle
0.06279080780878894,0.07205969493976938,0.013507811234433405,-7.151214064942932,-4.119129657745361,-0.125,0.42338931211201525,5.0,0.22556772529784275,0.33961064471244806,0.5831456200284498,386,1400,5,37.986850446928834,dumbbell,5,1,A,oracle
0.08579883809544377,0.11086438072662681,0.003936527502857549,-7.145059337281012,-3.1976304054260254,-0.0,0.5869763532126094,5.0,0.1600431951562909,0.38159872969065933,0.6277540254176096,885,1400,5,40.478276188156215,dumbbell,5,1,A,oracle
0.06474234960502104,0.06432233500197136,0.012031407438473894,-7.153245968875613,-3.4342775344848633,-0.3125,0.3792810463682604,5.0,0.17652762980206937,0.38465729631637724,0.6098522437694595,1096,1400,5,42.08098584554245,dumbbell,5,1,A,oracle
0.08129916223447078,0.10714208721824228,0.012253162925971117,-7.145244512774514,-3.542055130004883,-0.0,0.6112295960192861,5.0,0.19314173189772765,0.3664522429545357,0.6100097663506281,1141,1400,5,43.751403288728056,dumbbell,5,1,A,oracle
0.06985850510223279,0.08992467448202297,0.00986268696304445,-7.151618889522196,-4.164349555969238,-0.4375,0.5508077875642832,5.0,0.22388697378520872,0.3527327663996267,0.586349728366543,674,1400,5,45.23916779765625,dumbbell,5,1,A,oracle
0.07868654175742214,0.10260641635726761,0.012306161677456214,-7.141551546592546,-3.8407180309295654,-0.0,0.5638765431880158,5.0,0.1992215944756971,0.3225384031137793,0.6072316108310618,335,1400,5,46.60338607031162,dumbbell,5,1,A,oracle
0.0818754825026676,0.10671783653642943,0.02629324517456913,-7.144513032319273,-3.836617946624756,-0.0,0.7129442024439523,5.0,0.2127616603221113,0.35894137389893,0.6280923463144701,285,1400,5,48.33464711807166,dumbbell,5,1,A,oracle
0.08562345738010914,0.10442501188938125,0.02060045361173668,-7.1450815816188875,-4.125211715698242,-0.0,0.5623386797999126,5.0,0.2208738423717888,0.33922527493162985,0.6133967329958468,1072,1400,5,49.35879749987033,dumbbell,5,1,A,oracle
0.0845260066404749,0.10075746619724067,0.02457702560082283,-7.1480009193181555,-4.145411491394043,-0.0625,0.5206771717805118,5.0,0.20748277883638494,0.36740776126014957,0.5854996831239627,958,1400,5,50.19884762666368,dumbbell,5,1,A,oracle
0.08277487062336597,0.10538988239074444,0.03171604635822037,-7.145773360268832,-3.869734764099121,-0.125,0.5245801351196844,5.0,0.21115579348973135,0.3502684153178033,0.6322396776973497,690,1400,5,51.11692640153936,dumbbell,5,1,A,oracle
0.08647360293656306,0.10620360936005263,0.0019024754309775235,-7.14677091885247,-3.5769786834716797,-0.0625,0.1540959728129518,5.0,0.199125660703168,0.3448124566119918,0.6324596212842303,872,1400,5,51.763859115045385,dumbbell,5,1,A,oracle
0.08263672796116957,0.10376049581276166,0.013469725047098261,-7.147444844513388,-3.7051143646240234,-0.0,0.5661914902595027,5.0,0.2035782357508081,0.3518275611784792,0.6164555158445171,209,1400,5,52.22040232750707,dumbbell,5,1,A,oracle
0.07719625014105341,0.09660587904118494,0.026979149782300045,-7.145379780621879,-4.035005569458008,-0.0625,0.40080578694898217,5.0,0.2101814263256856,0.3138912829780023,0.6194437253702259,1008,1400,5,52.53552591527858,dumbbell,5,1,A,oracle
0.0727196664876412,0.0898773474078988,0.017982316027844582,-7.146492255102032,-3.9676742553710938,-0.0625,0.37767495733863443,5.0,0.22395430999662283,0.3323371295648352,0.6012339094693114,576,1400,5,52.62139560662185,dumbbell,5,1,A,oracle
-0.040848104671357216,-0.07219241194839691,-0.034717783084179804,-7.135159366949749,-4.851229667663574,-1.0,0.3222961635780363,2.0,0.22565348971190557,0.2220256700670342,0.5617150759856379,139,1400,5,-18.648436104658742,dumbbell,5,1,B,plain
-0.027121733523859232,-0.05664495036340077,-0.03631947267710471,-7.134078302451202,-5.1673808097839355,-0.8125,0.41585973572994617,4.0,0.260435084609137,0.2267738013886278,0.5612062829593107,345,1400,5,-12.713530228899094,dumbbell,5,1,B,plain
-0.009077537234067307,-0.028154542452430858,-0.02561178520067861,-7.126128315589595,-5.201744556427002,-0.4375,0.3269473617452533,3.0,0.26624215236607196,0.24678006023857205,0.5826152220739189,567,1400,5,0.13611110659419884,dumbbell,5,1,B,plain
0.05938353669852238,0.04216277914099844,0.05207485615017902,-7.094066017568307,-4.87628173828125,-0.0625,0.266847013475094,5.0,0.26780951823453103,0.2239916551385986,0.588489648094483,957,1400,5,14.993673154711674,dumbbell,5,1,B,plain
0.009612395581842957,0.047081046786877336,0.02633906827170291,-7.0823403882223674,-5.104669094085693,-0.0,0.6237911669483238,4.0,0.26517552257521976,0.24088944290167416,0.5754274853543508,169,1400,5,22.341765314293752,dumbbell,5,1,B,plain
0.019290590439138503,0.02914678662784741,0.04728118834020159,-7.0813674655635115,-5.1903076171875,-0.0,0.7051125054792775,5.0,0.28332397659294145,0.23868663458159076,0.5627963822736687,1368,1400,5,25.02529101920981,dumbbell,5,1,B,plain
-0.002914972833067601,0.03417219120059948,0.00925766468597873,-7.086249829098241,-5.108970642089844,-0.0,0.7410068162190111,1.0,0.2727652304287697,0.2553485195527645,0.588596709919968,903,1400,5,27.73849062964975,dumbbell,5,1,B,plain
0.00482873624914927,0.022451228023351314,0.05043350611617592,-7.080320206534832,-4.907876968383789,-0.0,0.633300515112077,1.0,0.26356342631430185,0.22535360639632346,0.5983764195336456,39,1400,5,30.760044039331625,dumbbell,5,1,B,plain
0.04892777751054583,0.05117373535108075,0.008902407928375074,-7.0644403803195,-4.804620742797852,-0.0,0.7330530765337511,6.0,0.26590676743562786,0.23307920262357354,0.6130690444841143,140,1400,5,33.12776203089864,dumbbell,5,1,B,plain
0.02529251742752356,0.02603147421033158,0.002604592495988812,-7.113458482558109,-5.034018516540527,-0.125,0.49941317480591596,5.0,0.26363688634087173,0.23176352343245024,0.5780546002043091,531,1400,5,35.47080421059177,dumbbell,5,1,B,plain
0.016790791952089233,0.009190801848280567,0.034843782435158954,-7.109606426199459,-5.013115882873535,-0.125,0.24041313519433083,5.0,0.25091300098363867,0.23826455520573755,0.5842688023337492,386,1400,5,37.986850446928834,dumbbell,5,1,B,plain
0.05769413632776561,0.06540097016645499,0.020152338341160064,-7.088704775730107,-4.834779739379883,-0.0,0.48145896989017156,3.0,0.25864065753625026,0.26771638643008117,0.6351643919563665,885,1400,5,40.478276188156215,dumbbell,5,1,B,plain
0.047999582612768946,0.06650806795828133,-0.045597916411582444,-7.112697335372944,-4.9250593185424805,-0.0,0.26276958959426977,4.0,0.26175899052177404,0.2721264739588666,0.6228436816857431,1096,1400,5,42.08098584554245,dumbbell,5,1,B,plain
0.04367588795784781,0.03390118514245676,0.031070044340988777,-7.079943400836522,-4.438920974731445,-0.0,0.6463896031948575,4.0,0.23574965788494395,0.2591392145509877,0.6472851594811768,1141,1400,5,43.751403288728056,dumbbell,5,1,B,plain
0.033372531968635884,0.004662530149912261,0.03578746161901399,-7.107477580856726,-4.971551418304443,-0.125,0.5216112125485913,1.0,0.2667886136923203,0.24379001336130704,0.5924180339116623,674,1400,5,45.23916779765625,dumbbell,5,1,B,plain
0.038816751227514316,0.04718861146412096,0.030019365704244037,-7.074953274129051,-4.587959289550781,-0.0,0.734854084956523,1.0,0.22366958595320982,0.22949501294048652,0.6184443737883957,335,1400,5,46.60338607031162,dumbbell,5,1,B,plain
0.03142449918261115,0.04167305611801804,-0.02324116285348994,-7.081601616743242,-4.856324672698975,-0.0,0.4849378155837605,5.0,0.2624520427537546,0.25085201250232303,0.6126922002266805,285,1400,5,48.33464711807166,dumbbell,5,1,B,plain
0.042564752660358696,0.02459251538500309,0.027852429230581642,-7.091903134550404,-5.09583854675293,-0.0,0.6124505492205847,3.0,0.27642426992845737,0.23641913852748245,0.594235855673295,1072,1400,5,49.35879749987033,dumbbell,5,1,B,plain
0.07142683715443052,0.07297725534592611,0.04700895925969118,-7.101184160862022,-5.199948787689209,-0.0,0.4058206909550126,3.0,0.2880495705941476,0.2550084573112283,0.5808015880089543,958,1400,5,50.19884762666368,dumbbell,5,1,B,plain
0.03293585856089691,0.04693079421883815,-0.0001502277836295529,-7.075422921362394,-4.7349677085876465,-0.0,0.7565996890363434,1.0,0.26713079533527706,0.24478813520419,0.6275780994064993,690,1400,5,51.11692640153936,dumbbell,5,1,B,plain
0.0361968152037794,0.050950508279233,-0.010944360135014009,-7.088981574900699,-4.645217418670654,-0.0625,0.617444726074732,4.0,0.2420408865287332,0.24356621694049974,0.6320070826361437,872,1400,5,51.763859115045385,dumbbell,5,1,B,plain
0.04476604420260726,0.04420301367739624,-0.010101270935027919,-7.086314339596534,-4.702268123626709,-0.0,0.5164410980135772,6.0,0.2528011902520935,0.2455084535596709,0.6208703522577037,209,1400,5,52.22040232750707,dumbbell,5,1,B,plain
0.0527442513048868,0.04057532202119879,0.021855923878627594,-7.093227154025426,-4.889481544494629,-0.0625,0.5802561792121852,5.0,0.24725687663398266,0.22288516130618521,0.5832433165517894,1008,1400,5,52.53552591527858,dumbbell,5,1,B,plain
0.013375287047076294,0.05800190485001931,0.0489985339475093,-7.089417088267883,-4.835606575012207,-0.0625,0.445273424306385,3.0,0.24950176640354202,0.23462906189819036,0.5991287898218907,576,1400,5,52.62139560662185,dumbbell,5,1,B,plain
-0.0466152683450474,-0.05944164875168365,-0.08879536906099776,-7.125323851682336,-4.459827423095703,-0.875,0.1864580237613388,5.0,0.20902149802867673,0.2371359273753277,0.6070851158312995,139,1400,5,-18.648436104658742,dumbbell,5,1,B,pca_denoise
0.022562307490752564,-0.0314344828062217,-0.057534673877061265,-7.120710015907201,-4.858010292053223,-0.75,0.6491163535004565,4.0,0.23650098597438357,0.24151383776667038,0.5801619832891731,345,1400,5,-12.713530228899094,dumbbell,5,1,B,pca_denoise
0.02693589477115277,0.031021709234662458,-0.026927333161167067,-7.096366267593325,-5.140861511230469,-0.25,0.031103874269392304,5.0,0.2589420562235755,0.23997693252366029,0.5790283484341381,567,1400,5,0.13611110659419884,dumbbell,5,1,B,pca_denoise
0.0722770755449283,0.04526901261273136,0.018187659933882168,-7.058288359344401,-4.866304397583008,-0.0,0.2575257167361158,5.0,0.26279786861632637,0.2256901446378555,0.5727371349235382,957,1400,5,14.993673154711674,dumbbell,5,1,B,pca_denoise
0.04308544632022735,0.04979594422769263,0.03863004369596011,-7.048366137908914,-5.105026721954346,-0.0,0.6663665250655226,3.0,0.2575358134710681,0.23296324430188486,0.5515669597227981,169,1400,5,22.341765314293752,dumbbell,5,1,B,pca_denoise
0.03503685206331714,0.02768549128307223,0.03675126018640232,-7.047092509103722,-5.236245155334473,-0.0,0.6445046754004029,1.0,0.2755983798752059,0.22218503398540662,0.5385605962956392,1368,1400,5,25.02529101920981,dumbbell,5,1,B,pca_denoise
0.03440785207261016,0.04429706302082368,-0.0003691682127721328,-7.054155019642813,-5.060583591461182,-0.0,0.5400605022697504,2.0,0.26106628025979484,0.2443703054008466,0.5709126618485961,903,1400,5,27.73849062964975,dumbbell,5,1,B,pca_denoise
0.030012253328892735,0.03245191768446886,0.047515096905088226,-7.053276154272753,-4.97685432434082,-0.0,0.5659091930518875,3.0,0.2565634297137789,0.21821981802950827,0.565062502730809,39,1400,5,30.760044039331625,dumbbell,5,1,B,pca_denoise
0.06012136729852247,0.06048386338484294,0.011952682437747062,-7.02675934761221,-4.675294876098633,-0.0,0.6846151366424189,4.0,0.2495494725643841,0.21605230518148275,0.5875322159073664,140,1400,5,33.12776203089864,dumbbell,5,1,B,pca_denoise
0.031167154267589463,0.047323955951312065,-0.013975875458461472,-7.071593228737591,-4.889052391052246,-0.125,0.22194505763775169,5.0,0.24682949105364682,0.2092375902532749,0.5557392563172431,531,1400,5,35.47080421059177,dumbbell,5,1,B,pca_denoise
0.025555696300966758,0.008143826196163842,-0.05908318786702999,-7.0793504813617645,-4.956602573394775,-0.125,0.3820552096560765,5.0,0.23883930847922621,0.2305844475438047,0.5523511194800149,386,1400,5,37.986850446928834,dumbbell,5,1,B,pca_denoise
0.05002446685113585,0.05526980528378777,0.025502653937983955,-7.059736124494304,-4.999495506286621,-0.0,0.6569683658877977,3.0,0.25641915077710575,0.24852080441352592,0.5756722144757308,885,1400,5,40.478276188156215,dumbbell,5,1,B,pca_denoise
0.07231763034646106,0.06484173319612467,-0.019076127576484685,-7.0747798974442055,-4.895798683166504,-0.0,0.34508931722586556,4.0,0.250709861962087,0.25177999300278736,0.5878033167448242,1096,1400,5,42.08098584554245,dumbbell,5,1,B,pca_denoise
0.045300565943108675,0.05755633291287725,0.04527032402678418,-7.048304638968476,-4.5677080154418945,-0.0,0.5929643362009681,4.0,0.22887365449265684,0.23109161797112154,0.5967286654018811,1141,1400,5,43.751403288728056,dumbbell,5,1,B,pca_denoise
0.055788023282070456,0.03548001998298406,0.01859585406623833,-7.070830027654287,-4.87589693069458,-0.0,0.3381769323709532,4.0,0.2544145838814615,0.22715439472524332,0.5882583655381703,674,1400,5,45.23916779765625,dumbbell,5,1,B,pca_denoise
0.06500468937897678,0.040105984106835614,0.029752967718978576,-7.040633966012321,-4.606292247772217,-0.0,0.6821601361570226,3.0,0.21663005953803216,0.20781460692263476,0.5853671801305507,335,1400,5,46.60338607031162,dumbbell,5,1,B,pca_denoise
0.02155029561380448,0.0320176433352936,0.028806978888873215,-7.0487869324331385,-4.985311508178711,-0.0,0.5561808782250945,5.0,0.2562230354676369,0.2180807805113479,0.5607360093236422,285,1400,5,48.33464711807166,dumbbell,5,1,B,pca_denoise
0.039801387853554034,0.044257584550315816,0.01965269060423569,-7.0643079346934385,-5.113585472106934,-0.0,0.5558285671767709,5.0,0.2632291132856157,0.22259626760945764,0.564028713541386,1072,1400,5,49.35879749987033,dumbbell,5,1,B,pca_denoise
0.05174434594404456,0.06297407194766738,0.04488926761947595,-7.068770279352364,-5.237293243408203,-0.0,0.6623191512247115,3.0,0.27882313523638924,0.23122935839274875,0.5395944918711014,958,1400,5,50.19884762666368,dumbbell,5,1,B,pca_denoise
0.03744953455147177,0.041064237026765815,0.023423608169220775,-7.044078963901985,-4.814831733703613,-0.0,0.6347657128626528,3.0,0.256225695238377,0.22282112254085093,0.5683410915576962,690,1400,5,51.11692640153936,dumbbell,5,1,B,pca_denoise
0.022642545191852305,0.048005765371995225,0.012545536328603389,-7.052546203806388,-4.663246154785156,-0.0,0.6964624108564332,4.0,0.2206484483483947,0.2062769935866409,0.5782054086375269,872,1400,5,51.763859115045385,dumbbell,5,1,B,pca_denoise
0.029157096522248533,0.048536283143333,-0.024589138660929995,-7.054036683092393,-4.73431921005249,-0.0,0.6899128536373617,4.0,0.24127670549350425,0.23116743041782056,0.5819351729090941,209,1400,5,52.22040232750707,dumbbell,5,1,B,pca_denoise
0.040000227914569045,0.028986246104906545,0.002840710838255713,-7.054207970331032,-4.867181777954102,-0.0,0.5945828187963923,5.0,0.23591828311595722,0.21537442948107713,0.5558961379854848,1008,1400,5,52.53552591527858,dumbbell,5,1,B,pca_denoise
0.027347274006186206,0.06503222860655926,0.0115402514111853,-7.0522104790887425,-4.712976455688477,-0.0625,0.5895427809708094,5.0,0.23367265891052924,0.2203592742668046,0.5760404263206007,576,1400,5,52.62139560662185,dumbbell,5,1,B,pca_denoise
-0.05137790883213472,-0.038453773395122584,0.012101842081446936,-6.9366589088001085,-2.6609723567962646,-0.0,0.15276050292469792,6.0,0.09365601895545336,0.218845902493946,0.48281361302933645,139,1400,5,-18.648436104658742,dumbbell,5,1,B,diffdist_t4
-0.0747159927330781,-0.05712393923012235,0.009304713383500723,-6.897133902596051,-3.227771759033203,-0.0,0.20163952264423834,6.0,0.11138266700662615,0.17424167940480506,0.43283999652999083,345,1400,5,-12.713530228899094,dumbbell,5,1,B,diffdist_t4
-0.07638915553089047,-0.06523638458313241,0.015080780210380123,-6.900168549632163,-2.770705223083496,-0.0,0.30915045223068605,6.0,0.0873693481192776,0.2084446050839043,0.4012805957669903,567,1400,5,0.13611110659419884,dumbbell,5,1,B,diffdist_t4
-0.07067208008623335,-0.10490478614082556,0.015163705165925601,-6.858795633644663,-3.269507646560669,-0.0625,0.13382937522550226,6.0,0.09800531368772272,0.1949106113815817,0.36006804999807346,957,1400,5,14.993673154711674,dumbbell,5,1,B,diffdist_t4
-0.05172482188817735,-0.0647763100214497,0.023404245476041773,-6.750969485188692,-4.6054534912109375,-0.0,0.9636682034982667,6.0,0.1379110318037788,0.14891668874262415,0.29305204630743437,169,1400,5,22.341765314293752,dumbbell,5,1,B,diffdist_t4
-0.05713361980441491,-0.05496585918551091,0.02273687372452083,-6.750903608951992,-4.667459011077881,-0.0,0.7054004473002204,6.0,0.14900024564195283,0.15007093900614374,0.2912916056641242,1368,1400,5,25.02529101920981,dumbbell,5,1,B,diffdist_t4
-0.03761610942298972,-0.05835417200557619,0.022193002421462195,-6.759603332542717,-4.864365577697754,-0.0,0.6409090678640733,6.0,0.14857803123972452,0.15238320523768198,0.2725275984113813,903,1400,5,27.73849062964975,dumbbell,5,1,B,diffdist_t4
-0.07265571902133446,-0.08988209808137214,0.020429604896238636,-6.779512729066552,-4.452858924865723,-0.0,0.8140895707872426,6.0,0.1371620106189352,0.13845989670873923,0.3067357923062156,39,1400,5,30.760044039331625,dumbbell,5,1,B,diffdist_t4
-0.05087126154704028,-0.05600925410020103,0.026721350242013758,-6.7867041064616425,-4.507846355438232,-0.0,0.8950038162976433,6.0,0.1333063131996085,0.1566791533176408,0.30821918327178777,140,1400,5,33.12776203089864,dumbbell,5,1,B,diffdist_t4
-0.0810359569132013,-0.06912130990328759,0.015700157760238486,-6.847416280260875,-3.6324310302734375,-0.0,0.1559135679420492,6.0,0.1125213077930625,0.17920597954159437,0.3634741112810874,531,1400,5,35.47080421059177,dumbbell,5,1,B,diffdist_t4
-0.05857297839900762,-0.0599444330676459,0.015511765700150037,-6.852063602257763,-4.03126335144043,-0.0,0.3093183033866227,6.0,0.11811084092741835,0.17616492511203086,0.3126155314412231,386,1400,5,37.986850446928834,dumbbell,5,1,B,diffdist_t4
-0.03062609099926475,-0.03651835423649712,0.01753382831308451,-6.812935925970558,-4.9882893562316895,-0.0,0.48136283228031473,6.0,0.14370141091031977,0.17632109549500294,0.2784082967673699,885,1400,5,40.478276188156215,dumbbell,5,1,B,diffdist_t4
-0.048756081865249316,-0.06379391022256295,0.007775344238485295,-6.883782479574917,-3.6385462284088135,-0.0,0.060100670532954925,6.0,0.10630966353553453,0.19968078945351467,0.3213014400322596,1096,1400,5,42.08098584554245,dumbbell,5,1,B,diffdist_t4
-0.047399860311895435,-0.05877234894093477,0.01169156769484615,-6.8058250069509825,-4.306158065795898,-0.0,0.7817320910188941,6.0,0.12730332737762415,0.14360983276561418,0.28400944787009036,1141,1400,5,43.751403288728056,dumbbell,5,1,B,diffdist_t4
-0.04238864936843379,-0.058401242291288305,0.017309694240809075,-6.854997165109626,-4.082334995269775,-0.0,0.298594508796132,6.0,0.12619891159823526,0.17071876670574504,0.3095403901389119,674,1400,5,45.23916779765625,dumbbell,5,1,B,diffdist_t4
-0.06341644201971729,-0.07961856981284132,0.016866243679539206,-6.766296936083339,-4.267209053039551,-0.0,0.6418256062555108,6.0,0.11856227251461521,0.14478310682231815,0.30227061860814064,335,1400,5,46.60338607031162,dumbbell,5,1,B,diffdist_t4
-0.05166991747740713,-0.06243773144329874,0.014864818552520183,-6.788620079900516,-4.401558876037598,-0.0,0.6680984612184525,6.0,0.13578642203826652,0.16226507305143864,0.2986746951184316,285,1400,5,48.33464711807166,dumbbell,5,1,B,diffdist_t4
-0.034193856225451555,-0.05437683331924043,0.01777872120704212,-6.8047689877560735,-4.682200908660889,-0.0,0.7288486472047013,6.0,0.14260884172341798,0.15832068422417903,0.28305600283029253,1072,1400,5,49.35879749987033,dumbbell,5,1,B,diffdist_t4
-0.03136327381929564,-0.04566911179555757,0.010696087493412523,-6.821852808870366,-4.506375789642334,-0.0,0.6778091554446319,6.0,0.1341119318133301,0.1733832136072119,0.2857149031898608,958,1400,5,50.19884762666368,dumbbell,5,1,B,diffdist_t4
-0.03699443894816096,-0.051446366787671095,0.009717037660621446,-6.81966054573609,-4.364168643951416,-0.0,0.5212477772068573,6.0,0.12915995392415489,0.17156915245596488,0.3022584169713764,690,1400,5,51.11692640153936,dumbbell,5,1,B,diffdist_t4
-0.03125363801345323,-0.04309891879146074,0.00738983673132881,-6.826802538232432,-4.193807601928711,-0.0,0.555587141636657,6.0,0.1225784125443802,0.17985986471141602,0.2884330467267336,872,1400,5,51.763859115045385,dumbbell,5,1,B,diffdist_t4
-0.03857332090794906,-0.0557535654318272,0.01362978169530804,-6.82572415606856,-4.240172863006592,-0.0,0.4615753123593842,6.0,0.12713532816479936,0.157638836130027,0.2954176127813024,209,1400,5,52.22040232750707,dumbbell,5,1,B,diffdist_t4
-0.05113778613609777,-0.08121743994243823,0.01890540279105758,-6.788821969314487,-4.164949893951416,-0.0,0.47552334483724995,6.0,0.12602932750017823,0.15935399731732897,0.31732516291547624,1008,1400,5,52.53552591527858,dumbbell,5,1,B,diffdist_t4
-0.042985705448325764,-0.05677611553287572,0.01728118115556696,-6.799579874362588,-4.266055107116699,-0.0,0.5315251810385375,6.0,0.13141101069673125,0.16296391513841563,0.3127101599157054,576,1400,5,52.62139560662185,dumbbell,5,1,B,diffdist_t4
-0.0006634177962858552,-0.00028882731861245317,-0.0006194681843077509,-4.869442613820993,-3.4874682426452637,-0.25,0.13525987981348442,6.0,0.04991366094263245,0.055626332926024286,0.4334795032992708,139,1400,5,-18.648436104658742,dumbbell,5,1,B,diffdist_t8
-0.0018551261941800493,-0.0006943120216764869,0.0006637745309949484,-5.028032005112355,-4.0326151847839355,-0.0625,-0.05055792462050156,6.0,0.05302966832588525,0.037069150993456944,0.3375549003734756,345,1400,5,-12.713530228899094,dumbbell,5,1,B,diffdist_t8
-0.0023073305758544425,-0.0008858463754170927,0.0025234757077852166,-5.134702086260434,-4.267198085784912,-0.125,-0.04947119386728155,6.0,0.06451008472547695,0.04859909036588869,0.30630393319111965,567,1400,5,0.13611110659419884,dumbbell,5,1,B,diffdist_t8
-0.011175290427594553,-0.0035977105245394055,0.0015366038077062483,-5.534329904809862,-4.839210510253906,-0.0,0.11276167136032042,6.0,0.059338538594530865,0.03622667186748628,0.16289523618855611,957,1400,5,14.993673154711674,dumbbell,5,1,B,diffdist_t8
-0.007159784827589459,-0.006605463893748975,0.008019279569916517,-5.334287668318094,-5.156726360321045,-0.0,0.5208764790635791,6.0,0.05670671027961842,0.026406642128890698,0.1295114148498386,169,1400,5,22.341765314293752,dumbbell,5,1,B,diffdist_t8
-0.01178578059424549,-0.006474420188895342,0.006050966105250383,-5.455720652207828,-5.251750469207764,-0.0,0.5172834495189653,6.0,0.05400284741510615,0.024697302148688455,0.1049971839529036,1368,1400,5,25.02529101920981,dumbbell,5,1,B,diffdist_t8
-0.027195498160464467,-0.010256960151617252,0.0038873574500027618,-5.745583966358007,-5.51972770690918,-0.0625,0.2335727921038042,6.0,0.054813988823147884,0.024676439403786738,0.0724561203995063,903,1400,5,27.73849062964975,dumbbell,5,1,B,diffdist_t8
-0.02225424392396587,-0.0086703960809567,0.005878179149052634,-5.448027145446531,-5.3302507400512695,-0.0,0.36361107348589594,6.0,0.05340091954218522,0.021113090879871132,0.09484257250813793,39,1400,5,30.760044039331625,dumbbell,5,1,B,diffdist_t8
-0.02076465989309552,-0.011032144427689497,0.0059542803466140805,-5.592240372259125,-5.436429023742676,-0.0,0.31244308951310285,6.0,0.05589044852456184,0.020712692832736704,0.08075786015203665,140,1400,5,33.12776203089864,dumbbell,5,1,B,diffdist_t8
-0.015827695244800634,-0.005469153629603108,0.003172699495529951,-5.671380189029099,-5.048201560974121,-0.125,0.019080165594084042,6.0,0.06765503783769358,0.04164737997413854,0.1343295219299994,531,1400,5,35.47080421059177,dumbbell,5,1,B,diffdist_t8
-0.027643800297828886,-0.008783340359042923,0.0013743653167994077,-5.8433777081628575,-5.305178642272949,-0.0,0.16278629898516087,6.0,0.057850515684525115,0.02686322717873323,0.10227186690222448,386,1400,5,37.986850446928834,dumbbell,5,1,B,diffdist_t8
-0.03501247989277142,-0.01846979722953334,0.00113409325435471,-6.093983173804706,-5.807621002197266,-0.0,0.17286084255151965,6.0,0.06036377766386672,0.02233314227578073,0.06970021849353776,885,1400,5,40.478276188156215,dumbbell,5,1,B,diffdist_t8
-0.007334006273928861,-0.002452993684670308,-0.0020497013479795294,-5.487929112609509,-4.805117607116699,-0.0,0.13256332914524482,6.0,0.05543705460380208,0.02848265965038504,0.1694860470153962,1096,1400,5,42.08098584554245,dumbbell,5,1,B,diffdist_t8
-0.04729222228983114,-0.0163933491135346,0.0020305133586077002,-6.066214221579987,-5.804503440856934,-0.0,0.09467025641935271,6.0,0.058740745473954095,0.01988015896925645,0.0720894372362728,1141,1400,5,43.751403288728056,dumbbell,5,1,B,diffdist_t8
-0.029514005618795403,-0.008803427822984624,0.000838696376832017,-5.844124897197739,-5.3002119064331055,-0.0,0.1611186563603702,6.0,0.056533501313358964,0.028803444711287738,0.1010929836170283,674,1400,5,45.23916779765625,dumbbell,5,1,B,diffdist_t8
-0.026928729616568087,-0.015171418309645532,0.0024182440939774447,-6.021260250863419,-5.729983329772949,-0.0,0.40898611428688497,6.0,0.058921505929254894,0.02522031695496274,0.06798233998474278,335,1400,5,46.60338607031162,dumbbell,5,1,B,diffdist_t8
-0.02429312125571736,-0.014165133491369324,0.0019907923387655685,-6.060207905635384,-5.656627655029297,-0.0,0.13050032131574507,6.0,0.059684778473178254,0.02418695205562222,0.07960735614551746,285,1400,5,48.33464711807166,dumbbell,5,1,B,diffdist_t8
-0.03894162621636051,-0.016873374357278804,0.0022674961121976643,-6.066383655825743,-5.800829887390137,-0.0,0.22198807731156084,6.0,0.06093604232596374,0.025377633453088445,0.07107484852308296,1072,1400,5,49.35879749987033,dumbbell,5,1,B,diffdist_t8
-0.051408248401699136,-0.01803835585225029,0.0015107712587549577,-6.093258297726664,-5.727200508117676,-0.0,0.15515088056947876,6.0,0.058894537867675886,0.022863888431516526,0.07590671107233045,958,1400,5,50.19884762666368,dumbbell,5,1,B,diffdist_t8
-0.05347531687025745,-0.018323597646595392,0.0013640191550426996,-6.099729058523778,-5.732937812805176,-0.0,0.09592999498245816,6.0,0.05733493798725905,0.025366246413873975,0.07484177570326188,690,1400,5,51.11692640153936,dumbbell,5,1,B,diffdist_t8
-0.03671070741285466,-0.01788987180159784,0.0017488484614141422,-6.0829023866516545,-5.667547702789307,-0.0,0.10025944911208699,6.0,0.05963953990392578,0.027364971370002076,0.07334336203020668,872,1400,5,51.763859115045385,dumbbell,5,1,B,diffdist_t8
-0.03362276838874767,-0.01743080980267771,0.0016814733367996946,-6.079122013802295,-5.661355018615723,-0.0,0.13258217745736076,6.0,0.060196236510424626,0.028534293540494565,0.07559765444967398,209,1400,5,52.22040232750707,dumbbell,5,1,B,diffdist_t8
-0.02232137179687226,-0.01214645710609446,0.001975959652511493,-6.039130534249645,-5.596123695373535,-0.0625,0.35698768357444355,6.0,0.06691688109463519,0.03353235099524895,0.08407889725892342,1008,1400,5,52.53552591527858,dumbbell,5,1,B,diffdist_t8
-0.01552604247570694,-0.007741594210937985,0.0015967394417686792,-5.985917415655449,-5.555850028991699,-0.0,0.2134900516783389,6.0,0.06534320040427964,0.028034841410048392,0.09490544528166912,576,1400,5,52.62139560662185,dumbbell,5,1,B,diffdist_t8
-4.646170135356252,-4.996348750611155,0.0,-7.158271029904807,-3.8655791456676525e-08,-0.0,0.9999999999095605,5.0,0.0,0.902903898182953,0.9325963524574301,139,1400,5,-18.648436104658742,dumbbell,5,1,B,heatgeo_t
-4.691712916200621,-5.11289420502986,2.932439374658813e-09,-7.158270278070111,-3.8655791456676525e-08,-0.0,0.9999999998863771,5.0,0.0,0.9034788538048124,0.9325003639559635,345,1400,5,-12.713530228899094,dumbbell,5,1,B,heatgeo_t
-4.444848298251973,-4.882878337772424,0.0,-7.15827143552116,-3.8655791456676525e-08,-0.0,0.9999999999386457,5.0,0.0,0.9070614307833472,0.9326658525851801,567,1400,5,0.13611110659419884,dumbbell,5,1,B,heatgeo_t
-4.715903541909621,-5.243732063435508,2.903555229583077e-09,-7.158264758907236,-3.8655791456676525e-08,-0.0,0.9999999999248896,5.0,0.0,0.8927578081304107,0.9274612043780663,957,1400,5,14.993673154711674,dumbbell,5,1,B,heatgeo_t
-4.490637033753201,-5.045128936786579,8.908454668388188e-10,-7.158241823203773,-3.8655791456676525e-08,-0.0,0.9999999998651949,5.0,0.0,0.891441146826742,0.9210856432635608,169,1400,5,22.341765314293752,dumbbell,5,1,B,heatgeo_t
-4.614452635854258,-5.193866177038271,0.0,-7.1582415493388964,-3.8655791456676525e-08,-0.0,0.9999999998716331,5.0,0.0,0.8890270067310451,0.920559491788823,1368,1400,5,25.02529101920981,dumbbell,5,1,B,heatgeo_t
-4.362571002757332,-4.990986198253591,3.0342991105825057e-09,-7.158251600449331,-3.8655791456676525e-08,-0.0,0.9999999999148868,5.0,0.0,0.893766135600646,0.9206436038244137,903,1400,5,27.73849062964975,dumbbell,5,1,B,heatgeo_t
-4.668191406144241,-5.223225291062822,0.0,-7.1582395141764,-3.8655791456676525e-08,-0.0,0.9999999999095621,5.0,0.0,0.8812846641087748,0.9240012104992373,39,1400,5,30.760044039331625,dumbbell,5,1,B,heatgeo_t
-4.724951604417791,-5.163848759008974,1.2015078959537462e-08,-7.15824371481915,-3.8655791456676525e-08,-0.0,0.9999999998883011,5.0,0.0,0.8816584021654035,0.9222067299893574,140,1400,5,33.12776203089864,dumbbell,5,1,B,heatgeo_t
-4.652183168983435,-5.139026174527944,0.0,-7.158263133375718,-3.8655791456676525e-08,-0.0,0.9999999999354572,5.0,0.0,0.8908387152119411,0.9288707017662098,531,1400,5,35.47080421059177,dumbbell,5,1,B,heatgeo_t
-4.664680354217484,-5.241036596779816,0.0,-7.1582637389579435,-3.8655791456676525e-08,-0.0,0.9999999999263217,5.0,0.0,0.8945467732620591,0.9275428072185369,386,1400,5,37.986850446928834,dumbbell,5,1,B,heatgeo_t
-4.410034750498642,-5.0046350893997005,8.985982652420788e-10,-7.15825874124449,-3.8655791456676525e-08,-0.0,0.999999999910038,5.0,0.0,0.8909749465096121,0.922849069539643,885,1400,5,40.478276188156215,dumbbell,5,1,B,heatgeo_t
-4.4986715079001405,-4.861916528815704,3.832685661897539e-09,-7.158268510222279,-3.8655791456676525e-08,-0.0,0.9999999999214741,5.0,0.0,0.9003576732105116,0.930160004100695,1096,1400,5,42.08098584554245,dumbbell,5,1,B,heatgeo_t
-4.584616868705281,-5.216191344055178,9.931612143798674e-09,-7.158255921842586,-3.8655791456676525e-08,-0.0,0.999999999899453,5.0,0.0,0.8866458997306534,0.9233237419652163,1141,1400,5,43.751403288728056,dumbbell,5,1,B,heatgeo_t
-4.487484484633462,-5.133563551154633,0.0,-7.158263701392863,-3.8655791456676525e-08,-0.0,0.9999999999143732,5.0,0.0,0.8951525290939326,0.9259401171436308,674,1400,5,45.23916779765625,dumbbell,5,1,B,heatgeo_t
-4.700290272993195,-5.315405144835207,4.989915529385325e-09,-7.15824842130227,-3.8655791456676525e-08,-0.0,0.9999999999139964,5.0,0.0,0.8792120921900621,0.921882105291204,335,1400,5,46.60338607031162,dumbbell,5,1,B,heatgeo_t
-4.676800056305884,-5.259181058135373,0.0,-7.158256642655662,-3.8655791456676525e-08,-0.0,0.9999999999039318,5.0,0.0,0.8863634226797068,0.9234651133755615,285,1400,5,48.33464711807166,dumbbell,5,1,B,heatgeo_t
-4.693159335615749,-5.287549537016919,0.0,-7.158252410089737,-3.8655791456676525e-08,-0.0,0.9999999999299054,5.0,0.0,0.8850590585775265,0.9223148329730333,1072,1400,5,49.35879749987033,dumbbell,5,1,B,heatgeo_t
-4.5209760149988085,-5.2033842798037195,0.0,-7.158258887605706,-3.8655791456676525e-08,-0.0,0.999999999924122,5.0,0.0,0.8915240423980236,0.92360968828739,958,1400,5,50.19884762666368,dumbbell,5,1,B,heatgeo_t
-4.613398543588201,-5.180945686331466,6.9818462122839264e-09,-7.158256682437066,-3.8655791456676525e-08,-0.0,0.9999999999414515,5.0,0.0,0.8842581737612978,0.9237363750626516,690,1400,5,51.11692640153936,dumbbell,5,1,B,heatgeo_t
-4.499644803974409,-5.050195900748458,0.0,-7.158257098146887,-3.8655791456676525e-08,-0.0,0.9999999999295578,5.0,0.0,0.8847853423456306,0.9242720846023006,872,1400,5,51.763859115045385,dumbbell,5,1,B,heatgeo_t
-4.584190344117346,-5.226035515289638,0.0,-7.158257511723381,-3.8655791456676525e-08,-0.0,0.999999999900631,4.0,0.0,0.8852051688421081,0.9242966170492413,209,1400,5,52.22040232750707,dumbbell,5,1,B,heatgeo_t
-4.849536411800641,-5.371564057776452,1.9004501999875245e-09,-7.158253620789111,-3.8655791456676525e-08,-0.0,0.9999999998717342,5.0,0.0,0.8852428441390313,0.9280652855445425,1008,1400,5,52.53552591527858,dumbbell,5,1,B,heatgeo_t
-4.595361530846328,-5.139702163180047,0.0,-7.158257138721464,-3.8655791456676525e-08,-0.0,0.9999999998984485,5.0,0.0,0.8843699656284641,0.9245328681353209,576,1400,5,52.62139560662185,dumbbell,5,1,B,heatgeo_t
-4.321940869270772,-4.529283212068102,9.78641272186831e-10,-7.158269656714642,-3.8655791456676525e-08,-0.125,0.9999999998111856,5.0,0.0,0.8926833172519486,0.9256462135722138,139,1400,5,-18.648436104658742,dumbbell,5,1,B,heatgeo_4t
-4.363087522120852,-4.637302814783837,2.5656793599393435e-08,-7.1582687856549105,-3.8655791456676525e-08,-0.1875,0.9999999997608439,5.0,0.0,0.8933180541391804,0.9255474020931389,345,1400,5,-12.713530228899094,dumbbell,5,1,B,heatgeo_4t
-4.120675730189211,-4.419867344869052,8.8601641717867e-09,-7.1582701024991895,-3.8655791456676525e-08,-0.0,0.9999999998679494,5.0,0.0,0.897305146930321,0.9257295963068174,567,1400,5,0.13611110659419884,dumbbell,5,1,B,heatgeo_4t
-4.381092285112901,-4.753320526343921,3.919076767971985e-08,-7.158262368464529,-3.8655791456676525e-08,-0.0,0.99999999990761,5.0,0.0,0.8813795312029116,0.91995269309996,957,1400,5,14.993673154711674,dumbbell,5,1,B,heatgeo_4t
-4.157205173543704,-4.5597852902622495,2.122326028114463e-08,-7.158237520443457,-3.8655791456676525e-08,-0.0,0.9999999997238332,5.0,0.0,0.8799075816914743,0.9128726773290061,169,1400,5,22.341765314293752,dumbbell,5,1,B,heatgeo_4t
-4.2792222713173675,-4.698884579127802,1.501261663594544e-08,-7.158237282397195,-3.8655791456676525e-08,-0.0,0.9999999997384675,5.0,0.0,0.8772153452385336,0.912294705853348,1368,1400,5,25.02529101920981,dumbbell,5,1,B,heatgeo_4t
-4.032202777166616,-4.509321708471622,1.5309074230529518e-08,-7.158247402688508,-3.8655791456676525e-08,-0.0,0.9999999997475204,5.0,0.0,0.8824995774318031,0.9123832318707237,903,1400,5,27.73849062964975,dumbbell,5,1,B,heatgeo_4t
-4.330894670585069,-4.728511026854665,3.883796879933232e-08,-7.158235210447904,-8.288998287753202e-07,-0.0,0.9999999998242102,5.0,1.996562133976667e-08,0.8685762023678401,0.9161092596506079,39,1400,5,30.760044039331625,dumbbell,5,1,B,heatgeo_4t
-4.385452664589982,-4.6701146080397615,1.1458012818404972e-07,-7.158239168124613,-1.6774206414993387e-06,-0.0625,0.9999999997684317,5.0,4.1464686393855385e-08,0.8689921860651754,0.9141139319594825,140,1400,5,33.12776203089864,dumbbell,5,1,B,heatgeo_4t
-4.316541368002117,-4.653247815133578,2.929722656835887e-08,-7.158260471036089,-3.8655791456676525e-08,-0.0,0.9999999998620959,5.0,0.0,0.8792408070213411,0.9215252937176751,531,1400,5,35.47080421059177,dumbbell,5,1,B,heatgeo_4t
-4.329867066669571,-4.749239530357702,2.6488043952666018e-08,-7.158261191740217,-3.8655791456676525e-08,-0.0,0.9999999998771256,5.0,0.0,0.8833658695905082,0.9200446289410612,386,1400,5,37.986850446928834,dumbbell,5,1,B,heatgeo_4t
-4.079503671918204,-4.5235206990252355,1.3060646314455582e-08,-7.158255325425815,-3.8655791456676525e-08,-0.0,0.9999999998079033,5.0,0.0,0.8793909381157827,0.9148325336405457,885,1400,5,40.478276188156215,dumbbell,5,1,B,heatgeo_4t
-4.168836567622908,-4.395768129787527,3.4436952948968536e-08,-7.158266725988984,-3.8655791456676525e-08,-0.25,0.9999999998321484,5.0,0.0,0.889843571666658,0.9229570665572381,1096,1400,5,42.08098584554245,dumbbell,5,1,B,heatgeo_4t
-4.249551009132011,-4.722387438505978,9.754017787216851e-08,-7.15825204297978,-7.53058600366785e-07,-0.1875,0.9999999998064524,5.0,1.798817673101955e-08,0.8745590697577815,0.9153532314452176,1141,1400,5,43.751403288728056,dumbbell,5,1,B,heatgeo_4t
-4.1574927842958385,-4.647419006212713,3.930870108581619e-09,-7.158261152778605,-3.8655791456676525e-08,-0.0625,0.9999999998181957,5.0,0.0,0.8840488418019421,0.9182694337904862,674,1400,5,45.23916779765625,dumbbell,5,1,B,heatgeo_4t
-4.36297477118009,-4.814908948894118,1.2851075269909584e-07,-7.158243790423762,-3.243943410780048e-06,-0.0625,0.9999999998744433,5.0,7.554220779730293e-08,0.8662634606822736,0.9137530006591209,335,1400,5,46.60338607031162,dumbbell,5,1,B,heatgeo_4t
-4.341193754089239,-4.761922919235319,2.0548854798296823e-08,-7.15825284980893,-3.8655791456676525e-08,-0.0,0.9999999997475777,5.0,0.0,0.8742456552671756,0.9155164152942667,285,1400,5,48.33464711807166,dumbbell,5,1,B,heatgeo_4t
-4.357365433786516,-4.789611707886517,1.3393747805290346e-08,-7.158248410529131,-3.8655791456676525e-08,-0.0,0.9999999998540181,5.0,0.0,0.872790872884746,0.9142380101234666,1072,1400,5,49.35879749987033,dumbbell,5,1,B,heatgeo_4t
-4.188553495981033,-4.709649121748724,1.1390815145284616e-08,-7.158255541363243,-3.8655791456676525e-08,-0.0,0.9999999998230249,5.0,0.0,0.8800028800456178,0.9156773443630059,958,1400,5,50.19884762666368,dumbbell,5,1,B,heatgeo_4t
-4.277793597278609,-4.689699085870347,7.685976145116458e-08,-7.158253028454159,-8.022630595405644e-07,-0.0,0.9999999998741117,5.0,1.927029663440608e-08,0.8718971094221083,0.9158224944347141,690,1400,5,51.11692640153936,dumbbell,5,1,B,heatgeo_4t
-4.168006959599121,-4.5684429343292345,1.2908073533657305e-08,-7.1582534586925615,-3.8655791456676525e-08,-0.0,0.9999999998502529,5.0,0.0,0.8724862643851903,0.9164094499595857,872,1400,5,51.763859115045385,dumbbell,5,1,B,heatgeo_4t
-4.250416059976609,-4.732590744581111,4.190973566103873e-08,-7.158253905377158,-7.277681675077474e-07,-0.0625,0.999999999788323,4.0,1.733041085881523e-08,0.8729534398567683,0.9164512883293161,209,1400,5,52.22040232750707,dumbbell,5,1,B,heatgeo_4t
-4.510046201362408,-4.868695678049353,4.942646643357751e-08,-7.158249675701262,-8.526034207534394e-07,-0.0,0.9999999997275977,5.0,2.058510186246398e-08,0.8729944147676009,0.920615060149146,1008,1400,5,52.53552591527858,dumbbell,5,1,B,heatgeo_4t
-4.259477196449636,-4.649504678759739,3.332705883485332e-08,-7.1582534462797405,-3.8655791456676525e-08,-0.125,0.9999999997835458,5.0,0.0,0.8720237230718496,0.9167064864700353,576,1400,5,52.62139560662185,dumbbell,5,1,B,heatgeo_4t
0.09136630933203425,0.0646208327584474,0.001254425966596532,-7.055684324715987,-4.428496837615967,-0.0,0.5150065108140331,3.0,0.23365275065036684,0.23724189978072074,0.6282160263231853,139,1400,5,-18.648436104658742,dumbbell,5,1,B,fb_potential
0.054837594863804344,0.018948615135616895,0.06529015561556256,-7.085166436713346,-4.850240707397461,-0.125,0.44653720181482,4.0,0.23775463672559982,0.19438410481512414,0.5477970960994446,345,1400,5,-12.713530228899094,dumbbell,5,1,B,fb_potential
0.048384893696721436,0.026872467536827514,0.09305975777714434,-7.060062766762714,-4.907912731170654,-0.0,0.5403029423166104,5.0,0.24459073737615433,0.21174989307318007,0.5576615254579528,567,1400,5,0.13611110659419884,dumbbell,5,1,B,fb_potential
0.013609701043374495,0.005903462538955076,0.0866291563893686,-7.076368725994302,-4.978625297546387,-0.0,0.378050798362658,4.0,0.24030943730382498,0.18131992979775852,0.5216738537241103,957,1400,5,14.993673154711674,dumbbell,5,1,B,fb_potential
0.016583721289755198,0.021171481098007247,0.07253754826060971,-7.084774693077312,-5.601929664611816,-0.0,0.5540356989054165,3.0,0.27417809303808116,0.18392752522215486,0.48574539363115804,169,1400,5,22.341765314293752,dumbbell,5,1,B,fb_potential
-0.018124758664261394,-0.00789876320632181,0.07267701428281204,-7.077777059729922,-5.425218105316162,-0.0,0.540320356874506,1.0,0.26739419952673704,0.18416437178571568,0.4984461299307031,1368,1400,5,25.02529101920981,dumbbell,5,1,B,fb_potential
-0.007216011545429141,-9.977867461416858e-05,0.06681724793474558,-7.089581044720806,-5.6249895095825195,-0.0,0.5417783378889737,6.0,0.2799128547476363,0.20109301543306346,0.49341175360711953,903,1400,5,27.73849062964975,dumbbell,5,1,B,fb_potential
0.013565854683892816,-0.0005418246653087144,0.015261695982690142,-7.022142573356312,-4.812071800231934,-0.0,0.5711466095908172,2.0,0.24651269473911205,0.19156882045895635,0.563408758523005,39,1400,5,30.760044039331625,dumbbell,5,1,B,fb_potential
0.024306747968516444,0.04585450433340051,0.04562881506342652,-6.9799918580731415,-4.68356466293335,-0.0,0.6101165612733869,2.0,0.22845594012046178,0.18435305075337385,0.5539325958425648,140,1400,5,33.12776203089864,dumbbell,5,1,B,fb_potential
0.023872580238774956,0.026077179532991157,0.08566549343286137,-7.077714825932809,-5.070244312286377,-0.0,0.5285486316675696,3.0,0.25139993785479164,0.2044785817998502,0.5329982280311831,531,1400,5,35.47080421059177,dumbbell,5,1,B,fb_potential
0.025535265767198494,-0.006106709313526201,0.09174478599122413,-6.993255732630134,-4.4691572189331055,-0.0,0.6685822492133797,3.0,0.23388255656550705,0.20266008592672907,0.5994574684779194,386,1400,5,37.986850446928834,dumbbell,5,1,B,fb_potential
0.018526674490357366,0.03126934700482947,0.04305909588586053,-7.013835213684699,-4.798183441162109,-0.0,0.6259276931350132,4.0,0.25155017524134843,0.21767601260658287,0.5708588209624498,885,1400,5,40.478276188156215,dumbbell,5,1,B,fb_potential
0.005031847210199434,0.04757210440849802,-0.005080293504315814,-7.035102064902878,-4.543953895568848,-0.0,0.5687344595510915,1.0,0.24456069626337426,0.24127527633917206,0.629209144733089,1096,1400,5,42.08098584554245,dumbbell,5,1,B,fb_potential
-0.010304348849243729,0.0035160924838164983,0.07567945404664037,-7.009002921834263,-4.565035343170166,-0.0,0.4420385272575289,1.0,0.2301273736791108,0.1985172160340523,0.5703120477152805,1141,1400,5,43.751403288728056,dumbbell,5,1,B,fb_potential
0.04206512719047491,0.05150011263238139,-0.05995339966708921,-7.064834537310329,-4.687374591827393,-0.5625,0.27705213129329975,1.0,0.2579980010819952,0.24236845075236246,0.6271353504540159,674,1400,5,45.23916779765625,dumbbell,5,1,B,fb_potential
0.038417374833346445,0.04410702904493592,0.054410605156872904,-7.080617769940501,-5.120085716247559,-0.0,0.5705971880066955,5.0,0.23937041608635137,0.19873894257277575,0.5277229122514094,335,1400,5,46.60338607031162,dumbbell,5,1,B,fb_potential
0.04439939791924789,0.0260510896941276,0.08924074690956024,-7.073486498908538,-5.2558698654174805,-0.0,0.466196315530627,5.0,0.2645753385395349,0.20070337881985906,0.5229829705054487,285,1400,5,48.33464711807166,dumbbell,5,1,B,fb_potential
0.006913971607888682,0.00878838529750296,0.06990015321848189,-7.00171925082174,-4.708200931549072,-0.0,0.6021460030466381,2.0,0.2380054746813881,0.18702888924289215,0.5652182567974533,1072,1400,5,49.35879749987033,dumbbell,5,1,B,fb_potential
0.04655863381304168,0.04147933238153193,0.0013889608526795848,-7.044684882528393,-5.089210033416748,-0.0,0.3977224523126547,2.0,0.27710543154041234,0.22719082098808957,0.5782558449255074,958,1400,5,50.19884762666368,dumbbell,5,1,B,fb_potential
0.02578817198812799,0.02991854494140882,0.05520318529538936,-7.0150404804951005,-4.841954708099365,-0.0625,0.551125932008405,3.0,0.26044560104343656,0.2094033971380905,0.5673527341292296,690,1400,5,51.11692640153936,dumbbell,5,1,B,fb_potential
0.03903763523621138,0.04193145754905439,-0.03206255289339767,-6.991216395923852,-4.477273464202881,-0.0,0.35035934418305636,4.0,0.2302612718959553,0.1994262948428183,0.5962638114196677,872,1400,5,51.763859115045385,dumbbell,5,1,B,fb_potential
-0.008065592777456517,0.03252495272638758,0.07249104081077123,-6.991373468392126,-4.4382123947143555,-0.0,0.5668876626636504,3.0,0.23209589830347427,0.20254541728198883,0.6049230530266205,209,1400,5,52.22040232750707,dumbbell,5,1,B,fb_potential
0.04999219489740287,0.01231629968174602,0.07018741894406162,-7.074661995008479,-5.011800289154053,-0.0,0.5314249059511142,3.0,0.24529393770884717,0.1954215177944342,0.5422108219565153,1008,1400,5,52.53552591527858,dumbbell,5,1,B,fb_potential
0.03209149854161347,0.034507111173778936,0.06629259591329065,-7.074611648989411,-4.89359712600708,-0.0,0.45465260296887017,1.0,0.23708356933550467,0.19856384456702414,0.5411580690862349,576,1400,5,52.62139560662185,dumbbell,5,1,B,fb_potential
-0.09186000446516605,-0.18500382029031506,-0.017849208358565433,-7.151308195592281,-5.780478477478027,-0.8125,0.0640129416079886,1.0,0.29359247959348256,0.22752969181014124,0.4897149938832827,139,1400,5,-18.648436104658742,dumbbell,5,1,C05,plain
-0.04266324564071834,-0.09104691759943122,-0.0023191108432789893,-7.136642772492579,-5.071996212005615,-0.0625,0.36442542906205494,1.0,0.26707465282470955,0.265755936027981,0.5904056471592838,345,1400,5,-12.713530228899094,dumbbell,5,1,C05,plain
-0.020531350718895707,-0.03148447733071719,0.005960148746748203,-7.132377960373245,-4.702280044555664,-0.1875,0.5448026704712129,5.0,0.26491952281692693,0.2732136458334053,0.6376076909778517,567,1400,5,0.13611110659419884,dumbbell,5,1,C05,plain
0.007710495857496157,-0.07562108526695462,-0.026549490560272296,-7.140591156717633,-4.820323467254639,-0.5625,0.25329921029241104,2.0,0.23625132328729806,0.2604318612123749,0.6006939780557408,957,1400,5,14.993673154711674,dumbbell,5,1,C05,plain
-0.10809987085409153,-0.13721512920708764,0.008802268945468454,-7.125566307923607,-4.938084602355957,-0.0,0.6005758619222107,5.0,0.2409760074412654,0.2212351811316012,0.5639700442817297,169,1400,5,22.341765314293752,dumbbell,5,1,C05,plain
0.04212138587472828,0.014811301303005269,0.016995145387426292,-7.120977963210833,-3.2128219604492188,-0.0,0.5855958039314327,5.0,0.14726911001147308,0.3663111068028547,0.789340788702239,1368,1400,5,25.02529101920981,dumbbell,5,1,C05,plain
-0.10134059387926045,-0.13309623714874128,0.03764493700391758,-7.139630508496547,-5.565167427062988,-0.1875,0.38875108067188424,1.0,0.29017928819406547,0.23439015595966348,0.5441582083214627,903,1400,5,27.73849062964975,dumbbell,5,1,C05,plain
0.035382103897059834,-0.0017337644692991129,0.012538446805880933,-7.1320136300943275,-4.326452255249023,-0.0,0.5198003120819922,3.0,0.2284655918848336,0.30220585781877574,0.6774138840761533,39,1400,5,30.760044039331625,dumbbell,5,1,C05,plain
-0.093093696452489,-0.11580271306568882,0.10787969325587438,-7.116530884785171,-4.164134979248047,-0.0,0.6218126269265607,2.0,0.2462682083217339,0.29919471172584966,0.7468908663141054,140,1400,5,33.12776203089864,dumbbell,5,1,C05,plain
-0.0067988933158020515,-0.04406427104912156,0.011624667243002757,-7.1487043932957235,-5.406249046325684,-1.0,0.35644532715781496,1.0,0.28816285985123613,0.2624406122245598,0.5645113837551182,531,1400,5,35.47080421059177,dumbbell,5,1,C05,plain
-0.05125245376408829,-0.10656720459783112,0.024126959929867693,-7.143863207890667,-4.854104518890381,-0.625,0.5602815483494255,1.0,0.2606711866088175,0.29454207765975304,0.645496052960901,386,1400,5,37.986850446928834,dumbbell,5,1,C05,plain
0.005655274355666514,-0.07164827145487745,0.03586114581335886,-7.130062766205684,-4.709550380706787,-0.125,0.7294880892005823,4.0,0.2603271104447946,0.29840541566344353,0.6911084674968282,885,1400,5,40.478276188156215,dumbbell,5,1,C05,plain
-0.06339041293305393,-0.11417121144689332,-0.04381027973649162,-7.144973046313426,-5.249511241912842,-0.6875,0.5534071192885126,4.0,0.2725427987025898,0.24816253477972136,0.5837928334856615,1096,1400,5,42.08098584554245,dumbbell,5,1,C05,plain
0.04334851717826612,-0.03434495362617062,0.061327964425026554,-7.134732686164261,-3.720623016357422,-0.0,0.690914118287644,1.0,0.1890059709966205,0.36663294388615564,0.7681412621731281,1141,1400,5,43.751403288728056,dumbbell,5,1,C05,plain
-0.14213025510513383,-0.10762610469525331,-0.061014601746089574,-7.141992904992531,-5.197553634643555,-0.625,0.26076964185131746,2.0,0.28129184910079824,0.2473761417754366,0.5818310270180559,674,1400,5,45.23916779765625,dumbbell,5,1,C05,plain
-0.029669266787267643,-0.07353964853282009,-0.007833135815082062,-7.13115514028765,-3.9031550884246826,-0.125,0.48609581874452146,1.0,0.21321159569078824,0.33386938925437093,0.7435621205329176,335,1400,5,46.60338607031162,dumbbell,5,1,C05,plain
-0.046351828886942156,-0.06617282966199464,0.0017171864937412205,-7.12403472866717,-4.734375476837158,-0.0,0.6902103246787005,6.0,0.25015314638419595,0.27092386446318895,0.6516321923764412,285,1400,5,48.33464711807166,dumbbell,5,1,C05,plain
-0.01140323775060696,-0.07128579637131369,0.03797850223430045,-7.130894982655112,-4.551680564880371,-0.0,0.46524877952492993,2.0,0.24516656323932756,0.30415697831973654,0.6845471146093118,1072,1400,5,49.35879749987033,dumbbell,5,1,C05,plain
0.006504950475168446,-0.047503339505079775,0.034443104159252544,-7.1427342546252675,-5.170316219329834,-0.3125,0.2686994804518937,5.0,0.27713813316924696,0.27231158811768985,0.6053388037713929,958,1400,5,50.19884762666368,dumbbell,5,1,C05,plain
-0.01818829965381694,-0.04957261509632506,0.06046970827637664,-7.125832856505621,-3.4573373794555664,-0.0625,0.8574823756350349,6.0,0.17709573991914218,0.35784108717785496,0.7974802544330157,690,1400,5,51.11692640153936,dumbbell,5,1,C05,plain
0.013810346019528281,-0.041959331975194594,-0.04261512646004141,-7.136401027373356,-4.6248674392700195,-0.0625,0.49356176527546397,5.0,0.253240397379552,0.2790562032925317,0.6483254510191612,872,1400,5,51.763859115045385,dumbbell,5,1,C05,plain
-0.030277283637304277,-0.0698213326813653,-0.04697736375322816,-7.122477441102575,-4.543699741363525,-0.0,0.4941479332740625,6.0,0.26946917319164965,0.2652454636736084,0.6550522109918688,209,1400,5,52.22040232750707,dumbbell,5,1,C05,plain
-0.05796449500435543,-0.08553821289182563,-0.009740346934107873,-7.141601893401365,-5.099987030029297,-0.25,0.43259961859704665,3.0,0.25647138805210806,0.25204017511652743,0.57537901063202,1008,1400,5,52.53552591527858,dumbbell,5,1,C05,plain
0.021809547064822153,-0.046231670310043806,0.007731502245400984,-7.137950750474184,-4.531473636627197,-0.1875,0.5222210512291101,7.0,0.25123485002886414,0.31248604966629556,0.6895248446937032,576,1400,5,52.62139560662185,dumbbell,5,1,C05,plain
-0.09349002536849985,-0.14101459943543967,-0.021406577480407897,-7.146752921058583,-5.516568183898926,-0.8125,0.43592741727033546,3.0,0.27346123135410993,0.23256764165370833,0.5492556903481741,139,1400,5,-18.648436104658742,dumbbell,5,1,C05,pca_denoise
-0.05716482856781248,-0.07323309283308704,-0.038346287510070576,-7.125527677962661,-4.9337873458862305,-0.0625,0.4315109165955504,2.0,0.2557299836853088,0.23454582239956775,0.5846175145114568,345,1400,5,-12.713530228899094,dumbbell,5,1,C05,pca_denoise
0.0065894553472876346,-0.028280383339471662,0.0408852811039645,-7.1208798759563985,-4.252620220184326,-0.0625,0.4636260848626023,6.0,0.23308765356897387,0.29385314852483063,0.678436582432088,567,1400,5,0.13611110659419884,dumbbell,5,1,C05,pca_denoise
-0.009121513622720297,-0.04150781900536814,-0.02580178654717155,-7.135042790625141,-4.490955352783203,-0.75,0.5493080921807816,1.0,0.20268510244863572,0.27256326677036563,0.6380393567484476,957,1400,5,14.993673154711674,dumbbell,5,1,C05,pca_denoise
-0.0771599914824241,-0.060963873238248964,0.006696896329478013,-7.115640493264182,-4.9007744789123535,-0.0,0.3406129312133087,3.0,0.23593170831269694,0.2222604918680792,0.5646200992444793,169,1400,5,22.341765314293752,dumbbell,5,1,C05,pca_denoise
0.09398679246697816,0.03585230644184536,0.04040745430181122,-7.1105155230894725,-4.3408308029174805,-0.0,0.5760484439991062,5.0,0.23547419349739976,0.31606794494989376,0.7164196596207132,1368,1400,5,25.02529101920981,dumbbell,5,1,C05,pca_denoise
-0.06745576969640414,-0.09399194929376328,0.020388656834960286,-7.13172060923686,-5.4073967933654785,-0.0625,0.3624596279327187,6.0,0.27630866607629617,0.2276919519665638,0.5457828863605464,903,1400,5,27.73849062964975,dumbbell,5,1,C05,pca_denoise
0.049067219030864646,-0.02824951401400948,0.01592209283357885,-7.128209566221155,-4.766733169555664,-0.0625,0.29074741340942206,5.0,0.26969940925303004,0.26038321072813597,0.6238784000774669,39,1400,5,30.760044039331625,dumbbell,5,1,C05,pca_denoise
-0.03169681760448791,-0.08443474166967291,0.09132513721827859,-7.107526128673035,-4.017157554626465,-0.0,0.5494005200740385,2.0,0.23406510286092838,0.3111792159980209,0.761197937435346,140,1400,5,33.12776203089864,dumbbell,5,1,C05,pca_denoise
-0.031444981756482734,-0.057744005919608786,-0.043795434330520695,-7.144696499771936,-5.1425018310546875,-0.875,0.44534807396460063,6.0,0.26648124036990883,0.26206737870654573,0.5682783221493537,531,1400,5,35.47080421059177,dumbbell,5,1,C05,pca_denoise
0.023625794778247135,-0.0514668057388304,0.0008344881284606583,-7.13915562607326,-4.798043251037598,-0.5625,0.480135808311192,1.0,0.2538168404141104,0.30313009942830604,0.6530000116491893,386,1400,5,37.986850446928834,dumbbell,5,1,C05,pca_denoise
0.013465357288754636,-0.03545189504021154,0.04357886098453639,-7.124360520702357,-4.708990573883057,-0.0625,0.4673952967996058,6.0,0.26441237892590497,0.2968727800076628,0.6570207941863471,885,1400,5,40.478276188156215,dumbbell,5,1,C05,pca_denoise
-0.004616624764175234,-0.04105993032142135,-0.03360071929715808,-7.139519652251783,-5.061779499053955,-0.6875,0.25301332591617953,3.0,0.25876899920748864,0.2544330785571843,0.5948736805527486,1096,1400,5,42.08098584554245,dumbbell,5,1,C05,pca_denoise
0.019740787301096803,-0.030195797172386313,0.07859136368880748,-7.127566035387702,-3.8138961791992188,-0.0,0.45464001211941973,3.0,0.2043221811906429,0.3678741064078749,0.7641937879891851,1141,1400,5,43.751403288728056,dumbbell,5,1,C05,pca_denoise
-0.06996899239115002,-0.07701363257264732,-0.051675460289837216,-7.138751149905635,-5.143805503845215,-0.6875,0.1405216994784637,4.0,0.27886627411069864,0.2491577305773679,0.576175350570544,674,1400,5,45.23916779765625,dumbbell,5,1,C05,pca_denoise
0.03263797497561227,-0.0037723755315024576,0.02143229868388178,-7.123541032374686,-4.195892810821533,-0.0625,0.4216620823326346,6.0,0.22732851149651673,0.333471426328653,0.7244258218475269,335,1400,5,46.60338607031162,dumbbell,5,1,C05,pca_denoise
-0.02077409389716189,-0.037306551424675996,0.004355044101498062,-7.118441189684764,-4.861159324645996,-0.0,0.8188786582242294,3.0,0.2406817909154495,0.26078587691348054,0.5949172652421649,285,1400,5,48.33464711807166,dumbbell,5,1,C05,pca_denoise
0.0013766678298401762,-0.049281527657753656,0.028262980772628926,-7.121507764278573,-4.68222188949585,-0.0,0.5340016462678262,2.0,0.24603523767592025,0.25270640754830753,0.6240842664550574,1072,1400,5,49.35879749987033,dumbbell,5,1,C05,pca_denoise
0.001787651819430429,-0.047084253624889764,-0.006215101365938697,-7.139987150972685,-5.254997253417969,-0.4375,0.24339078588349963,4.0,0.2706885438363377,0.24225100632711447,0.5597182773624868,958,1400,5,50.19884762666368,dumbbell,5,1,C05,pca_denoise
-0.003555040767229433,0.0007668374281590411,0.03173216886659845,-7.126524200069062,-2.9491429328918457,-0.0625,0.7176169505404486,2.0,0.1439225740917323,0.3953263625501151,0.8263636199324806,690,1400,5,51.11692640153936,dumbbell,5,1,C05,pca_denoise
0.0022311749674047403,-0.03462765752282372,-0.050058376370860636,-7.127471528062499,-4.499598503112793,-0.1875,0.29977251851601017,4.0,0.24634783837265034,0.259063563888271,0.6470946205020832,872,1400,5,51.763859115045385,dumbbell,5,1,C05,pca_denoise
0.03306951032017599,-0.00503337221716125,-0.06536826212091135,-7.114087780401968,-4.2230000495910645,-0.0,0.40368724721449417,5.0,0.2232718944319158,0.26368050731681175,0.6328067849402821,209,1400,5,52.22040232750707,dumbbell,5,1,C05,pca_denoise
-0.03363541799991072,-0.07535656997070267,-0.05134220783459525,-7.138156904254619,-5.185975551605225,-0.25,0.22485936197307504,4.0,0.2541165821748288,0.23641796316253585,0.553591097941277,1008,1400,5,52.53552591527858,dumbbell,5,1,C05,pca_denoise
0.04948671382998291,-0.00656543045395228,0.033773067743996354,-7.127628870337586,-4.344691276550293,-0.25,0.4479607282958069,4.0,0.24060128563470523,0.30279490473787213,0.6973528336746564,576,1400,5,52.62139560662185,dumbbell,5,1,C05,pca_denoise
-0.10275710974571023,-0.10472328943276388,0.019125894529571485,-7.037544287200804,-4.347860336303711,-0.125,-0.050264460433088284,6.0,0.16085709348452742,0.21470506171149517,0.33425739210873434,139,1400,5,-18.648436104658742,dumbbell,5,1,C05,diffdist_t4
-0.07476513030873831,-0.06922908828719199,0.027008011143664797,-6.986932484343923,-4.493065357208252,-0.0,0.001710383616473285,6.0,0.16208866164403152,0.2087668471795455,0.3638649423339853,345,1400,5,-12.713530228899094,dumbbell,5,1,C05,diffdist_t4
-0.07040086793588994,-0.0728217490158776,0.024543609039700508,-6.99097740594536,-4.101170539855957,-0.0,0.4034675071772885,6.0,0.15611430772144602,0.19032510474312728,0.3825659711531056,567,1400,5,0.13611110659419884,dumbbell,5,1,C05,diffdist_t4
-0.0644639295158116,-0.05845044965037386,0.021560070830567272,-7.040803734476851,-3.7289559841156006,-0.125,0.26086266441993716,6.0,0.1299791961962345,0.2220372582275282,0.3949362134138021,957,1400,5,14.993673154711674,dumbbell,5,1,C05,diffdist_t4
-0.08437330774442063,-0.09318833451255949,0.030146938027275052,-6.821404245471728,-4.800781726837158,-0.0,0.7535968518391125,6.0,0.16399025443600534,0.16898096761316092,0.3150917885701391,169,1400,5,22.341765314293752,dumbbell,5,1,C05,diffdist_t4
-0.07088547427633927,-0.08090657255159785,0.04490072145836295,-6.80410752492523,-4.879038333892822,-0.0,0.9409828243252227,6.0,0.178644962853734,0.18612101581548074,0.3326783738142595,1368,1400,5,25.02529101920981,dumbbell,5,1,C05,diffdist_t4
-0.08573004215346956,-0.09173712465640169,0.021155236242942056,-6.900193287750874,-5.226076602935791,-0.0,0.6248106272171842,6.0,0.19461928073372978,0.1790188605822465,0.2891216085027215,903,1400,5,27.73849062964975,dumbbell,5,1,C05,diffdist_t4
-0.06254283581053802,-0.06139885199180718,0.024609469312730746,-6.931419936665703,-4.122464179992676,-0.0,0.1320083427995189,6.0,0.13698739499254853,0.2291340740423315,0.3642060022043874,39,1400,5,30.760044039331625,dumbbell,5,1,C05,diffdist_t4
-0.058715644631023474,-0.06437497609217942,0.041500886010503356,-6.84387547728826,-3.979689121246338,-0.0,0.8389647782954461,6.0,0.14171702389439783,0.2085827924582139,0.40933936264302784,140,1400,5,33.12776203089864,dumbbell,5,1,C05,diffdist_t4
-0.07581679021436745,-0.10359289490355063,0.02800420466350945,-7.070229383893012,-3.8807990550994873,-0.1875,0.20616061794130708,6.0,0.1278896307495097,0.2339851388243067,0.39302562502269506,531,1400,5,35.47080421059177,dumbbell,5,1,C05,diffdist_t4
-0.06626865262627377,-0.06884037517980651,0.023579159897161573,-7.0343257205626815,-3.602924346923828,-0.125,0.017903387070753174,6.0,0.12552133232861407,0.24555764405500394,0.4104651551325601,386,1400,5,37.986850446928834,dumbbell,5,1,C05,diffdist_t4
-0.05489730750942657,-0.06301715544396073,0.02909468350970642,-6.956291276734451,-4.639446258544922,-0.0,0.4086061054512854,6.0,0.17083249683480833,0.20110903881359943,0.34908662796341233,885,1400,5,40.478276188156215,dumbbell,5,1,C05,diffdist_t4
-0.07559663658550152,-0.07809168611598342,0.021187026447063183,-7.042909496643515,-3.7037878036499023,-0.0625,0.08988264799693049,6.0,0.12428634975521663,0.22050583030246715,0.3702048802792798,1096,1400,5,42.08098584554245,dumbbell,5,1,C05,diffdist_t4
-0.08030900567004863,-0.0834005327795128,0.034178791702798,-6.923248296518532,-4.806889057159424,-0.0,0.3595565025456267,6.0,0.1771597858607993,0.1843842032939075,0.349049651333836,1141,1400,5,43.751403288728056,dumbbell,5,1,C05,diffdist_t4
-0.08388425670176922,-0.07686793930931946,0.02075778261454958,-7.0443019058973455,-3.8095624446868896,-0.125,0.004450647604049465,6.0,0.13481077011532144,0.22907001453518352,0.38294569662824995,674,1400,5,45.23916779765625,dumbbell,5,1,C05,diffdist_t4
-0.061629617544603985,-0.06857993314906502,0.030795633945820407,-6.918346913409895,-4.7389116287231445,-0.0,0.4673857889048041,6.0,0.16222674580244495,0.21164535049721447,0.3499215049714253,335,1400,5,46.60338607031162,dumbbell,5,1,C05,diffdist_t4
-0.04274261661480812,-0.061854424471261965,0.034580945760752685,-6.837890509104478,-4.695219039916992,-0.0,0.8223951910802254,6.0,0.156781920238175,0.19932431463474534,0.3400872668498295,285,1400,5,48.33464711807166,dumbbell,5,1,C05,diffdist_t4
-0.04546156231953198,-0.058204815900757725,0.034312069300127576,-6.858619645844855,-4.780089855194092,-0.0,0.6072255762520048,6.0,0.167740996391817,0.20431659135380437,0.3487585401066812,1072,1400,5,49.35879749987033,dumbbell,5,1,C05,diffdist_t4
-0.06294427666333365,-0.08493241506505814,0.03347645105961915,-7.039930639798728,-4.279698371887207,-0.125,0.2485697093884046,6.0,0.1587077675298994,0.20632422994222557,0.3903260618035136,958,1400,5,50.19884762666368,dumbbell,5,1,C05,diffdist_t4
-0.05525247922897006,-0.05673799132613587,0.029236848053846916,-6.889619034562346,-4.713940143585205,-0.0,0.7230947656634665,6.0,0.1661893463966316,0.20593134664936655,0.3496276762576592,690,1400,5,51.11692640153936,dumbbell,5,1,C05,diffdist_t4
-0.04798291775620034,-0.06515287631343704,0.033269190151127524,-6.93423672611608,-4.885049343109131,-0.0,0.0610272458055031,6.0,0.1720084355869299,0.20253843131584126,0.3368353098801292,872,1400,5,51.763859115045385,dumbbell,5,1,C05,diffdist_t4
-0.06829750180273182,-0.07323509539974342,0.03127154208408666,-6.859402030158912,-4.622762680053711,-0.0,0.669390084080035,6.0,0.17149950936455918,0.2066668263551269,0.3444699589711002,209,1400,5,52.22040232750707,dumbbell,5,1,C05,diffdist_t4
-0.060497800909419974,-0.07709360071457087,0.020342497015808165,-7.01134650904656,-4.120147705078125,-0.1875,0.06402944724420898,6.0,0.13641673927266743,0.23266898749735238,0.36969387359156136,1008,1400,5,52.53552591527858,dumbbell,5,1,C05,diffdist_t4
-0.06081789381192085,-0.06142887942053352,0.020311165710107926,-6.977260834401631,-4.30704402923584,-0.0,0.16364715654615836,6.0,0.14974583862016416,0.21685447939128125,0.3650719434242729,576,1400,5,52.62139560662185,dumbbell,5,1,C05,diffdist_t4
-0.02215738101185333,-0.00672557831981745,0.0014336277982463915,-5.755069896798702,-5.1175689697265625,-0.0,0.1326946287290201,6.0,0.08282526743276691,0.04177832320841369,0.18527933227548501,139,1400,5,-18.648436104658742,dumbbell,5,1,C05,diffdist_t8
-0.01621543281061072,-0.007054449381160133,2.6075080531412454e-05,-5.869945900726345,-5.351406574249268,-0.0,0.1192496626452356,6.0,0.08803428100197716,0.043595076806693535,0.16362466229671005,345,1400,5,-12.713530228899094,dumbbell,5,1,C05,diffdist_t8
-0.022699862548402203,-0.012047677539711964,0.0025673286138147688,-6.022525552382483,-5.5363383293151855,-0.0,0.29277289985285293,6.0,0.09321400114960189,0.041320890599623475,0.1396462083977392,567,1400,5,0.13611110659419884,dumbbell,5,1,C05,diffdist_t8
-0.01587749566488387,-0.0064682280632548505,0.0013982364809954832,-5.741806861935684,-5.084653854370117,-0.0,0.12010544041597332,6.0,0.0846083977415161,0.04389204796281873,0.19235761646394348,957,1400,5,14.993673154711674,dumbbell,5,1,C05,diffdist_t8
-0.027617414519922993,-0.00928187650312201,0.0044695808730887176,-5.737795372014832,-5.398937702178955,-0.0,0.05522390997628192,6.0,0.07752703053848235,0.03410341872331496,0.13816975324897787,169,1400,5,22.341765314293752,dumbbell,5,1,C05,diffdist_t8
-0.012859383989127358,-0.00586082052305653,0.007365567598798376,-5.510327724191496,-5.286561012268066,-0.0625,0.02608440504523414,6.0,0.08599223555136729,0.04037435465227017,0.1488620913714318,1368,1400,5,25.02529101920981,dumbbell,5,1,C05,diffdist_t8
-0.036425156314896005,-0.01773159607542625,0.004212421548744273,-6.047564014123301,-5.633517742156982,-0.0,0.14688212176309182,6.0,0.08061696178867234,0.034599752787085825,0.1022914121972969,903,1400,5,27.73849062964975,dumbbell,5,1,C05,diffdist_t8
-0.030072282343647866,-0.01654154176515062,0.004708294543315867,-6.121129996716088,-5.632181644439697,-0.0,0.2267017902237323,6.0,0.08847192820936399,0.04296466460449896,0.10825876546898223,39,1400,5,30.760044039331625,dumbbell,5,1,C05,diffdist_t8
-0.008365373140736158,-0.005655050285773997,0.009797587974784916,-5.67958385544288,-5.4381022453308105,-0.125,0.22447973318415484,6.0,0.0962915277627099,0.0448288603099034,0.13815132169804104,140,1400,5,33.12776203089864,dumbbell,5,1,C05,diffdist_t8
-0.014784722485914404,-0.004527764492032146,0.0011070729938869024,-5.662915205997545,-4.969992637634277,-0.0,0.17210208192841883,6.0,0.0857333327055408,0.046952790695072695,0.22018598112021548,531,1400,5,35.47080421059177,dumbbell,5,1,C05,diffdist_t8
-0.01909518073202729,-0.008330208793769524,0.0031274653868839045,-5.888227348891483,-5.2960686683654785,-0.0,0.2661200061730631,6.0,0.0935775284130402,0.0464024676807988,0.15491395601424027,386,1400,5,37.986850446928834,dumbbell,5,1,C05,diffdist_t8
-0.03392634253041911,-0.013697644733617132,0.0052658174325522274,-6.08707061070586,-5.643894195556641,-0.0,0.13474468646562338,6.0,0.0881618741377249,0.03079946103440354,0.11386220390563173,885,1400,5,40.478276188156215,dumbbell,5,1,C05,diffdist_t8
-0.02246093979062187,-0.0066605544198151696,0.0005579969278716702,-5.82861662976565,-5.197644233703613,-0.0,0.09439595773538301,6.0,0.07875515731533003,0.036133013043100196,0.17489974611156162,1096,1400,5,42.08098584554245,dumbbell,5,1,C05,diffdist_t8
-0.0333099143315546,-0.015424816860711175,0.002496532287467085,-6.106838126472228,-5.6302666664123535,-0.0,0.09451305584894275,6.0,0.0805847644168402,0.03795930569618742,0.10401097477790354,1141,1400,5,43.751403288728056,dumbbell,5,1,C05,diffdist_t8
-0.021054961087908008,-0.006787016905109403,0.0003405721911790274,-5.824646274075143,-5.190314769744873,-0.0,0.2196737074272604,6.0,0.08210788842160915,0.04216269011309881,0.17422838177001138,674,1400,5,45.23916779765625,dumbbell,5,1,C05,diffdist_t8
-0.05200627280986853,-0.021457468164928353,0.005884287074388591,-6.050245702642548,-5.596630096435547,-0.0,0.092993613489028,6.0,0.0805730402466392,0.03659732923363509,0.11323146764409095,335,1400,5,46.60338607031162,dumbbell,5,1,C05,diffdist_t8
-0.03958548197871717,-0.010771381217175795,0.0024171613592998686,-5.806572522326999,-5.445343494415283,-0.0,0.10098224967077908,6.0,0.07726397605358158,0.0359919314755877,0.12446339584002948,285,1400,5,48.33464711807166,dumbbell,5,1,C05,diffdist_t8
-0.01817954313888818,-0.007886922110137137,0.004667206238365751,-5.845977216991159,-5.496903419494629,-0.0,0.10824865459719361,6.0,0.08341593927542101,0.03790948038765664,0.1234605156764155,1072,1400,5,49.35879749987033,dumbbell,5,1,C05,diffdist_t8
-0.02396545826582324,-0.006763528900044654,0.0015780047980866537,-5.828923193381649,-5.196317672729492,-0.0,0.18210622111672894,6.0,0.08299934724654717,0.03961829139475686,0.1778707593742442,958,1400,5,50.19884762666368,dumbbell,5,1,C05,diffdist_t8
-0.017322400497486675,-0.009796367521525481,0.004392721761163808,-6.070765390290388,-5.713602542877197,-0.0,0.10020903445198187,6.0,0.09474993482496562,0.046316843424959356,0.11480504603867173,690,1400,5,51.11692640153936,dumbbell,5,1,C05,diffdist_t8
-0.03373985164243449,-0.016463736939171355,0.004023508405913975,-6.110482803574936,-5.627947807312012,-0.0,0.24036971553092482,6.0,0.08357346797974206,0.03488999350949746,0.10670217609530595,872,1400,5,51.763859115045385,dumbbell,5,1,C05,diffdist_t8
-0.018280903809371182,-0.008174763139071659,0.0039045523523042877,-5.854160573201424,-5.496997833251953,-0.0,0.14096486623738397,6.0,0.08330381010561363,0.0336724550190394,0.12102411312876717,209,1400,5,52.22040232750707,dumbbell,5,1,C05,diffdist_t8
-0.02187030472202736,-0.006822226586483197,2.603342353283528e-05,-5.810521940110201,-5.236175537109375,-0.0,0.20110650116379364,6.0,0.08681135645653225,0.04264587107101028,0.1766366281472711,1008,1400,5,52.53552591527858,dumbbell,5,1,C05,diffdist_t8
-0.018690174146866686,-0.007922651136865605,0.00011224773206943935,-5.906116990608725,-5.423226356506348,-0.0,0.1166289550688513,6.0,0.08872834114643635,0.0442354905739021,0.15141670176595368,576,1400,5,52.62139560662185,dumbbell,5,1,C05,diffdist_t8
-5.286987293362896,-6.371556796946867,0.0,-7.158274213179343,-3.8655791456676525e-08,-0.0,0.9999999999977565,6.0,0.0,0.9307210932128255,0.9515131396323908,139,1400,5,-18.648436104658742,dumbbell,5,1,C05,heatgeo_t
-4.961842297149023,-5.970984385946417,0.0,-7.158268046108903,-3.8655791456676525e-08,-0.0,0.9999999999970733,5.0,0.0,0.9156351352891584,0.9431630944618309,345,1400,5,-12.713530228899094,dumbbell,5,1,C05,heatgeo_t
-4.850096014909364,-5.970990944619818,0.0,-7.158264154631077,-3.8655791456676525e-08,-0.0,0.9999999999986593,5.0,0.0,0.9074946103510803,0.9412648356123944,567,1400,5,0.13611110659419884,dumbbell,5,1,C05,heatgeo_t
-4.946349791602565,-5.70664823491562,0.0,-7.1582673224669815,-3.8655791456676525e-08,-0.0,0.9999999999978286,1.0,0.0,0.9110680159092861,0.9440525412574823,957,1400,5,14.993673154711674,dumbbell,5,1,C05,heatgeo_t
-5.274213732359708,-6.247276063810123,0.0,-7.158261084363087,-3.8655791456676525e-08,-0.0,0.9999999999967313,6.0,0.0,0.9088558854584606,0.9398287620555742,169,1400,5,22.341765314293752,dumbbell,5,1,C05,heatgeo_t
-4.622450951276231,-5.535378607977728,0.0,-7.158258540143246,-3.8655791456676525e-08,-0.0,0.9999999999968598,5.0,0.0,0.8949415841615184,0.9382224668129117,1368,1400,5,25.02529101920981,dumbbell,5,1,C05,heatgeo_t
-5.111906795690445,-6.393094166989107,0.0,-7.158269593002539,-3.8655791456676525e-08,-0.0,0.9999999999965419,6.0,0.0,0.9254803286302409,0.9447879189507934,903,1400,5,27.73849062964975,dumbbell,5,1,C05,heatgeo_t
-4.677363935016671,-5.550882082680551,0.0,-7.158264244871807,-3.8655791456676525e-08,-0.0,0.9999999999982312,5.0,0.0,0.9077760157122454,0.9396693613000924,39,1400,5,30.760044039331625,dumbbell,5,1,C05,heatgeo_t
-5.1205854597150875,-5.970523271590372,4.34482647082568e-09,-7.158253418936714,-3.8655791456676525e-08,-0.0,0.9999999999964156,6.0,0.0,0.8910440633525137,0.9372814499728295,140,1400,5,33.12776203089864,dumbbell,5,1,C05,heatgeo_t
-4.797365471204408,-5.7033423040904205,0.0,-7.158270330854241,-3.8655791456676525e-08,-0.0,0.9999999999977409,6.0,0.0,0.9195720125353651,0.9450630004884228,531,1400,5,35.47080421059177,dumbbell,5,1,C05,heatgeo_t
-4.601438572777845,-5.2996366198114595,0.0,-7.158265260472678,-3.8655791456676525e-08,-0.0,0.9999999999975713,5.0,0.0,0.9090046588544495,0.9414356283413617,386,1400,5,37.986850446928834,dumbbell,5,1,C05,heatgeo_t
-4.781247895132794,-5.725164712830774,4.638116390953684e-09,-7.158265258727132,-3.8655791456676525e-08,-0.0,0.9999999999978628,6.0,0.0,0.9111390416734897,0.9396593699933398,885,1400,5,40.478276188156215,dumbbell,5,1,C05,heatgeo_t
-4.947295005967702,-5.820831543998165,0.0,-7.158270630438713,-3.8655791456676525e-08,-0.0,0.9999999999976557,6.0,0.0,0.9207433466040993,0.9458936386769563,1096,1400,5,42.08098584554245,dumbbell,5,1,C05,heatgeo_t
-4.723790910854474,-5.751312393177754,0.0,-7.158263366488501,-3.8655791456676525e-08,-0.0,0.9999999999962462,5.0,0.0,0.9016587793713771,0.9404972804749958,1141,1400,5,43.751403288728056,dumbbell,5,1,C05,heatgeo_t
-5.125236341774601,-5.929594494131684,0.0,-7.158268922892006,-3.8655791456676525e-08,-0.0,0.999999999997695,6.0,0.0,0.9157707669463161,0.9450158827118345,674,1400,5,45.23916779765625,dumbbell,5,1,C05,heatgeo_t
-4.895459909061857,-5.625910286370476,0.0,-7.158262736579189,-3.8655791456676525e-08,-0.0,0.9999999999964555,6.0,0.0,0.9018252270336655,0.9407716225819415,335,1400,5,46.60338607031162,dumbbell,5,1,C05,heatgeo_t
-4.859590393375064,-5.649753950213574,0.0,-7.15825900833898,-3.8655791456676525e-08,-0.0,0.9999999999975544,5.0,0.0,0.9041861680588931,0.9352106800298108,285,1400,5,48.33464711807166,dumbbell,5,1,C05,heatgeo_t
-4.622915553808729,-5.657222835537253,0.0,-7.158259921436807,-3.8655791456676525e-08,-0.0,0.9999999999975189,6.0,0.0,0.9049888284303468,0.9375128281257559,1072,1400,5,49.35879749987033,dumbbell,5,1,C05,heatgeo_t
-4.85844496898388,-5.7736458685169465,0.0,-7.158267608243788,-3.8655791456676525e-08,-0.0,0.999999999997844,6.0,0.0,0.9138478227559349,0.9418942008576989,958,1400,5,50.19884762666368,dumbbell,5,1,C05,heatgeo_t
-4.745832731572104,-5.591651409054086,0.0,-7.158261481133518,-3.8655791456676525e-08,-0.0,0.9999999999977232,5.0,0.0,0.8983145694294199,0.9404362716026912,690,1400,5,51.11692640153936,dumbbell,5,1,C05,heatgeo_t
-4.90689935387215,-5.758726582353826,4.569344902449757e-09,-7.158264006224188,-3.8655791456676525e-08,-0.0,0.9999999999971194,6.0,0.0,0.9111564677048899,0.9413175449803187,872,1400,5,51.763859115045385,dumbbell,5,1,C05,heatgeo_t
-4.998300122082455,-6.02070353901191,6.9042881620240415e-09,-7.158260175588405,-3.8655791456676525e-08,-0.0,0.9999999999967373,6.0,0.0,0.9050330422370316,0.9368810320174015,209,1400,5,52.22040232750707,dumbbell,5,1,C05,heatgeo_t
-4.917090782109967,-5.714181590675279,0.0,-7.1582690630266725,-3.8655791456676525e-08,-0.0,0.9999999999972744,5.0,0.0,0.9189694379175007,0.94314668353416,1008,1400,5,52.53552591527858,dumbbell,5,1,C05,heatgeo_t
-4.771163142769944,-5.705766359317337,0.0,-7.158266197630424,-3.8655791456676525e-08,-0.0,0.9999999999973586,6.0,0.0,0.9117179880436403,0.9403367598093418,576,1400,5,52.62139560662185,dumbbell,5,1,C05,heatgeo_t
-4.9658402239387405,-5.845185271780106,0.0,-7.1582734284173055,-3.8655791456676525e-08,-0.0,0.9999999999939369,6.0,0.0,0.9233686181832382,0.9464426796714843,139,1400,5,-18.648436104658742,dumbbell,5,1,C05,heatgeo_4t
-4.631549368910945,-5.446902983616884,0.0,-7.158266326915827,-3.8655791456676525e-08,-0.0,0.9999999999920872,5.0,0.0,0.9065784235871263,0.9371687925685014,345,1400,5,-12.713530228899094,dumbbell,5,1,C05,heatgeo_4t
-4.520455759377325,-5.447324798626884,9.480234784697839e-09,-7.15826185481645,-3.8655791456676525e-08,-0.0,0.9999999999963622,5.0,0.0,0.8975053525892905,0.9350727269400078,567,1400,5,0.13611110659419884,dumbbell,5,1,C05,heatgeo_4t
-4.61898561566557,-5.200455234130342,6.1682740026824945e-09,-7.158265501927582,-3.8655791456676525e-08,-0.0,0.9999999999941069,1.0,0.0,0.9014884432672027,0.938169132308659,957,1400,5,14.993673154711674,dumbbell,5,1,C05,heatgeo_4t
-4.938220018497351,-5.7043888797700815,4.969418439249029e-09,-7.158258247516057,-3.8655791456676525e-08,-0.0,0.999999999991143,6.0,0.0,0.8990171893102902,0.9334744953655454,169,1400,5,22.341765314293752,dumbbell,5,1,C05,heatgeo_4t
-4.290837407022047,-5.0276889092455,3.7898636590094625e-09,-7.158255195305659,-3.8655791456676525e-08,-0.0,0.9999999999914531,5.0,0.0,0.8834905571284515,0.931682245326268,1368,1400,5,25.02529101920981,dumbbell,5,1,C05,heatgeo_4t
-4.7830772543295526,-5.851248937950665,0.0,-7.15826810431907,-3.8655791456676525e-08,-0.0,0.9999999999906433,6.0,0.0,0.9175333671451573,0.938979980199971,903,1400,5,27.73849062964975,dumbbell,5,1,C05,heatgeo_4t
-4.348293457051127,-5.0459111695367564,7.479585832637081e-09,-7.1582619019147105,-3.8655791456676525e-08,-0.0,0.9999999999952025,5.0,0.0,0.897815299085266,0.9332998455630507,39,1400,5,30.760044039331625,dumbbell,5,1,C05,heatgeo_4t
-4.783980970191374,-5.439997787040947,6.816969298772957e-08,-7.158249316293675,-2.4568496428400977e-06,-0.0,0.9999999999902889,6.0,5.543352629866669e-08,0.8791347037799941,0.9306365037432884,140,1400,5,33.12776203089864,dumbbell,5,1,C05,heatgeo_4t
-4.4732032694040855,-5.198364509890025,8.226179556980462e-09,-7.158268977542098,-3.8655791456676525e-08,-0.0,0.9999999999938847,6.0,0.0,0.9109593718128411,0.9392877893559645,531,1400,5,35.47080421059177,dumbbell,5,1,C05,heatgeo_4t
-4.275983033656801,-4.814240499403425,9.324424773970996e-10,-7.158263125186595,-3.8655791456676525e-08,-0.0,0.9999999999947189,5.0,0.0,0.8991882663349101,0.9352530351667183,386,1400,5,37.986850446928834,dumbbell,5,1,C05,heatgeo_4t
-4.452462845655154,-5.21270597361376,1.6015492446119772e-08,-7.158263109716425,-3.8655791456676525e-08,-0.0,0.9999999999942063,6.0,0.0,0.9015626407683032,0.9332901212972137,885,1400,5,40.478276188156215,dumbbell,5,1,C05,heatgeo_4t
-4.62266109276092,-5.3100379343565836,0.0,-7.158269320756004,-3.8655791456676525e-08,-0.0,0.999999999994458,6.0,0.0,0.9122683147171091,0.9402060068326321,1096,1400,5,42.08098584554245,dumbbell,5,1,C05,heatgeo_4t
-4.392291878812059,-5.234663444618851,5.801221829304648e-09,-7.158260869945343,-3.8655791456676525e-08,-0.0,0.9999999999898015,5.0,0.0,0.8909935490002628,0.93421019281906,1141,1400,5,43.751403288728056,dumbbell,5,1,C05,heatgeo_4t
-4.795665077056446,-5.41089761340312,9.512403434386307e-10,-7.158267351475247,-3.8655791456676525e-08,-0.0,0.9999999999937013,6.0,0.0,0.9067276234313509,0.9392300750899726,674,1400,5,45.23916779765625,dumbbell,5,1,C05,heatgeo_4t
-4.563287255467223,-5.117905939962291,0.0,-7.1582601443958325,-3.8655791456676525e-08,-0.0,0.9999999999903715,6.0,0.0,0.8911781247347376,0.934513921227621,335,1400,5,46.60338607031162,dumbbell,5,1,C05,heatgeo_4t
-4.526846537987131,-5.136392019359457,0.0,-7.158255846640243,-3.8655791456676525e-08,-0.0,0.999999999993389,5.0,0.0,0.8938122256223102,0.9283415126101979,285,1400,5,48.33464711807166,dumbbell,5,1,C05,heatgeo_4t
-4.292362781655092,-5.143759061961626,9.401423826937982e-09,-7.158256901484158,-3.8655791456676525e-08,-0.0,0.9999999999932735,6.0,0.0,0.8947068151135305,0.9308982595516568,1072,1400,5,49.35879749987033,dumbbell,5,1,C05,heatgeo_4t
-4.531652194284603,-5.262963192806419,0.0,-7.158265850427068,-3.8655791456676525e-08,-0.0,0.9999999999941488,6.0,0.0,0.9045871707664088,0.9357687350459911,958,1400,5,50.19884762666368,dumbbell,5,1,C05,heatgeo_4t
-4.41636691938994,-5.085260563496349,1.0104760958529191e-08,-7.158258662336698,-3.8655791456676525e-08,-0.0,0.999999999993845,5.0,0.0,0.8872571965181553,0.9341469603237209,690,1400,5,51.11692640153936,dumbbell,5,1,C05,heatgeo_4t
-4.577294343260019,-5.244070609741238,1.3646681826240403e-08,-7.15826167785128,-3.8655791456676525e-08,-0.0,0.999999999992194,6.0,0.0,0.9015857803163003,0.9351308223766701,872,1400,5,51.763859115045385,dumbbell,5,1,C05,heatgeo_4t
-4.665335058772034,-5.48912085323557,2.5271860937259305e-08,-7.158257199212782,-3.8655791456676525e-08,-0.0,0.9999999999911549,6.0,0.0,0.8947556904613162,0.9301990458064773,209,1400,5,52.22040232750707,dumbbell,5,1,C05,heatgeo_4t
-4.590318636642288,-5.207012802594115,9.205403175838178e-10,-7.158267504485,-3.8655791456676525e-08,-0.0,0.9999999999918143,5.0,0.0,0.9102934038927933,0.9371621748945713,1008,1400,5,52.53552591527858,dumbbell,5,1,C05,heatgeo_4t
-4.443365464585056,-5.194433760066558,9.41518502051153e-10,-7.1582641849740245,-3.8655791456676525e-08,-0.0,0.9999999999928406,6.0,0.0,0.9022120088438244,0.9340413826721834,576,1400,5,52.62139560662185,dumbbell,5,1,C05,heatgeo_4t
0.0030259207583498374,-0.008243724798296742,0.06795879557969108,-7.117415456449903,-5.146394729614258,-0.0,0.46251727951484567,3.0,0.258673747371583,0.21154593505199265,0.5536379614322988,139,1400,5,-18.648436104658742,dumbbell,5,1,C05,fb_potential
0.035237418199185695,0.0036265214189907633,0.060819921924937216,-7.11567238802701,-5.105189323425293,-0.0,0.4482846312313378,4.0,0.2528344811985488,0.22124308243495,0.5623260993470555,345,1400,5,-12.713530228899094,dumbbell,5,1,C05,fb_potential
0.0220132543362311,0.015534464419267006,0.07814328656005592,-7.081408613947045,-4.508755683898926,-0.0,0.400020763041539,5.0,0.24036063998025897,0.20780902216624056,0.6119301509500464,567,1400,5,0.13611110659419884,dumbbell,5,1,C05,fb_potential
-0.002883878865442847,-0.026364058957293882,0.042762433653602515,-7.11235004401718,-4.763675689697266,-0.125,0.40534278352903774,3.0,0.22475224345609218,0.21218107682237874,0.5683521533303894,957,1400,5,14.993673154711674,dumbbell,5,1,C05,fb_potential
0.03204644836238015,0.00396187328173965,0.06272027742763203,-7.113818031082771,-5.197150707244873,-0.0,0.5005853108448095,5.0,0.2561484927941307,0.19269626527681535,0.531188018859929,169,1400,5,22.341765314293752,dumbbell,5,1,C05,fb_potential
0.07063219589718944,0.016146885300929923,0.05111912970902391,-7.120424162333104,-5.421932697296143,-0.0,0.3892927321325891,4.0,0.2873188875754219,0.20407916565006562,0.5469975237366553,1368,1400,5,25.02529101920981,dumbbell,5,1,C05,fb_potential
-0.006159672714708759,0.012869511830705054,0.051350927671694566,-7.120696883901092,-5.492185592651367,-0.0,0.45499713941999514,3.0,0.2837044121886779,0.20493074271740913,0.5461858014557341,903,1400,5,27.73849062964975,dumbbell,5,1,C05,fb_potential
0.01736885656278096,0.011159071312615534,0.04467037667268406,-7.099834510131096,-5.051375865936279,-0.0625,0.5007752437946736,1.0,0.26636259629769093,0.22041301701855043,0.5705856313184426,39,1400,5,30.760044039331625,dumbbell,5,1,C05,fb_potential
-0.019935234196691843,0.0034161907313241817,0.043686629822969975,-7.077217181959034,-4.787886619567871,-0.0,0.43866963938700154,2.0,0.23228471355504698,0.18242551383194447,0.5408164694021728,140,1400,5,33.12776203089864,dumbbell,5,1,C05,fb_potential
0.02246627352499563,0.018999279287509416,0.05704707677932763,-7.1006971574636575,-4.597550392150879,-0.0625,0.4942810568616572,1.0,0.23612218500310037,0.22015518549521443,0.615666721293586,531,1400,5,35.47080421059177,dumbbell,5,1,C05,fb_potential
1.6933082063961114e-05,0.04800658960535356,-0.006067124124755819,-7.102576157716728,-4.775658130645752,-0.25,0.49422335213633045,4.0,0.23870632169404477,0.2364693578135921,0.6197569150901825,386,1400,5,37.986850446928834,dumbbell,5,1,C05,fb_potential
0.006971724874264329,-0.01133787390148989,0.10501807451918242,-7.0868838684427935,-4.845139980316162,-0.0625,0.4184752629896225,1.0,0.26987709089096124,0.21938552739798625,0.6065062176678152,885,1400,5,40.478276188156215,dumbbell,5,1,C05,fb_potential
0.05719763452001953,0.021776556005937857,0.05678783220611347,-7.115059698694637,-4.811927318572998,-0.375,0.5558205669798921,5.0,0.25819469951390706,0.23870511370735842,0.6105594511596848,1096,1400,5,42.08098584554245,dumbbell,5,1,C05,fb_potential
0.05765036811346857,0.02025192874840604,0.06464028152572035,-7.080769262115102,-4.66809606552124,-0.0,0.5013868158146042,2.0,0.25748823827374806,0.22258310757018376,0.6227144074256507,1141,1400,5,43.751403288728056,dumbbell,5,1,C05,fb_potential
0.017168978060706185,0.05526388832106212,0.025831467612132543,-7.104253661809782,-4.8024773597717285,-0.5,0.4079185472112943,1.0,0.26689949572454463,0.239087596341817,0.6216094347566228,674,1400,5,45.23916779765625,dumbbell,5,1,C05,fb_potential
0.03704547645984001,0.042621254185886956,-0.014811510773807973,-7.116625456697687,-5.188047409057617,-0.0625,0.35437445946083657,5.0,0.27863990362420005,0.23145467683972507,0.5869836922246574,335,1400,5,46.60338607031162,dumbbell,5,1,C05,fb_potential
0.03341001452460459,0.01004543326717658,0.06598130863127696,-7.117917248421502,-5.119580268859863,-0.0,0.5139095621517271,3.0,0.25896476188118134,0.2116079523195627,0.5723476342052343,285,1400,5,48.33464711807166,dumbbell,5,1,C05,fb_potential
0.017034393506220363,0.02524002617216744,0.0618410948406326,-7.093471784182125,-4.983613014221191,-0.0,0.5359820521922285,4.0,0.27437465662013316,0.22255914674242055,0.5942909397182311,1072,1400,5,49.35879749987033,dumbbell,5,1,C05,fb_potential
0.018370756139768914,0.034028527546480294,-0.0017833183675028483,-7.11182451060509,-5.2071051597595215,-0.0625,0.37110655756675465,5.0,0.2814245855634867,0.2489289197420085,0.615120709006888,958,1400,5,50.19884762666368,dumbbell,5,1,C05,fb_potential
0.018993047004144996,0.008277220879528969,0.04398172522651957,-7.076169947668154,-4.568941116333008,-0.0625,0.46668475994888436,4.0,0.24043608447369091,0.2016073639176772,0.6063533239512734,690,1400,5,51.11692640153936,dumbbell,5,1,C05,fb_potential
0.05113094502017281,0.024276963640422096,-0.029714359305731262,-7.0917807889434705,-4.785895824432373,-0.0625,0.509743935060998,2.0,0.2615307413639596,0.23145501938193755,0.6057503982759713,872,1400,5,51.763859115045385,dumbbell,5,1,C05,fb_potential
0.04036033019616688,0.012224539486067039,0.119201279874764,-7.063282328270974,-4.36881685256958,-0.0,0.5337990711845337,4.0,0.2308005788492769,0.20928549899181692,0.6250411767852737,209,1400,5,52.22040232750707,dumbbell,5,1,C05,fb_potential
0.03690076630158167,0.035084910283071896,0.03259295296149407,-7.116537170946898,-5.0934672355651855,-0.0,0.5045149470339917,3.0,0.2615334689502212,0.22839877212661056,0.5830058522737553,1008,1400,5,52.53552591527858,dumbbell,5,1,C05,fb_potential
0.0424192812317597,0.03550317305087402,0.054161308673948035,-7.114047395306583,-4.989465236663818,-0.125,0.47343553284138723,1.0,0.2673943544115007,0.23028116147397934,0.609742933287789,576,1400,5,52.62139560662185,dumbbell,5,1,C05,fb_potential
-0.3382657368928278,-0.45810455080837903,0.06390127160998418,-7.151451357547618,-5.575295925140381,-1.0,0.6279002975068266,1.0,0.3312398307988479,0.31235702660856546,0.6147306713024513,139,1400,5,-18.648436104658742,dumbbell,5,1,D,plain
-0.24649698352401894,-0.3777102323062575,0.08725559004594802,-7.146333105205715,-4.736345291137695,-1.0,0.6265730260121865,2.0,0.259274834678434,0.3374401505474282,0.6598474133504214,345,1400,5,-12.713530228899094,dumbbell,5,1,D,plain
-0.06396698674477597,-0.20652760948648557,-0.02125348506026915,-7.127514874817946,-3.8413543701171875,-0.125,0.5691943646974075,2.0,0.1925164872003937,0.37107769526982015,0.7462718877267771,567,1400,5,0.13611110659419884,dumbbell,5,1,D,plain
-0.19451420429080338,-0.4049148299447259,0.10725021146079197,-7.1449381948322825,-4.97965145111084,-1.0,0.5232969374412606,2.0,0.2805306295015369,0.3271181988970914,0.6424325724703719,957,1400,5,14.993673154711674,dumbbell,5,1,D,plain
-0.35051182333059033,-0.4294877873670883,0.11296874380715063,-7.151870458667872,-5.8851518630981445,-1.0,0.35458104946640356,2.0,0.3643543527485857,0.2952769508118127,0.5980582509732625,169,1400,5,22.341765314293752,dumbbell,5,1,D,plain
-0.27058316512483405,-0.4763096303538753,0.11887645362179614,-7.15179402192893,-4.460427284240723,-1.0,0.49885492873639464,1.0,0.22616744388214496,0.3604283395321952,0.6643567903902438,1368,1400,5,25.02529101920981,dumbbell,5,1,D,plain
-0.3116873391728009,-0.4332798260178917,0.10757147566492564,-7.152198666021873,-6.01155948638916,-1.0,0.7266178033968294,1.0,0.3735967948749768,0.29439002162064776,0.5910592632258151,903,1400,5,27.73849062964975,dumbbell,5,1,D,plain
-0.17158598154545854,-0.2459798494042629,0.022674640390536207,-7.090937068736712,-4.119967460632324,-0.0625,0.5837572051544926,1.0,0.2341399588840484,0.3469976344463311,0.6937449133093022,39,1400,5,30.760044039331625,dumbbell,5,1,D,plain
-0.14249878893744242,-0.21662561542121678,0.013869481943228549,-7.140303083247393,-4.542998313903809,-1.0,0.5574755486003824,1.0,0.2617316556090865,0.332937518706886,0.6909189794664868,140,1400,5,33.12776203089864,dumbbell,5,1,D,plain
-0.21570249653332088,-0.28924085167742264,0.09255992187607415,-7.119354885930648,-4.066097259521484,-0.0,0.6029617635277198,4.0,0.2181536594202111,0.3536096903711154,0.6992936958390077,531,1400,5,35.47080421059177,dumbbell,5,1,D,plain
-0.2513793956436976,-0.31507838006923783,0.15882708215031038,-7.085987980506456,-3.9994704723358154,-0.0,0.7508767250255636,1.0,0.23755751647116863,0.3465113723679077,0.9347976233082691,386,1400,5,37.986850446928834,dumbbell,5,1,D,plain
-0.16956204059113258,-0.3171121268382246,0.017392188963667888,-7.147309302135748,-4.260659694671631,-1.0,0.5386370156956757,5.0,0.21388239345031193,0.353180232850334,0.6726978062326722,885,1400,5,40.478276188156215,dumbbell,5,1,D,plain
-0.16839282977619977,-0.3274419572767839,0.07876745692054911,-7.1464043042228464,-4.805870532989502,-1.0,0.5503504861049023,3.0,0.2621472449113164,0.34361093941931364,0.6595220098569835,1096,1400,5,42.08098584554245,dumbbell,5,1,D,plain
-0.2794762204210024,-0.26573813705659893,0.040994770724647245,-7.092062513790262,-4.999783039093018,-0.0,0.6713372382166654,2.0,0.33306296175665806,0.30089518754235417,0.6418574946196798,1141,1400,5,43.751403288728056,dumbbell,5,1,D,plain
-0.20995570390901808,-0.32633760341188583,0.0900303134837798,-7.143792579881383,-4.709373950958252,-1.0,0.5975902314505274,1.0,0.2611389983832024,0.34127768245387635,0.6545009725218618,674,1400,5,45.23916779765625,dumbbell,5,1,D,plain
-0.2684965086376157,-0.414408454004614,0.1375397139364828,-7.150163359613375,-5.634712219238281,-1.0,0.5009778017429457,2.0,0.3490952956627338,0.2958382504281657,0.596463842838745,335,1400,5,46.60338607031162,dumbbell,5,1,D,plain
-0.21079455035338485,-0.3774570906382462,0.03697046901395665,-7.150246033407924,-5.275179862976074,-1.0,0.5487235559443355,3.0,0.3023684119620019,0.3148463738996864,0.6267754797725255,285,1400,5,48.33464711807166,dumbbell,5,1,D,plain
-0.060269289565129135,-0.15549027237697868,0.04342376068671277,-7.100495279328337,-3.6608710289001465,-0.0,0.7173117731446312,4.0,0.1850270811764318,0.3728684332050173,0.7094587994880971,1072,1400,5,49.35879749987033,dumbbell,5,1,D,plain
-0.13677932584921668,-0.17816074970572235,-0.01726998774941827,-7.100397384435659,-4.377947807312012,-0.0,0.6646868078591764,1.0,0.278091342413878,0.3273335117803137,0.9045172719975325,958,1400,5,50.19884762666368,dumbbell,5,1,D,plain
-0.2827753800893778,-0.44474197337924,0.07289818609081847,-7.150867560653487,-5.478474140167236,-1.0,0.5816462258632993,1.0,0.31219352369196884,0.3190119902454075,0.6233795058645515,690,1400,5,51.11692640153936,dumbbell,5,1,D,plain
-0.15529291533241862,-0.2805091964416872,0.06340254055854783,-7.138354288393168,-4.141454219818115,-1.0,0.5784753947071852,3.0,0.2260971820233719,0.35272066590327567,0.6920181778885807,872,1400,5,51.763859115045385,dumbbell,5,1,D,plain
-0.15854943953862113,-0.2444308874194607,0.041722606930032165,-7.138882243600843,-4.830455780029297,-1.0,0.7037476313288269,1.0,0.2726780025980608,0.33251912791767635,0.653205198461412,209,1400,5,52.22040232750707,dumbbell,5,1,D,plain
-0.22022669122301733,-0.41982133928919213,0.11038564147478691,-7.151415816603823,-4.719521999359131,-1.0,0.3070153166675369,1.0,0.24098956613382824,0.3469702175325169,0.6513329345984069,1008,1400,5,52.53552591527858,dumbbell,5,1,D,plain
-0.21032806084633987,-0.3381327681803096,0.06476294678288635,-7.149719205621114,-5.158532619476318,-1.0,0.6321731923031224,2.0,0.29392692299697454,0.323026605979857,0.6308991692527746,576,1400,5,52.62139560662185,dumbbell,5,1,D,plain
-0.07160358105403422,-0.13611523377786094,0.054445588439582006,-7.1347312967050005,-5.200626373291016,-0.375,0.23822922580737493,2.0,0.26656415619311813,0.21736912029519193,0.5664528443094575,139,1400,5,-18.648436104658742,dumbbell,5,1,D,pca_denoise
-0.05060847577987057,-0.10507497249892934,-0.008975042861519254,-7.131123066770572,-5.148528099060059,-1.0,0.292128169422046,3.0,0.2772920954611321,0.24653891426524047,0.5963775834877356,345,1400,5,-12.713530228899094,dumbbell,5,1,D,pca_denoise
-0.00395404838484708,-0.010627450916734416,0.010999656906205555,-7.0950382963898235,-2.3958051204681396,-0.25,0.6127955883766631,2.0,0.09754557054628904,0.3797003880011089,0.805424662104084,567,1400,5,0.13611110659419884,dumbbell,5,1,D,pca_denoise
0.03625982754025281,-0.05039938633236196,0.06828054502780781,-7.120725293942956,-5.211802959442139,-0.0,0.4844930453542264,4.0,0.2892595000053683,0.25017012259538896,0.5960545720410738,957,1400,5,14.993673154711674,dumbbell,5,1,D,pca_denoise
-0.10658524532536198,-0.18658141400117764,0.08678940505116506,-7.1425552628374795,-5.700772285461426,-0.0,0.33298835131312765,2.0,0.2909213940596201,0.20748167891399139,0.43203852125127146,169,1400,5,22.341765314293752,dumbbell,5,1,D,pca_denoise
-0.06577287069234718,-0.173299868918129,0.09066990758217106,-7.141759194556219,-5.293824195861816,-0.0,0.2919650596314815,1.0,0.27772392838774645,0.2585441899776722,0.49379202364319924,1368,1400,5,25.02529101920981,dumbbell,5,1,D,pca_denoise
-0.10733538301568896,-0.11021110050945697,0.055972516472929355,-7.142371632424827,-5.700989723205566,-0.375,0.10497415818172115,1.0,0.29943013853656275,0.21424753468144053,0.44795365429389383,903,1400,5,27.73849062964975,dumbbell,5,1,D,pca_denoise
0.03028412201493101,0.009756621771666363,0.08751302225975366,-6.999707728991488,-4.47037935256958,-0.0,0.6557534628764625,1.0,0.26176399856197874,0.24826048835045741,0.6846224820755192,39,1400,5,30.760044039331625,dumbbell,5,1,D,pca_denoise
-0.026941994186054752,-0.058661921683474706,-0.055416396201291636,-7.11587920005296,-4.546367645263672,-0.9375,0.3101588510678982,2.0,0.22564081653833856,0.22819999460414322,0.6223983702439223,140,1400,5,33.12776203089864,dumbbell,5,1,D,pca_denoise
-0.002173669814240915,-0.019871943254489977,0.009394169392469268,-7.070920986272814,-4.62032413482666,-0.0,0.47597776480583176,3.0,0.2567749540817453,0.24817732318214367,0.6522333154702987,531,1400,5,35.47080421059177,dumbbell,5,1,D,pca_denoise
-0.047859996506738285,0.007655434083637628,0.023290659926477355,-7.009848907744923,-4.142204761505127,-0.0,0.7027640790281361,4.0,0.23964713825179995,0.23846438312886548,0.6846867192042617,386,1400,5,37.986850446928834,dumbbell,5,1,D,pca_denoise
0.004274966555457212,-0.014485838297798878,-0.0001375890913082392,-7.127727256193236,-4.960313320159912,-0.3125,0.3359106131911073,4.0,0.2594261196732791,0.26188027536475855,0.6387557832790592,885,1400,5,40.478276188156215,dumbbell,5,1,D,pca_denoise
-0.029944804503570267,-0.043901806889338924,0.06260164726632209,-7.112726862824686,-5.04152250289917,-0.0,0.27968770552005434,1.0,0.2691360849752822,0.23376443973366462,0.5965282092470162,1096,1400,5,42.08098584554245,dumbbell,5,1,D,pca_denoise
0.01993367101366749,0.009642895376471046,0.0244673226407352,-6.998909051480842,-4.247292995452881,-0.0,0.7452179188361949,1.0,0.2469650779452251,0.23994539849540777,0.6673804608701029,1141,1400,5,43.751403288728056,dumbbell,5,1,D,pca_denoise
-0.07037000330662968,-0.09975312132674409,0.008781488777898291,-7.1053383897383515,-4.70547342300415,-0.5,0.3664377333404342,2.0,0.2639164910518692,0.26778829494154893,0.6657288386724425,674,1400,5,45.23916779765625,dumbbell,5,1,D,pca_denoise
-0.11328599403376488,-0.18856829588450982,0.10465323627000647,-7.131409970573724,-5.284489154815674,-0.125,0.15115338465157596,1.0,0.2665027122828112,0.20317304191711089,0.5197578985181507,335,1400,5,46.60338607031162,dumbbell,5,1,D,pca_denoise
-0.07554628275759524,-0.1788550197018019,0.06853046202704899,-7.141440194286334,-5.4532151222229,-0.1875,0.45673694023944666,3.0,0.2828388296068426,0.24470884276530983,0.5784547286962745,285,1400,5,48.33464711807166,dumbbell,5,1,D,pca_denoise
0.01880904843505716,-0.009552854400861151,0.054336596841484855,-7.01337391803625,-4.417454719543457,-0.0,0.4407579317138096,4.0,0.2606861658720504,0.25108994296433107,0.6908308570135608,1072,1400,5,49.35879749987033,dumbbell,5,1,D,pca_denoise
-0.01328823418431394,0.0020556308724472856,-0.029475738956846492,-7.024490405452215,-4.008305072784424,-0.0,0.635434764281154,1.0,0.2206649626565803,0.26239960431197096,0.688362717509542,958,1400,5,50.19884762666368,dumbbell,5,1,D,pca_denoise
-0.028132574631954944,-0.08316738085725428,-0.0027737943226138744,-7.131353519855435,-5.283605575561523,-0.3125,0.3711981837568137,3.0,0.2796022226366994,0.23493811176759385,0.6119857631496703,690,1400,5,51.11692640153936,dumbbell,5,1,D,pca_denoise
-0.03507827726914969,-0.03775257719235027,0.0037056558300181727,-7.0900526768019265,-4.6350603103637695,-0.0,0.5014266893534868,4.0,0.24671245409603015,0.22997468202227572,0.6327543316240241,872,1400,5,51.763859115045385,dumbbell,5,1,D,pca_denoise
0.024692026115174345,-0.023936733173587802,0.06386706235968259,-7.107567902942977,-4.861233234405518,-0.0625,0.5831701768666853,3.0,0.2611496300933009,0.27108761334521947,0.6530641827004156,209,1400,5,52.22040232750707,dumbbell,5,1,D,pca_denoise
-0.10517268050450451,-0.17424074260803987,0.15765529834795242,-7.132245730055898,-5.322855472564697,-0.0625,0.3666201353440014,2.0,0.2812329103194392,0.22735845050786044,0.5770451643241878,1008,1400,5,52.53552591527858,dumbbell,5,1,D,pca_denoise
-0.1655141538514946,-0.1752835827004058,0.06690271285881413,-7.13706805497118,-5.358583450317383,-0.0,0.2546758649317372,2.0,0.2621672539586305,0.19608453401021303,0.44955265632395575,576,1400,5,52.62139560662185,dumbbell,5,1,D,pca_denoise
-0.0007448757569511634,-0.00041988856751548474,0.013829211553834873,-6.595841650349497,-5.686494827270508,-0.0,0.1398159887535485,6.0,0.11989607040579346,0.05062750981099476,0.16905557165872762,139,1400,5,-18.648436104658742,dumbbell,5,1,D,diffdist_t4
-0.0004902525402113789,-0.0002919250108902474,0.01749744269291354,-6.525831329522826,-5.5833892822265625,-0.0,0.08392879686976762,6.0,0.12213508162677743,0.05157241659427969,0.2210704797812723,345,1400,5,-12.713530228899094,dumbbell,5,1,D,diffdist_t4
-0.0002870824078707465,-0.00011504230455645682,0.00640613183064893,-5.98067262707878,-4.4786152839660645,-0.0,0.15409172328775272,6.0,0.12264209938191423,0.112067242381487,0.3795864627867812,567,1400,5,0.13611110659419884,dumbbell,5,1,D,diffdist_t4
-0.0005222325641338466,-0.00026980035685540585,0.015554663206414188,-6.261710964841971,-5.526546478271484,-0.0,0.17161988959280183,6.0,0.12086569886835144,0.05789610050521119,0.2179386070695939,957,1400,5,14.993673154711674,dumbbell,5,1,D,diffdist_t4
-0.000693531289399312,-0.0003481328585167168,0.020732069978406875,-6.497047786243073,-5.839912414550781,-0.0625,0.24140340378477104,6.0,0.13188185521197202,0.06349327798200982,0.16364555762266517,169,1400,5,22.341765314293752,dumbbell,5,1,D,diffdist_t4
-0.00019313727988835844,-0.0001936783821996148,0.023715018674620517,-6.112877711724655,-5.4703874588012695,-0.1875,0.3227781271196149,6.0,0.13142968959030543,0.06937802702279393,0.21615597251307483,1368,1400,5,25.02529101920981,dumbbell,5,1,D,diffdist_t4
-0.0006781041992622415,-0.00032122949232060727,0.014339955079571243,-6.573451387618087,-5.690526485443115,-0.0,0.1664454555761305,6.0,0.12313998844690993,0.06614809412691856,0.19099892625645343,903,1400,5,27.73849062964975,dumbbell,5,1,D,diffdist_t4
-0.0001151455932117896,-3.15859034660913e-05,0.029175611697348485,-5.181955926890362,-3.813974380493164,-0.0625,0.1737109376082264,6.0,0.10691157960933231,0.10272042654904398,0.7983383400891316,39,1400,5,30.760044039331625,dumbbell,5,1,D,diffdist_t4
-0.0006472989939723014,-0.0004070483499986066,0.011487586300820519,-6.59395570665895,-5.660134315490723,-0.0,0.2017641283769128,6.0,0.135471992953136,0.06989500729340509,0.18899406563101764,140,1400,5,33.12776203089864,dumbbell,5,1,D,diffdist_t4
-0.00027991934585074523,-0.00011580491681769113,0.017363520762742536,-5.86448103481457,-4.454606056213379,-0.0,0.28045368350262834,6.0,0.12806244171877953,0.10460184153573208,0.40744773521386085,531,1400,5,35.47080421059177,dumbbell,5,1,D,diffdist_t4
-9.639658403063083e-05,-3.9715105450587364e-05,-0.0026521298156049083,-5.516136620980441,-3.8903145790100098,-0.0,0.022739621302898,6.0,0.12733660167515112,0.13743594352731467,0.518126146660957,386,1400,5,37.986850446928834,dumbbell,5,1,D,diffdist_t4
-0.0005810038994041376,-0.0003144453683169746,0.014680364065833796,-6.385650866167114,-5.794122695922852,-0.125,0.14899176097843841,6.0,0.13264955003011503,0.05900247182005384,0.16778943734830026,885,1400,5,40.478276188156215,dumbbell,5,1,D,diffdist_t4
-0.00038537917321473263,-0.00023357797069963943,0.012797523955212425,-6.5709248896682615,-5.504647254943848,-0.0,0.14278370906406035,6.0,0.12913531625413502,0.0700552303625311,0.2247856662831213,1096,1400,5,42.08098584554245,dumbbell,5,1,D,diffdist_t4
-0.00011458718515543283,-2.932623969443971e-05,0.02068783877643947,-5.146651295238058,-3.8797965049743652,-0.0,0.29527633376969364,6.0,0.11402522763150916,0.12054362993890998,0.86048962970905,1141,1400,5,43.751403288728056,dumbbell,5,1,D,diffdist_t4
-0.0003799530376542343,-0.0002263873208060292,0.009680981062589269,-6.374180639473922,-4.910128593444824,-0.0,0.22273039130203148,6.0,0.11707778994117865,0.0740883100997232,0.2895621718139204,674,1400,5,45.23916779765625,dumbbell,5,1,D,diffdist_t4
-0.00024146992574560297,-0.00018559989683593242,0.029002321801723824,-6.140511202457718,-5.304238319396973,-0.0,0.47586025550859556,6.0,0.13521043339106842,0.08961672893993691,0.2698821478299271,335,1400,5,46.60338607031162,dumbbell,5,1,D,diffdist_t4
-0.0003882066926585392,-0.0002640250267812339,0.018884649697230055,-6.221663441925822,-5.6191558837890625,-0.0,0.18591795273360695,6.0,0.12134714298655724,0.05594884610055648,0.17250766136413248,285,1400,5,48.33464711807166,dumbbell,5,1,D,diffdist_t4
-0.00022447137048464536,-9.772310883345859e-05,0.015836247152687163,-5.80475180598453,-4.286954402923584,-0.0,0.08010756570251648,6.0,0.1111315947680018,0.0954719823029088,0.46121184286431716,1072,1400,5,49.35879749987033,dumbbell,5,1,D,diffdist_t4
-0.0001379538321595241,-6.280593148617887e-05,0.0072416344646842375,-5.6916768524810415,-3.907986879348755,-0.125,0.15039281805210142,6.0,0.1183102848833477,0.13240084621063744,0.5128354128891478,958,1400,5,50.19884762666368,dumbbell,5,1,D,diffdist_t4
-0.0008857256630906258,-0.00038576391211864836,0.009657332597683931,-6.6109560927395385,-5.864843368530273,-0.0,0.12180646992715662,6.0,0.13004042877382266,0.06050513854705002,0.17632440354177617,690,1400,5,51.11692640153936,dumbbell,5,1,D,diffdist_t4
-0.0003799191480403813,-0.0001918744432944573,0.005131755033213387,-6.537702780381826,-5.294704437255859,-0.0,0.3497428222202942,6.0,0.1361155767802358,0.08914228996312412,0.27966932711034787,872,1400,5,51.763859115045385,dumbbell,5,1,D,diffdist_t4
-0.0003153720705576203,-0.0001982935612935038,0.02064228956445121,-6.5268884049013085,-5.145394802093506,-0.0625,0.19287533572038112,6.0,0.13113284413727366,0.08325117409929832,0.2898918741408847,209,1400,5,52.22040232750707,dumbbell,5,1,D,diffdist_t4
-0.0003922482968533404,-0.00025225882983750226,0.014574800852652656,-6.22820569973597,-5.6359028816223145,-0.0,0.3113928905099137,6.0,0.11987199974894444,0.04779729129432285,0.16886863022785745,1008,1400,5,52.53552591527858,dumbbell,5,1,D,diffdist_t4
-0.0006468076721228756,-0.0003217090451373854,0.01384397576548628,-6.544840783423352,-5.728057861328125,-0.0,0.19875834053720937,6.0,0.1265153891137366,0.05987295507045415,0.1856891170126319,576,1400,5,52.62139560662185,dumbbell,5,1,D,diffdist_t4
-2.9515246490432204e-08,-8.994800488122998e-09,0.0034576660273487846,-5.585048110127879,-5.728330135345459,-0.0,-0.11434888363079344,2.0,0.07342761995028665,0.01595821350849806,0.09631904445865919,139,1400,5,-18.648436104658742,dumbbell,5,1,D,diffdist_t8
-2.157326599986006e-08,-7.793206511897829e-09,0.0003569480894300759,-5.525420137510136,-5.787827491760254,-0.0,0.3035136942191321,6.0,0.0845223109886904,0.02318169294182451,0.1076350305685099,345,1400,5,-12.713530228899094,dumbbell,5,1,D,diffdist_t8
-3.7095763208494364e-09,-9.095064262345018e-10,6.805381488714474e-05,-4.97065711324202,-4.571159362792969,-0.0625,0.05793879120896865,6.0,0.08681837726029276,0.045794368072289,0.34873470682966023,567,1400,5,0.13611110659419884,dumbbell,5,1,D,diffdist_t8
-1.799791313926975e-08,-7.192426013397512e-09,0.0014256083742168121,-5.47837433636099,-5.680026054382324,-0.0,0.2864478464916693,2.0,0.07660855610447395,0.018289445568215115,0.10467517516164726,957,1400,5,14.993673154711674,dumbbell,5,1,D,diffdist_t8
-3.028828405046121e-08,-9.707258759603083e-09,0.0032874902676123022,-5.5457626217582625,-5.7917327880859375,-0.0,0.17972609094393469,2.0,0.07546613026658262,0.01707520020981415,0.09358518151150151,169,1400,5,22.341765314293752,dumbbell,5,1,D,diffdist_t8
-6.806348738376543e-09,-2.8199440601763892e-09,0.005357210256913103,-5.312639643364756,-5.460306167602539,-0.0,0.15736279297585,2.0,0.08139065230272191,0.026488958438764556,0.12770752554215622,1368,1400,5,25.02529101920981,dumbbell,5,1,D,diffdist_t8
-2.2160411600799725e-08,-7.834092125721448e-09,-0.0013818488381082063,-5.52731856792977,-5.776702880859375,-0.0,0.33469746475402795,6.0,0.08096948599915085,0.01893845801904889,0.09853887106464254,903,1400,5,27.73849062964975,dumbbell,5,1,D,diffdist_t8
-1.0197177897550283e-09,-1.7275933994974892e-10,0.00608478799721838,-4.593281629501831,-3.973952054977417,-0.875,-0.3442835954572171,2.0,0.07244312152333263,0.04535094600978349,0.7988182981956609,39,1400,5,30.760044039331625,dumbbell,5,1,D,diffdist_t8
-2.3352814970599713e-08,-9.266056170976449e-09,-2.4116977060646824e-05,-5.528195944526563,-5.654151916503906,-0.0,0.04024769054886482,6.0,0.07533297211481943,0.016149042075025252,0.1108638820840974,140,1400,5,33.12776203089864,dumbbell,5,1,D,diffdist_t8
-2.8175236597658018e-09,-8.561386668797448e-10,0.004068373455564451,-5.001832102709635,-4.505352020263672,-0.0625,-0.07049754174169232,6.0,0.08588986349174874,0.04235127250929655,0.37351584564852885,531,1400,5,35.47080421059177,dumbbell,5,1,D,diffdist_t8
-7.04838247626781e-10,-2.509140966891049e-10,-0.0019143204241773893,-4.801889666555608,-3.8482296466827393,-0.125,0.06482885536404474,6.0,0.0741349200461243,0.06468166973583363,0.513136060529483,386,1400,5,37.986850446928834,dumbbell,5,1,D,diffdist_t8
-2.2463453830978787e-08,-6.920126781307265e-09,0.0028345335939325153,-5.498905060706107,-5.7707014083862305,-0.0,0.061953983710437394,2.0,0.08007535374593822,0.015711341314767886,0.09933021871790973,885,1400,5,40.478276188156215,dumbbell,5,1,D,diffdist_t8
-2.6252245688375994e-08,-9.243604454169384e-09,0.005040207557611226,-5.604064460800256,-5.725033760070801,-0.0,0.151330709198088,6.0,0.07845877057600988,0.02112293277527785,0.1001553192835168,1096,1400,5,42.08098584554245,dumbbell,5,1,D,diffdist_t8
-8.525060845067848e-10,-1.6376733921234382e-10,0.0054857080722167766,-4.456937981748428,-3.900292158126831,-0.75,-0.30893717813774646,2.0,0.07469156624883741,0.05232511735086579,0.8636384708222054,1141,1400,5,43.751403288728056,dumbbell,5,1,D,diffdist_t8
-1.1613525326993555e-08,-4.062760062405891e-09,-0.0016503751935765146,-5.318005376316144,-5.257903099060059,-0.0,0.1594652127649145,6.0,0.08451667332180512,0.03261065685653552,0.18407253903232393,674,1400,5,45.23916779765625,dumbbell,5,1,D,diffdist_t8
-9.42243900187601e-09,-3.2754472965200337e-09,0.005430808414426282,-5.345570867395708,-5.515942096710205,-0.0,0.40715871342982946,2.0,0.08448870099401704,0.031576039091872274,0.12388836866647333,335,1400,5,46.60338607031162,dumbbell,5,1,D,diffdist_t8
-1.534654323012754e-08,-4.618586357692749e-09,0.0034478908784690964,-5.385587016195238,-5.5730695724487305,-0.0,0.051410755072213335,2.0,0.07261979728752396,0.018471396333013083,0.11340827059804141,285,1400,5,48.33464711807166,dumbbell,5,1,D,diffdist_t8
-2.765736575558718e-09,-6.378140900142703e-10,0.0028026994873778265,-5.0131190488103785,-4.282045364379883,-0.0,-0.1683714263532356,6.0,0.05884122024352153,0.02501177722762732,0.4510388722981252,1072,1400,5,49.35879749987033,dumbbell,5,1,D,diffdist_t8
-1.539236993532814e-09,-3.9614572134702985e-10,-0.0029312513637307636,-4.8508357905811685,-4.108424663543701,-0.0,-0.05375481483358674,6.0,0.07227195062629704,0.04822371992911912,0.4836445862126447,958,1400,5,50.19884762666368,dumbbell,5,1,D,diffdist_t8
-2.2508397519773145e-08,-7.280902027784636e-09,-0.0027468529208148564,-5.515589602347987,-5.849116802215576,-0.0,0.16259482655905233,6.0,0.08328725983876786,0.022884136027622043,0.11472376975745145,690,1400,5,51.11692640153936,dumbbell,5,1,D,diffdist_t8
-2.6684647121739308e-08,-6.9755044346948235e-09,-0.000430632439010396,-5.54589221349147,-5.8312177658081055,-0.125,0.1890031337637803,6.0,0.0909326339716506,0.03324891662991514,0.11953506334692023,872,1400,5,51.763859115045385,dumbbell,5,1,D,diffdist_t8
-2.4424858052678388e-08,-8.331531721383257e-09,0.005931224610990412,-5.582803750133932,-5.727934837341309,-0.0,0.3935445609986612,6.0,0.08352080426107802,0.026662610904153713,0.10473232350139854,209,1400,5,52.22040232750707,dumbbell,5,1,D,diffdist_t8
-1.625382903595091e-08,-4.833334638721394e-09,0.0029241119944545405,-5.397298140778983,-5.583786964416504,-0.0,0.01016302084967284,2.0,0.07211111238121723,0.016185800206320655,0.10977524691558324,1008,1400,5,52.53552591527858,dumbbell,5,1,D,diffdist_t8
-2.2747999603613376e-08,-6.373379237150877e-09,0.0008182741891294741,-5.509420812593646,-5.851189613342285,-0.0625,0.07485805259070502,6.0,0.08676219631754442,0.022005743458759844,0.11106096012053718,576,1400,5,52.62139560662185,dumbbell,5,1,D,diffdist_t8
-9.115375677714155,-16.357353269804147,0.0,-7.158278717427826,-3.8655791456676525e-08,-0.0,1.0,4.0,0.0,0.9881022372607554,0.9928391777145087,139,1400,5,-18.648436104658742,dumbbell,5,1,D,heatgeo_t
-8.971988829047712,-16.64074071202045,0.0,-7.158277925306426,-3.8655791456676525e-08,-0.0,1.0,1.0,0.0,0.9833029440719756,0.989327611184998,345,1400,5,-12.713530228899094,dumbbell,5,1,D,heatgeo_t
-8.730485274408773,-14.868060347450509,0.0,-7.158277260032204,-3.8655791456676525e-08,-0.0,1.0,1.0,0.0,0.9784650371678718,0.9864331091776447,567,1400,5,0.13611110659419884,dumbbell,5,1,D,heatgeo_t
-9.286161241417965,-16.85902744299295,0.0,-7.158277766653159,-3.8655791456676525e-08,-0.0,1.0,1.0,0.0,0.982453190180743,0.9891829395192027,957,1400,5,14.993673154711674,dumbbell,5,1,D,heatgeo_t
-9.180709120396354,-16.581103064902504,0.0,-7.1582786010531425,-3.8655791456676525e-08,-0.0,1.0,1.0,0.0,0.9877173028548355,0.9921102737543945,169,1400,5,22.341765314293752,dumbbell,5,1,D,heatgeo_t
-9.30740962803665,-16.997383827549672,0.0,-7.158277838000078,-3.8655791456676525e-08,-0.0,1.0,1.0,0.0,0.9831867418140805,0.9897171564978167,1368,1400,5,25.02529101920981,dumbbell,5,1,D,heatgeo_t
-9.23211152223518,-16.687280557546263,0.0,-7.158278445510799,-3.8655791456676525e-08,-0.0,1.0,2.0,0.0,0.9865199520056616,0.9915309754287535,903,1400,5,27.73849062964975,dumbbell,5,1,D,heatgeo_t
-9.0303034854985,-15.507179076975005,0.0,-7.158274988739771,-3.8655791456676525e-08,-0.0,1.0,2.0,0.0,0.966339731001178,0.9795108086594453,39,1400,5,30.760044039331625,dumbbell,5,1,D,heatgeo_t
-8.75654204041559,-14.730438232050599,0.0,-7.1582781537089,-3.8655791456676525e-08,-0.0,1.0,1.0,0.0,0.9842921019113554,0.9905163361127506,140,1400,5,33.12776203089864,dumbbell,5,1,D,heatgeo_t
-8.756901459834795,-14.875924815694486,0.0,-7.158276989453725,-3.8655791456676525e-08,-0.0,1.0,2.0,0.0,0.9770922646879655,0.9859859428330062,531,1400,5,35.47080421059177,dumbbell,5,1,D,heatgeo_t
-8.964760457637613,-15.24322209889545,0.0,-7.1582760239188605,-3.8655791456676525e-08,-0.0,1.0,1.0,0.0,0.9717939506156706,0.9820064715320946,386,1400,5,37.986850446928834,dumbbell,5,1,D,heatgeo_t
-8.745816857113246,-14.959645094243227,0.0,-7.158277745457514,-3.8655791456676525e-08,-0.0,1.0,2.0,0.0,0.9824221081330156,0.9886494913438262,885,1400,5,40.478276188156215,dumbbell,5,1,D,heatgeo_t
-8.793778269263145,-15.518615334069253,0.0,-7.1582780076225205,-3.8655791456676525e-08,-0.0,1.0,2.0,0.0,0.9833975524800742,0.9899629483028282,1096,1400,5,42.08098584554245,dumbbell,5,1,D,heatgeo_t
-8.86128674606751,-15.17132872737622,0.0,-7.158274890644154,-3.8655791456676525e-08,-0.0,1.0,1.0,0.0,0.9658353771592586,0.9788242128858491,1141,1400,5,43.751403288728056,dumbbell,5,1,D,heatgeo_t
-8.735087809109466,-14.94976013557877,0.0,-7.158277941284429,-3.8655791456676525e-08,-0.0,1.0,1.0,0.0,0.9827958351547458,0.9895833433956657,674,1400,5,45.23916779765625,dumbbell,5,1,D,heatgeo_t
-9.407823939217934,-17.54271755216642,0.0,-7.158277610582675,-3.8655791456676525e-08,-0.0,1.0,1.0,0.0,0.9822671046849627,0.9877532660396762,335,1400,5,46.60338607031162,dumbbell,5,1,D,heatgeo_t
-9.19035658416195,-16.928925694333568,0.0,-7.158278017164852,-3.8655791456676525e-08,-0.0,1.0,1.0,0.0,0.9842436592376193,0.990399002945771,285,1400,5,48.33464711807166,dumbbell,5,1,D,heatgeo_t
-8.792528804402817,-15.151718995699323,0.0,-7.158276730943975,-3.8655791456676525e-08,-0.0,1.0,1.0,0.0,0.9751223354417907,0.9850860720132097,1072,1400,5,49.35879749987033,dumbbell,5,1,D,heatgeo_t
-8.721632548375043,-14.576260470381113,0.0,-7.1582757541901145,-3.8655791456676525e-08,-0.0,1.0,2.0,0.0,0.9699514093068441,0.9831731099728072,958,1400,5,50.19884762666368,dumbbell,5,1,D,heatgeo_t
-8.884391987401173,-15.446834758765933,0.0,-7.158278540441364,-3.8655791456676525e-08,-0.0,1.0,1.0,0.0,0.9870592219354635,0.9919576834691072,690,1400,5,51.11692640153936,dumbbell,5,1,D,heatgeo_t
-9.061140671526644,-15.704171101106223,0.0,-7.158277077512485,-3.8655791456676525e-08,-0.0,1.0,1.0,0.0,0.9777649647090473,0.9878534252311894,872,1400,5,51.763859115045385,dumbbell,5,1,D,heatgeo_t
-8.815239073802566,-15.637548114848988,0.0,-7.15827739584968,-3.8655791456676525e-08,-0.0,1.0,1.0,0.0,0.9798403037707439,0.9878881502741841,209,1400,5,52.22040232750707,dumbbell,5,1,D,heatgeo_t
-9.372426215599877,-17.09745476790277,0.0,-7.158278025541394,-3.8655791456676525e-08,-0.0,1.0,2.0,0.0,0.9841178927237705,0.9902981294354944,1008,1400,5,52.53552591527858,dumbbell,5,1,D,heatgeo_t
-9.420976737163953,-17.01750031065962,0.0,-7.158278293731332,-3.8655791456676525e-08,-0.0,1.0,1.0,0.0,0.9855925853044256,0.9909479976067984,576,1400,5,52.62139560662185,dumbbell,5,1,D,heatgeo_t
-8.960769750076805,-15.862644297278042,0.0,-7.158278551551186,-3.8655791456676525e-08,-0.0,1.0,4.0,0.0,0.9868223975567951,0.9920716220612388,139,1400,5,-18.648436104658742,dumbbell,5,1,D,heatgeo_4t
-8.80591980975445,-16.156856484787603,0.0,-7.15827766663088,-3.8655791456676525e-08,-0.0,1.0,1.0,0.0,0.9815001233513462,0.9881807169901423,345,1400,5,-12.713530228899094,dumbbell,5,1,D,heatgeo_4t
-8.54139607748525,-14.299438195712261,0.0,-7.158276920612167,-3.8655791456676525e-08,-0.0,1.0,1.0,0.0,0.9761281398625961,0.984970315527343,567,1400,5,0.13611110659419884,dumbbell,5,1,D,heatgeo_4t
-9.142670577997205,-16.38336452387729,0.0,-7.1582774888339245,-3.8655791456676525e-08,-0.0,1.0,1.0,0.0,0.9805568954692506,0.9880198250277095,957,1400,5,14.993673154711674,dumbbell,5,1,D,heatgeo_4t
-9.030316401336377,-16.09506082163823,0.0,-7.158278421279151,-3.8655791456676525e-08,-0.0,1.0,1.0,0.0,0.9863953610494096,0.9912635306808351,169,1400,5,22.341765314293752,dumbbell,5,1,D,heatgeo_4t
-9.166653919554285,-16.531290167415406,0.0,-7.158277568452043,-3.8655791456676525e-08,-0.0,1.0,1.0,0.0,0.9813707680882726,0.9886119273400189,1368,1400,5,25.02529101920981,dumbbell,5,1,D,heatgeo_4t
-9.086064966841958,-16.207465930048738,0.0,-7.158278248003308,-3.8655791456676525e-08,-0.0,1.0,2.0,0.0,0.9850680471738514,0.990622148794528,903,1400,5,27.73849062964975,dumbbell,5,1,D,heatgeo_4t
-8.861302986517073,-14.95600031922505,0.0,-7.158274362850822,-3.8655791456676525e-08,-0.0,1.0,2.0,0.0,0.9626574388787308,0.9772876902712602,39,1400,5,30.760044039331625,dumbbell,5,1,D,heatgeo_4t
-8.57539771281987,-14.171809582752447,0.0,-7.158277922168866,-3.8655791456676525e-08,-0.0,1.0,1.0,0.0,0.982597456091974,0.989497942998738,140,1400,5,33.12776203089864,dumbbell,5,1,D,heatgeo_4t
-8.57022415354845,-14.306563119587143,0.0,-7.158276616974225,-3.8655791456676525e-08,-0.0,1.0,2.0,0.0,0.9746047665255495,0.9844744602659464,531,1400,5,35.47080421059177,dumbbell,5,1,D,heatgeo_4t
-8.790936861337679,-14.682882393802988,0.0,-7.158275530973684,-3.8655791456676525e-08,-0.0,1.0,1.0,0.0,0.968720493520098,0.9800594097873332,386,1400,5,37.986850446928834,dumbbell,5,1,D,heatgeo_4t
-8.563656702906085,-14.407175828287444,0.0,-7.158277465103849,-3.8655791456676525e-08,-0.0,1.0,2.0,0.0,0.9805225323087889,0.9874286305544661,885,1400,5,40.478276188156215,dumbbell,5,1,D,heatgeo_4t
-8.614322552945529,-14.984782021816613,0.0,-7.158277758864315,-3.8655791456676525e-08,-0.0,1.0,2.0,0.0,0.9816048081258965,0.9888848188837116,1096,1400,5,42.08098584554245,dumbbell,5,1,D,heatgeo_4t
-8.679662355749501,-14.6077717969321,0.0,-7.1582742519294555,-3.8655791456676525e-08,-0.0,1.0,1.0,0.0,0.962096058786383,0.9765289001166436,1141,1400,5,43.751403288728056,dumbbell,5,1,D,heatgeo_4t
-8.551514672591189,-14.395067932685972,0.0,-7.158277684600841,-3.8655791456676525e-08,-0.0,1.0,1.0,0.0,0.9809372359987798,0.9884630352433691,674,1400,5,45.23916779765625,dumbbell,5,1,D,heatgeo_4t
-9.274851625919792,-17.10576429812382,0.0,-7.158277313805877,-3.8655791456676525e-08,-0.0,1.0,1.0,0.0,0.9803510134830615,0.9864353446643506,335,1400,5,46.60338607031162,dumbbell,5,1,D,heatgeo_4t
-9.04034880146545,-16.459368057669245,0.0,-7.158277769013123,-3.8655791456676525e-08,-0.0,1.0,1.0,0.0,0.9825435227780988,0.989367661988425,285,1400,5,48.33464711807166,dumbbell,5,1,D,heatgeo_4t
-8.606073999548483,-14.587499628449935,0.0,-7.158276326484861,-3.8655791456676525e-08,-0.0,1.0,1.0,0.0,0.972417176276476,0.9834749553254719,1072,1400,5,49.35879749987033,dumbbell,5,1,D,heatgeo_4t
-8.532080970885547,-13.997928106685679,0.0,-7.158275227330974,-3.8655791456676525e-08,-0.0,1.0,2.0,0.0,0.9666732609231302,0.9813548083583621,958,1400,5,50.19884762666368,dumbbell,5,1,D,heatgeo_4t
-8.712765322007565,-14.913932414667865,0.0,-7.1582783539133334,-3.8655791456676525e-08,-0.0,1.0,1.0,0.0,0.9856661037285235,0.9910945401126486,690,1400,5,51.11692640153936,dumbbell,5,1,D,heatgeo_4t
-8.900061099784038,-15.17563559739292,0.0,-7.158276716897106,-3.8655791456676525e-08,-0.0,1.0,1.0,0.0,0.9753541900977233,0.9865449714875829,872,1400,5,51.763859115045385,dumbbell,5,1,D,heatgeo_4t
-8.636757323964101,-15.106733845446591,0.0,-7.1582770737686054,-3.8655791456676525e-08,-0.0,1.0,1.0,0.0,0.9776575574039871,0.9865841853544894,209,1400,5,52.22040232750707,dumbbell,5,1,D,heatgeo_4t
-9.236601063064851,-16.636220460106138,0.0,-7.158277778401718,-3.8655791456676525e-08,-0.0,1.0,2.0,0.0,0.9824038804984524,0.9892559685668177,1008,1400,5,52.53552591527858,dumbbell,5,1,D,heatgeo_4t
-9.28953253925073,-16.55288623026371,0.0,-7.1582780784156075,-3.8655791456676525e-08,-0.0,1.0,1.0,0.0,0.9840397184721582,0.9899752759699556,576,1400,5,52.62139560662185,dumbbell,5,1,D,heatgeo_4t
-0.057078866432643566,-0.05068819146282532,0.08204161059792991,-7.0762704350018275,-4.990265369415283,-0.0,0.40622161235997484,3.0,0.2708377275026074,0.2155763795068443,0.5786507694597832,139,1400,5,-18.648436104658742,dumbbell,5,1,D,fb_potential
-0.06083315210381973,-0.07185927083212695,0.11876538772133231,-7.071803830249014,-5.110034465789795,-0.0,0.533950885947178,2.0,0.2538078869223336,0.17830155010092283,0.515947808291918,345,1400,5,-12.713530228899094,dumbbell,5,1,D,fb_potential
0.012553601518524434,0.013544294521772929,0.11858906309204008,-7.032424441558147,-5.275540351867676,-0.0,0.282548496150422,1.0,0.2607104930861476,0.17087754965173887,0.42528794696548067,567,1400,5,0.13611110659419884,dumbbell,5,1,D,fb_potential
-0.03916177978332605,-0.048290380156735084,0.13449972566361082,-7.05034786587532,-4.843595027923584,-0.0,0.5200891587665829,3.0,0.2560578316265838,0.1856086637475364,0.5397547600967628,957,1400,5,14.993673154711674,dumbbell,5,1,D,fb_potential
-0.0038379000658266015,-0.03814868612269057,0.07931764387152664,-7.089017418105159,-5.279989242553711,-0.0625,0.4107487737877347,4.0,0.2664311315652542,0.19892895055703036,0.5390923444878943,169,1400,5,22.341765314293752,dumbbell,5,1,D,fb_potential
-0.03875074117261798,-0.09271171822953903,0.12801355384738192,-7.088442984700043,-5.477021217346191,-0.0,0.4117205312993056,1.0,0.27287991922083776,0.17970845574240576,0.5070236542021829,1368,1400,5,25.02529101920981,dumbbell,5,1,D,fb_potential
0.00844632218032959,-0.04325523314210851,0.08913060975433654,-7.089707801064593,-5.405433654785156,-0.0,0.3945705402090536,1.0,0.27699010288973214,0.19648808458408967,0.5229633974447823,903,1400,5,27.73849062964975,dumbbell,5,1,D,fb_potential
-0.012042672225635589,-0.02467868834843662,0.11090624893591292,-7.021068923151086,-5.182323932647705,-0.0,0.43748830584003606,2.0,0.22655278960923922,0.13324202229481535,0.4045156557391253,39,1400,5,30.760044039331625,dumbbell,5,1,D,fb_potential
-0.0030846191239976735,-0.021308489840087225,-0.16453623087749036,-7.083376825171316,-4.8616485595703125,-0.4375,0.19963198993051362,5.0,0.24866021824247758,0.22912813673325103,0.6107527781643874,140,1400,5,33.12776203089864,dumbbell,5,1,D,fb_potential
-0.024333504968774476,-0.03547815410541335,0.06876132619533112,-7.048260635918702,-5.281373023986816,-0.0,0.3382374236206848,3.0,0.25930043381269696,0.17118679935759412,0.4293111110320903,531,1400,5,35.47080421059177,dumbbell,5,1,D,fb_potential
0.02701255846480193,-0.0059431941685184,0.11680566327132098,-7.007863325574872,-4.960742950439453,-0.0,0.3423456061129425,5.0,0.22353427276282103,0.13682889559408884,0.4465733044937856,386,1400,5,37.986850446928834,dumbbell,5,1,D,fb_potential
0.04326379760601512,-0.0012510454903672046,0.11474396710259327,-7.075504991690705,-5.15388298034668,-0.0,0.4351445210437789,3.0,0.27127150012837375,0.2228134482195783,0.571874867503456,885,1400,5,40.478276188156215,dumbbell,5,1,D,fb_potential
0.026820016104187147,0.0011930629146080826,0.05049084973013436,-7.065405624864393,-4.953827857971191,-0.0,0.3147371929296029,4.0,0.258814685238858,0.20410657994187764,0.579901509602159,1096,1400,5,42.08098584554245,dumbbell,5,1,D,fb_potential
-0.0014417886061645607,-0.005120318261009818,0.09278956046732287,-7.013057787980564,-5.07283353805542,-0.0,0.4565335456831377,1.0,0.22830558410029428,0.13105351105366558,0.41259160629661473,1141,1400,5,43.751403288728056,dumbbell,5,1,D,fb_potential
0.00923244531138667,-0.02569756832865239,0.016234839337620717,-7.06497967139482,-4.870059967041016,-0.1875,0.26388898614506257,2.0,0.26285419393571835,0.21357934413026994,0.5885082594547453,674,1400,5,45.23916779765625,dumbbell,5,1,D,fb_potential
-0.07267889759705279,-0.12541403915874452,0.09862152036484606,-7.0844313821585025,-5.377053260803223,-0.0,0.48417382298972933,1.0,0.2618351151322076,0.1770640066046101,0.40101319117599105,335,1400,5,46.60338607031162,dumbbell,5,1,D,fb_potential
-0.06953700480322465,-0.09173980311771822,0.18674126780760023,-7.078563078590682,-5.186516761779785,-0.0,0.46604804580372594,1.0,0.2830797622790041,0.2175884789793963,0.5579533396318788,285,1400,5,48.33464711807166,dumbbell,5,1,D,fb_potential
-0.0015560419750460582,-0.01849606713766946,0.12020841664085434,-7.031775201083578,-5.187469005584717,-0.0,0.45643354136288183,4.0,0.2575095322634067,0.15648489529087722,0.43970623985746127,1072,1400,5,49.35879749987033,dumbbell,5,1,D,fb_potential
-0.02513436044484224,-0.02719677732378565,0.12005872230173326,-7.016162399690714,-5.070405006408691,-0.0,0.5009049126138883,1.0,0.22950970897079503,0.1478992476223258,0.4542162011971241,958,1400,5,50.19884762666368,dumbbell,5,1,D,fb_potential
-0.016702641081612134,0.00403546847801898,0.0008687739004109539,-7.098866865816804,-5.386648654937744,-0.4375,0.38642607306213705,4.0,0.26802274883335914,0.2236773149879826,0.5967278713779555,690,1400,5,51.11692640153936,dumbbell,5,1,D,fb_potential
0.03186179969483202,-0.007594022119801259,0.037670523192055314,-7.051591243149441,-4.828744888305664,-0.0,0.43462223052310966,4.0,0.24443857382503634,0.1933544258170033,0.5566574850119832,872,1400,5,51.763859115045385,dumbbell,5,1,D,fb_potential
0.012714402746008744,0.0030288162671863795,0.04542218568424976,-7.048226129073237,-4.61852502822876,-0.0,0.4657725125985608,2.0,0.2272910122661563,0.19210544418996375,0.567273719907241,209,1400,5,52.22040232750707,dumbbell,5,1,D,fb_potential
-0.06002244348675544,-0.06875553990634065,0.16541592323160828,-7.085839316189844,-5.402003765106201,-0.0,0.3230988362082173,2.0,0.2788800301071124,0.19092168325119108,0.5210073214696679,1008,1400,5,52.53552591527858,dumbbell,5,1,D,fb_potential
-0.05253842260235657,-0.09184100655615468,0.14960755176185522,-7.094905865349429,-5.467168807983398,-0.0,0.24292929672105773,4.0,0.2833327235398637,0.19801181477981253,0.46489339277001046,576,1400,5,52.62139560662185,dumbbell,5,1,D,fb_potential
