d,seed,branch,est,ks,integ_sign,integ_mag,v4_m60,ent_cak,sent
3,0,B,plain,-22.548062598221478,-0.26025192674810427,0.14590795630311187,-1.3864894795880751,4.662093289737955,4.69555729522264
3,0,B,plain,-19.225024550522377,-0.28817911963614157,-0.2251320173049324,-3.586361007074537,3.122075626137075,3.982624246924048
3,0,B,plain,-11.762262800203482,-0.19558045664506918,0.4217974619754748,1.619613293307525,4.119053322085047,5.914081496823693
3,0,B,plain,-3.5550526795521264,0.20557833773197298,0.20347494923142348,1.2074024350144816,4.133473640690246,5.176748737566312
3,0,B,plain,2.5102588071524714,0.12252910456825539,0.25409299716743494,-0.8265236294891115,3.036567754737938,4.43188744470245
3,0,B,plain,6.159382675542515,-0.09726565551725724,0.3196408170209298,0.7506257284252378,5.669497033142311,14.731336962313478
3,0,B,plain,6.605360713324066,-0.20626992234433744,0.30891337152207404,-0.22735086145267744,7.497811571545123,16.427410751265192
3,0,B,plain,7.3857094587224115,-0.3222107281439043,0.08101114912300832,-0.400844659728915,4.515681114635843,6.992642314555214
3,0,B,plain,8.355744883799076,0.12307851892423838,0.4124246587500738,1.5312989964723105,5.234373797791369,14.969777885371794
3,0,B,plain,9.178669145217661,0.15773446697995308,0.5890425895606596,1.2595223591557234,8.264821129419753,16.10520544611953
3,0,B,plain,10.291751725325792,0.44810633495988106,0.6733491255759021,1.5590638090286693,6.314536118034042,13.529235839384505
3,0,B,plain,11.41168825762969,0.3409808996108997,0.640066375244652,2.008960997139406,7.501567805080779,14.438070156418682
3,0,B,plain,12.373259461365768,-0.020298759855928494,0.4348575821783494,1.282032913406966,7.9586666728786,14.29304562041639
3,0,B,plain,13.292811739534624,0.19365999712227666,0.6500235130642901,2.5231962217414425,9.237185736167039,15.43664324336154
3,0,B,plain,14.409416562572522,0.1489719836184853,0.6193523304863645,2.1873975513690445,10.86786716586809,16.29127167668258
3,0,B,plain,15.33757314504347,0.3334981634107175,0.5481288864587027,1.0637997326251154,5.44256149426062,7.2896873284375685
3,0,B,plain,16.176736933411025,0.42066103505942454,0.6703821157805309,1.716447196009305,7.961147024807722,14.35871705723344
3,0,B,plain,17.079064983670342,0.21271027447050572,0.7260611295641292,2.7057019354723404,9.842372563863615,11.947848826604083
3,0,B,plain,17.851715608550524,-0.22945210077868178,0.057880927520520334,2.142050201037701,6.522576231183134,10.414171500420641
3,0,B,plain,18.427504263358866,0.4247463822813411,0.6125526443903663,2.355651756423083,6.365728487120112,12.05536077187948
3,0,B,plain,18.86173140901876,0.4335478661800948,0.6935684112913809,1.4901067900928866,8.645676549722605,13.102222961888279
3,0,B,plain,19.292051405337936,0.011382478238449623,0.533932175133512,2.0706225928722706,8.891069525128678,14.667847757912142
3,0,B,plain,19.5323352139822,0.031766987664545776,0.6405762433724876,2.4914949392608823,8.970297964292667,14.012457047139842
3,0,B,plain,19.59838014117316,0.016146014389657903,0.6709580583971254,2.6042994195226243,6.454064245363583,10.603272102900933
3,0,B,pca,-22.548062598221478,0.13702183236732546,-0.27096143754096236,-1.130157941306402,5.413154327530902,5.393527619943867
3,0,B,pca,-19.225024550522377,-0.376337645839256,-0.23802241769797194,-3.0151393300122837,3.4769801858532827,4.111622383372122
3,0,B,pca,-11.762262800203482,0.0963483210089896,-0.027094041000149276,1.2921738708504669,4.5680779540445,7.042811204764346
3,0,B,pca,-3.5550526795521264,0.13197821157042933,0.40405929898828097,1.658149617498488,4.972403883004872,6.672571890213293
3,0,B,pca,2.5102588071524714,0.178334972013107,0.47691237769811334,-0.5144307460733495,3.4687583666947552,5.621297213552669
3,0,B,pca,6.159382675542515,-0.22182534169130436,0.27906573332374635,-0.23994562097240088,5.4754916176650985,14.910870566013408
3,0,B,pca,6.605360713324066,-0.20995403839448373,0.3107640978654229,-0.958246984964745,6.996256799113643,16.60852148099277
3,0,B,pca,7.3857094587224115,-0.2733612423909895,0.2957674884477271,-0.10452259321005468,5.091275106264436,8.492693474977754
3,0,B,pca,8.355744883799076,-0.17617791086534085,0.12653035067037804,0.5250344771589346,4.415633905824927,15.056235771113064
3,0,B,pca,9.178669145217661,-0.01359390088809903,0.5168531991767793,1.6712548142516306,7.610051066902065,16.29068532211419
3,0,B,pca,10.291751725325792,0.1376697862121804,0.6964164026771446,1.7411615787998829,5.872247950527001,14.108739689373262
3,0,B,pca,11.41168825762969,0.4439851340377685,0.7156662850265667,2.046073051599494,7.055856656696505,15.1337839201825
3,0,B,pca,12.373259461365768,0.42791551269984873,0.6175234888833736,1.8613525870956849,7.849288389631835,15.298208816827984
3,0,B,pca,13.292811739534624,0.4121647022286432,0.6406511756943761,3.135610775154035,8.539754572618914,15.585944877710892
3,0,B,pca,14.409416562572522,0.2594193516531569,0.7678012583331607,2.1523771445394715,9.946961530333613,16.24323726176083
3,0,B,pca,15.33757314504347,0.46308154170062144,0.6520985177970756,0.9206024724071811,5.643032011311243,8.70344075921942
3,0,B,pca,16.176736933411025,0.44683418909404626,0.6062768363575551,1.7597198666847438,7.621167423436611,15.209825549412317
3,0,B,pca,17.079064983670342,0.08468307564678601,0.691078805911192,3.5788747070389255,9.108793008381097,12.347911675444887
3,0,B,pca,17.851715608550524,0.09672449009496653,0.3323419533984831,1.2010309377577426,6.961669933921575,11.930842389634146
3,0,B,pca,18.427504263358866,0.15647942276901528,0.6308987008175542,1.840837589455204,6.350741638995593,13.023644579642244
3,0,B,pca,18.86173140901876,-0.15218086390209656,0.48295684404025935,0.753692358701569,7.961684989813461,13.798846443144923
3,0,B,pca,19.292051405337936,0.04453839681128724,0.5295727004981634,2.0151209647994786,8.476017621319341,15.426288484228596
3,0,B,pca,19.5323352139822,-0.013490401381796135,0.5510047737339049,1.6434942106667372,8.58346303914725,15.072774418007802
3,0,B,pca,19.59838014117316,0.10742694635176042,0.4678165387792847,2.7111632357492206,6.5399958237141425,12.03762349280335
3,0,B,diffusion_t4,-22.548062598221478,0.034359804156687046,0.12509214064730112,-0.6772719709268481,6.705814306103403,3.763501444534234
3,0,B,diffusion_t4,-19.225024550522377,-0.05890352634708912,0.18314432556088214,2.9615886665796882,5.042713009433745,5.572543958725898
3,0,B,diffusion_t4,-11.762262800203482,0.47180137404720135,0.8599431668701272,9.546943768881494,4.312035775104891,11.532761546630645
3,0,B,diffusion_t4,-3.5550526795521264,0.47268585150619435,0.6764863136130592,8.511751067364287,5.41465291831574,14.46168607090986
3,0,B,diffusion_t4,2.5102588071524714,0.4703297510538266,0.5794995380144107,9.695782195887903,4.947862549290286,14.036544060333183
3,0,B,diffusion_t4,6.159382675542515,0.48343685158537764,0.7317101296429975,12.256496585673771,5.739666585196197,26.808512168724548
3,0,B,diffusion_t4,6.605360713324066,0.488016035246002,0.781815335487578,8.096262290149685,6.390405015106066,35.252992130494185
3,0,B,diffusion_t4,7.3857094587224115,0.49062252706210074,0.7201475244379468,11.101473256378998,5.0400059610040255,22.684616787319293
3,0,B,diffusion_t4,8.355744883799076,0.4978705323358009,0.6183279150347571,10.679899888618477,3.95398513048857,34.69102046964142
3,0,B,diffusion_t4,9.178669145217661,0.49441063932209584,1.013361318990289,10.746362854672984,6.842741515627404,39.54921029582679
3,0,B,diffusion_t4,10.291751725325792,0.49241609524418806,0.7451516032102632,6.833866404584248,6.3092210294477065,36.45341413051763
3,0,B,diffusion_t4,11.41168825762969,0.4968519241825635,0.8118208669006772,8.543914687252018,6.473453720708686,40.22355871921751
3,0,B,diffusion_t4,12.373259461365768,0.4727546791390387,0.7428781524887027,7.149311199239142,7.370594596019066,37.402994856583824
3,0,B,diffusion_t4,13.292811739534624,0.2012713589529036,-0.032387624552509216,3.4747511306614727,8.500666764792209,44.96138363319637
3,0,B,diffusion_t4,14.409416562572522,0.14782412800990163,0.39633618064208137,-5.7855390979600205,10.13581252187198,56.72097293659457
3,0,B,diffusion_t4,15.33757314504347,0.4495445542469796,0.5383373704493377,9.44159666424369,4.805124493982535,21.275684092924173
3,0,B,diffusion_t4,16.176736933411025,0.11468074628197711,0.34192531761021044,0.8858884970673007,7.823217976531828,46.55460939919231
3,0,B,diffusion_t4,17.079064983670342,0.4898383937225482,0.8706353690744602,9.000656367344428,6.709061543453145,30.56396634705187
3,0,B,diffusion_t4,17.851715608550524,0.37440227001567483,0.47574098752090366,6.734075409833129,7.267711496115718,35.269188599966505
3,0,B,diffusion_t4,18.427504263358866,0.4964158928787753,0.9219897472712046,11.018513506335244,6.213763238258571,39.572343470929205
3,0,B,diffusion_t4,18.86173140901876,0.2989128844533048,-0.006857628552455938,2.2033185656466436,7.757409537647907,38.0535693832207
3,0,B,diffusion_t4,19.292051405337936,0.49844945629107185,0.747290326236416,11.114218503519545,6.353910217899093,34.04303069459096
3,0,B,diffusion_t4,19.5323352139822,0.4972637807866195,0.7500186814183191,10.423996137528398,6.368284736618348,33.53070146487222
3,0,B,diffusion_t4,19.59838014117316,0.49568056640039515,0.964495030254269,7.617930401790701,6.357041482486346,28.526614154528346
3,0,B,heatgeo_t2,-22.548062598221478,0.48892045966434305,2.126847212370515,-1.359294572347417,1.3362995207862123,9.397363247946052
3,0,B,heatgeo_t2,-19.225024550522377,0.47771887093202103,2.206466543045979,-0.7610903064456234,1.6147526041108118,8.33106442765918
3,0,B,heatgeo_t2,-11.762262800203482,0.49446684441111444,2.4711150421727024,-0.33668477565743404,1.9475888372832986,7.643543997136716
3,0,B,heatgeo_t2,-3.5550526795521264,0.4885854132367963,2.107634444444552,-2.5128297359894365,1.6738276484056147,8.673557997601678
3,0,B,heatgeo_t2,2.5102588071524714,0.4849916378981357,2.4814125818962007,-0.20998161816984276,1.8081862585381332,9.338341198277684
3,0,B,heatgeo_t2,6.159382675542515,0.3538964891983317,2.0094789818661707,-0.8117157000673652,0.47604380575824984,26.790024211718418
3,0,B,heatgeo_t2,6.605360713324066,0.46450695141704945,2.302610711094509,-3.50435448943282,-0.49326167455361775,28.308735533409205
3,0,B,heatgeo_t2,7.3857094587224115,0.481189247317676,2.4287546089076613,-2.3004779483756814,0.8886007297838977,12.35055949187304
3,0,B,heatgeo_t2,8.355744883799076,0.46323177985501574,2.5141704132936047,-3.4142275302449505,0.33259652558161884,25.396315079833553
3,0,B,heatgeo_t2,9.178669145217661,0.472936443701229,2.262576341206433,-3.752261012137869,-0.7887158468748918,25.870961149526188
3,0,B,heatgeo_t2,10.291751725325792,0.4738983403465352,2.5636679546663945,-3.5795516475385085,0.43466190853268577,22.08368300265489
3,0,B,heatgeo_t2,11.41168825762969,0.47716145826743095,2.6142593901586184,-2.741130105883867,-0.15391199648222267,22.770276821228343
3,0,B,heatgeo_t2,12.373259461365768,0.4587963329710114,2.344034769037973,-3.2626387872300304,-0.397489344191674,23.328631634585353
3,0,B,heatgeo_t2,13.292811739534624,0.472936443701229,2.315451302456019,-3.4965611262483716,-0.9185308503142032,23.79401173938303
3,0,B,heatgeo_t2,14.409416562572522,0.37386924501476504,2.1264216500141995,-5.3202087231379,-2.853191937922646,26.085293432218336
3,0,B,heatgeo_t2,15.33757314504347,0.4815833576270575,2.1795342038106416,-1.8962233925599872,1.2333413523317258,11.544376309990373
3,0,B,heatgeo_t2,16.176736933411025,0.4683095807698806,2.287438980165546,-3.6945534345854174,-1.2318177175122338,23.498349407897106
3,0,B,heatgeo_t2,17.079064983670342,0.4752429108657047,2.547774567661954,-2.728149741308495,0.31334038480187376,15.022134673755934
3,0,B,heatgeo_t2,17.851715608550524,0.4784020760974844,2.5525731001204317,-4.416956265470478,0.31038977896776243,15.490219248857768
3,0,B,heatgeo_t2,18.427504263358866,0.4475571559942353,2.3104184107942185,-3.849073629020608,-0.4334113970316653,19.11766897965976
3,0,B,heatgeo_t2,18.86173140901876,0.4655271464382599,2.5108683547797743,-2.7973155467219666,-0.6230804653029454,18.977216624048204
3,0,B,heatgeo_t2,19.292051405337936,0.45332883147162495,2.351012792418919,-4.347097939635697,-0.1787666554604391,19.606672609813973
3,0,B,heatgeo_t2,19.5323352139822,0.47722426078372093,2.53441626767626,-4.385289031681291,0.1232480118034054,17.58347616801025
3,0,B,heatgeo_t2,19.59838014117316,0.45332883147162495,2.4070849941248555,-3.478199417131359,-0.16601186932070477,17.97905902426261
3,0,C05,plain,-22.548062598221478,-0.23189446476169845,0.10584078817965359,-1.6047195119633084,10.412380857085903,5.552913104666527
3,0,C05,plain,-19.225024550522377,-0.2930171821008757,-0.35313290744357545,-1.2200084884124842,8.387180721142421,4.119776666463515
3,0,C05,plain,-11.762262800203482,0.28061087520695305,0.2676222091071953,-0.09116344199342062,6.229338934645628,3.195013337825337
3,0,C05,plain,-3.5550526795521264,-0.36588856247230744,-0.07225973515119705,-0.6401913464390817,3.017572553788904,1.4103012538676072
3,0,C05,plain,2.5102588071524714,-0.3419634606090467,0.22803790233386156,-1.0883035989487926,2.244566042324216,4.203787373600274
3,0,C05,plain,6.159382675542515,-0.19650820804648245,-0.020529483720044907,0.4286398974556281,10.36747621563111,14.162827932212418
3,0,C05,plain,6.605360713324066,0.03630802716564918,0.395245132582717,-0.40877426806950556,17.621281203230495,18.143897743105324
3,0,C05,plain,7.3857094587224115,0.23258963695298562,0.35811569729671505,0.10198953029316236,11.857465275761433,7.450030581731598
3,0,C05,plain,8.355744883799076,0.11953799360535422,0.2944446727742429,0.8213842568267713,13.06660075957429,17.617301548829907
3,0,C05,plain,9.178669145217661,0.18915157914697156,0.4264440197916512,-0.1298387356430902,14.735829409379358,14.374560960364265
3,0,C05,plain,10.291751725325792,-0.012139014996076392,0.4241338797357855,0.5827420440937837,14.105140535134483,14.279795435420544
3,0,C05,plain,11.41168825762969,0.01806062655913232,0.5594205011103434,-0.15630768238087847,23.88837745051326,15.638682525807031
3,0,C05,plain,12.373259461365768,-0.052784597881370854,0.44984753662212246,-0.5991581730632342,14.588214169459635,10.084514321065395
3,0,C05,plain,13.292811739534624,-0.24006782416985212,0.029872000953636752,0.9143158030414917,18.489305903760243,16.480341941622957
3,0,C05,plain,14.409416562572522,-0.41198371134476747,-0.48995127992577875,-2.4851151955225474,14.675177099624829,17.65916498138749
3,0,C05,plain,15.33757314504347,-0.055580905455273666,0.2819089746060914,-0.48616105303963053,14.33013141509734,14.95674045684422
3,0,C05,plain,16.176736933411025,0.08469196079818919,0.40998127547052216,0.5171056501293033,21.445610109976847,15.698209243214716
3,0,C05,plain,17.079064983670342,0.4085669462942183,0.6044357545382455,1.5775983346883677,17.14839154487184,7.1242770687280785
3,0,C05,plain,17.851715608550524,0.16062142167742055,0.4609408752628554,0.5820222536550016,10.598796803538303,8.317801884805483
3,0,C05,plain,18.427504263358866,0.28089622044417795,0.2527609817439378,-0.18831358259151587,11.57743415831062,7.410320170327834
3,0,C05,plain,18.86173140901876,0.1854647983607861,0.3206240077406338,-1.3849226010399298,18.563165935314547,16.044630682752747
3,0,C05,plain,19.292051405337936,0.4985045559538539,1.7192535614531685,0.5832092012434542,24.16278843237528,8.22365762624867
3,0,C05,plain,19.5323352139822,0.18442155369397129,0.09101067094626476,0.555330939264934,15.345223049635706,7.73631099424729
3,0,C05,plain,19.59838014117316,-0.038069929368159006,0.46877526449697043,0.6442224747040695,16.33002884590792,14.059738356469568
3,0,C05,pca,-22.548062598221478,-0.32366907068892314,-0.07456141766494784,-1.2371554770078677,8.246923662939217,6.193751861542304
3,0,C05,pca,-19.225024550522377,0.19661728660187705,-0.1291236720408343,-0.7870236509781076,6.96906861278375,5.470575351622181
3,0,C05,pca,-11.762262800203482,0.24283804512059626,0.2419102885014477,-0.08711344314794846,4.5908355718797935,3.98158370916447
3,0,C05,pca,-3.5550526795521264,-0.3338736448586661,0.4726684128919803,-0.924628477130044,3.001093849138065,1.9031333733188158
3,0,C05,pca,2.5102588071524714,0.06511019189128209,0.23331246399330774,0.2583540184010744,8.174634812257105,8.638829668489532
3,0,C05,pca,6.159382675542515,0.021662043745840687,0.44146311990891635,0.7079256857841076,6.692185694365529,14.856514142847029
3,0,C05,pca,6.605360713324066,-0.11096344933363639,-0.1099012022558038,0.21437357437433874,13.188507089185551,19.72204409409128
3,0,C05,pca,7.3857094587224115,0.1321042727995947,0.3041165243446528,0.44009593856934287,9.717062379473267,11.732590933434935
3,0,C05,pca,8.355744883799076,-0.05939750532048321,-0.31229137209773905,0.3415113342412011,8.93162970312677,18.08701508370877
3,0,C05,pca,9.178669145217661,-0.14732171873193556,0.4738487061013779,0.5615587467531341,11.414975118660987,16.04975696709093
3,0,C05,pca,10.291751725325792,0.3901468034217709,0.46662779529379433,1.4244379515454884,9.671757827454728,16.091160500040896
3,0,C05,pca,11.41168825762969,0.44074482397505343,0.7486664318016457,0.7836454931237062,14.068416408393974,17.81976231216014
3,0,C05,pca,12.373259461365768,0.46600034525096035,0.6485293766046216,1.3634324359468655,10.483675561341984,11.611137039129412
3,0,C05,pca,13.292811739534624,-0.2742953156847704,-0.17441970662051826,0.8173349006198436,13.031227176975008,17.45330249130305
3,0,C05,pca,14.409416562572522,-0.08646230304429992,0.16435936590909303,-1.0201242538747584,12.045017415654181,20.07618056092517
3,0,C05,pca,15.33757314504347,-0.162782501478691,0.3894476481185015,-0.7359101191389793,12.773820981854477,19.25138941240408
3,0,C05,pca,16.176736933411025,0.07456224053420069,0.5552642767014371,1.3333939147102523,13.411775302718114,17.30891879336426
3,0,C05,pca,17.079064983670342,0.4788683601278714,0.790657047144554,0.2403370757586517,11.199524136380612,12.115854302759196
3,0,C05,pca,17.851715608550524,0.03481868117590026,0.24575607577276212,-0.20114191805920528,9.444609436081548,11.147498087198125
3,0,C05,pca,18.427504263358866,0.46071007933633024,0.6619713394242767,0.992295453436189,8.343188726532242,9.516932657257327
3,0,C05,pca,18.86173140901876,-0.03344448258396204,0.49723425283381883,0.9317413880855879,12.36000696661136,17.725347515851002
3,0,C05,pca,19.292051405337936,0.27394983904030956,0.669374392847547,1.6909427941179582,11.747741445295128,16.016418590510487
3,0,C05,pca,19.5323352139822,0.4367587421088579,0.7005183731293891,0.8345947813358323,10.875099560153007,15.365454799493211
3,0,C05,pca,19.59838014117316,-0.07137498308381124,0.30586215218959184,1.1002908433983027,11.331336431819677,13.913192584916573
3,0,C05,diffusion_t4,-22.548062598221478,0.21328107430558718,0.4778511786058413,0.6287022779296573,7.100336510395689,3.8604371551140884
3,0,C05,diffusion_t4,-19.225024550522377,0.24427008766893987,0.44434045699619346,0.9782409014803158,7.989586060510141,2.0418382498866317
3,0,C05,diffusion_t4,-11.762262800203482,0.21302244386477776,-0.03409833399239214,-2.1044800784319944,7.046035071306347,-0.27046535049526865
3,0,C05,diffusion_t4,-3.5550526795521264,0.1804950781086182,-0.09603259692869788,-0.7484984452326061,5.764573288271704,-0.07909450771848923
3,0,C05,diffusion_t4,2.5102588071524714,0.14299801682892554,-0.19962978837651646,-2.0672274762987715,6.44359869562599,3.919828220320179
3,0,C05,diffusion_t4,6.159382675542515,0.40578549567148225,0.6143623436861828,8.08131418318432,6.319501992354166,6.694259236855063
3,0,C05,diffusion_t4,6.605360713324066,0.4254138425428682,0.7773317404573237,5.10197732927189,8.32392429970007,9.548674176788984
3,0,C05,diffusion_t4,7.3857094587224115,0.23864141125449412,0.3329002604682105,0.8689138082495862,7.852827138257843,7.976508034382546
3,0,C05,diffusion_t4,8.355744883799076,0.29991466452285964,0.7643729617164308,6.230381359885458,5.8315056386572275,9.308242043869718
3,0,C05,diffusion_t4,9.178669145217661,0.2269399817371066,0.48916577937228156,5.247873219274965,7.172577252584565,7.083868977299515
3,0,C05,diffusion_t4,10.291751725325792,0.22808486423530805,0.43161410512146614,2.3361726071825837,7.071310808425063,8.717227270394535
3,0,C05,diffusion_t4,11.41168825762969,0.3185157146506037,0.4795841392898335,1.073031245553067,7.8686653478782,8.10520183852341
3,0,C05,diffusion_t4,12.373259461365768,0.4335365615493224,0.7193146623425625,5.179409184538851,8.537456621100466,6.695559591512765
3,0,C05,diffusion_t4,13.292811739534624,-0.1056075608266705,0.3919569494723711,-0.14033304126610627,9.33048026422649,9.564210297517878
3,0,C05,diffusion_t4,14.409416562572522,0.21097805248950385,0.4223302200675774,-8.43342698350325,10.241759988188013,13.986784369694242
3,0,C05,diffusion_t4,15.33757314504347,0.2782313873532647,0.247198717380491,0.18451072449150827,9.428149803323954,11.476216240636118
3,0,C05,diffusion_t4,16.176736933411025,0.32121551620446165,0.5038154675829523,1.5393860591981656,7.612324986155356,8.38102457765471
3,0,C05,diffusion_t4,17.079064983670342,0.23420242127644098,0.907763780864874,2.3306881709584992,8.18023942195598,2.600561897780669
3,0,C05,diffusion_t4,17.851715608550524,0.23963256583177817,0.26829678344403957,-0.2068183765717531,6.720887376772025,5.7358832880722295
3,0,C05,diffusion_t4,18.427504263358866,0.15368725011160678,0.7425552394700834,3.5851151438565747,6.962854032773078,5.364000641357035
3,0,C05,diffusion_t4,18.86173140901876,0.22297545354898896,0.5911493970166545,-7.4460462705862325,10.136242656227923,11.555824740321741
3,0,C05,diffusion_t4,19.292051405337936,-0.34366357289977034,0.3477363767465592,1.9008294705248765,5.118601838266996,6.315584743709259
3,0,C05,diffusion_t4,19.5323352139822,0.3503599403310933,0.6985460595743346,6.819919855593532,4.787912683612923,4.74937212192696
3,0,C05,diffusion_t4,19.59838014117316,0.3026534520807258,0.26227873306515254,2.4142287263996196,10.20348808345637,10.010388057339636
3,0,C05,heatgeo_t2,-22.548062598221478,0.4960300229665615,2.6213620232012422,-3.671880153550527,0.6280055594242929,8.794892927789984
3,0,C05,heatgeo_t2,-19.225024550522377,0.48809063597114666,1.2938047005256237,-2.7042631095065937,0.4363507276426145,8.277463541813848
3,0,C05,heatgeo_t2,-11.762262800203482,0.4941866229883819,1.6684872032265832,-1.2211153223066151,2.095380094366749,5.202308979253753
3,0,C05,heatgeo_t2,-3.5550526795521264,0.4949647173170082,1.5927437717984918,-2.5017303630137078,1.8779257037837962,4.821653100605896
3,0,C05,heatgeo_t2,2.5102588071524714,0.4985215946473015,2.4566876349469786,-2.988577044890165,2.7870274076587136,3.424360618937339
3,0,C05,heatgeo_t2,6.159382675542515,0.44555539339604544,2.3047350044308335,-0.2712610126011726,-0.7490723518485233,19.98572090747421
3,0,C05,heatgeo_t2,6.605360713324066,0.2544719187311907,1.9231715388906017,-2.0740594060351545,-5.28009256046682,23.94018432248661
3,0,C05,heatgeo_t2,7.3857094587224115,0.49389189866805294,2.592656964708381,-1.8140079107562548,-0.45548881335855157,12.036166213478936
3,0,C05,heatgeo_t2,8.355744883799076,0.39549513951517334,2.0977916090719053,-1.842761869490626,-2.2661597511296265,20.867582948062246
3,0,C05,heatgeo_t2,9.178669145217661,0.4945839458882352,2.6465699402779572,-1.0565027393905884,0.4696865616257361,11.658161356117658
3,0,C05,heatgeo_t2,10.291751725325792,0.43750769435576986,2.0224434748675804,-1.319307808896264,-2.243286816303111,18.78602650902322
3,0,C05,heatgeo_t2,11.41168825762969,0.4128342019201249,2.0432640629795262,-4.314320910390658,-6.4008201407952425,18.474456243186477
3,0,C05,heatgeo_t2,12.373259461365768,0.375036198561872,2.264050880770844,-1.3739661361290387,-2.1799530161119898,14.998980166200855
3,0,C05,heatgeo_t2,13.292811739534624,0.23203446610176526,1.8078666366795972,-2.138385466284765,-5.52664097012428,19.171647469171834
3,0,C05,heatgeo_t2,14.409416562572522,0.3950325238472491,1.5778217805948893,-4.475012762429155,-3.6488222912006605,19.630422469608824
3,0,C05,heatgeo_t2,15.33757314504347,0.38532377085102276,2.3093549614645053,-1.004023419936424,-2.4326325944778144,17.49691281319588
3,0,C05,heatgeo_t2,16.176736933411025,0.4009026216174961,1.7216266702217489,-2.8578798145368753,-5.725005361483649,18.74393736408512
3,0,C05,heatgeo_t2,17.079064983670342,0.49233395338217445,2.530871050133097,-0.7385190037713096,-0.4234481577597135,10.089232370819545
3,0,C05,heatgeo_t2,17.851715608550524,0.49074520592423676,2.363682935739186,-2.3521307101038826,-2.0263485240056043,14.213559003508115
3,0,C05,heatgeo_t2,18.427504263358866,0.4978625494202177,2.7861946330904512,-2.166154296171331,-0.4359805236622193,11.113431485666293
3,0,C05,heatgeo_t2,18.86173140901876,0.3505634348085863,1.6540130835419353,-5.267849156498471,-8.951778682193275,20.323630944601227
3,0,C05,heatgeo_t2,19.292051405337936,0.4935937863771973,2.617750790767304,-1.8022794773155135,0.8078543962928669,7.015980344201567
3,0,C05,heatgeo_t2,19.5323352139822,0.49545693463821483,2.617548600374152,-0.6462352943292506,0.7151497837359726,8.944695297837235
3,0,C05,heatgeo_t2,19.59838014117316,0.33512708886044085,2.112377912775371,-1.489677403907973,-3.4413778396734336,15.87385736549183
3,0,D,plain,-22.548062598221478,0.3950989350492381,0.49388199812034905,0.3333445661011954,5.207001616882866,4.920270193469803
3,0,D,plain,-19.225024550522377,-0.11203872584602309,0.23388669102717954,0.2573218569568209,1.068176516725429,1.5352848575112794
3,0,D,plain,-11.762262800203482,0.030768761161393487,0.39692564454296786,0.22037103818576328,2.2297067026853505,2.7880877120038776
3,0,D,plain,-3.5550526795521264,0.3758192358375956,0.8235225432387906,0.7642378815743709,6.118792623859688,1.3445785924752487
3,0,D,plain,2.5102588071524714,0.4847364460859347,1.485677041231087,-0.11984480905325676,7.248548219283302,3.3729715673806338
3,0,D,plain,6.159382675542515,0.31143414348803333,0.4426883954339381,-0.10684598941532233,5.332595071479486,1.8590438555632796
3,0,D,plain,6.605360713324066,0.33776818690440713,0.6027011827983477,0.7893377919603664,5.991509007137802,4.901942795603432
3,0,D,plain,7.3857094587224115,0.2955411868663367,0.5164271852534554,0.47951925602724993,4.49956699179622,1.730858262602646
3,0,D,plain,8.355744883799076,0.47562251086453133,1.591248816044606,0.971206894366096,8.99309056762518,7.187985599316038
3,0,D,plain,9.178669145217661,0.46441097528655584,1.6733359233049747,1.1395209860254825,8.431801219675949,11.277902182592776
3,0,D,plain,10.291751725325792,0.0575746888315839,0.4975302599912219,0.1803766957057287,3.6490540820078605,1.8408280982440293
3,0,D,plain,11.41168825762969,0.459857279217184,0.6360840045303092,0.3835058286765623,5.875228597431692,4.625017663469434
3,0,D,plain,12.373259461365768,0.34291754163215626,0.7867944613421278,0.7028058074174682,5.862718195773763,2.0089604385152966
3,0,D,plain,13.292811739534624,0.45233107077908485,1.5341531315731456,0.9047280639305446,7.949970075456109,7.691953755002317
3,0,D,plain,14.409416562572522,0.3110454367337615,0.641353156902836,0.9470681615252877,8.536353413714444,4.689472708058013
3,0,D,plain,15.33757314504347,0.28279169112683955,0.45768708769059757,0.5186977589277653,4.664754609738739,2.6623111187484003
3,0,D,plain,16.176736933411025,0.11119292622156218,0.5076192323970009,0.46156210739517994,4.266708850223939,4.026030996127081
3,0,D,plain,17.079064983670342,0.3599742890605997,0.6663327865424372,0.8338039340730945,7.364922399824509,3.9797733625044653
3,0,D,plain,17.851715608550524,0.3551968303751518,0.5581468894735319,0.28425478279150773,3.3305831679929367,4.83494767827844
3,0,D,plain,18.427504263358866,0.3675801675151228,0.7542295295596011,0.49503690263494843,5.581563499939967,2.5158804845202307
3,0,D,plain,18.86173140901876,0.34912301562574755,0.41320106186458444,0.7300666918641194,4.668153230737584,2.9104031822965357
3,0,D,plain,19.292051405337936,0.4692542350170913,1.3893205441220835,0.919247282138369,7.299083838119426,3.6874385690814595
3,0,D,plain,19.5323352139822,0.48040783066663895,1.674391917453489,0.5732211575598317,9.139142073927498,4.28814918626567
3,0,D,plain,19.59838014117316,-0.21336508321771996,-0.49732233753260685,0.15999817060872376,0.6401423867282223,0.5515178383417646
3,0,D,pca,-22.548062598221478,0.2145456914754652,0.345750508047577,1.5966802290100741,10.335691273678455,8.045418173338625
3,0,D,pca,-19.225024550522377,0.4089586646658433,0.4690218548745179,-0.48359307543823865,8.394009995649158,3.7436280777881192
3,0,D,pca,-11.762262800203482,-0.336037680208827,0.3085469342917097,-0.4381145388205466,6.492917401312795,3.8596194756756064
3,0,D,pca,-3.5550526795521264,0.2676289547970201,0.5776962205028351,0.7414672474764511,5.955649134625305,2.24737447671217
3,0,D,pca,2.5102588071524714,0.39924006789623157,0.41757827098922934,0.5285487018111323,8.326048384161188,3.956957488094634
3,0,D,pca,6.159382675542515,-0.22528670819187285,0.37084455336864103,0.2887957617309189,7.936280601325933,2.6905221518200393
3,0,D,pca,6.605360713324066,-0.13333228703903433,0.007981220013101855,1.1360154077110183,14.94370699856568,8.525631936730205
3,0,D,pca,7.3857094587224115,-0.27994041010113513,0.09806624306042079,0.7688286762354558,7.489761962413645,2.585936394705655
3,0,D,pca,8.355744883799076,0.02010125048178668,0.4847667498435859,2.8174455814374446,15.903800403787343,6.266146878382759
3,0,D,pca,9.178669145217661,-0.02033897967558801,0.46470352966319667,2.404616703067332,13.812513032075426,10.208947410358318
3,0,D,pca,10.291751725325792,-0.22528670819187285,0.21428944342488496,0.23141696924269725,7.268421406864373,3.3340107813705933
3,0,D,pca,11.41168825762969,-0.003720905418983178,0.19108249823455647,1.0357474322743783,18.641014133092757,10.14206126248899
3,0,D,pca,12.373259461365768,-0.020670985797317964,0.4713647306309266,0.007220482041210398,5.407004825748383,2.595338448328518
3,0,D,pca,13.292811739534624,0.1378977518126343,0.40820770601932144,1.4967082694703489,22.45665222825861,11.423166807529993
3,0,D,pca,14.409416562572522,0.11031864684271964,0.4284824900740341,0.46137953197724585,18.709708755511443,6.45106372204639
3,0,D,pca,15.33757314504347,0.061958052833192556,0.4689124769197774,1.1522221835704465,7.774781045973375,3.4121699363822695
3,0,D,pca,16.176736933411025,0.11654852188070053,0.22438421563419741,1.4352664058092721,17.700093994176466,9.858043523977255
3,0,D,pca,17.079064983670342,0.44393132029221727,0.5683234566291105,1.7849591293976719,11.944175965407686,5.779500391444793
3,0,D,pca,17.851715608550524,-0.37269237854198556,0.17755405670029176,-1.35723573694968,10.949444200518895,6.501935896217897
3,0,D,pca,18.427504263358866,-0.29090938589212084,0.24865148743226068,1.2156910524604,8.041647329425395,2.7605761629919643
3,0,D,pca,18.86173140901876,0.003150578505164092,0.2873915105433107,-0.11869976296326783,11.079287744598904,5.3039160117549695
3,0,D,pca,19.292051405337936,0.3227257431942443,0.4727253915061812,2.5865710160254567,12.552373819214374,3.1163449290696352
3,0,D,pca,19.5323352139822,0.16896629893290738,0.5033682093614864,2.04257648987937,10.333046685222541,4.041631882552863
3,0,D,pca,19.59838014117316,-0.24383465437189766,0.1554522637250428,0.7625363728284055,5.289112234391701,1.3812825328921428
3,0,D,diffusion_t4,-22.548062598221478,0.05658498574010107,0.7369194112330355,-2666.842686885192,9.719521925425623,4.247306484698312
3,0,D,diffusion_t4,-19.225024550522377,-0.05337898369331062,-0.5409821067599972,-5939.586203961785,4.4216323725201025,-5.4416827922348965
3,0,D,diffusion_t4,-11.762262800203482,0.174378387739913,0.5140336546983957,-3815.201974276954,10.04509461641209,-0.06158458958461935
3,0,D,diffusion_t4,-3.5550526795521264,-0.08202602114524282,-1.4975802106270422,-5767.741788821821,3.6595156276316603,-3.8300973606631037
3,0,D,diffusion_t4,2.5102588071524714,-0.11342777305322266,-0.9028323907362316,-8871.414898093688,5.139711495361078,-2.280277918723587
3,0,D,diffusion_t4,6.159382675542515,0.013547932563021337,-1.4268888372240534,-4289.095245398422,2.113543204165003,-8.886338033844906
3,0,D,diffusion_t4,6.605360713324066,-0.003144546961125372,0.3253496771870064,-3879.6515484799543,7.412563030919212,0.9008596115934615
3,0,D,diffusion_t4,7.3857094587224115,0.09118430357394558,-0.7995648074842305,-6924.3496110295355,4.2768712037852366,-6.60487825811936
3,0,D,diffusion_t4,8.355744883799076,-0.1967904805425706,-0.05173057413449531,-10601.796122617583,2.08418837763764,-6.186197859031353
3,0,D,diffusion_t4,9.178669145217661,0.41745297558082994,0.2542265206945925,-1827.1084834345381,11.850432594614189,2.1813254054747335
3,0,D,diffusion_t4,10.291751725325792,0.03331958485349784,-1.5367152150128047,-5564.935962297909,2.160094339961696,-6.873094117465445
3,0,D,diffusion_t4,11.41168825762969,0.04217672133853778,0.44842492681130613,-3602.2244751319554,7.759718570159205,3.0940354870758733
3,0,D,diffusion_t4,12.373259461365768,-0.04026560765457016,-0.05353224897123885,-4235.00179891238,2.407344435490484,-4.628079639017262
3,0,D,diffusion_t4,13.292811739534624,0.45859725860091327,0.9734843119410893,-1905.7520355800434,17.94679603454096,0.40737713961098665
3,0,D,diffusion_t4,14.409416562572522,0.13771628219762466,-0.14489466357874145,-4788.32782449793,5.815227734414303,-4.624383822125152
3,0,D,diffusion_t4,15.33757314504347,-0.1967904805425706,-0.061999073724057864,-9602.414015785345,2.6206970800714653,-5.536852051725714
3,0,D,diffusion_t4,16.176736933411025,0.08140974542117119,0.7369194112330355,-2517.8793441267017,10.537571079054871,4.284435321496559
3,0,D,diffusion_t4,17.079064983670342,0.4495693655862003,0.8897611540493843,-2206.194096245617,17.982259722107663,-1.9670208752451475
3,0,D,diffusion_t4,17.851715608550524,0.46404353715587876,0.767797107001487,-2784.147944149043,13.53039629171464,3.990293560007765
3,0,D,diffusion_t4,18.427504263358866,-0.06844214077212096,-1.4863147330422712,-3370.836625676497,2.5462174156993256,-3.636261042750544
3,0,D,diffusion_t4,18.86173140901876,-0.12089754989842627,-0.4811205784315608,-3276.735005328799,7.970482349401048,-0.897636777833706
3,0,D,diffusion_t4,19.292051405337936,-0.14282585730118574,-0.9281507154767024,-6969.320877604772,3.378206613462397,-7.945289569004837
3,0,D,diffusion_t4,19.5323352139822,-0.14741412919427344,-1.4351441708049149,-6700.638851890679,7.32465463677337,-4.128429220846035
3,0,D,diffusion_t4,19.59838014117316,-0.04588555373025238,0.0747706302362505,-8019.585239433309,4.925411573649766,-4.76077727833089
3,0,D,heatgeo_t2,-22.548062598221478,0.476362129574891,2.757370163173856,-0.9237893604896574,0.0,16.238857467812633
3,0,D,heatgeo_t2,-19.225024550522377,0.4940052163109565,2.7162827117607415,-1.059916071257261,0.0,6.497626556982448
3,0,D,heatgeo_t2,-11.762262800203482,0.4792673399898244,2.7639473630101095,-0.7186543745154258,0.0,13.867754453034419
3,0,D,heatgeo_t2,-3.5550526795521264,0.4955987959011091,2.7379825371425013,0.011227022959869805,0.0,7.24139822335361
3,0,D,heatgeo_t2,2.5102588071524714,0.4947534784573714,2.7581536861355893,-0.44868862753554917,0.0,11.048703256749258
3,0,D,heatgeo_t2,6.159382675542515,0.4940052163109565,2.725561339994017,-1.4617904508385604,0.0,5.674873754139206
3,0,D,heatgeo_t2,6.605360713324066,0.4661572086204434,2.7619127690770524,-0.24609484968846748,0.0,16.045644886727604
3,0,D,heatgeo_t2,7.3857094587224115,0.492576607859045,2.735858879717515,-1.4257389407697754,0.0,9.36759830144066
3,0,D,heatgeo_t2,8.355744883799076,0.48228283433732244,2.751860001693948,0.031062472077594265,0.0,15.363016686697538
3,0,D,heatgeo_t2,9.178669145217661,0.4486003185169888,2.7619127690770524,-0.23768136352390531,0.0,20.301055669750728
3,0,D,heatgeo_t2,10.291751725325792,0.4940052163109565,2.725561339994017,-1.518980034292993,0.0,6.464832529815803
3,0,D,heatgeo_t2,11.41168825762969,0.476362129574891,2.757370163173856,-0.9647196160020747,0.0,17.37589360601848
3,0,D,heatgeo_t2,12.373259461365768,0.49235126858926925,2.710378278024213,-1.330503950109479,0.0,8.545199574638648
3,0,D,heatgeo_t2,13.292811739534624,0.426561548442115,2.7112565361704326,-0.5180176078779465,0.0,24.657377116011627
3,0,D,heatgeo_t2,14.409416562572522,0.4809087027076855,2.792147459548403,0.30255422473803595,0.0,16.17230846885647
3,0,D,heatgeo_t2,15.33757314504347,0.4923442030344456,2.753611080232393,-1.0180090786304055,0.0,11.120911701430686
3,0,D,heatgeo_t2,16.176736933411025,0.476362129574891,2.757370163173856,-1.250888362568257,0.0,17.627595928073493
3,0,D,heatgeo_t2,17.079064983670342,0.4486003185169888,2.7619127690770524,-0.4098704870012734,0.0,19.726291996871822
3,0,D,heatgeo_t2,17.851715608550524,0.4639015236268591,2.7666487914071314,-1.6484527102141433,0.0,19.50066591010841
3,0,D,heatgeo_t2,18.427504263358866,0.49235126858926925,2.710378278024213,-1.6893194473074051,0.0,8.91466356035882
3,0,D,heatgeo_t2,18.86173140901876,0.4923442030344456,2.7628897084656683,-1.2195545771309255,0.0,11.070266453242674
3,0,D,heatgeo_t2,19.292051405337936,0.49454786814635465,2.7482800768659996,-0.09386735756972313,0.0,10.000927361754401
3,0,D,heatgeo_t2,19.5323352139822,0.46627313446757657,2.751860001693948,-0.10293239924926914,0.0,15.207332316025271
3,0,D,heatgeo_t2,19.59838014117316,0.4940052163109565,2.7162827117607415,-0.8355271970104913,0.0,6.043626378144878
3,1,B,plain,-22.5473601470225,0.24628151922885477,0.11495849260252415,-1.102945125406815,4.260000153589018,3.4526403115454536
3,1,B,plain,-19.54807815522921,-0.25273266036205666,0.01655323250162363,-1.9390865463453182,4.239928822047413,4.219353347191302
3,1,B,plain,-12.932922920056045,-0.26776083845937126,-0.29875837389823834,-2.3551274718122843,5.180701076776177,5.426760113919891
3,1,B,plain,-4.475007189638757,-0.2837529388894021,0.31774465312905176,-1.9251725142136424,3.2476119025651036,3.646660247239623
3,1,B,plain,3.9266380383469093,0.0812025184926215,0.14680751159102068,0.1448337791094016,3.6784409393746484,6.184506113346589
3,1,B,plain,6.366942189056861,0.29892693931985603,0.7210987137639898,2.341468292243768,4.497057051782248,12.239056464637843
3,1,B,plain,6.844623507345642,-0.03363367127122846,0.6110855072772676,0.973914626908062,8.180969999808207,14.686533488348141
3,1,B,plain,7.521507126122807,0.44685164048447945,0.6063060797418484,1.2391701720612542,8.57348926315587,17.727604906541444
3,1,B,plain,8.426042437960886,-0.09662256893763849,0.3441258361708734,0.11395687880632152,7.607018467710414,15.694610330508837
3,1,B,plain,9.332303695601677,0.06407694114211004,0.5546254814677316,1.6463455069602695,8.721891432703996,15.712718572489287
3,1,B,plain,10.45608464159697,0.10809748432425348,0.3384059892389441,-0.10224971960749044,7.418506960344922,16.118613779566726
3,1,B,plain,11.680628763081609,0.4428173591739636,0.877212571277587,2.768711624437437,7.1417977565515915,13.334960663016561
3,1,B,plain,12.58921273445755,0.23385651367791038,0.461070645514064,1.870358999945436,6.615215709472528,14.265847209212657
3,1,B,plain,13.716086562755594,0.45855560201125745,0.6030958692414571,0.8358670167630864,4.789781426188945,8.49217764869986
3,1,B,plain,14.727809699382144,0.25701659827786527,0.5942170907009826,1.9404911383057044,7.840457194183619,13.8861647688083
3,1,B,plain,15.448150608364811,0.20048056266436198,0.5817189729470015,1.4789479506177712,6.399977338901493,7.2941034391470865
3,1,B,plain,16.44847809418128,0.22412465953884664,0.5379426783324763,1.3338046075166587,8.414937169782627,15.924492752212604
3,1,B,plain,17.183175550659318,0.25378105755153735,0.5101306641624297,0.010555098444234969,6.573111616456885,11.384838189429615
3,1,B,plain,17.845054462424237,0.45325555198153833,0.6926463535848394,2.966774534259281,8.119761007960387,16.148349374984317
3,1,B,plain,18.477853740953684,0.44973558548617043,0.8457367969390093,1.675104130656219,7.6528169044822905,12.334602771730825
3,1,B,plain,18.953242809572938,0.03717139141837378,0.549041023498426,1.3276556817614524,8.261498124340047,11.940332656198338
3,1,B,plain,19.316911019284742,0.45300297753426877,0.7882517172029498,1.1143644925114822,7.433560459001125,11.713366933478033
3,1,B,plain,19.53154101653702,0.43467082687141534,0.7099324614284865,1.4695868076590146,6.5285604967779625,12.386405029889296
3,1,B,plain,19.598409833538604,0.06600701787918073,0.7119086586923746,1.689759754233726,9.110206951803264,14.004550154670008
3,1,B,pca,-22.5473601470225,0.2204533189502229,-0.0020392118651267736,-0.7924794754633004,5.157673318079132,3.8299493836846112
3,1,B,pca,-19.54807815522921,-0.26131255506109113,0.01655323250162363,-1.658443923622986,4.984710427605216,4.972492663549911
3,1,B,pca,-12.932922920056045,-0.05325270550747013,0.4101522227433803,-1.1992931506427185,6.0200074185195955,6.61632352916866
3,1,B,pca,-4.475007189638757,0.2257349138622684,0.2663308528347644,0.41736527020847525,5.038778291058252,4.671854144076173
3,1,B,pca,3.9266380383469093,0.1425850519379417,0.1399480908343592,0.5872576898932815,4.4224560638180765,7.284833950624755
3,1,B,pca,6.366942189056861,0.4137739483599182,0.65169274940826,1.6563994854938338,4.078872572983732,11.940213188383444
3,1,B,pca,6.844623507345642,0.18771856288560973,0.5767821156214318,0.9695886936253424,8.349871968601624,14.948907810234614
3,1,B,pca,7.521507126122807,0.42177679144207847,0.6641227348755531,1.7490595945101284,8.190067797383161,18.23436848388387
3,1,B,pca,8.426042437960886,0.40146407726351196,0.4241208422299853,0.4363686332742442,7.139798240601052,15.7209627515067
3,1,B,pca,9.332303695601677,0.021735117633164047,0.5218144941312871,1.92955154158399,8.508133656086812,15.97378739437916
3,1,B,pca,10.45608464159697,-0.42196792616464407,0.22145748866852882,-0.2930545435621214,7.201250030814295,16.282845073456258
3,1,B,pca,11.680628763081609,0.4418842855457079,0.7619919820838725,2.9056154434282115,7.01489990497629,14.232811985645695
3,1,B,pca,12.58921273445755,-0.031527398613195534,0.44399554067984276,2.3591546341901215,6.564932644068726,14.624142838898683
3,1,B,pca,13.716086562755594,0.32291601760700306,0.5152815015060423,1.595662154284439,5.427312804761627,10.436917862751955
3,1,B,pca,14.727809699382144,0.43543530982466505,0.67277429915346,1.8897287318885836,7.819419429932587,14.365880620751227
3,1,B,pca,15.448150608364811,0.013776617873874408,0.480872430210375,1.548868835253555,7.100488709163901,8.595491205049195
3,1,B,pca,16.44847809418128,0.12228112885843023,0.4799956178122542,0.9799551358918437,7.9523967621479805,16.69763998375379
3,1,B,pca,17.183175550659318,0.1854536191477445,0.38023257430912205,0.01686647833850689,7.015228396882451,12.49593365782313
3,1,B,pca,17.845054462424237,0.43329924941574693,0.6871337771998152,3.4163422551951874,7.98436045284303,17.099563950911207
3,1,B,pca,18.477853740953684,0.42871132529476463,0.6723297807880512,1.0687279771876255,7.036480394985326,12.495699942950473
3,1,B,pca,18.953242809572938,0.13353341254709983,0.4836451622426548,0.9705547289347884,8.238875029585374,13.24724797136547
3,1,B,pca,19.316911019284742,0.4220876911422642,0.5361542987949094,0.30767675811186757,7.935181881964289,13.374116782107114
3,1,B,pca,19.53154101653702,0.43690648582116987,0.5037320474613463,0.5576745297257751,6.250927707045574,13.321894854117458
3,1,B,pca,19.598409833538604,0.4309812937619367,0.790411156522005,1.738521579055244,8.715883363347851,14.313848965417003
3,1,B,diffusion_t4,-22.5473601470225,0.20727070004229164,0.7959810130379329,4.442914067210161,5.221713916423487,1.5995680872840004
3,1,B,diffusion_t4,-19.54807815522921,0.009087437406680388,-0.01236492438108383,2.795764446690849,6.114917821638785,4.225368116215822
3,1,B,diffusion_t4,-12.932922920056045,0.491541811527094,0.8411832603371361,6.160239434657799,7.142634871769394,19.80108080441106
3,1,B,diffusion_t4,-4.475007189638757,0.47065266911198467,0.801533591549717,8.959522757684118,4.520463244619271,9.508899383622722
3,1,B,diffusion_t4,3.9266380383469093,0.4910664181172788,0.5825098582224368,7.194256547899892,5.103293518261174,27.19735155216956
3,1,B,diffusion_t4,6.366942189056861,0.4944671427617715,0.7366597535708647,10.092727371409627,5.386471537030477,26.09710644516754
3,1,B,diffusion_t4,6.844623507345642,0.43465433721085067,0.52413837675776,10.797901297682216,5.59082775219847,25.816955601246185
3,1,B,diffusion_t4,7.521507126122807,0.4993932699602396,0.9050093046182491,9.013654039226667,6.845900247447878,45.707339740907386
3,1,B,diffusion_t4,8.426042437960886,0.20041353785859073,0.1855391130172161,4.206832434957137,8.235116605921508,50.295546344139375
3,1,B,diffusion_t4,9.332303695601677,0.342019552242515,0.3409938356063575,-0.7955349241163978,8.060949931978751,43.143251232633375
3,1,B,diffusion_t4,10.45608464159697,0.4809047338131205,0.6474515466941669,5.853058613442666,7.157760161530035,50.461119115437675
3,1,B,diffusion_t4,11.680628763081609,0.464321817449322,0.66664106075575,7.294777862968843,6.801473523669495,36.47336799778056
3,1,B,diffusion_t4,12.58921273445755,0.45747458978285604,0.5723424614102802,4.3160188618926005,7.545173278460145,49.1087711957478
3,1,B,diffusion_t4,13.716086562755594,0.4922744877598052,0.6285450920777079,10.716875051806829,5.348270719448969,35.3455425834262
3,1,B,diffusion_t4,14.727809699382144,0.49950180120515053,0.7935637175940834,7.861367302932108,6.450674228623651,41.51685685759098
3,1,B,diffusion_t4,15.448150608364811,0.48447400868059853,0.8387901140246581,8.192383052376574,5.628460913626733,22.1158204502
3,1,B,diffusion_t4,16.44847809418128,0.48124629810776287,0.7293059094275055,3.948865926831973,7.905717337470018,47.02648094671009
3,1,B,diffusion_t4,17.183175550659318,0.4703756119781587,0.35778254772326407,-0.28448520871343186,7.6884118477954875,43.744662130134856
3,1,B,diffusion_t4,17.845054462424237,0.48852036394781695,0.5484423887681842,1.649321266122374,7.6715713819159035,51.2909745064051
3,1,B,diffusion_t4,18.477853740953684,0.4994220330154975,0.5813025871357943,8.190513444113373,4.523786779839073,29.31364231124896
3,1,B,diffusion_t4,18.953242809572938,0.3714598626107527,0.18707937208993597,2.28258206769212,7.16701356721088,38.44970884172199
3,1,B,diffusion_t4,19.316911019284742,0.4978886997426928,0.6542755839041279,9.708924462783715,6.314683956943983,32.62899178445156
3,1,B,diffusion_t4,19.53154101653702,0.49895250051125073,0.7041833920370459,7.528399751059382,5.178300428359498,32.4241988783712
3,1,B,diffusion_t4,19.598409833538604,0.49775701342078493,0.6964389438095693,7.770325795530127,6.4886644640837945,43.91046689570146
3,1,B,heatgeo_t2,-22.5473601470225,0.4923247038427997,2.1228175064143557,-2.804478322488918,1.6686534545947207,7.62179754079434
3,1,B,heatgeo_t2,-19.54807815522921,0.4910449926020515,2.181326694299887,-3.345451140001122,1.3532263202402626,9.298225377491594
3,1,B,heatgeo_t2,-12.932922920056045,0.49417737588720556,2.4824532666969423,-3.476686582273357,1.228667083442962,10.297308747475306
3,1,B,heatgeo_t2,-4.475007189638757,0.49485990456184714,2.3969132500632573,-2.4099588909940173,1.712120193151284,7.756895742344655
3,1,B,heatgeo_t2,3.9266380383469093,0.481189247317676,2.3810015186247533,-4.93705325151501,0.9579672063844767,12.969773692358705
3,1,B,heatgeo_t2,6.366942189056861,0.42768355732548113,2.591358092356728,0.5894387544019569,1.7674324721121686,18.455853441028154
3,1,B,heatgeo_t2,6.844623507345642,0.40213523191063094,2.393122707243206,-1.640699046590669,0.7770109904710925,22.63905208853063
3,1,B,heatgeo_t2,7.521507126122807,0.4757245507755483,2.2586069580898425,-3.8324711267634095,-0.7100531265081619,28.823573282946175
3,1,B,heatgeo_t2,8.426042437960886,0.4715604174270197,2.1404894603852256,-4.213321528578173,-1.135761921562159,30.10987180807596
3,1,B,heatgeo_t2,9.332303695601677,0.4489887016088461,2.1639489379932404,-6.627911248644521,-2.023279859412443,28.00533380885888
3,1,B,heatgeo_t2,10.45608464159697,0.4715604174270197,2.2979216986902893,-5.880187270363779,-1.090948430130434,27.148878329102665
3,1,B,heatgeo_t2,11.680628763081609,0.4652019262307394,2.564826646200224,-3.3747611622742926,0.42066867201767427,19.84265767824622
3,1,B,heatgeo_t2,12.58921273445755,0.4673615498010052,2.216661871081426,-5.868687689302597,-0.6243897092423704,25.587137369287102
3,1,B,heatgeo_t2,13.716086562755594,0.4828052884172245,2.437828122477069,-3.303881700665804,0.9901664791443741,14.20550085228119
3,1,B,heatgeo_t2,14.727809699382144,0.4673615498010052,2.2735903166099067,-4.187720658660356,-0.6399570100663968,23.435016270677796
3,1,B,heatgeo_t2,15.448150608364811,0.4466248214673063,2.3588779585874335,-3.1892539621761298,0.7505414807683026,13.065926265819986
3,1,B,heatgeo_t2,16.44847809418128,0.4603916533973863,2.2071702429767956,-5.041044366436568,-1.54326511736858,23.847429954273377
3,1,B,heatgeo_t2,17.183175550659318,0.4683095807698806,2.1298703411399997,-5.9878019440140315,-1.381559798267226,20.78486506951785
3,1,B,heatgeo_t2,17.845054462424237,0.47617862285322854,2.250603751096896,-6.2078039465941215,-1.3666433321028961,23.880742287888715
3,1,B,heatgeo_t2,18.477853740953684,0.46686687433397533,2.596247615464098,-3.0906496319853827,0.025113856649089918,18.49465674880159
3,1,B,heatgeo_t2,18.953242809572938,0.47006984758215475,2.4525723060533826,-3.690236852665204,-0.6511348185817192,18.250275133948417
3,1,B,heatgeo_t2,19.316911019284742,0.47722426078372093,2.5267770950300776,-1.9404931127955085,0.24144558743398278,17.019691039874967
3,1,B,heatgeo_t2,19.53154101653702,0.46686687433397533,2.6661242657843274,-2.0149729743309823,0.17153679717224674,18.488605702694784
3,1,B,heatgeo_t2,19.598409833538604,0.4655271464382599,2.3947555912339924,-4.310273499647591,-0.32714763526193935,18.033126741634046
3,1,C05,plain,-22.5473601470225,0.34702114062688627,0.2495995847463404,0.035575495028851635,9.771822476441196,4.776910731712246
3,1,C05,plain,-19.54807815522921,0.09781361939369237,-0.09944949399661683,-0.647365610578853,9.047703887609012,4.1014000299347995
3,1,C05,plain,-12.932922920056045,-0.3129914311085412,-0.19488661188779935,-1.625811933544631,7.804694387141173,4.44773167058022
3,1,C05,plain,-4.475007189638757,0.37540930813828055,0.3672555447451155,0.7351615943662013,12.990539441053357,5.604528829147363
3,1,C05,plain,3.9266380383469093,-0.28869000510203435,0.13308627925053407,-1.0380204820347898,9.180087511851216,4.1753596714189385
3,1,C05,plain,6.366942189056861,0.07737528278118899,0.48409254010565844,0.7558650315948948,15.001612636463745,15.814549928166326
3,1,C05,plain,6.844623507345642,-0.15042927175583598,0.331423875324922,0.13456031931903717,14.652083744780777,17.31290160223125
3,1,C05,plain,7.521507126122807,-0.2699415837837284,0.12315906160922102,-0.9503896036971021,9.778547287174415,14.027222575142035
3,1,C05,plain,8.426042437960886,-0.024190831048658545,0.4426696580150621,0.7708361310005204,15.081133120217956,17.773585535987525
3,1,C05,plain,9.332303695601677,0.20804852349499725,0.472631896927861,0.365667092329678,14.345225954297083,12.426752974327488
3,1,C05,plain,10.45608464159697,0.02398560510948622,0.36769249389654324,0.8431553500210149,16.21024013097661,16.641497988483938
3,1,C05,plain,11.680628763081609,0.20333163711621338,0.521602215804226,0.6427350777237615,16.39900250419564,18.199059738639612
3,1,C05,plain,12.58921273445755,0.13520168517454856,0.4274367323307136,0.04816368475711838,11.922689489215884,12.532245032355886
3,1,C05,plain,13.716086562755594,0.4613009045701867,0.456892784812589,0.7349197814078793,11.10396394075197,6.31905764676987
3,1,C05,plain,14.727809699382144,0.340437126642107,0.7014558391859751,2.430877632170704,25.52034548833007,21.680105785675064
3,1,C05,plain,15.448150608364811,0.35771641023883294,0.5598745927990957,0.8923603954893036,20.89888461003055,10.284178596816423
3,1,C05,plain,16.44847809418128,0.15787422358161185,0.30922125125468575,-0.18612034762909013,11.563452357577523,12.55161615124472
3,1,C05,plain,17.183175550659318,-0.3879298588442431,0.30704910703476623,-0.9652694904377778,10.048370238692067,10.590088234344538
3,1,C05,plain,17.845054462424237,0.36475604673674844,0.7545972693323758,1.2826072970802644,21.535306506375328,10.176849488547433
3,1,C05,plain,18.477853740953684,0.22663186747111175,0.39130760661508734,0.05144503941437584,16.457880883061307,10.296036849474048
3,1,C05,plain,18.953242809572938,0.37584526783846417,0.4988370795063349,0.7309845044783155,19.09445017320555,12.101444251264699
3,1,C05,plain,19.316911019284742,0.02167857755581326,0.4715885178463218,0.5528494080219002,12.616304530081916,12.282126535005716
3,1,C05,plain,19.53154101653702,-0.052742458951341054,0.4627156749386993,-0.38806766807472637,12.841255093433663,8.622672367287356
3,1,C05,plain,19.598409833538604,0.27369113289600266,0.17312408903061208,0.5249396753163867,8.090619793136332,5.615172892768359
3,1,C05,pca,-22.5473601470225,0.17626822433882006,-0.1843034431581913,-0.4934936685001809,7.101790917358075,5.438391799239395
3,1,C05,pca,-19.54807815522921,0.09781361939369237,-0.11076097086308485,-1.373712576853681,5.9954662696909855,4.224736983408313
3,1,C05,pca,-12.932922920056045,-0.2588979580694444,0.18594961474434482,-1.0016943534183904,5.5276583790891864,4.442898488428533
3,1,C05,pca,-4.475007189638757,0.4741305847382251,0.5065428678525182,1.2368373866921487,9.345829208350795,5.723348884987012
3,1,C05,pca,3.9266380383469093,-0.17242421037272737,0.32899293969160587,-1.090888076611155,8.109834578417228,5.04001858165659
3,1,C05,pca,6.366942189056861,-0.019264620084549378,0.4703128015106242,0.8277947820946115,10.37865797932998,15.200080109063434
3,1,C05,pca,6.844623507345642,-0.046529333809952056,0.28720325183226847,-0.2111947129691223,10.13769514372294,17.52509671020883
3,1,C05,pca,7.521507126122807,-0.2121661453059503,0.26511351045022047,0.23094698658617238,7.113039641391134,14.932065475459448
3,1,C05,pca,8.426042437960886,-0.29640651383994354,0.25872301552286286,0.49748583004764707,9.80038509092039,17.12177258546063
3,1,C05,pca,9.332303695601677,-0.07615865495980328,0.4488099288824226,1.3701491691867922,11.344367257075952,16.256156879622193
3,1,C05,pca,10.45608464159697,0.0962789827833197,0.2738399539544303,0.6640887057204635,11.849675107459868,17.952411216239714
3,1,C05,pca,11.680628763081609,0.40490171262518326,0.5753578222174465,0.9353386790666746,10.879624327797766,18.362609740402963
3,1,C05,pca,12.58921273445755,0.034118520382237616,0.24591445450711252,0.23408592546948948,9.118491231741102,14.557608201899276
3,1,C05,pca,13.716086562755594,0.4359089547694833,0.7375875574354923,1.0338707079460796,7.266755351155246,9.440462282396997
3,1,C05,pca,14.727809699382144,0.32245141873749816,0.6849265199471312,1.4226069348948285,15.92042402781883,22.182053815402043
3,1,C05,pca,15.448150608364811,0.07939296449211097,0.5744572794372724,1.2932472483847062,16.24681397099828,15.873439764945376
3,1,C05,pca,16.44847809418128,-0.34222572038361426,-0.1652091676146703,-1.1686361853781342,6.639556832709736,11.514240078532515
3,1,C05,pca,17.183175550659318,-0.20241674071520166,0.31952606656960886,0.43321819094993763,7.733836498350415,11.574509918123113
3,1,C05,pca,17.845054462424237,0.44958441316022835,0.5876037917228555,0.33815607697185646,11.070189088031972,14.706173243743462
3,1,C05,pca,18.477853740953684,0.21828689032401027,0.39067414983268867,-0.8055563914626197,11.704964696430087,12.24165743072412
3,1,C05,pca,18.953242809572938,0.4378461494390202,0.7877065292229304,1.7018947203546029,13.490446856362805,15.888839465353321
3,1,C05,pca,19.316911019284742,0.031491558741957526,0.22701412560257175,0.07689852528104155,7.906845665683588,12.205643383900043
3,1,C05,pca,19.53154101653702,0.12945878048449222,0.35468051590655564,0.20793909240796035,9.180150670162762,9.846390557682764
3,1,C05,pca,19.598409833538604,0.06503429746912126,-0.1919395439139211,0.576700643150027,6.811024040119276,6.2478570209647355
3,1,C05,diffusion_t4,-22.5473601470225,-0.22036813329018567,-0.1577127504938373,-3.615867558115184,4.794177699102987,3.1064470242220987
3,1,C05,diffusion_t4,-19.54807815522921,0.22430363193033154,0.08151606275416182,-1.0737326914170267,7.016007523438366,-0.2523329784861517
3,1,C05,diffusion_t4,-12.932922920056045,0.1704323771874131,0.3871929258736597,-0.9067635431622415,8.427476204812917,2.685836035995746
3,1,C05,diffusion_t4,-4.475007189638757,0.29059645405310053,0.6601872115963249,1.7261378488328003,7.915178130841914,1.0165231121067257
3,1,C05,diffusion_t4,3.9266380383469093,0.25762755899602885,0.24763402034792378,-2.638283732431291,8.427295315970339,0.774720516598731
3,1,C05,diffusion_t4,6.366942189056861,0.48282664193080316,0.7755274272438313,5.810905745510416,7.476536602116122,9.847407278940274
3,1,C05,diffusion_t4,6.844623507345642,0.17259868793223243,0.4184900834965332,1.6803298866004637,7.394315665901152,10.893929965128555
3,1,C05,diffusion_t4,7.521507126122807,-0.2508719162944618,0.3853634230732684,2.30480602720114,6.144575524317866,9.700099212529677
3,1,C05,diffusion_t4,8.426042437960886,0.31172894529892314,0.43106964225064076,-0.15975043807091927,8.09792804131972,13.465880714580683
3,1,C05,diffusion_t4,9.332303695601677,-0.16096666563473944,0.5301056142664835,6.150260235363199,6.535702424182588,7.894921607400977
3,1,C05,diffusion_t4,10.45608464159697,0.19969267894905385,0.5827514537606437,-9.917432114142551,9.926015034836169,15.145321689057319
3,1,C05,diffusion_t4,11.680628763081609,0.04342069938521176,0.5852345428311903,-8.717550761453712,9.146290200271233,12.903806452650429
3,1,C05,diffusion_t4,12.58921273445755,0.185345696806824,0.48194096601303105,2.7637611953191525,7.1819417288195755,9.694238859189888
3,1,C05,diffusion_t4,13.716086562755594,-0.023359196632072976,0.49522156962259695,2.453257181260997,5.509346088657034,3.5701260180129917
3,1,C05,diffusion_t4,14.727809699382144,0.30382446582148404,0.5359850079651142,-0.8596129174695477,9.823628471305318,12.771531318303381
3,1,C05,diffusion_t4,15.448150608364811,0.42718080080657195,0.7080766752425978,4.588579841422482,8.707773902282609,5.853290156190631
3,1,C05,diffusion_t4,16.44847809418128,0.25060596206470787,0.4879247515232331,3.0324727756523164,6.657204068289733,9.034932176445968
3,1,C05,diffusion_t4,17.183175550659318,0.3485093901261329,0.32396018593158105,-1.5166604412533868,8.046705191185797,10.335484079909234
3,1,C05,diffusion_t4,17.845054462424237,0.11427261225301,0.4604012782643448,3.0114547983212776,6.707887730527511,7.756904589231275
3,1,C05,diffusion_t4,18.477853740953684,0.29078265703152795,0.5750312151206465,2.7005598603136542,8.985330438060924,6.713861399884428
3,1,C05,diffusion_t4,18.953242809572938,0.23955250713597498,0.4919428763283777,2.90655942649913,7.710446747359268,8.203717034188585
3,1,C05,diffusion_t4,19.316911019284742,0.29808111395503445,0.6191469069477753,4.350224152827584,6.897574032391875,9.172969285455231
3,1,C05,diffusion_t4,19.53154101653702,0.3500217014336251,0.6846026233378364,5.949693644238667,6.666902493157195,4.8573776477027835
3,1,C05,diffusion_t4,19.598409833538604,-0.03547211663689076,0.03690125535764199,3.124313960260082,7.010535635950375,3.598243077650837
3,1,C05,heatgeo_t2,-22.5473601470225,0.49916660060567974,3.02728704480698,-1.3122176417686535,2.4167656445495176,4.225935040805703
3,1,C05,heatgeo_t2,-19.54807815522921,0.4993960263381707,2.348567043882871,-2.2036490362855745,2.101867683764325,4.290518832221638
3,1,C05,heatgeo_t2,-12.932922920056045,0.4936070790647852,2.4644227844133733,-2.908424117571503,-0.1256555009209919,9.892120817367385
3,1,C05,heatgeo_t2,-4.475007189638757,0.497770405845952,3.14512565301606,-1.1978910822450883,-0.11218677319202479,9.446272015066345
3,1,C05,heatgeo_t2,3.9266380383469093,0.49698806814363683,2.365785233200464,-2.324495763847956,1.265133825477716,6.8875160785632294
3,1,C05,heatgeo_t2,6.366942189056861,0.4788764087612494,2.91939788803675,-2.023260302566873,-2.5729374789924626,20.96679550980067
3,1,C05,heatgeo_t2,6.844623507345642,0.49462036209484506,3.074651659073882,-2.0320446002994292,-1.9728039610911243,19.67601329306097
3,1,C05,heatgeo_t2,7.521507126122807,0.49975448689949453,3.2017523304973006,-4.606394225926806,1.0688515848745397,11.910096338554421
3,1,C05,heatgeo_t2,8.426042437960886,0.4851892175682364,2.594871455641136,-3.1687670306055384,-3.7876490657159216,21.92844837276812
3,1,C05,heatgeo_t2,9.332303695601677,0.4969112377372399,3.203236325250777,-0.31483052461984407,0.7349483963345491,13.104692745375349
3,1,C05,heatgeo_t2,10.45608464159697,0.4784259650344411,3.1509662702919483,-3.748046947460044,-7.538613070437716,22.797287518105666
3,1,C05,heatgeo_t2,11.680628763081609,0.46916251131039943,2.8650764878183703,-3.380395733394294,-6.101563185435008,25.002421094234787
3,1,C05,heatgeo_t2,12.58921273445755,0.4950162065980599,2.7916480228856155,-3.0414775202443107,-0.9841811935568762,15.114882946811102
3,1,C05,heatgeo_t2,13.716086562755594,0.49863738368841914,3.014008346527116,-1.9833802882259977,0.9924698842292577,8.29924605115584
3,1,C05,heatgeo_t2,14.727809699382144,0.4806597794688344,3.01302599077535,-2.20448720704227,-10.20939773893326,26.37528490992268
3,1,C05,heatgeo_t2,15.448150608364811,0.49426098306595856,2.6731152053573357,-2.5676066499036585,-2.162937275371527,12.715559124542771
3,1,C05,heatgeo_t2,16.44847809418128,0.49163764120124154,3.000948573926105,-4.446244778632837,-2.2086171881710386,15.417490579049133
3,1,C05,heatgeo_t2,17.183175550659318,0.49788257424207794,3.228992943118828,-2.9018820269455294,-1.898077664722425,14.243259243620617
3,1,C05,heatgeo_t2,17.845054462424237,0.49923358935171314,3.3746446409911455,-4.9855120576519125,-1.3393092411860796,10.935064013532578
3,1,C05,heatgeo_t2,18.477853740953684,0.4926021922326266,2.6731152053573357,-3.074301796271523,-2.3716196863032746,13.050448237462907
3,1,C05,heatgeo_t2,18.953242809572938,0.4800074671923722,2.8461169977823535,-0.474583301801858,-2.4310462475906007,14.75574374267832
3,1,C05,heatgeo_t2,19.316911019284742,0.49518387612536263,3.0978148577722138,-1.2353408481182075,-0.47709644769169424,12.800836289023916
3,1,C05,heatgeo_t2,19.53154101653702,0.4975350220484671,2.811397483514491,-2.5257177856893462,-1.1861064094056142,12.82226985777753
3,1,C05,heatgeo_t2,19.598409833538604,0.49910584725071305,3.144239955915914,-2.5351835633676956,1.280653698604383,7.1660735546946075
3,1,D,plain,-22.5473601470225,-0.0385651631162372,0.4301103971265261,0.5189132481962281,3.0642511253849243,5.413591302345272
3,1,D,plain,-19.54807815522921,0.24679316865491507,0.7486236419758485,0.7542258384947276,7.225320497301962,2.861284389446248
3,1,D,plain,-12.932922920056045,0.42033340649357487,1.0555132656887742,0.433830193136982,7.534224499043556,1.7854041447450109
3,1,D,plain,-4.475007189638757,0.3675801675151228,0.8054451112561274,0.3756994689758961,5.563385680492577,2.4618535180179526
3,1,D,plain,3.9266380383469093,0.31195976961472793,0.4957712067722755,0.6992769814332834,4.295194600251271,2.9922080150339507
3,1,D,plain,6.366942189056861,0.37270600469816184,0.7994061637319062,0.8185809050258431,5.982973574050527,0.3341431873120763
3,1,D,plain,6.844623507345642,0.48854088306039745,1.6344577634427606,0.8860088509317549,9.6927181989167,6.287615402543841
3,1,D,plain,7.521507126122807,0.36532668192549544,0.8297049718899283,0.4864272175500533,6.248093457082908,1.8159452613351568
3,1,D,plain,8.426042437960886,-0.019559863604521444,0.420753742758862,0.45364392691241834,2.2355113460871463,0.4946276866474396
3,1,D,plain,9.332303695601677,0.17729939513669413,0.6907916352387699,0.9369184825870172,7.002276274105216,8.458546828539427
3,1,D,plain,10.45608464159697,0.34282856468765055,0.7915877383438652,0.6352716083409845,6.008257393123362,1.3433747226892199
3,1,D,plain,11.680628763081609,0.4118116295521167,0.7285353816634897,0.7245727114305384,9.260248251000744,3.7988496282915367
3,1,D,plain,12.58921273445755,0.0707426525658238,0.22904490239118058,0.3209149418632752,1.9529112071367487,0.44257796867486426
3,1,D,plain,13.716086562755594,0.2488433849966375,0.36737253195860325,0.6558050101539176,3.37536674657866,0.49902067672804246
3,1,D,plain,14.727809699382144,0.3454843171854297,0.7030638964552287,0.4418575693383922,6.482566286693672,5.408693347112979
3,1,D,plain,15.448150608364811,0.41320822015250047,0.8000251622794975,0.8492564382478195,8.545515510431384,3.734746798058576
3,1,D,plain,16.44847809418128,-0.11487768785654762,0.540619079430188,0.32508596354679303,1.865937614038445,0.9136178952768627
3,1,D,plain,17.183175550659318,0.32218730234296333,0.8861292883090722,0.37149434575215584,5.774827478166349,2.1920171358708367
3,1,D,plain,17.845054462424237,-0.04178742610681896,0.570124760732596,0.29282499695119113,3.020743744993922,2.03920820915479
3,1,D,plain,18.477853740953684,0.30146795167961127,0.54084701045782,1.0998276867841963,6.714726864736581,5.479194851435159
3,1,D,plain,18.953242809572938,0.24228002712331542,0.42505257619909764,0.7462558583494247,5.706045427076668,4.889017314886284
3,1,D,plain,19.316911019284742,0.3879870839823004,0.9845387083180144,0.7229570474940133,7.118145006974319,1.3036803775668715
3,1,D,plain,19.53154101653702,-0.02400752228111197,0.42773364314913126,0.49745027206928716,2.075842484854058,0.35125948047722916
3,1,D,plain,19.598409833538604,0.4102479830200949,0.7270994491397554,0.4399169708619561,8.455490934552152,4.35158637903605
3,1,D,pca,-22.5473601470225,-0.2586418369256993,0.19336300895988456,1.0693653321506995,7.985694161714141,6.909635208997197
3,1,D,pca,-19.54807815522921,0.009715627453136255,0.34954415822413976,1.2953134038722556,9.573273669154643,5.19956461215593
3,1,D,pca,-12.932922920056045,0.203783731085331,0.2890679245897378,-0.1323210009860614,9.814118064566276,2.9310370556540155
3,1,D,pca,-4.475007189638757,0.21821679626693036,0.40345146081439087,0.24026276737040797,8.063242406354798,4.6490503848677465
3,1,D,pca,3.9266380383469093,-0.25539086097208236,0.26415239476699487,0.6259725088156285,6.260631986474511,5.373739108638492
3,1,D,pca,6.366942189056861,0.37026211430544853,0.6926800671326028,0.7859814719264261,5.785439684684249,-0.13177918553225237
3,1,D,pca,6.844623507345642,0.224158585981571,0.43736386808724914,2.365224104425057,16.356578381137407,5.736828394870291
3,1,D,pca,7.521507126122807,-0.18904388604330663,0.15286338355448623,-0.6642492769158956,10.540452846706552,4.017011310990984
3,1,D,pca,8.426042437960886,-0.07974072437541424,0.050891701688891226,-0.16415269425388931,1.4409413893891094,1.909673957040042
3,1,D,pca,9.332303695601677,0.1724978734239747,0.7213008257369936,2.069166190623292,17.007693306299295,10.550003235326896
3,1,D,pca,10.45608464159697,0.26519965546741786,0.4183792954659389,0.6362669436341397,8.041963530219038,2.4581284232248954
3,1,D,pca,11.680628763081609,0.42829787209306736,1.0792263501065258,2.580228771256923,25.62633881349511,4.971794229996395
3,1,D,pca,12.58921273445755,-0.2603282918370614,0.3398660078309379,0.5577125108158943,2.3747254513034384,0.888986862333492
3,1,D,pca,13.716086562755594,0.2594605634458711,0.44678504921809303,0.09221534637284605,8.276239572780929,1.686025144263724
3,1,D,pca,14.727809699382144,0.08345502272638505,0.2575230134751308,-0.5321539397232341,10.963831336629598,7.835385993164958
3,1,D,pca,15.448150608364811,0.15732148777302657,0.43918114867894426,1.9021441063997808,6.492249067817142,4.7492975165194276
3,1,D,pca,16.44847809418128,-0.3408766759336628,0.00828756288459048,-0.6141918527050074,7.821097275860228,2.9321542388729305
3,1,D,pca,17.183175550659318,-0.2758389116796107,0.19027995834909192,1.1881039012885641,9.73973182786204,4.0210941621137035
3,1,D,pca,17.845054462424237,-0.29475668913969755,0.09175585878118338,0.3595449964629393,8.757626535573902,3.521554667077175
3,1,D,pca,18.477853740953684,0.19590148667153984,0.3702758270266705,1.4181051953177886,15.638903188913911,5.22609539063289
3,1,D,pca,18.953242809572938,0.14317917700798488,0.3586001485216111,1.6352200302233495,13.525711725860624,6.073579439015966
3,1,D,pca,19.316911019284742,-0.059946544023018467,0.048573750422021486,1.3971111657988904,12.33765192118656,2.5895160810611473
3,1,D,pca,19.53154101653702,-0.3417181960973048,-0.39817243862752577,-0.7765369318520564,4.451790973683147,0.3622460681668273
3,1,D,pca,19.598409833538604,0.2824859266155868,1.0438626928079258,1.2082915689251224,13.150259215319334,1.9627134892340559
3,1,D,diffusion_t4,-22.5473601470225,-0.16843033456044326,-1.2560257465413356,-4900.706702988926,3.375294812737919,-4.470203669091495
3,1,D,diffusion_t4,-19.54807815522921,-0.06844214077212096,-1.419107116230349,-4149.112920820577,4.720369132984855,-4.6759488511319205
3,1,D,diffusion_t4,-12.932922920056045,-0.39110448261001113,-0.40789276336750807,-7932.022527012386,0.08961026362657724,-7.5961845034917514
3,1,D,diffusion_t4,-4.475007189638757,0.04217672133853778,0.5588113169291261,-3630.485271438728,6.844229046260176,3.6168324269553302
3,1,D,diffusion_t4,3.9266380383469093,0.06718085342497304,0.5588113169291261,-2938.1979005047733,8.369194522910496,4.431637400279992
3,1,D,diffusion_t4,6.366942189056861,-0.21816693935563797,-1.7300728526509948,-4820.645847206322,1.3002734942387797,-9.445428991769742
3,1,D,diffusion_t4,6.844623507345642,-0.08344137377940486,-1.278211372899567,-7228.630341857974,3.976988022702528,-6.64985647780897
3,1,D,diffusion_t4,7.521507126122807,0.00034684932722728323,-0.06981338374739936,-9167.792042652023,3.3010412031355165,-4.260320559656221
3,1,D,diffusion_t4,8.426042437960886,-0.024130507361258324,-0.2858312186128828,-8776.45785840579,2.891166229806165,-2.542563671586919
3,1,D,diffusion_t4,9.332303695601677,-0.1013346213014642,0.0026179619472962074,-5578.752741923247,6.892986907190022,2.695502601607741
3,1,D,diffusion_t4,10.45608464159697,0.07729180674777636,-1.2993474366523554,-3440.2163769233875,2.319231515600593,-8.618164561102029
3,1,D,diffusion_t4,11.680628763081609,-0.08052728799821524,-1.002666746106172,-4605.156612015453,3.873282705957161,-1.2923926454989536
3,1,D,diffusion_t4,12.58921273445755,-0.016000607961331292,-0.317198056256688,-4849.103710994368,3.599105181547479,-5.128507278559573
3,1,D,diffusion_t4,13.716086562755594,-0.3321119802126361,-1.193300891345762,-4480.480699654399,0.6974230991433704,-8.217768698741684
3,1,D,diffusion_t4,14.727809699382144,0.07246885467079256,0.6347555614121404,-3906.795440254529,9.385714382112997,0.1941217871857912
3,1,D,diffusion_t4,15.448150608364811,0.06718085342497304,0.5588113169291261,-2530.394738643651,9.958908544321392,4.561197578686871
3,1,D,diffusion_t4,16.44847809418128,0.00034684932722728323,-0.2004156183923476,-7036.631856372306,2.578209547873628,-3.8234177297020246
3,1,D,diffusion_t4,17.183175550659318,0.07764089671876806,0.28883626490096437,-4508.003385465019,4.840032840022418,-0.20446768441682808
3,1,D,diffusion_t4,17.845054462424237,-0.11186996109799707,0.017069743531062602,-5872.354724745417,3.6659904821077176,0.056119285017600724
3,1,D,diffusion_t4,18.477853740953684,-0.15186772387904496,-0.34146069268162405,-5802.154807578058,4.249114907415304,-4.359483000152413
3,1,D,diffusion_t4,18.953242809572938,0.2202652999970579,0.39910881785863045,-3475.4324109052754,5.522696715604491,0.8988062672099743
3,1,D,diffusion_t4,19.316911019284742,-0.3000533411216758,-1.5826185152136953,-5933.699491700128,1.4403951579376009,-10.202190354271552
3,1,D,diffusion_t4,19.53154101653702,-0.3651270834579599,-1.7299755956154497,-4936.428440073039,0.24914034398430424,-9.825457580151639
3,1,D,diffusion_t4,19.598409833538604,-0.01661944107224267,-1.2613727769519052,-5328.857977908163,4.254669396043144,-6.086079979115961
3,1,D,heatgeo_t2,-22.5473601470225,0.4928691370572358,2.725561339994017,-1.094853613314371,0.0,7.599014840902442
3,1,D,heatgeo_t2,-19.54807815522921,0.49235126858926925,2.7010996497909376,-1.0884351533709329,0.0,8.45277633109949
3,1,D,heatgeo_t2,-12.932922920056045,0.49235126858926925,2.72658025148424,-0.9992095230123836,0.0,9.266080297381112
3,1,D,heatgeo_t2,-4.475007189638757,0.4781468050693032,2.7394388045454634,-0.8908663069835184,0.0,14.168209460943904
3,1,D,heatgeo_t2,3.9266380383469093,0.4781468050693032,2.730160176312188,-1.0441320789309527,0.0,14.559596810295933
3,1,D,heatgeo_t2,6.366942189056861,0.4913496699841515,2.672143804025283,-0.24331281002056412,0.0,3.054935931384759
3,1,D,heatgeo_t2,6.844623507345642,0.4939618644858046,2.7403689510158236,0.529216902780601,0.0,8.91830020952881
3,1,D,heatgeo_t2,7.521507126122807,0.492576607859045,2.735858879717515,-1.1096937959608875,0.0,9.799744159753537
3,1,D,heatgeo_t2,8.426042437960886,0.49235126858926925,2.735858879717515,-1.5733710739091387,0.0,9.05098735853193
3,1,D,heatgeo_t2,9.332303695601677,0.4639015236268591,2.757370163173856,-1.0837367886881641,0.0,20.19668394262488
3,1,D,heatgeo_t2,10.45608464159697,0.4940052163109565,2.676879826355362,-1.3909454926996916,0.0,3.6228157919702544
3,1,D,heatgeo_t2,11.680628763081609,0.4661572086204434,2.7619127690770524,-0.17602377468990787,0.0,16.644637983828254
3,1,D,heatgeo_t2,12.58921273445755,0.49235126858926925,2.710378278024213,-1.4578475351261035,0.0,8.49621563519593
3,1,D,heatgeo_t2,13.716086562755594,0.4940052163109565,2.725561339994017,-1.1321471501667997,0.0,4.322931460059921
3,1,D,heatgeo_t2,14.727809699382144,0.474307751350334,2.7394388045454634,-1.5308130681511893,0.0,14.837402493435519
3,1,D,heatgeo_t2,15.448150608364811,0.47644395153209773,2.730160176312188,-0.6195341674635879,0.0,15.450291576392358
3,1,D,heatgeo_t2,16.44847809418128,0.4928691370572358,2.725561339994017,-1.1954137439401336,0.0,7.622883625745619
3,1,D,heatgeo_t2,17.183175550659318,0.492576607859045,2.7581536861355893,-0.5376222595918959,0.0,10.313942172095095
3,1,D,heatgeo_t2,17.845054462424237,0.48896103874078867,2.7581536861355893,-0.2911912301461452,0.0,12.065721423998708
3,1,D,heatgeo_t2,18.477853740953684,0.49366715008054884,2.7883883766069397,0.2615666183441722,0.0,10.611439524090315
3,1,D,heatgeo_t2,18.953242809572938,0.47302820505681076,2.7753109056141527,-0.1344818418721374,0.0,13.018103685064894
3,1,D,heatgeo_t2,19.316911019284742,0.49526920019593,2.7510600081352883,0.33534581308797984,0.0,6.498959706864928
3,1,D,heatgeo_t2,19.53154101653702,0.4940052163109565,2.6676011981220866,-0.8768256410911859,0.0,3.4036775641651773
3,1,D,heatgeo_t2,19.598409833538604,0.4873971216793822,2.7162827117607415,-0.6077454321110878,0.0,6.5512167186054056
4,0,B,plain,-23.904740663319068,0.3215715045655362,0.40070731195852266,-0.5172262654443793,2.541958140924194,6.6150877063977935
4,0,B,plain,-18.815015537403607,0.007378663783606965,0.3993087901382987,-0.10949151218371778,1.9330512186402546,6.4874373414506294
4,0,B,plain,-7.813635606929903,0.025836285799275216,0.40431362596532344,0.9806342183771103,3.1365440815864725,16.243368971884067
4,0,B,plain,3.6191873761399993,0.09182748341827862,0.3924673996400479,-0.13768674689148444,3.3670915666315473,12.508088196854683
4,0,B,plain,11.714458782310004,0.14944227345442862,0.3516375057391342,0.16912743391599536,3.275753417217407,10.57717594479192
4,0,B,plain,13.17250244118475,0.4935291373307964,0.4026133793526474,2.5970797103222694,3.789912809535302,37.51281721882949
4,0,B,plain,14.669007691509492,0.37584526783846417,0.4151523720474162,0.8388321120363215,4.3063996582361534,12.438167716147907
4,0,B,plain,16.82071651515401,0.491502150434477,0.23135157299427106,3.497060977034289,4.54998564893677,37.730015708201506
4,0,B,plain,18.57494358669726,0.4459398144157638,-0.023347007239417062,1.6468081961167431,4.169195840576927,32.72294355868314
4,0,B,plain,20.05605537357353,0.47062112531028,0.408565364896945,2.622943762141608,4.2340611527645144,24.924436849622914
4,0,B,plain,21.90370296585198,-0.3880118053849635,-0.23353562828387978,3.168168346446089,5.43124455061816,18.226910072865408
4,0,B,plain,23.736312902586512,0.4898917875741876,0.4226238686672735,3.0995957527917897,3.426246430278639,32.74797839992155
4,0,B,plain,25.138502510598045,0.4784586307233185,0.3447527116819672,3.6029835322526247,4.469324243882541,37.16779940706074
4,0,B,plain,26.45308691767381,0.3498487063459077,0.21472494459817226,1.577578596670968,3.8444655372052097,30.68667561289976
4,0,B,plain,27.98331129289876,0.4902150922880548,0.7096172226015416,4.19098675967444,4.253245515467569,30.076341421740448
4,0,B,plain,29.13634847296726,0.48576926652188024,0.42475260083840805,3.230510187177483,4.234311842510978,31.58962698013809
4,0,B,plain,30.30802790209229,0.013124457800370304,0.1911654091701646,1.3611085758388997,3.84386915949257,22.34470420395541
4,0,B,plain,31.207228531085526,0.04008750093590441,0.14251995725438132,2.6527847132157643,5.563679985415706,24.150022600200437
4,0,B,plain,32.2553237960434,0.1564075874269666,0.1957237217323011,2.18314845229379,3.8861328119068905,15.134059815958404
4,0,B,plain,32.98510123751269,0.42234909093098905,0.5501430773003302,2.696222779329033,3.984748880486783,18.35942418560445
4,0,B,plain,33.627073289551745,-0.02055344639948742,-0.7263308358843097,0.41226573692195645,4.746521132485331,28.636720132260777
4,0,B,plain,34.08641987865326,0.3988494831579257,0.39477492657605556,3.945221447848285,5.0434618177517025,26.17019833365338
4,0,B,plain,34.333928539127236,0.47744222709786244,0.43660522459402223,2.47845452561929,3.3505882647959355,27.601680109168065
4,0,B,plain,34.429055879941174,0.20131449100647458,0.42375567774092393,4.62061302616551,4.212375170275698,21.100510992944198
4,0,B,pca,-23.904740663319068,0.11080715771298344,0.22864871738413559,1.090720561604652,3.9463907104384215,9.98055206457001
4,0,B,pca,-18.815015537403607,0.45972179769666677,0.36971863964881824,1.5821278535802255,2.713464232417945,10.077628022293371
4,0,B,pca,-7.813635606929903,0.39104748213232365,0.362561526629254,1.0058270679059103,3.758199237187943,21.639807878794876
4,0,B,pca,3.6191873761399993,-0.046736731964929557,0.3359406134081301,-0.12988331712160434,3.941788574461238,19.764835336870263
4,0,B,pca,11.714458782310004,0.36589487897512685,0.40256279340785445,0.9488902323683341,3.6844964517276555,21.444222140546522
4,0,B,pca,13.17250244118475,0.4925491422692121,0.5038203484599738,2.8213229300750027,3.3134597939249635,43.917365420858715
4,0,B,pca,14.669007691509492,0.3446575902328577,0.37815020156079865,1.7118346631667913,5.2239610740449045,22.07455425742005
4,0,B,pca,16.82071651515401,0.4834187206751369,0.16890103912448606,3.004695057882957,4.015140394276476,43.584807052480514
4,0,B,pca,18.57494358669726,0.3910181860041434,0.17225554092561202,2.175947672876439,3.787524659845307,38.22702489274121
4,0,B,pca,20.05605537357353,0.48872900054551804,0.1961063634004025,2.828637375322448,3.2343711371748642,30.910593857366475
4,0,B,pca,21.90370296585198,0.2412913896698815,0.27622161267560785,2.9101042003505926,6.5464207353049835,29.45485728590762
4,0,B,pca,23.736312902586512,0.4881939861971254,0.5472932733557028,3.4260497069269995,3.2839047922366276,40.923889351692566
4,0,B,pca,25.138502510598045,0.490218551049036,0.4801586729438142,3.6920847054339387,4.201706342434097,43.615413475728296
4,0,B,pca,26.45308691767381,0.4480012880514562,-0.2566665307909549,0.6543057438239559,3.8850218605041413,36.28004635419592
4,0,B,pca,27.98331129289876,0.4949472636883897,0.34632243853334455,3.4662362454054265,3.540811644412487,36.89061249122786
4,0,B,pca,29.13634847296726,0.485064906887654,0.3193812499200508,3.287818720666746,3.7587665876667815,37.74166797627427
4,0,B,pca,30.30802790209229,0.30513053283625413,0.38102820447147484,2.1190923356317843,4.527151771293094,33.84643654059252
4,0,B,pca,31.207228531085526,0.2618902579875114,0.30555700215492515,2.5262932204139825,5.716664062904955,33.63637135384009
4,0,B,pca,32.2553237960434,0.041612653315855064,0.11602087746012463,1.877274785845566,3.4677896795268057,25.419826364989948
4,0,B,pca,32.98510123751269,0.47195303641885056,0.4015792877504734,2.868305484434162,4.2482158875016784,25.863224972015164
4,0,B,pca,33.627073289551745,0.420317226636827,0.07080453269297808,0.9529702698882091,4.4499815508133,36.90065380301123
4,0,B,pca,34.08641987865326,0.20559961980416042,0.29254353744493256,3.7346592378138217,4.836025288491132,36.227962630672934
4,0,B,pca,34.333928539127236,0.48068161338534354,0.26996104043219044,2.654577283736503,3.656854608630752,36.48806073304768
4,0,B,pca,34.429055879941174,0.2579905584415054,0.2615015875960913,2.815300397050965,3.668834939672274,29.584371174327327
4,0,B,diffusion_t4,-23.904740663319068,0.479104945387113,0.9336756135707398,-7.249679444372249,27.074527075717228,1.6798116326132855
4,0,B,diffusion_t4,-18.815015537403607,0.4474232463127529,-0.030475515577684402,-6.159744306877698,24.424723019416874,6.895832706250275
4,0,B,diffusion_t4,-7.813635606929903,0.4772525246231729,-0.011423572428091404,-0.5183517169244489,17.690301510403835,19.236346870529218
4,0,B,diffusion_t4,3.6191873761399993,0.48194463359233863,-0.23609373041568943,-4.278457279706809,20.88701606688507,26.27803300723567
4,0,B,diffusion_t4,11.714458782310004,0.32260558973594966,0.48260139637124777,4.253845978669533,18.23198485677193,22.917920936549834
4,0,B,diffusion_t4,13.17250244118475,0.17067234329044878,0.1826755955458184,2.23162301934346,8.560298595978674,44.45534652763174
4,0,B,diffusion_t4,14.669007691509492,0.17112639297956533,-0.0010944483508108114,-0.7464101873083029,20.035332759584954,28.41302284989229
4,0,B,diffusion_t4,16.82071651515401,0.3253277936679273,-0.0893358011755478,-1.8104338190671905,12.559958417121788,45.60440775090228
4,0,B,diffusion_t4,18.57494358669726,0.4947328962612123,0.03540669070270284,-0.8412702682443836,14.035497743360954,44.70377722093464
4,0,B,diffusion_t4,20.05605537357353,0.18976033182515373,0.6801206312212774,3.539515893197481,14.152954964330679,39.081766503423324
4,0,B,diffusion_t4,21.90370296585198,0.428760102828058,0.5557220275069913,5.922377559713086,18.24711184673546,30.76158369561558
4,0,B,diffusion_t4,23.736312902586512,0.46599961369245746,0.21148992014645418,1.4750052656205934,10.02407304565174,45.7894146851321
4,0,B,diffusion_t4,25.138502510598045,0.4967356171686138,0.04555420318234578,-6.232762342604161,14.584046454717496,50.322295341830134
4,0,B,diffusion_t4,26.45308691767381,0.49475570031204885,0.4656886139716401,2.258913503894308,11.894053297790949,44.50596446465177
4,0,B,diffusion_t4,27.98331129289876,0.414243379805479,0.4608032519377224,3.8207481233510046,8.520840389569312,43.6339545113451
4,0,B,diffusion_t4,29.13634847296726,0.49787809970448527,0.32998130172996204,1.6118461197940288,13.99679563441728,43.58580932808753
4,0,B,diffusion_t4,30.30802790209229,0.48476370982530936,0.0893797720049501,0.0342932164658904,14.054566521445603,37.789709665680235
4,0,B,diffusion_t4,31.207228531085526,0.4626332624289815,0.6748404633237121,3.8905013594939795,14.348663232349324,35.44123449136157
4,0,B,diffusion_t4,32.2553237960434,0.4252480473904673,0.528224862925776,5.412186918642789,16.206535843737985,33.240260267291546
4,0,B,diffusion_t4,32.98510123751269,0.495220873014417,0.5949538952501904,4.764692264914341,15.582579011803508,32.41924254134302
4,0,B,diffusion_t4,33.627073289551745,0.49367357998749983,0.009652469359522587,-0.5288487294752554,14.09129773632872,40.38659078156673
4,0,B,diffusion_t4,34.08641987865326,0.4615890912185209,0.5744541275396603,2.5625150912346255,17.568499249331293,37.77898183016719
4,0,B,diffusion_t4,34.333928539127236,0.4945871931020597,0.055297961153947445,-0.16828324193071825,11.683011373168155,43.53178637122252
4,0,B,diffusion_t4,34.429055879941174,0.08238118740098077,0.1200860909067811,4.732780880617231,14.633283521683088,34.0851090469958
4,0,B,heatgeo_t2,-23.904740663319068,0.4817959323264196,1.4570526662650933,-5.459699102832904,-3.2065703006424062,7.027311035216906
4,0,B,heatgeo_t2,-18.815015537403607,0.49933983611645183,2.386733103887403,-3.2648089321121243,0.6289373220792885,4.692706267406791
4,0,B,heatgeo_t2,-7.813635606929903,0.47716424576963645,1.4154491660090862,-4.716719339612163,-3.823309660677557,8.226209875666681
4,0,B,heatgeo_t2,3.6191873761399993,0.4474053522612368,1.1591236516724106,-5.65687925106623,-7.472950633894746,10.19078139336823
4,0,B,heatgeo_t2,11.714458782310004,0.49842465162937266,1.9878605638627398,-3.9013291042547116,-1.3460037246810137,6.547446175147213
4,0,B,heatgeo_t2,13.17250244118475,0.4278286100747176,1.4823407441808918,-5.176335632706823,-9.839774284671504,19.912712171919136
4,0,B,heatgeo_t2,14.669007691509492,0.46836415401320497,1.5336039922373867,-5.1746336643720054,-3.903369733109843,8.372594405326183
4,0,B,heatgeo_t2,16.82071651515401,0.4278286100747176,1.0940084532038288,-3.479270600580425,-16.44603102626364,19.87623203297523
4,0,B,heatgeo_t2,18.57494358669726,0.44533605108792795,1.2193504593350313,-5.73381543628336,-22.087733331868854,20.495159873436346
4,0,B,heatgeo_t2,20.05605537357353,0.43169239576780394,1.046252462634993,-3.9184385337883874,-8.200300349310021,15.827097905013336
4,0,B,heatgeo_t2,21.90370296585198,0.44935809576270236,1.1773146034551663,-6.181153396484268,-7.761187898157272,11.277347137127444
4,0,B,heatgeo_t2,23.736312902586512,0.4278286100747176,1.234658351941141,-6.565062973920471,-17.84293153993206,19.545696902661746
4,0,B,heatgeo_t2,25.138502510598045,0.4359031370793991,1.0856549753964633,-8.49462670495327,-38.55281223274622,24.943807630099524
4,0,B,heatgeo_t2,26.45308691767381,0.4278286100747176,1.2193504593350313,-4.905133213169185,-22.49934399679037,19.864265614700223
4,0,B,heatgeo_t2,27.98331129289876,0.4278162456822464,1.1548283339661698,-5.201812854150125,-9.102273728347745,15.18599743390753
4,0,B,heatgeo_t2,29.13634847296726,0.4278286100747176,1.2002292726105934,-6.168236447650439,-24.45149866721671,19.27594087073795
4,0,B,heatgeo_t2,30.30802790209229,0.4156299025029335,1.1341588065060286,-8.496248233208078,-19.23373249876406,14.974673266965578
4,0,B,heatgeo_t2,31.207228531085526,0.4381613538753155,1.2256393168622286,-6.787214933435662,-15.615197206090045,14.389554602286648
4,0,B,heatgeo_t2,32.2553237960434,0.44482790733745314,1.4876575962980236,-3.410007171675311,-5.091129113541203,10.080070748273183
4,0,B,heatgeo_t2,32.98510123751269,0.4144836668788341,1.2743308691524335,-5.381234335054661,-11.778331319274102,12.626164699285118
4,0,B,heatgeo_t2,33.627073289551745,0.4278286100747176,1.2002292726105934,-5.268728202111475,-23.59952131737219,18.415461255334918
4,0,B,heatgeo_t2,34.08641987865326,0.43169239576780394,1.4823407441808918,-5.038688526091554,-16.403651756406344,15.721126449048917
4,0,B,heatgeo_t2,34.333928539127236,0.4278286100747176,1.2528493037238966,-7.102193537913236,-20.6596929856145,18.31780741965803
4,0,B,heatgeo_t2,34.429055879941174,0.4144836668788341,1.1773820762772307,-3.1452013710453506,-8.908813505542613,12.774306728303646
4,0,C05,plain,-23.904740663319068,0.32704855563425317,0.4080471569007638,-1.9383307505470733,5.593633535877789,8.886361756032477
4,0,C05,plain,-18.815015537403607,0.11777314613631806,-0.1368579163557858,1.5113161821101275,3.7563988843383127,4.309162097269605
4,0,C05,plain,-7.813635606929903,-0.0709206090579193,0.1057976627092006,2.8454576453736893,7.872094169399605,10.640243177778043
4,0,C05,plain,3.6191873761399993,0.3627579848620469,0.5189518232557747,1.251694599387206,5.845771481198628,5.801607286070752
4,0,C05,plain,11.714458782310004,0.14799130332285015,0.20434136550559326,-0.6503050327638632,5.403246596385289,10.617394301308055
4,0,C05,plain,13.17250244118475,0.448880325474998,2.4722286443078647,3.24779745854287,22.469136766692586,19.129272796330994
4,0,C05,plain,14.669007691509492,0.1644896539771753,0.4057315145650087,0.7549141482772614,9.100630053364135,10.527769881499076
4,0,C05,plain,16.82071651515401,0.38992080566950715,0.32007597134781907,1.5704655945462955,6.261375833723055,18.678585000501432
4,0,C05,plain,18.57494358669726,0.4345128188234164,-0.08290696999364011,-0.7005495032993843,5.081166674877041,16.939840746751543
4,0,C05,plain,20.05605537357353,0.49301495135776896,1.2606692931440384,2.1123472822326517,10.54576398197019,13.194736691417205
4,0,C05,plain,21.90370296585198,0.1438100323918705,0.39527602862438255,2.085424976170117,6.442961764059868,14.390994125362623
4,0,C05,plain,23.736312902586512,0.13747433096813277,0.31790521106412273,0.9606777326362309,6.691977544528359,22.69876166930609
4,0,C05,plain,25.138502510598045,0.08405347503185923,0.18357791841726495,0.438482194829493,10.798988344698486,22.13468107723806
4,0,C05,plain,26.45308691767381,0.15534787219237667,0.6258039639099527,2.4509322547683996,7.034360105537498,15.185388695121732
4,0,C05,plain,27.98331129289876,0.3996235504096288,0.4906883992084218,2.24820843614973,5.853743111765656,17.076942755420895
4,0,C05,plain,29.13634847296726,0.23231277247341986,0.6007091219068215,3.7485853611767803,7.857974170286898,21.29497180471179
4,0,C05,plain,30.30802790209229,0.08626274726082539,0.2918249136246635,-1.1959434339847888,5.967738114311011,16.588998241579592
4,0,C05,plain,31.207228531085526,0.4123778974825313,0.5153115203448214,1.1748739027719666,7.658344114870376,15.917706369133308
4,0,C05,plain,32.2553237960434,-0.018498372526908724,-0.12593068577833066,1.463909089250081,5.176332727149286,1.9822326964797188
4,0,C05,plain,32.98510123751269,0.4785386871855317,0.61978658957179,3.1104805213199276,5.300612709630863,11.66138684078828
4,0,C05,plain,33.627073289551745,0.20863121516011052,0.44390304329527563,2.0207465225726895,7.242657509923933,19.46448708202625
4,0,C05,plain,34.08641987865326,0.1786783374744605,0.4452977546075252,-1.2347621397562714,5.435917943846802,5.6924307832204954
4,0,C05,plain,34.333928539127236,0.32399481563966415,-0.5489843076662634,-0.018370852445979555,4.658125332528687,6.383638579020971
4,0,C05,plain,34.429055879941174,-0.05835635110027959,0.555540280876034,2.1091415562359543,7.41346837297668,13.390137331361505
4,0,C05,pca,-23.904740663319068,0.025431017051820715,0.47931957796986596,0.1906527441697,6.836430051953934,13.842648993827309
4,0,C05,pca,-18.815015537403607,-0.022605097573675126,-0.0676027407521986,-0.306123943884834,4.281042747016434,4.435196371257853
4,0,C05,pca,-7.813635606929903,0.08232841416301662,-0.06287295274561694,1.1621364530860077,5.885279450792895,13.84791807877013
4,0,C05,pca,3.6191873761399993,0.1517937760965935,-0.11684515115389046,1.029662435357395,5.5946485856114245,6.220489983979011
4,0,C05,pca,11.714458782310004,-0.005374781184968536,-0.2516467622514647,-2.4230566628706147,4.731535925668134,11.852224037803467
4,0,C05,pca,13.17250244118475,0.47957504866282585,1.9183453328307345,3.4009408029537855,17.626175053648048,19.130593152586275
4,0,C05,pca,14.669007691509492,0.03489305138889576,-0.13669007051382753,0.7535066469374817,10.266903585843549,13.738133231629448
4,0,C05,pca,16.82071651515401,0.26432720491519346,-0.19362488649345472,0.7315697617128746,5.771985561281554,22.111566795856678
4,0,C05,pca,18.57494358669726,0.08938477991832983,-0.1421318740595648,-0.9414595127047297,5.223863316108709,19.985106418285756
4,0,C05,pca,20.05605537357353,0.41084544557525793,0.5078039232209333,1.5637156292386873,7.62286142651136,17.48063913610231
4,0,C05,pca,21.90370296585198,0.07710447304046864,0.30862579945633895,2.6052727299810874,6.008443951135308,17.274390147396876
4,0,C05,pca,23.736312902586512,0.01619129784220985,0.3117797238879517,1.404070751674705,5.51725836132609,23.272923576453785
4,0,C05,pca,25.138502510598045,0.340651469968248,0.7166697188669248,1.727035815244904,12.152888968397553,34.456310781998965
4,0,C05,pca,26.45308691767381,0.48157580798809263,0.9457772442704524,1.6035662178355312,7.507788373031158,16.13156085143002
4,0,C05,pca,27.98331129289876,0.27181667566836265,0.4149288371440428,1.3468823143581965,6.117784142938071,22.227085559399466
4,0,C05,pca,29.13634847296726,0.4610796243256813,0.6782454928243146,3.99248086457981,5.998771025189665,23.308756867520263
4,0,C05,pca,30.30802790209229,0.11843981721055585,0.47279310791833473,0.6045440943928819,5.823997136309925,19.49509590301086
4,0,C05,pca,31.207228531085526,0.31094068768180605,0.6048741651728963,3.0426929495710917,6.246909865084195,16.84777135510026
4,0,C05,pca,32.2553237960434,0.22570445762391023,0.44828149866713424,0.15575009885708363,7.277632040990474,5.57208265027956
4,0,C05,pca,32.98510123751269,0.21070833149554302,0.6418652605591006,3.383875800743592,4.758281327322631,12.917080946087324
4,0,C05,pca,33.627073289551745,0.09539642758575362,0.45214019685652174,3.338014065577244,6.904927864755059,23.609783509854584
4,0,C05,pca,34.08641987865326,0.020051712576278802,0.28953315879621033,-0.496126617319291,4.826029300903165,5.269380912397019
4,0,C05,pca,34.333928539127236,0.2594782620811156,0.3305820693618172,1.861243540373988,7.025832622355415,7.680237167957774
4,0,C05,pca,34.429055879941174,0.3994525456571243,0.4225245323909767,2.3670533881482445,6.374140539018276,16.792712566686667
4,0,C05,diffusion_t4,-23.904740663319068,0.48178006455861777,0.08601937954688743,-32.493993939868744,20.765143323925983,35.993572802092245
4,0,C05,diffusion_t4,-18.815015537403607,0.4710961117998608,-0.13838896641492404,-30.29877392725098,18.683944547612004,19.25180358498395
4,0,C05,diffusion_t4,-7.813635606929903,0.46041076049037677,-0.33010659984116053,-25.56989190563988,19.626746781761966,23.392250132308842
4,0,C05,diffusion_t4,3.6191873761399993,0.4877305738124348,0.24205715017572302,-34.89058697755897,21.237880711371186,16.181879780141326
4,0,C05,diffusion_t4,11.714458782310004,0.2893563758752312,-0.17797944375250796,-20.429885093479857,14.158404940549918,58.25160391457213
4,0,C05,diffusion_t4,13.17250244118475,0.27741633302219504,-0.31855033816783274,-30.50739900510322,5.320451780767664,96.40262393438222
4,0,C05,diffusion_t4,14.669007691509492,0.4892650188442246,-0.052518987991599965,-26.12643385701193,24.4361773313012,27.978249215504714
4,0,C05,diffusion_t4,16.82071651515401,0.4324035093069174,-0.3637540149854375,-23.37169370010369,6.920033925117573,83.54924767808247
4,0,C05,diffusion_t4,18.57494358669726,0.38747714454004567,-0.3428113594820527,-34.83964516351602,8.19617817515127,83.6458953029189
4,0,C05,diffusion_t4,20.05605537357353,0.42116810033073304,-0.2641088313155718,-22.44749567872853,6.619923320793732,72.19173792141115
4,0,C05,diffusion_t4,21.90370296585198,0.4034584910736966,-0.37938958018313984,-11.057241387082438,13.080040798253515,56.64512773482766
4,0,C05,diffusion_t4,23.736312902586512,0.04824603762708868,-0.29811624173592893,-22.78037182565145,8.343421867710688,101.33177801141997
4,0,C05,diffusion_t4,25.138502510598045,0.1673586638096618,-0.28710294083220106,-24.377323061008827,9.184020581191634,93.05171549119429
4,0,C05,diffusion_t4,26.45308691767381,0.4707653667162477,-0.33859629057941293,-14.339259734251653,8.92030369342147,71.1230947897661
4,0,C05,diffusion_t4,27.98331129289876,0.432514193045059,-0.29055953575092786,-19.153419557300982,5.546063800333596,84.18455308820737
4,0,C05,diffusion_t4,29.13634847296726,0.45420965953978276,-0.3299045983492105,-23.293904278101667,9.584266812670391,75.53853811171986
4,0,C05,diffusion_t4,30.30802790209229,0.30548991864586705,-0.3090492038985828,-25.006070424040967,8.330554974734076,72.25067458349588
4,0,C05,diffusion_t4,31.207228531085526,0.49567138022569346,-0.22633896485155058,-35.02034390164246,16.53697829248853,61.43397112092464
4,0,C05,diffusion_t4,32.2553237960434,0.43403077801689494,-0.21021487394231347,-19.27168881313911,20.019764455649774,16.24243663130097
4,0,C05,diffusion_t4,32.98510123751269,0.4520939662133878,-0.030343294447198764,-16.358987404670774,15.601002525523999,49.622952871971535
4,0,C05,diffusion_t4,33.627073289551745,0.45367425602460054,-0.39265269356559607,-19.64832398181532,8.753034084725522,73.51344922647421
4,0,C05,diffusion_t4,34.08641987865326,0.45037879094917466,0.24303557220749997,-30.86624822764244,19.702103965581284,20.7622616873942
4,0,C05,diffusion_t4,34.333928539127236,0.47871481525214543,-0.2930700822828693,-35.3379872633888,27.11506989085674,14.847582619825067
4,0,C05,diffusion_t4,34.429055879941174,0.47622403717483397,-0.33564127518606296,-16.331480557906506,14.384409980812974,49.227918913979124
4,0,C05,heatgeo_t2,-23.904740663319068,0.3687750694210279,1.2301894985265527,-0.530848332322486,-4231.096234263987,8.166803640892123
4,0,C05,heatgeo_t2,-18.815015537403607,0.49872377007607027,2.626915974486671,2.020736427965508,0.0,4.7548610161240665
4,0,C05,heatgeo_t2,-7.813635606929903,0.4417505356213045,2.2332450217454984,1.8741170131039278,-2502.240029400582,6.492018459545715
4,0,C05,heatgeo_t2,3.6191873761399993,0.4225364529122604,2.216239345032054,1.3081936044943216,-4817.76351790586,7.50758663111668
4,0,C05,heatgeo_t2,11.714458782310004,0.33165006320941637,0.9692016318631502,-1.4863287048572718,-13030.587531659421,12.223948470974525
4,0,C05,heatgeo_t2,13.17250244118475,0.3569126531868815,1.2531041676819799,-0.24658232102475217,-19051.57251513856,15.606041237055317
4,0,C05,heatgeo_t2,14.669007691509492,0.39341771249587154,1.4865815333189136,0.8831233874147632,-8039.215124711062,9.200119607506803
4,0,C05,heatgeo_t2,16.82071651515401,0.30369621462341134,1.946386393126954,-0.5334125356420618,-12374.791829472542,15.735397501667839
4,0,C05,heatgeo_t2,18.57494358669726,0.2941916936953092,1.2531041676819799,-0.7088243400205612,-11593.353981709242,18.355211803914216
4,0,C05,heatgeo_t2,20.05605537357353,0.3569126531868815,1.2531041676819799,-0.28188459900968255,-19121.225257379137,15.698369979717226
4,0,C05,heatgeo_t2,21.90370296585198,0.36463708724193633,1.4666927010663566,0.0047035343227599035,-20572.858836942487,12.74924131543511
4,0,C05,heatgeo_t2,23.736312902586512,0.338473316364164,1.2531041676819799,-0.6619220589422085,-19081.69497966128,20.089481803659268
4,0,C05,heatgeo_t2,25.138502510598045,0.41173729828323524,1.487364226709092,0.22120027568323028,-37184.608579821084,21.175769339558027
4,0,C05,heatgeo_t2,26.45308691767381,0.3401929845714252,0.9561561527635636,-0.4827463681306681,-24834.052517519467,15.446825197244083
4,0,C05,heatgeo_t2,27.98331129289876,0.3569126531868815,1.2531041676819799,-0.4084268322253541,-23853.187947509014,17.502674920793726
4,0,C05,heatgeo_t2,29.13634847296726,0.3495022475809386,1.2531041676819799,-0.3918827222576595,-46774.75363479288,19.584363617311368
4,0,C05,heatgeo_t2,30.30802790209229,0.33251054930274504,0.9692016318631502,-0.9345716446924006,-4540.594552793209,12.679556613816946
4,0,C05,heatgeo_t2,31.207228531085526,0.3569126531868815,1.2531041676819799,-0.3083987039688553,-32887.413460969125,15.605849238939692
4,0,C05,heatgeo_t2,32.2553237960434,0.49876546111097464,3.105467999240502,2.435109654145338,0.0,3.806597722871016
4,0,C05,heatgeo_t2,32.98510123751269,0.3326709669993999,1.5530164671652054,0.4298025868743282,-15394.361533083154,12.965490605390862
4,0,C05,heatgeo_t2,33.627073289551745,0.3694713405315603,1.3077207176691932,-0.35797851824195703,-20284.49808477717,14.116325511575432
4,0,C05,heatgeo_t2,34.08641987865326,0.3356376698014256,0.9604514704698044,-0.321152383517271,-5573.137066505751,8.373555358662959
4,0,C05,heatgeo_t2,34.333928539127236,0.3741364416844334,1.2479092666614422,1.2174177743111312,-1952.789268955257,8.500216080707796
4,0,C05,heatgeo_t2,34.429055879941174,0.39715733047623536,1.5423446365264943,0.35277570198269864,-14220.827786459722,11.885898420218487
4,0,D,plain,-23.904740663319068,0.41428287823763565,0.42231281769311035,9.216126795641605,32.77980155363586,10.60955912834273
4,0,D,plain,-18.815015537403607,0.35340406941564473,0.45385712967327435,8.820331263206313,15.571765771881415,6.026151076743434
4,0,D,plain,-7.813635606929903,0.3658002573789835,0.49342249886283013,9.216162311275202,30.19222803844889,16.07763329712635
4,0,D,plain,3.6191873761399993,0.4802159409555914,0.8679110177646141,7.795653597777381,35.5705000039535,4.0163298059516075
4,0,D,plain,11.714458782310004,0.41564363411612393,0.7962093008700937,6.676136761784972,24.83047759131571,2.435884682530951
4,0,D,plain,13.17250244118475,0.4287107184846535,1.690317319450143,9.960205570229643,67.21248667740127,26.128151463068757
4,0,D,plain,14.669007691509492,0.49977022138918337,0.7858356571254437,9.028071884425135,28.77420774647189,5.980640214636061
4,0,D,plain,16.82071651515401,0.4986103297888802,1.2210565581467439,9.485933632129559,46.253237848366105,29.03714589867189
4,0,D,plain,18.57494358669726,0.3807289241814237,0.8496693111071318,9.267296733475675,16.056124686866728,0.9475889970889018
4,0,D,plain,20.05605537357353,0.4996994552401407,1.1928676069351738,9.110324200069673,32.778720061486204,2.505776498604808
4,0,D,plain,21.90370296585198,0.49914373516536203,0.756738663421786,9.040657657311016,28.68153307343437,5.244273406064713
4,0,D,plain,23.736312902586512,0.32700176967292616,1.4178848995098912,9.767284218301114,56.82336819900407,20.299402750751756
4,0,D,plain,25.138502510598045,0.4221563981221388,0.7929718101755949,9.421526970057124,39.84284269930803,6.5657981696655074
4,0,D,plain,26.45308691767381,0.4959229912216402,1.0889046297026095,9.279859962071702,33.713370888742475,2.8952734243976397
4,0,D,plain,27.98331129289876,0.4794974527508681,1.648206372841443,9.650606335305971,45.578179652735614,28.294908982547472
4,0,D,plain,29.13634847296726,0.48737943661660243,0.6613692989630476,9.176885979677074,23.62881325544928,2.3645158814971396
4,0,D,plain,30.30802790209229,0.4997317277785941,0.8088440224190117,8.840193143403175,26.97943700840095,7.437026515164792
4,0,D,plain,31.207228531085526,0.49460268724873246,0.6747201892605456,8.538389379892944,15.56832570642664,3.9872312475707026
4,0,D,plain,32.2553237960434,0.2934046380367926,0.8680115922708235,9.353349389283625,13.60366865897369,0.8919965345592786
4,0,D,plain,32.98510123751269,0.4977657190249519,1.1811150063793254,9.041449492250786,21.06319172985332,1.7860360614009954
4,0,D,plain,33.627073289551745,0.48135692725812285,1.6106276103243746,9.496301014766948,50.80837923562161,29.74096937881215
4,0,D,plain,34.08641987865326,0.49934259889998023,1.2439562581127737,9.111556321359405,51.19817661892531,26.80733589868807
4,0,D,plain,34.333928539127236,0.4996192134945632,0.9643844233089749,8.835971435413791,29.691324594620877,4.782056743639282
4,0,D,plain,34.429055879941174,0.489547541682525,0.8375381971434381,8.143021687838544,10.937905562413283,2.5220976541742823
4,0,D,pca,-23.904740663319068,-0.021527549584774652,0.11551865646930262,1.1677735700830192,3.3584578090610147,6.273055166212828
4,0,D,pca,-18.815015537403607,0.027022396321739972,0.2477964742716567,0.829611463883295,1.3913838627314614,2.561907961930491
4,0,D,pca,-7.813635606929903,0.03014656290866946,-0.13195585651482983,1.9600954874408918,3.452805902781616,17.10780279756065
4,0,D,pca,3.6191873761399993,0.021256269234675162,0.9120217731713378,2.3755418960827366,4.0929547594266795,1.8743095813437052
4,0,D,pca,11.714458782310004,0.0733056234969387,0.15485658244869932,-0.02277981501643435,1.1848011597972807,8.883037668989882
4,0,D,pca,13.17250244118475,0.23949988818641355,0.7972850628610387,3.432656979606788,6.311727534912408,44.11271818318524
4,0,D,pca,14.669007691509492,0.021453683660868306,0.12908899752691944,0.8032764435144387,1.5655368086036072,2.9589234357992193
4,0,D,pca,16.82071651515401,0.32200896994233974,0.14008134792658306,3.094407877805147,4.816240447302871,40.12261797285565
4,0,D,pca,18.57494358669726,-0.4787493637534005,0.10285127141011854,-0.19522302884340384,-0.09143266850018825,-0.228102518285328
4,0,D,pca,20.05605537357353,0.03801606050806061,0.617030863584745,1.3287971073971048,0.6714821102188063,0.9872715586642672
4,0,D,pca,21.90370296585198,0.23411811707151187,0.4171672933914428,2.669182990934237,2.5859672613126268,0.01857667352564388
4,0,D,pca,23.736312902586512,0.1160377532260699,0.15547115659208605,2.5666276684404736,5.050271880946218,26.64027337416763
4,0,D,pca,25.138502510598045,0.06721105806776506,0.4852590260922875,2.094608287986324,5.0373166944910235,12.480045405778872
4,0,D,pca,26.45308691767381,-0.24011952982003876,0.06073853938140164,2.7339060403453037,-0.3359344228444636,-3.6035280647923402
4,0,D,pca,27.98331129289876,0.2937072230594625,0.3001808166780813,3.1414924951109704,4.3445406401394795,32.07955161198167
4,0,D,pca,29.13634847296726,-0.06432422666015414,0.2954035696619545,1.1333217854005584,1.3173213094411385,1.745934779169256
4,0,D,pca,30.30802790209229,0.0869091543270647,0.1799505674626679,1.0011574829639165,1.389000650576234,14.949174458412637
4,0,D,pca,31.207228531085526,-0.20179139910458505,0.08616544392885986,-0.8441720485907691,1.4124103449502845,8.896600037030552
4,0,D,pca,32.2553237960434,-0.3165410523796559,-0.08086006339629428,0.5357306460215914,0.0334363535893985,0.2519435012734174
4,0,D,pca,32.98510123751269,-0.14744958879610526,0.23809984250594438,0.46400423079793257,1.5495049065508584,8.495395214741361
4,0,D,pca,33.627073289551745,0.27253509106269813,0.9482413367942532,2.499916582468505,6.070431257391136,45.846942446749686
4,0,D,pca,34.08641987865326,0.3289764561478532,0.32939950636856546,2.240960053507045,4.15000727714462,43.883308681141
4,0,D,pca,34.333928539127236,0.0805080309987023,0.5313633675360055,1.1433144688934498,4.389406020817181,8.79336117165985
4,0,D,pca,34.429055879941174,-0.410385085875361,0.04635836936898499,0.0797177002304764,-0.5643297291633622,1.2895948465040987
4,0,D,diffusion_t4,-23.904740663319068,-0.07526885246610482,-1.187858471846061,-3615.04837875956,2.425924634350293,-16.913645154284794
4,0,D,diffusion_t4,-18.815015537403607,-0.3159208067865555,-1.777554574961923,-4445.814005249224,0.23308305166060886,-14.253223960320739
4,0,D,diffusion_t4,-7.813635606929903,0.06405330250563768,0.31849890569232764,-3631.4640959591607,8.671676894307721,-16.748700136448896
4,0,D,diffusion_t4,3.6191873761399993,-0.1892148683920955,-0.5757153412634899,-4109.491068750043,1.8666377783752166,-15.692846656597899
4,0,D,diffusion_t4,11.714458782310004,-0.033588559971830245,-0.29340401641675945,-2281.902165398281,8.005002063072094,-8.627752496143264
4,0,D,diffusion_t4,13.17250244118475,0.4871774057662511,1.7833758638874515,-1454.4677000668391,26.854097239475063,-5.839632977186791
4,0,D,diffusion_t4,14.669007691509492,-0.2950934803885869,-1.9689016991118116,-3701.9457564709455,0.7168766181444315,-17.28584130802598
4,0,D,diffusion_t4,16.82071651515401,0.49752427944926614,1.7626903802493206,-1144.834092262278,43.691442442099934,-1.2741790882125268
4,0,D,diffusion_t4,18.57494358669726,-0.3491304867061005,-0.7380986763313656,-3672.819699409187,0.04883043616858841,-15.9779164740551
4,0,D,diffusion_t4,20.05605537357353,-0.09232457327086951,-0.503920439752314,-2139.6441289642958,2.597947216196866,-15.097601784922466
4,0,D,diffusion_t4,21.90370296585198,-0.4584834219052384,-1.896430615175877,-3822.5997498932097,-1.9834164875096545,-18.370861108195157
4,0,D,diffusion_t4,23.736312902586512,-0.4543482186960708,-1.8660024956277588,-3212.516807622347,-2.917064845868813,-19.17785450143722
4,0,D,diffusion_t4,25.138502510598045,-0.07608495779142371,-1.9846742543514286,-3326.6901513563016,4.571217433198405,-16.789838223832653
4,0,D,diffusion_t4,26.45308691767381,-0.47834574082612397,-2.407369844310641,-4010.892667348667,-2.9247409600750527,-17.5103180743792
4,0,D,diffusion_t4,27.98331129289876,-0.19686534923044657,-0.14714319780626778,-1760.6815197562487,15.881652596737926,-1.7950934068282178
4,0,D,diffusion_t4,29.13634847296726,-0.42926618456797155,-0.7697029947105324,-3357.574807134414,-0.5118536450889721,-16.751746729883415
4,0,D,diffusion_t4,30.30802790209229,-0.021704996980845936,-0.3067392999887248,-3321.232501026779,7.794831781074736,-6.55375767562207
4,0,D,diffusion_t4,31.207228531085526,-0.04062758403274491,-0.18402102586951402,-2406.655612446792,7.860173625149423,-8.548069937729226
4,0,D,diffusion_t4,32.2553237960434,-0.3647090131758554,-0.8532668049120686,-2827.3941030444635,-0.5054971325384118,-16.29615211004855
4,0,D,diffusion_t4,32.98510123751269,0.10309232258024792,-1.0638599578654897,-2392.903074745206,5.725463514089015,-9.528115372766647
4,0,D,diffusion_t4,33.627073289551745,-0.020131634164899992,-0.4680331086600118,-1659.5395329608457,13.822798018760526,-5.297025480247961
4,0,D,diffusion_t4,34.08641987865326,0.4988413075392536,1.6603427387716068,-551.7259138867183,33.52262227040042,5.615393925818071
4,0,D,diffusion_t4,34.333928539127236,-0.012216477923860991,-1.0194902669946362,-3321.220713884224,1.1455746592917833,-15.604448506462498
4,0,D,diffusion_t4,34.429055879941174,-0.01907871335054223,-0.1257193729316598,-3107.846877855878,7.860846363248397,-9.685627515324915
4,0,D,heatgeo_t2,-23.904740663319068,0.49591098146984314,2.6433270998077956,1.9538699815534606,0.0,6.124795257798571
4,0,D,heatgeo_t2,-18.815015537403607,0.4908557549659681,2.521518628350042,-0.16297852205876842,0.0,4.497485846178652
4,0,D,heatgeo_t2,-7.813635606929903,0.47216388022658495,2.610687997833525,0.7867538079562582,0.0,16.388449542928605
4,0,D,heatgeo_t2,3.6191873761399993,0.4945082629470027,2.5368480086074805,-0.10672260145772094,0.0,8.016011941210204
4,0,D,heatgeo_t2,11.714458782310004,0.4891170057959813,2.5499074131522983,-1.9996463455501874,0.0,9.925207280831433
4,0,D,heatgeo_t2,13.17250244118475,0.47381251653792045,2.661482143177644,2.363590844725657,0.0,25.64844254109963
4,0,D,heatgeo_t2,14.669007691509492,0.4936619578117091,2.5303312451955247,-1.1969999707502708,0.0,6.768229790078055
4,0,D,heatgeo_t2,16.82071651515401,0.47651254875146987,2.661482143177644,2.1860457361297225,0.0,34.53041261921859
4,0,D,heatgeo_t2,18.57494358669726,0.4929565975817479,2.444857884556688,-3.115221937134444,0.0,5.951357465618251
4,0,D,heatgeo_t2,20.05605537357353,0.4879119914071012,2.4551554242801865,-2.7055141316556086,0.0,9.569207860332714
4,0,D,heatgeo_t2,21.90370296585198,0.4866805569416468,2.5303312451955247,-1.317626560657044,0.0,7.368737049265479
4,0,D,heatgeo_t2,23.736312902586512,0.4925796809564381,2.680655468279447,1.4939039226745325,0.0,10.576203417083322
4,0,D,heatgeo_t2,25.138502510598045,0.49499795261330415,2.5910348861629293,1.2644860079846931,0.0,5.139335123801924
4,0,D,heatgeo_t2,26.45308691767381,0.49331023198251156,2.4127013980223984,-2.6118095757983526,0.0,1.4586490985915206
4,0,D,heatgeo_t2,27.98331129289876,0.4681231018756,2.581466104669424,1.180062036035461,0.0,24.779378404128323
4,0,D,heatgeo_t2,29.13634847296726,0.4916234678952588,2.444857884556688,-2.884296515873888,0.0,7.604546539834687
4,0,D,heatgeo_t2,30.30802790209229,0.4875353848946252,2.4821862530283396,-2.63825681340615,0.0,11.679590485880578
4,0,D,heatgeo_t2,31.207228531085526,0.4869431212287558,2.4821862530283396,-2.4321159776619004,0.0,10.700020974237873
4,0,D,heatgeo_t2,32.2553237960434,0.4929565975817479,2.444857884556688,-2.693090349600445,0.0,5.586904938585165
4,0,D,heatgeo_t2,32.98510123751269,0.4887878355565045,2.524426811458996,-0.9696758614855271,0.0,8.29387276273653
4,0,D,heatgeo_t2,33.627073289551745,0.4713925025861815,2.555539760076566,0.36001690681769216,0.0,26.15819141734214
4,0,D,heatgeo_t2,34.08641987865326,0.4280485703254626,2.5207624637020194,-1.4272570559608047,0.0,32.86102828726556
4,0,D,heatgeo_t2,34.333928539127236,0.4911420869286972,2.5544174844506067,0.6716885618154301,0.0,8.45856938959259
4,0,D,heatgeo_t2,34.429055879941174,0.4910972239491689,2.3713787738604926,-3.3554626401488834,0.0,8.229192799366745
4,1,B,plain,-23.903626854904992,0.21291617774924054,0.2533343614115499,-0.1326675276870628,2.2937119597787916,4.771513986326149
4,1,B,plain,-19.30269743762144,0.218894045215709,-0.1016926036271372,-0.5927419791402229,2.8111910121077512,5.558479498729444
4,1,B,plain,-9.49712260455786,0.1943219901068004,-0.05765903686118756,-3.6167845122911424,3.7502721635208216,9.541070831599912
4,1,B,plain,2.3680252371261394,-0.07540480914144809,-0.08650463372032736,0.9575200076217731,3.1009039161576633,12.788518372093037
4,1,B,plain,12.14113035619155,0.4820601668103375,0.5209190629518249,0.5385074564087396,3.7349748113076715,33.748453758984304
4,1,B,plain,13.806165288432432,0.4228082707687404,0.20181622361940305,0.8275411700952261,4.9352905115723935,35.728199816563105
4,1,B,plain,15.18018583052862,0.4855692674709956,0.14259640096904377,0.361262005789723,3.2910085479995743,32.58618525212733
4,1,B,plain,16.92961649185093,0.38396008340478205,0.3580160731073517,2.622072950862283,3.938487386326228,37.09020384766921
4,1,B,plain,18.689674801817247,0.4331711163889511,0.1565392070769683,2.022287294938224,3.3643471736176305,30.275593242462097
4,1,B,plain,20.441465734001106,0.4774881427456955,0.43649243451080283,1.3007119424206528,4.096799280637686,36.442871433319965
4,1,B,plain,22.25318956983028,0.46113268491277715,0.35454542771947656,3.2640185968324817,6.150228021154532,36.256333465067584
4,1,B,plain,24.199115340897677,0.48860810729481163,0.3298036762720661,2.6592939307974395,4.109149049200313,33.21045453358593
4,1,B,plain,25.457467631216495,0.48491319169909275,0.32903519430182804,2.6752623368266066,2.8510506817954577,25.267999943038706
4,1,B,plain,26.766912365797136,0.44852501615649387,0.47573407125516476,4.246923294229947,4.309299742776822,25.795146055022375
4,1,B,plain,28.082515072449162,0.1347890042411778,0.2625366330703088,2.599367376055771,6.253681082421453,35.323778358022906
4,1,B,plain,29.25564682434372,0.48725217627956285,0.4675279268435989,3.94120720016547,4.193132753105043,29.377285326041044
4,1,B,plain,30.627666603343318,0.49189769201830025,0.48632815399216006,3.383279294231131,3.3526016992859535,27.86871183814565
4,1,B,plain,31.587976846787033,0.48574890631446843,0.5657006934902515,4.071127373912885,2.8445195541902226,24.72153895981855
4,1,B,plain,32.32007875824183,0.41466357617958083,0.1805774280307933,2.773106227962293,4.800139710994732,28.550345365970838
4,1,B,plain,33.12889594809895,0.4915175554810195,0.6537072140896545,4.981069301291402,3.4474072837196,27.30664592849995
4,1,B,plain,33.668914599485454,0.45473351864624945,0.28162615079267334,2.8871950560850723,4.287832783961231,28.899297124143185
4,1,B,plain,34.059592294100185,0.39127735261402874,0.35071609700020057,4.221182828985934,3.8550182561116078,28.039972294850923
4,1,B,plain,34.349569802337655,0.44536783233638333,0.3315864112275527,2.2203981701326425,5.009618701979122,28.63044429265735
4,1,B,plain,34.429009310151116,0.4852076216645721,0.5565504279778868,3.958341870976744,3.3827161349348183,25.439824397845598
4,1,B,pca,-23.903626854904992,0.3941420835620886,0.26502442957535255,1.6338364724632672,4.172130230030269,7.956430443195671
4,1,B,pca,-19.30269743762144,0.3552103562605107,-0.010252051496894664,-0.29561707248004926,3.2277555667076627,5.834171866167307
4,1,B,pca,-9.49712260455786,0.12109281926899262,0.31972971344937967,-1.4719252182503892,4.34634113194639,13.621548682706887
4,1,B,pca,2.3680252371261394,-0.11425000890324721,-0.11815178007012919,2.343775383849793,4.026205048033547,22.03589217013992
4,1,B,pca,12.14113035619155,0.31420218074392103,0.20063443008282933,1.287036137140572,4.233224640663157,41.70517051244694
4,1,B,pca,13.806165288432432,0.29088426537724055,-0.4436101948114441,0.4192019056206123,4.496042493176684,41.67177211361473
4,1,B,pca,15.18018583052862,0.3290964731466327,0.2367845699005683,2.9717976023068826,3.7907836265493335,40.38265406026149
4,1,B,pca,16.92961649185093,0.47379409332005185,0.35699404314701616,3.3508406963581137,3.9221450536962403,44.96788794196502
4,1,B,pca,18.689674801817247,0.46208672202084067,0.23514481270540522,2.7767996291436727,2.879349595912039,36.27604332492649
4,1,B,pca,20.441465734001106,0.4763250412181056,0.40915224015744606,2.8505295952361935,3.792359013692899,44.33064440170358
4,1,B,pca,22.25318956983028,0.42208448380894714,0.1629553290604177,2.19785300556175,5.622053752589606,42.745095064504206
4,1,B,pca,24.199115340897677,0.4729534296632346,0.3330175050244992,3.1477061774423682,3.9888232485766753,41.447148323468056
4,1,B,pca,25.457467631216495,0.49181673035647544,0.22860704029403628,2.009530324878192,2.8037890674884847,34.02730180122887
4,1,B,pca,26.766912365797136,0.3252014391690361,0.31495812149978714,3.4722325682041038,3.82561366827115,33.03842216277752
4,1,B,pca,28.082515072449162,0.4610870678085832,0.22004354596488568,1.921022259292684,6.825636336076664,43.47034351573378
4,1,B,pca,29.25564682434372,0.4922140451793583,0.3928360130305022,3.925706968812893,4.045294412516888,37.764361054128436
4,1,B,pca,30.627666603343318,0.44944803005335376,0.3842158773093985,2.329706875589881,3.174883779758779,35.868513889711885
4,1,B,pca,31.587976846787033,0.4889716174993436,0.29618354828481863,3.938469389550747,2.8817773281935812,32.573617038447104
4,1,B,pca,32.32007875824183,0.2354266938980195,0.07581361540148007,2.2650416146815995,4.567415183414578,34.831370287057325
4,1,B,pca,33.12889594809895,0.49859590191055125,0.48852731341387806,4.391971476899232,3.226330593411975,33.75969068434042
4,1,B,pca,33.668914599485454,0.4798310168690062,0.16580831537053783,2.8185486064380934,4.164562038526506,38.61759302715343
4,1,B,pca,34.059592294100185,0.48120805697097757,0.3820591747428087,4.166652261860163,3.709116823669814,35.413019877122714
4,1,B,pca,34.349569802337655,0.4468775311168136,0.19695548865043205,2.357213356600488,4.738045180215425,36.11935648221043
4,1,B,pca,34.429009310151116,0.48663885349681824,0.5295572453349878,4.072244486412002,3.568830841548804,34.46183613513142
4,1,B,diffusion_t4,-23.903626854904992,0.44491276717289396,0.2289410669239212,-3.9937209603735515,23.453392328821426,3.3593313129813804
4,1,B,diffusion_t4,-19.30269743762144,0.47870787590961505,0.884669847367416,-9.699121656331675,27.178235924435857,7.705862215463214
4,1,B,diffusion_t4,-9.49712260455786,0.48760676888481624,0.10864469591923434,-5.1152069783373655,18.990859720483748,16.126627794338546
4,1,B,diffusion_t4,2.3680252371261394,0.4670585470892006,0.2557807804330973,-1.062695040327154,17.308310989438787,23.240707562405223
4,1,B,diffusion_t4,12.14113035619155,0.37361463071627543,0.4315731577205781,4.8055156458142925,8.280018306097958,46.58035079983383
4,1,B,diffusion_t4,13.806165288432432,0.26686469623547215,0.1515182462563202,2.483540546520773,11.441080346747125,44.51369031256754
4,1,B,diffusion_t4,15.18018583052862,0.4107144747535706,-0.10164127041948734,0.5098853597488131,10.340610729337076,43.801662769311946
4,1,B,diffusion_t4,16.92961649185093,0.49133995675727427,-0.1711342719066011,-3.4910556001471598,13.751527697847681,54.244515832824284
4,1,B,diffusion_t4,18.689674801817247,0.4416486988739361,0.27064504888243535,1.6882258953074833,10.088306045686808,43.54945035487128
4,1,B,diffusion_t4,20.441465734001106,0.4948121510063598,-0.0036390418617050996,-1.0948585286616852,12.612905402319022,50.92994131956326
4,1,B,diffusion_t4,22.25318956983028,0.4102934975229219,-0.08538387328638834,-1.6906452166301518,11.595858538623201,46.4002618129353
4,1,B,diffusion_t4,24.199115340897677,0.49558458915581594,0.11143227780467577,-0.31808367709160584,12.327523974869797,48.26874183274899
4,1,B,diffusion_t4,25.457467631216495,0.44770147928918913,0.2520864378144487,1.9005055018869428,9.657023010608683,41.855605610277955
4,1,B,diffusion_t4,26.766912365797136,0.085350989073125,0.3282016297620899,4.237867370799902,11.685335112712702,40.843717106972754
4,1,B,diffusion_t4,28.082515072449162,0.49679966070164683,-0.14850408262131282,-4.769367889912428,15.923392464787195,45.396855589126716
4,1,B,diffusion_t4,29.25564682434372,0.4731771032270451,0.4541437552745586,6.011528347541427,9.186745508900149,39.37709331486939
4,1,B,diffusion_t4,30.627666603343318,0.46833877091363085,0.40628519007974007,3.044661338334109,10.835390829583666,44.12054602596058
4,1,B,diffusion_t4,31.587976846787033,0.42418768827171194,0.5386710039744097,5.323617122077011,7.2851553420454165,41.95241893727839
4,1,B,diffusion_t4,32.32007875824183,0.48947173537444544,0.02659407385722021,-0.3067030760638184,13.645290963268765,42.01371043670541
4,1,B,diffusion_t4,33.12889594809895,0.4394444887858886,0.49249796245358657,3.7195904875243575,9.399728083684877,42.22787055175876
4,1,B,diffusion_t4,33.668914599485454,0.4955729879340761,0.17517059945402508,1.0329866914513228,11.362713364753464,43.10545789301789
4,1,B,diffusion_t4,34.059592294100185,0.4477435510363782,0.48956213196007287,3.9792036676843625,9.863840870723168,41.75272412158233
4,1,B,diffusion_t4,34.349569802337655,0.4803888558603453,-0.011517464086370504,-1.956883787031744,13.023103399403999,44.05469969210244
4,1,B,diffusion_t4,34.429009310151116,0.49346794281745654,0.1772220683422384,1.1974059972019473,11.625941136458035,41.170077678537396
4,1,B,heatgeo_t2,-23.903626854904992,0.4984120100432259,2.2550711048280836,-4.33926657792113,-0.130054074181466,5.508105098273794
4,1,B,heatgeo_t2,-19.30269743762144,0.4984495306892086,2.07951425317666,-4.474590650917575,-0.06975117193443507,4.668601686390141
4,1,B,heatgeo_t2,-9.49712260455786,0.47813889226049844,1.447413249484093,-4.01274858429373,-3.79650073401376,7.404662212653577
4,1,B,heatgeo_t2,2.3680252371261394,0.44935809576270236,1.3079182665475348,-7.609801242889833,-9.206743119539608,11.387913019311254
4,1,B,heatgeo_t2,12.14113035619155,0.44533605108792795,1.2719704904483344,-7.142203758422568,-7.909985787046794,20.492569525635233
4,1,B,heatgeo_t2,13.806165288432432,0.44533605108792795,1.1674723595546155,-5.7195520899403505,-17.128469097851177,22.047251727098473
4,1,B,heatgeo_t2,15.18018583052862,0.4278286100747176,1.2193504593350313,-5.748605541796539,-15.491664144631164,19.758345276578744
4,1,B,heatgeo_t2,16.92961649185093,0.4570492114369268,1.3113197701827919,-8.00712756827652,-27.879588508659975,23.978913705780062
4,1,B,heatgeo_t2,18.689674801817247,0.4278286100747176,1.2719704904483344,-6.388492769175777,-13.222648529106491,18.97044758210624
4,1,B,heatgeo_t2,20.441465734001106,0.44533605108792795,1.196256672477101,-7.110187307934176,-26.315855266123073,23.41274172787155
4,1,B,heatgeo_t2,22.25318956983028,0.4278286100747176,1.2719704904483344,-7.161737652731089,-16.24570538906326,19.28967841850372
4,1,B,heatgeo_t2,24.199115340897677,0.4278286100747176,1.2193504593350313,-5.949446536922798,-15.118998761667717,18.59930315032876
4,1,B,heatgeo_t2,25.457467631216495,0.43169239576780394,1.0835646011421864,-4.47319075364598,-9.532315396944206,16.831789769018172
4,1,B,heatgeo_t2,26.766912365797136,0.4278162456822464,1.3984316486125168,-2.9660598510064933,-8.498446828778523,15.220581362045957
4,1,B,heatgeo_t2,28.082515072449162,0.44533605108792795,1.2924312562389222,-7.462495062322509,-38.53896699461249,23.113818378197713
4,1,B,heatgeo_t2,29.25564682434372,0.45941706035425167,1.0842621633033005,-4.134503239426233,-13.046409473861631,16.465339585222058
4,1,B,heatgeo_t2,30.627666603343318,0.42010408896382456,1.368145074210156,-8.586805692033842,-15.928661730536179,16.931452973085268
4,1,B,heatgeo_t2,31.587976846787033,0.4381613538753155,1.2739670093222446,-5.813750084249399,-7.576077849806253,14.123990931308214
4,1,B,heatgeo_t2,32.32007875824183,0.43169239576780394,1.2528493037238966,-6.679034242796346,-21.409524990776784,17.455311657903778
4,1,B,heatgeo_t2,33.12889594809895,0.4278162456822464,1.1921404724733633,-5.125709059870083,-12.171217272952966,15.001975718237706
4,1,B,heatgeo_t2,33.668914599485454,0.4156441645162837,1.1986809318748906,-8.869108464893872,-23.37669119159701,18.583434397003135
4,1,B,heatgeo_t2,34.059592294100185,0.43169239576780394,1.1921404724733633,-6.31295127375135,-14.955185073378964,15.489078798500593
4,1,B,heatgeo_t2,34.349569802337655,0.42010408896382456,-0.09315010553381488,-9.007557402318048,-21.93669250757126,17.265584312841696
4,1,B,heatgeo_t2,34.429009310151116,0.45941706035425167,1.2573601600033388,-6.120786985178765,-13.747939391151464,15.804402792450677
4,1,C05,plain,-23.903626854904992,0.48152137043853294,0.3826417299279635,-0.3693785941993621,4.99144299119484,8.153367613237844
4,1,C05,plain,-19.30269743762144,0.1268014728512986,0.6886655605921503,1.649911303062138,8.167599704228259,14.596676391239425
4,1,C05,plain,-9.49712260455786,0.21383751457024314,0.5522025161989407,0.6778748638276249,4.736940288741048,8.796128633629115
4,1,C05,plain,2.3680252371261394,0.1348510998526128,0.19766200024816322,0.8643194194682726,6.099694989514059,16.497153632698268
4,1,C05,plain,12.14113035619155,0.14952316800566678,0.1944213472968285,2.4298141412692758,3.0091253487722986,15.718814406037927
4,1,C05,plain,13.806165288432432,0.12870903118846577,0.44216681377092054,3.086160097676508,8.04383037220003,21.68633199223323
4,1,C05,plain,15.18018583052862,0.39067057890405665,0.36920182424151493,1.574312573108417,3.939496202929665,11.174547336212154
4,1,C05,plain,16.92961649185093,0.4864571097623118,1.2260499498114477,1.9418758847645357,9.740012401535214,14.6718080303339
4,1,C05,plain,18.689674801817247,0.48654085254148693,1.80989297237329,3.511891068938311,14.926056740695584,15.95741318997096
4,1,C05,plain,20.441465734001106,-0.2468133502759326,0.31176231485962425,-1.264536822999104,4.324766547651527,14.291323042100181
4,1,C05,plain,22.25318956983028,0.4848278993687165,1.5875106160761956,2.2230731970949424,10.599152658226926,23.31719370436393
4,1,C05,plain,24.199115340897677,0.3887863326285079,0.5978533155216442,3.054177995950813,6.891809803815669,13.178645601984
4,1,C05,plain,25.457467631216495,0.4679077957646084,0.47565623945473096,1.7144725249686472,7.484082077277217,17.237312082198116
4,1,C05,plain,26.766912365797136,-0.024534317984845733,0.4931213990038301,3.348532114125929,6.296549025687549,10.469183404637112
4,1,C05,plain,28.082515072449162,0.28234994183201934,0.32763309084009656,0.16188820971502646,7.9524684944460144,18.09983158651724
4,1,C05,plain,29.25564682434372,0.44337407840122933,0.41575579728499207,1.6343086333883379,7.093770344522638,18.435700812594153
4,1,C05,plain,30.627666603343318,0.22590428788732086,0.4491528643329921,0.18249723738677628,5.461159155852892,15.897823609114045
4,1,C05,plain,31.587976846787033,0.4028127694148179,0.5023579368450143,0.36085058568529627,6.454888365252155,17.517509904902287
4,1,C05,plain,32.32007875824183,0.22387050119046992,0.453971705577329,0.07770431640788426,3.2755203805758706,12.804159711131867
4,1,C05,plain,33.12889594809895,0.2489925380118615,0.28945020542450806,0.7323485489297004,5.877452372411701,18.07203702415272
4,1,C05,plain,33.668914599485454,0.29840794825668115,-0.06590671599715153,-0.8075398391543201,4.922193306226063,13.946758345485723
4,1,C05,plain,34.059592294100185,0.40688776978707875,1.2380429529471269,4.486589268148463,8.900489347494265,14.129340643056185
4,1,C05,plain,34.349569802337655,-0.05539059394613577,-0.33582191572900266,-0.7096906336507812,0.92124700424527,5.86556906428823
4,1,C05,plain,34.429009310151116,0.01535675395929903,0.2759349235839142,-0.07113384671156407,7.962592396722455,18.532001901202396
4,1,C05,pca,-23.903626854904992,0.31634293199553876,0.614873553040551,1.876089258246319,4.749777468889094,8.024528277472806
4,1,C05,pca,-19.30269743762144,0.20777761918985238,0.43380662580100254,1.8129618372270866,7.450568823779762,11.910352462142674
4,1,C05,pca,-9.49712260455786,0.07686296491751887,0.012523044322240329,1.34065908155067,4.632195862380001,10.372049232974282
4,1,C05,pca,2.3680252371261394,-0.07008809867025839,-0.038982344119309516,1.3330914168202788,6.417774364936573,19.53339655645637
4,1,C05,pca,12.14113035619155,0.23071973188077632,0.361494386275622,1.7906714426347994,3.046561987994421,18.169722151769715
4,1,C05,pca,13.806165288432432,0.36642441615972154,-0.1234587098059341,1.102560892566391,7.751550878565502,26.41545348404475
4,1,C05,pca,15.18018583052862,0.26709485430533064,0.4456278938033243,2.030596431497048,3.8330717548339996,11.701572794352726
4,1,C05,pca,16.92961649185093,0.4639801192593601,0.9254094905820283,2.358695910001426,8.101432675614156,15.572254477007865
4,1,C05,pca,18.689674801817247,0.4904616771848861,1.3217555223739876,4.652055808325358,10.189939406569916,21.957538064594793
4,1,C05,pca,20.441465734001106,0.36679823800944666,0.24971786730173415,-1.7371239172081894,4.554284159000345,16.470078923948137
4,1,C05,pca,22.25318956983028,0.41935129012895533,0.4519109019368847,1.4595653091317204,9.702642755627497,30.28140384823745
4,1,C05,pca,24.199115340897677,0.4494172763742542,0.47215718131881973,2.5874901599429423,6.936233652214797,17.50849912801975
4,1,C05,pca,25.457467631216495,0.3037100989785133,0.35417721887862785,1.494332509032174,5.948231861721729,17.48841155967611
4,1,C05,pca,26.766912365797136,0.08358478636009736,0.48264698760843366,2.8168313742040745,4.694023514477947,10.457153710319039
4,1,C05,pca,28.082515072449162,0.17435846954412249,0.5514108631346331,1.1397978314147819,7.467457248043561,20.004131128118825
4,1,C05,pca,29.25564682434372,0.4432783442835092,0.5276622952427065,3.1489708368778824,6.443023496509979,19.54299586319443
4,1,C05,pca,30.627666603343318,0.3767357763222696,0.3421880095190899,1.9229422996251775,6.473712370792774,20.196246716818283
4,1,C05,pca,31.587976846787033,0.09903475941837991,-0.7894609677251454,-0.6902962062200532,7.152589534236485,19.502863041605178
4,1,C05,pca,32.32007875824183,-0.06823114806022768,0.24225880088277799,0.7330719834755618,4.952070457164578,16.857811884582134
4,1,C05,pca,33.12889594809895,0.36084621305414766,0.5324179033827097,1.866967299801391,6.9862036195471005,20.960913366078657
4,1,C05,pca,33.668914599485454,0.27376136544291463,0.3066239097152373,1.1622486901044462,5.299068781574044,15.2685635782355
4,1,C05,pca,34.059592294100185,0.16812369193997,0.4969942915828012,3.455501960182374,6.463170313023262,15.923184468631876
4,1,C05,pca,34.349569802337655,0.23604338456311202,0.35346219713845656,0.3428356731943059,3.5018234624170708,8.860465615049634
4,1,C05,pca,34.429009310151116,-0.07681222110776526,0.19882094154831298,1.7603281701844409,7.592308886632308,20.044119198501477
4,1,C05,diffusion_t4,-23.903626854904992,0.4890147905336307,-0.1662330115173385,-30.981097100844295,20.489799069993214,22.258678305845578
4,1,C05,diffusion_t4,-19.30269743762144,0.48355411283669403,0.1501127537545482,-27.300155013620508,21.137621131534868,44.06311693648826
4,1,C05,diffusion_t4,-9.49712260455786,0.20637874847545845,-0.40080284076874567,-41.24847704545423,11.235129088286579,45.20939777167628
4,1,C05,diffusion_t4,2.3680252371261394,0.4684421533414844,-0.4258569377122259,-28.449721458038514,13.764465179641935,65.207413639311
4,1,C05,diffusion_t4,12.14113035619155,0.4188601101001631,-0.344282623108274,-30.519562860382933,2.8830220678166762,81.40725107275223
4,1,C05,diffusion_t4,13.806165288432432,0.45554983692882967,-0.2565086879693105,-21.227964827359553,8.078441267237464,86.51637540516
4,1,C05,diffusion_t4,15.18018583052862,0.14304069719660983,-0.44163207901939233,-18.066140433531217,5.875070495604441,57.33614996151521
4,1,C05,diffusion_t4,16.92961649185093,0.38715817554775833,-0.39776140868882054,-35.057568471240835,6.9884739446675095,74.17031428557142
4,1,C05,diffusion_t4,18.689674801817247,0.28638640969818396,-0.31492134911667435,-28.064445023524463,8.0326997045645,77.32743516580803
4,1,C05,diffusion_t4,20.441465734001106,0.4042180890543974,-0.15851950368590503,-52.826510877239045,7.892663406943109,73.52473004991495
4,1,C05,diffusion_t4,22.25318956983028,0.42858335938302694,-0.32116245829891565,-35.22564918721203,9.947139799088793,86.42919653026647
4,1,C05,diffusion_t4,24.199115340897677,0.454549695326975,-0.34667008655039083,-10.412577982307244,2.809478825676392,61.28206925535756
4,1,C05,diffusion_t4,25.457467631216495,0.4927121757924424,-0.28828357894642564,-29.1127935004048,12.878820247798322,72.02927549888979
4,1,C05,diffusion_t4,26.766912365797136,0.3866307450288715,-0.4262076222983625,-24.498830350112314,7.002973385155251,48.111849329813936
4,1,C05,diffusion_t4,28.082515072449162,0.462431396781138,-0.26361426079739886,-22.03397410750963,11.700568383709802,59.68177099745717
4,1,C05,diffusion_t4,29.25564682434372,0.45388030923382294,-0.3458215051546335,-27.273872799548265,8.210387384970366,63.040235268322625
4,1,C05,diffusion_t4,30.627666603343318,0.376377775170078,-0.4702690028878554,-17.883723208325705,6.0383554790787795,71.18610342761757
4,1,C05,diffusion_t4,31.587976846787033,0.30236248086430806,-0.49117437302603817,-22.23511587409043,10.15324589913285,69.17980381843016
4,1,C05,diffusion_t4,32.32007875824183,0.4281147031292468,-0.3622193926395397,-30.711878377384394,4.897410348855718,60.568209649053536
4,1,C05,diffusion_t4,33.12889594809895,0.42858335938302694,-0.3001975641679371,-25.342766651724695,8.897629422433551,76.24064842434531
4,1,C05,diffusion_t4,33.668914599485454,0.18747740791852097,-0.49535516637673854,-26.921762816079248,5.5513726029809005,65.81191575653556
4,1,C05,diffusion_t4,34.059592294100185,0.4568770057208359,-0.36492607634175545,-18.4210795500048,9.381849060707035,63.1212329147228
4,1,C05,diffusion_t4,34.349569802337655,0.1855887259032366,-0.5608290603797362,-26.590207928247608,13.742341137629987,45.07960729106146
4,1,C05,diffusion_t4,34.429009310151116,0.34757984208551274,-0.32772130065663224,-25.227383376510534,12.510626365788086,58.72105222302207
4,1,C05,heatgeo_t2,-23.903626854904992,0.39341771249587154,1.475121388192376,0.5384327509577865,-5300.181790346414,9.647651340484725
4,1,C05,heatgeo_t2,-19.30269743762144,0.38165528517801806,2.2459348327799913,0.19650039601920694,-27854.902789670177,13.594257136977548
4,1,C05,heatgeo_t2,-9.49712260455786,0.49872681497998206,3.0048804138903686,0.5218498245368453,0.0,5.3176794962535325
4,1,C05,heatgeo_t2,2.3680252371261394,0.3569126531868815,1.2531041676819799,-0.25038936196356487,-24318.96565013858,17.211046727201875
4,1,C05,heatgeo_t2,12.14113035619155,0.49609220137360155,2.5194662057440707,0.38727255865974375,0.0,13.272762728759982
4,1,C05,heatgeo_t2,13.806165288432432,0.41173729828323524,1.487364226709092,0.31542070468069544,-32024.430318244864,20.24683418926336
4,1,C05,heatgeo_t2,15.18018583052862,0.49872681497998206,2.4689197467213737,-0.025953641615760283,0.0,7.429513034327946
4,1,C05,heatgeo_t2,16.92961649185093,0.30369621462341134,1.2531041676819799,-0.6162078364648843,-24218.617461713166,17.107041645778736
4,1,C05,heatgeo_t2,18.689674801817247,0.3567608123274524,2.16410829593111,0.619082121581948,-23868.758496803366,14.854315748151125
4,1,C05,heatgeo_t2,20.441465734001106,0.4183910502953577,1.0099063681778047,-4.109798773941734,-19621.65288915685,16.619776250298898
4,1,C05,heatgeo_t2,22.25318956983028,0.41173729828323524,2.167049012215991,0.9159486440721591,-52049.69193783881,21.685536216225735
4,1,C05,heatgeo_t2,24.199115340897677,0.4053275254239902,2.2352630021412807,0.5386284784315248,-9723.177306852904,13.771728215701529
4,1,C05,heatgeo_t2,25.457467631216495,0.3495022475809386,1.2531041676819799,-0.23182264471270697,-49550.25497821452,18.79280647942237
4,1,C05,heatgeo_t2,26.766912365797136,0.3326709669993999,1.5530164671652054,0.7160878482902581,-9259.244968973235,12.321354526307882
4,1,C05,heatgeo_t2,28.082515072449162,0.30369621462341134,1.2531041676819799,-0.7011950788202981,-38460.49504119264,17.663845656826776
4,1,C05,heatgeo_t2,29.25564682434372,0.2941916936953092,1.946386393126954,-0.649719977769015,-36579.80551707851,19.642022018743035
4,1,C05,heatgeo_t2,30.627666603343318,0.32441507902396316,1.3080845774993821,-0.34024590177182423,-4885.918322372618,13.043401409754418
4,1,C05,heatgeo_t2,31.587976846787033,0.3277481949605856,2.0010029431141683,-0.9997377864569303,-12622.64186863149,13.611692295748492
4,1,C05,heatgeo_t2,32.32007875824183,0.23807988614932796,1.0383465494426336,-1.5363169730119859,-4053.806613057986,12.774019302315057
4,1,C05,heatgeo_t2,33.12889594809895,0.39067746788302715,2.104994516693931,-0.07480904944565847,-21662.546267009475,15.823242180468322
4,1,C05,heatgeo_t2,33.668914599485454,0.41801706923454507,2.159974926511333,-0.022789214033729178,-3719.7292002133504,12.048326343877434
4,1,C05,heatgeo_t2,34.059592294100185,0.4053275254239902,1.5419807766963054,0.6856197852134284,-16011.837495000234,13.628317292025317
4,1,C05,heatgeo_t2,34.349569802337655,0.4975179202384845,2.3538009000900573,-1.0214241510803708,0.0,2.3296748652540002
4,1,C05,heatgeo_t2,34.429009310151116,0.3569126531868815,2.104994516693931,-0.11799731218883984,-27759.01112528345,15.849366067615096
4,1,D,plain,-23.903626854904992,0.4818476039684366,0.8568521904910247,8.677969196690963,24.1513695527418,6.863472881949512
4,1,D,plain,-19.30269743762144,0.49939857526785836,1.1259656683957995,8.23872433437861,38.5901526434017,13.15810722041809
4,1,D,plain,-9.49712260455786,0.4994181287019388,1.1219580697331035,9.37920890868051,30.282049413049005,2.829326970852168
4,1,D,plain,2.3680252371261394,0.49952964637169006,1.2847625284552202,9.22005023555061,36.040500384866704,8.3756494662893
4,1,D,plain,12.14113035619155,0.4993758318895295,1.19689429878789,8.84334468851868,39.38595828701839,3.6735710430229997
4,1,D,plain,13.806165288432432,0.49957812289559256,1.3130394736429523,9.373858000144121,25.776794727505568,1.3997254355987345
4,1,D,plain,15.18018583052862,0.4996543437903881,0.9534828452709113,8.8034279438983,22.292088958467087,3.9397906864600603
4,1,D,plain,16.92961649185093,0.2480816831196797,1.3106157841845034,9.652274663537415,48.5531689674499,24.84298551080164
4,1,D,plain,18.689674801817247,0.4992417548165249,1.2998369927707907,9.289866889683339,42.81011200091144,8.041082884903112
4,1,D,plain,20.441465734001106,0.3572071659860475,1.3426040885849222,9.48073474620589,54.535546340425796,32.48536999155351
4,1,D,plain,22.25318956983028,0.49842219678737054,1.0967329408982303,9.115860862242641,32.621339943239114,4.827327267120656
4,1,D,plain,24.199115340897677,0.37789056274848476,1.066402820996269,9.670755819686299,59.19581106567557,21.326547332860805
4,1,D,plain,25.457467631216495,0.49977357282305734,1.0384186845118153,8.826205245328056,24.87104505216367,3.20416240325653
4,1,D,plain,26.766912365797136,0.10568570435009772,1.369424603300724,9.611368112586536,48.835875617465796,20.964666932228702
4,1,D,plain,28.082515072449162,0.4983043893776473,1.8290822145731176,9.287955737495523,64.16257526823381,39.48395934937557
4,1,D,plain,29.25564682434372,0.44905109724202885,1.7563882916280753,9.387875660906102,54.4004403583675,17.551732756414115
4,1,D,plain,30.627666603343318,0.49963644861156764,0.7836947530314751,7.900538566875456,24.72476748630407,6.855005446627322
4,1,D,plain,31.587976846787033,0.40925788546756303,0.8895789452752565,9.193410950820216,35.23087695325274,6.979945057290398
4,1,D,plain,32.32007875824183,0.4784291080445713,1.6624082552415,9.290090573001708,57.795071637621895,33.920472010738045
4,1,D,plain,33.12889594809895,0.498798704960171,1.157441062104953,8.466962748359585,33.74941679198599,11.832409662827079
4,1,D,plain,33.668914599485454,0.49939582044771746,1.1649312907476486,8.96689289535825,36.91320702346574,3.7094511315635827
4,1,D,plain,34.059592294100185,0.4989667088341454,1.0563031420585958,8.96740230854017,35.73239017456939,9.823974101092801
4,1,D,plain,34.349569802337655,0.3716443151618827,0.4582763773358905,8.685609425242017,21.377940461111855,7.429195502692785
4,1,D,plain,34.429009310151116,0.49928959999889133,1.7588832491523827,9.51893854313069,55.38903923551488,31.999269639998204
4,1,D,pca,-23.903626854904992,0.16467300064254953,0.4943892311321724,1.5830955308742316,2.7632872815370275,5.658833608137784
4,1,D,pca,-19.30269743762144,-0.11730321513412728,0.4520360194597368,-0.5110136937527119,2.9458051891255788,18.14981382219023
4,1,D,pca,-9.49712260455786,-0.4176671762712003,0.452988780428038,3.059411214553275,-0.7286177579910731,-1.152844259147934
4,1,D,pca,2.3680252371261394,-0.08324190369638107,-0.42050965864145495,-0.5665648544578649,1.1867032115837277,2.644736956579607
4,1,D,pca,12.14113035619155,0.4375678646616622,0.22218357181832918,-0.9197944166016204,1.6198085356456378,3.4544731511856046
4,1,D,pca,13.806165288432432,-0.4671006536349479,-0.9170648798150561,1.2644958409470166,-1.0772715309409617,-2.9389297745328196
4,1,D,pca,15.18018583052862,-0.4438481153800685,-0.28297414974347307,0.906901461370682,-0.5682377453041619,-2.784909626391236
4,1,D,pca,16.92961649185093,0.1288009332794553,0.12445314900571293,2.455338541330823,3.7903997641561546,24.593455482631594
4,1,D,pca,18.689674801817247,-0.08236535042471216,0.13316467104920882,0.8107539435098555,1.0762351160245445,6.330589192849319
4,1,D,pca,20.441465734001106,0.19970143949643404,-0.20645535446697483,2.4960333923035676,4.176909337387848,33.18467842664273
4,1,D,pca,22.25318956983028,0.0346451447576539,0.37000825963505835,-0.8192614463141991,2.683455321759073,5.174401244791066
4,1,D,pca,24.199115340897677,0.004607306675668776,-0.14960663443693908,2.8152667500266544,2.9877519820264515,23.34733230234503
4,1,D,pca,25.457467631216495,0.4772295212141703,0.3689723707042099,0.2461482420246693,1.7506999687360176,6.746552503092609
4,1,D,pca,26.766912365797136,0.06666049130093199,0.6148240293408553,2.060195336672896,5.75670792003962,25.150966030151373
4,1,D,pca,28.082515072449162,0.05433094610643474,0.2656110038262382,1.7121354410601757,5.583752227667257,49.16916033773587
4,1,D,pca,29.25564682434372,0.39800800353011356,0.08470818100357469,2.793060673042673,4.1746955478976835,28.567435513543032
4,1,D,pca,30.627666603343318,0.32728104534939617,0.48394348100966755,0.8244607045185312,1.7513776593962718,11.305495498531979
4,1,D,pca,31.587976846787033,0.08120135869583345,0.02119008041551278,1.573914508662936,2.928693499954158,1.8800343459541804
4,1,D,pca,32.32007875824183,0.439169598906741,0.9598364129960187,2.0180332427799685,7.467946865216579,41.3765311115686
4,1,D,pca,33.12889594809895,0.12590132138054244,0.4261366371622583,0.30756485678406925,2.664647146968149,16.279313811063595
4,1,D,pca,33.668914599485454,0.01695864806285341,0.2993939642778736,0.7256528537926455,1.0391654369086354,2.510133533139998
4,1,D,pca,34.059592294100185,0.021832711174473052,0.39632466621906903,0.872511842822715,3.887004567775403,14.349276832933267
4,1,D,pca,34.349569802337655,-0.019304540728899644,0.1575784857560623,0.5994206362948303,1.5942641156917863,10.14465992368394
4,1,D,pca,34.429009310151116,0.3551916081025891,0.3928020195484892,1.949776756788024,3.786048990117322,41.73150421297176
4,1,D,diffusion_t4,-23.903626854904992,-0.3455927602157771,-1.1466696547087434,-3910.129099006036,-1.3194067341276543,-17.964206533897162
4,1,D,diffusion_t4,-19.30269743762144,0.1772097049258271,0.37321132404488655,-1122.504123975328,7.076304367133589,-5.882065720039489
4,1,D,diffusion_t4,-9.49712260455786,0.07570878233441725,-0.8343107893915698,-2426.6373323841553,6.227188138364717,-12.89173570136157
4,1,D,diffusion_t4,2.3680252371261394,-0.4491685402327617,-1.9986004516748004,-2222.1926306203986,-3.1391029179198626,-17.81096042587745
4,1,D,diffusion_t4,12.14113035619155,-0.01907871335054223,-0.15908859740274067,-2472.4399031275866,4.746439833438815,-13.831531267135256
4,1,D,diffusion_t4,13.806165288432432,-0.02621888118078819,-0.8266123456264806,-3360.127129255651,1.4090896225987954,-15.166133335060609
4,1,D,diffusion_t4,15.18018583052862,-0.015085006201603302,-0.8414758397886788,-2690.4451625028346,3.39411550663753,-13.95290297746216
4,1,D,diffusion_t4,16.92961649185093,-0.015085006201603302,-0.7817377042031628,-2685.4502311395427,15.253496334092262,-14.930879379760727
4,1,D,diffusion_t4,18.689674801817247,-0.29208722940615495,-1.0765190549952517,-3013.3436203152487,0.23502364233072562,-15.20590930913199
4,1,D,diffusion_t4,20.441465734001106,0.05486344840394497,-1.7618100940429182,-1528.7327684917414,17.223187239413363,-10.410950705946464
4,1,D,diffusion_t4,22.25318956983028,-0.3315348490702742,-1.0493304990231997,-4296.427864572914,-0.9188429452732843,-17.44935171643054
4,1,D,diffusion_t4,24.199115340897677,-0.06250630560837522,-1.5594189821834783,-1345.1858738760063,14.165549455340262,-8.798841734731896
4,1,D,diffusion_t4,25.457467631216495,-0.01907871335054223,-0.1436367597914421,-1987.1045666128412,7.773140289806542,-4.615085796815086
4,1,D,diffusion_t4,26.766912365797136,0.3628179160317835,0.24877862799830303,-2977.7489262102085,6.619342700981914,-15.110278325192755
4,1,D,diffusion_t4,28.082515072449162,0.4907782294147306,1.8125535704602045,-732.3651482985501,31.744631536320878,2.464886905529017
4,1,D,diffusion_t4,29.25564682434372,0.04033943437726184,-1.6801863027202606,-1887.18217429181,15.500684461228024,-10.060328390542477
4,1,D,diffusion_t4,30.627666603343318,0.461954260752091,0.028625925517228475,-725.4648159072789,23.90477891418417,7.246321102002939
4,1,D,diffusion_t4,31.587976846787033,-0.36160640192494364,-1.5092984479147447,-4647.708860887012,0.28484076104447886,-17.658823572468393
4,1,D,diffusion_t4,32.32007875824183,0.07132804848232077,0.25817955916804347,-2319.2537079791537,6.1467614361476555,-9.33723690984131
4,1,D,diffusion_t4,33.12889594809895,-0.027948030447835392,-0.21428140660460607,-935.0043838293155,17.631530640643042,-2.119878453588701
4,1,D,diffusion_t4,33.668914599485454,-0.3647090131758554,-0.8065622968690224,-2454.7426238184594,-0.6345852239145795,-16.089485448068324
4,1,D,diffusion_t4,34.059592294100185,-0.044834259736144855,-0.16972026760055098,-1619.048789427429,10.092965501101245,-4.184533393565402
4,1,D,diffusion_t4,34.349569802337655,-0.027948030447835392,-0.35232838610719985,-2278.2773627254232,3.5370119787375063,-10.889998845098907
4,1,D,diffusion_t4,34.429009310151116,0.17032322128910427,0.3641999129837283,-1079.8314101357275,21.804576817662152,-0.4297889074095514
4,1,D,heatgeo_t2,-23.903626854904992,0.48693228858244064,2.484819535912555,-0.6820077519783363,0.0,2.0743896224837943
4,1,D,heatgeo_t2,-19.30269743762144,0.4812015649761029,2.753611080232393,-0.7230285586224086,0.0,12.615445447807575
4,1,D,heatgeo_t2,-9.49712260455786,0.4924205523802484,2.7054940700710493,-2.082460024469114,0.0,8.271418962422858
4,1,D,heatgeo_t2,2.3680252371261394,0.49526920019593,2.767012158112165,0.8770524574579345,0.0,5.570726560151945
4,1,D,heatgeo_t2,12.14113035619155,0.4879119914071012,2.4551554242801865,-2.931417182843841,0.0,9.697190695065439
4,1,D,heatgeo_t2,13.806165288432432,0.49327573208202835,2.4127013980223984,-2.687834200429825,0.0,1.7212735433275932
4,1,D,heatgeo_t2,15.18018583052862,0.49207624746176715,2.630809351121905,-2.9353175733645402,0.0,7.643720580083737
4,1,D,heatgeo_t2,16.92961649185093,0.47425716916611327,2.5949381560983946,1.1448213656738768,0.0,14.221623452459733
4,1,D,heatgeo_t2,18.689674801817247,0.4940052163109565,2.7162827117607415,-1.463781380791142,0.0,7.295204255707782
4,1,D,heatgeo_t2,20.441465734001106,0.47559645397534034,2.677650639495177,1.4212770594866817,0.0,17.19810317126501
4,1,D,heatgeo_t2,22.25318956983028,0.4940052163109565,2.698704025031994,-2.219684308832265,0.0,2.878513329576797
4,1,D,heatgeo_t2,24.199115340897677,0.4772282775643102,2.712138376084263,2.6298290051149085,0.0,15.97818397195189
4,1,D,heatgeo_t2,25.457467631216495,0.488777515488391,2.5769382419004514,-1.624595283115053,0.0,11.666839196053818
4,1,D,heatgeo_t2,26.766912365797136,0.48259609972205875,2.7083792931427997,2.1767008122675846,0.0,12.78030367172284
4,1,D,heatgeo_t2,28.082515072449162,0.39108098551148873,2.672379514364463,-0.9442208579233972,0.0,37.049554184627496
4,1,D,heatgeo_t2,29.25564682434372,0.48298102241612795,2.8708798557878117,2.166163694357437,0.0,14.91946164542954
4,1,D,heatgeo_t2,30.627666603343318,0.4639015236268591,2.7666487914071314,-1.1635995931231982,0.0,19.828996241245196
4,1,D,heatgeo_t2,31.587976846787033,0.4954840279044558,2.7422064493765057,0.8300921694382333,0.0,1.797927376765786
4,1,D,heatgeo_t2,32.32007875824183,0.4713925025861815,2.5600317649269053,0.4913050828000983,0.0,27.47995616827927
4,1,D,heatgeo_t2,33.12889594809895,0.44778122623173555,2.5806973248419145,-2.250094589345205,0.0,18.213747629841368
4,1,D,heatgeo_t2,33.668914599485454,0.4875468328257283,2.3713787738604926,-3.3403059366658017,0.0,8.847391604639311
4,1,D,heatgeo_t2,34.059592294100185,0.4911339143657606,2.602436910041723,0.3466965725547586,0.0,11.803638615013222
4,1,D,heatgeo_t2,34.349569802337655,0.49235126858926925,2.710378278024213,-1.3577243810387538,0.0,8.639837836519149
4,1,D,heatgeo_t2,34.429009310151116,0.4338021681866756,2.6933587075185574,-0.6149477743163915,0.0,27.945177118313758
5,0,B,plain,-18.649853427823356,0.22215844899822368,-0.08159954490645256,-1.8673956601636725,3.63604240520001,9.059066704108025
5,0,B,plain,-12.074076382063264,-0.025029595804206328,0.08651508415422025,1.9438474253001774,3.4769233303384826,8.106594669831763
5,0,B,plain,2.2962247736213577,0.16956170118323666,-0.08950994958187443,1.384405863721372,7.571782138158367,14.808587678942688
5,0,B,plain,16.512424390223224,0.4840303664896116,0.3781050771098962,2.4222230619054934,5.586835907503294,35.015626381404445
5,0,B,plain,21.74911536245209,0.30593607133661294,-0.18703629627982715,1.3612667513129424,8.069143026691625,79.59742259465699
5,0,B,plain,24.40076392053056,0.3362759806968333,0.2757616289718664,3.551253974774699,10.986694110255955,94.70774711683288
5,0,B,plain,26.972586419979983,0.2188954857655333,-0.23353919752463592,2.390880702470367,8.362400833551472,66.89441348423145
5,0,B,plain,30.417879015943825,0.3532582394073799,0.1299312963407494,3.8407577392794567,10.242034290596303,54.64383380046987
5,0,B,plain,32.87920687152628,0.4826982021175805,0.46727053085640996,4.02535479817254,6.764520652888739,80.80458385805163
5,0,B,plain,34.93024350368683,0.42243260238535074,0.3944081880569175,3.5594347581422783,8.189762858175358,50.43000728461582
5,0,B,plain,37.50867041004193,0.4119673097035723,0.3220476648930884,2.762975033687803,11.770122474100464,75.27401958310816
5,0,B,plain,39.94204071714431,0.3942924494771667,0.2810050747090105,3.6821422457287185,10.920844676912793,78.59820115090594
5,0,B,plain,41.70666760573813,0.48784988204061763,0.625908783153823,4.2633583812041485,8.987857343972546,83.04251461431566
5,0,B,plain,43.37483662264934,0.21020217984280343,0.07455062911525343,3.3207541973109356,13.584159640560772,82.46004194870854
5,0,B,plain,45.23724507872123,-0.15088340227515967,-0.6941422480431511,2.7516947321100393,13.05343776804849,98.26042062017086
5,0,B,plain,46.655189345072365,0.07868391378772877,-0.2604666484212655,2.604457613890611,13.533094821525395,89.20436089186296
5,0,B,plain,47.81255722327232,0.17702382122640237,0.35492442636853244,3.0220849566050885,12.512390902593394,87.02383697860733
5,0,B,plain,48.94985583734614,0.4002716553457101,0.01469483463248954,3.3845982171486573,10.074281431860319,66.96005911464042
5,0,B,plain,50.09299982678168,0.11195938009240058,0.4116517282630201,4.026518647707873,14.095540329109756,81.06645130978563
5,0,B,plain,51.01762680425846,0.39415371306069136,0.37879808494347406,5.6792344666039165,10.400830204489354,66.66702831249975
5,0,B,plain,51.73309924448142,0.32645419839072054,0.1887797301358761,2.9043461714064294,9.855679194734611,58.490336805672435
5,0,B,plain,52.21879784472452,0.06902467378254251,0.20131692789703,3.624251351795766,15.508997931079277,80.36555815696725
5,0,B,plain,52.49937845416367,0.44686314999317955,0.3734922136677259,4.453663530292455,13.182949912181458,101.04851992507878
5,0,B,plain,52.621398144179125,0.3807162521063625,0.24128186016818157,3.2274254989638296,8.460447871387144,64.41993505142928
5,0,B,pca,-18.649853427823356,0.22606413508115164,-0.2526184992356616,-0.774163886106577,6.2859946628015,16.99103637492547
5,0,B,pca,-12.074076382063264,0.3822764198852895,0.34657341821048526,1.8764788957341185,5.584121355368094,32.223011296793445
5,0,B,pca,2.2962247736213577,0.1245045341918577,-0.4601389809684013,1.0313466042278816,9.016036980423669,40.29203739022806
5,0,B,pca,16.512424390223224,0.49619591368728555,0.6517807365598531,5.2852381398788575,8.103123402526895,97.860566653377
5,0,B,pca,21.74911536245209,0.45895648759755736,0.5738130654978094,1.8138087268444563,8.767747022327281,125.11058642059311
5,0,B,pca,24.40076392053056,0.4875743333029804,0.5573540090875775,4.292045253887019,10.438349192929438,135.7800305077789
5,0,B,pca,26.972586419979983,0.4088059941561797,-0.034005495462405784,3.045312036458487,8.134750089308431,109.22993828829796
5,0,B,pca,30.417879015943825,0.13654061081058877,-0.26190934883764744,3.7681313649529664,11.01963498497596,97.5776675620744
5,0,B,pca,32.87920687152628,0.46635045227315575,0.5044088247454249,4.674162816129768,6.0164676430600865,131.38227420313174
5,0,B,pca,34.93024350368683,0.16736720301722963,-0.2602292578300539,3.914436122136124,9.792038028009369,107.64529871129177
5,0,B,pca,37.50867041004193,0.37089127659237375,0.24445202259354487,4.12849234206759,11.378144377387288,116.7514432250976
5,0,B,pca,39.94204071714431,0.37614257804794116,0.3212824109625091,4.062625644130234,10.386282574891785,115.92214650682124
5,0,B,pca,41.70666760573813,0.43785623575101895,0.3922421239518428,3.701219895406672,7.453327485163425,118.31535057672713
5,0,B,pca,43.37483662264934,0.47423340306571693,0.6185490582771047,4.365112348840553,13.36813191915059,130.54931199601143
5,0,B,pca,45.23724507872123,0.30981189791518704,0.39880667450625457,2.917895246321039,12.344869642551485,152.24653385536197
5,0,B,pca,46.655189345072365,-0.005734760114740556,0.015913205882697994,3.3757402938366052,15.452008494288505,145.285093517553
5,0,B,pca,47.81255722327232,0.30797905223729494,0.4886456460426882,3.0628974459389524,11.705840371454412,129.32102695743637
5,0,B,pca,48.94985583734614,0.42991489727551824,0.25817150954353446,3.8392079565970483,9.584568686247664,109.21128138938928
5,0,B,pca,50.09299982678168,0.4899786020463137,0.9096352356571775,4.647083900462223,14.31480504622084,135.6136179183617
5,0,B,pca,51.01762680425846,0.46591202867382364,0.5286913650579751,4.478577801656936,9.991972333189437,120.94427679300232
5,0,B,pca,51.73309924448142,0.33704106295264247,0.2230035784863155,4.0992365015024985,10.369386642256622,113.36968182447976
5,0,B,pca,52.21879784472452,0.37938173318824675,0.9466907799791349,4.894671977361795,15.037155987023354,129.9933985755071
5,0,B,pca,52.49937845416367,0.4749302111172161,0.7990314086153539,5.912562119553242,12.752203271283422,151.05005572426944
5,0,B,pca,52.621398144179125,0.31515956334724937,0.12412612920251692,2.5724792025318064,7.826492227495148,111.22556581661301
5,0,B,diffusion_t4,-18.649853427823356,0.30843230269813326,-1.4813008309912827,-87.95259141891889,6.971133057747149,129.18081924718783
5,0,B,diffusion_t4,-12.074076382063264,0.06764620401011656,-1.5421617107902807,-93.1326188449183,6.573931262728917,134.90102265762533
5,0,B,diffusion_t4,2.2962247736213577,-0.09952072227764702,-0.896466415878351,-106.5392526272833,5.14430641944961,145.7245682256724
5,0,B,diffusion_t4,16.512424390223224,-0.062003897901859506,-1.2549550447635407,-84.66728688466834,4.01395290832165,150.48064767789324
5,0,B,diffusion_t4,21.74911536245209,-0.009939059955956564,-1.1469290692424847,-74.993030900039,1.951570567486908,219.35464563620744
5,0,B,diffusion_t4,24.40076392053056,-0.2568817450194945,-1.5210927673443921,-84.94570460653132,0.7663678866534022,251.30535748300383
5,0,B,diffusion_t4,26.972586419979983,-0.07101400938454744,-1.4866496911824845,-65.68503109462947,0.8498983861547532,203.4526568420166
5,0,B,diffusion_t4,30.417879015943825,-0.1361634314355658,-0.8941693243522616,-79.55273824052676,4.57535942905653,152.9420414741998
5,0,B,diffusion_t4,32.87920687152628,-0.2568817450194945,-1.564582238903564,-72.8192923668155,0.6459422631623547,244.60621108708943
5,0,B,diffusion_t4,34.93024350368683,-0.12126595254003808,-1.3936220506969483,-54.60074273546712,2.162517023386189,187.3543875216472
5,0,B,diffusion_t4,37.50867041004193,-0.09121903286860722,-1.3432060813975126,-68.915753212393,1.6928425540822651,202.9775290884826
5,0,B,diffusion_t4,39.94204071714431,-0.09121903286860722,-1.4326399315093108,-61.80323421244233,1.492370885562058,205.9776084888963
5,0,B,diffusion_t4,41.70666760573813,-0.07541424878425995,-1.4608903893240457,-63.40256258291856,1.3257949862816594,213.38658897432944
5,0,B,diffusion_t4,43.37483662264934,-0.06574744320037063,-1.3427269667623847,-71.39879530598483,1.6799545103559597,211.6059871717762
5,0,B,diffusion_t4,45.23724507872123,0.0014234480218136003,-1.1775088101697535,-52.882194505198875,2.4694367101497496,240.977374550636
5,0,B,diffusion_t4,46.655189345072365,-0.055399666712244555,-1.1929506838113646,-103.81252872290004,2.593948189346002,210.7004663812766
5,0,B,diffusion_t4,47.81255722327232,-0.10885872997917223,-0.988596345237764,-50.297388156535405,2.3209946648418893,203.60640154943576
5,0,B,diffusion_t4,48.94985583734614,-0.16872913113302196,-1.0023832041444811,-65.60828884854803,3.3607225191736743,184.0990343104996
5,0,B,diffusion_t4,50.09299982678168,-0.16473249799786455,-0.9060549914329643,-68.02869918029776,3.6889957754167964,178.4295358806026
5,0,B,diffusion_t4,51.01762680425846,-0.07443956608887498,-1.3384764719180926,-33.20504549006055,1.529402204741928,209.0879617202586
5,0,B,diffusion_t4,51.73309924448142,-0.07443956608887498,-1.4508226991343045,-73.81760669834763,1.4991286154475205,216.31119473523526
5,0,B,diffusion_t4,52.21879784472452,-0.04410990752850352,-1.188285736401985,-69.29953718824804,2.4590721031492433,187.99443804600884
5,0,B,diffusion_t4,52.49937845416367,0.04087837832761565,-1.188285736401985,-69.32938650518227,3.136932397756122,221.90061755364627
5,0,B,diffusion_t4,52.621398144179125,-0.08018960778920392,-1.4374619296726594,-65.08307307761224,1.1000445722954302,196.95573098489186
5,0,B,heatgeo_t2,-18.649853427823356,0.49872681497998206,2.978612020513002,0.16532140491706754,0.0,3.690624224642064
5,0,B,heatgeo_t2,-12.074076382063264,0.4979806528794678,3.0511259531473285,2.7393167333599195,0.0,0.9350932172844124
5,0,B,heatgeo_t2,2.2962247736213577,0.49572947496393194,2.2459505459692255,-0.13408681731790678,0.0,2.4829619826804095
5,0,B,heatgeo_t2,16.512424390223224,0.4974695835275095,2.406882882207995,-0.8927239125013127,0.0,4.041719416611307
5,0,B,heatgeo_t2,21.74911536245209,0.23807988614932796,0.9692016318631502,-1.4408108667625632,-3450.0917607260817,12.382192270962634
5,0,B,heatgeo_t2,24.40076392053056,0.41382991747233155,0.9931402333777791,-3.6471765367062186,-10019.768986069266,14.960789539110634
5,0,B,heatgeo_t2,26.972586419979983,0.3741097823334125,0.9604514704698044,-0.29958541023228535,-1544.3755572164264,9.64849753889084
5,0,B,heatgeo_t2,30.417879015943825,0.4974695835275095,2.4066400581407317,-1.334105183562305,0.0,5.490205346484498
5,0,B,heatgeo_t2,32.87920687152628,0.33165006320941637,0.9692016318631502,-0.705581795759723,-1451.5189903363535,12.289073535898781
5,0,B,heatgeo_t2,34.93024350368683,0.4990833948883532,2.310461126207597,-3.031558493392493,0.0,7.0977395360871
5,0,B,heatgeo_t2,37.50867041004193,0.3784346721330806,0.9692016318631502,-0.22076204710271496,-6871.126068119793,11.867245525803346
5,0,B,heatgeo_t2,39.94204071714431,0.3782567080627851,1.0766041558663744,-3.285819232360383,-14993.499924287333,13.09275129335373
5,0,B,heatgeo_t2,41.70666760573813,0.36463708724193633,1.4846598640735484,0.9399579768677777,-6637.047597735091,12.669617931012052
5,0,B,heatgeo_t2,43.37483662264934,0.3467179260139751,0.9692016318631502,-2.2507931406754933,-11912.732141183824,12.825198456931242
5,0,B,heatgeo_t2,45.23724507872123,0.37570996990900907,0.9142212220457477,-1.4272313101921985,-31236.38226298908,15.79140403779014
5,0,B,heatgeo_t2,46.655189345072365,0.42763398121296015,2.2388512852311906,-6.453259502061542,-40556.66568802962,16.094130056219015
5,0,B,heatgeo_t2,47.81255722327232,0.40639931355033254,0.7581711205757968,-2.8463820674209845,-9641.993081288547,11.09767565527441
5,0,B,heatgeo_t2,48.94985583734614,0.4137860356355232,1.064414428656738,-2.628132249498992,-2716.5094778069943,8.96871224600794
5,0,B,heatgeo_t2,50.09299982678168,0.41687748770459043,1.8499777341710895,-2.9745720905306494,-16560.04088346208,11.960321939082366
5,0,B,heatgeo_t2,51.01762680425846,0.49890770140303287,2.714124886615087,2.532626816905092,0.0,7.502536054500914
5,0,B,heatgeo_t2,51.73309924448142,0.40295940734956615,0.7581711205757968,-2.9071232839198484,-3670.47687888089,9.851214794228294
5,0,B,heatgeo_t2,52.21879784472452,0.408470080697233,1.2389396599198985,-1.5377253056113822,-15471.479407835885,11.972001901475817
5,0,B,heatgeo_t2,52.49937845416367,0.39624929324014735,1.9322218853648747,-1.5462574665624182,-21680.623383701914,13.313932127601056
5,0,B,heatgeo_t2,52.621398144179125,0.4137860356355232,1.161044580947069,-1.3664872696750243,-809.9588129084623,9.132601275632071
5,0,C05,plain,-18.649853427823356,-0.43646378659439544,-0.7824204660926389,-0.38426097576537216,1.5152105761049397,-0.4720272088628983
5,0,C05,plain,-12.074076382063264,-0.027390966142673612,0.1575845725125256,0.8242876414820175,15.070467983905923,7.868557218368117
5,0,C05,plain,2.2962247736213577,0.2781406398816818,0.9664627808233097,1.3256143643959384,32.07128827530834,10.72732128317926
5,0,C05,plain,16.512424390223224,0.3183640239093767,1.3047138871369843,2.845660657485579,31.599164362665523,21.489771943363227
5,0,C05,plain,21.74911536245209,0.25609646018703136,0.3098020271560537,2.274900457482497,20.413670208055056,28.411843308877764
5,0,C05,plain,24.40076392053056,0.3870411237290555,0.8818068623629369,0.7974047586766346,36.256731444401765,35.24790779595096
5,0,C05,plain,26.972586419979983,0.29333060042597103,0.9762637701662525,2.4815891285079714,24.334866805650876,33.46759807757691
5,0,C05,plain,30.417879015943825,0.36826291896192964,1.604632983632129,1.8025393312001883,38.08198998243705,15.757330019899701
5,0,C05,plain,32.87920687152628,0.35733153077488455,1.0264488342068117,2.602214368476144,22.89383542594974,31.73447516664509
5,0,C05,plain,34.93024350368683,0.43143339550491355,0.4437057129396329,-1.4121108800709001,12.712569275341881,15.279480024462188
5,0,C05,plain,37.50867041004193,0.18641932416499052,-0.5329430282936142,0.8521410944320817,16.637103724367147,25.54646965288004
5,0,C05,plain,39.94204071714431,0.09244332663857502,0.285786011915606,2.6671562365396575,20.658193112015038,21.7319891317165
5,0,C05,plain,41.70666760573813,0.3695077475982903,1.0296510345721799,1.3603348249955458,27.132744906122067,32.07635783957178
5,0,C05,plain,43.37483662264934,0.49173555876388897,1.6695034920139866,1.1973751310137979,36.36845843497641,28.983961748743113
5,0,C05,plain,45.23724507872123,0.32543807114520307,0.10620216852852893,2.0313427169090374,24.126938890999153,34.96508039212674
5,0,C05,plain,46.655189345072365,0.19459065987733493,-0.8397820768461927,0.22409833900930473,12.95787101130207,17.080058741888394
5,0,C05,plain,47.81255722327232,0.2203320630300586,1.0216652097310033,1.0451109521826942,25.59520916130481,25.06535376050842
5,0,C05,plain,48.94985583734614,-0.10182626975648246,-0.24454525519299797,-0.9838287364631663,23.405447132473004,19.4164131206752
5,0,C05,plain,50.09299982678168,-0.011195106143549738,0.776288109021236,1.7517694809252737,26.022292309052748,16.092355725999283
5,0,C05,plain,51.01762680425846,0.3301365965216515,1.3595188526617663,1.0028792552846892,33.38173886120913,22.51709006214959
5,0,C05,plain,51.73309924448142,0.39316196457993513,-0.2658506775659483,-0.2954943592688069,22.311258975096244,34.90885435601691
5,0,C05,plain,52.21879784472452,0.42532441364101925,1.5075963248841648,1.5927324983283804,30.66294761021315,10.429834511264461
5,0,C05,plain,52.49937845416367,0.24174495178321775,-0.1023552435035911,-0.033243259102551125,22.399398482236155,27.078832601179023
5,0,C05,plain,52.621398144179125,-0.018076793094738364,-0.2292773391659543,1.216076450384454,17.972092575625,18.4693400230175
5,0,C05,pca,-18.649853427823356,0.2672479211208483,-0.3231678280955158,-0.10611422128380713,3.0000347382334533,0.16061283092500947
5,0,C05,pca,-12.074076382063264,0.041272467757922704,-0.12391173435005344,0.06973672370785945,18.157242643665388,6.048788101156672
5,0,C05,pca,2.2962247736213577,0.30407141749467836,0.9207230145315767,1.7548165274348364,31.594853649559106,10.049886398743315
5,0,C05,pca,16.512424390223224,-0.0057471359004563904,0.8170736665028359,2.5452195837501437,29.887262756162347,14.444064267281377
5,0,C05,pca,21.74911536245209,0.1918160406381031,0.4348176773964017,2.2935320454216575,18.674076761436204,18.733281591754928
5,0,C05,pca,24.40076392053056,0.2414965697282585,0.759556945114366,1.6108518890479728,38.11874354420312,24.64687716140736
5,0,C05,pca,26.972586419979983,-0.02684110062465689,-0.1957681150351564,1.791795102188779,17.364748451853966,18.964796282238545
5,0,C05,pca,30.417879015943825,0.2189737247982183,0.8996717186085321,2.1089415298761516,35.506845057002444,10.526432151047096
5,0,C05,pca,32.87920687152628,0.1582015921958928,0.12144129890696723,1.4415948904326041,20.973786493467255,22.38882957951411
5,0,C05,pca,34.93024350368683,0.324434289904995,0.20424858291510775,0.6702675176190677,15.269662352096244,11.599850097392165
5,0,C05,pca,37.50867041004193,0.09552540345823557,0.25192560972505307,1.6614908070068952,20.923915391033518,17.927994897977143
5,0,C05,pca,39.94204071714431,0.09499962939796247,0.46910533824908374,2.2918408196491433,13.672722288151595,11.030642159225813
5,0,C05,pca,41.70666760573813,0.23916758192868204,-0.009732134970313798,1.9048565702551155,30.134640808495973,25.994153349338045
5,0,C05,pca,43.37483662264934,0.3808803232338651,1.477612520657155,2.7431948339095866,32.83714389769991,21.735805183636245
5,0,C05,pca,45.23724507872123,0.18419881410102434,0.2148464328862656,1.0969211776161876,22.524984217271157,23.58389443629844
5,0,C05,pca,46.655189345072365,0.27795502395957006,0.3248516520902291,0.7961606385204721,13.267745033029,10.723566873679431
5,0,C05,pca,47.81255722327232,0.017054671282725642,0.37864894651317044,2.2307383528225553,22.657973823761125,17.59436382640064
5,0,C05,pca,48.94985583734614,0.23599019236416374,0.8245041362857274,0.048152716792430904,27.781007267885695,16.125667514090452
5,0,C05,pca,50.09299982678168,0.36150557226752233,1.7663058995668828,1.8540953728700276,36.70578330106686,15.891527239470948
5,0,C05,pca,51.01762680425846,0.17465563792824923,0.5429040539387459,1.42704378628689,30.695348458211765,14.227107073914038
5,0,C05,pca,51.73309924448142,0.2837530885095094,0.0012907260288673851,1.8998990770649797,26.550820812361703,27.420201380689456
5,0,C05,pca,52.21879784472452,0.26834489851706467,0.5566515330422995,2.791291508482033,30.525189125920964,9.069523499007385
5,0,C05,pca,52.49937845416367,-0.04676154621483042,-0.3489071724733445,1.7096541687892128,25.32138405314881,21.403922747435406
5,0,C05,pca,52.621398144179125,-0.08127087865221694,-0.15556321247866212,0.6506464424237713,19.88969303213151,13.431987914926681
5,0,C05,diffusion_t4,-18.649853427823356,-0.18074921823122475,-1.146414212477382,-1311.7243667931914,2.125352041968858,126.41605316707253
5,0,C05,diffusion_t4,-12.074076382063264,0.09377539005927671,-1.0681254524207393,-1209.3104808432659,8.523892859957106,170.04012130721395
5,0,C05,diffusion_t4,2.2962247736213577,-0.13817201113422656,-1.0607033342315366,-637.7729405939364,12.742311281204175,138.50691456093463
5,0,C05,diffusion_t4,16.512424390223224,0.01968595662205963,-1.1701657245643273,-717.664341774977,7.564582956150056,161.30523742668709
5,0,C05,diffusion_t4,21.74911536245209,-0.04106824477164295,-1.0689368268455568,-785.9869626145894,0.9933485390056824,374.42080135858873
5,0,C05,diffusion_t4,24.40076392053056,-0.18292939327805402,-1.0142101719972294,-783.2390055557042,2.364949165480913,490.77116025875813
5,0,C05,diffusion_t4,26.972586419979983,0.12178585125950847,-0.724041540285563,-828.5646686318892,3.981415391184667,417.01404236383024
5,0,C05,diffusion_t4,30.417879015943825,0.037493138692509254,-0.9511742377437218,-670.7948121613741,7.419063298325423,164.8859344783358
5,0,C05,diffusion_t4,32.87920687152628,0.026368359438725952,-0.7682574455761039,-1004.2098645312617,2.914017623095856,473.8927812353477
5,0,C05,diffusion_t4,34.93024350368683,-0.013424962154273856,-0.7690843937856795,-775.8621630482438,2.196533813296289,270.0044878838595
5,0,C05,diffusion_t4,37.50867041004193,-0.3501658569763394,-1.2384878464827307,-673.5359728007123,0.5027074006208284,384.5747766353165
5,0,C05,diffusion_t4,39.94204071714431,-0.013424962154273856,-0.6970685242401002,-545.7195180041509,3.667642870448233,239.63118847939452
5,0,C05,diffusion_t4,41.70666760573813,-0.3347619061673932,-1.2450078269666522,-855.8199733159356,-0.06506835139228419,386.8215524422095
5,0,C05,diffusion_t4,43.37483662264934,0.028083246344307478,-1.1415293392265495,-516.836274574137,1.6448387643771272,303.05242842219525
5,0,C05,diffusion_t4,45.23724507872123,-0.013424962154273856,-0.7707525315037558,-916.2502463303555,3.024315341488007,391.28472184669835
5,0,C05,diffusion_t4,46.655189345072365,-0.29801900391830105,-1.2944878281763803,-773.9460258097358,0.20215577177666294,329.0494091632468
5,0,C05,diffusion_t4,47.81255722327232,-0.07262085088131892,-0.7986734584784209,-664.7739428909231,2.27584387154187,270.55125394385396
5,0,C05,diffusion_t4,48.94985583734614,-0.010271080448226388,-1.096587396908482,-904.0191948380358,8.50112524537687,201.12589098910507
5,0,C05,diffusion_t4,50.09299982678168,0.04635049415431047,-1.0965773914390502,-872.9165228513241,6.513002085041672,178.1813755186944
5,0,C05,diffusion_t4,51.01762680425846,0.029943591260447322,-0.7155980529407212,-678.056635340059,4.592153306932141,269.7191617089357
5,0,C05,diffusion_t4,51.73309924448142,-0.013424962154273856,-0.7986734584784209,-821.5268573341833,3.1175268349332086,377.2861958766296
5,0,C05,diffusion_t4,52.21879784472452,0.14069526502628893,-1.0234959327470743,-523.0287633751267,3.4638239731732656,164.08370708989068
5,0,C05,diffusion_t4,52.49937845416367,-0.13709265114015667,-1.2682350204894215,-664.5149226828656,1.6905842737730188,338.82658374966763
5,0,C05,diffusion_t4,52.621398144179125,0.014787984914329977,-0.9612118587284976,-599.1633747885371,3.0942392546799384,252.10739895791903
5,0,C05,heatgeo_t2,-18.649853427823356,0.48947387309792245,1.1060642129477025,-2.957275719117718,0.0,-1.7015861819483227
5,0,C05,heatgeo_t2,-12.074076382063264,0.49769952080752977,2.71520702733599,4.387355896831798,0.0,4.93453136199831
5,0,C05,heatgeo_t2,2.2962247736213577,0.4986622724515597,2.9288097072801382,18.75508832031823,0.0,9.067411618539268
5,0,C05,heatgeo_t2,16.512424390223224,0.4991340569769447,3.0893677592184248,15.886632772631222,0.0,13.89179299027298
5,0,C05,heatgeo_t2,21.74911536245209,0.49768665055275607,3.191694433260486,4.638015114960295,0.0,23.128651298434782
5,0,C05,heatgeo_t2,24.40076392053056,0.49951039479118564,2.729825189543647,10.50669078512625,0.0,24.726680607319334
5,0,C05,heatgeo_t2,26.972586419979983,0.4990917808401051,2.0847565541006645,8.14428037513809,-799.9252105150845,27.44317793636311
5,0,C05,heatgeo_t2,30.417879015943825,0.4991825932424645,2.5930825510175266,13.6914052461441,0.0,11.965496023003844
5,0,C05,heatgeo_t2,32.87920687152628,0.49957497960879027,2.7517801823336714,10.566810938780693,0.0,24.910697054800842
5,0,C05,heatgeo_t2,34.93024350368683,0.4981507505296582,2.7634531998753085,4.66453041717441,0.0,12.089011007283352
5,0,C05,heatgeo_t2,37.50867041004193,0.49582991028459455,2.751389906666748,3.909572022742463,0.0,21.72717739510231
5,0,C05,heatgeo_t2,39.94204071714431,0.4995452594148734,2.6102497153423263,9.475907886260362,0.0,12.699949332236772
5,0,C05,heatgeo_t2,41.70666760573813,0.49898467647086797,1.724508066032506,8.554473367609564,-923.1488391492347,24.344628704121178
5,0,C05,heatgeo_t2,43.37483662264934,0.49957497960879027,2.6302261177595074,8.054536701906944,0.0,21.612280523611766
5,0,C05,heatgeo_t2,45.23724507872123,0.49469700131475725,2.4497803577312887,5.663113971211655,-1651.649320422166,25.191674202056177
5,0,C05,heatgeo_t2,46.655189345072365,0.4984446477868001,2.7500659901411533,5.370566674819027,0.0,15.724919658352182
5,0,C05,heatgeo_t2,47.81255722327232,0.49906432283374724,3.0578564994950055,11.76640321774471,0.0,19.635697838182406
5,0,C05,heatgeo_t2,48.94985583734614,0.4992829416722251,2.7742803872695774,6.568870018937047,0.0,17.81185316355607
5,0,C05,heatgeo_t2,50.09299982678168,0.4992829416722251,2.6206528341926165,6.557860797075949,0.0,16.42112266768973
5,0,C05,heatgeo_t2,51.01762680425846,0.498686297253208,1.7083990739637773,6.495402853602539,-865.1906071577287,16.46760806726047
5,0,C05,heatgeo_t2,51.73309924448142,0.49898467647086797,1.7102712821545427,6.409599065522037,-2621.9258941750923,22.256995368444436
5,0,C05,heatgeo_t2,52.21879784472452,0.4991825932424645,2.523802048492862,14.913236649180055,0.0,9.428694845941417
5,0,C05,heatgeo_t2,52.49937845416367,0.4956621750433182,2.5004365906379085,5.722625698607649,-1726.6154443973392,20.84315431833712
5,0,C05,heatgeo_t2,52.621398144179125,0.49309003367219517,2.3871682609970706,2.410052185058804,0.0,14.005843017099279
5,0,D,plain,-18.649853427823356,0.3441988565688002,0.9782082550219872,2.458988394282939,16.98383712800948,3.268012280114765
5,0,D,plain,-12.074076382063264,-0.010461131403220858,-0.2129111895251871,2.4539042160556246,12.444042182522855,22.247144166666803
5,0,D,plain,2.2962247736213577,0.46034598886956635,1.167732181698536,2.6749226476280468,24.95076956673529,67.53165825163384
5,0,D,plain,16.512424390223224,0.4376522143626864,1.3915121024443209,2.689845253828659,29.905713627455096,24.022865505566067
5,0,D,plain,21.74911536245209,0.08172795413791634,1.1760954088909585,2.7374180397481465,13.308032312089235,-2.854434689330576
5,0,D,plain,24.40076392053056,0.40334670100019476,1.2613084723857577,2.8470854110059096,45.681974204062705,130.0774648877513
5,0,D,plain,26.972586419979983,0.49002752977054087,1.149587352847901,2.462508075499574,16.911309528420134,2.9862301602243386
5,0,D,plain,30.417879015943825,0.20109219540632206,0.7344374405829237,2.6050649044300576,17.875284514647102,15.275414455136273
5,0,D,plain,32.87920687152628,0.4928766407737173,1.4850491427295538,2.5601574165825127,28.548769952330595,31.35560994506112
5,0,D,plain,34.93024350368683,0.39282859853922025,1.1160668872044306,2.6218434727975137,33.42927079087469,60.84630506992757
5,0,D,plain,37.50867041004193,0.49015007917768205,1.112533191366725,2.4684109369150717,16.82949648046076,4.5873558941543005
5,0,D,plain,39.94204071714431,0.4847183450279172,1.5193151657364228,2.4303683314000653,10.987326497691805,-2.560570660927864
5,0,D,plain,41.70666760573813,0.24258942749176926,1.027295957606937,2.583255254392157,31.998220901251706,15.963378631621564
5,0,D,plain,43.37483662264934,0.37233279950860965,1.05976575290623,2.6721002247414027,25.121180159314076,35.38544045822655
5,0,D,plain,45.23724507872123,0.3941763136221961,1.3110507441512396,2.7993026853952854,36.7740010384078,42.26834730346943
5,0,D,plain,46.655189345072365,0.1126196559288195,1.15034477155474,2.700135514572854,27.22133218620998,20.686659417579925
5,0,D,plain,47.81255722327232,-0.16097622147292318,0.30458379059473034,2.6035578963048116,10.64286917706937,4.976824055094139
5,0,D,plain,48.94985583734614,0.2870422212419672,1.21502715279405,2.6731347968197583,23.358239787980143,25.4623657525832
5,0,D,plain,50.09299982678168,-0.015416965147260542,0.734981004596673,2.6805893221434602,23.793077246462083,19.283408777046642
5,0,D,plain,51.01762680425846,0.49217981171884406,1.653168582466141,2.778707077032486,42.035329420846026,126.15718238478698
5,0,D,plain,51.73309924448142,0.13998963806072262,1.1487497611393347,2.4410716865331317,25.074309486309712,18.797077650469443
5,0,D,plain,52.21879784472452,0.4807129807108673,0.7963836363761336,2.4963042812600285,17.832857021808337,1.0877153649801548
5,0,D,plain,52.49937845416367,0.3686117472215731,1.2274907145549108,2.7756104744277974,34.574201162528546,30.932952148233074
5,0,D,plain,52.621398144179125,-1.0926180600279167e-06,1.0032655096547922,2.514637519238492,22.427619693175956,19.357061107932537
5,0,D,pca,-18.649853427823356,0.01596105906107126,0.5758427460075474,1.291254519585612,0.8137496567728936,0.068069191140544
5,0,D,pca,-12.074076382063264,-0.048317188063354,-0.3389904448327255,0.5777126246735762,0.9240066119128507,2.1920481663832687
5,0,D,pca,2.2962247736213577,0.4523140877868925,1.2906526344397373,1.1139001119149,3.3126369366576363,10.538698786773539
5,0,D,pca,16.512424390223224,-0.08385188756099726,0.4138138915237952,1.4819946121610177,1.1270513751951916,2.1022234866086804
5,0,D,pca,21.74911536245209,-0.4008553743877052,0.16198613576838336,1.1878915882517107,-0.6664336713632499,-1.0264370761291315
5,0,D,pca,24.40076392053056,0.30355396391870315,1.0791846571502526,1.2969631391130507,3.6995560922916124,13.173110678684614
5,0,D,pca,26.972586419979983,0.45623678612113383,0.6165946260223605,0.8014751906006804,0.3622406113618792,0.7154740087481315
5,0,D,pca,30.417879015943825,0.28891243952314716,0.38452789182471514,0.724942053874158,0.5276306526505811,2.233774306591646
5,0,D,pca,32.87920687152628,0.30907627922535663,-0.26471431452606226,1.3565196961282864,0.9502136242511867,3.0538534697182476
5,0,D,pca,34.93024350368683,0.12277607891310305,0.20137967373213156,1.2009531374246223,2.2164930607949733,6.2909916674615625
5,0,D,pca,37.50867041004193,0.4921038230563497,0.5934996369552002,0.6074793571064486,1.223404906565843,1.8089492724650484
5,0,D,pca,39.94204071714431,0.15396960182339148,0.7947582852214381,0.29783611386685344,-0.3319904270350925,-0.15365897427585717
5,0,D,pca,41.70666760573813,-0.12683738036148895,0.11753410669483012,1.3890614211872077,0.3396717427752802,1.7961807683073951
5,0,D,pca,43.37483662264934,0.08882381081848978,-0.31493743750686526,0.7504312250662352,0.861789481832023,3.055716220616735
5,0,D,pca,45.23724507872123,0.4504237710366106,0.7952195596609101,1.1944914330856757,2.594630898774105,4.806424319527101
5,0,D,pca,46.655189345072365,0.12943661556709618,0.16573404340730827,1.4855273537242664,0.9222566687184756,2.5218888238080877
5,0,D,pca,47.81255722327232,0.07119952788836059,0.2138727394711422,1.0327579530981157,1.014494080882493,0.8191581666297428
5,0,D,pca,48.94985583734614,0.008204538196436073,0.4331079938555959,1.2421947785669105,-0.00705928928042343,2.6542503560260284
5,0,D,pca,50.09299982678168,0.15784949317224584,0.09720412400898547,0.15262946337314545,1.0096050371799234,2.8614847041501585
5,0,D,pca,51.01762680425846,0.48759217910827324,1.7675019054057184,1.8769756445705323,6.371601502159726,12.411905463811552
5,0,D,pca,51.73309924448142,0.022103968118469375,0.3032937129703467,1.6610163508490314,1.6068834289666345,2.5662523943241626
5,0,D,pca,52.21879784472452,0.43679624034691256,0.5194827722488108,-1.4026627972725823,0.3079555037061198,0.5995146570092295
5,0,D,pca,52.49937845416367,0.42898826476923335,0.7680401467961004,1.2774413244894924,2.7867796651162995,6.117640274265228
5,0,D,pca,52.621398144179125,0.046699723775080915,0.14751786290663507,0.669439624755872,0.5973149970694837,0.8902216859408529
5,0,D,diffusion_t4,-18.649853427823356,-0.4919011510613455,-3.286725747395654,-125.02117886777161,-3.269850993091861,-7.1612613089784345
5,0,D,diffusion_t4,-12.074076382063264,-0.08611691626324264,-1.938461783761266,-69.23735872941015,16.59901799197787,-3.480613317207215
5,0,D,diffusion_t4,2.2962247736213577,0.4780562304027315,0.3675379702822456,-23.247528042546666,31.364054453806972,8.059845803878726
5,0,D,diffusion_t4,16.512424390223224,-0.265311632199544,-2.3755761742904293,-86.84313531860681,4.503910925721697,-3.8135928929333422
5,0,D,diffusion_t4,21.74911536245209,-0.47627326484919774,-4.696797551941846,-170.0995452417075,-4.889091408442349,-5.02186109437608
5,0,D,diffusion_t4,24.40076392053056,0.4926874311902705,0.6102916900947801,-12.338757779866363,40.80427830769607,8.05317555764049
5,0,D,diffusion_t4,26.972586419979983,0.41599160860807183,-0.9675965123527535,-26.57845025578275,28.134081720095974,0.18974688903914447
5,0,D,diffusion_t4,30.417879015943825,-0.11609737783862928,-0.6104855093620608,-38.183031714316314,12.141823431842358,1.1914030276268293
5,0,D,diffusion_t4,32.87920687152628,-0.113105979349796,-2.1171998611131486,-74.92635360399413,7.819927042852863,-3.3870830388662805
5,0,D,diffusion_t4,34.93024350368683,-0.06941682130854915,-1.4285565809109229,-40.84807585397047,21.06214969467569,2.5837230272899947
5,0,D,diffusion_t4,37.50867041004193,-0.17018721747312593,-0.8353622845443588,-102.9191653419308,4.145685250968881,-3.820887210219126
5,0,D,diffusion_t4,39.94204071714431,-0.275462012301967,-0.6761867129069039,-98.79504205065103,1.7246504505595286,-1.7230263913137802
5,0,D,diffusion_t4,41.70666760573813,-0.40322672707757506,-1.1204824659381154,-120.4149332073027,0.31858688915871236,-3.357026318304579
5,0,D,diffusion_t4,43.37483662264934,-0.1377342646468252,-1.616480988125433,-60.25408996369988,17.38657046428452,-1.2638056856224176
5,0,D,diffusion_t4,45.23724507872123,-0.12623613119814908,-1.965147322919572,-45.91294371000266,23.22864645162593,-1.7240083803752666
5,0,D,diffusion_t4,46.655189345072365,-0.48559848020602564,-2.750474127457833,-131.64053381164058,-1.9251469415816032,-4.966469430209968
5,0,D,diffusion_t4,47.81255722327232,-0.4830902977816856,-5.133308161307051,-143.62122011202194,-5.125302929654324,-4.718569989487453
5,0,D,diffusion_t4,48.94985583734614,-0.08072852471330916,-0.4886316743896341,-31.707453218747613,14.32637560863963,0.6820047762597795
5,0,D,diffusion_t4,50.09299982678168,-0.05950392083786493,-1.104345218912773,-47.272146115489946,22.43728047222446,-2.219746994244539
5,0,D,diffusion_t4,51.01762680425846,0.4955390006712084,1.139548654555262,-6.196965040244393,49.52792429762616,14.63118619169153
5,0,D,diffusion_t4,51.73309924448142,-0.4762251205876279,-2.123300409087055,-143.79684910403375,-1.6170300271149642,-4.197977703756348
5,0,D,diffusion_t4,52.21879784472452,-0.17018721747312593,-0.8353622845443588,-95.56412535139528,4.94436195842653,-4.492814864861641
5,0,D,diffusion_t4,52.49937845416367,-0.25520080797090344,-2.403051133861882,-60.23551927809398,14.997832996474411,-3.8425980878208557
5,0,D,diffusion_t4,52.621398144179125,-0.3799526299343427,-2.6238293385379388,-78.6611871364864,0.69490413074524,-6.456862556113888
5,0,D,heatgeo_t2,-18.649853427823356,0.495507249047879,2.6796324647261582,0.896027099274561,0.0,0.8674094024294587
5,0,D,heatgeo_t2,-12.074076382063264,0.4970224518326143,2.916657102239577,4.204002568638339,0.0,2.328560102811986
5,0,D,heatgeo_t2,2.2962247736213577,0.49510194867916124,2.909238328486837,3.194660608804468,0.0,12.206058269044256
5,0,D,heatgeo_t2,16.512424390223224,0.4940052163109565,2.725561339994017,-1.0286078708686939,0.0,4.87262932309497
5,0,D,heatgeo_t2,21.74911536245209,0.49430650365672113,2.693404853459726,-1.2410990483871605,0.0,1.5742169203171938
5,0,D,heatgeo_t2,24.40076392053056,0.48615097191748047,2.9522008086981453,3.3746355411672204,0.0,16.63716022749295
5,0,D,heatgeo_t2,26.972586419979983,0.49621204641652683,2.5725133023955133,-3.4774984204539816,0.0,7.17192632115829
5,0,D,heatgeo_t2,30.417879015943825,0.4940052163109565,2.725561339994017,-1.3837438616672126,0.0,4.496799675981434
5,0,D,heatgeo_t2,32.87920687152628,0.4913496699841515,2.707470094915259,-0.31394535057636275,0.0,5.674995659030811
5,0,D,heatgeo_t2,34.93024350368683,0.49577561813685167,2.9299839116668123,3.87125232070712,0.0,9.355216688113268
5,0,D,heatgeo_t2,37.50867041004193,0.4933378011656836,2.630809351121905,-2.521051297528846,0.0,4.158243585828262
5,0,D,heatgeo_t2,39.94204071714431,0.49346454719041777,2.619071474225799,-2.6625686961086554,0.0,2.845423035187672
5,0,D,heatgeo_t2,41.70666760573813,0.49411934016331804,2.693404853459726,-1.1061311330482149,0.0,2.3878474955398876
5,0,D,heatgeo_t2,43.37483662264934,0.496347425324015,2.7805970527343575,2.0478908165877088,0.0,3.769791803095831
5,0,D,heatgeo_t2,45.23724507872123,0.49570038958960483,3.055030542129508,5.009935599179337,0.0,7.197721448948193
5,0,D,heatgeo_t2,46.655189345072365,0.4940052163109565,2.6676011981220866,-1.0541517807562626,0.0,3.506335386876043
5,0,D,heatgeo_t2,47.81255722327232,0.49151391638966213,2.713176828406842,-0.1231052636768153,0.0,1.98109520301467
5,0,D,heatgeo_t2,48.94985583734614,0.4940052163109565,2.7162827117607415,-1.4717353176422272,0.0,5.799246689334832
5,0,D,heatgeo_t2,50.09299982678168,0.4961329103784903,2.7805970527343575,1.703843734740146,0.0,3.3891545594035333
5,0,D,heatgeo_t2,51.01762680425846,0.47799155214454137,2.9607738233564285,3.7762418010124157,0.0,20.748581168625886
5,0,D,heatgeo_t2,51.73309924448142,0.49526920019593,2.7068704993469725,0.5096659693093871,0.0,3.3627988207219968
5,0,D,heatgeo_t2,52.21879784472452,0.49621204641652683,2.4261353190559296,-3.782661625659798,0.0,3.7447282609096164
5,0,D,heatgeo_t2,52.49937845416367,0.49660390577897506,2.891561419813216,3.688304014829408,0.0,4.437311361096807
5,0,D,heatgeo_t2,52.621398144179125,0.49151391638966213,2.6753136083809683,-0.1677702468071781,0.0,2.3661400748068018
5,1,B,plain,-18.648436104658742,0.28233673322735475,-0.0072719976499076985,0.06850808860075995,10.093708792081879,15.928019422180961
5,1,B,plain,-12.713530228899094,0.230193434121436,-0.22947495839599624,0.6975745682157056,6.522688528145734,17.39508786091565
5,1,B,plain,0.13611110659419884,0.3354752906909443,-0.0805558477595881,1.524522850141589,6.134539888908999,28.1836900476434
5,1,B,plain,14.993673154711674,0.4985945952660634,0.8157597402793166,4.662028481211664,9.810738276051858,71.69412403521389
5,1,B,plain,22.341765314293752,0.35573313047115296,0.21667998987036238,2.381064620315682,7.231035826980946,87.6064962950093
5,1,B,plain,25.02529101920981,0.48859879930455596,0.34650731585687217,2.824607046969075,6.2637234860573505,88.92680986376902
5,1,B,plain,27.73849062964975,0.3939525278490228,0.26078124291819993,1.8069472907661528,7.182448575370553,82.30115389425215
5,1,B,plain,30.760044039331625,0.4939810420437035,0.5483100627295887,2.1618340819775637,9.453860846531333,90.34800228126132
5,1,B,plain,33.12776203089864,0.11370625263047662,0.12173206000948168,4.182851023935861,10.620170325826416,111.89786529537085
5,1,B,plain,35.47080421059177,0.40919563580596563,0.14804814515881887,3.099669628398511,8.029054908552157,45.37740253150834
5,1,B,plain,37.986850446928834,0.48935221883668145,0.38307284928579377,2.7100436698683845,8.265156312120851,50.604870749727084
5,1,B,plain,40.478276188156215,0.45453705026605695,0.6373490060436324,4.584604875768366,10.279515576923398,78.96964617456622
5,1,B,plain,42.08098584554245,-0.03366171462241996,-0.31645362164665414,4.140312738290897,9.259781140896825,46.4103242619759
5,1,B,plain,43.751403288728056,0.3755748224642306,0.7427283693776766,3.942161941822234,14.750856913018028,90.85934989120406
5,1,B,plain,45.23916779765625,0.4872398777055553,0.544111731325552,3.469968977585321,8.734639181106898,53.493839740450355
5,1,B,plain,46.60338607031162,0.19867767465508346,0.5052331513963783,3.719472346438843,13.067425251967366,97.63124685725704
5,1,B,plain,48.33464711807166,0.08522281010865396,-0.42143092760018563,3.380692495570448,10.036159209612414,88.60905286949418
5,1,B,plain,49.35879749987033,0.4222398048655843,0.6548024241143792,3.8912396723850713,7.330779459901118,74.629284163498
5,1,B,plain,50.19884762666368,0.496749064831181,0.675647286185081,5.213961438534047,6.15482362569702,62.03438274999327
5,1,B,plain,51.11692640153936,0.2623507035485697,-0.01533388822443323,3.4499566523759815,11.40692186163009,96.99390779533901
5,1,B,plain,51.763859115045385,-0.0033678582320438855,-0.3314966252436339,3.599403180775367,12.420677819739854,78.59401333527708
5,1,B,plain,52.22040232750707,-0.24950443269830214,-0.28483217980475584,3.9921227613099157,11.776273304533795,82.2136093341086
5,1,B,plain,52.53552591527858,0.4665351141107089,0.49493159707750845,4.357756372811436,9.661642577229232,72.83251145781391
5,1,B,plain,52.62139560662185,0.4937445309653882,0.3585278242285608,2.5535143422248066,10.270176224934437,78.0029959477843
5,1,B,pca,-18.648436104658742,0.3930242328544,-0.23505753150492678,-0.1957955143389528,14.514712421320203,29.275395130926086
5,1,B,pca,-12.713530228899094,0.3212972943123392,-0.187024452133877,2.9745467146233175,10.017119642553025,35.53664305489377
5,1,B,pca,0.13611110659419884,0.255694979037827,-0.00853103392499726,3.174984042465172,6.822231815842443,68.57254875687809
5,1,B,pca,14.993673154711674,0.48062352075086534,0.7822604644063774,5.252927051906715,9.923435277791782,120.24652147550454
5,1,B,pca,22.341765314293752,0.4879027836288693,0.5576119748929825,3.915102565501621,7.226996314874994,133.71156258053887
5,1,B,pca,25.02529101920981,0.4852839280348934,0.7013167741449541,3.546243177930245,5.74484546303972,135.43995216808977
5,1,B,pca,27.73849062964975,0.4130217394255754,0.14588113063401228,3.5174167091148503,7.728994563305886,125.85570781999519
5,1,B,pca,30.760044039331625,0.4947106078178234,0.5811657320561938,3.315970616932345,8.674741295599839,127.04838008704704
5,1,B,pca,33.12776203089864,0.41958810559016146,0.5884519322941837,4.695842552906655,12.080944079596993,163.03325444003175
5,1,B,pca,35.47080421059177,0.09015672155588883,-0.12615206281361352,3.3688986239054306,9.666489991756375,102.1910271044866
5,1,B,pca,37.986850446928834,0.3095483936330654,-0.2148173490078886,3.111730864805897,8.9034907871357,91.66397667270839
5,1,B,pca,40.478276188156215,0.41895005422681375,0.40028080743551747,4.2331112489656455,8.419002477180076,118.28181857297079
5,1,B,pca,42.08098584554245,0.3116752934651432,0.10891752332262235,5.254785639727018,9.590288635389692,97.86652926882701
5,1,B,pca,43.751403288728056,0.46986003412127464,0.3434635481885047,4.016619382154646,13.296169357487086,133.79502027862566
5,1,B,pca,45.23916779765625,0.4692691960622857,0.6074608055483031,4.497249535415152,9.815084791077862,103.22673609615852
5,1,B,pca,46.60338607031162,0.4036549384477044,0.9663766523760317,4.919640539786621,12.860349089383975,144.20457698217825
5,1,B,pca,48.33464711807166,0.4550166285676732,0.36451839718589363,2.9281671768766433,8.57921491331828,133.14051953314336
5,1,B,pca,49.35879749987033,0.42362950518182896,0.22217215444267716,3.764597302582486,7.130322711155346,112.07760184025409
5,1,B,pca,50.19884762666368,0.48454420184184543,0.518370251427231,4.311931665134898,5.733006999561209,106.0219363173733
5,1,B,pca,51.11692640153936,0.43761737045221794,0.4193572491129876,3.656814112006196,10.50483417617727,139.529511172301
5,1,B,pca,51.763859115045385,0.116994541129256,0.19355065726108375,2.9782239318295862,12.217037935454593,128.03896602570492
5,1,B,pca,52.22040232750707,0.16471618834741575,-0.3075667556840512,3.2767795972452163,11.414246843582218,126.01629751515509
5,1,B,pca,52.53552591527858,0.3347033759613398,0.38163461144726657,3.7737099526664033,9.913525008091845,125.78385060555544
5,1,B,pca,52.62139560662185,0.2930276172163686,0.0867706277052223,3.193837159897914,11.655319540049303,128.4945643161147
5,1,B,diffusion_t4,-18.648436104658742,0.05185584484229244,-1.515176896563424,-67.5073626651772,7.600545356586637,131.07064365367683
5,1,B,diffusion_t4,-12.713530228899094,-0.04979135962381476,-1.2422327515736236,-104.20112519134602,5.781552237148628,154.96802717480057
5,1,B,diffusion_t4,0.13611110659419884,-0.08005273378021222,-1.187991744465076,-106.83178838679646,7.2483866775814585,153.13323621490105
5,1,B,diffusion_t4,14.993673154711674,-0.2233781033254315,-1.3482490707717514,-97.84300380615852,5.647611919028173,178.14789239575444
5,1,B,diffusion_t4,22.341765314293752,-0.13454332452214363,-1.4225722413195696,-68.0528035569697,1.360246248263411,243.34112247280797
5,1,B,diffusion_t4,25.02529101920981,-0.08211086924283073,-1.442377541873955,-76.55689271582439,1.1612558937217203,243.3809521868181
5,1,B,diffusion_t4,27.73849062964975,-0.2868877839208835,-1.4770611156278712,-45.8701022287484,0.5293362261283078,238.12097499410115
5,1,B,diffusion_t4,30.760044039331625,-0.12393930528846231,-1.156517644797098,-100.96181922953285,1.8499582436362307,226.08346937176475
5,1,B,diffusion_t4,33.12776203089864,-0.07687958781695658,-1.3357010223451664,-66.71077648258003,1.6734905948133434,221.73545984158602
5,1,B,diffusion_t4,35.47080421059177,-0.2233781033254315,-1.1676557905674714,-114.13781347233915,4.482905084032743,185.02801205040672
5,1,B,diffusion_t4,37.986850446928834,-0.127075735808719,-0.8641337281147179,-78.81995264328718,3.2029579896125897,182.2181747658171
5,1,B,diffusion_t4,40.478276188156215,-0.3951599358196409,-1.5182436742582615,-34.87990795305869,0.13163555884045164,205.87532694179248
5,1,B,diffusion_t4,42.08098584554245,-0.15539967010751476,-1.4352778352157647,-63.38514352688192,4.463279969241957,163.04048831096353
5,1,B,diffusion_t4,43.751403288728056,0.04087837832761565,-1.1793468600675867,-61.252797451563204,2.320755940688327,210.1746901884711
5,1,B,diffusion_t4,45.23916779765625,-0.007442612702865059,-1.0445308634510515,-53.37382224912667,3.03905702507852,180.44450074809848
5,1,B,diffusion_t4,46.60338607031162,-0.16872913113302196,-1.0024254184268355,-86.43518381036941,2.4457525196068826,234.07392664899075
5,1,B,diffusion_t4,48.33464711807166,0.016214703407777087,-1.2087417371199705,-67.96647901468947,2.0145922137443804,220.5770349232269
5,1,B,diffusion_t4,49.35879749987033,-0.0888027605672076,-1.4808944559090609,-40.489397168818044,1.1139456633913407,210.8131744831002
5,1,B,diffusion_t4,50.19884762666368,-0.02655897403388824,-1.4028155925342538,-36.038958175493825,1.6782099876953105,200.48405212782953
5,1,B,diffusion_t4,51.11692640153936,0.04087837832761565,-1.2140436394315721,-44.89266856839652,2.134586297419373,201.80952574391316
5,1,B,diffusion_t4,51.763859115045385,0.04087837832761565,-1.1520363481924847,-35.866581118276095,2.681315108417746,197.49137502917614
5,1,B,diffusion_t4,52.22040232750707,0.016214703407777087,-1.1715561117114908,-47.37509685750643,2.532518037445613,198.14338029438207
5,1,B,diffusion_t4,52.53552591527858,-0.04414895881978542,-1.1192582342957176,-67.12982502228776,2.773926307452687,220.45496969875552
5,1,B,diffusion_t4,52.62139560662185,-0.007442612702865059,-1.1751795270572196,-54.31255544176349,2.449455804553173,213.9505865876938
5,1,B,heatgeo_t2,-18.648436104658742,0.4905666682163129,1.814524038918735,-0.1695347039194607,0.0,2.053710722591703
5,1,B,heatgeo_t2,-12.713530228899094,0.4966132747085079,2.395693321379205,-1.6625467294038114,0.0,2.7106285889208586
5,1,B,heatgeo_t2,0.13611110659419884,0.4987511657782492,2.4037207136321164,0.6058531261103822,0.0,2.138384987004488
5,1,B,heatgeo_t2,14.993673154711674,0.45006996946383215,0.9892237426333151,-4.551149494318907,-685.5984295839335,6.369557751702816
5,1,B,heatgeo_t2,22.341765314293752,0.4955934931175239,2.4816319989182456,-1.2007816993787401,0.0,12.747417154658358
5,1,B,heatgeo_t2,25.02529101920981,0.3467179260139751,0.8360661995486265,-2.5204728872175006,-1585.1404739919417,12.880188950323653
5,1,B,heatgeo_t2,27.73849062964975,0.4076680811559926,1.1370267570439705,0.849265203331857,-713.6881166047715,10.983454480672778
5,1,B,heatgeo_t2,30.760044039331625,0.4260196661276032,0.9953722769887167,-3.6529511422863443,-11150.692905914639,14.469099556031258
5,1,B,heatgeo_t2,33.12776203089864,0.386836703724044,0.6881704511063629,-3.3905476026301735,-14135.567205642019,14.18736139819659
5,1,B,heatgeo_t2,35.47080421059177,0.4987075379332361,2.283477298483943,-2.895014433488908,0.0,6.9197558102747045
5,1,B,heatgeo_t2,37.986850446928834,0.45006996946383215,0.9869916990223776,-4.282947913233049,-958.5063551753591,6.657401756143359
5,1,B,heatgeo_t2,40.478276188156215,0.49842270947857126,2.517908979273333,1.128884805763667,0.0,8.98869507023895
5,1,B,heatgeo_t2,42.08098584554245,0.49826871833065756,2.3989277278174392,-0.4067577237867612,0.0,3.8734821956297445
5,1,B,heatgeo_t2,43.751403288728056,0.40295940734956615,0.8913065528903203,-1.6097001891014664,-4675.71135942535,10.874496692536972
5,1,B,heatgeo_t2,45.23916779765625,0.4992472599513996,2.259337045882531,-0.47839187793781074,0.0,6.092203028702812
5,1,B,heatgeo_t2,46.60338607031162,0.437678112547474,2.089242164679311,-4.193694255632103,-16305.622473566926,13.507289136479772
5,1,B,heatgeo_t2,48.33464711807166,0.43695670777881,0.9996675946949575,-3.5310822872529317,-3085.1688350708173,10.287725209837074
5,1,B,heatgeo_t2,49.35879749987033,0.4392725240192341,1.0653729464581503,-3.0047380324646604,-4887.233451711381,11.249987155950153
5,1,B,heatgeo_t2,50.19884762666368,0.42451314583343636,0.8913065528903203,-0.4361364543968054,-692.3309641138076,8.775645708729128
5,1,B,heatgeo_t2,51.11692640153936,0.43155794937704384,0.8913065528903203,-0.30047028021030203,-8872.213136612572,10.34910107196646
5,1,B,heatgeo_t2,51.763859115045385,0.3259904425986897,0.8913065528903203,-1.6715172356944077,-3704.4524177076705,9.748214931477946
5,1,B,heatgeo_t2,52.22040232750707,0.4137860356355232,1.161044580947069,-1.6153239566018704,-4027.824168417737,9.77821469174091
5,1,B,heatgeo_t2,52.53552591527858,0.4392725240192341,1.1389611982783578,-5.513070644801552,-8028.393956749368,10.991292886481114
5,1,B,heatgeo_t2,52.62139560662185,0.40295940734956615,0.8913065528903203,-0.9391869076544977,-4260.422890922655,10.172435357845284
5,1,C05,plain,-18.648436104658742,-0.17160099217310748,-0.07376948296191013,-0.6619971391781563,2.8459209087123214,1.3557591918755743
5,1,C05,plain,-12.713530228899094,-0.06515673921739773,-0.1756087237214539,0.7105416876068588,17.874293528742303,17.875192007088504
5,1,C05,plain,0.13611110659419884,-0.0634608079760361,-0.1881490135986755,1.3279987277936658,25.716737297440453,22.679163689042912
5,1,C05,plain,14.993673154711674,-0.08333058046078434,0.05086541604793271,2.1159171169811355,23.21279241678631,13.42765118327515
5,1,C05,plain,22.341765314293752,0.43736284527297653,-0.2872370971092982,-1.1150726606802865,20.714835439302565,30.351948458863824
5,1,C05,plain,25.02529101920981,0.44196925247534447,1.4827932332003255,3.0759454550555025,57.31122057634371,35.520353877541616
5,1,C05,plain,27.73849062964975,0.23254016908892694,0.37835970757964055,-0.9264958049964656,7.413113134321062,14.50974500623594
5,1,C05,plain,30.760044039331625,0.22648758981102823,1.2276954587110642,2.887926439168508,33.688821192717924,23.08955277391323
5,1,C05,plain,33.12776203089864,0.49501805359573103,1.5691721585979928,-0.6964158731223291,37.13190597450053,40.52963405836267
5,1,C05,plain,35.47080421059177,0.07573136147846304,0.3340285604234096,1.7111201248795023,10.784100325227689,4.288735404677075
5,1,C05,plain,37.986850446928834,0.34527754701879676,1.1365983054034812,0.470911640376916,22.496226517793918,9.741945755385704
5,1,C05,plain,40.478276188156215,0.3903912178439298,0.9863964712006384,2.0585785569558603,25.562518446698867,25.287045796853654
5,1,C05,plain,42.08098584554245,0.06632146319754562,-0.13402386075948877,0.132275099364429,14.108832987083272,8.491801034986546
5,1,C05,plain,43.751403288728056,0.4460747849948402,1.813893644983636,3.110181152689144,46.53971103129594,20.026752351266456
5,1,C05,plain,45.23916779765625,0.08977546973366879,0.07694039065630826,-2.064485280353879,15.210961184981587,11.848693229346045
5,1,C05,plain,46.60338607031162,0.16806424757230287,1.11768988240992,1.0730602948676642,42.667828659894816,24.056573267460962
5,1,C05,plain,48.33464711807166,-0.035913173527299225,-0.15475034680631355,0.6076340196579076,25.035926867548312,32.077150688345
5,1,C05,plain,49.35879749987033,0.3811129437609482,1.2722317261076945,1.582663664338838,28.91126340944384,24.349620150790532
5,1,C05,plain,50.19884762666368,0.03830938917484894,0.4629368818065121,2.0822836442842734,15.788723038015641,11.01362182585966
5,1,C05,plain,51.11692640153936,0.4301905778265803,0.9418279704530618,1.3933674357493306,52.124543354832866,30.051702679206382
5,1,C05,plain,51.763859115045385,-0.1455392056773504,0.22940429010682373,2.286096644759284,27.358818594908403,18.147498658472696
5,1,C05,plain,52.22040232750707,0.025623863208788067,-0.13313340082043112,1.056097251895815,29.080553165124428,33.831311282443714
5,1,C05,plain,52.53552591527858,-0.08957247547103608,0.0004857248162768395,0.2836526129657272,17.28055044765213,12.289136690562275
5,1,C05,plain,52.62139560662185,0.2339601414515734,0.7569346649994171,2.509266103078744,29.33989410649088,16.401858831222917
5,1,C05,pca,-18.648436104658742,0.28598828234135043,0.08918133588764604,-0.6741493226679095,7.686875311267643,2.4761091806071156
5,1,C05,pca,-12.713530228899094,0.1253722934417908,-0.10984707323767766,0.19750746224120502,20.966061361913795,15.859556341007814
5,1,C05,pca,0.13611110659419884,0.17364903448641966,0.6192355564951103,1.7273506299612895,36.487067551177724,18.790199456928807
5,1,C05,pca,14.993673154711674,0.07345025501640823,0.3882535510022379,1.3503513593077898,31.056386990405812,9.859860273073911
5,1,C05,pca,22.341765314293752,0.3218402500906121,0.2468696197572847,-0.28229501523785777,21.718289256204642,22.093860154593933
5,1,C05,pca,25.02529101920981,0.31175252250131447,1.0861541387831388,3.8245307856907123,34.47711001080308,25.325378739416625
5,1,C05,pca,27.73849062964975,0.25966444770829167,-0.4557674886372707,-0.049433213870078825,10.174443727629706,11.954641419578893
5,1,C05,pca,30.760044039331625,-0.05293302933250554,0.3306607861725087,2.7466439630632107,24.7725411624434,14.168508109642712
5,1,C05,pca,33.12776203089864,0.4951311802566162,1.6575603849746054,0.8086360041215755,41.85229636444182,27.21032309709387
5,1,C05,pca,35.47080421059177,-0.02009406350173404,-0.5562840097465148,0.8146790388448699,16.210313919242402,3.77277304000346
5,1,C05,pca,37.986850446928834,0.29186695678254193,0.9769245913656059,2.136153393962544,24.059112768542725,7.2665370470201545
5,1,C05,pca,40.478276188156215,0.10999025577677113,0.42937203331761337,1.892344273699403,26.08825818841584,16.59550020985126
5,1,C05,pca,42.08098584554245,-0.021917925692997053,-0.05210292688523739,1.4584503452639506,18.049644925277303,7.037002567566652
5,1,C05,pca,43.751403288728056,0.49252081999037023,1.9199578671299,2.0429290366256376,46.4837897924221,14.574282539018254
5,1,C05,pca,45.23916779765625,0.15540910404727626,0.11970168869219262,-0.10974032317172376,16.180608561060737,7.521577019591957
5,1,C05,pca,46.60338607031162,0.22669330926068498,0.6173281520821897,2.3524090156171042,37.77965264314549,17.112223560551133
5,1,C05,pca,48.33464711807166,0.15360651325457042,0.08128719344653099,1.0707368891193467,22.620956210255297,20.32789816359221
5,1,C05,pca,49.35879749987033,-0.07566192985306353,0.31809482839632236,1.6022649591856082,26.69820676105749,18.394288317325856
5,1,C05,pca,50.19884762666368,0.12679210518917317,0.017681114015835626,1.6121269011588606,13.647004445131845,6.7422241096491975
5,1,C05,pca,51.11692640153936,0.4698740664087089,2.06300214408214,1.4839240377745782,66.18797101563125,15.231205424370621
5,1,C05,pca,51.763859115045385,-0.0030417091991418177,0.3469873000522694,1.6227696504140758,30.859445029030226,14.63387355465095
5,1,C05,pca,52.22040232750707,-0.19506050384628343,-0.1178764709812461,2.362764106412096,37.161989804114306,23.072913749071027
5,1,C05,pca,52.53552591527858,0.2795667607603983,-0.07607244706374085,0.7621174897919903,15.219726058678932,7.896274978749991
5,1,C05,pca,52.62139560662185,0.3163504078158381,1.0667780874836985,2.75671012980394,34.38914564363455,14.534662345845431
5,1,C05,diffusion_t4,-18.648436104658742,0.04956873834515352,-1.3284389114183013,-1310.4405012921793,4.013458275785333,147.066347136396
5,1,C05,diffusion_t4,-12.713530228899094,0.023988627507206206,-1.1295028893514356,-949.4727228751381,2.8492054312630812,209.88085309018044
5,1,C05,diffusion_t4,0.13611110659419884,-0.09946044487380701,-0.8670700516792206,-893.1938128143742,5.991415342557333,204.86068511208057
5,1,C05,diffusion_t4,14.993673154711674,0.06510121220263665,-0.8672690959986002,-816.6346156729259,8.97582905355556,143.02103440753848
5,1,C05,diffusion_t4,22.341765314293752,-0.2792305034567416,-1.290501501563906,-1073.3740165083466,0.3819377265048714,415.3185960522108
5,1,C05,diffusion_t4,25.02529101920981,-0.24381869585181937,-1.3056623351058048,-899.443005534475,-0.24552320287382962,436.7856233940587
5,1,C05,diffusion_t4,27.73849062964975,-0.47739108622057896,-2.4344120184195446,-1090.8696497356827,-3.028073622786474,317.5332083367939
5,1,C05,diffusion_t4,30.760044039331625,-0.02442507163734592,-1.0405716349024712,-791.8613434402522,5.820683084506105,278.7776925587068
5,1,C05,diffusion_t4,33.12776203089864,0.11652538911965538,-0.7462495531244479,-742.5081813761955,6.965452509397645,387.42946258822485
5,1,C05,diffusion_t4,35.47080421059177,0.015945199430637325,-0.926377408505557,-963.0342982771188,7.758352369810556,106.50074613264475
5,1,C05,diffusion_t4,37.986850446928834,0.07726083222341784,-1.0480188136949227,-839.9072425090637,9.98634984124086,151.0609227460546
5,1,C05,diffusion_t4,40.478276188156215,-0.18968408418216198,-1.1482001917358797,-693.2691959327557,1.6755243856400963,247.9097753804804
5,1,C05,diffusion_t4,42.08098584554245,0.098067502423281,-1.0152026929970035,-960.1953291180793,9.177627348932011,140.40756476827053
5,1,C05,diffusion_t4,43.751403288728056,-0.3501658569763394,-1.328711930027539,-1020.9632145532682,0.33296919459157587,288.91954702155186
5,1,C05,diffusion_t4,45.23916779765625,0.098067502423281,-1.032836615763822,-1067.0675075743877,8.329527015083421,138.6794402117895
5,1,C05,diffusion_t4,46.60338607031162,-0.04124151106438445,-1.1175979644532645,-780.0850283923527,0.8780117415175199,295.00267271714984
5,1,C05,diffusion_t4,48.33464711807166,-0.0802812457673523,-1.001415982837127,-536.529592023884,1.2283386137235837,394.8574299474682
5,1,C05,diffusion_t4,49.35879749987033,-0.3501658569763394,-1.2384878464827307,-571.5914851236773,0.5478450089725122,369.1304174781196
5,1,C05,diffusion_t4,50.19884762666368,0.06182341122619983,-0.6769669125311815,-797.0380839107069,4.559980430913217,144.1046356183537
5,1,C05,diffusion_t4,51.11692640153936,-0.1547662177334036,-1.2012454214672725,-697.8492774110508,1.078232935128339,330.6569552174547
5,1,C05,diffusion_t4,51.763859115045385,-0.3973172107127646,-1.3473776043037984,-604.1053726328873,-0.29371943283159063,275.2817641840229
5,1,C05,diffusion_t4,52.22040232750707,-0.1547662177334036,-0.9526456996466294,-866.0700646709697,1.8092932015818814,368.1593972539941
5,1,C05,diffusion_t4,52.53552591527858,0.06309374519682809,-1.118421793919123,-765.4897998806388,5.839256564209008,179.58051179674337
5,1,C05,diffusion_t4,52.62139560662185,0.03596030723112986,-1.1822549690699533,-769.6175259731399,4.3407231410815745,221.88437556103463
5,1,C05,heatgeo_t2,-18.648436104658742,0.48899268312625177,1.1563810437779387,-2.607490484129053,0.0,1.459721137784583
5,1,C05,heatgeo_t2,-12.713530228899094,0.4988219236157402,3.2077947958821222,6.0131662636246785,0.0,10.76930727515027
5,1,C05,heatgeo_t2,0.13611110659419884,0.49954540335795106,2.621225867491153,9.07248397282251,0.0,15.830128914069745
5,1,C05,heatgeo_t2,14.993673154711674,0.4992556220222163,3.1895960022057634,8.913999157260783,0.0,11.2084635330192
5,1,C05,heatgeo_t2,22.341765314293752,0.4910575728498193,2.098830562159714,0.7043008531869499,0.0,20.351323019925886
5,1,C05,heatgeo_t2,25.02529101920981,0.4990917808401051,2.053689927845617,14.915589902374249,-4272.825215423381,26.78811473758374
5,1,C05,heatgeo_t2,27.73849062964975,0.498449082119534,3.1005365139003147,1.8903197644591392,0.0,8.319175397542992
5,1,C05,heatgeo_t2,30.760044039331625,0.4995617966645416,2.789270407900584,14.637775005789143,0.0,16.97788807544652
5,1,C05,heatgeo_t2,33.12776203089864,0.4260525804903582,1.3298028381138232,3.2085479338314964,-12358.480041996245,30.507737629698518
5,1,C05,heatgeo_t2,35.47080421059177,0.49940160765055985,3.1521888540499825,11.566987609475005,0.0,6.9862574147676435
5,1,C05,heatgeo_t2,37.986850446928834,0.4991825932424645,2.5260114905526625,13.926475127841421,0.0,12.911871208187122
5,1,C05,heatgeo_t2,40.478276188156215,0.4995365579150366,2.5636435786956957,10.566848249554043,0.0,14.730485916536054
5,1,C05,heatgeo_t2,42.08098584554245,0.4993995123607139,2.5141446559174505,7.439888261794959,0.0,6.17562440485653
5,1,C05,heatgeo_t2,43.751403288728056,0.4986346789211309,1.8881787496992783,13.073000107072362,-1320.304598095845,19.246780448195484
5,1,C05,heatgeo_t2,45.23916779765625,0.4992558886156556,2.5709912444224794,6.926944021802527,0.0,9.610136807994154
5,1,C05,heatgeo_t2,46.60338607031162,0.4986346789211309,1.770880518220121,9.951287149598478,-1973.819287570677,19.49162230014503
5,1,C05,heatgeo_t2,48.33464711807166,0.49957497960879027,2.7517801823336714,10.384906223584645,0.0,21.76370049320629
5,1,C05,heatgeo_t2,49.35879749987033,0.49957497960879027,2.7787187206971247,15.72884722646424,0.0,21.142422823707065
5,1,C05,heatgeo_t2,50.19884762666368,0.4992558886156556,2.682007220602323,9.212534140624717,0.0,10.541989311354284
5,1,C05,heatgeo_t2,51.11692640153936,0.4983385811167508,2.595985248525789,9.862386209871316,-5344.797052941885,21.516296129342663
5,1,C05,heatgeo_t2,51.763859115045385,0.49924138249254635,3.178615141279917,9.262220348967041,0.0,15.453702401356846
5,1,C05,heatgeo_t2,52.22040232750707,0.4906389997985755,1.6809253998341307,5.4605643835589,-883.2536835257088,21.29079119006879
5,1,C05,heatgeo_t2,52.53552591527858,0.4995452594148734,2.7614563061512882,6.886709021271417,0.0,8.7526310764942
5,1,C05,heatgeo_t2,52.62139560662185,0.4995452594148734,2.7443253309474733,11.06689894294893,0.0,12.977223900011849
5,1,D,plain,-18.648436104658742,0.19381142465930823,1.0896814589738741,2.3855433090848237,12.057618537462075,0.9446433369831431
5,1,D,plain,-12.713530228899094,0.48627889914702827,1.527228823491527,2.548243013086273,27.661136073619534,10.106010185140592
5,1,D,plain,0.13611110659419884,0.22801804643967927,1.1696527704783612,2.8718561750523857,44.30693853784475,43.789521762738985
5,1,D,plain,14.993673154711674,0.49033742287141,1.6326586491577266,2.640404914430044,23.135921144484694,12.602816672522964
5,1,D,plain,22.341765314293752,0.4862029270002717,1.593496703658973,2.3638318379635717,6.29465422746549,0.1944772934509337
5,1,D,plain,25.02529101920981,0.4983423161963818,1.8645319823027025,2.5055398655211274,32.79289387278552,0.33129450357369683
5,1,D,plain,27.73849062964975,0.4825718584306887,1.540648716512374,2.4326649848528525,3.9436177221172692,-0.39299432213393565
5,1,D,plain,30.760044039331625,0.3530744932359985,1.1364376578304036,2.6810550803852764,39.1250552810022,109.26161606875186
5,1,D,plain,33.12776203089864,0.09088130832317298,1.3757109183425291,2.7326246773758562,31.257167624889966,20.899390341563066
5,1,D,plain,35.47080421059177,0.45099223960390633,1.0517954440895485,2.6028395258897925,40.126979105409994,58.39541586088847
5,1,D,plain,37.986850446928834,0.4955777039468032,1.6361286926364556,2.5395868313520364,41.366160768899974,118.12018923250554
5,1,D,plain,40.478276188156215,0.4651935030315013,0.83520171777914,2.6846433888464563,36.508341433895836,8.358675822813137
5,1,D,plain,42.08098584554245,0.47487468265080157,1.4110766385991491,2.686716319408566,26.368046484707225,9.978568185101528
5,1,D,plain,43.751403288728056,0.23288632236306517,0.7089630966763925,2.4897730885819205,22.761496746457954,107.24713645456588
5,1,D,plain,45.23916779765625,0.47476139531309214,1.4310665004850782,2.6130281949585994,28.162772001177895,14.653399201642834
5,1,D,plain,46.60338607031162,0.49002752977054087,1.1448327175319433,2.5092393643195767,10.95254375795233,3.250082925936223
5,1,D,plain,48.33464711807166,-0.019828928424948655,0.4323798317435136,2.611540977761121,17.639432352323904,3.1021017577566905
5,1,D,plain,49.35879749987033,0.3257171449917261,0.935460031720858,2.8784119384743607,47.663721244150416,92.15298839814321
5,1,D,plain,50.19884762666368,0.3561199944293404,1.1070679854864711,2.74276489305212,34.32691734504875,92.3282144254005
5,1,D,plain,51.11692640153936,0.18597367904616835,1.0212335624801414,2.4839239048260846,13.858392454876734,1.9896050064504038
5,1,D,plain,51.763859115045385,0.28962175418068636,1.6927337198703478,2.7099415690083055,38.725426256167815,24.387617060123244
5,1,D,plain,52.22040232750707,0.056588741175433666,0.962297908649241,2.704167975001929,25.91078914706634,23.442608683473743
5,1,D,plain,52.53552591527858,0.49670690381367644,1.824138662300919,2.594818439083695,27.97402996468236,1.0082595095526399
5,1,D,plain,52.62139560662185,0.17579581164157654,0.8175243014376309,2.6123680316539755,19.808937011744717,4.045092118203813
5,1,D,pca,-18.648436104658742,0.04028642670854932,0.13372110854135436,0.47308022821987766,0.46851180423744687,0.046842932797010614
5,1,D,pca,-12.713530228899094,-0.22975113951645698,-0.27427548068103585,0.7944203365080454,0.6123758324775069,0.478354251268888
5,1,D,pca,0.13611110659419884,0.49512612076570717,2.103593887556144,1.5084886183988453,8.21373733964802,4.793762949361411
5,1,D,pca,14.993673154711674,-0.06768538423924025,0.6289115643091476,2.123981185628798,0.43764881060843325,1.721832838707144
5,1,D,pca,22.341765314293752,-0.4384666558105316,-0.237035547831277,-0.062330842039502087,-0.9125897138984401,-0.8888319002536577
5,1,D,pca,25.02529101920981,-0.022485002972516932,0.15370344954822068,0.5623220336099726,0.2111555985635397,-0.7936294104227163
5,1,D,pca,27.73849062964975,-0.49115075061901065,-0.7012398595686202,-0.0738120574700968,-0.9131901458748397,-0.8668713814078961
5,1,D,pca,30.760044039331625,0.47304612794834355,1.2235531440927583,2.032520160045465,2.485013877714258,16.194427423711698
5,1,D,pca,33.12776203089864,0.0887223949726762,0.2339659432532068,1.1566471345567706,2.2751800195408727,2.3013813713430338
5,1,D,pca,35.47080421059177,0.36438029921928883,0.8285159635692156,1.5357381622902362,2.0709567768311685,7.6779727906708395
5,1,D,pca,37.986850446928834,0.3642409179558336,0.8863535065674459,0.8364871237769181,3.391234272410418,14.981635142100547
5,1,D,pca,40.478276188156215,0.03082509153403301,-0.24665611701874388,1.6344376202014823,1.1321115946805065,0.8844621562904967
5,1,D,pca,42.08098584554245,0.09692713547268295,0.24289667951284472,1.1106876892480333,0.907860785389579,2.6783720893294687
5,1,D,pca,43.751403288728056,0.33219248806398227,1.0256816845002308,1.8741015666569174,3.1010439181323433,16.28994195352711
5,1,D,pca,45.23916779765625,0.42290872557167203,1.0935483957958427,0.49196072449538397,1.8358257714415789,3.561965934765079
5,1,D,pca,46.60338607031162,0.14789283367393136,0.32426136711322906,-0.16488899964110254,0.2369333547082216,0.4440431789086736
5,1,D,pca,48.33464711807166,-0.26580103186557336,0.5162144754870034,0.41273529658816194,-0.2289860581363832,-0.755479894024825
5,1,D,pca,49.35879749987033,0.3933189364125107,1.078770530524379,1.8568886812498333,2.6311598108119947,14.560076132259082
5,1,D,pca,50.19884762666368,0.25354714195116734,1.1118474848290623,1.3656244490405964,3.7609844970350204,13.230645849596522
5,1,D,pca,51.11692640153936,-0.27516308418442736,-0.3648677565229311,1.1384247325056558,0.23937326798074016,0.4507941688177311
5,1,D,pca,51.763859115045385,0.05967099809317633,0.08401366886937282,1.0321174380945208,2.0302643430621923,5.389997480106106
5,1,D,pca,52.22040232750707,0.3095773751221458,0.6930393906556275,1.9469304628984363,1.4057110654001712,3.295336534765201
5,1,D,pca,52.53552591527858,0.42870419189439746,0.6901944061083928,-0.040710863164860916,0.13098871255666075,0.3440939842530523
5,1,D,pca,52.62139560662185,-0.4813717371844874,-0.08930704909261972,-0.9642659168968343,0.03232957506610642,-0.23261199627173007
5,1,D,diffusion_t4,-18.648436104658742,-0.4926010274883938,-2.8443119932189833,-118.47501488798413,-1.8304689467180715,-2.9858293077880615
5,1,D,diffusion_t4,-12.713530228899094,-0.38709431984410003,-1.1884471278164315,-77.32377769720209,0.12352871228276202,-2.0024445982149253
5,1,D,diffusion_t4,0.13611110659419884,-0.22946083399733497,-0.9813447806863781,-44.48819258023049,21.060577300755078,5.655008273648717
5,1,D,diffusion_t4,14.993673154711674,0.005504015901474757,-0.7228198894933626,-82.49226769842637,1.2007812093422148,1.7074645272854896
5,1,D,diffusion_t4,22.341765314293752,-0.4772775019586784,-4.764296000118685,-110.1769170565444,-4.7379518203835,-1.5981428322119553
5,1,D,diffusion_t4,25.02529101920981,0.11013256661906745,-0.49510961374890416,-29.30513781398329,2.265075011676622,3.7980183722530403
5,1,D,diffusion_t4,27.73849062964975,-0.4867848660576873,-2.501421788643101,-107.68364934308276,-1.9068746398144885,-2.6713293633026773
5,1,D,diffusion_t4,30.760044039331625,0.4986497571371319,1.8121116969691693,-16.700417637859637,33.65647375723291,16.874008286385074
5,1,D,diffusion_t4,33.12776203089864,-0.4846236961267275,-3.144769693803025,-102.70502906713685,-1.330899517296886,-2.9593388108656447
5,1,D,diffusion_t4,35.47080421059177,0.2037538639370451,-0.7809082558842279,-43.33052570289089,21.51558653234558,7.287068145170714
5,1,D,diffusion_t4,37.986850446928834,0.2680072379525862,-0.7669217723664717,-13.670273985712909,32.20971772557625,12.180012016658411
5,1,D,diffusion_t4,40.478276188156215,-0.46558622509802,-3.09363505968965,-91.9906676821268,-3.8701711111389425,-0.03343027836624811
5,1,D,diffusion_t4,42.08098584554245,-0.2886877562666643,-1.918840935316101,-60.37454244870073,1.6158028369171462,-2.6358414606150684
5,1,D,diffusion_t4,43.751403288728056,0.4963412822229668,1.659898033386042,-16.61016984872842,32.409050283627195,17.36990709864651
5,1,D,diffusion_t4,45.23916779765625,-0.14463549568499906,-1.1546563765433286,-59.49759102864955,12.882782438317534,0.12768376042436155
5,1,D,diffusion_t4,46.60338607031162,-0.015764828498702865,-0.6307489841557555,-37.11647646245861,5.413839021435998,3.409870568641297
5,1,D,diffusion_t4,48.33464711807166,-0.3375397520730271,-0.6709624466270872,-60.83151540181312,-0.5542995819544992,2.2699833277567683
5,1,D,diffusion_t4,49.35879749987033,0.11581446849916077,-0.7037651136068024,-34.36923452436215,24.69282533086271,8.126041737242744
5,1,D,diffusion_t4,50.19884762666368,0.19759931377311135,-1.0000936213678024,-20.386598587351408,31.874802338859176,9.714324421824859
5,1,D,diffusion_t4,51.11692640153936,-0.49236473691845994,-6.016171919441287,-141.2386417482781,-5.210429083287469,-3.1981310279429027
5,1,D,diffusion_t4,51.763859115045385,-0.10196626285344457,-2.0128843224841733,-59.49211391798658,5.594519734359683,-2.1691943447857596
5,1,D,diffusion_t4,52.22040232750707,-0.10047155467246438,-0.8942058683593905,-49.06026041509305,8.424151035461465,-2.017292577081337
5,1,D,diffusion_t4,52.53552591527858,-0.46142738114499976,-1.0146680062296474,-61.484704121127805,-0.8716791617580781,2.1780889296077
5,1,D,diffusion_t4,52.62139560662185,-0.4917811439926467,-2.9538007555822077,-102.62562349588124,-2.6181479334781055,-2.269456748457596
5,1,D,heatgeo_t2,-18.648436104658742,0.49430650365672113,2.6308308688093787,-1.3691282184564815,0.0,0.6759085333401614
5,1,D,heatgeo_t2,-12.713530228899094,0.49589393457928166,2.730103945897213,-0.35101451808537126,0.0,4.001929742400608
5,1,D,heatgeo_t2,0.13611110659419884,0.4954386618767769,2.857002391236365,3.1145310201002063,0.0,7.757414454191652
5,1,D,heatgeo_t2,14.993673154711674,0.4940052163109565,2.725561339994017,-1.8890947380307803,0.0,4.787613115862473
5,1,D,heatgeo_t2,22.341765314293752,0.49430650365672113,2.693404853459726,-1.7861344076247205,0.0,1.2022641567393597
5,1,D,heatgeo_t2,25.02529101920981,0.4933378011656836,2.630809351121905,-2.7174374265049326,0.0,4.460051859669863
5,1,D,heatgeo_t2,27.73849062964975,0.4942771120418792,2.693404853459726,-2.1020598774062518,0.0,1.8576153891210068
5,1,D,heatgeo_t2,30.760044039331625,0.4760012321234841,2.870366017786127,1.815212298121244,0.0,18.423874019784876
5,1,D,heatgeo_t2,33.12776203089864,0.4961329103784903,2.8024212514109896,1.7269705057064069,0.0,2.909879021243587
5,1,D,heatgeo_t2,35.47080421059177,0.4951797315195604,2.8418193292665612,2.7770237972893352,0.0,8.426694249680777
5,1,D,heatgeo_t2,37.986850446928834,0.48894255722443125,2.8943307597080166,2.2451457538976185,0.0,13.369836674135431
5,1,D,heatgeo_t2,40.478276188156215,0.49586469211485606,2.8225146546472795,1.3249402939116732,0.0,4.741024676712101
5,1,D,heatgeo_t2,42.08098584554245,0.49526920019593,2.71833064447351,0.9802383225109405,0.0,3.6798468660027814
5,1,D,heatgeo_t2,43.751403288728056,0.476208236397738,2.8980898426494797,3.1646423057030266,0.0,19.558669640782668
5,1,D,heatgeo_t2,45.23916779765625,0.4961329103784903,2.8292785663730124,2.135170632627884,0.0,4.061938986671969
5,1,D,heatgeo_t2,46.60338607031162,0.49621204641652683,2.630809351121905,-2.894752832676261,0.0,5.360186959654688
5,1,D,heatgeo_t2,48.33464711807166,0.4940052163109565,2.676879826355362,-1.7204750446629813,0.0,3.5966181110684876
5,1,D,heatgeo_t2,49.35879749987033,0.49542243285886245,2.9288897882848675,3.494777748293305,0.0,10.439571600415826
5,1,D,heatgeo_t2,50.19884762666368,0.48649895757003825,2.9335638364947605,4.012841896484945,0.0,14.273191801243815
5,1,D,heatgeo_t2,51.11692640153936,0.495507249047879,2.726254299399629,0.2818021197603471,0.0,1.383758863128096
5,1,D,heatgeo_t2,51.763859115045385,0.489715541622435,2.7379825371425013,-0.11105160597797357,0.0,7.813768122842462
5,1,D,heatgeo_t2,52.22040232750707,0.49526920019593,2.776986352728146,1.2571628588925032,0.0,6.4646897492168724
5,1,D,heatgeo_t2,52.53552591527858,0.4933378011656836,2.582127837483251,-2.7255645646726445,0.0,3.612256441575794
5,1,D,heatgeo_t2,52.62139560662185,0.49346454719041777,2.5607754254994073,-3.5840649980881554,0.0,2.449713385054243
