v4_m60,v4_m120,v3_defect,sent,ent_cak,frac,kappa,est_dim,spread,knn_radius,patch_frac,anchor,n_points,true_dim,ks,kind,dim,seed,branch,estimator,integ_sign,integ_mag
-27546759.019421414,-41.65122236581915,-0.18950638660867078,2.137112515074344,-2.5085086406439263,-38.666354259938586,-10.508142153846093,3.0,0.2359282655215407,0.185078364687593,0.4419046721419412,208,1400,3,-22.54806259822148,dumbbell,3,0,A,oracle,-0.49118367422983056,-0.43397982845667804
-36573272.88041435,-40.677643178904006,-0.006096345025091383,1.9458712675435073,-2.755201788999246,-49.29222260618125,-16.278486703417784,3.0,0.2657119221918317,0.2155148807528407,0.4637463229679813,362,1400,3,-19.225024550522377,dumbbell,3,0,A,oracle,-0.48851776123087753,-0.2393245448601271
-10406373.30066081,-20.40764886313104,1.504548431941964,2.3561414737095894,-2.906118083916511,-28.040485913695925,-13.952823529816449,3.0,0.2630808072656108,0.2269496175734839,0.4457874447237563,1088,1400,3,-11.762262800203482,dumbbell,3,0,A,oracle,-0.48361221827474354,-0.4288906704833239
-3353577.7024584566,-2.7810184692892164,-0.21092529682228633,2.2380897188065525,-2.8309783160959325,-13.872661452039035,-10.36186938361293,3.0,0.257993756801624,0.2160914786775711,0.4546766573878508,915,1400,3,-3.5550526795521264,dumbbell,3,0,A,oracle,-0.49645577809728175,-0.5559335488674003
11714033.663814977,14.562134290296738,1.3544901586903968,2.458539642342905,-3.150025138783877,-24.4985297982817,-6.502432850347537,3.0,0.248546745303535,0.219191903286516,0.4661943109426211,361,1400,3,2.5102588071524714,dumbbell,3,0,A,oracle,0.3968617214610437,0.1692418728602746
24009834.195963904,37.17883210739269,1.74530652371449,14.345927976996723,-1.7649693977364533,0.2951630096178518,4.827236179051344,3.0,0.2399572885756791,0.1951518671438668,0.4963404401429372,405,1400,3,6.159382675542515,dumbbell,3,0,A,oracle,0.4933124042308681,0.16920503202540402
26797364.12661146,45.03141029011305,0.2920846426581699,16.926952900022954,-0.7801222948224504,0.2951630096178518,4.250075166498474,3.0,0.2177901271522725,0.1865011009868768,0.5013465074891073,919,1400,3,6.605360713324066,dumbbell,3,0,A,oracle,0.47271550039143584,0.09095419467629567
19296786.58778909,22.563585874821264,1.8090333033763377,4.963599937296519,-2.293023216537443,-10.330705336624813,-20.73459242169574,3.0,0.2405252061380725,0.1948140959593099,0.4663288181435883,1107,1400,3,7.3857094587224115,dumbbell,3,0,A,oracle,0.4799058343531094,0.20347222411927116
34403482.07418841,54.56711485197944,2.6072413848619074,15.21935666650953,-1.8026512034990279,0.2951630096178518,2.798556922681251,3.0,0.2454999444543009,0.1986605863453308,0.4849045082115301,661,1400,3,8.355744883799076,dumbbell,3,0,A,oracle,0.49527912023869547,0.20253120951430426
32559104.691356603,58.554172480144956,1.808939912917928,16.477390294200028,-0.46354644584418,0.2951630096178518,1.4823396226162069,3.0,0.2193044569818596,0.2041566161245828,0.5191282848423763,397,1400,3,9.17866914521766,dumbbell,3,0,A,oracle,0.40739848034526593,0.18595235216733685
37723420.57915495,59.36673056858241,2.8330252051259897,12.877780432979309,-1.4271066644254984,0.2951630096178518,-0.91143899072239,3.0,0.2310411565547225,0.2148500770791917,0.489756153620051,460,1400,3,10.291751725325792,dumbbell,3,0,A,oracle,0.4998031747191324,0.26055391947662243
42098415.62252978,67.9634333074773,3.072318836491433,14.499975311376211,-0.6951746955579303,0.2951630096178518,4.018596587394312,3.0,0.2256650181145114,0.2229488678054904,0.5096740136034138,964,1400,3,11.41168825762969,dumbbell,3,0,A,oracle,0.4988908073166427,0.31954181979430574
45025665.5621076,66.81415781828746,2.408101110876789,13.617498725814102,-0.8974424748955124,0.2951630096178518,-0.6661664062945243,3.0,0.2250237505104668,0.1979909609482375,0.4984254996219297,319,1400,3,12.373259461365768,dumbbell,3,0,A,oracle,0.4996455466473192,0.30333871293600484
48380543.6837952,69.25253804635551,0.9642147172780886,14.728931733941014,-0.1938495536745199,0.2951630096178518,0.8889688979521587,3.0,0.2352006546370813,0.2083392667992081,0.5258493374349574,1323,1400,3,13.292811739534624,dumbbell,3,0,A,oracle,0.498014161033816,0.3253534172201825
51643669.41997786,73.44031510089833,1.5664859920393566,16.385456747876702,0.8022983964605102,0.2951630096178518,-1.5385118468911347,3.0,0.1813121175239981,0.1839879233984377,0.5222144528411469,185,1400,3,14.409416562572522,dumbbell,3,0,A,oracle,0.4961509050948806,0.35128122926755384
36834471.30718965,51.02621461931826,2.4383667086202228,5.141082150532767,-2.1731255740020465,-3.2467931057963697,-13.375518146014995,3.0,0.2441360903520327,0.2228546963222101,0.4735481170342686,1222,1400,3,15.33757314504347,dumbbell,3,0,A,oracle,0.49970083276766886,0.29941291669319625
54651530.71278459,75.247443318941,2.1343213619101973,14.26006504077157,-0.3956087948871558,0.2951630096178518,-5.200241828043613,3.0,0.2273579579761737,0.1980944538726503,0.5144147692598078,190,1400,3,16.176736933411025,dumbbell,3,0,A,oracle,0.4985386348934423,0.36002297818111395
42886390.338314734,47.175615178520886,0.7490946965264739,8.435218670130855,-0.42483017791291544,0.2951630096178518,-10.300476825507944,3.0,0.2266539866754613,0.2217633480182397,0.5190048636523947,975,1400,3,17.079064983670342,dumbbell,3,0,A,oracle,0.4984886578784279,0.2713816441514806
43841158.32967506,56.58178580453002,0.45708464573394886,8.227032679112607,-1.5481213522438961,-3.2467931057963697,-4.632542941312079,3.0,0.2454514476223969,0.2053745380143511,0.4922996027097748,1375,1400,3,17.851715608550524,dumbbell,3,0,A,oracle,0.49925113359731255,0.18095147392988642
47135860.73960026,55.057446384027024,2.3614276499855125,10.610338894190978,-1.5703579423911171,-3.2467931057963697,-5.844276133798048,3.0,0.2367022429816471,0.1784095755703499,0.4940681667280868,327,1400,3,18.427504263358863,dumbbell,3,0,A,oracle,0.4998321492691813,0.2985436011856482
56731596.36241264,76.69975503285974,1.7927430784348712,10.815491113491486,-0.5060724032328447,-3.2467931057963697,-3.7927787891317704,3.0,0.2234270966711214,0.2125593891407029,0.5136904030265791,281,1400,3,18.86173140901876,dumbbell,3,0,A,oracle,0.4989152662357029,0.38890574713332765
52719653.67078595,71.27377725266881,0.6207154465914402,11.225125576374422,-0.5823009642183724,0.2951630096178518,-0.8586279411858688,3.0,0.2181988180444075,0.2151939177559949,0.5292846088046435,1261,1400,3,19.292051405337936,dumbbell,3,0,A,oracle,0.4971988181360313,0.29769083308891225
52736714.33852372,68.9661121818751,-0.4222842023534346,10.6089464480014,-0.5397663138703068,0.2951630096178518,-1.0446552204485025,3.0,0.2110918936031364,0.2218222783389845,0.5288976943282292,630,1400,3,19.5323352139822,dumbbell,3,0,A,oracle,0.4950946366206125,0.22932586557139498
50433790.15042753,65.21099787619234,2.3394151323884174,9.384683127941333,-1.3063332062304724,-6.788749221210592,4.0076882572951815,3.0,0.2269785632391129,0.2022059255265099,0.5075173483031388,356,1400,3,19.59838014117316,dumbbell,3,0,A,oracle,0.49949756520292043,0.34288378325602337
-1.2122965982368918,-0.43926790621388856,-1.0039904373067932,-0.9503123248424967,0.7160567749058616,-1.0506435266302399,0.7863482696924363,3.0,0.2267419039314019,0.2982269367658354,0.5869416147099227,208,1400,3,-22.54806259822148,dumbbell,3,0,B,diffdist_t4,-0.15736410177947985,-0.15331094534496817
-0.6918666170435137,-0.5581726406816235,-3.060945050170563,-0.9113739521206085,0.18094031402226843,-1.0506435266302399,2.4734939410600747,3.0,0.2837668903161461,0.2963628084454847,0.5879046922249132,362,1400,3,-19.225024550522377,dumbbell,3,0,B,diffdist_t4,-0.37783999463555884,-0.08740183750554359
0.24997111005094366,0.24272869003195874,0.6214175593762457,-0.783084444206472,-0.05416106943840013,-0.5412406046276993,-0.822478041361533,3.0,0.2778331526483587,0.3197054283537286,0.5334674339823461,1088,1400,3,-11.762262800203482,dumbbell,3,0,B,diffdist_t4,-0.24453210251707663,0.3588394417266924
0.10191781209576328,0.13829045737542245,-0.4995971214493872,-0.7200413957949628,0.3006150254188966,0.732266700378652,0.5998292001619883,3.0,0.2654699247691695,0.2576337527572334,0.5536185874991558,915,1400,3,-3.5550526795521264,dumbbell,3,0,B,diffdist_t4,-0.11313731351234557,-0.22614365141497392
0.2712579873139512,0.5889206674489555,0.6910889890743143,-0.7291922797226151,0.15042140176672109,0.09551304787547635,-1.8421206576617386,3.0,0.2381633179978083,0.3014598829462285,0.5202949131433076,361,1400,3,2.5102588071524714,dumbbell,3,0,B,diffdist_t4,-0.2851768381560943,-0.2647233527253681
0.637491452806339,0.6694935999771388,-0.6974248094923298,-0.45428461409551935,0.40519083418541135,0.8596174308792871,3.085795038950956,3.0,0.2581942456884586,0.2769981133449394,0.5620385708937446,405,1400,3,6.159382675542515,dumbbell,3,0,B,diffdist_t4,-0.06429818764097672,0.04210399056547183
0.042494592013336746,0.23937827767820571,0.15040246869674084,-0.27252309903194,0.6145712527273389,0.8596174308792871,3.7211942147321024,3.0,0.2275792399924321,0.2386556761610657,0.5703803039269209,919,1400,3,6.605360713324066,dumbbell,3,0,B,diffdist_t4,0.12187788983740877,0.16442796596560957
0.472299974092646,0.523626424275605,0.16176461975776982,-0.5430485730226995,0.18006929902272947,0.732266700378652,0.6697339761559126,3.0,0.2567317249088731,0.2546844463723107,0.548279869722895,1107,1400,3,7.3857094587224115,dumbbell,3,0,B,diffdist_t4,-0.17068117390550125,0.006593170712376166
0.4120065356482429,0.5229108915093509,1.5561227450216646,-0.284619145320383,-0.16936679632217413,0.8596174308792871,2.776772253162,3.0,0.2709296863386072,0.2326796693985519,0.5200592191163387,661,1400,3,8.355744883799076,dumbbell,3,0,B,diffdist_t4,-0.3046288704404279,0.15552108230598133
0.42151207147923914,-0.05548977558182632,0.5520304359229239,-0.1800500129082469,0.7601142258295523,0.8596174308792871,3.418739154924658,3.0,0.2284030972510276,0.250715866164227,0.5914844609145947,397,1400,3,9.17866914521766,dumbbell,3,0,B,diffdist_t4,-0.04366877864880103,0.29089831265379035
-0.13805331361726145,0.08089533753490713,-0.06128919629629151,-0.24668485648441574,0.5884496405483817,0.8596174308792871,1.837768377231362,4.0,0.2260200255005749,0.2275017315888509,0.5667560185217285,460,1400,3,10.291751725325792,dumbbell,3,0,B,diffdist_t4,-0.026840946960633494,0.04820733593796122
0.10651785418607085,-0.050546836611626254,0.5018693831651578,-0.16553513553616034,0.6412928538180418,0.8596174308792871,3.1658985153030867,4.0,0.2293955964915192,0.2348210505139666,0.5689711034199908,964,1400,3,11.41168825762969,dumbbell,3,0,B,diffdist_t4,0.09309972631134744,0.17248451450989932
-0.09293838757208613,0.38835310971772613,0.29000825568105154,-0.2262457966220852,0.9299552768895915,0.8596174308792871,0.5517373677605243,4.0,0.2194601855840711,0.2224389961190339,0.5737460269149637,319,1400,3,12.373259461365768,dumbbell,3,0,B,diffdist_t4,0.23889716662175797,0.18771018138123777
-0.6184741027002809,0.006923184501966234,-0.5779196742600533,-0.0635567735328763,1.2935652510432267,0.8596174308792871,2.0926646609759376,4.0,0.2152479085598981,0.1933561000536711,0.590346254689768,1323,1400,3,13.292811739534624,dumbbell,3,0,B,diffdist_t4,-0.07464306903192242,-0.11419577814990696
-1.9428811491952127,-0.8301765575353076,-0.32807548705973105,0.18956014757865713,1.8196867881435317,0.8596174308792871,3.1000017122199157,4.0,0.1748516121868856,0.1860611307608721,0.6472545961752563,185,1400,3,14.409416562572522,dumbbell,3,0,B,diffdist_t4,0.3965227934615343,0.7917934948684893
0.23490436330051181,0.4929863692955257,-1.0509681071480839,-0.5733748621861893,0.10449426362868743,0.8596174308792871,2.270067709851123,3.0,0.2539543345802476,0.2763250228473849,0.5456924250022396,1222,1400,3,15.33757314504347,dumbbell,3,0,B,diffdist_t4,-0.30792417031066976,-0.32703513858308314
-0.9887333310495307,-0.40174332766218335,0.5030644682147069,-0.029263705116959235,1.0755905559782273,0.8596174308792871,2.918654780974553,4.0,0.2286238184559636,0.1995428432888108,0.6175818779474803,190,1400,3,16.176736933411025,dumbbell,3,0,B,diffdist_t4,-0.23058437510377006,0.046288792262250834
0.17184106594380025,0.04059766876306601,-0.3432461341765076,-0.37345109393858694,0.7171016001138767,0.8596174308792871,1.7810301646316566,3.0,0.2464934054521718,0.2533324157117392,0.5772827165788265,975,1400,3,17.079064983670342,dumbbell,3,0,B,diffdist_t4,-0.03634959525742815,-0.07194728608440513
-0.15232542532890012,0.09171843947157876,-1.3789137917994496,-0.27217448137363637,0.8968517970142171,0.8596174308792871,0.3994305837520365,4.0,0.243661000018745,0.2202709080836908,0.5738971611308866,1375,1400,3,17.851715608550524,dumbbell,3,0,B,diffdist_t4,0.02809124364879312,-0.5500697966544434
0.46043506761338204,0.21351801605232815,0.8483485080176401,-0.17955208752102564,0.557735314555621,0.8596174308792871,1.7891707253491758,9.0,0.2422540487645247,0.2282722791477462,0.5935885732534706,327,1400,3,18.427504263358863,dumbbell,3,0,B,diffdist_t4,0.021467722070896977,-0.1340691601098148
-0.800314434555555,0.23686903309550503,-0.4169454974115,-0.21224263572185917,1.0544161518800783,0.8596174308792871,1.581994940555949,4.0,0.2242871732608214,0.2260704802591035,0.5835170625231092,281,1400,3,18.86173140901876,dumbbell,3,0,B,diffdist_t4,0.10399010296806332,0.01266738363748631
0.4741227998038803,0.10626973868562503,1.6402334051533793,-0.2985666712535423,0.6028287528801162,0.8596174308792871,2.29548418782012,9.0,0.2233911155883837,0.2296839918949798,0.5558312691675517,1261,1400,3,19.292051405337936,dumbbell,3,0,B,diffdist_t4,0.09777690402279693,-0.14714378325514582
0.3754071718269417,0.049175703561702755,0.8355506555090293,-0.30959419899080726,0.6074538719870253,0.8596174308792871,1.33418372038437,9.0,0.2173334419468777,0.2262692176848331,0.552308589231196,630,1400,3,19.5323352139822,dumbbell,3,0,B,diffdist_t4,0.12065511067075796,-0.5014320389029584
-0.025916452118718205,-0.07273584472539786,0.6778062116530293,-0.41730367253519945,0.6038362629021308,0.8596174308792871,0.499081794195589,3.0,0.2304237495388338,0.2533889605702947,0.5804310287805248,356,1400,3,19.59838014117316,dumbbell,3,0,B,diffdist_t4,-0.10425786486717614,0.1950257479515771
-1.9943021012307867,-2.0477791470315387,-0.6507412058179165,-1.0590210193234249,3.155904501833606,-1.0755655881774395,-0.07185456313726271,6.0,0.182255272108575,0.3066384520516255,0.6191852531586827,208,1400,3,-22.54806259822148,dumbbell,3,0,B,diffdist_t8,0.26287600859435656,-0.6057878280251108
-1.9915312518896193,-2.537179695464441,-0.5057312975365238,-1.0163458985991947,2.347140748175063,-0.9490284601565643,1.3887576195984006,3.0,0.2142081464123646,0.3164014459923112,0.5905424756780979,362,1400,3,-19.225024550522377,dumbbell,3,0,B,diffdist_t8,0.320912911991478,0.6657043906951082
-1.0323255219877843,-0.6970473739031811,0.618024694262838,-0.6582514140366656,1.1325330885459781,-0.18980569203131284,0.26192590367052965,4.0,0.2460899615527683,0.2667448338340141,0.5089770046881922,1088,1400,3,-11.762262800203482,dumbbell,3,0,B,diffdist_t8,0.12552752480808504,-0.4893171530682566
-0.8043270869410512,-0.8326111654155325,-0.4507042419040803,-0.6481251057652985,1.7170265832727971,0.6959542041148138,1.9357236673368323,4.0,0.2263054555951233,0.2284330791215887,0.5342509057282461,915,1400,3,-3.5550526795521264,dumbbell,3,0,B,diffdist_t8,0.3265767684850017,-0.2112981906345193
-0.26887656188655706,0.22380353594696997,0.876839586615623,-0.6098904806735923,1.6506379901818704,0.5694170760939385,3.323881511380711,3.0,0.2009537854390598,0.2859680304471123,0.5102784316054111,361,1400,3,2.5102588071524714,dumbbell,3,0,B,diffdist_t8,0.10274731269134574,0.35191966357939874
0.518764368709569,0.5758487388577576,-0.1526032335071992,-0.1860954506069835,0.13914343251103795,0.822491332135689,2.963418041288513,3.0,0.2491722984394736,0.2332963243243694,0.4619147752123265,405,1400,3,6.159382675542515,dumbbell,3,0,B,diffdist_t8,-0.4438966436200153,-0.6512421886591543
-0.470843712202441,0.08057439327549604,0.42104213695575926,-0.0028673427781218575,0.44156727790247374,0.822491332135689,3.245156911538389,4.0,0.2131025754595878,0.1806378927447601,0.4596951866653284,919,1400,3,6.605360713324066,dumbbell,3,0,B,diffdist_t8,-0.4640468234741055,-0.5890715054626443
-0.05529374369677637,-0.32224691759598223,0.6553323991972575,-0.4263383061624572,0.8518351476994569,0.5694170760939385,3.0774620479689996,3.0,0.2352777782736413,0.2364931813262902,0.4832960453472304,1107,1400,3,7.3857094587224115,dumbbell,3,0,B,diffdist_t8,-0.2660236282841357,-0.46461610233884887
-0.026122573917470426,-0.2710808811316384,0.9351487832839446,0.0037497419956078635,0.13207977477867408,0.822491332135689,1.9752387332010515,4.0,0.2376793259725911,0.1755992268920604,0.423885664628664,661,1400,3,8.355744883799076,dumbbell,3,0,B,diffdist_t8,-0.4802222403215849,-0.5909385018084621
-0.6054524809491905,-0.7772033641657105,0.800683808874373,0.08444094698307246,0.715398518310274,0.822491332135689,3.1769846723779227,4.0,0.2152007467722227,0.1845262894744238,0.4704479948527331,397,1400,3,9.17866914521766,dumbbell,3,0,B,diffdist_t8,-0.4310798139970355,-0.45567703316455904
-0.7026792390890413,-1.1320563078328514,0.32794952007581796,-0.034289494631842075,0.988314897916242,0.822491332135689,2.9959367967985884,4.0,0.2082902039680841,0.1835400240517228,0.4764550713615879,460,1400,3,10.291751725325792,dumbbell,3,0,B,diffdist_t8,-0.332499171161507,-0.4985943940798624
-0.8057447508516355,-0.893782595404805,0.4034410953436483,0.005141154011244756,0.8192323057488087,0.822491332135689,3.527914696743862,4.0,0.2084184975399641,0.188777785382773,0.468967996510877,964,1400,3,11.41168825762969,dumbbell,3,0,B,diffdist_t8,-0.4310798139970355,-0.5177090425914725
-0.6103077870018193,-0.11253858604333034,0.6992072503827805,-0.05424730491256512,0.988615578281685,0.822491332135689,2.109658540709386,4.0,0.208085330663362,0.1857831723193135,0.4749356650106726,319,1400,3,12.373259461365768,dumbbell,3,0,B,diffdist_t8,-0.40009177243495114,-0.45059041791097976
-0.8482774745562973,-0.163686644744702,0.4451190873619858,0.05377487928583502,1.305959230023512,0.822491332135689,3.290794739258956,4.0,0.2030660090701747,0.1586141593710673,0.4741306198580106,1323,1400,3,13.292811739534624,dumbbell,3,0,B,diffdist_t8,-0.38619708164849476,-0.6226207788617035
-3.7281363634514895,-2.167292691046041,-0.08532945942327204,0.23555661758571786,2.1587516795195354,0.822491332135689,3.1197824184699146,4.0,0.1617235867935596,0.1371337717091428,0.5045958205911908,185,1400,3,14.409416562572522,dumbbell,3,0,B,diffdist_t8,0.40496771009855415,0.08131664354885085
0.26051689350411306,-0.017623918394390276,0.1529471078534999,-0.40775738440450465,0.9495364541962824,0.822491332135689,2.2813227978422357,3.0,0.2269013971507356,0.2357623317801018,0.4820858518836688,1222,1400,3,15.33757314504347,dumbbell,3,0,B,diffdist_t8,-0.24974782274960317,-0.48872658678338443
-1.0852392171960874,-1.0538791608758296,0.5035133663180855,0.05688407170063123,1.1854108774641126,0.822491332135689,3.3263844580621815,4.0,0.2034420980859439,0.152005929730791,0.4858225354779437,190,1400,3,16.176736933411025,dumbbell,3,0,B,diffdist_t8,-0.34509410157099746,-0.6230797609930723
-0.036855948200604324,-0.4022679119978849,0.3061247087209095,-0.23187739341025826,1.1468841661431286,0.822491332135689,3.552494716926462,3.0,0.2245993423983266,0.2137570573922489,0.4867437780306017,975,1400,3,17.079064983670342,dumbbell,3,0,B,diffdist_t8,-0.11691351354686091,-0.3947621292521977
-1.024307871907465,-0.7492458000071308,0.5527316498379011,-0.16493303971797768,1.2015625409706017,0.822491332135689,3.361059039369139,4.0,0.2362967868521694,0.2057723281001831,0.4897091451065496,1375,1400,3,17.851715608550524,dumbbell,3,0,B,diffdist_t8,0.049704297957714805,-0.4683672891177986
-0.1204520847705995,-1.033110832058989,0.7065173453657541,-0.05648734396969871,1.0389713814989723,0.822491332135689,3.3677373628406704,4.0,0.2217231488221758,0.1976032805917235,0.5030330470983818,327,1400,3,18.427504263358863,dumbbell,3,0,B,diffdist_t8,-0.010146622680290651,-0.11272185525527902
-1.4392722666558415,-0.21647226921622922,-0.0570526412237325,-0.10231446565680691,1.4890036469119023,0.822491332135689,2.460442442351687,4.0,0.2110107995571339,0.1890737682638162,0.4936683881937611,281,1400,3,18.86173140901876,dumbbell,3,0,B,diffdist_t8,-0.04958231061524199,-0.42360211076457616
-0.24669318617447628,-0.5947855248492583,1.5010900483950702,-0.09946053836488973,0.5684310835639488,0.822491332135689,3.308688914174697,4.0,0.2182616596594462,0.1929212095580028,0.4576268321924093,1261,1400,3,19.292051405337936,dumbbell,3,0,B,diffdist_t8,-0.45541359168734086,-0.4992864604487575
-0.3517098523015489,-0.6060908855761641,1.2386675145134367,-0.12017611797315601,0.592623033276605,0.822491332135689,3.316563368033727,4.0,0.2152312324435814,0.1954078405327965,0.4521570506601037,630,1400,3,19.5323352139822,dumbbell,3,0,B,diffdist_t8,-0.4510730080048445,-0.47298757326862995
0.028717995241960285,-0.41641900232759377,0.698676837890337,-0.22134068536444873,0.9570418090546264,0.822491332135689,2.705550567648692,3.0,0.2134883209555413,0.204660664392841,0.4943094617489447,356,1400,3,19.59838014117316,dumbbell,3,0,B,diffdist_t8,0.08238341543843297,-0.09640297471556011
-1.2274979620875124,0.07128074481916694,-2.18522368511457,-1.2126040640818339,1.9310970267154492,0.3481553104568503,-0.46054625386997605,2.0,0.2125989157723906,0.1592458367418612,0.521244847901474,208,1400,3,-22.54806259822148,dumbbell,3,0,B,fb_potential,0.053123555572612724,-0.48672087931333086
0.009705677247315175,0.21994270815904832,-1.471338148530699,-1.583900877000242,0.2792023836588356,0.3481553104568503,0.24566138548258135,3.0,0.2505251751416887,0.1731133262817437,0.4869683746755976,362,1400,3,-19.225024550522377,dumbbell,3,0,B,fb_potential,-0.35555951786015566,-1.3770188488078714
-2.3545208844972803,-0.5054857233063341,-2.7955809129473685,-1.7859608815152745,0.24546145110126613,-3.307475449340077,0.9772929965977528,1.0,0.2611249311996799,0.2049601458514195,0.5216331402587605,1088,1400,3,-11.762262800203482,dumbbell,3,0,B,fb_potential,-0.27301417997531835,-0.6623847680720446
-0.5463800002121795,-0.183465039504287,-0.2689936480034713,-1.515523399443594,0.017452188632961347,0.3481553104568503,-0.6049196069826893,2.0,0.2369056164781344,0.1561507441172668,0.4519314640842873,915,1400,3,-3.5550526795521264,dumbbell,3,0,B,fb_potential,-0.48586454939561696,-1.2721118675881642
-0.8232208975475102,-1.1057801635781668,-0.8879210803193328,-1.6490226647214734,-0.42826938442787876,0.3481553104568503,-1.6598099912843298,3.0,0.2315279131807948,0.15282141724761,0.4597610384719533,361,1400,3,2.5102588071524714,dumbbell,3,0,B,fb_potential,-0.4807244638674866,-1.5333774395847861
0.6243579672536055,1.474389622352888,-1.828227564593,-1.6097373439383797,-1.0923217689636193,0.0870388276142126,2.0274098514321683,3.0,0.2429862021516476,0.1631924153565206,0.4571077300148529,405,1400,3,6.159382675542515,dumbbell,3,0,B,fb_potential,-0.48962977579739825,-2.154087628927542
-3.2624166550403353,-1.3532304839675826,-3.9370638642005362,-0.4705053612909742,2.275962551370505,0.609271793299488,1.464131710215934,3.0,0.2025420768280885,0.1591049530318016,0.49596739597933,919,1400,3,6.605360713324066,dumbbell,3,0,B,fb_potential,0.2579947947761022,-0.4071253571550256
2.056376315963941,3.24262819312983,-1.824797111604701,-1.234156350007884,1.214071129420748,0.0870388276142126,2.0892543157546397,2.0,0.2292437330321205,0.1599237196168774,0.5096535400008285,1107,1400,3,7.3857094587224115,dumbbell,3,0,B,fb_potential,-0.08065011196933819,-0.8431240399563567
-2.40875706059703,-0.09999816303817954,-3.514363522725275,-0.6708744188297635,0.24207368244911517,0.609271793299488,1.435553594703088,3.0,0.2282944937840753,0.1493244501451222,0.4460793453767825,661,1400,3,8.355744883799076,dumbbell,3,0,B,fb_potential,-0.4584967591430119,-1.4187044683067094
-1.3205369182529445,0.9450641449380566,-1.7512185239905713,-0.38158880335405737,2.6277900960079745,0.609271793299488,1.9781439904189948,2.0,0.2052064196480106,0.1550368913096255,0.5309906607440268,397,1400,3,9.17866914521766,dumbbell,3,0,B,fb_potential,0.2704742478448725,-0.072222510078743
-0.1617650571745761,1.0797234269177804,-1.704378298413282,-1.6151666506132312,-0.9439126376423277,0.3481553104568503,0.7726442330315277,3.0,0.2402920712817404,0.1642929493617156,0.4351727836115975,460,1400,3,10.291751725325792,dumbbell,3,0,B,fb_potential,-0.4945589245814635,-1.9026021084428717
-0.7139152518900785,1.2434930834023183,0.8039378383521486,-0.6652568092075043,1.5193432734705337,0.609271793299488,1.7206360099283433,3.0,0.2233553019250926,0.1555278013023414,0.5014987634377442,964,1400,3,11.41168825762969,dumbbell,3,0,B,fb_potential,-0.25975301599422684,-0.565058317968574
-1.5855063392574764,0.906828103234309,-0.9116825730590141,-1.1225917902248852,0.33044782360073,0.609271793299488,2.102377786347183,3.0,0.2276732315372523,0.1567127670016153,0.4647708321131421,319,1400,3,12.373259461365768,dumbbell,3,0,B,fb_potential,-0.4452845801744203,-1.4634566389671233
0.5522607672694883,1.7233251447572506,1.6400690637314073,-0.5628850739674751,1.6731914829030767,0.609271793299488,1.9182844107661179,3.0,0.2210288793495536,0.15747227850642,0.479862436816887,1323,1400,3,13.292811739534624,dumbbell,3,0,B,fb_potential,-0.4182383692650572,-0.1877422213809973
0.6737588261453703,1.1712983536305515,1.060609331546088,-0.3692980831698772,3.0853937237084232,0.609271793299488,3.517466812184645,3.0,0.181251054628887,0.130008933344658,0.4940934583128247,185,1400,3,14.409416562572522,dumbbell,3,0,B,fb_potential,0.3212000155043119,0.30737632347119254
-2.1769387758240293,-0.9657007554451154,-2.217908344953039,-1.6702663591134888,-0.2473780786261872,0.3481553104568503,-0.025691638120324108,3.0,0.2431924518165944,0.1861856969061999,0.4779259440989687,1222,1400,3,15.33757314504347,dumbbell,3,0,B,fb_potential,-0.48874754327008724,-1.2986733038725886
-0.4803349398294086,1.0997602200951477,-1.0759542483607571,-0.767191132041217,1.7862745789029486,0.609271793299488,1.9493333333866678,3.0,0.2250784731949066,0.1593944671023233,0.5219553992166739,190,1400,3,16.176736933411025,dumbbell,3,0,B,fb_potential,-0.13774677270695473,-0.730501835018443
3.1596504942533583,1.0484428459858204,-0.16216716439255674,-0.9227927848894507,3.1512469734348216,0.0870388276142126,0.2321086767648133,3.0,0.2274596283381209,0.1900416091322679,0.5872988200677123,975,1400,3,17.079064983670342,dumbbell,3,0,B,fb_potential,0.1182593121335388,0.393223659640509
1.6927364853058597,1.140106156846104,-0.34211897339381636,-1.2114569518539284,1.2545658429701743,0.609271793299488,1.0019237737211637,3.0,0.2143489268097451,0.1390695498626372,0.4832943048747651,1375,1400,3,17.851715608550524,dumbbell,3,0,B,fb_potential,-0.36128134285033475,-0.9504386701077449
2.1202796381061737,2.0899056578551782,-0.684985831181177,-0.5051887772120738,2.0654360399740916,0.609271793299488,0.9433182533224413,3.0,0.2150063247784672,0.1374597330524232,0.5188082545376211,327,1400,3,18.427504263358863,dumbbell,3,0,B,fb_potential,0.03887219507974082,-0.05886516293037222
0.38405013172172653,0.27495934090466834,-2.4152553754758537,-0.8113831963845998,2.0323726611469524,0.609271793299488,1.4830527296697011,3.0,0.1955588274216457,0.1351013112057343,0.5022913680894434,281,1400,3,18.86173140901876,dumbbell,3,0,B,fb_potential,0.23789120988786439,-0.5910593523713862
-0.054003457879604776,-0.22373500656420897,-0.0749526379577394,-0.7255960328579978,2.925329425005878,0.3481553104568503,2.080635055342163,3.0,0.2126830044463371,0.1815215847980174,0.5588758755756201,1261,1400,3,19.292051405337936,dumbbell,3,0,B,fb_potential,0.3157484943369697,0.24351307910024958
0.3907119356766144,-0.731995608548683,0.330408893721513,-0.7588791535587334,3.309365636195856,0.3481553104568503,-0.5583060041164769,3.0,0.2037085064720385,0.1898544323907465,0.5586574913849995,630,1400,3,19.5323352139822,dumbbell,3,0,B,fb_potential,0.353382211579072,0.3716483874322372
0.9326214140599076,0.9614549376474116,-1.1292189200171394,-0.9659604334766957,2.378437891031125,0.609271793299488,1.3364145925675395,3.0,0.1907298653536224,0.1359098678414858,0.4852069970286181,356,1400,3,19.59838014117316,dumbbell,3,0,B,fb_potential,-0.22319156275039703,-0.9254781839052492
-1.212824083416851,-2.799547444996778,-4.854201136758209,-0.6625474557335895,5.178956261335168,0.5320836270091036,1.3876083563465729,3.0,1.4225996282983104e-05,0.7361376787619501,0.805606049471294,208,1400,3,-22.54806259822148,dumbbell,3,0,B,heatgeo_4t,0.4967169124747167,2.101566153732728
-0.28219056076654053,-2.2278160254498016,-4.877997882017819,-0.7696412865058927,5.3069089981489075,0.5320836270091036,1.3877190926262006,3.0,1.285352512585923e-05,0.7407584709005123,0.8060879594370918,362,1400,3,-19.225024550522377,dumbbell,3,0,B,heatgeo_4t,0.49780248032833263,2.101566153732728
0.09237736845986845,-1.9345130135280337,-4.985998776345677,-0.7793885396147545,5.429093470651492,0.5320836270091036,0.5611942345310874,3.0,1.1540829029818506e-05,0.7481268032217054,0.7994118606469602,1088,1400,3,-11.762262800203482,dumbbell,3,0,B,heatgeo_4t,0.4970215591721505,2.3064892701031368
-0.8119066679397205,-2.0343964885221024,-4.901484717325278,-0.6650512986014991,5.316540695142121,0.5320836270091036,0.9410224820691665,3.0,1.2722753886440716e-05,0.7442964751176107,0.8018224878097041,915,1400,3,-3.5550526795521264,dumbbell,3,0,B,heatgeo_4t,0.4968574164795233,2.2237371063972935
0.9555855358093551,-1.0960462473172974,-5.0228397585652305,-0.592135836623191,5.362269314236788,0.5320836270091036,0.8534383328671071,3.0,1.2279357410164052e-05,0.7412779503722376,0.8037968519858341,361,1400,3,2.5102588071524714,dumbbell,3,0,B,heatgeo_4t,0.4970215591721505,2.393276759852484
0.25085069208336164,-0.6493521102796429,-4.680671118977716,0.33789360281121206,4.97751892965055,0.5320836270091036,-1.6710206159904557,3.0,1.6398986442864155e-05,0.7270516179274558,0.8147922973311988,405,1400,3,6.159382675542515,dumbbell,3,0,B,heatgeo_4t,0.4983786436982095,2.6481669670660017
-1.6754406220694376,-1.9411334035053571,-4.501259975533218,0.4090067846786368,4.8248294128879685,0.5320836270091036,1.3872581546896012,3.0,1.8049589791903676e-05,0.7266921275517777,0.815433069965738,919,1400,3,6.605360713324066,dumbbell,3,0,B,heatgeo_4t,0.49601141394947923,2.3311331880982564
-1.3597373538963033,-2.630389013261898,-4.72616271886438,-0.4315914224511082,5.089858761171486,0.5320836270091036,0.08041704659240365,3.0,1.5166541400635203e-05,0.7371937227444724,0.8086574712491074,1107,1400,3,7.3857094587224115,dumbbell,3,0,B,heatgeo_4t,0.49853518405949426,2.412341498962711
-1.1964519706465988,-2.237507190694819,-4.620333271515684,0.31890826088657614,4.968470161491271,0.5320836270091036,1.3873069056593743,3.0,1.6418825718339638e-05,0.7316783465146889,0.8065975224018305,661,1400,3,8.355744883799076,dumbbell,3,0,B,heatgeo_4t,0.4967169124747167,2.3311331880982564
-1.6023359222864888,-1.9719103478252533,-4.430301279098079,0.27762156771867375,4.812262445887461,0.5320836270091036,1.0554326590295935,3.0,1.818970674852207e-05,0.724931003419127,0.8170927563811259,397,1400,3,9.17866914521766,dumbbell,3,0,B,heatgeo_4t,0.49601141394947923,2.45330414076282
-1.5293381765040124,-1.988096782696174,-4.615402615794688,0.10864068016363258,5.020760072776197,0.5320836270091036,-1.8314600753034032,3.0,1.5852242614600857e-05,0.734974842797405,0.80843879642586,460,1400,3,10.291751725325792,dumbbell,3,0,B,heatgeo_4t,0.498326695963929,2.640014310299676
-0.8373819187408208,-2.8933062416688813,-4.473654495225237,0.06391690808329008,4.899571045852075,0.5320836270091036,1.3878685530323207,3.0,1.7115041401931337e-05,0.7338653396621256,0.8065421003425973,964,1400,3,11.41168825762969,dumbbell,3,0,B,heatgeo_4t,0.4967169124747167,2.3311331880982564
-1.5334520741832443,-1.8832472298128597,-4.491733120060119,0.2085062440818618,4.836676751540124,0.5320836270091036,-2.1341554583158824,3.0,1.786762806368804e-05,0.727482482599402,0.813818409000313,319,1400,3,12.373259461365768,dumbbell,3,0,B,heatgeo_4t,0.498326695963929,2.668610587302416
-1.6184575154852003,-2.4068657771035347,-4.389224042827172,0.17537543878268524,4.7988353103514,0.5320836270091036,1.3880221038065177,3.0,1.829132432599119e-05,0.7260869818326745,0.816326741164248,1323,1400,3,13.292811739534624,dumbbell,3,0,B,heatgeo_4t,0.4967169124747167,2.3311331880982564
-2.024329151328255,-3.440101921981862,-4.210659206496517,0.29186942243167063,4.60230507871213,0.5320836270091036,1.3873586840839325,3.0,2.0549382115290123e-05,0.7218541427716872,0.8200335770995142,185,1400,3,14.409416562572522,dumbbell,3,0,B,heatgeo_4t,0.4971388984744889,2.3311331880982564
-0.046918848230978326,-1.4505763604127355,-4.805769400112265,-0.45951596151875784,5.185447852420698,0.5320836270091036,-0.13250575879018328,3.0,1.4104526649436523e-05,0.7389362341722618,0.8025866204337069,1222,1400,3,15.33757314504347,dumbbell,3,0,B,heatgeo_4t,0.4988310918848661,2.4166953129695252
-1.3481190127662237,-2.9406828873282618,-4.340893013799032,0.1516360378362476,4.733628930810605,0.5320836270091036,1.3880121671784487,3.0,1.896991382530768e-05,0.7230314828823008,0.8125903615932517,190,1400,3,16.176736933411025,dumbbell,3,0,B,heatgeo_4t,0.4971388984744889,2.3311331880982564
-1.2102805521594417,-1.7177875472906035,-4.597287156015743,-0.3555189443266153,4.997324854279386,0.5320836270091036,1.0525783594619817,3.0,1.6158961650998734e-05,0.7326312584135527,0.8120939170684676,975,1400,3,17.079064983670342,dumbbell,3,0,B,heatgeo_4t,0.49601141394947923,2.4134061750800413
-1.8185542713063654,-1.7450158950021706,-4.603827512643111,-0.2579782527015257,5.028584092946213,0.5320836270091036,1.3878481901494226,3.0,1.584630134213428e-05,0.7340524978641919,0.812874326122977,1375,1400,3,17.851715608550524,dumbbell,3,0,B,heatgeo_4t,0.49601141394947923,2.332547681883772
-1.651953134552774,-3.2126038826242005,-4.516708158357046,-0.055853815248542896,4.834723982620452,0.5320836270091036,1.3879220937291996,3.0,1.7922667041865755e-05,0.7261101115146997,0.8206706737611041,327,1400,3,18.427504263358863,dumbbell,3,0,B,heatgeo_4t,0.4971388984744889,2.3311331880982564
-1.3183690473938852,-1.7799536532341662,-4.452624946299523,-0.08070102890184003,4.836290266024767,0.5320836270091036,1.3874532432417104,3.0,1.792824223517836e-05,0.7284718322427675,0.8150496674531861,281,1400,3,18.86173140901876,dumbbell,3,0,B,heatgeo_4t,0.49601141394947923,2.3311331880982564
-2.0206568215580902,-2.1712071423505295,-4.5450019466974085,-0.07671605977243132,4.889752151605346,0.5320836270091036,0.7218607772141372,3.0,1.735048262692102e-05,0.7279774401508357,0.8183453750570706,1261,1400,3,19.292051405337936,dumbbell,3,0,B,heatgeo_4t,0.49741366319377134,2.444000177529487
-1.8845525862641526,-1.9894379938324807,-4.591109620079537,-0.20017419873732573,4.971466313279979,0.5320836270091036,1.055024613603188,3.0,1.6478850483232082e-05,0.7328624517895355,0.8138639322417045,630,1400,3,19.5323352139822,dumbbell,3,0,B,heatgeo_4t,0.49601141394947923,2.454718634548336
-1.5774395248029198,-2.241326033450259,-4.528097565624973,-0.11957717089078324,4.876217477221313,0.5320836270091036,0.4003175469879939,3.0,1.7459284316635255e-05,0.7286428023076265,0.8165768293782554,356,1400,3,19.59838014117316,dumbbell,3,0,B,heatgeo_4t,0.49853518405949426,2.479704327397991
-1.1580124714661424,-2.67587107367644,-5.436511185090719,-0.668308047440456,5.9548013711188155,0.42503756682733584,1.101799234077833,3.0,7.665793399015593e-06,0.7574942565007782,0.8204553326400683,208,1400,3,-22.54806259822148,dumbbell,3,0,B,heatgeo_t,0.4967169124747167,2.2237371063972935
-0.25464687280297843,-2.1687713691545274,-5.466659263878826,-0.7768832561510403,6.086985705448359,0.42503756682733584,1.0181257101115415,3.0,7.02463156498574e-06,0.7616633781865579,0.8208801121339558,362,1400,3,-19.225024550522377,dumbbell,3,0,B,heatgeo_t,0.49801413021501006,2.2237371063972935
0.13052369502890607,-1.9098832581504839,-5.574935051844441,-0.7858224451149456,6.201775108462043,0.42503756682733584,0.35488227669663064,3.0,6.456683116002786e-06,0.7683061452844252,0.814810882825063,1088,1400,3,-11.762262800203482,dumbbell,3,0,B,heatgeo_t,0.4982749769793515,2.3421934199716423
-0.7780933007524085,-2.005537623300426,-5.4792062927970235,-0.6680412160151745,6.080468632064015,0.42503756682733584,0.2539796914718036,3.0,7.03309356588672e-06,0.7648530276870273,0.8169974815871754,915,1400,3,-3.5550526795521264,dumbbell,3,0,B,heatgeo_t,0.49821971371948237,2.250137293032464
0.9888277927098583,-1.1533819323816419,-5.608691609706201,-0.5969459683106922,6.123761195279959,0.42503756682733584,1.0521610704555975,3.0,6.837890454005994e-06,0.7621254286820262,0.8187939516157053,361,1400,3,2.5102588071524714,dumbbell,3,0,B,heatgeo_t,0.49621957727305677,2.393276759852484
0.2617344200088366,-0.7744540067353943,-5.233150086201218,0.2869171494205405,5.72315524971366,0.42503756682733584,0.8059186992366404,3.0,8.780206096556439e-06,0.7493136243243599,0.8288370642353596,405,1400,3,6.159382675542515,dumbbell,3,0,B,heatgeo_t,0.4970215591721505,2.461456797529146
-1.6526231607714923,-1.9391182308656496,-5.040006108445521,0.36674569780409394,5.576865366959939,0.42503756682733584,0.9065439227003403,3.0,9.495176137871003e-06,0.7489943598121687,0.8294149993186576,919,1400,3,6.605360713324066,dumbbell,3,0,B,heatgeo_t,0.4968574164795233,2.45330414076282
-1.3301536282065722,-2.542901210378505,-5.298995569260802,-0.43487183892619274,5.857541599657245,0.42503756682733584,0.5297050899599696,3.0,8.126786300908964e-06,0.758450641035449,0.8232243728102744,1107,1400,3,7.3857094587224115,dumbbell,3,0,B,heatgeo_t,0.49741366319377134,2.3766373490942074
-1.184208653469412,-2.2156429176901247,-5.148247213948281,0.287303778783904,5.698548352996777,0.42503756682733584,0.2644508457892226,3.0,8.856660456853027e-06,0.753480158124105,0.8213843615991303,661,1400,3,8.355744883799076,dumbbell,3,0,B,heatgeo_t,0.49853518405949426,2.479704327397991
-1.5943758367649412,-1.9610485771155695,-4.967506250127455,0.24186804177236235,5.555878170977484,0.42503756682733584,0.25712571447187493,3.0,9.59714420168034e-06,0.7474126396538712,0.8309429192968417,397,1400,3,9.17866914521766,dumbbell,3,0,B,heatgeo_t,0.49821971371948237,2.479704327397991
-1.5139842934268115,-1.9781146103925853,-5.128804855685384,0.07771441752250109,5.723572990955015,0.42503756682733584,0.6475926559860337,3.0,8.718842746988116e-06,0.7564513495980522,0.8230469587196265,460,1400,3,10.291751725325792,dumbbell,3,0,B,heatgeo_t,0.4968574164795233,2.444000177529487
-0.8341344240331527,-2.807615803444829,-4.982136106808135,0.03833351559531184,5.6078529317572,0.42503756682733584,0.7132525709828397,3.0,9.269607493075232e-06,0.7554556641910309,0.8213205107057165,964,1400,3,11.41168825762969,dumbbell,3,0,B,heatgeo_t,0.49741366319377134,2.444000177529487
-1.5156243088718586,-1.8945523496528802,-5.015854819372836,0.18074666822966953,5.5661735162606645,0.42503756682733584,0.35839427990258416,3.0,9.512011141999271e-06,0.7497040673923061,0.8279611728515551,319,1400,3,12.373259461365768,dumbbell,3,0,B,heatgeo_t,0.49821971371948237,2.479704327397991
-1.6073331045352115,-2.3584554705857355,-4.920835104404867,0.14884651038779487,5.547173032521809,0.42503756682733584,0.6521972212851525,3.0,9.62926534415916e-06,0.7484524376846114,0.8302488727315103,1323,1400,3,13.292811739534624,dumbbell,3,0,B,heatgeo_t,0.49741366319377134,2.444000177529487
-2.0063427283939013,-3.2857538156815744,-4.731136035462565,0.2626573636817456,5.336948123973272,0.42503756682733584,0.3697218449567513,3.0,1.0688261389387564e-05,0.7446472850197862,0.8336272521811469,185,1400,3,14.409416562572522,dumbbell,3,0,B,heatgeo_t,0.49872376090345494,2.479704327397991
-0.028790487306873884,-1.4975230594021234,-5.360024232698381,-0.46582763604317456,5.925593275507651,0.42503756682733584,1.1047404756881904,3.0,7.763989258422241e-06,0.760012978273552,0.8177073270459183,1222,1400,3,15.33757314504347,dumbbell,3,0,B,heatgeo_t,0.49727287878871684,2.3902951263343546
-1.3422661801194309,-2.8459346355512882,-4.852465750231295,0.12513670581918745,5.457451049129149,0.42503756682733584,0.8726870981800207,3.0,1.0034306173603515e-05,0.7457038776421852,0.8268449882032561,190,1400,3,16.176736933411025,dumbbell,3,0,B,heatgeo_t,0.49741366319377134,2.45330414076282
-1.200144448976911,-1.6656721966978667,-5.152532721641641,-0.3682342728355781,5.75829046577135,0.42503756682733584,0.9713747752475778,3.0,8.609567977064337e-06,0.7543403612835132,0.82638724669727,975,1400,3,17.079064983670342,dumbbell,3,0,B,heatgeo_t,0.4968574164795233,2.4134061750800413
-1.7922391501003978,-1.7403090147614741,-5.152640438343031,-0.2668871933371382,5.7776485484138504,0.42503756682733584,0.789248200996061,3.0,8.51501345166717e-06,0.7556162765931068,0.8271014511209348,1375,1400,3,17.851715608550524,dumbbell,3,0,B,heatgeo_t,0.4968574164795233,2.454718634548336
-1.6381137006599753,-3.0820228718884093,-5.036745457011024,-0.06765969535203913,5.5495317592288265,0.42503756682733584,0.8422699641099904,3.0,9.597475242707966e-06,0.748467735066757,0.8342172732394296,327,1400,3,18.427504263358863,dumbbell,3,0,B,heatgeo_t,0.4977462960368052,2.45330414076282
-1.297903841744927,-1.7907570471428507,-4.987062140300616,-0.09478522155381008,5.573267367069966,0.42503756682733584,0.21361024651975552,3.0,9.504815821416416e-06,0.7505968357336312,0.8290712045641229,281,1400,3,18.86173140901876,dumbbell,3,0,B,heatgeo_t,0.49821971371948237,2.479704327397991
-1.9981374823174318,-2.1399555709177536,-5.090273177342775,-0.09412845042329536,5.64925054629715,0.42503756682733584,0.97552420544596,3.0,9.1519122096106e-06,0.7501508460319433,0.8320979227630445,1261,1400,3,19.292051405337936,dumbbell,3,0,B,heatgeo_t,0.49741366319377134,2.45330414076282
-1.8619323517187658,-1.975030767418065,-5.133647359831381,-0.21418624810473583,5.720666782961773,0.42503756682733584,-0.1892788705136853,3.0,8.797468381807349e-06,0.7545463937813964,0.8279887410319617,630,1400,3,19.5323352139822,dumbbell,3,0,B,heatgeo_t,0.498326695963929,2.4811188211835065
-1.5650182716404228,-2.202766193342984,-5.059889054268661,-0.1339915777034075,5.6153333675966195,0.42503756682733584,0.8429556516305738,3.0,9.289187229388286e-06,0.7507489857445642,0.8304589979165196,356,1400,3,19.59838014117316,dumbbell,3,0,B,heatgeo_t,0.49741366319377134,2.45330414076282
-2.169776304348071,-2.9196784076559177,-1.3234546839795072,-0.7655101023971961,0.15989480587555993,-0.6004502119519562,-0.3642421101686051,3.0,0.225289771380732,0.1740270078624189,0.4918079487536599,208,1400,3,-22.54806259822148,dumbbell,3,0,B,pca_denoise,-0.24895934805464587,-1.3872328546627561
-4.067033516894302,-3.601722898556074,-1.7261266158632949,-0.8845079361908035,-0.3576423804344872,-1.2554868068086356,-0.3982401135047693,2.0,0.2664442272983752,0.1997661724454165,0.4754116491386665,362,1400,3,-19.225024550522377,dumbbell,3,0,B,pca_denoise,-0.4952089157846341,-1.3897192502900637
0.26833079279944444,-0.336659069794264,-1.1406313522274945,-0.6124089461605133,-0.06599316522000584,0.31660102084739516,-1.3374609251288954,3.0,0.2531051027660811,0.2051751357683426,0.4907656514116451,1088,1400,3,-11.762262800203482,dumbbell,3,0,B,pca_denoise,-0.3755967299940083,-0.7279988175543102
0.6366899336934833,1.6476271054556737,-0.700334358477628,-0.6467778489154711,0.04208270415662027,0.7096229777614029,0.34309703872870995,3.0,0.2433409240798651,0.1945238948475453,0.4982510755801642,915,1400,3,-3.5550526795521264,dumbbell,3,0,B,pca_denoise,-0.3409717158626908,-0.8258845659678602
-1.5500392241221608,1.0769735014149269,0.5319524361751486,-0.7443665049843373,-0.3598400635158072,0.054586382904723334,-0.7796313233636927,3.0,0.2382097239928829,0.1885810038252771,0.4762436501138481,361,1400,3,2.5102588071524714,dumbbell,3,0,B,pca_denoise,-0.49085280609616694,-0.9559190878747827
-1.27376653174722,0.8224579185920586,-0.25247492452149795,0.11797423150095931,0.17655749392813927,0.8406302967327388,2.5461838733346456,3.0,0.2268637286418963,0.1686799831423575,0.4923449732964606,405,1400,3,6.159382675542515,dumbbell,3,0,B,pca_denoise,-0.3696291959648938,-0.7050938175800795
-1.9967457886150486,1.2452674558176096,-0.5409564830848533,0.2755652730669821,0.5830563289777658,0.8406302967327388,2.7301977733947584,3.0,0.211863471573419,0.1679059271814185,0.50908204445245,919,1400,3,6.605360713324066,dumbbell,3,0,B,pca_denoise,-0.2693386986825168,-0.4009697639951507
-1.1374615699548085,0.9428632099451569,0.06867729943171333,-0.4778179916274267,0.07385684941283333,0.7096229777614029,2.6511012675971735,3.0,0.2322953275177099,0.170637927584957,0.4807361588570967,1107,1400,3,7.3857094587224115,dumbbell,3,0,B,pca_denoise,-0.48378752591703994,-0.7479739597228916
-0.5038045483928789,1.1672331541150824,0.1748889239574884,0.1314683214089495,-0.10674128910358703,0.8406302967327388,2.714694978370778,3.0,0.2403260015772532,0.1694733864960481,0.4529473716759525,661,1400,3,8.355744883799076,dumbbell,3,0,B,pca_denoise,-0.4938299662148699,-0.8770494638899224
0.6498804772238927,2.020885125936988,-0.08898309056438372,0.24606089682386711,0.7471228514493544,0.8406302967327388,2.995427228304959,3.0,0.209386592934309,0.1673517287741753,0.5165202497367618,397,1400,3,9.17866914521766,dumbbell,3,0,B,pca_denoise,-0.11261226596143481,-0.25265665444593477
0.72024250522036,2.2667126826558825,1.1681314042154667,0.04351331659400753,0.28261001871918173,0.8406302967327388,2.0463917011315074,3.0,0.2251530019732581,0.1788446899059732,0.4782153363511621,460,1400,3,10.291751725325792,dumbbell,3,0,B,pca_denoise,-0.44351302184630503,-0.3377220202596511
1.0271396949874785,2.5073253559559583,0.7515820946652688,0.13866702962130203,0.5989873043657505,0.8406302967327388,2.831866196272991,3.0,0.2195078941999393,0.1785519080414606,0.4874892415857728,964,1400,3,11.41168825762969,dumbbell,3,0,B,pca_denoise,-0.14607716719637875,-0.27213223347276966
0.8412162499685604,1.9552286776195174,0.35658308221155754,0.15393040944403916,0.8110707207038363,0.8406302967327388,2.007634595739068,3.0,0.2062274707790073,0.1573117692784466,0.5028827803809254,319,1400,3,12.373259461365768,dumbbell,3,0,B,pca_denoise,-0.1463837015114472,-0.17286303759277818
2.1237729650773334,3.09336781149959,0.2783437459372309,0.18064062715166918,0.9956315605029635,0.8406302967327388,2.790698707960572,3.0,0.2237825769422523,0.1761661962686911,0.5231626989859769,1323,1400,3,13.292811739534624,dumbbell,3,0,B,pca_denoise,-0.06735166922338737,0.29097601028531267
1.1341360867088954,2.8364002602167555,-0.15298701250367497,0.24165634628559288,1.3717764091375797,0.8406302967327388,2.8181697551027396,3.0,0.1770941392923367,0.1554547541107921,0.5054218021490782,185,1400,3,14.409416562572522,dumbbell,3,0,B,pca_denoise,0.18025445421446162,-0.007371310862895107
-0.10566044122350716,1.3163883758212669,1.2323499425006177,-0.45825455621335376,0.22134085408900472,0.7096229777614029,-0.7921954651158222,3.0,0.2296991623743153,0.1819248063430864,0.4951727475609512,1222,1400,3,15.33757314504347,dumbbell,3,0,B,pca_denoise,-0.2801155407315652,-0.048590494910903205
0.7389216527986983,2.5706497401907416,0.48811847378153406,0.145725889276704,0.7500942411395005,0.8406302967327388,1.8326586779373857,3.0,0.2182640055800911,0.1601832215038552,0.4968452088225684,190,1400,3,16.176736933411025,dumbbell,3,0,B,pca_denoise,-0.13087655022253153,-0.2567927531668845
2.569923625698755,1.5687520307766891,-0.7019462443394763,-0.119942384625331,1.14773489904433,0.8406302967327388,2.9526199726090896,3.0,0.2112328086847654,0.1796442556924273,0.5404857871792208,975,1400,3,17.079064983670342,dumbbell,3,0,B,pca_denoise,-0.020869586091364578,-0.011031824678031578
0.17659429703409446,2.309652939409331,-0.40501813282254306,-0.15865846139715478,0.5738112985285556,0.7096229777614029,1.1218020369762778,3.0,0.2241083541405484,0.1689693991057696,0.4917197287245464,1375,1400,3,17.851715608550524,dumbbell,3,0,B,pca_denoise,-0.13867058548740813,-0.5410332746402825
0.8205676496842379,2.2837134303113116,0.6417976892110214,-0.05721485256718505,0.41051084740320837,0.8406302967327388,0.6571235371660026,3.0,0.2230309556777035,0.1503421960322911,0.4804739409540282,327,1400,3,18.427504263358863,dumbbell,3,0,B,pca_denoise,-0.4444555286707199,-0.4842991669858918
-0.2736575466444193,2.727723921364895,-0.3033942263544339,0.014746272075910302,0.8411142064403092,0.8406302967327388,1.06015061298024,3.0,0.2053782786282325,0.1759386176979128,0.5050207395263955,281,1400,3,18.86173140901876,dumbbell,3,0,B,pca_denoise,-0.15219078643468903,-0.34116443276376
0.9959860346508059,1.915427173702844,-0.33349673770181465,0.1658199021607074,0.9785947445836163,0.8406302967327388,1.3931960890237873,3.0,0.2060603465297671,0.1761495524322734,0.5363160411722376,1261,1400,3,19.292051405337936,dumbbell,3,0,B,pca_denoise,0.11814947601520354,0.019894515806975367
0.6219390844379191,1.6819677385998282,-0.8456852019282038,0.1330035855596869,1.0073147848049897,0.8406302967327388,2.3130253980362094,3.0,0.2023824357052743,0.1802182970651725,0.5283248090915456,630,1400,3,19.5323352139822,dumbbell,3,0,B,pca_denoise,0.00549385312820283,-0.2645680362827444
1.6965612375195636,1.8398456998334431,-0.4427723316776579,-0.14874609065031352,0.4610982796740337,0.8406302967327388,2.3764390255164045,3.0,0.2168208029495919,0.1639295243880065,0.4999640650891327,356,1400,3,19.59838014117316,dumbbell,3,0,B,pca_denoise,-0.14056481094364515,-0.3306108473637476
-2.427777185800733,-3.637251768710682,-0.7582211621748212,-0.8303019094079775,-0.040862970958331184,-0.4694428929806203,-0.17740872726583085,3.0,0.2267816269797343,0.1614820714644577,0.4676847406135087,208,1400,3,-22.54806259822148,dumbbell,3,0,B,plain,-0.4760366012689009,-1.1653345790717118
-4.641975239535475,-5.0669422446961,-1.460473928951061,-0.8964826893650639,-0.4525079729916673,-1.1244794878372997,-0.9555823655335848,2.0,0.2626901491632272,0.1869934798013712,0.4571087567216278,362,1400,3,-19.225024550522377,dumbbell,3,0,B,plain,-0.4922724511265193,-1.2477641955350283
0.5979026440924302,-0.3249243165685419,-0.26997994483317034,-0.717187666421196,-0.18601694800167284,0.44760833981873105,0.14128246558289415,3.0,0.252573977811767,0.1971365460399771,0.4786298927634145,1088,1400,3,-11.762262800203482,dumbbell,3,0,B,plain,-0.477722306213881,-0.9547058505759076
0.18300728826970764,0.17234371496685927,-1.0514532162033283,-0.7856334443410504,-0.1821624129389523,0.7096229777614029,0.3505029531245858,3.0,0.2469583413347562,0.1880497245717893,0.4913054738819755,915,1400,3,-3.5550526795521264,dumbbell,3,0,B,plain,-0.40057832028078566,-1.1101747476459418
-1.864164592994591,0.16429562887928983,0.22630303578882388,-0.854778087641337,-0.47536413154614615,-0.07642093606661257,0.1554062916445068,3.0,0.2403584034772072,0.1871972612855462,0.4766695052366393,361,1400,3,2.5102588071524714,dumbbell,3,0,B,plain,-0.49261983742735327,-1.006295187265436
-0.27674414815934406,1.1883829218136817,-0.21168257710216204,0.10130832724842713,0.22841492487595208,0.8406302967327388,3.0228048048403102,3.0,0.2288922474861633,0.1671758547103611,0.4991069705343639,405,1400,3,6.159382675542515,dumbbell,3,0,B,plain,-0.2984748277867099,-0.5746451576409125
-1.2610897496409046,1.1993264497980292,-0.3569497555746574,0.25875296596378294,0.7171213596571129,0.8406302967327388,3.1400575131532165,3.0,0.2104636068132342,0.1656341226842947,0.5179347118712417,919,1400,3,6.605360713324066,dumbbell,3,0,B,plain,-0.23690158040000314,-0.47129860228983056
-1.4357134154679823,-0.465644600135141,-0.7555849807047353,-0.6170660683006131,-0.07999878189227232,0.5786156587900669,0.359373221742294,3.0,0.2340617961335857,0.1689012796824627,0.4732904240973141,1107,1400,3,7.3857094587224115,dumbbell,3,0,B,plain,-0.4739089459931821,-1.1937346764685393
0.5090132059019635,0.5495290631270602,0.3849999635923199,0.12344253227560092,0.11210696988667096,0.8406302967327388,2.915375599456887,3.0,0.2398086173472911,0.1722724160000937,0.4816880638246955,661,1400,3,8.355744883799076,dumbbell,3,0,B,plain,-0.47827594945960933,-0.7462647132925749
0.23546664016931151,1.8525136538717994,0.00478161508401845,0.22884300674426242,0.9221421581021343,0.8406302967327388,2.5414122946218414,3.0,0.2099616147772207,0.1764501235219032,0.5303048123718214,397,1400,3,9.17866914521766,dumbbell,3,0,B,plain,-0.017778726119310362,0.12321331916863791
0.5369588350700607,2.376470043191672,0.534643590087709,-0.010281379656868291,0.40083315207406023,0.8406302967327388,2.6770997259228038,3.0,0.2268884474346122,0.1861725078629373,0.4873323745272834,460,1400,3,10.291751725325792,dumbbell,3,0,B,plain,-0.13573083972865346,-0.33210530804142474
0.9897859505851792,2.684436133213137,0.25734271156102,0.0740846966481037,0.7181253966873163,0.8406302967327388,2.832633327592736,3.0,0.2222521508150289,0.1939839306672345,0.5092177831746878,964,1400,3,11.41168825762969,dumbbell,3,0,B,plain,-0.18958472199700294,0.09196739741719615
0.25812379300247834,2.5332077396028545,-0.0926090169002661,0.06062223067256994,0.8403074136936057,0.8406302967327388,1.8045754095317024,3.0,0.2122720229822073,0.173304932257065,0.5146551058900615,319,1400,3,12.373259461365768,dumbbell,3,0,B,plain,-0.02255282342538517,-0.237751846602024
1.5073701000453261,3.289853341908514,0.12707382031696926,0.1667811229054591,1.1820541318295759,0.8406302967327388,0.6595483853981136,3.0,0.2265295273485941,0.1812533640117898,0.5292525956259435,1323,1400,3,13.292811739534624,dumbbell,3,0,B,plain,-0.05950755659664975,0.20956586410782366
1.1693845617558165,2.757527262178494,-0.7493194620989755,0.24611532746460532,1.6179334573143624,0.8406302967327388,2.224163792808444,3.0,0.1769207260255481,0.1631055557726886,0.5286112231565165,185,1400,3,14.409416562572522,dumbbell,3,0,B,plain,0.07561213424982549,0.14357326957317643
0.038469382228948336,1.5097711174469188,0.14983278272496597,-0.5894917108654857,0.16775530870897848,0.7096229777614029,1.7966382832441368,3.0,0.2346859557039562,0.1915119804002014,0.5091284179819431,1222,1400,3,15.33757314504347,dumbbell,3,0,B,plain,-0.3177942282518116,-0.18184703129776064
0.6953671715518148,2.8492316945633145,0.40330836240027085,0.0667184369290191,0.8409704089949189,0.8406302967327388,2.0424361784697287,3.0,0.2230893466308638,0.1738112094692918,0.5135732549228433,190,1400,3,16.176736933411025,dumbbell,3,0,B,plain,-0.13284486759633557,-0.1529435649499233
1.6910643708649291,0.5053049907902377,-0.21784482095367452,-0.15707977281537353,1.3438198951749163,0.8406302967327388,1.097680535140558,3.0,0.2126719196731481,0.1904684404489735,0.5563742916241436,975,1400,3,17.079064983670342,dumbbell,3,0,B,plain,0.21549857259969463,0.10723790523196614
1.1237418896310452,2.5897308817771765,-1.7502968909689463,-0.2994493289631217,0.45644204203966776,0.7096229777614029,-0.3689229579819311,3.0,0.2363554823651571,0.1792889306463387,0.4999973657548456,1375,1400,3,17.851715608550524,dumbbell,3,0,B,plain,-0.3056432658960063,-0.5411508580125085
1.338734511836314,2.8981546947883996,0.2789682852286085,-0.1470995588106915,0.41451681517390637,0.7096229777614029,0.5484633130894265,3.0,0.2280785317137874,0.1547325743550414,0.500394189715694,327,1400,3,18.427504263358863,dumbbell,3,0,B,plain,-0.22085440473998125,-0.18436342271792028
0.46755273784518736,3.0560873492606526,0.24041018929066865,-0.049920508957811645,1.0239443867196916,0.7096229777614029,1.8358093650408192,3.0,0.2131807094619541,0.1848947011175915,0.5331084459241046,281,1400,3,18.86173140901876,dumbbell,3,0,B,plain,0.03549179108092715,0.23245736306374698
1.0518491136181047,2.8851123659257185,-0.7120425905641297,0.09541469519396818,1.0895376550616958,0.8406302967327388,2.1059195134228776,3.0,0.2101702466902857,0.1831820795695693,0.5606721572385919,1261,1400,3,19.292051405337936,dumbbell,3,0,B,plain,-0.03657732961752935,0.028432091033474785
1.4754623649379257,2.4941920983708803,-0.4942230023741413,0.03457550627004642,1.1107153283907798,0.8406302967327388,0.7819521247559724,3.0,0.2040506557693571,0.1929441087313435,0.5484525945323434,630,1400,3,19.5323352139822,dumbbell,3,0,B,plain,-0.011604038239328152,0.09019879272548902
1.5890014773485006,2.1617634104620005,-0.19702590524763183,-0.2818953308810175,0.43812886472451046,0.7096229777614029,1.5735290373490758,3.0,0.2216203658821074,0.1779757536468464,0.5086613827971956,356,1400,3,19.59838014117316,dumbbell,3,0,B,plain,-0.1328757731373138,-0.1564094322919664
-1.0687998949845356,-0.7878654868164937,0.2819954893886088,-0.8672300769715344,0.8168857178275509,0.48849075258087143,-0.2506192001484212,3.0,0.2246843530189046,0.2239525472494327,0.5065238488976588,208,1400,3,-22.54806259822148,dumbbell,3,0,C05,diffdist_t4,-0.014781057540723341,-0.3565871655419045
-0.9933978246622535,-0.5896831283175028,-0.2388409629604929,-0.9776708384905883,1.088058959734344,-0.29309445154852287,-0.29762926462900763,3.0,0.2386020009713935,0.2678428411896989,0.552637713450428,362,1400,3,-19.225024550522377,dumbbell,3,0,C05,diffdist_t4,0.20252406693906588,-0.3451544440068514
-1.6583988530182274,-1.1542224366133615,-1.7602349224377962,-1.118093539590544,0.8003267021089983,-0.9444154549896847,0.43754687760118816,4.0,0.262324217851797,0.2846691431723653,0.550604738861545,1088,1400,3,-11.762262800203482,dumbbell,3,0,C05,diffdist_t4,-0.081806801734988,-0.4899944900299824
-1.3658880528565287,-0.9246402804814056,-0.8032475252308812,-1.1064718776902245,0.40954984308170006,-0.9444154549896847,0.5948247957428117,3.0,0.269783765704093,0.266290828178918,0.536730034878914,915,1400,3,-3.5550526795521264,dumbbell,3,0,C05,diffdist_t4,-0.17942976882874756,-0.5724135962859946
-1.6503627644818433,-0.9878820787825274,-0.5897654493021922,-0.8636233473898092,0.6166160384209537,0.48849075258087143,0.4145824453931987,4.0,0.2651127592085681,0.3090965591641736,0.4875689978877336,361,1400,3,2.5102588071524714,dumbbell,3,0,C05,diffdist_t4,-0.20393101557696774,-1.1258534353243734
0.5388689836543872,0.4342079743517057,-0.7719764298914009,-0.6951363471131471,0.5787732244079078,0.8792833546455686,1.6889331304588044,3.0,0.2546855195001584,0.3105319716254643,0.5631505550865263,405,1400,3,6.159382675542515,dumbbell,3,0,C05,diffdist_t4,-0.12354941853584023,-0.03418898519779154
-0.10383013980859379,0.17335547928132514,0.2621400538532318,-0.5217920441161987,1.1900141242917768,0.8792833546455686,2.1603794136275454,3.0,0.221360695942763,0.2234318512100573,0.5505729028342103,919,1400,3,6.605360713324066,dumbbell,3,0,C05,diffdist_t4,0.1771430730786654,0.14862748764769534
-1.0169817396189877,-0.2160192132976281,0.3512931854874478,-0.6172673165925738,1.0463548505761646,0.7490191539573362,0.7960759850029352,4.0,0.2334176630802659,0.2405396717658627,0.5252926898103483,1107,1400,3,7.3857094587224115,dumbbell,3,0,C05,diffdist_t4,0.10666811252569708,-0.20104014695552472
0.13958788136450115,0.17640290005276987,0.6480456396185225,-0.5363931239787938,0.4299606067870601,0.8792833546455686,2.205648598585188,3.0,0.2672182588621987,0.2432753352460495,0.5043423303926285,661,1400,3,8.355744883799076,dumbbell,3,0,C05,diffdist_t4,-0.13547456786795464,-0.1242304783656331
-0.07235764602237509,-0.018137814863222617,-0.5113961766138678,-0.6714759367245549,0.8389152552668322,0.8792833546455686,1.0758107779089405,3.0,0.2407116402605677,0.2655979506215696,0.5169251361449771,397,1400,3,9.17866914521766,dumbbell,3,0,C05,diffdist_t4,0.1286803523159208,-0.6551456997496755
-0.7004663571004784,-0.3531297399355338,0.014209000165225435,-0.5722845574686026,0.8080344412640914,0.8792833546455686,0.8790437734688197,4.0,0.2529664841685392,0.2615890284441361,0.5476467519136702,460,1400,3,10.291751725325792,dumbbell,3,0,C05,diffdist_t4,-0.055945266017347506,-0.13531370408414164
-0.9729497605340489,-0.7299115565663046,0.9568838384880921,-0.6094519364715175,1.05118465189369,0.8792833546455686,1.0377276896567829,4.0,0.2239851472016882,0.2121875098475436,0.5568114307149163,964,1400,3,11.41168825762969,dumbbell,3,0,C05,diffdist_t4,0.15191196416369102,0.07434029850148868
-0.08712662894413425,0.06934112208548494,0.3793954139957166,-0.6950573785411169,1.2551299872557506,0.7490191539573362,0.10357503785200159,3.0,0.2194312372753785,0.2606890070220835,0.5413196298403878,319,1400,3,12.373259461365768,dumbbell,3,0,C05,diffdist_t4,0.25540307291611264,-0.035416454440466046
-1.2346953105734517,-0.3921177050527109,-0.11091796786473487,-0.5208485589972871,1.4969595076502693,0.8792833546455686,2.2112643162178465,4.0,0.2304568956487163,0.2120012215407425,0.5490816106273962,1323,1400,3,13.292811739534624,dumbbell,3,0,C05,diffdist_t4,-0.0033236329093490613,-0.11453827886943974
-3.0236720086842515,-1.9198588169969601,-0.043380494692902956,-0.2522723231920138,1.7748507666323725,0.8792833546455686,2.060093055033093,4.0,0.2134870338265279,0.1913449583266502,0.553738795670769,185,1400,3,14.409416562572522,dumbbell,3,0,C05,diffdist_t4,0.2171622065802522,0.2335967800336479
-1.164620386604824,-0.7121180292729767,-0.41028386937031797,-0.4047353293126397,1.5267434592409037,0.8792833546455686,0.9167738618894504,4.0,0.222644976119687,0.239230430543022,0.5540393988453877,1222,1400,3,15.33757314504347,dumbbell,3,0,C05,diffdist_t4,0.34131818705415684,-0.08423892642354736
-0.8723482358830723,-0.42395958596869965,1.00459599562908,-0.5927016386096042,0.9730146411121307,0.8792833546455686,2.100903346124215,4.0,0.2371783900909786,0.2100392700280828,0.5393449657135657,190,1400,3,16.176736933411025,dumbbell,3,0,C05,diffdist_t4,-0.013051571644649484,0.0016938888238560196
-0.7016494533822161,-0.5591235670611865,0.5507513017106933,-0.9437403962282905,1.1461979715528392,0.48849075258087143,0.014477522449830242,3.0,0.2324946682804457,0.2873760419611498,0.5500738953250797,975,1400,3,17.079064983670342,dumbbell,3,0,C05,diffdist_t4,0.18657946621393529,0.2076813966776493
-1.2490374507272324,-0.5471541277784069,0.4780765491799858,-0.7533370692739775,0.7011741589178957,0.48849075258087143,0.35291354295044064,4.0,0.2640125287608011,0.2477656639040423,0.5378527870706001,1375,1400,3,17.851715608550524,dumbbell,3,0,C05,diffdist_t4,0.08130784064076624,-0.26543028193324014
-0.43104590787469393,-0.14950530905016035,0.7761556706009989,-0.775920940066421,0.774960963232507,0.7490191539573362,0.4306610932186584,3.0,0.2722906510776858,0.2631780900006533,0.5330351389322798,327,1400,3,18.427504263358863,dumbbell,3,0,C05,diffdist_t4,-0.18221329084003585,-0.07700555006567955
-2.8106753755970124,-1.4330675024603372,0.6732598737356719,-0.3999008255067717,1.7426736606880513,0.8792833546455686,1.5475287762612624,4.0,0.2053185474685155,0.2065926328575091,0.5886992691435947,281,1400,3,18.86173140901876,dumbbell,3,0,C05,diffdist_t4,0.0816843791190246,0.11706809624950483
-0.794378078417971,-0.7023442312952409,-0.28651193218024223,-0.7181326764690332,0.2125633253438357,0.8792833546455686,0.727068330716576,4.0,0.2816124471609302,0.2499189321980107,0.4737279464175863,1261,1400,3,19.292051405337936,dumbbell,3,0,C05,diffdist_t4,-0.46698118936340605,-1.0860495403569173
0.2667624483966628,0.17678138030390983,0.13015371625212843,-0.8132464006405368,0.11172093512905251,0.8792833546455686,0.8090910720966731,3.0,0.2648575305633165,0.2649364339927867,0.5043139899911383,630,1400,3,19.5323352139822,dumbbell,3,0,C05,diffdist_t4,-0.2802808758643486,-0.5203856119231998
-0.683628180733865,-0.649462473001366,-0.4497199436041747,-0.49375285833128124,1.7631798959766702,0.8792833546455686,1.4168556715508223,4.0,0.2170258800842225,0.219114205762085,0.5702742301571949,356,1400,3,19.59838014117316,dumbbell,3,0,C05,diffdist_t4,0.36959345186246584,0.3179855899150503
-5.614828187790437,-8.865757709091648,0.41268913108500616,-0.7124701534818048,1.8267666067358843,0.7920333913839979,0.6482968148120476,4.0,0.1979011802061726,0.2182646588224343,0.4962354742762371,208,1400,3,-22.54806259822148,dumbbell,3,0,C05,diffdist_t8,0.2913871806056386,-0.28522227264278094
-2.6602825066514226,-3.4712023694779677,-0.2506945911767964,-0.8708344121123247,2.5874648980937853,-0.24954476714838292,0.6165465354160687,4.0,0.1996008238737652,0.2650034755654689,0.5475964367955608,362,1400,3,-19.225024550522377,dumbbell,3,0,C05,diffdist_t8,0.4314070442442969,-0.029182186775120713
-6.191990537466393,-8.539264414486032,-0.818453504752477,-1.0573521517785343,2.8263612995104483,-0.37974203696493053,-0.20515011752094928,4.0,0.2199742061213185,0.2616896482794826,0.5567217023610034,1088,1400,3,-11.762262800203482,dumbbell,3,0,C05,diffdist_t8,0.4456676165948832,-0.31141671606488125
-6.545161781523449,-5.8404352289068875,-0.7487751994027224,-1.0078101172696217,2.3626607001314763,-0.7703338464145734,0.4015492299330138,4.0,0.2257629400409923,0.2474409147601872,0.5517868900723132,915,1400,3,-3.5550526795521264,dumbbell,3,0,C05,diffdist_t8,0.43538056221109367,0.20386332854670827
-4.127068219140931,-4.525384090842761,-0.1542357659930004,-0.4975769563344701,0.9406994047691983,0.5316388517509026,1.2077063367058467,4.0,0.2290763659837995,0.2613910863503469,0.4441645657013136,361,1400,3,2.5102588071524714,dumbbell,3,0,C05,diffdist_t8,-0.24868505058359397,-0.8746108194871159
-0.9188590965163108,-1.4897995031687794,0.7972578865946706,-0.07831508824811864,-0.2952889328885844,0.7920333913839979,1.9007098789023567,4.0,0.2570980343923134,0.234790771523857,0.4591276763076445,405,1400,3,6.159382675542515,dumbbell,3,0,C05,diffdist_t8,-0.4790779904168649,-0.5948270959531081
-2.967509848088632,-2.4864446118152177,2.2131686447361574,0.17520608049145947,0.27562025191387873,0.7920333913839979,2.286895820930199,4.0,0.2131414807449037,0.1733286232195614,0.4211256280043849,919,1400,3,6.605360713324066,dumbbell,3,0,C05,diffdist_t8,-0.4557798413601522,-0.3736873953836832
-4.988799865521071,-2.5895652793904316,0.5799000724600746,-0.4379717573792409,1.8264937449124676,0.5316388517509026,1.715444978146975,4.0,0.2024507847774032,0.2465648552601363,0.4948412158815778,1107,1400,3,7.3857094587224115,dumbbell,3,0,C05,diffdist_t8,0.2727245893520668,-0.0602221681527138
-2.947760986162563,-2.2999373362372832,1.6932227580145285,0.1149916773513879,0.3302840057246801,0.7920333913839979,2.123671785087073,4.0,0.2325628733791619,0.18261503847972,0.4178733917932349,661,1400,3,8.355744883799076,dumbbell,3,0,C05,diffdist_t8,-0.4734329979383042,-0.40736806328276226
-0.5470692484342865,-0.7535101421885025,0.9319116689072406,-0.16709542431711003,0.008810999852961477,0.7920333913839979,1.253938960705849,3.0,0.2370332283473449,0.2252802708631522,0.4355572621624855,397,1400,3,9.17866914521766,dumbbell,3,0,C05,diffdist_t8,-0.4730389384800404,-0.4469825914925519
-3.1661978867572014,-2.3652271093032335,1.001830102180466,-0.06471098747245048,0.5010197847636425,0.7920333913839979,1.3716442299747493,4.0,0.2340344491772117,0.2050846927525696,0.4416944643863038,460,1400,3,10.291751725325792,dumbbell,3,0,C05,diffdist_t8,-0.4736574665811049,-0.6551701745835378
-3.316830565569082,-2.060013992200437,1.430351975060246,-0.1833194149410007,0.5845259472008643,0.7920333913839979,1.4767465025636135,4.0,0.2123029163004547,0.1785516550045565,0.4473172480673649,964,1400,3,11.41168825762969,dumbbell,3,0,C05,diffdist_t8,-0.46014561305215973,-0.5255157143375648
-1.3515970885860626,-2.032053484607345,0.9305893323534111,-0.33448284608258544,1.1894514708029555,0.6618361215674502,1.7930464942563937,4.0,0.2084446108690092,0.243782261935582,0.4839907160060207,319,1400,3,12.373259461365768,dumbbell,3,0,C05,diffdist_t8,-0.24585161369900943,-0.4163611786948379
-3.2088619535615304,-2.0794303319922327,1.0855235169736925,-0.07273817692385882,0.684999153930543,0.7920333913839979,1.6428268608068355,4.0,0.2219857004849613,0.1892312403779299,0.4391430159039202,1323,1400,3,13.292811739534624,dumbbell,3,0,C05,diffdist_t8,-0.4631241201372266,-0.5781749138108226
-7.93716303896748,-6.597440913753535,0.36993033446656154,0.18369742952908802,1.5965090889821323,0.7920333913839979,1.5919051839707106,4.0,0.1902065766610854,0.1418986054425387,0.4373090502169748,185,1400,3,14.409416562572522,dumbbell,3,0,C05,diffdist_t8,-0.26330297421212745,-0.6619730254017547
-3.0171797836893957,-4.679886717439656,1.1621806642015007,0.06899396356175871,1.143527128695271,0.7920333913839979,1.3891767046842272,4.0,0.2122014209042442,0.1827723871533588,0.4465737334496552,1222,1400,3,15.33757314504347,dumbbell,3,0,C05,diffdist_t8,-0.304574234559297,-0.43813300243772496
-3.2061546499788407,-1.8031350055992887,1.0583429306132843,-0.11599947916200634,0.4735221018698499,0.7920333913839979,1.6680028668961198,4.0,0.217952699530845,0.1765768785851049,0.4409322173093188,190,1400,3,16.176736933411025,dumbbell,3,0,C05,diffdist_t8,-0.46756893880113115,-0.5987507867355539
-4.82745728083768,-4.982435874707858,-0.275874324390687,-0.7606159414951945,2.5683841538390717,0.6618361215674502,0.679816312895699,4.0,0.1993528086503461,0.250190272991907,0.5273763914500423,975,1400,3,17.079064983670342,dumbbell,3,0,C05,diffdist_t8,0.41862138506866853,-0.006586858319778459
-4.28506248944916,-4.1861055461929295,0.8627845428201689,-0.5783952478497718,1.4668879728285233,0.40144158193435503,1.1878968586735263,4.0,0.2301495813894899,0.2392123491103625,0.5201212156473642,1375,1400,3,17.851715608550524,dumbbell,3,0,C05,diffdist_t8,0.30578512370042876,-0.31224869955523155
-2.203404407611982,-4.767409331970485,0.930790738854974,-0.6372119452774879,1.8970722624909706,0.5316388517509026,0.7863441121373101,4.0,0.2295915368062496,0.2571141505116285,0.5412067406769724,327,1400,3,18.427504263358863,dumbbell,3,0,C05,diffdist_t8,0.30891517946007097,0.34490627492528986
-5.65670648193778,-3.9798166366780507,1.3473694333174908,-0.09919542932821891,1.4682118096177317,0.7920333913839979,1.3961916500962468,4.0,0.1925794379321184,0.1724576894321961,0.4776169454101157,281,1400,3,18.86173140901876,dumbbell,3,0,C05,diffdist_t8,-0.1991142655575454,-0.6615353877723065
-4.710678722402115,-6.363253111445154,0.6093914859408985,-0.3738719336148578,0.47350512960332153,0.7920333913839979,1.6981507427114901,4.0,0.2446671828362717,0.1961155992315577,0.4379924965789404,1261,1400,3,19.292051405337936,dumbbell,3,0,C05,diffdist_t8,-0.44874057946022333,-0.7666338577430792
-2.5505925287842186,-2.746173114962327,0.9286330655548782,-0.503287732391329,0.5057576582429689,0.7920333913839979,1.7606683588072687,4.0,0.2351291282231506,0.2466165216065044,0.4494823440054621,630,1400,3,19.5323352139822,dumbbell,3,0,C05,diffdist_t8,-0.45737135543228885,-0.6331956755381762
-1.4714835306097171,-1.6578788197986043,0.34053157091020003,-0.18130150865040331,1.6267053622539265,0.7920333913839979,2.195023677192447,4.0,0.2099470764977099,0.2115206927056317,0.4843937383628506,356,1400,3,19.59838014117316,dumbbell,3,0,C05,diffdist_t8,-0.34938883008645394,-0.3829657729687091
0.4180402196038491,0.7180475033602376,-1.2460540474811268,-1.7700875111609884,1.983489752793484,-1.1952285979058224,1.7615691321230211,3.0,0.2184842671950478,0.1797505657754395,0.5457424569556955,208,1400,3,-22.54806259822148,dumbbell,3,0,C05,fb_potential,0.22550173465662904,-0.06409708160324543
-0.42404663390879194,-0.3868653558790487,-2.1738442094843817,-1.5489632078642366,2.1104021754153623,0.0,0.055321957206000714,3.0,0.2061887777342386,0.149291075992981,0.5110511696720742,362,1400,3,-19.225024550522377,dumbbell,3,0,C05,fb_potential,0.19016736040844606,-0.5558795745281312
1.2673415463636704,2.07750613707828,-1.7839164502866203,-1.0816965397618197,3.0493056029687695,0.5976142989529112,2.059295670532155,2.0,0.1935915745369679,0.1415835563221733,0.5335377068962435,1088,1400,3,-11.762262800203482,dumbbell,3,0,C05,fb_potential,0.22734820889366347,-0.0584794660243646
1.1575805021232148,0.17593120044421562,-0.23993135621575268,-1.7736420557689994,0.7533929118707333,0.0,1.1787458705326945,3.0,0.2321307844090445,0.1685282564469029,0.4919081090727452,915,1400,3,-3.5550526795521264,dumbbell,3,0,C05,fb_potential,-0.034010092757090715,-0.8702754018887983
1.2961509033205423,1.3095251513115538,-0.413726008832223,-1.9012606720330205,-0.9641154046059811,0.0,2.0371275847309223,3.0,0.2594451678531532,0.1658710508076792,0.4433592079027835,361,1400,3,2.5102588071524714,dumbbell,3,0,C05,fb_potential,-0.4829346781009393,-1.6789493420456356
-0.11878270415169244,-0.07180391001399886,-1.2654436296763059,-2.3810388436002987,-1.5102180261943117,-5.3785286905762,2.069310696670059,3.0,0.261707659040626,0.1933739802164483,0.4828626884687908,405,1400,3,6.159382675542515,dumbbell,3,0,C05,fb_potential,-0.4945708120405684,-2.3605670676609267
0.5652635618667639,0.16794581776900386,-1.269062936998424,-1.1235615437830673,3.6531699166126974,0.5976142989529112,2.1721997468239493,3.0,0.2132342827519979,0.1605188819963697,0.5584653670806395,919,1400,3,6.605360713324066,dumbbell,3,0,C05,fb_potential,0.27476094440966436,-0.15512135967727703
0.32119474565639394,0.6871313477263283,-3.023905610990707,-1.7212349486489524,0.6829964547912412,0.5976142989529112,1.9401083664002772,3.0,0.220061224491544,0.1529042235957259,0.4725726819771921,1107,1400,3,7.3857094587224115,dumbbell,3,0,C05,fb_potential,-0.4231203846850054,-1.405354089758416
0.6685049309246657,1.2993017388964423,-0.5584478591195275,-1.227088438302082,0.928775714031276,0.5976142989529112,0.4924938273934995,3.0,0.2409739531869747,0.1662398417306964,0.473442937457973,661,1400,3,8.355744883799076,dumbbell,3,0,C05,fb_potential,-0.43875219765814377,-1.2724077548865316
0.6254636695156951,1.6603138035540335,0.17128162293370439,-0.8942116466231715,4.375200749119945,0.5976142989529112,-1.706388589923363,3.0,0.2115040240398594,0.1747306632533172,0.5558624261224319,397,1400,3,9.17866914521766,dumbbell,3,0,C05,fb_potential,0.17309646085230557,0.18431667014040978
-0.13605341513511396,1.5125092840274985,-0.7373001547927255,-1.7701307271463864,-0.0720848575652289,0.0,0.7586211686132264,3.0,0.237714813742032,0.1607775510627715,0.4416972428837335,460,1400,3,10.291751725325792,dumbbell,3,0,C05,fb_potential,-0.48483385558764347,-1.3744482725730878
0.23758475982544924,1.5868251485712224,-0.6734782192274626,-1.2773650303155561,2.730338297442175,0.5976142989529112,3.3408366348763687,3.0,0.1989199597603963,0.1469861883758161,0.5201399044163346,964,1400,3,11.41168825762969,dumbbell,3,0,C05,fb_potential,0.05433978763527947,-0.20603642855895943
0.5848224206282846,0.9133958417456002,-0.617358527673556,-1.67834479354824,1.8324147539943652,0.5976142989529112,1.98205832915098,3.0,0.2235290440743979,0.1751992676271523,0.5052679656602174,319,1400,3,12.373259461365768,dumbbell,3,0,C05,fb_potential,-0.046980604091318046,-0.4814985235948651
0.06653199721781619,0.2507679918050025,-1.4342950895255457,-1.1984932068834462,3.9057716262385593,0.5976142989529112,1.5602830052043468,3.0,0.2095168416529829,0.1691639528868012,0.5334223452187411,1323,1400,3,13.292811739534624,dumbbell,3,0,C05,fb_potential,0.33061889481639306,-0.13504321690595633
0.9282127867076295,1.2575161640777703,-2.910101212684743,-1.2450211518363745,2.7454935609293294,0.5976142989529112,0.19867953316396805,3.0,0.2342764982968055,0.164957387006805,0.5304484900114053,185,1400,3,14.409416562572522,dumbbell,3,0,C05,fb_potential,0.02529544429585273,-0.1622858952332143
0.7738451176264174,-0.06962798513468475,-1.2862452738476513,-1.6969359108494373,1.2642795549301398,0.5976142989529112,0.5481572028379731,3.0,0.2260989994919389,0.1628884454419339,0.4978776777598426,1222,1400,3,15.33757314504347,dumbbell,3,0,C05,fb_potential,0.12999028269421453,-1.1306324316594203
0.7261450918297192,1.6034716730243288,-0.10948055967265788,-1.3621384016590459,2.272717758270222,0.5976142989529112,1.871043437789139,3.0,0.220208587158476,0.1572515112013736,0.5044616839403313,190,1400,3,16.176736933411025,dumbbell,3,0,C05,fb_potential,0.07130586076029377,-0.2956837497570305
0.30402266334221417,1.3112441388309424,-0.18337043888874635,-1.5561798375098523,3.9655503625189166,0.0,1.23490493764019,2.0,0.2184034871207031,0.1897225442493134,0.5392056862193794,975,1400,3,17.079064983670342,dumbbell,3,0,C05,fb_potential,0.1674093455513399,0.1930995379529742
-0.15234145282279435,1.7808157880688698,-2.324220338905631,-1.4602674905064899,1.8314175273296438,0.5976142989529112,0.5552123465491612,3.0,0.2100386777190876,0.1454854591524261,0.4912649553060616,1375,1400,3,17.851715608550524,dumbbell,3,0,C05,fb_potential,-0.08660459791372699,-0.7839092148284671
0.7911079223169895,1.9899781828421625,0.5177008581187432,-1.3087880704129808,2.1228529860059586,0.5976142989529112,1.3592293332859164,3.0,0.2289603068081258,0.1674871074613761,0.5254372434679051,327,1400,3,18.427504263358863,dumbbell,3,0,C05,fb_potential,0.0018643134513580684,0.29170036074803796
-0.2619578005465228,-1.0898427827204562,-2.4212272381261175,-1.642272319116651,1.637823236272591,0.5976142989529112,1.0856563074122572,3.0,0.2171555375574275,0.1582296111002797,0.5087984662188084,281,1400,3,18.86173140901876,dumbbell,3,0,C05,fb_potential,0.14271642912566695,-0.7634875086598645
-0.9046195792545159,0.8299120070849274,0.7725038663151961,-1.4528745378624632,1.7892048257938735,0.5976142989529112,1.619252037857087,4.0,0.2344144353123696,0.1831281440450392,0.5214721973712444,1261,1400,3,19.292051405337936,dumbbell,3,0,C05,fb_potential,-0.12165873128126531,-0.022803339419380196
0.6595001783037595,0.7152328431322929,0.6737033357953675,-1.8226133205415358,0.38506450007582055,0.5976142989529112,1.6461733698892866,3.0,0.251011467582692,0.1974260569982664,0.5075118847078786,630,1400,3,19.5323352139822,dumbbell,3,0,C05,fb_potential,-0.20155109938651078,-0.1580682042941431
-0.7134528660146657,0.42333908608826987,-3.3438328495110254,-1.4359608438283988,3.127334555394752,0.5976142989529112,0.4966580849113695,2.0,0.1964672966675154,0.1373483255396776,0.5324935355957279,356,1400,3,19.59838014117316,dumbbell,3,0,C05,fb_potential,0.3107788630456194,-0.128840565152332
-1.0670866314802328,-4.603971025366275,-2.557630526989526,-0.6073574279956491,2.6621538785639074,0.28867511859481376,1.5134047959276111,4.0,2.619945457108108e-06,0.7884732022452916,0.845251553650148,208,1400,3,-22.54806259822148,dumbbell,3,0,C05,heatgeo_4t,0.4979329805361221,1.8697102246611301
-1.383615815434752,-0.5206806341875974,-2.525563132435615,-0.6433502074548146,2.6127372401039834,0.28867511859481376,1.6479110980744804,4.0,2.758927635243133e-06,0.7878889551759547,0.84810822994576,362,1400,3,-19.225024550522377,dumbbell,3,0,C05,heatgeo_4t,0.49601141394947923,1.5813868001216365
0.1706655315962586,-0.6764963244204322,-2.831884006844482,-0.8440513175267432,3.0110392391075496,0.28867511859481376,1.6920914356086116,4.0,1.674729134612492e-06,0.8010681219056175,0.8439809784521499,1088,1400,3,-11.762262800203482,dumbbell,3,0,C05,heatgeo_4t,0.49621957727305677,1.6734429270608144
-0.5264487685341961,-2.8786011294679845,-2.7525714636878953,-0.8560915411291428,2.8914108449360296,0.28867511859481376,1.2729005933375075,4.0,1.9891025769229696e-06,0.7985904663684953,0.8435778048277548,915,1400,3,-3.5550526795521264,dumbbell,3,0,C05,heatgeo_4t,0.4967169124747167,1.6728467511762695
-0.07278204365788819,-1.3799231952848512,-3.0153849559649544,-0.9349264806989009,3.3573069232526387,0.28867511859481376,1.5718081718531192,4.0,7.518529118433158e-07,0.8110931002149779,0.8452417067904641,361,1400,3,2.5102588071524714,dumbbell,3,0,C05,heatgeo_4t,0.49727287878871684,1.6772005651830837
1.6242496765412642,1.7446515430639227,-2.3691527216699764,0.38548315969942704,2.3925917077075702,0.28867511859481376,0.30768774513845987,3.0,3.3598157090294523e-06,0.784454544530723,0.8471671021683941,405,1400,3,6.159382675542515,dumbbell,3,0,C05,heatgeo_4t,0.4967438505848908,2.5400275549505063
0.8601237123208594,0.9341459860232911,-2.014455334692624,0.6872071815107468,1.918456775677692,0.28867511859481376,1.0444119413751969,3.0,4.706368910668417e-06,0.772768546638538,0.8528739097564569,919,1400,3,6.605360713324066,dumbbell,3,0,C05,heatgeo_4t,0.4934215458315162,2.5091016874453316
1.0194032759325147,0.12981786034627438,-2.4065431721944552,-0.3285908649951469,2.5416799157087513,0.28867511859481376,1.991303644561101,3.0,2.9624493348726136e-06,0.7881586211233568,0.8445578387068631,1107,1400,3,7.3857094587224115,dumbbell,3,0,C05,heatgeo_4t,0.49506839466987074,2.2892920417071454
0.17062682742709168,-0.5691506272264195,-2.188036241784368,0.4818611467825941,2.2343699155906163,0.28867511859481376,1.1689570295834126,3.0,3.79678502088344e-06,0.7811753605831283,0.8458710737275665,661,1400,3,8.355744883799076,dumbbell,3,0,C05,heatgeo_4t,0.49621957727305677,2.461456797529146
1.7325328423524433,0.9094890208802843,-2.469815516141165,-0.3908882220538196,2.726039709074044,0.28867511859481376,1.1734341088144207,3.0,2.4468712035268283e-06,0.7916439820012691,0.8421409452009925,397,1400,3,9.17866914521766,dumbbell,3,0,C05,heatgeo_4t,0.4953880220184743,2.4737294026325567
1.138659192432072,0.09565019133566581,-2.163021190543822,0.20021032858790055,2.2853530968858005,0.28867511859481376,0.40581489029323187,3.0,3.656675605313107e-06,0.7810189083350993,0.8433536088956213,460,1400,3,10.291751725325792,dumbbell,3,0,C05,heatgeo_4t,0.4977482727570439,2.4777611466896587
-1.1734475357461314,-2.8182727005752466,-1.8945098345215359,0.05124269132961988,1.8515551135782151,0.28867511859481376,1.26318506277985,3.0,4.902552714665194e-06,0.7730380051688861,0.8541296730535058,964,1400,3,11.41168825762969,dumbbell,3,0,C05,heatgeo_4t,0.4950496096658732,2.3311331880982564
0.663365472864405,-0.5567042362969795,-2.238833940326537,-0.04667382471892674,2.2427532281342026,0.28867511859481376,2.019843400799853,3.0,3.784240667406895e-06,0.7796129450443956,0.8478856060985928,319,1400,3,12.373259461365768,dumbbell,3,0,C05,heatgeo_4t,0.49621957727305677,2.3291900073899243
0.6737827693564387,-1.160194376739325,-1.9233208217651014,0.20203557990236726,1.9827635232211187,0.28867511859481376,2.5049657541263506,3.0,4.531421473154275e-06,0.7750036298162603,0.8474223197060382,1323,1400,3,13.292811739534624,dumbbell,3,0,C05,heatgeo_4t,0.49621957727305677,2.3384686356231996
-1.0448035700613456,-2.9590829004185677,-2.0331128326894654,0.13541173302276796,2.256715671361976,0.28867511859481376,0.6648576425864876,3.0,3.75351673033348e-06,0.7760884005775461,0.8449369810732308,185,1400,3,14.409416562572522,dumbbell,3,0,C05,heatgeo_4t,0.4977462960368052,2.444000177529487
1.2231903553785899,-0.91445757162552,-2.1119662606474003,-0.020587310374752334,2.332559293117379,0.28867511859481376,1.4129235226040162,3.0,3.528977504353252e-06,0.7828312856535699,0.8469090249807009,1222,1400,3,15.33757314504347,dumbbell,3,0,C05,heatgeo_4t,0.49621957727305677,2.3391642020059056
-0.027740464743254326,-2.314274427171247,-1.9337139376249046,0.15393434007016668,1.9388766283618153,0.28867511859481376,1.1887927774708626,3.0,4.651504329261585e-06,0.7772275137443517,0.8502999164235308,190,1400,3,16.176736933411025,dumbbell,3,0,C05,heatgeo_4t,0.4967851803393385,2.4576579547696342
1.7689497044651084,1.1958113031215314,-2.3823799320504286,-0.5894870442486039,2.5184726225496368,0.28867511859481376,1.5248306547795483,3.0,3.0272045853536e-06,0.7830168099237039,0.8504762214078987,975,1400,3,17.079064983670342,dumbbell,3,0,C05,heatgeo_4t,0.4918549082391209,2.324093587215492
0.0680396566469158,-2.1424871203074196,-2.139895510599004,-0.161769409910229,2.262137433034482,0.28867511859481376,1.0024897264633255,3.0,3.722050806904692e-06,0.7805365306124424,0.8483152515077087,1375,1400,3,17.851715608550524,dumbbell,3,0,C05,heatgeo_4t,0.4979718941787705,2.45907244855515
1.105061679791592,-0.8967748765452543,-2.3303251248081733,-0.4157310335212543,2.4879023398262086,0.28867511859481376,1.51536862305524,3.0,3.089118262226838e-06,0.7864892949547686,0.845280845378049,327,1400,3,18.427504263358863,dumbbell,3,0,C05,heatgeo_4t,0.49621957727305677,2.2892920417071454
-2.132602892092702,-1.5026620156710702,-1.6879402354214046,0.2395433637641056,1.7194406087083713,0.28867511859481376,1.0875339898308856,3.0,5.288798718139175e-06,0.7669811721139539,0.8573581221853205,281,1400,3,18.86173140901876,dumbbell,3,0,C05,heatgeo_4t,0.4939879876556521,2.151277415802301
2.235164218531236,1.3076046167029083,-2.528976198123497,-0.8887886127070089,2.911808225531947,0.28867511859481376,1.5887543549310545,3.0,1.958002085452478e-06,0.7978887615031561,0.8517288260287856,1261,1400,3,19.292051405337936,dumbbell,3,0,C05,heatgeo_4t,0.4918549082391209,2.264238048088173
2.95962869506394,1.5468833300151168,-2.5195990648346633,-0.6573288683871997,2.7577907745049344,0.28867511859481376,1.2633157742334715,3.0,2.3649675685542093e-06,0.7935482215076691,0.8451489589375625,630,1400,3,19.5323352139822,dumbbell,3,0,C05,heatgeo_4t,0.4918549082391209,2.1896132061485956
1.3602366776586705,-0.6684550228485004,-2.0622793139154587,-0.0996293376822807,2.1792095013717714,0.28867511859481376,2.2336217897985415,3.0,3.962997616690905e-06,0.7776625381817431,0.8478249314100715,356,1400,3,19.59838014117316,dumbbell,3,0,C05,heatgeo_4t,0.49621957727305677,2.384692503925039
-0.9979775301492811,-4.4981119171461925,-2.7940029371965154,-0.6151352978382154,2.947039656429362,0.5524374512398212,1.571520765878294,4.0,1.2407446472775482e-06,0.80689465068279,0.8582140706458424,208,1400,3,-22.54806259822148,dumbbell,3,0,C05,heatgeo_t,0.4979329805361221,1.7075060187308817
-1.3143671999151487,-0.5018904519611989,-2.6988465843878946,-0.6568837797191519,2.790699014752134,0.5524374512398212,1.7149211955919172,4.0,1.45526450858717e-06,0.8063706834551373,0.8607953831330973,362,1400,3,-19.225024550522377,dumbbell,3,0,C05,heatgeo_t,0.49601141394947923,1.5813868001216365
0.2378605741120169,-0.645497252642361,-3.0803156650067254,-0.8555512809626683,3.2911672370005736,0.5524374512398212,1.7498142300263357,4.0,7.591104023000689e-07,0.8182337770175974,0.857057851207452,1088,1400,3,-11.762262800203482,dumbbell,3,0,C05,heatgeo_t,0.49621957727305677,1.6734429270608144
-0.4574402285395134,-2.799480136499736,-2.9918617794086644,-0.8684162979283925,3.1637033597042072,0.5524374512398212,1.2989144832164679,4.0,9.320848446535356e-07,0.8160003899394667,0.8566861446639148,915,1400,3,-3.5550526795521264,dumbbell,3,0,C05,heatgeo_t,0.49780248032833263,1.6728467511762695
-0.0031098299411518936,-1.3310332182762423,-3.304644438192899,-0.940764097598857,3.680863618762859,0.5524374512398212,2.302442516844092,4.0,2.3090648994394746e-07,0.827278712072741,0.8581804453886491,361,1400,3,2.5102588071524714,dumbbell,3,0,C05,heatgeo_t,0.49727287878871684,1.6772005651830837
1.6195134951859032,1.7040674921682202,-2.5579053732390116,0.3923753472301381,2.59354694489491,0.5524374512398212,0.28332764381235626,3.0,1.7342407074984103e-06,0.8032812535347219,0.8599553398299526,405,1400,3,6.159382675542515,dumbbell,3,0,C05,heatgeo_t,0.4967438505848908,2.5400275549505063
0.8508077846167592,0.8886232694740793,-2.2005001697530147,0.7023513575336782,2.130509995636755,0.5524374512398212,1.0576174832999763,3.0,2.407308810008512e-06,0.7927850498798192,0.8651363541806671,919,1400,3,6.605360713324066,dumbbell,3,0,C05,heatgeo_t,0.49509991056437475,2.5091016874453316
1.0260180379824804,0.11694720812929078,-2.5944247814622954,-0.3350573534957791,2.7527586522534753,0.5524374512398212,1.8239760726152918,3.0,1.5122006643624289e-06,0.80661174576215,0.8575668145385493,1107,1400,3,7.3857094587224115,dumbbell,3,0,C05,heatgeo_t,0.49506839466987074,2.2892920417071454
0.18377312260528017,-0.597249160672195,-2.385537370344985,0.5073495614509693,2.4559456515828506,0.5524374512398212,1.1699486244756299,3.0,1.9287914799963667e-06,0.8003351004310519,0.8587750388443232,661,1400,3,8.355744883799076,dumbbell,3,0,C05,heatgeo_t,0.49621957727305677,2.461456797529146
1.7332152398024419,0.8758996041264796,-2.680326025354001,-0.395689652951539,2.9861659236483424,0.5524374512398212,1.1973340605691776,3.0,1.1876080797499569e-06,0.8097518347911171,0.8553760438911455,397,1400,3,9.17866914521766,dumbbell,3,0,C05,heatgeo_t,0.4953880220184743,2.351558449967993
1.1229479778906584,0.05967520691812046,-2.339219704224882,0.1968031387316411,2.4852729415092605,0.5524374512398212,0.3647372367833114,3.0,1.884772389185664e-06,0.8001952027705215,0.8565048608207435,460,1400,3,10.291751725325792,dumbbell,3,0,C05,heatgeo_t,0.4977482727570439,2.4777611466896587
-1.1519563477032693,-2.793597672677828,-2.0604747679416375,0.04332275577702512,2.037124682160027,0.5524374512398212,1.2908271981096966,3.0,2.538776706361855e-06,0.793030577614377,0.8662791023661024,964,1400,3,11.41168825762969,dumbbell,3,0,C05,heatgeo_t,0.4967169124747167,2.3311331880982564
0.6647609065885797,-0.5744570153524016,-2.413772851800038,-0.04643456006479343,2.4355363900476124,0.5524374512398212,1.689673058535556,3.0,1.962693259217792e-06,0.7989292890336228,0.8606094625665944,319,1400,3,12.373259461365768,dumbbell,3,0,C05,heatgeo_t,0.49621957727305677,2.3291900073899243
0.6560960222090052,-1.172437091299022,-2.0712063918760593,0.20760543565867318,2.12444598029452,0.5524374512398212,2.6167029562388606,3.0,2.412278647782809e-06,0.7947964022566985,0.8601835366335697,1323,1400,3,13.292811739534624,dumbbell,3,0,C05,heatgeo_t,0.49621957727305677,2.3384686356231996
-1.0277656357514304,-2.9441404474440085,-2.1763427973818166,0.14140722617209628,2.4032843871100873,0.5524374512398212,0.6372738002043624,3.0,2.006548160442577e-06,0.7957672275645166,0.8579291763958582,185,1400,3,14.409416562572522,dumbbell,3,0,C05,heatgeo_t,0.4977462960368052,2.444000177529487
1.1943729076173075,-0.9403157218304528,-2.270564572507196,-0.024448028327450366,2.5143540262888013,0.5524374512398212,0.7677995460688684,3.0,1.8455317159864636e-06,0.8018278649600313,0.8597096760809738,1222,1400,3,15.33757314504347,dumbbell,3,0,C05,heatgeo_t,0.4970215591721505,2.4613351546704694
-0.032739711146520835,-2.306289426076896,-2.0864198458014567,0.1550286592324114,2.0928844222250946,0.5524374512398212,1.2106342596347877,3.0,2.4536733473489186e-06,0.7967908527920884,0.8628018773138535,190,1400,3,16.176736933411025,dumbbell,3,0,C05,heatgeo_t,0.4977557529852906,2.3354870021050704
1.7524531482452692,1.2227491271689965,-2.543943968776658,-0.6105981871986483,2.7044543973666624,0.5524374512398212,1.6543588519494319,3.0,1.5838769976941588e-06,0.8019891117560926,0.8629389535533007,975,1400,3,17.079064983670342,dumbbell,3,0,C05,heatgeo_t,0.4918549082391209,2.324093587215492
0.0816089119557374,-2.119253429600144,-2.3169558927263783,-0.16520362941846936,2.4689429930571083,0.5524374512398212,1.0478077415989446,3.0,1.911707065144034e-06,0.7997651274720194,0.860990899121789,1375,1400,3,17.851715608550524,dumbbell,3,0,C05,heatgeo_t,0.4977557529852906,2.472149919547937
1.1014824563431822,-0.8903390228790411,-2.548424088093279,-0.4293409702996232,2.7683440106204045,0.5524374512398212,1.5222558448894792,3.0,1.491345896233782e-06,0.8051125046748753,0.8582466084870648,327,1400,3,18.427504263358863,dumbbell,3,0,C05,heatgeo_t,0.49621957727305677,2.2618271789546447
-2.089898633676378,-1.4985338563969623,-1.8354240233669503,0.24275794612791948,1.8864046874064877,0.5524374512398212,1.4057892885399783,3.0,2.760766506328332e-06,0.7875971008674929,0.8692123542794066,281,1400,3,18.86173140901876,dumbbell,3,0,C05,heatgeo_t,0.4939879876556521,2.3311331880982564
2.1996480640491347,1.2520082088268114,-2.6955757168179213,-0.9022177301744199,3.116838620754473,0.5524374512398212,1.4842843950179265,3.0,1.0102856282478766e-06,0.8153700064734587,0.8640899793817599,1261,1400,3,19.292051405337936,dumbbell,3,0,C05,heatgeo_t,0.4918549082391209,2.264238048088173
2.936081574511745,1.512083227092148,-2.682925124742774,-0.6723250799053815,2.9285404763305656,0.5524374512398212,1.5929076555075827,3.0,1.2630458878754773e-06,0.811467529295226,0.8581037002278832,630,1400,3,19.5323352139822,dumbbell,3,0,C05,heatgeo_t,0.4918549082391209,2.1896132061485956
1.3314067223217867,-0.6902192825328574,-2.2123402813079207,-0.1048921761508854,2.3452281430211706,0.5524374512398212,2.336043212171817,3.0,2.086525775021794e-06,0.7971789614852794,0.8605530403587265,356,1400,3,19.59838014117316,dumbbell,3,0,C05,heatgeo_t,0.49621957727305677,2.384692503925039
-3.131762070807694,-2.8426948851800264,-1.0604770643537942,-0.7680747854301738,0.08082173426567886,0.4182244134398345,-0.47775412293697117,3.0,0.2176036724314527,0.1794124387955201,0.4821990114882796,208,1400,3,-22.54806259822148,dumbbell,3,0,C05,pca_denoise,-0.46160941119272303,-1.306162206069703
-2.3359552571920292,-4.8511762427410625,-2.163862075903966,-0.8200074099117526,-0.144157375343204,-0.13940813781327818,-0.7246772068891559,3.0,0.2302942847833751,0.1861061314879019,0.4875682918733202,362,1400,3,-19.225024550522377,dumbbell,3,0,C05,pca_denoise,-0.32742548854879094,-1.0378760535554161
-1.0985548333580202,-0.7577159965318128,-0.2706992676513695,-0.9269346161515222,-0.5628689904985396,-0.6970406890663909,-0.06834031823518058,3.0,0.2575754264434707,0.1827567780003176,0.4886895719788451,1088,1400,3,-11.762262800203482,dumbbell,3,0,C05,pca_denoise,-0.40330957691450015,-0.991689705549127
-2.57923256376237,-3.958270134853837,-0.4484692272300021,-1.0761919265238287,-0.8427588553521566,-0.6970406890663909,-0.4144628257097106,3.0,0.2754616874928779,0.1976364908540404,0.4712878669472502,915,1400,3,-3.5550526795521264,dumbbell,3,0,C05,pca_denoise,-0.4928714463003177,-0.9904710004929368
-0.487788511393811,0.9039003088989229,-0.17020549882726824,-0.5924892875128256,0.06809456207260821,0.0,0.37515012246664853,3.0,0.2392426130226587,0.1804252870531734,0.4996295956648639,361,1400,3,2.5102588071524714,dumbbell,3,0,C05,pca_denoise,-0.4058524802147272,-0.5293300422739542
0.3070279744067725,2.7305009504717246,-0.36712969790598793,-0.14598602237294125,-0.19290537101302713,0.836448826879669,2.37433347174676,3.0,0.2521439170533646,0.2013217001159498,0.5122832545458077,405,1400,3,6.159382675542515,dumbbell,3,0,C05,pca_denoise,-0.36603442358199856,-0.26935784327313783
-0.565543371189054,1.4054645239098875,-1.099185657266886,0.2034165597017944,0.9508367169193483,0.836448826879669,2.2821921331954425,3.0,0.1942469261282947,0.1572082901780027,0.5199286748300089,919,1400,3,6.605360713324066,dumbbell,3,0,C05,pca_denoise,-0.00843693653152311,-0.6225453292740362
-0.16647939698353426,1.2799663738435858,-0.4732904899063094,-0.37032064707145973,0.3396542985750161,0.6970406890663909,1.2054045757259433,3.0,0.2070534493199712,0.1548049778821257,0.4973338143071344,1107,1400,3,7.3857094587224115,dumbbell,3,0,C05,pca_denoise,-0.272273101593743,-0.45345777492883715
-0.34077122729894616,0.179981466800493,-1.1861571818958254,0.08600214365268544,0.201371052630448,0.836448826879669,1.9647492830140159,3.0,0.2344665601446611,0.1707724455138257,0.4940671219943523,661,1400,3,8.355744883799076,dumbbell,3,0,C05,pca_denoise,-0.15260273579868927,-1.0816824691323383
0.048259763333377656,3.149046147237311,-0.47298967950124926,-0.060297078309129656,0.6385887483074472,0.836448826879669,1.766230145942845,3.0,0.2210883270839809,0.1800997568528554,0.523659953374358,397,1400,3,9.17866914521766,dumbbell,3,0,C05,pca_denoise,-0.17513914838113315,0.009319277975438892
1.5737798683162085,4.387746739866253,0.5326490175579407,-0.05732381507475579,0.33167798093780054,0.836448826879669,1.3079443346649622,3.0,0.2343603313418113,0.1847652592405641,0.505053933848171,460,1400,3,10.291751725325792,dumbbell,3,0,C05,pca_denoise,-0.200216423994311,0.06975805300971574
0.440896177279705,2.7494142400681483,0.8368143034716947,0.06681023457361687,1.105753516870943,0.836448826879669,1.473045167162864,3.0,0.2023780937334477,0.1785031470503757,0.5483375318613887,964,1400,3,11.41168825762969,dumbbell,3,0,C05,pca_denoise,0.07057761190623701,0.33226576991553514
1.4659256750019365,1.414957654716471,0.5120042022216587,-0.37904247279211534,0.47462418506587684,0.6970406890663909,-0.4150061949613588,3.0,0.2125690951957007,0.1823228469713602,0.5066331471650047,319,1400,3,12.373259461365768,dumbbell,3,0,C05,pca_denoise,-0.17799460621137747,0.04341088102462669
0.5004570847333671,3.254439391575889,-1.0609042010943306,0.04049408629849693,0.923146021793805,0.836448826879669,2.254484240149975,3.0,0.2081300217350667,0.1645475673436649,0.50553331977886,1323,1400,3,13.292811739534624,dumbbell,3,0,C05,pca_denoise,-0.03790973286795496,-0.7173626930485462
-2.7480635270720857,0.849433667898995,-0.742052520057835,0.22884774544281353,0.7495139702066124,0.836448826879669,1.6754549634203137,3.0,0.2230028477869354,0.162571358757228,0.5007697662271733,185,1400,3,14.409416562572522,dumbbell,3,0,C05,pca_denoise,-0.32533639505514655,-0.6558590184570298
-2.245589514195553,3.0036306150974283,0.14458054107702167,0.16961798838583383,0.8778270972577381,0.836448826879669,0.9751592443316072,3.0,0.2048736747414787,0.1573851975313547,0.5114704172367592,1222,1400,3,15.33757314504347,dumbbell,3,0,C05,pca_denoise,-0.1712484520896313,-0.24846117683804606
1.4128193215101639,3.1254596913523085,0.15476752844939706,0.030125629547673644,0.9901453097667225,0.836448826879669,2.319438437344316,3.0,0.2066502520081782,0.1833703199528168,0.5351414123898219,190,1400,3,16.176736933411025,dumbbell,3,0,C05,pca_denoise,0.08927810126313795,0.22649179817335696
-0.5196414151127656,1.4236666192708471,1.426959810484369,-0.34279780532586235,0.6006564568852698,0.6970406890663909,-0.5896999743082256,3.0,0.2319869797453428,0.1968695588367881,0.542387833991014,975,1400,3,17.079064983670342,dumbbell,3,0,C05,pca_denoise,-0.2752230917663834,0.17499443808890097
-1.3001505260708897,1.5056075934477486,-0.1291547895117506,-0.4123372317553786,0.29168624413321476,0.836448826879669,0.043530525378929215,3.0,0.2319720408234565,0.1654416033275118,0.5002567513527911,1375,1400,3,17.851715608550524,dumbbell,3,0,C05,pca_denoise,-0.2984748277867099,-0.4289894683337331
0.8097771372017445,1.9016292044868544,1.4499506000589129,-0.529431109949967,0.09777015755591521,0.4182244134398345,-0.8723506715830073,3.0,0.2598059109611421,0.2025434956964051,0.4991945692905359,327,1400,3,18.427504263358863,dumbbell,3,0,C05,pca_denoise,-0.3470978592744962,-0.04451339523344784
0.702721081594278,3.3764575124631855,0.08460158279546308,0.06003013580802441,0.8049710180946542,0.836448826879669,1.3201554183027846,3.0,0.2054040938691286,0.1604794803946209,0.5199166499727593,281,1400,3,18.86173140901876,dumbbell,3,0,C05,pca_denoise,-0.10654498901023096,-0.15307894149038684
2.0449448855765624,2.802472040398807,0.39939160791507616,-0.06269116795119473,0.6971755746183496,0.836448826879669,0.5013604073145574,3.0,0.2299440353207203,0.2045754960073321,0.549682843845126,1261,1400,3,19.292051405337936,dumbbell,3,0,C05,pca_denoise,-0.10016660731038285,0.23189021136020024
0.5309715471234648,2.5421109366451637,1.911306945859478,-0.10943806534934887,0.5435382788211417,0.836448826879669,1.2159250724025839,3.0,0.238062589841376,0.2132669260130197,0.548535200758757,630,1400,3,19.5323352139822,dumbbell,3,0,C05,pca_denoise,-0.1414212966622,0.5167957176273829
1.0007066876158088,3.0614720796997115,-0.48265683544486265,-0.2137276643668252,0.6238633244089191,0.836448826879669,0.013751368879523303,3.0,0.2101592257504922,0.1632185743268019,0.5055136029260765,356,1400,3,19.59838014117316,dumbbell,3,0,C05,pca_denoise,-0.1639561412083727,-0.3669167835937402
-3.4139880080748393,-5.119952129678286,-0.39973064053377677,-0.8881862347575654,-0.03613995231636152,0.41669887930316696,-0.34831899029881763,3.0,0.2223126852871498,0.1741988727813428,0.4769845576035494,208,1400,3,-22.54806259822148,dumbbell,3,0,C05,plain,-0.4767071133901274,-0.9993819037650653
-2.785684780397707,-5.940331662807291,-1.102479076786628,-0.9853936877060149,-0.33579275133750636,-0.15477386945546195,0.820860315915552,4.0,0.2411439642409653,0.187951294279832,0.4826625393916702,362,1400,3,-19.225024550522377,dumbbell,3,0,C05,plain,-0.4922285356941657,-1.5982077025625345
-0.9420750505123897,-3.390810977176189,-0.31231416229778236,-1.0481189700732356,-0.6550714831984034,-0.7262466182140909,0.2733904891839093,3.0,0.2592278702682552,0.2028673119782479,0.4883084672611384,1088,1400,3,-11.762262800203482,dumbbell,3,0,C05,plain,-0.41030811867895556,-0.8972897827970482
-1.838737696838792,-3.8701611177622683,-1.2152028474611833,-1.1691732614185617,-1.1302910769287622,-0.7262466182140909,-0.07644141156361069,3.0,0.2799064015380936,0.192381288495339,0.4665414597350034,915,1400,3,-3.5550526795521264,dumbbell,3,0,C05,plain,-0.4944309803021001,-1.5066987106261702
-2.5705866883619715,-2.631451887388849,0.3412059527388681,-0.9796953699161182,-1.2446667184818636,-0.29764205664511917,-0.3806740310912428,4.0,0.2870540891839498,0.216523163988541,0.4709808270625506,361,1400,3,2.5102588071524714,dumbbell,3,0,C05,plain,-0.4917453923263197,-1.2798352681534677
-0.09314144596221659,0.7706246079203842,-1.7739138899711526,-0.30418887890347235,-0.04278413590205026,0.8453034408721386,2.0901592193313596,3.0,0.2547367743459477,0.1962807137192907,0.5255315345132906,405,1400,3,6.159382675542515,dumbbell,3,0,C05,plain,-0.38567017573696427,-0.3541381172520476
-1.4607914244985936,0.08209911828414816,-0.8090813184705982,-0.03415900176764508,1.030503846608907,0.8453034408721386,2.0550412530600415,3.0,0.21528498201165,0.1879633944921014,0.538326685586271,919,1400,3,6.605360713324066,dumbbell,3,0,C05,plain,0.1843227945748881,-0.3147110781869795
-0.6266210382957134,0.19295291701284192,-0.3087668167652848,-0.7595076574961565,0.17767772584423808,0.5595670664928242,-0.15988270489260212,3.0,0.2266933570986154,0.2068997255074136,0.4953882206004883,1107,1400,3,7.3857094587224115,dumbbell,3,0,C05,plain,-0.3563798329354321,-0.6936351610371209
0.5482816834487781,-0.2654261708528301,-0.7887521331369471,-0.06987721631674662,0.3565839118007752,0.8453034408721386,2.0917426215826715,3.0,0.2372281218254196,0.1808543820616779,0.5088834352922462,661,1400,3,8.355744883799076,dumbbell,3,0,C05,plain,-0.3303078014387359,-0.2714944967348308
-1.0052388548847326,1.1661021930308317,-0.3188866413021267,-0.28982735140124194,0.6035664337959906,0.8453034408721386,0.7481552582025739,3.0,0.2375074598538811,0.2207201277935977,0.5345460381726395,397,1400,3,9.17866914521766,dumbbell,3,0,C05,plain,0.0005143397670616112,-0.22988391929479277
0.1585354496751049,1.351225821598057,-0.3427998112656487,-0.2962551520359474,0.510248404073991,0.8453034408721386,1.6607063833534874,3.0,0.2345450307259563,0.1958294116331515,0.5070269327258969,460,1400,3,10.291751725325792,dumbbell,3,0,C05,plain,-0.17780863878291403,-0.3325563340622015
-1.048467469742372,0.045823070160116885,0.9617325162294297,-0.20408391880248408,1.957796363976978,0.8453034408721386,1.2259416564010104,3.0,0.200802866434349,0.2356932730547157,0.6350140758440191,964,1400,3,11.41168825762969,dumbbell,3,0,C05,plain,0.23691884871291236,0.5851706134431931
-1.771723045072584,-0.9075462739127642,0.1935370950202458,-0.5808146542983529,0.5817249777171248,0.5595670664928242,0.3560783924909805,3.0,0.2199204010350133,0.194460820760447,0.5287846758822913,319,1400,3,12.373259461365768,dumbbell,3,0,C05,plain,-0.22211906209757482,0.039274686592558804
0.7000558382437538,2.270884513196046,-1.5261371686113434,-0.14699544775354192,1.1589385758570625,0.8453034408721386,0.6380997225406455,3.0,0.2227481552280302,0.1990963399457623,0.5560987427292705,1323,1400,3,13.292811739534624,dumbbell,3,0,C05,plain,-0.00803112012740581,-0.22861536107725733
-4.851834640354161,-2.4586242390917916,-1.5280783673010832,-0.06703768370692473,0.5945921926518802,0.7024352536824814,0.3487596113278224,2.0,0.2231682088045364,0.1542148633066821,0.4816752664011784,185,1400,3,14.409416562572522,dumbbell,3,0,C05,plain,-0.41722438788649413,-1.1981410669588612
-1.587178150637887,0.43656507732418304,-0.5510494316365581,-0.25033900646558405,0.5435385198203498,0.8453034408721386,1.2253420124788292,1.0,0.2241757479087018,0.1791970182085365,0.4919825658547549,1222,1400,3,15.33757314504347,dumbbell,3,0,C05,plain,-0.24689247572879802,-0.4583678978133313
0.051339253942694243,0.8026984617534986,1.040941921942364,-0.20004631259322875,1.596359458084137,0.8453034408721386,2.044312915096465,4.0,0.2272093678124492,0.2289321794020157,0.5956682388525544,190,1400,3,16.176736933411025,dumbbell,3,0,C05,plain,0.2242647817956097,0.2073258635434878
1.7833171174478697,0.697610707272829,1.465485126648818,-0.7816030201175851,0.9605341151041685,0.41669887930316696,1.4732019760442534,3.0,0.2525275275395955,0.2540156119044079,0.5806877185770078,975,1400,3,17.079064983670342,dumbbell,3,0,C05,plain,0.16660993562678217,0.36690718342779693
0.15735990068312963,-1.8076330350794598,-0.23108683002930147,-0.7006480570666861,-0.008557463482183393,0.41669887930316696,0.3759844518485967,3.0,0.2529815270052488,0.1911687124352965,0.5198762179564332,1375,1400,3,17.851715608550524,dumbbell,3,0,C05,plain,-0.31587882777911813,-0.5739020664238074
-1.1007389389127853,-1.4087702000262192,-0.9309941587770624,-0.7622011539736689,0.13624374276875156,0.5595670664928242,0.18587302193291907,3.0,0.262528872326617,0.2173940613299941,0.5260416868227298,327,1400,3,18.427504263358863,dumbbell,3,0,C05,plain,-0.27111583730743594,-0.6913022532933367
-3.0550195873314245,-2.0869480111895964,0.12009042683002152,-0.17654907612186005,1.1698670588243651,0.8453034408721386,1.56053577169082,4.0,0.2089861829051419,0.184658500864064,0.5481541744511514,281,1400,3,18.86173140901876,dumbbell,3,0,C05,plain,0.208246680661881,-0.11203259383860935
0.15929840245525015,-0.2415740758777324,2.39843282367529,-0.7070337181524303,1.9983987801716556,0.8453034408721386,1.7339457856206828,3.0,0.2241352962972047,0.3421891077835536,0.6821253959123835,1261,1400,3,19.292051405337936,dumbbell,3,0,C05,plain,0.49591198113042245,1.4675788583299951
0.11376811891551149,-0.28729621318492315,-0.9794177478064124,-0.7400896949157252,0.6937335766711948,0.7024352536824814,0.714051134032828,4.0,0.2378878495325085,0.2618398104654565,0.579262280277961,630,1400,3,19.5323352139822,dumbbell,3,0,C05,plain,-0.20950608490272,-0.6902820041884057
0.25894419968930826,1.304661593319021,-0.4865392120423475,-0.311181287174148,0.8394474782791153,0.8453034408721386,1.6234828298171122,3.0,0.2189230081435044,0.1789587681363509,0.5475666886439692,356,1400,3,19.59838014117316,dumbbell,3,0,C05,plain,-0.02369565397738893,-0.012274585620606102
-2301.6061337449523,-3789.619365041598,2.6136476747833366,-0.09264423495442202,1.4513987135788886,0.42817441488883773,1.5718691099996338,4.0,0.1604413583523596,0.1031427726267079,0.410911137239688,208,1400,3,-22.54806259822148,dumbbell,3,0,D,diffdist_t4,0.17355468887039982,0.3311745905991371
-5125.379535892374,-6875.740930563958,0.8833137175115289,-1.4649331092708442,0.1557106234972764,0.42817441488883773,-0.2546097478168406,4.0,0.1748787917916602,0.1073800234848441,0.3253863251784115,362,1400,3,-19.225024550522377,dumbbell,3,0,D,diffdist_t4,-0.45167002620510827,-1.0582437960437225
-3292.428174924211,-3317.3260331896972,1.6798705489546155,-0.7029290761150085,1.5310229967872158,0.42817441488883773,0.9351506310980837,4.0,0.1782203871212071,0.134929085269612,0.4641634712662235,1088,1400,3,-11.762262800203482,dumbbell,3,0,D,diffdist_t4,-0.08515047305235285,-0.4599298355497882
-4977.1095335998825,-6489.77899273343,-0.981991442129795,-1.236678056597646,-0.030677858131632877,-0.2140872074444189,-0.43352453412614916,4.0,0.1993342106602864,0.1323923460883689,0.365763573754911,915,1400,3,-3.5550526795521264,dumbbell,3,0,D,diffdist_t4,-0.43863723715729164,-1.5686431277716595
-7655.0063896148185,-7502.4345783235385,0.49066237870657103,-1.0171711589652868,0.3313289631984202,0.42817441488883773,-0.08109517146186565,4.0,0.1686823313838507,0.093982850791473,0.3369188881785179,361,1400,3,2.5102588071524714,dumbbell,3,0,D,diffdist_t4,-0.3964650739617513,-1.088737980071139
-3701.310572052729,-9069.478111302968,-0.7671230020510623,-1.9528129003209738,-0.40877144363905354,-1.4986104521109322,-1.5923059164432378,4.0,0.1838321861423769,0.0991759725313973,0.324357666267496,405,1400,3,6.159382675542515,dumbbell,3,0,D,diffdist_t4,-0.45937130973114687,-1.6005163430772233
-3348.0362580095343,-4744.986065045836,0.6861734713700217,-0.5666143964640251,0.8871930739425379,0.42817441488883773,0.5907225006572131,4.0,0.1673292529850742,0.1007252302296622,0.3767002102687766,919,1400,3,6.605360713324066,dumbbell,3,0,D,diffdist_t4,-0.09386967007438757,-0.602065896233012
-5975.0485373818165,-9812.703425537606,0.725893861985702,-1.6296809638575704,0.1203068423570686,0.42817441488883773,-0.6391311623974816,4.0,0.1639071754293488,0.0853198192334998,0.3188216156940944,1107,1400,3,7.3857094587224115,dumbbell,3,0,D,diffdist_t4,-0.39205487750596313,-1.0175863519118122
-9148.005902680743,-10546.751216521308,2.7091507767823853,-1.5703816461329896,-0.4159506607099449,0.42817441488883773,0.368775444644953,4.0,0.1962241005385398,0.1261291498508207,0.3086289886169991,661,1400,3,8.355744883799076,dumbbell,3,0,D,diffdist_t4,-0.4192218797518006,-0.45137239265201
-1577.0705579490814,-2504.1494250092987,-0.7793251834618469,-0.385257093585245,1.9725487956113184,0.42817441488883773,1.2405582558664865,4.0,0.1763653158396271,0.1796887948041484,0.4944241787438436,397,1400,3,9.17866914521766,dumbbell,3,0,D,diffdist_t4,0.4181861911418384,0.007681219246147265
-4802.125549749697,-7009.312121738404,-0.28117998738115935,-1.6676694092129718,-0.3973865796041912,0.42817441488883773,-0.2860968714281854,4.0,0.186784638964912,0.1068732996369178,0.3166339240702226,460,1400,3,10.291751725325792,dumbbell,3,0,D,diffdist_t4,-0.46566480011611866,-1.5606369501253152
-3108.667915617599,-4217.556124620061,2.4984658119582654,-0.2559864488710862,0.9720958060790416,0.42817441488883773,1.818381067636236,4.0,0.1764794865933474,0.1243971253008439,0.3975284326957126,964,1400,3,11.41168825762969,dumbbell,3,0,D,diffdist_t4,0.045079701501613334,0.1818716882217554
-3654.637915115066,-8162.447569571105,2.698900822879443,-1.3496993605941465,-0.336917405823002,0.42817441488883773,0.3232278287536949,4.0,0.1849047364737285,0.1032102679319352,0.3092931326885615,319,1400,3,12.373259461365768,dumbbell,3,0,D,diffdist_t4,-0.3533564649369495,-0.451247535441918
-1644.9254233364995,-2702.0454336396783,3.5590783355877065,-0.6365082199182264,3.463517118571174,0.42817441488883773,1.9739076127314141,4.0,0.190440989853392,0.2139603635115078,0.6113732568288782,1323,1400,3,13.292811739534624,dumbbell,3,0,D,diffdist_t4,0.43710538892546413,1.0013744126817796
-4132.056113520053,-5988.622016062693,4.928885479176475,-1.3491759078110377,0.4965378330432001,0.42817441488883773,0.760469164616065,4.0,0.2206233495383769,0.1719733004539885,0.3812810055068933,185,1400,3,14.409416562572522,dumbbell,3,0,D,diffdist_t4,-0.2229425732974719,-0.12628076895520624
-8285.723662373834,-9232.075310463892,1.8060107080898544,-1.4784122980947085,-0.2847384243983377,0.42817441488883773,-0.00865135345553982,4.0,0.196948062277911,0.1291912375808815,0.3350341700377138,1222,1400,3,15.33757314504347,dumbbell,3,0,D,diffdist_t4,-0.472325019068759,-0.692735023371286
-2173.078272340131,-3838.2089213793283,2.773991584982371,-0.08738553477442738,1.6514664074924885,0.42817441488883773,1.6905081584888295,4.0,0.1566025989133668,0.1269810089462122,0.4341654666717168,190,1400,3,16.176736933411025,dumbbell,3,0,D,diffdist_t4,0.17844086233590029,0.393851215882011
-1904.1514504808792,-2697.6577993196356,3.3294778067013815,-0.9728033571977392,3.4721903604633826,0.42817441488883773,2.3872001680158377,4.0,0.1877156585063673,0.2736511058514007,0.6279244502313875,975,1400,3,17.079064983670342,dumbbell,3,0,D,diffdist_t4,0.4467029574392688,0.9290822913959637
-2402.818912462733,-4183.22685201522,3.179515816816723,-0.12904596551966174,2.3834122030805727,0.42817441488883773,1.9207691494034649,4.0,0.1940321393712258,0.1885651513866562,0.5580011898420789,1375,1400,3,17.851715608550524,dumbbell,3,0,D,diffdist_t4,0.4775697886971566,0.9179857529557677
-2909.02292313258,-5422.82002589541,-0.26796477314759093,-1.2092242722134436,-0.3029536803255436,0.42817441488883773,-0.8999133336699882,4.0,0.1903469111630139,0.1087777724549765,0.3249043004596844,327,1400,3,18.427504263358863,dumbbell,3,0,D,diffdist_t4,-0.47801275498558726,-1.4320314287566351
-2827.830598940245,-4227.137342454631,0.6711528159280625,-0.8213423680993073,1.0236416368966128,0.42817441488883773,0.2628404877088068,4.0,0.1693247133212664,0.1280555960826583,0.3943059771818885,281,1400,3,18.86173140901876,dumbbell,3,0,D,diffdist_t4,-0.2621243490966233,-0.9508687368109365
-6013.850437302681,-7673.924538111055,0.8003613501246358,-1.8195285812262108,-0.0994767139121988,-1.4986104521109322,-0.19063112405747243,4.0,0.2030624993203053,0.1557490296807088,0.3644108057331644,1261,1400,3,19.292051405337936,dumbbell,3,0,D,diffdist_t4,-0.47333942051030214,-1.2724192766125229
-5782.027456403932,-5191.560493578349,0.1644667439359724,-1.278931947161637,0.8656935960512896,0.42817441488883773,0.19372091120685805,4.0,0.1966003447243413,0.1577855342459342,0.4024244037116516,630,1400,3,19.5323352139822,dumbbell,3,0,D,diffdist_t4,-0.3070615965119854,-1.2190247370173213
-6920.034669180519,-8643.294327601126,2.1336103389982872,-1.3684938384156664,0.2789183092023422,0.42817441488883773,-0.5632361196621334,4.0,0.1728911394835428,0.1048413036474738,0.3478179595944229,356,1400,3,19.59838014117316,dumbbell,3,0,D,diffdist_t4,-0.3528621066939945,-0.4032589736994799
-18277.373344433294,-12584.996932838345,2.3882987302911536,-0.6969701473716342,2.5157056749600777,0.527342281050405,0.9491349565572436,4.0,0.1534976528960066,0.0982098910146572,0.4260211693441256,208,1400,3,-22.54806259822148,dumbbell,3,0,D,diffdist_t8,0.06000307828095908,0.11207157241382118
-45002.024799526574,-23483.127242119284,2.639278843005059,-2.2019431162994616,0.558037524212493,0.527342281050405,-0.39195320977477305,4.0,0.1604263428139953,0.0864966459622577,0.3182858453170155,362,1400,3,-19.225024550522377,dumbbell,3,0,D,diffdist_t8,-0.25688041377243004,-0.27913313240922366
-27493.210945337672,-11099.690645612352,3.996008922855831,-1.3752163831384043,2.236551939550415,0.527342281050405,0.15624346894478475,4.0,0.1755211862148115,0.1304526972811903,0.4656333807890316,1088,1400,3,-11.762262800203482,dumbbell,3,0,D,diffdist_t8,0.0714135924131517,0.42901008576340394
-46349.466224450065,-20884.865534395394,-1.2338183255650474,-1.852806334104983,0.1158968796349715,-0.175780760350135,-0.966701969012869,4.0,0.1811348546923385,0.1016104466385549,0.3412476104212908,915,1400,3,-3.5550526795521264,dumbbell,3,0,D,diffdist_t8,-0.38446646309111376,-1.787614460099401
-66406.91354424965,-24857.012352902555,0.010566237658045333,-1.7095767796952046,0.9542671620738319,0.527342281050405,-1.7460438979514346,4.0,0.1494506761351249,0.0714677542885433,0.3394139740448219,361,1400,3,2.5102588071524714,dumbbell,3,0,D,diffdist_t8,-0.01702386933216582,-0.8153179391145832
-62284.79571706508,-33471.85924942142,-2.3256408781187083,-2.6423767094150072,-0.48400481496242315,0.527342281050405,-1.9358456654289455,4.0,0.1697793404001706,0.0781226730581484,0.292205479874071,405,1400,3,6.159382675542515,dumbbell,3,0,D,diffdist_t8,-0.4549610737997374,-1.5132523819240462
-25769.24468381979,-13786.983270281922,1.702779619754938,-1.2500795589763842,1.424390696378667,0.527342281050405,-0.04985555111567068,4.0,0.1507216268750831,0.0866747591634647,0.3578314224216412,919,1400,3,6.605360713324066,dumbbell,3,0,D,diffdist_t8,-0.08914250853416161,-0.32924359734647163
-69537.45118068694,-41342.03829020999,0.35688130299327964,-2.265871989116597,0.2310341283369374,0.527342281050405,-1.6336380848427599,4.0,0.1506309010941329,0.0602616054437473,0.2919372209118218,1107,1400,3,7.3857094587224115,dumbbell,3,0,D,diffdist_t8,-0.27004271409340397,-1.1718455460930681
-95512.49398931717,-38311.90081855022,1.5447204078932804,-2.196190103677001,-0.12660141444675205,0.527342281050405,-0.8501007213781241,4.0,0.157121917640288,0.074493027869157,0.2844306417144326,661,1400,3,8.355744883799076,dumbbell,3,0,D,diffdist_t8,-0.42315673265990605,-0.8203420255749827
-10384.235229976175,-8212.017309054212,-2.795090264380128,-1.1768486016569566,3.1760104332801755,0.527342281050405,0.4530751374153196,4.0,0.1568283767983927,0.1513086609351161,0.481714625483237,397,1400,3,9.17866914521766,dumbbell,3,0,D,diffdist_t8,0.1845058283094192,-0.611444766644082
-51243.04685394989,-27180.06403523773,0.5971509345421289,-2.3627999471600063,-0.1369131385505604,0.527342281050405,-0.35792178349858356,4.0,0.1659624043983324,0.0755235403985862,0.301492584020977,460,1400,3,10.291751725325792,dumbbell,3,0,D,diffdist_t8,-0.4705143128265771,-1.3714628184558386
-24288.89901067257,-14775.20901482561,4.282953335806972,-0.8596305948746032,1.718637223366287,0.527342281050405,0.608170190562577,4.0,0.1684247153093183,0.1168862651891394,0.3778503446138566,964,1400,3,11.41168825762969,dumbbell,3,0,D,diffdist_t8,-0.1713819913901341,0.20581254393817788
-45337.30946387027,-26504.390156781283,1.970611633954155,-1.9728606590394926,-0.014425308720806716,0.527342281050405,-0.8689070346473986,4.0,0.1783071835460213,0.0902542081532511,0.319057616284895,319,1400,3,12.373259461365768,dumbbell,3,0,D,diffdist_t8,-0.4193814174375802,-0.7537079916550672
-15302.360354208398,-9604.102674076781,5.553959835966254,-1.4382071032271604,4.437955295090234,0.527342281050405,1.0538807862939097,4.0,0.1872761435318542,0.1753161199754695,0.599286493368755,1323,1400,3,13.292811739534624,dumbbell,3,0,D,diffdist_t8,0.45545193213387547,1.0578472371607741
-44583.88221940436,-20489.566955218215,3.5629156800345303,-1.9657023756851155,1.213834115129242,0.527342281050405,0.00044525341178302006,4.0,0.1486145040410124,0.0791163770038224,0.3380340972329114,185,1400,3,14.409416562572522,dumbbell,3,0,D,diffdist_t8,-0.19977420378915428,0.012419938836018109
-61934.62714606378,-33918.054476662444,0.32986142138825586,-2.1658813355130393,0.07648585642330323,0.527342281050405,-1.562175324065667,4.0,0.1672863015957086,0.0842022374788413,0.3058802978981532,1222,1400,3,15.33757314504347,dumbbell,3,0,D,diffdist_t8,-0.44696789152445193,-1.4152604651960907
-16876.923528669653,-11634.88473889506,2.660667544804565,-0.6890642900545563,2.8339815848051715,0.527342281050405,1.525123226000934,4.0,0.1500444896512392,0.1206450389651343,0.4407292200263544,190,1400,3,16.176736933411025,dumbbell,3,0,D,diffdist_t8,0.12520826388042938,0.21620110043182322
-17840.621965532264,-10245.820557359028,4.5286339373812945,-1.82773471184934,4.028876316882321,-0.175780760350135,1.4577769026177883,4.0,0.1877161507343065,0.2460617870171713,0.6053439578435263,975,1400,3,17.079064983670342,dumbbell,3,0,D,diffdist_t8,0.4728427088714746,1.3282500124665715
-16155.42261030926,-12941.820272690478,2.5983665037634127,-0.7588366153362313,3.899293085211761,0.527342281050405,1.8287650999706668,4.0,0.1820864302854962,0.1838583429830432,0.565627527629824,1375,1400,3,17.851715608550524,dumbbell,3,0,D,diffdist_t8,0.48473952670639764,1.0274728311900234
-18786.478671875942,-18483.926940838053,-1.830073002668591,-1.8396276851351232,-0.04393927417001242,-0.8789038017506751,-0.6984389256525995,4.0,0.1765251608573949,0.0817630020241803,0.3085242840495916,327,1400,3,18.427504263358863,dumbbell,3,0,D,diffdist_t8,-0.4204497128947243,-1.6851581871809589
-28774.3438003975,-13020.132119695189,-0.5942988138784747,-1.559052007748163,1.7848243509272497,0.527342281050405,-0.1378890783208699,4.0,0.1570239164192986,0.1074690422096985,0.399142119960847,281,1400,3,18.86173140901876,dumbbell,3,0,D,diffdist_t8,-0.15318188789151344,-0.7014196466457747
-57065.96685530843,-29844.825609132095,-0.7774975947849243,-2.4960909712812733,0.005746259499445975,0.527342281050405,-0.901099588040589,4.0,0.1816908925742931,0.105374452679023,0.3302198193032258,1261,1400,3,19.292051405337936,dumbbell,3,0,D,diffdist_t8,-0.37982049233360826,-1.6674016534697096
-43103.60940216939,-18760.32763787222,0.11412582995732772,-1.9424932447752568,1.917501631452466,0.527342281050405,-0.2863062956475947,4.0,0.14687372634469,0.084730140680728,0.3984497791212218,630,1400,3,19.5323352139822,dumbbell,3,0,D,diffdist_t8,-0.04938446009766073,-0.875829773859589
-51021.35656654512,-29679.791369177154,-1.8642651400934593,-1.918067879581212,0.7040745036582475,0.527342281050405,-1.5171988815844681,4.0,0.1549053166509302,0.0766823854546155,0.345269423149996,356,1400,3,19.59838014117316,dumbbell,3,0,D,diffdist_t8,-0.21991626205932274,-1.2903677009681553
-1.5269892779595815,-0.49871927137884065,-1.3072788468922345,-1.0946577600941587,0.403533888306,0.47538268582966386,0.4886985992566964,3.0,0.20034933720062,0.1337512287423984,0.4323421426612942,208,1400,3,-22.54806259822148,dumbbell,3,0,D,fb_potential,-0.3981565447338008,-1.4064641623449734
1.5516791078670953,1.5456226589586028,0.09582637371850136,-0.9773274877421744,0.5385473895747666,0.47538268582966386,-0.4365699732457193,3.0,0.2383856144888975,0.1579331619981013,0.4780912388214676,362,1400,3,-19.225024550522377,dumbbell,3,0,D,fb_potential,-0.4228141917045562,-0.9318374071870748
0.16762561232609394,0.3752964585570011,0.04516851711894251,-1.2352653867223438,-0.22313915904448742,0.47538268582966386,0.4274674562399104,3.0,0.2340000559275599,0.154393528072768,0.4494892670822436,1088,1400,3,-11.762262800203482,dumbbell,3,0,D,fb_potential,-0.48173789072266826,-1.0689159176759984
0.5965478738879049,0.5805391439107679,-5.311974090862411,-1.485223326208859,-0.5271618452422457,-0.237691342914832,-2.2694315676557135,1.0,0.2516339666590657,0.1646435433124918,0.4726406650082414,915,1400,3,-3.5550526795521264,dumbbell,3,0,D,fb_potential,-0.4898731070042908,-1.3141271591721566
-0.3552669239610881,0.13749997118165105,-0.0033971451585981987,-1.155143492823191,-0.18271788260877703,0.47538268582966386,0.7353617492131898,2.0,0.2463115818937724,0.1577748211766633,0.4458110776854578,361,1400,3,2.5102588071524714,dumbbell,3,0,D,fb_potential,-0.49225402448568195,-1.0586337266026744
-0.3321673767249736,0.5819319328736096,1.2745005447589153,-1.1203433603978026,1.1265642971782124,0.47538268582966386,0.5212165175365232,3.0,0.2344238460757403,0.1594540519878202,0.4992200343784961,405,1400,3,6.159382675542515,dumbbell,3,0,D,fb_potential,-0.13666574810649734,-0.47942890051914744
1.528010398796691,0.8419072891454473,-1.6264812866362393,-1.27211676717831,-0.15095426558292058,0.47538268582966386,1.6416489189078274,3.0,0.2248510689471516,0.1466110825012468,0.4331839338751555,919,1400,3,6.605360713324066,dumbbell,3,0,D,fb_potential,-0.4788748536822053,-1.2775548167268223
0.7778804088774521,0.42127467768608506,-1.5614905046583367,-1.1476973242011879,0.9348983978385508,0.47538268582966386,-1.667473378417725,3.0,0.2242134128212239,0.1582873400703852,0.4872634166594169,1107,1400,3,7.3857094587224115,dumbbell,3,0,D,fb_potential,0.12013878373151898,-1.2174320564756218
2.4105992238957787,2.2042156943229054,0.3817067946849144,-1.169755593411952,1.3597851930111364,-1.3073023860315758,0.44902482479561506,3.0,0.237170829400627,0.1821078715703051,0.601493424036495,661,1400,3,8.355744883799076,dumbbell,3,0,D,fb_potential,-0.06834990970907712,0.25248044875650955
1.9377614345619714,1.9699503673885368,-3.0314675862006815,-0.5130938451947576,1.6932863693792801,0.47538268582966386,-1.2467868592981095,3.0,0.2223141727756249,0.1572222238943711,0.5124158184308295,397,1400,3,9.17866914521766,dumbbell,3,0,D,fb_potential,-0.04790436307695406,-0.41605601533410436
1.010018595733154,0.31784896807063306,0.38273046976611835,-1.2241552697023528,-0.03290411700055026,0.47538268582966386,0.04720389886512378,3.0,0.2471917832533692,0.1611135554705459,0.4611813645356812,460,1400,3,10.291751725325792,dumbbell,3,0,D,fb_potential,-0.4722749765541524,-0.9859762288891284
0.3943183926475864,-0.4012767316724705,0.431287823978758,-1.1864403117302844,0.43598905688022277,0.47538268582966386,-0.33693642258759515,1.0,0.2338060502172058,0.1562179433179459,0.4817241133844157,964,1400,3,11.41168825762969,dumbbell,3,0,D,fb_potential,-0.4463265987345935,-1.0144878906436978
-0.07769762519391929,-0.0038907265791424213,-0.49209329653420675,-1.4236275417805082,-0.5950523981426021,0.47538268582966386,1.1001433444899296,1.0,0.2458927883278956,0.1665545847381046,0.4651268012111564,319,1400,3,12.373259461365768,dumbbell,3,0,D,fb_potential,-0.48555148703521456,-1.2400056657896144
0.5364869057290498,1.1171220243506692,-2.1681002850097895,-1.0874243527925744,0.4861168164295753,0.47538268582966386,0.3383093467186286,3.0,0.2052910978054101,0.1352837810645134,0.4469723790929628,1323,1400,3,13.292811739534624,dumbbell,3,0,D,fb_potential,-0.43165085259218683,-1.2825798683928211
0.7746519637183304,1.0020358050865878,-4.445444363722347,-1.1135689872583154,1.3843697621218556,-0.237691342914832,-1.3070753042495982,1.0,0.2083468381012007,0.1573352498819714,0.4876316359478196,185,1400,3,14.409416562572522,dumbbell,3,0,D,fb_potential,0.03737976588336778,-1.2727404360273837
1.9863056917323583,0.5084521705768196,0.6411755376555545,-1.1427863904444246,1.0615354588693053,0.11884567145741595,0.8394541845265613,3.0,0.2442276422669939,0.1811989494182233,0.5278389339061608,1222,1400,3,15.33757314504347,dumbbell,3,0,D,fb_potential,0.09637354220765126,0.09949187672940649
0.24760699078105888,-0.4149067118968013,-1.8329215580248321,-1.1805469549305787,0.07494078238981651,0.47538268582966386,0.22146235827548122,3.0,0.2206504943034085,0.138724952412353,0.421370600384197,190,1400,3,16.176736933411025,dumbbell,3,0,D,fb_potential,-0.47735560115910136,-1.3705067666727861
0.7735810868110201,0.5585098998157547,-1.4362708373065016,-1.4267446777396466,-0.5921942208992265,0.11884567145741595,-0.19414530252775178,3.0,0.2326716680116877,0.1479857726797461,0.4208893696135826,975,1400,3,17.079064983670342,dumbbell,3,0,D,fb_potential,-0.48524061229426885,-1.5635718033820187
0.5614762481219692,-0.03665408373934381,-3.6282836673607926,-1.1294681214652378,-0.6691881390666958,0.47538268582966386,-0.33190340359956266,3.0,0.2271216292459963,0.1288967683771215,0.3906617354631257,1375,1400,3,17.851715608550524,dumbbell,3,0,D,fb_potential,-0.4852499926126766,-1.4517273650629476
-0.3905161236234592,-1.1634470863919806,-0.9084796101931193,-1.3635376694445032,-0.3921784114321039,0.47538268582966386,-0.5185196220746418,3.0,0.2358711208548406,0.1568816373711608,0.4529456400772861,327,1400,3,18.427504263358863,dumbbell,3,0,D,fb_potential,-0.49202274474099056,-1.7097793060513702
0.5417842264669536,0.27694173794520976,0.22343658269993588,-1.1194382514207584,0.6034984062260571,0.47538268582966386,1.133533948648371,3.0,0.2157424690272708,0.1394928386715399,0.4968250786853868,281,1400,3,18.86173140901876,dumbbell,3,0,D,fb_potential,-0.21613028210184188,-0.540884104477355
1.5878913354047983,0.9866988278912547,-1.4778237734535566,-1.6290664005959172,0.5577162787849805,-1.6638394004038237,-1.2290679305826724,2.0,0.2312258889721089,0.1866669442031009,0.500293839282253,1261,1400,3,19.292051405337936,dumbbell,3,0,D,fb_potential,-0.13367088407726557,-0.5696133074134403
0.9067067701738291,0.8908847856515428,-0.23216062449752178,-1.4590132152599382,-0.6574582928550203,0.11884567145741595,-0.3276333480933519,3.0,0.2478926986370587,0.1605675581400451,0.4504467387698103,630,1400,3,19.5323352139822,dumbbell,3,0,D,fb_potential,-0.4809201873135562,-1.2803178844582717
1.392024903561942,0.8347383986529319,-2.189620923946056,-1.3164104039644744,0.6158083775217841,0.11884567145741595,0.2807616291487218,3.0,0.2357449489267944,0.171936968719746,0.4916906208048829,356,1400,3,19.59838014117316,dumbbell,3,0,D,fb_potential,-0.2645313325488755,-1.1379930312541724
-0.5442704422592878,-0.5560056329980418,0.0,0.34243124281656234,0.0,0.532689365046536,3.330668687654416e-07,2.0,0.0,0.9743184383500008,0.9826289201534986,208,1400,3,-22.54806259822148,dumbbell,3,0,D,heatgeo_4t,0.4939417197943342,2.3779535064256483
-0.5412103444889008,-0.6186246278748785,0.0,-0.4617026673920185,0.0,0.532689365046536,3.330668687654416e-07,2.0,0.0,0.9831948762369528,0.9890521330685454,362,1400,3,-19.225024550522377,dumbbell,3,0,D,heatgeo_4t,0.4939417197943342,2.3346733096446792
-0.18641557058251973,-0.9805709759518186,0.0,0.17419628208752197,0.0,0.532689365046536,3.330668687654416e-07,2.0,0.0,0.9764608083656678,0.9838996861258444,1088,1400,3,-11.762262800203482,dumbbell,3,0,D,heatgeo_4t,0.4958503597782311,2.3872321346589236
1.0651649100495602,0.8613941115813221,0.0,-0.34918682747987634,0.0,0.532689365046536,3.330668687654416e-07,2.0,0.0,0.9821496010525588,0.9877851521998244,915,1400,3,-3.5550526795521264,dumbbell,3,0,D,heatgeo_4t,0.4952190273536393,2.4156757906440385
-0.2084696382568861,0.05792083134079222,0.0,-0.10562774556951854,0.0,0.532689365046536,3.330668687654416e-07,1.0,0.0,0.979005051655684,0.985708504702402,361,1400,3,2.5102588071524714,dumbbell,3,0,D,heatgeo_4t,0.4912582933884597,2.3645982836769694
-1.1801594103481927,-1.1016797049869127,0.0,-0.4895666954721289,0.0,0.532689365046536,3.330668687654416e-07,1.0,0.0,0.9834812992007314,0.9893796269531484,405,1400,3,6.159382675542515,dumbbell,3,0,D,heatgeo_4t,0.4939417197943342,2.339409331974758
0.45961202508883087,0.2666891790099771,0.0,0.30005491513762234,0.0,0.532689365046536,3.330668687654416e-07,1.0,0.0,0.9739165304271128,0.983380841527206,919,1400,3,6.605360713324066,dumbbell,3,0,D,heatgeo_4t,0.4952190273536393,2.4200309795459694
-1.3807250846932466,-1.0382367116973779,0.0,-0.2009317057095194,0.0,0.532689365046536,3.330668687654416e-07,1.0,0.0,0.9801040274615548,0.9872214905181048,1107,1400,3,7.3857094587224115,dumbbell,3,0,D,heatgeo_4t,0.4939417197943342,2.395988346198324
0.9343021299936385,1.8963871407672308,0.0,0.2667309872771588,0.0,0.532689365046536,3.330668687654416e-07,2.0,0.0,0.9737006873645414,0.9850797075431742,661,1400,3,8.355744883799076,dumbbell,3,0,D,heatgeo_4t,0.49537120383538547,2.431491124672507
0.1656558248428568,0.49765826750777026,0.0,0.5845829193473795,0.0,0.532689365046536,3.330668687654416e-07,2.0,0.0,0.9704842981535092,0.9837190431535672,397,1400,3,9.17866914521766,dumbbell,3,0,D,heatgeo_4t,0.49524958521116946,2.41553897469563
-1.4612180848217957,-1.0874381818733414,0.0,-0.45121719180750786,0.0,0.532689365046536,3.330668687654416e-07,2.0,0.0,0.983000206639178,0.988699476047248,460,1400,3,10.291751725325792,dumbbell,3,0,D,heatgeo_4t,0.4939417197943342,2.339409331974758
-0.9463090036915497,-0.0475478622557203,0.0,0.41017425040139943,0.0,0.532689365046536,3.330668687654416e-07,1.0,0.0,0.9730229320336536,0.9835283194557888,964,1400,3,11.41168825762969,dumbbell,3,0,D,heatgeo_4t,0.48726452924606667,2.360055677773773
-1.1648139128127242,-1.435880664588737,0.0,-0.26666904088585036,0.0,0.532689365046536,3.330668687654416e-07,2.0,0.0,0.980953071944486,0.9876256519984916,319,1400,3,12.373259461365768,dumbbell,3,0,D,heatgeo_4t,0.4939417197943342,2.395988346198324
-0.1942785513816966,0.3544791222196963,0.0,0.990494443162198,0.0,0.532689365046536,3.330668687654416e-07,2.0,0.0,0.9668910628947596,0.9809971204238036,1323,1400,3,13.292811739534624,dumbbell,3,0,D,heatgeo_4t,0.4913139455554951,2.4724196584786533
1.453428299423735,1.4433551786852734,0.0,0.3804471660116833,0.0,0.532689365046536,3.330668687654416e-07,1.0,0.0,0.9733008302588942,0.9827729117518348,185,1400,3,14.409416562572522,dumbbell,3,0,D,heatgeo_4t,0.49582080828625386,2.4937575329333543
-0.4246152132045723,0.0997243372308975,0.0,-0.07693391374662391,0.0,0.532689365046536,3.330668687654416e-07,3.0,0.0,0.978714080062528,0.9861041800247764,1222,1400,3,15.33757314504347,dumbbell,3,0,D,heatgeo_4t,0.4912582933884597,2.3645982836769694
-1.161362436954576,-0.5202541534899111,0.0,0.45161863998156526,0.0,0.532689365046536,3.330668687654416e-07,1.0,0.0,0.9730542651138776,0.9827636964607768,190,1400,3,16.176736933411025,dumbbell,3,0,D,heatgeo_4t,0.4939417197943342,2.373410900522452
-0.09704110867922673,0.3627121826920648,0.0,0.6565549291236682,0.0,0.532689365046536,3.330668687654416e-07,2.0,0.0,0.9713706971344682,0.981147168995862,975,1400,3,17.079064983670342,dumbbell,3,0,D,heatgeo_4t,0.4913139455554951,2.4646513771912777
-2.2298466123148875,-1.7461574107872817,0.0,0.5903127936953182,0.0,0.532689365046536,3.330668687654416e-07,1.0,0.0,0.971819784930016,0.9814203239168416,1375,1400,3,17.851715608550524,dumbbell,3,0,D,heatgeo_4t,0.49398039225543044,2.444879402244162
-1.9660810583596788,-1.9757348182031353,0.0,-0.24481821181131525,0.0,0.532689365046536,3.330668687654416e-07,1.0,0.0,0.9807292872195568,0.9869959724786002,327,1400,3,18.427504263358863,dumbbell,3,0,D,heatgeo_4t,0.4939417197943342,2.395988346198324
-1.2906936832248808,-0.6999969570135064,0.0,-0.09296210496995791,0.0,0.532689365046536,3.330668687654416e-07,1.0,0.0,0.9790269831942608,0.9862681952061908,281,1400,3,18.86173140901876,dumbbell,3,0,D,heatgeo_4t,0.4939417197943342,2.373410900522452
0.7609539206764458,1.4066450808074125,0.0,-0.15066278505774022,0.0,0.532689365046536,3.330668687654416e-07,1.0,0.0,0.9789523716113449,0.987185415383622,1261,1400,3,19.292051405337936,dumbbell,3,0,D,heatgeo_4t,0.4952190273536393,2.433329796988566
0.4115369095907687,0.650503169350245,0.0,0.2597353355669946,0.0,0.532689365046536,3.330668687654416e-07,3.0,0.0,0.9744752118918408,0.9840847658330591,630,1400,3,19.5323352139822,dumbbell,3,0,D,heatgeo_4t,0.4952190273536393,2.4200309795459694
-0.4602025505595803,0.3041931038478508,0.0,-0.4785565911749554,0.0,0.532689365046536,3.330668687654416e-07,3.0,0.0,0.9836124776472074,0.9889280707226537,356,1400,3,19.59838014117316,dumbbell,3,0,D,heatgeo_4t,0.4912582933884597,2.3213180868960004
-0.5423786365439455,-0.5563782237606254,0.0,0.34660433290054493,0.0,0.5527707971703443,0.0,2.0,0.0,0.9768316469007547,0.9843214611323668,208,1400,3,-22.54806259822148,dumbbell,3,0,D,heatgeo_t,0.4939417197943342,2.3779535064256483
-0.5345814078956883,-0.6137871411763225,0.0,-0.4597338887053917,0.0,0.5527707971703443,0.0,2.0,0.0,0.984830508220725,0.9901144154060528,362,1400,3,-19.225024550522377,dumbbell,3,0,D,heatgeo_t,0.4939417197943342,2.3346733096446792
-0.18547241331213152,-0.9749623387878458,0.0,0.17819561325513944,0.0,0.5527707971703443,0.0,2.0,0.0,0.9787610240125232,0.985466360068844,1088,1400,3,-11.762262800203482,dumbbell,3,0,D,heatgeo_t,0.4958503597782311,2.3872321346589236
1.069440706616918,0.8662451943977945,0.0,-0.34669730725859144,0.0,0.5527707971703443,0.0,2.0,0.0,0.9838874704064382,0.9889714873519416,915,1400,3,-3.5550526795521264,dumbbell,3,0,D,heatgeo_t,0.4952190273536393,2.4156757906440385
-0.20515533554226467,0.05818319462518254,0.0,-0.1021784026784646,0.0,0.5527707971703443,0.0,1.0,0.0,0.981054166183596,0.9870981001658355,361,1400,3,2.5102588071524714,dumbbell,3,0,D,heatgeo_t,0.4912582933884597,2.3645982836769694
-1.162819798662327,-1.0875079606020928,0.0,-0.4875478642020679,0.0,0.5527707971703443,0.0,1.0,0.0,0.985087933854134,0.9904091589353948,405,1400,3,6.159382675542515,dumbbell,3,0,D,heatgeo_t,0.4939417197943342,2.339409331974758
0.45364432601808036,0.2630131917651404,0.0,0.3043220816365351,0.0,0.5527707971703443,0.0,1.0,0.0,0.9764691171240164,0.9849988376690644,919,1400,3,6.605360713324066,dumbbell,3,0,D,heatgeo_t,0.4952190273536393,2.4200309795459694
-1.3626218791596005,-1.0266678060079835,0.0,-0.1974956853152599,0.0,0.5527707971703443,0.0,1.0,0.0,0.9820431595128646,0.988462160202693,1107,1400,3,7.3857094587224115,dumbbell,3,0,D,heatgeo_t,0.4939417197943342,2.395988346198324
0.9301054192472837,1.9052294467650657,0.0,0.27122681836534596,0.0,0.5527707971703443,0.0,2.0,0.0,0.9762741008085086,0.9865309367849968,661,1400,3,8.355744883799076,dumbbell,3,0,D,heatgeo_t,0.49537120383538547,2.431491124672507
0.15536789316329083,0.49054210218339334,0.0,0.5888123184071681,0.0,0.5527707971703443,0.0,2.0,0.0,0.9733789328297576,0.9853035318542556,397,1400,3,9.17866914521766,dumbbell,3,0,D,heatgeo_t,0.49524958521116946,2.4777288481840647
-1.4418367029224235,-1.076527923809298,0.0,-0.44904548554003926,0.0,0.5527707971703443,0.0,2.0,0.0,0.98465459280143,0.989796067507954,460,1400,3,10.291751725325792,dumbbell,3,0,D,heatgeo_t,0.4939417197943342,2.339409331974758
-0.9412714148291699,-0.050551260162944534,0.0,0.4144857503796188,0.0,0.5527707971703443,0.0,1.0,0.0,0.975664195224272,0.9851317873729272,964,1400,3,11.41168825762969,dumbbell,3,0,D,heatgeo_t,0.48726452924606667,2.360055677773773
-1.1489575806107126,-1.4194857006563373,0.0,-0.26372059578825185,0.0,0.5527707971703443,0.0,2.0,0.0,0.9828095096452938,0.9888267362499352,319,1400,3,12.373259461365768,dumbbell,3,0,D,heatgeo_t,0.4939417197943342,2.395988346198324
-0.1976292116086495,0.35076800744944797,0.0,0.9937953212862248,0.0,0.5527707971703443,0.0,2.0,0.0,0.970144394550599,0.982849847886511,1323,1400,3,13.292811739534624,dumbbell,3,0,D,heatgeo_t,0.4913139455554951,2.4724196584786533
1.4518116318652374,1.4473794902555466,0.0,0.38477151800988224,0.0,0.5527707971703443,0.0,1.0,0.0,0.975914173680724,0.9844502651803926,185,1400,3,14.409416562572522,dumbbell,3,0,D,heatgeo_t,0.49582080828625386,2.4937575329333543
-0.4205597350793076,0.10065227052962776,0.0,-0.07331458252403396,0.0,0.5527707971703443,0.0,3.0,0.0,0.9807919976269022,0.9874548342936892,1222,1400,3,15.33757314504347,dumbbell,3,0,D,heatgeo_t,0.4912582933884597,2.3645982836769694
-1.15386754413448,-0.5213127216997012,0.0,0.45584206483568135,0.0,0.5527707971703443,0.0,1.0,0.0,0.9756927709656332,0.9844430204638944,190,1400,3,16.176736933411025,dumbbell,3,0,D,heatgeo_t,0.4939417197943342,2.373410900522452
-0.09991026901942797,0.35931824098868975,0.0,0.6605936289242308,0.0,0.5527707971703443,0.0,2.0,0.0,0.9741768234745242,0.9829838219564953,975,1400,3,17.079064983670342,dumbbell,3,0,D,heatgeo_t,0.4913139455554951,2.4646513771912777
-2.2049457515681055,-1.73345107796723,0.0,0.5944053306012752,0.0,0.5527707971703443,0.0,1.0,0.0,0.974581634450136,0.9832317652990288,1375,1400,3,17.851715608550524,dumbbell,3,0,D,heatgeo_t,0.49398039225543044,2.444879402244162
-1.9407823154946893,-1.9537887194269745,0.0,-0.2417502091411892,0.0,0.5527707971703443,0.0,1.0,0.0,0.9826069505924196,0.9882602326665104,327,1400,3,18.427504263358863,dumbbell,3,0,D,heatgeo_t,0.4939417197943342,2.395988346198324
-1.2807179168707643,-0.6980712810412428,0.0,-0.08952037349726577,0.0,0.5527707971703443,0.0,1.0,0.0,0.9810736830508668,0.987603924976686,281,1400,3,18.86173140901876,dumbbell,3,0,D,heatgeo_t,0.4939417197943342,2.373410900522452
0.7603896940853143,1.4127190896294117,0.0,-0.14712539016873544,0.0,0.5527707971703443,0.0,1.0,0.0,0.9810056131744715,0.9884298720670062,1261,1400,3,19.292051405337936,dumbbell,3,0,D,heatgeo_t,0.4952190273536393,2.433329796988566
0.40882268226163443,0.6492507560755202,0.0,0.2640905855501109,0.0,0.5527707971703443,0.0,3.0,0.0,0.976972153926155,0.9856339108793052,630,1400,3,19.5323352139822,dumbbell,3,0,D,heatgeo_t,0.4952190273536393,2.4200309795459694
-0.4512670944534016,0.30871139035217565,0.0,-0.4766807196351997,0.0,0.5527707971703443,0.0,1.0,0.0,0.9852065770669676,0.9900024272259424,356,1400,3,19.59838014117316,dumbbell,3,0,D,heatgeo_t,0.4912582933884597,2.3213180868960004
1.2625178254914078,1.1718943969825744,0.41436664828068537,-0.0421392537331575,0.9581939388244864,0.7301782792415509,0.29769270650358864,3.0,0.2503150474201058,0.1726561858742039,0.487885349291373,208,1400,3,-22.54806259822148,dumbbell,3,0,D,pca_denoise,0.013791774949512337,-0.530514435101908
-0.8652690351092679,0.3080083217057342,1.4656248894390371,-0.5794535514327216,0.5500643585295732,0.7301782792415509,-0.18844492076739577,2.0,0.2625975304551209,0.185648008391589,0.5080425234663221,362,1400,3,-19.225024550522377,dumbbell,3,0,D,pca_denoise,-0.3361603189594971,-0.01637255225585856
-0.8187517662256171,-0.11446760641828066,0.35157357583096627,-0.5649656672935874,0.15046627237211832,0.7301782792415509,0.20592430894749764,2.0,0.2550713674334331,0.1842236338588007,0.4833249769686002,1088,1400,3,-11.762262800203482,dumbbell,3,0,D,pca_denoise,-0.4837659265885887,-0.5140944982485386
0.38777173264330156,0.8062221494750487,0.49458446161523445,-0.7663428312406868,0.0375357545419761,0.322636914083476,0.05711868042765642,3.0,0.263900326769671,0.1851385368455427,0.4954024916061648,915,1400,3,-3.5550526795521264,dumbbell,3,0,D,pca_denoise,-0.3165410523796559,-0.5395712117349483
0.1699901157393642,-0.41291715411373847,1.257125199618941,-0.5528076808226853,0.5357792416637904,0.7301782792415509,0.07360696345666648,2.0,0.2613471432048309,0.1807728741828152,0.4987286491161244,361,1400,3,2.5102588071524714,dumbbell,3,0,D,pca_denoise,-0.17545444496933327,-0.07290046501752986
-0.07523879461688092,0.365771279562086,0.4202695464853406,-0.7109915526940982,0.4538524272988267,0.5264075966625135,0.14383339943542547,2.0,0.2550036590318546,0.1782703559665096,0.482196928493472,405,1400,3,6.159382675542515,dumbbell,3,0,D,pca_denoise,-0.4340739288031038,-0.8330345465996268
0.7913313944560704,1.237271531052999,-2.3589896324543087,0.017841757727480752,1.926770782547964,0.7301782792415509,0.9275825318053835,2.0,0.2240816069451398,0.1781364590359079,0.5366212516273476,919,1400,3,6.605360713324066,dumbbell,3,0,D,pca_denoise,0.021477232259545453,0.1224545825527859
0.415758097932994,0.4684155075627509,-0.1580762096599391,-0.724054817378139,0.3599969285848001,0.7301782792415509,0.23398459121816995,3.0,0.2347324174742298,0.1621226200652294,0.4553196553144293,1107,1400,3,7.3857094587224115,dumbbell,3,0,D,pca_denoise,-0.4317213826466122,-1.2506031652843743
2.5111655253955965,2.5660266538474183,-1.017154189323382,-0.26437880634522687,2.128576569600065,0.7301782792415509,0.5862776426565292,3.0,0.2217708571891323,0.200570492944304,0.5937320236947272,661,1400,3,8.355744883799076,dumbbell,3,0,D,pca_denoise,0.034317423385341495,0.21550668246806698
2.0889076128443516,3.089245855432967,0.05459710322759496,0.22809596619171063,1.689000699476256,0.7301782792415509,0.48907683827067044,3.0,0.2392220512164515,0.1799780459623266,0.5249909831006637,397,1400,3,9.17866914521766,dumbbell,3,0,D,pca_denoise,-0.0772781799903362,0.1795076871741025
-0.13392812186658848,-0.2753112156845337,0.45945080512547204,-0.6306167242192751,0.31347249171622543,0.5264075966625135,0.19292129083574028,2.0,0.2507227719235838,0.173194570981663,0.4753827163710249,460,1400,3,10.291751725325792,dumbbell,3,0,D,pca_denoise,-0.4654777149265494,-1.0319571523595923
0.6887732929715747,1.6569146578872687,-1.782170009527991,0.219741564240429,2.7039222265622254,0.7301782792415509,-0.05043464921182375,1.0,0.2039809595298374,0.1571712060945021,0.589382254164131,964,1400,3,11.41168825762969,dumbbell,3,0,D,pca_denoise,0.06239865302913128,0.05681262346067974
-0.3632452691087605,0.11142531575125497,0.9501208885528953,-0.7228804556061413,-0.0777859380791711,0.5264075966625135,0.6486764457618813,1.0,0.2602641911523294,0.1790540426550643,0.4850051741909145,319,1400,3,12.373259461365768,dumbbell,3,0,D,pca_denoise,-0.4844281375203631,-0.6854569540184638
1.1602625009231071,2.4188937303240783,-1.0441181579369885,0.3797578158294345,3.5059461178971993,0.7301782792415509,0.7231335911292583,4.0,0.2065448155204214,0.177557663764246,0.6387718453914266,1323,1400,3,13.292811739534624,dumbbell,3,0,D,pca_denoise,0.19761273004968838,0.15570726552486652
0.10128679838948139,1.7344115964207822,-2.0021822729476266,-0.24128180212628303,2.718361417861794,0.7301782792415509,0.8111612655501165,3.0,0.200457280192194,0.1759824927101072,0.5795276683746752,185,1400,3,14.409416562572522,dumbbell,3,0,D,pca_denoise,0.10098535046151613,0.3053012939094532
0.8079083339633264,1.248895455313847,-1.0474500202757426,-0.6208542693920713,0.4199062042550774,0.7301782792415509,0.05055108972697309,3.0,0.2531785085842929,0.1887509136976111,0.508346098155426,1222,1400,3,15.33757314504347,dumbbell,3,0,D,pca_denoise,-0.32384591020890385,-0.9371766145256452
1.0974173017325481,1.4304463473809481,-1.8183148948332613,0.1842663810462295,2.5061465433271817,0.5264075966625135,1.2296592083469737,1.0,0.2164682147430505,0.1729501810363222,0.5677931666423908,190,1400,3,16.176736933411025,dumbbell,3,0,D,pca_denoise,0.1599514202265736,0.15154595128466297
1.4550970262706748,2.3471795779634013,0.9524640912829158,-0.3251632959528174,1.2962876257618845,0.5264075966625135,1.060391296082303,1.0,0.2540206145179363,0.2222860893201975,0.5651154454109633,975,1400,3,17.079064983670342,dumbbell,3,0,D,pca_denoise,0.2060005339738895,0.3182252185337424
-1.7588657428347376,0.2745970627862744,0.1330347299158074,-0.23492762260326988,1.0872010664465845,0.7301782792415509,0.31266555498204057,3.0,0.2271767805143472,0.161217591076836,0.4753249457034322,1375,1400,3,17.851715608550524,dumbbell,3,0,D,pca_denoise,-0.41002873391943134,-0.6589514621541616
0.8728268352931459,0.7291017408874789,0.09254286649535381,-0.7022414693618564,0.4759998718886657,0.5264075966625135,0.34651541695315985,2.0,0.2340083214987542,0.191789891100487,0.4836462558858248,327,1400,3,18.427504263358863,dumbbell,3,0,D,pca_denoise,-0.4302020655947581,-0.8093919726738767
-0.4920415394022898,1.0349791306140983,-0.6602698150804434,-0.38456607509683577,1.114493388697929,0.7301782792415509,0.7297460876065041,3.0,0.2381671712488269,0.1779623670679544,0.5039671347406576,281,1400,3,18.86173140901876,dumbbell,3,0,D,pca_denoise,-0.10366677181886591,-0.3926865414529918
2.2750177722710196,2.2866400438262287,-0.32898648493948585,-0.6578042373160118,1.4241271108612743,-0.28867513365363634,0.5102463632065456,3.0,0.2461132858952749,0.2226346885263668,0.555518156050707,1261,1400,3,19.292051405337936,dumbbell,3,0,D,pca_denoise,0.24721530729162056,-0.20258358392642814
1.7185983813683035,2.1902733934370673,-1.2844431598393273,-0.5422314412152527,0.9576380624359268,0.322636914083476,0.5573839007486252,3.0,0.2511885332491582,0.2079059760129887,0.5452198280624654,630,1400,3,19.5323352139822,dumbbell,3,0,D,pca_denoise,-0.13500495579499083,-0.340418755137035
0.4093220779716714,0.4951602746636308,-1.6824457839250462,-0.8745218855879158,-0.10256624284634537,0.5264075966625135,0.5357097703625721,3.0,0.2505054329225096,0.1852469723457148,0.4781014210150411,356,1400,3,19.59838014117316,dumbbell,3,0,D,pca_denoise,-0.48891714755259336,-1.1637855611181074
0.3061156616486746,-0.45101637069904743,1.4799638111051805,-0.019841995179115394,0.5203767753569898,1.1936469432692425,1.2477629838153224,1.0,0.250326457094954,0.2636501348194086,0.5367976290687082,208,1400,3,-22.54806259822148,dumbbell,3,0,D,plain,0.024058613012959196,0.2096035027857299
0.2691569769756279,-0.043450338709259496,0.5976698895762055,-0.5634256198338673,-0.7026819418370793,-1.0754640775990205,0.05232161105965212,3.0,0.3094607977533812,0.2508586265238879,0.5065874999216496,362,1400,3,-19.225024550522377,dumbbell,3,0,D,plain,-0.42767211380797904,-0.061124081931975466
0.25119321753136986,-1.3286299576326033,-0.4226517551203804,-0.36224214367852,-0.3594396967931183,0.9100080656607096,0.2777864283215022,3.0,0.293077920711239,0.2473873566750393,0.499811474174559,1088,1400,3,-11.762262800203482,dumbbell,3,0,D,plain,-0.4425740757130677,-0.22905009403825535
0.5155958334753934,0.5051198612045247,-0.5681410083195289,-0.5940505096055981,0.7898189267781132,-0.5081863223819548,0.6713659600868952,2.0,0.2076417214643334,0.2876952718191318,0.5488872160415237,915,1400,3,-3.5550526795521264,dumbbell,3,0,D,plain,0.06211637669069103,0.25559100322206835
0.08579618866462814,-0.9678610730142391,0.7603872346548567,-0.2683175754594946,1.1236715047063435,-0.0827280059691555,1.2661412805942893,2.0,0.2136745295632574,0.2782999839501445,0.7154090499093958,361,1400,3,2.5102588071524714,dumbbell,3,0,D,plain,0.4824303549061457,1.3918937003984373
0.09211560665863604,-0.525531658807389,0.15114837676097115,-0.5114342307409641,0.5574907305857515,-1.0754640775990205,0.6100101223945743,1.0,0.2408361032591733,0.2689027199319395,0.5429783515781414,405,1400,3,6.159382675542515,dumbbell,3,0,D,plain,0.034905693813536254,-0.036629426324089054
0.5277982356749256,1.1202873016916053,-1.4265842409304754,-0.022785131522088994,0.7522055139808991,1.0518275044649759,-0.20507230924979436,3.0,0.2439746401638535,0.2776707915533341,0.5496368551255978,919,1400,3,6.605360713324066,dumbbell,3,0,D,plain,-0.14297014996416996,-0.19526952111255053
0.3771789575106713,-1.009824904951034,0.5280864761314005,-0.5320191321022053,0.31132370736814863,-0.9336446387947541,1.0602832532194686,1.0,0.2626229521919322,0.2605154727997913,0.5210577029357075,1107,1400,3,7.3857094587224115,dumbbell,3,0,D,plain,0.014936425550339805,-0.06085504286527965
0.6162144850198176,2.096713789601928,-1.665460205126342,0.3443229383880951,1.639198900771614,1.1936469432692425,1.5924184450449625,2.0,0.1996418318407098,0.2902446749360597,0.7649795275728027,661,1400,3,8.355744883799076,dumbbell,3,0,D,plain,0.4568584330243157,1.0823867218431604
0.6980409222736612,1.828139304831331,-0.0893276710015834,1.0011091457775585,1.4733330298384901,1.1936469432692425,2.0262073947536985,2.0,0.2047611259357987,0.2834991260668262,0.7537386336687641,397,1400,3,9.17866914521766,dumbbell,3,0,D,plain,0.456721028477691,1.270730432117365
0.23174983924267625,-0.3657389704193316,0.16272597516913354,-0.5143594390968578,0.059989765191375506,-0.6500057611862212,0.7023755216247521,1.0,0.2717404515242639,0.2584196897985407,0.5144609159776258,460,1400,3,10.291751725325792,dumbbell,3,0,D,plain,-0.38742950536753945,-0.15367037973987985
0.33050172085637813,0.3206002447509634,1.9271278274808716,-0.06725562463894283,0.7178436442984749,1.1936469432692425,1.1500956767959798,1.0,0.2446251350982077,0.2767249959726117,0.5410123686531267,964,1400,3,11.41168825762969,dumbbell,3,0,D,plain,0.0385755503514601,0.5910607405617399
0.48573043295060647,0.4313055349192388,-0.5921331003729982,-0.4873596214091491,0.7141467120935486,0.34273031044364377,0.5277227541245123,1.0,0.2205886977759536,0.2784219968742944,0.5388925767758909,319,1400,3,12.373259461365768,dumbbell,3,0,D,plain,0.009162422391736258,0.09460036548928591
0.583895587690937,1.4082681223880518,-0.4921163362859381,0.42525352141555284,1.3309477473264926,1.1936469432692425,1.1810188421047947,1.0,0.2367893972596337,0.279349759386727,0.7654065732175351,1323,1400,3,13.292811739534624,dumbbell,3,0,D,plain,0.4031399666643456,1.1216711577209173
0.6044793623767124,1.6365214491613118,-1.3699231121613542,-0.056905001730018966,1.5042291100607945,0.9100080656607096,0.5636490434827578,1.0,0.2060122128100974,0.2873801503028114,0.5616394000217528,185,1400,3,14.409416562572522,dumbbell,3,0,D,plain,0.2096007473456002,0.033587204440910165
0.39622571276260915,0.37678081937738206,-0.8340320590239633,-0.3824401917269307,0.3601380813047123,0.7681886268564431,1.0905825409392091,2.0,0.2490232786985574,0.2668373352019433,0.5275271337419906,1222,1400,3,15.33757314504347,dumbbell,3,0,D,plain,-0.23523442930385458,-0.469891739968721
0.36844903192147177,-0.23208494342092856,1.6171774017188603,-0.1634449168923264,0.24251210672603507,1.1936469432692425,2.1632178228556516,1.0,0.2695833614409689,0.2648753597767854,0.5238957677899276,190,1400,3,16.176736933411025,dumbbell,3,0,D,plain,-0.3008883998625545,0.44936712794946865
0.5494155937442122,0.7835362132268513,-0.2949231315011666,-0.17087327762562526,1.158061084483905,0.05909143283511093,0.8175899485399024,1.0,0.2111865558797611,0.2899472476694883,0.5606612437883588,975,1400,3,17.079064983670342,dumbbell,3,0,D,plain,0.31340201101975396,0.30057093011783853
0.2822505055337379,-1.0913661467959368,2.2016023361544663,-0.03354365632951689,-0.03412115231125072,1.1936469432692425,0.6788395532494174,1.0,0.2926803562899455,0.2572001730375322,0.5170430805404148,1375,1400,3,17.851715608550524,dumbbell,3,0,D,plain,-0.42718552334696824,0.5535085650298942
0.3847229113410005,-0.9531978501030359,0.41451289583285533,-0.4059550040566839,0.6310630607436787,0.6263691880521767,0.4684117733761763,1.0,0.2318334006596035,0.2771224416296854,0.5347242570353711,327,1400,3,18.427504263358863,dumbbell,3,0,D,plain,0.06521059962610776,0.2733057892630469
0.49898339964321314,0.8856926620999417,0.5382422235248745,-0.3425999059451012,0.36114240328945096,0.20091087163937738,1.1412696452200959,1.0,0.2458591274419496,0.2688949764521148,0.5369476237869759,281,1400,3,18.86173140901876,dumbbell,3,0,D,plain,0.018242154424982004,0.1996254675265331
0.5909541523419681,1.5815231955169589,-1.897542796153568,-0.2178183573970204,1.1386052184175044,-0.9336446387947541,1.0615824358910724,1.0,0.2146368392474573,0.2816265921611637,0.7307618676817846,1261,1400,3,19.292051405337936,dumbbell,3,0,D,plain,0.44304048433593934,1.2291595826152193
0.4227324384505675,0.8583408241910576,-0.6312443629806144,-0.12135222172756502,1.6823583877321961,-0.5081863223819548,0.9145357519077121,3.0,0.1896513553398545,0.2948568929584573,0.7695978842013389,630,1400,3,19.5323352139822,dumbbell,3,0,D,plain,0.4679315082878549,1.6377793814003088
0.2218427536936515,0.4252010106440242,-1.5884912139329879,-0.7214055190125259,-0.8291697400119149,0.34273031044364377,1.3327174938942514,3.0,0.3101034763721392,0.2483863082521049,0.4884991472295016,356,1400,3,19.59838014117316,dumbbell,3,0,D,plain,-0.4587970773419109,-1.2622479554130475
-22925457.31275773,-41.83095654181109,-1.1117213249266529,1.3429512973915025,-2.4855570545859904,-38.666354259938586,-9.690964492819225,3.0,0.2368419065025617,0.2018798202717448,0.4680769207069069,139,1400,3,-22.5473601470225,dumbbell,3,1,A,oracle,-0.4926375845253677,-0.573885510204028
-26524020.95441468,-37.32646880358847,0.25554820569666364,1.3542607249493404,-2.7978929126165255,-45.75026649076703,-12.484960595239068,3.0,0.2385550716326117,0.1834655171715669,0.4566367195747474,345,1400,3,-19.54807815522921,dumbbell,3,1,A,oracle,-0.48915184332527634,-0.4973568721331708
-18017614.73824779,-23.354040584471267,-0.04767691769165247,3.161004139967127,-2.040592714977602,-24.4985297982817,-10.712542366623067,3.0,0.2226828082734733,0.1982442048917684,0.4570771375459154,567,1400,3,-12.932922920056043,dumbbell,3,1,A,oracle,-0.4878652720746898,-0.09523034079276323
322266.4644395309,-7.8686277092642465,-0.29989021898924134,1.55261178205666,-2.8797588577734654,-38.666354259938586,-6.116257311225621,3.0,0.2535138552806317,0.2274503930978999,0.4637598502212782,957,1400,3,-4.475007189638757,dumbbell,3,1,A,oracle,0.05926291242373993,0.37292570422187343
11068822.418466762,9.280975159122855,1.9425762083482896,5.43916172739398,-2.511675051105664,-10.330705336624813,-13.065672545775174,3.0,0.2406489218964884,0.1796527601508639,0.4434173915399576,1152,1400,3,3.926638038346909,dumbbell,3,1,A,oracle,0.1456340048306931,0.21334775553633878
25649030.05414482,40.318713056214996,1.712681628559645,12.471397390886066,-2.422530925690417,0.2951630096178518,4.901536070731028,3.0,0.2739789937672601,0.2558075861734179,0.4628134534266791,23,1400,3,6.366942189056861,dumbbell,3,1,A,oracle,0.47026976323124103,0.14095888281511296
31242508.56662852,48.950853257558414,-0.23650163617968936,13.55408426688848,-0.9410963437664297,0.2951630096178518,3.5919478670650737,3.0,0.2217406891407967,0.2241053611171639,0.5009584024096221,705,1400,3,6.844623507345642,dumbbell,3,1,A,oracle,0.4250118652861047,-0.08057508307371142
28950312.13891416,51.178236588040896,1.3934753898926704,16.45251133321998,-0.6767456216282555,0.2951630096178518,4.109379147116603,3.0,0.2239056384218222,0.1880035581668496,0.5048227157950365,1234,1400,3,7.521507126122807,dumbbell,3,1,A,oracle,0.4271548554281932,0.1975808947665464
30670390.198460523,49.64984958230971,2.1243377247506956,16.37420301535388,-0.86473521515004,0.2951630096178518,0.24475102938596746,3.0,0.2138984510307192,0.1670802658775324,0.4831035411531814,1360,1400,3,8.426042437960886,dumbbell,3,1,A,oracle,0.46090162650710065,0.1655542971745195
36397455.245612375,58.75396424013748,1.324194851120654,16.15356484857022,-0.2317834552597173,0.2951630096178518,-4.31723337010168,3.0,0.2000134063473037,0.1705200491667741,0.5162007128595127,1389,1400,3,9.332303695601675,dumbbell,3,1,A,oracle,0.4968510035793723,0.23266968218849501
37511310.91820234,55.703268474038694,2.4812688238833784,16.346541305098317,-0.6597813113576138,0.2951630096178518,-3.4847323412153073,3.0,0.2107090149221733,0.1784028446364342,0.5049683434950539,771,1400,3,10.45608464159697,dumbbell,3,1,A,oracle,0.4994006924724035,0.31060420231894353
47138229.096486606,66.42392061227527,3.0553791650124307,12.017056987509749,-1.2712962333655884,0.2951630096178518,1.3854321221455355,3.0,0.239970988254446,0.2265275776709373,0.5041430759246467,337,1400,3,11.680628763081607,dumbbell,3,1,A,oracle,0.4996497828123606,0.34945999307606584
40600494.96532185,64.15097129537949,1.6827558911602867,13.94522630898066,-1.1763365181112084,0.2951630096178518,-1.893798102777039,3.0,0.2240209436312558,0.1963475288848677,0.5051151546013387,868,1400,3,12.58921273445755,dumbbell,3,1,A,oracle,0.49652671051175357,0.27412145611647676
40854262.20150802,32.34717992430593,2.4606186558633416,7.491804306117743,-2.2660924283137955,-6.788749221210592,-5.717558192102755,3.0,0.2585968354320552,0.2076451330768864,0.4872075844141642,584,1400,3,13.716086562755594,dumbbell,3,1,A,oracle,0.49983141048925606,0.2831826026624527
50965858.73805539,73.75839260415516,2.154891076754643,13.655959888748939,-0.754315071601355,0.2951630096178518,2.863739777781655,3.0,0.2316542754958237,0.1979956011708907,0.5238065134139449,1131,1400,3,14.727809699382144,dumbbell,3,1,A,oracle,0.49748106129072645,0.34755666711160743
33140188.47202964,42.804759611556214,1.1254273820255125,5.494166117763643,-1.5750260615893412,-3.2467931057963697,-6.876182477373106,3.0,0.2302949005551752,0.2191667662976934,0.5011746119493785,1242,1400,3,15.448150608364813,dumbbell,3,1,A,oracle,0.49613219882008064,0.1737675576133401
47578435.74394603,72.19268225281799,1.9904456552936491,13.983486330162519,-0.49272001759323125,0.2951630096178518,-2.5719518911773953,3.0,0.2153551978160974,0.1866798515931735,0.5035275626136225,760,1400,3,16.44847809418128,dumbbell,3,1,A,oracle,0.4980812078022696,0.3251803682954533
36508572.49607014,43.987006659186136,2.811500063835712,10.651998377186873,-1.2118602967025367,0.2951630096178518,-1.6805946197611958,3.0,0.2090885839644826,0.1401527680216606,0.4636386150525224,818,1400,3,17.183175550659318,dumbbell,3,1,A,oracle,0.49970842746203314,0.22604625794574024
45566985.56096178,68.04123579421704,2.714262447471372,14.229297346562433,-0.6811942436016099,0.2951630096178518,2.4508938943488507,3.0,0.2285136599984183,0.1823070772813818,0.5296417559665894,33,1400,3,17.845054462424237,dumbbell,3,1,A,oracle,0.49932619328364736,0.3687382828394765
54663091.41529361,77.73233190557072,1.3496823195481893,11.001001918633266,-0.9502587229748624,0.2951630096178518,-10.013599749616047,3.0,0.246518107944793,0.2218118948399028,0.526711619501808,757,1400,3,18.477853740953684,dumbbell,3,1,A,oracle,0.49919283413999715,0.40363868960075233
47356800.84510154,67.30306371495675,1.6350882906477018,10.050428187725403,-0.5835223250141833,-3.2467931057963697,-10.308579804733634,3.0,0.2209614383841361,0.205662186942786,0.4985438864483253,1033,1400,3,18.953242809572934,dumbbell,3,1,A,oracle,0.4993978547195347,0.32887541383548435
49457155.256412804,66.32083219752313,2.530613750558484,9.62475242358124,-1.1955240527486022,-3.2467931057963697,-11.575082114040075,3.0,0.2309738535394737,0.2033052109342736,0.4933621571101947,935,1400,3,19.316911019284746,dumbbell,3,1,A,oracle,0.4998706315402657,0.4013243002843953
51123062.07591627,68.76407286012271,2.7427805805741645,9.974312019306963,-1.5629059029447898,-3.2467931057963697,2.067334546739681,3.0,0.2519407371366314,0.2124099414973161,0.5037601081005473,417,1400,3,19.53154101653702,dumbbell,3,1,A,oracle,0.499768005875071,0.36845181404124777
49947493.86340132,68.94982111086418,0.6706254164929141,11.240747890059954,-0.10845209376100895,0.2951630096178518,-11.322420358406351,3.0,0.2110204133537385,0.2220576930581113,0.5225142746575311,1008,1400,3,19.598409833538604,dumbbell,3,1,A,oracle,0.4987130170361497,0.33791061384761484
-0.48000740417746074,-0.3285424759217496,-1.2702608017552075,-0.9968894743284428,0.2385353216355237,-0.9232927961296047,1.1212317727716368,3.0,0.2463939152239676,0.2914512755364636,0.5673639544328591,139,1400,3,-22.5473601470225,dumbbell,3,1,B,diffdist_t4,-0.19162857357852858,-0.18787664715872737
-0.7155828030245475,-0.49335070636596806,-2.24364193857919,-0.9403709683134522,0.5259309923402129,-0.9232927961296047,1.3882469296524145,3.0,0.2372313390887526,0.2649756517862086,0.5959472457681947,345,1400,3,-19.54807815522921,dumbbell,3,1,B,diffdist_t4,-0.18865093421091167,-0.38173514511226836
-0.23439546744330353,0.11357355459522654,0.7729664516594857,-0.6051146648799438,0.8566073689126342,0.09551304787547635,-1.3347819782402897,3.0,0.2126688129938747,0.2334058710145331,0.5634305723235425,567,1400,3,-12.932922920056043,dumbbell,3,1,B,diffdist_t4,0.26722206229067114,0.11687380894890301
0.16595813558882877,0.16717050774323283,-0.365119367666393,-0.826646659368746,0.012902175633202846,-0.5412406046276993,0.7095667385977494,3.0,0.2639927249170761,0.2801714989701951,0.5460320636017089,957,1400,3,-4.475007189638757,dumbbell,3,1,B,diffdist_t4,-0.14215338210280776,-0.036543324962885634
-0.08651030216613696,0.18891173829408733,-0.0858987649128759,-0.4459151187836387,0.20043258881465603,0.47756523937738177,-0.2669412903556042,4.0,0.2607427671895968,0.2321923766264032,0.5329674648837865,1152,1400,3,3.926638038346909,dumbbell,3,1,B,diffdist_t4,0.14564200658397852,-0.10634231743454475
0.3280291008054362,0.3301012680451134,0.7786921475131067,-0.4695971238917381,0.29154743522076526,0.8596174308792871,3.4871142409143716,3.0,0.260212483125037,0.3337473124694313,0.5267390908395871,23,1400,3,6.366942189056861,dumbbell,3,1,B,diffdist_t4,-0.14586684498665403,0.2525121033916988
0.4288831014795558,0.6885511720178624,-1.5070305051069,-0.47562717453642783,0.3573007208680335,0.8596174308792871,3.247436200688731,3.0,0.2378039183953317,0.2781680975799561,0.5265545788086518,705,1400,3,6.844623507345642,dumbbell,3,1,B,diffdist_t4,-0.22493085302243931,-0.22532255060050882
0.17369999345081064,-0.19278268721938557,1.789963610336618,-0.0475005909233769,0.7611305736587776,0.8596174308792871,3.0791088196991008,4.0,0.2480161158877914,0.216853005550415,0.5822512379779896,1234,1400,3,7.521507126122807,dumbbell,3,1,B,diffdist_t4,0.0367070179138862,0.447409217665642
-0.5137718078391855,-0.03490298398085893,-0.5294332477024106,0.05125734176209602,1.2081223129091978,0.8596174308792871,3.406022037140831,4.0,0.2139643816702118,0.1911289734568763,0.6051535786035445,1360,1400,3,8.426042437960886,dumbbell,3,1,B,diffdist_t4,-0.12738611733910765,-0.09098707682949884
-1.2292105701186116,-0.3224117952266536,0.7389917321955167,-0.10269079969061037,1.1520827593650176,0.8596174308792871,2.648297212098798,4.0,0.1895067301241583,0.1915387037881598,0.5978452260791872,1389,1400,3,9.332303695601675,dumbbell,3,1,B,diffdist_t4,-0.0032119193938967006,0.20592120135192296
-0.27832847970548624,0.17943005810226584,0.8789013641210318,0.05482117966575642,0.8614740547499679,0.8596174308792871,1.6223212904876425,4.0,0.21487452462025,0.1955171644645351,0.6085987754617983,771,1400,3,10.45608464159697,dumbbell,3,1,B,diffdist_t4,-0.16138387549110322,0.11130299132472544
-0.0721337400159873,0.32966544422609523,0.018119328834956008,-0.24625536347104987,0.7468359114848337,0.8596174308792871,3.005279150633763,4.0,0.2301626908039314,0.2128187324840718,0.568308454659591,337,1400,3,11.680628763081607,dumbbell,3,1,B,diffdist_t4,-0.046513189315095016,0.07964231970355144
-0.49815596107361293,-0.8399461358725355,1.174225742025605,0.025712838135107528,0.9861273975419313,0.8596174308792871,2.624923406600754,4.0,0.225993111486791,0.1937713051774704,0.6236804887451624,868,1400,3,12.58921273445755,dumbbell,3,1,B,diffdist_t4,-0.04749838241561277,0.005568756700681947
0.4172947248370239,0.4012554494197069,0.6777469954526862,-0.2705310153724424,0.279256009347903,0.732266700378652,1.4901500659362514,9.0,0.2703338186382192,0.2468650830605955,0.5567168514281231,584,1400,3,13.716086562755594,dumbbell,3,1,B,diffdist_t4,0.0982667803254792,-0.39078735531775954
0.008899902367887205,0.05222037479639672,1.341785225118309,-0.13769779917868122,0.6339633657046725,0.8596174308792871,1.536454325315064,4.0,0.242618810635053,0.2173021955553668,0.5762644131552427,1131,1400,3,14.727809699382144,dumbbell,3,1,B,diffdist_t4,-0.041823389741887984,0.041952175632106965
0.05624178693540266,0.24435673292137391,-0.1346849157956151,-0.5552915156864834,0.3694094987252089,0.732266700378652,-0.2446805671342706,9.0,0.242215757952136,0.2397348179540977,0.5632591451605653,1242,1400,3,15.448150608364813,dumbbell,3,1,B,diffdist_t4,0.1999472532365303,-0.5107762613174018
-0.550666187246957,-0.2118908757656416,2.314458192859325,-0.019107000644857493,1.102135400924717,0.8596174308792871,2.8545831534758417,4.0,0.2090943407085696,0.1966864944952913,0.6079875683542902,760,1400,3,16.44847809418128,dumbbell,3,1,B,diffdist_t4,0.20993734670201347,0.5167118896764622
-1.1561202211685422,-0.5155342601933353,1.6760723257621115,-0.08974585146403533,1.0322155801669148,0.8596174308792871,0.8793473848926043,4.0,0.2079132110532652,0.1791233311803172,0.630436038086219,818,1400,3,17.183175550659318,dumbbell,3,1,B,diffdist_t4,6.599196524204043e-05,0.24720052471908574
-0.8795471485542384,-1.0874509093336933,2.7141270568567486,0.0726832355683917,1.0267970223682046,0.8596174308792871,3.0364509264562556,4.0,0.2202500943559265,0.1926666357254906,0.6380842379134761,33,1400,3,17.845054462424237,dumbbell,3,1,B,diffdist_t4,0.3872860351894004,0.48437640246855934
0.05597439549335213,0.30309861404796035,1.3076761514058066,-0.40036344284540615,0.01397155030569202,0.8596174308792871,3.308045983241528,4.0,0.2681288725525598,0.242501454763654,0.534424249081211,757,1400,3,18.477853740953684,dumbbell,3,1,B,diffdist_t4,-0.1293114357541265,0.18117228013705738
-0.788978165599926,0.23653216047241124,0.922799033094945,-0.20371601140874143,0.8644514138013795,0.8596174308792871,3.062132075917973,4.0,0.227343821327027,0.1881114801210338,0.5758363814137377,1033,1400,3,18.953242809572934,dumbbell,3,1,B,diffdist_t4,-0.15409695664943351,0.10437617749753568
0.27313759480508065,0.4596300137115035,0.60947467619995,-0.3290028681335732,0.5902073822047229,0.8596174308792871,0.8405097106795906,4.0,0.2413868848261224,0.2547293954199262,0.5602507186866101,935,1400,3,19.316911019284746,dumbbell,3,1,B,diffdist_t4,-0.035710188079101146,0.03645306058523881
-0.03872112905415938,0.3338239715377182,0.8411514286308218,-0.3334108919611986,0.22456667634979507,0.8596174308792871,3.7037227243943502,4.0,0.2722942264851774,0.2776184187983537,0.5659375087367609,417,1400,3,19.53154101653702,dumbbell,3,1,B,diffdist_t4,-0.06234003439981217,0.12853825634487423
-0.004120857343728587,0.054776099821223466,0.9075577985890934,-0.0861770200462762,0.6461870350555864,0.8596174308792871,3.3819953744553373,4.0,0.2342499577121606,0.2163200249784977,0.5720771582501226,1008,1400,3,19.598409833538604,dumbbell,3,1,B,diffdist_t4,-0.10344557558663675,0.10833982226529064
-1.2615511923834197,-1.5128036132473408,-0.6459061584531619,-1.05800970950734,2.306258707324776,-0.6959542041148138,0.632404285104909,3.0,0.2123382706210787,0.2854029076656936,0.5908768424148892,139,1400,3,-22.5473601470225,dumbbell,3,1,B,diffdist_t8,0.3282394242340344,0.6322827201862392
-1.9618628562938871,-2.113459655151874,-1.281622161272597,-1.033783289085136,2.981424813649247,-1.0755655881774395,0.457304142544805,3.0,0.1894181666025726,0.2760543231506301,0.6024109510025552,345,1400,3,-19.54807815522921,dumbbell,3,1,B,diffdist_t8,0.4242612433776273,0.4075794783240126
-2.1444015085770642,-1.5874934056438779,-0.9111911323443329,-0.6826998087230074,2.902687347875244,0.06326856401043762,0.3507933528966077,4.0,0.1734502942042584,0.2454556735349305,0.5824592076204894,567,1400,3,-12.932922920056043,dumbbell,3,1,B,diffdist_t8,0.4354814648266264,0.03159163107679833
-0.3244910817219142,-0.9388050590221245,-0.46718856005278375,-0.8315997500757185,1.5082774914223516,-0.18980569203131284,1.041961952345558,3.0,0.2274288378109006,0.2700231455886576,0.553101960337455,957,1400,3,-4.475007189638757,dumbbell,3,1,B,diffdist_t8,0.30111193405363346,-0.06685295852759578
-1.1250649831222825,-1.1296479509365083,1.3777674567647948,-0.4244813018699416,0.886343464059017,0.6959542041148138,-0.22648601086608966,4.0,0.2356558650590405,0.2129597729791093,0.4919547015177426,1152,1400,3,3.926638038346909,dumbbell,3,1,B,diffdist_t8,0.0640005637686808,-0.34098137795578204
0.17395725342959967,0.3109396207799945,-1.5523499712257738,-0.16388946781202063,0.27259307051793047,0.822491332135689,2.7856858208326636,4.0,0.2618073612919366,0.2629130817486548,0.448724624874235,23,1400,3,6.366942189056861,dumbbell,3,1,B,diffdist_t8,-0.4662154695906617,-1.0200033549154588
-0.2899975421162514,0.4219223039745558,0.674310077953241,-0.22840790863804988,0.1121917498318354,0.822491332135689,3.4251201939796707,4.0,0.2355282543750462,0.2167112309991277,0.4240916638124917,705,1400,3,6.844623507345642,dumbbell,3,1,B,diffdist_t8,-0.4815478291719539,-0.577461250650122
-0.9019849362929497,-1.76761717860137,1.2606221645582159,0.12338383641970269,1.0734097721921503,0.822491332135689,2.5612437643097925,4.0,0.215634127720378,0.1607858717332068,0.4885157562948213,1234,1400,3,7.521507126122807,dumbbell,3,1,B,diffdist_t8,0.027654838244727697,-0.5632382797536677
-2.7145797467679147,-1.2561137399338957,0.7155839457440151,0.21347403421393088,1.4134839272192479,0.822491332135689,2.8391152308744374,4.0,0.1932631682839499,0.1450730918091721,0.4919001646942558,1360,1400,3,8.426042437960886,dumbbell,3,1,B,diffdist_t8,0.025050596548316206,-0.4576816753476401
-2.9570168117470277,-1.7583145666217983,0.9326098803188628,0.01076734541155443,1.3197194357397317,0.822491332135689,2.7275638709186363,4.0,0.175628471113699,0.1390448011000471,0.4810460545738216,1389,1400,3,9.332303695601675,dumbbell,3,1,B,diffdist_t8,-0.295654748139618,-0.44791428526164523
-2.2661848880235897,-1.0840017484084765,1.2240777266956815,0.20777664481197505,1.2645084604199839,0.822491332135689,3.090029841405877,4.0,0.1927218711135975,0.1515067239290356,0.500095617972168,771,1400,3,10.45608464159697,dumbbell,3,1,B,diffdist_t8,0.10308851468531166,-0.23230647238534413
0.16442897704233075,-0.43614744200365335,0.5560588233483943,-0.14225007113482502,0.907015821897106,0.822491332135689,2.905880827575279,4.0,0.2126866347542648,0.185467317422492,0.4673494238002414,337,1400,3,11.680628763081607,dumbbell,3,1,B,diffdist_t8,-0.33072800320822554,-0.40721162169142716
-1.2365922046475692,-1.64053394671916,0.5626940625824705,0.11757419455823011,1.4453513842451113,0.822491332135689,3.448470391399166,4.0,0.1984900862269155,0.1596637493962284,0.5160927547274452,868,1400,3,12.58921273445755,dumbbell,3,1,B,diffdist_t8,0.09683091895803109,-0.13745990646587064
0.20806025740481923,-0.8926911857275048,1.9492214170200244,-0.18007188126271995,0.6711693688958307,0.6959542041148138,1.7330012994621036,3.0,0.256060195405938,0.2316809895677518,0.4724924533782483,584,1400,3,13.716086562755594,dumbbell,3,1,B,diffdist_t8,-0.3469287854078696,0.11888173450949058
-0.7846110496561479,-1.198224946991241,1.3018852013653055,0.012233314191482193,1.0347490366772671,0.822491332135689,2.818765566614237,4.0,0.2218394907833536,0.1756966134408326,0.4842154323274144,1131,1400,3,14.727809699382144,dumbbell,3,1,B,diffdist_t8,-0.36860689487060444,-0.4454190353039818
0.040980874631067955,-0.030603080556995448,-0.22122806859566368,-0.485654952560215,1.0868879443872976,0.4428799480730633,2.8312961817865094,3.0,0.2317429142599112,0.22148595020704,0.5181548861438855,1242,1400,3,15.448150608364813,dumbbell,3,1,B,diffdist_t8,0.26272028436267514,-0.3056159317685375
-1.940925619756362,-1.067500832556676,1.2811131235909716,0.07895145678612116,1.3582589667662215,0.822491332135689,3.6371504425988475,4.0,0.1968358644448551,0.1667239699642204,0.5003218266161729,760,1400,3,16.44847809418128,dumbbell,3,1,B,diffdist_t8,0.10308851468531166,-0.23230647238534413
-2.653262859364441,-2.2134106914407434,1.2040197930935164,-0.08853928279811486,1.4312951598745387,0.822491332135689,1.8675637058986851,4.0,0.191079500773191,0.1469901749801564,0.5194965294747982,818,1400,3,17.183175550659318,dumbbell,3,1,B,diffdist_t8,0.10843289261493061,-0.21584234630874494
-1.9613769798522138,-2.644134089887042,1.385349868333646,0.1335994773922549,1.4296740498422473,0.822491332135689,3.5194469113093447,4.0,0.196779319096664,0.1479583215225866,0.507466770072078,33,1400,3,17.845054462424237,dumbbell,3,1,B,diffdist_t8,0.14878692262594495,-0.12040887641521615
-0.5429040680151289,-0.41490820545655627,1.3059028361966996,-0.23183228511642787,0.29820800754146426,0.822491332135689,3.231116210279589,4.0,0.2441468927719278,0.1964122887326427,0.436546782390503,757,1400,3,18.477853740953684,dumbbell,3,1,B,diffdist_t8,-0.4790874185369496,-0.5789618574174151
-1.3599816768260768,-0.39890374427599584,0.4410898492964884,-0.18484193399083837,1.1076919955637416,0.822491332135689,2.909147733509321,4.0,0.219109845879858,0.1874791049939257,0.4818019964132461,1033,1400,3,18.953242809572934,dumbbell,3,1,B,diffdist_t8,-0.4212173152602279,-0.4923452746660904
-0.4238918753102049,-0.28304326984909445,0.7690788642399826,-0.20440467189573525,0.7888834011112097,0.822491332135689,2.8250732547214206,4.0,0.2349031268718669,0.2078673872081087,0.4617311947571482,935,1400,3,19.316911019284746,dumbbell,3,1,B,diffdist_t8,-0.46988657174392795,-0.5533836396473889
-0.8471082883886127,-0.39560861209380843,1.0087966177411738,-0.13517487211636775,0.6103153922990462,0.822491332135689,3.6616198832076297,4.0,0.2463405918173732,0.2156422064122924,0.4737614599883155,417,1400,3,19.53154101653702,dumbbell,3,1,B,diffdist_t8,-0.47094297528288437,-0.5293509962445662
-1.2398523767190202,-1.3453362632421362,1.117581848656253,0.032915318380737905,1.0108402859134584,0.822491332135689,3.08620969341914,4.0,0.2128354578067794,0.1746177946451395,0.4705478883263362,1008,1400,3,19.598409833538604,dumbbell,3,1,B,diffdist_t8,-0.3358871046819452,-0.5607243411543881
0.2939428436383389,1.8038223616478126,-3.8620754955867422,-1.2468968878978568,2.813452250324387,0.609271793299488,1.683571120727386,2.0,0.1903766205289918,0.1581842612301184,0.5217824177104466,139,1400,3,-22.5473601470225,dumbbell,3,1,B,fb_potential,0.12642206631816544,-0.44220858856081935
-5.651475730012513,-1.949458697266007,-0.8171071225129165,-1.6451562451824409,0.893613079284348,0.3481553104568503,-0.07399186533344088,3.0,0.2186435968616068,0.1631264844730606,0.4729547601306023,345,1400,3,-19.54807815522921,dumbbell,3,1,B,fb_potential,-0.29960303791392073,-1.5703389323022343
0.4193956783245031,0.3512478736100892,1.5430423432852238,-1.2929031825582906,1.0867842694389223,0.3481553104568503,0.403908641666792,3.0,0.2035478444441611,0.1333647606140542,0.4691986844137392,567,1400,3,-12.932922920056043,dumbbell,3,1,B,fb_potential,-0.32722531116163167,-0.5446114668052452
-0.9135101928985175,-0.5696315837342333,-3.307010681284598,-1.1961321208023452,2.9829214920924385,0.609271793299488,0.27008448908327404,2.0,0.1888494853258538,0.154010611304055,0.5239984977057891,957,1400,3,-4.475007189638757,dumbbell,3,1,B,fb_potential,0.3114530466586668,-0.10539285111240994
1.221274730923759,0.824758062247625,-0.3739337298130355,-1.4905513829748167,0.044296370145469666,0.3481553104568503,-0.5788470773305937,3.0,0.249859411352513,0.1684056825080949,0.4691757811500194,1152,1400,3,3.926638038346909,dumbbell,3,1,B,fb_potential,-0.4638324094714754,-1.0968970909237756
2.8232607249511097,3.05402974400449,-0.4352646125335666,-1.570969715574208,-0.36091805718740405,0.3481553104568503,1.855770112791122,3.0,0.2539364597249576,0.1753068024211343,0.4851273217561687,23,1400,3,6.366942189056861,dumbbell,3,1,B,fb_potential,-0.48034410936677335,-1.0151608043545057
-0.01837194882928437,0.7536042590566737,-1.1684787674365917,-1.0421699240207596,0.8986045989681594,0.609271793299488,1.3515330230082174,3.0,0.2235101649903776,0.1627657474385499,0.4647295883390087,705,1400,3,6.844623507345642,dumbbell,3,1,B,fb_potential,-0.3062498132610905,-1.463118649681727
-1.260631481577796,-0.5116178662442598,-0.9395890840874221,-1.1440364716889937,1.2209709885104498,0.609271793299488,2.5411042620165407,3.0,0.212393737085361,0.1463497459938328,0.4969037411163051,1234,1400,3,7.521507126122807,dumbbell,3,1,B,fb_potential,0.15441931928814057,-1.0392936818816632
-1.416145965545326,0.473737881764481,-0.8386048736288287,-0.9087185095278724,2.0014134285377088,0.609271793299488,1.8288174793694787,3.0,0.2083377367454398,0.1430310095009805,0.5199005824857875,1360,1400,3,8.426042437960886,dumbbell,3,1,B,fb_potential,0.17580926675925423,-0.5706916188477598
-0.5085534131163664,0.35741510144227656,-3.1923607664750655,-0.7639860553568105,3.452820544368956,0.609271793299488,1.5892117107791595,3.0,0.180230171446022,0.1434644790684772,0.5181556140353735,1389,1400,3,9.332303695601675,dumbbell,3,1,B,fb_potential,0.3223162506793624,-0.4006956544873686
-4.448108615710119,-0.7417303997638359,-1.1880754748349596,-1.422026251251524,0.1410000709188868,0.609271793299488,0.5404191760632434,3.0,0.2076336254043005,0.1343045853673463,0.4184730836324496,771,1400,3,10.45608464159697,dumbbell,3,1,B,fb_potential,-0.45707523969485786,-1.8355677061545908
-0.6439397350937105,0.9132285150920024,-0.2661497018756847,-0.8602469278756518,1.6250944921764383,0.609271793299488,0.9771347262196126,3.0,0.2206744307761109,0.1687794658131389,0.4917153651953678,337,1400,3,11.680628763081607,dumbbell,3,1,B,fb_potential,-0.023923603124346104,-0.9078972401495902
0.4106609176924476,0.4253919620597954,-2.8178791184164886,-1.1510452698917286,-0.14138443243875243,0.609271793299488,0.7317029813897823,3.0,0.2253677426916377,0.1465472940850629,0.4248723643764167,868,1400,3,12.58921273445755,dumbbell,3,1,B,fb_potential,-0.4825056811106225,-1.422764493338011
-0.3049518978032013,-0.8365416764278515,-3.8043830557589198,-1.2342481912085912,0.6968707458441578,0.3481553104568503,2.562819635010397,3.0,0.2348125923883323,0.1531448968515628,0.4848314248563031,584,1400,3,13.716086562755594,dumbbell,3,1,B,fb_potential,-0.40669530597919196,-1.3824004478346346
1.0589192883736567,1.378657903394341,-0.2683519948609777,-1.3032609255361598,1.3327269494511762,0.609271793299488,0.015794601932241262,3.0,0.231148654431903,0.1676417697885123,0.5223253943049228,1131,1400,3,14.727809699382144,dumbbell,3,1,B,fb_potential,-0.07153845186053792,-0.5829865907603576
-1.7986693498144009,-0.29786243757073244,-2.802268157629089,-1.187315941706415,3.0183718491992644,0.609271793299488,0.5890954595002256,2.0,0.1882348378903659,0.1519379722466619,0.5210993170264618,1242,1400,3,15.448150608364813,dumbbell,3,1,B,fb_potential,0.21584517203812437,-0.48792502095225043
-1.4298646370891337,0.20287370714621383,-0.7708943427583056,-1.4063253666129882,-0.13440376418854047,0.609271793299488,2.4275775798454657,3.0,0.2297819088976238,0.1498427446009138,0.442196025649291,760,1400,3,16.44847809418128,dumbbell,3,1,B,fb_potential,-0.491819692622395,-1.2392694716944355
-0.8895183899614421,-1.2896017230370087,-0.4122335921683715,-0.9526197747886199,1.9210549344997614,0.609271793299488,-1.011556893516541,3.0,0.2164117758928319,0.1517329229751121,0.5017672529943286,818,1400,3,17.183175550659318,dumbbell,3,1,B,fb_potential,0.09112399497995438,-0.2312085214043193
1.0819373183455832,0.49126686128089053,-0.6287953383809787,-1.1755824218912632,1.4165509132571497,0.609271793299488,1.1746015138725134,3.0,0.2119439575907032,0.1447586112731488,0.4758752196683873,33,1400,3,17.845054462424237,dumbbell,3,1,B,fb_potential,-0.35919464029332115,-1.0708162238878518
1.099214312826322,-0.26015421083134793,0.19637748495183543,-1.3710570578960317,1.4184623607076754,0.3481553104568503,-0.2737323520779992,3.0,0.2344261122522979,0.1773844082464489,0.5329979835134857,757,1400,3,18.477853740953684,dumbbell,3,1,B,fb_potential,0.15122649210801564,0.13855722484176614
-3.0992934803489742,0.8893472297547119,-1.6943867562235808,-1.0553557154890525,2.4314082957454444,0.0870388276142126,0.13676807884947406,3.0,0.2087517971560736,0.1599636228474403,0.5123786335920519,1033,1400,3,18.953242809572934,dumbbell,3,1,B,fb_potential,0.12267862315964928,-0.6795076063580595
2.6376551739760314,2.562724044719811,-2.288502350240469,-0.3954137132628365,4.027594346764302,0.609271793299488,1.531436965533765,3.0,0.2112150004468808,0.1711063285463995,0.5743342327194674,935,1400,3,19.316911019284746,dumbbell,3,1,B,fb_potential,0.07415494116172339,0.15544384465878106
0.7751885171053837,1.4355473932670648,-0.629853315553318,-1.0521962572411556,1.9654036233965888,0.609271793299488,1.4944451892663133,3.0,0.219038076744449,0.1684099348778907,0.5062020834732451,417,1400,3,19.53154101653702,dumbbell,3,1,B,fb_potential,-0.056859035047434725,-0.3486919866417273
0.929789844750017,0.7112611642288729,-1.2099207654321713,-1.5980037904980677,1.036203951048918,-0.17407765522842508,-0.8957980518907112,3.0,0.2164732501069907,0.1678604436528875,0.5004355978785795,1008,1400,3,19.598409833538604,dumbbell,3,1,B,fb_potential,0.1145565331487236,-0.9270743163351369
-1.985846494118304,-2.8912323338790946,-5.019880461323949,-0.7171648114003351,5.302466761800443,0.5320836270091036,1.387706926135709,3.0,1.2957314361109645e-05,0.7381548238088037,0.8086200195117297,139,1400,3,-22.5473601470225,dumbbell,3,1,B,heatgeo_4t,0.4967169124747167,2.101566153732728
-2.774203758675386,-2.2874745708218365,-4.92818424771104,-0.6558627483693276,5.2013445407841665,0.31191109169499176,1.387561550286101,3.0,1.4050499917395255e-05,0.7335799555566748,0.8104226294799318,345,1400,3,-19.54807815522921,dumbbell,3,1,B,heatgeo_4t,0.4967169124747167,2.0283902178232722
-1.9599152190949605,-2.874307337355804,-4.857114903826567,-0.5915632810755297,5.201351226400461,0.5320836270091036,1.3879132945407162,3.0,1.400711983217405e-05,0.7365516317526609,0.8047733213517936,567,1400,3,-12.932922920056043,dumbbell,3,1,B,heatgeo_4t,0.4967169124747167,2.263770359662977
-1.0752690000741385,-2.576770431638331,-4.973619656878117,-0.7428707299499884,5.358672879461284,0.5320836270091036,1.3876120217214583,3.0,1.230222953465604e-05,0.7469249949466176,0.8034938088129767,957,1400,3,-4.475007189638757,dumbbell,3,1,B,heatgeo_4t,0.4967169124747167,2.101566153732728
-2.3152474553927993,-3.0847880466122386,-4.795221657358221,-0.3942817994082499,5.15634052868838,0.5320836270091036,1.3879327420983991,3.0,1.4448263919203675e-05,0.736971036981282,0.8078441551239299,1152,1400,3,3.926638038346909,dumbbell,3,1,B,heatgeo_4t,0.4971388984744889,2.2912352224154775
1.3775630009034034,-0.8283740754637798,-4.937589635310711,-0.1737816105638817,5.4376189826574945,0.5320836270091036,1.3876189321520114,3.0,1.1448154748937226e-05,0.7500878800580777,0.7985049643867138,23,1400,3,6.366942189056861,dumbbell,3,1,B,heatgeo_4t,0.49621957727305677,2.3861069977105545
-0.12228541590938824,-1.236013585535038,-4.7285835412463575,0.10060463300061122,5.129447708637748,0.5320836270091036,1.3875541719691764,3.0,1.4761818177654789e-05,0.7351323943242681,0.8081554152234577,705,1400,3,6.844623507345642,dumbbell,3,1,B,heatgeo_4t,0.4973296331207331,2.3354870021050704
-1.7358369552701316,-2.7686318051593584,-4.467728553579424,0.450519306763083,4.857151949024973,0.5320836270091036,1.3877920980036311,3.0,1.7689418622235488e-05,0.728440155893618,0.8211399307633395,1234,1400,3,7.521507126122807,dumbbell,3,1,B,heatgeo_4t,0.4967169124747167,2.3311331880982564
-1.6486323437861152,-3.1586237236054013,-4.4218570247998,0.48340883285049985,4.808364020405668,0.5320836270091036,1.38761410519726,3.0,1.8252808397421622e-05,0.7240873384171422,0.8167626015176545,1360,1400,3,8.426042437960886,dumbbell,3,1,B,heatgeo_4t,0.4971388984744889,2.3311331880982564
-3.320671422671105,-3.1613100642589704,-4.345850204967963,0.40933838275244994,4.7069743747415815,0.5320836270091036,1.3881042079497126,3.0,1.94417929655239e-05,0.7219555851811615,0.8268044328214952,1389,1400,3,9.332303695601675,dumbbell,3,1,B,heatgeo_4t,0.4971388984744889,2.1996612034624103
-2.9783418746199426,-2.4910733494493855,-4.44350614961798,0.41156364487958386,4.7992262055285355,0.5320836270091036,1.387450306455874,3.0,1.833525319663305e-05,0.7264691120071087,0.8190338536217987,771,1400,3,10.45608464159697,dumbbell,3,1,B,heatgeo_4t,0.4967169124747167,2.257957252188802
-1.3827347350723802,-2.5240054981536417,-4.642467381069547,-0.03916097689147801,5.033353639994384,0.5320836270091036,1.3878069405617268,3.0,1.5727762327946957e-05,0.736268124786271,0.8082431963362905,337,1400,3,11.680628763081607,dumbbell,3,1,B,heatgeo_4t,0.4967169124747167,2.3311331880982564
-2.9829869644995948,-3.303700445188045,-4.495892436530502,0.29990690537039266,4.853767747002149,0.5320836270091036,1.387626013719298,3.0,1.7698675133414193e-05,0.7303835787831486,0.8192945277408838,868,1400,3,12.58921273445755,dumbbell,3,1,B,heatgeo_4t,0.4971388984744889,2.257957252188802
-1.4940817595669953,-1.8772748263486192,-4.793034095642006,-0.3307278600228537,5.1694093436452775,0.5320836270091036,1.3875270428668982,3.0,1.4299660440750093e-05,0.7384406810954538,0.809813309283054,584,1400,3,13.716086562755594,dumbbell,3,1,B,heatgeo_4t,0.49601141394947923,2.2912352224154775
-2.1448251705591845,-2.7834759020102884,-4.50966147543617,0.20869927795010876,4.828610057726721,0.5320836270091036,1.3880145352939923,3.0,1.7987341712088017e-05,0.7269561535899841,0.821304506581597,1131,1400,3,14.727809699382144,dumbbell,3,1,B,heatgeo_4t,0.4967169124747167,2.3311331880982564
-1.3235507882655109,-2.5126468015389807,-4.735292298979448,-0.41432715515372087,5.096181931627385,0.5320836270091036,1.3876184030148309,3.0,1.511603046527546e-05,0.7341155259505576,0.8108179343866598,1242,1400,3,15.448150608364813,dumbbell,3,1,B,heatgeo_4t,0.4967169124747167,2.2912352224154775
-2.073169018254273,-2.3877630737434288,-4.405455171625537,0.24218529679188103,4.724966648166682,0.5320836270091036,1.387633641471789,3.0,1.917632202014155e-05,0.7247696345932757,0.8187570656516417,760,1400,3,16.44847809418128,dumbbell,3,1,B,heatgeo_4t,0.4967169124747167,2.3311331880982564
-2.920554251444924,-3.9738302805690884,-4.4537550540924284,-0.09245917812223328,4.791860932427861,0.5320836270091036,1.387721035237813,3.0,1.850858175830085e-05,0.7201886243530229,0.8236961606431006,818,1400,3,17.183175550659318,dumbbell,3,1,B,heatgeo_4t,0.4971388984744889,2.257957252188802
-3.5239598510124237,-4.185705801126937,-4.3766113937496804,0.21146575180558957,4.737882405186796,0.5320836270091036,1.3879323259307044,3.0,1.891104134859443e-05,0.7274796700661543,0.8290975843378658,33,1400,3,17.845054462424237,dumbbell,3,1,B,heatgeo_4t,0.4971388984744889,2.1996612034624103
-1.249399452508012,-2.5870228741174013,-4.569110301392476,-0.09759533872167557,4.960350267242754,0.5320836270091036,1.3875344070404831,3.0,1.6562159916494612e-05,0.731581437540619,0.8137431941150659,757,1400,3,18.477853740953684,dumbbell,3,1,B,heatgeo_4t,0.4967169124747167,2.3311331880982564
-1.3729805689175973,-2.2009712813332234,-4.483568183016701,-0.13615084552942786,4.8751593006484235,0.5320836270091036,1.38763956209585,3.0,1.7547940252881905e-05,0.7249883066063162,0.8130494081080759,1033,1400,3,18.953242809572934,dumbbell,3,1,B,heatgeo_4t,0.4967169124747167,2.3311331880982564
-0.35878738070094973,-1.7317475811386402,-4.648877179654492,-0.1635535806495906,5.007340476339433,0.5320836270091036,1.3880528704822142,3.0,1.6082211338848104e-05,0.7318538737131477,0.8117231928620693,935,1400,3,19.316911019284746,dumbbell,3,1,B,heatgeo_4t,0.4973296331207331,2.332547681883772
-0.4568418817254182,-2.4344515711995047,-4.586215309441857,-0.0838311035208511,4.977959611331273,0.5320836270091036,1.3876638327225623,3.0,1.6367567570142084e-05,0.7302236509242569,0.8159086878861471,417,1400,3,19.53154101653702,dumbbell,3,1,B,heatgeo_4t,0.49780248032833263,2.3311331880982564
-1.4824289522605836,-2.623928850214172,-4.516953325705093,-0.16796407639894384,4.937794847388629,0.5320836270091036,1.3879939226420188,3.0,1.6804006781631853e-05,0.7334165435448324,0.8109710841783901,1008,1400,3,19.598409833538604,dumbbell,3,1,B,heatgeo_4t,0.4967169124747167,2.332547681883772
-1.9095578201751668,-2.756183309120571,-5.609989340188548,-0.7229437554174153,6.061629664604726,0.42503756682733584,1.5900936610861718,3.0,7.1519899609598055e-06,0.7593598996396251,0.823244265727125,139,1400,3,-22.5473601470225,dumbbell,3,1,B,heatgeo_t,0.4967169124747167,2.101566153732728
-2.696676639345742,-2.219811196220873,-5.524225823651296,-0.6633196359371809,5.983934133801044,0.42503756682733584,1.5901030300927443,3.0,7.553942499669132e-06,0.7552402921394938,0.8248840975349964,345,1400,3,-19.54807815522921,dumbbell,3,1,B,heatgeo_t,0.4967169124747167,2.0283902178232722
-1.9107996000304364,-2.7559730625940513,-5.4273512584478905,-0.6002053420738376,5.951125713209278,0.42503756682733584,1.5902209186594232,3.0,7.67482576219644e-06,0.7579218124941778,0.8197506036997624,567,1400,3,-12.932922920056043,dumbbell,3,1,B,heatgeo_t,0.4967169124747167,2.263770359662977
-1.039116688453433,-2.4979616700306235,-5.553820201555243,-0.7486276388916346,6.118765196035157,0.42503756682733584,1.5900442697376769,3.0,6.85595358302213e-06,0.7672732458655945,0.818581543592629,957,1400,3,-4.475007189638757,dumbbell,3,1,B,heatgeo_t,0.4967169124747167,2.101566153732728
-2.275787361221256,-2.958049973555909,-5.3643214699749535,-0.39284364344531614,5.9195154892032535,0.42503756682733584,1.5902292833788274,3.0,7.821498828731432e-06,0.7582956649430255,0.8225336231756382,1152,1400,3,3.926638038346909,dumbbell,3,1,B,heatgeo_t,0.4971388984744889,2.2912352224154775
1.3901037817073156,-0.935833752494332,-5.506271403063506,-0.1940116201360469,6.190737129305342,0.42503756682733584,1.5897955253748683,3.0,6.494557697462068e-06,0.7701288912555023,0.8140417775400883,23,1400,3,6.366942189056861,dumbbell,3,1,B,heatgeo_t,0.49621957727305677,2.3861069977105545
-0.10629884744633256,-1.3041982609853213,-5.315659211770679,0.06624960590258908,5.926295607814346,0.42503756682733584,1.590016925961317,3.0,7.816858729460812e-06,0.75664598420248,0.8228222595268329,705,1400,3,6.844623507345642,dumbbell,3,1,B,heatgeo_t,0.4973296331207331,2.3354870021050704
-1.7302441697488233,-2.688431960991884,-4.995656117959422,0.4086458771390102,5.58138472267259,0.42503756682733584,1.5901527744566508,3.0,9.454751021594398e-06,0.7506242861759813,0.8346782493397723,1234,1400,3,7.521507126122807,dumbbell,3,1,B,heatgeo_t,0.4967169124747167,2.3311331880982564
-1.6344587084061948,-3.038041615517484,-4.962255934060927,0.43807632603628255,5.562151729893699,0.42503756682733584,1.5900517677861083,3.0,9.578887608245805e-06,0.7467080093502874,0.8307006083695241,1360,1400,3,8.426042437960886,dumbbell,3,1,B,heatgeo_t,0.4971388984744889,2.3311331880982564
-3.278761206249973,-3.028432825891518,-4.883449586417883,0.3723548271282463,5.45527832965384,0.42503756682733584,1.590331778770146,3.0,1.0130476312448894e-05,0.7447881861510769,0.8398508166336252,1389,1400,3,9.332303695601675,dumbbell,3,1,B,heatgeo_t,0.4971388984744889,2.1996612034624103
-2.9477575214867087,-2.4367902372334447,-4.967273546340945,0.37786600989545044,5.53127592444186,0.42503756682733584,1.5899533838139266,3.0,9.711361505352182e-06,0.7488497767528773,0.83275152068421,771,1400,3,10.45608464159697,dumbbell,3,1,B,heatgeo_t,0.4967169124747167,2.257957252188802
-1.3726182477107403,-2.4601634401122885,-5.182097201479814,-0.0637579939169542,5.763540054875586,0.42503756682733584,1.5901582745573568,3.0,8.545031911051076e-06,0.7576655224644377,0.8229094303897735,337,1400,3,11.680628763081607,dumbbell,3,1,B,heatgeo_t,0.4967169124747167,2.3311331880982564
-2.957677534788669,-3.163402565978601,-5.020984504067884,0.2678094244352611,5.578989879561346,0.42503756682733584,1.5900547746194744,3.0,9.45784072862674e-06,0.7523717686390082,0.8329921562611471,868,1400,3,12.58921273445755,dumbbell,3,1,B,heatgeo_t,0.4971388984744889,2.257957252188802
-1.4788196850990136,-1.878378793942761,-5.353658368115191,-0.33822514781350027,5.932842752367278,0.42503756682733584,1.5899953927339996,3.0,7.756387340760235e-06,0.7596261401477562,0.8243383134778939,584,1400,3,13.716086562755594,dumbbell,3,1,B,heatgeo_t,0.49601141394947923,2.2912352224154775
-2.124491021213227,-2.7020723047301183,-5.03980871814098,0.1839001989015393,5.551850494381279,0.42503756682733584,1.5902978243665546,3.0,9.592317411207224e-06,0.7492860803613319,0.8348210128898893,1131,1400,3,14.727809699382144,dumbbell,3,1,B,heatgeo_t,0.4967169124747167,2.3311331880982564
-1.2968082045417846,-2.444433841476606,-5.293098709001768,-0.42416343145079893,5.848818480502125,0.42503756682733584,1.5900471288913243,3.0,8.168375800026913e-06,0.7557281915344314,0.8252620323732828,1242,1400,3,15.448150608364813,dumbbell,3,1,B,heatgeo_t,0.4967169124747167,2.2912352224154775
-2.0477724820724292,-2.3425806415449415,-4.9438510907236015,0.21572653856640564,5.470200294820232,0.42503756682733584,1.5899365376814305,3.0,1.0029246863168731e-05,0.7473163070940938,0.8325024859114644,760,1400,3,16.44847809418128,dumbbell,3,1,B,heatgeo_t,0.4967169124747167,2.3311331880982564
-2.8880328313048977,-3.766620693675847,-5.00315139557128,-0.11164589892823569,5.553962761506615,0.42503756682733584,1.5902669633938895,3.0,9.651024247406549e-06,0.7431977093022133,0.8370020076801883,818,1400,3,17.183175550659318,dumbbell,3,1,B,heatgeo_t,0.4971388984744889,2.257957252188802
-3.4991888988851167,-3.9610573597721355,-4.886466969498212,0.1901160016941198,5.453636815831949,0.42503756682733584,1.59022878182216,3.0,1.0050047877061736e-05,0.7497569432211107,0.8419561065709452,33,1400,3,17.845054462424237,dumbbell,3,1,B,heatgeo_t,0.4971388984744889,2.1996612034624103
-1.2339640116506079,-2.519261592993408,-5.117801935432214,-0.11373005404336452,5.715169649233207,0.42503756682733584,1.5899986514909987,3.0,8.813705901001886e-06,0.7534482790308231,0.8279359006383616,757,1400,3,18.477853740953684,dumbbell,3,1,B,heatgeo_t,0.4967169124747167,2.3311331880982564
-1.3485792324386234,-2.1665640821377554,-5.044302645804988,-0.1527817198076923,5.647699245982624,0.42503756682733584,1.5900619098655076,3.0,9.177913046052024e-06,0.7475140737717342,0.8273018263675381,1033,1400,3,18.953242809572934,dumbbell,3,1,B,heatgeo_t,0.4967169124747167,2.332547681883772
-0.35178057033460014,-1.7306626993515855,-5.205694654806313,-0.17377682879738102,5.753172321777558,0.42503756682733584,1.5903017339199428,3.0,8.628473748480867e-06,0.7536911749363047,0.8260939936141631,935,1400,3,19.316911019284746,dumbbell,3,1,B,heatgeo_t,0.4973296331207331,2.332547681883772
-0.44819222544662635,-2.3713173384825565,-5.126500855546656,-0.09706260599533359,5.716836119025368,0.42503756682733584,1.5900728269924058,3.0,8.795508407881407e-06,0.7522231534917044,0.8298888120537216,417,1400,3,19.53154101653702,dumbbell,3,1,B,heatgeo_t,0.49780248032833263,2.3311331880982564
-1.4696826411227915,-2.554034387468465,-5.064271972430004,-0.18033453963960078,5.6952557149787495,0.42503756682733584,1.590261711720523,3.0,8.911018741722594e-06,0.7551015163613245,0.8253814882442483,1008,1400,3,19.598409833538604,dumbbell,3,1,B,heatgeo_t,0.4967169124747167,2.332547681883772
-1.829898728536984,-2.954885759698887,-1.4008420668161352,-0.9106553266879367,0.09160501729654526,-0.6004502119519562,0.5269049357989728,3.0,0.2242688843957691,0.1862868330298986,0.5042231791489401,139,1400,3,-22.5473601470225,dumbbell,3,1,B,pca_denoise,-0.30875297115344746,-0.9978991612809706
-2.7015027162068788,-2.0643242695420514,-1.0271818217998272,-0.8045943079475668,0.04537222978789548,-0.07642093606661257,-0.7394773031607151,3.0,0.2258940604929825,0.1715864573717322,0.482279675847297,345,1400,3,-19.54807815522921,dumbbell,3,1,B,pca_denoise,-0.4631561532672439,-1.5758710335455601
-2.23936175242736,-1.6927660527441355,-0.17486039402629824,-0.6519993215546285,0.32210595953848103,0.18559370187605925,-1.8949131459596584,3.0,0.2144115358734414,0.1788971150029702,0.4872096533464354,567,1400,3,-12.932922920056043,dumbbell,3,1,B,pca_denoise,-0.35498875379890416,-0.836315655491734
-0.6121749443447119,0.15558205206819606,-0.6504621130275227,-0.8325022465000043,0.05982450932150963,-0.4694428929806203,0.16598872586298083,3.0,0.2385469639211361,0.2032719708569791,0.4891816813466986,957,1400,3,-4.475007189638757,dumbbell,3,1,B,pca_denoise,-0.3551580052265978,-0.8900754408085327
-0.44117611086274283,0.9126379099376455,0.23372118912631418,-0.5899422445163334,-0.10491773388903486,0.5786156587900669,-0.07288054026473992,3.0,0.2336203093848813,0.1653294644009623,0.4615449339554723,1152,1400,3,3.926638038346909,dumbbell,3,1,B,pca_denoise,-0.4915513838243545,-0.844302078887023
0.6349284040632003,3.4737865969391937,1.9019988380944581,-0.15778858059764694,-0.1967572173741923,0.8406302967327388,2.416226451368703,3.0,0.2667228549924123,0.2224977292041348,0.4865284518359881,23,1400,3,6.366942189056861,dumbbell,3,1,B,pca_denoise,-0.35307597001372787,0.1557664472394253
-0.05635520029200327,2.3586073785289967,-0.02848310364328933,0.12150518647069411,0.9448761524552219,0.8406302967327388,2.8839772000335184,3.0,0.2059207396147414,0.1916201675354068,0.5075396111161568,705,1400,3,6.844623507345642,dumbbell,3,1,B,pca_denoise,0.01282551333200177,-0.05217138194915529
0.7281919562657905,1.9510530163616109,1.4454461810295582,0.4264908375348215,0.9021606759116959,0.8406302967327388,3.0867751877374636,3.0,0.21545004146598,0.1654719963563799,0.5223066988730467,1234,1400,3,7.521507126122807,dumbbell,3,1,B,pca_denoise,-0.09707457214886239,-0.010843733964457168
-0.5930478230610801,1.994675651507393,0.44825376353988755,0.1931741858319329,0.6214247960217059,0.8406302967327388,2.0744230984656338,3.0,0.2095829969742096,0.1478071885997592,0.4886064058363513,1360,1400,3,8.426042437960886,dumbbell,3,1,B,pca_denoise,-0.32952886114654856,-0.5747961568365743
0.9098593458984763,1.9161846236583546,-0.3717431588203535,0.2166436155316854,0.9871793248190447,0.8406302967327388,2.4847040956977926,3.0,0.1907726394012895,0.1469797810158015,0.5064640916691296,1389,1400,3,9.332303695601675,dumbbell,3,1,B,pca_denoise,0.059465975639200086,-0.22032628551404695
-1.3272213228860776,0.7057295087550001,-0.1082526480384897,0.24533309528278582,0.6378507909340851,0.8406302967327388,2.822947989348419,3.0,0.2059983081123219,0.1571642856233947,0.4807505470047826,771,1400,3,10.45608464159697,dumbbell,3,1,B,pca_denoise,-0.45090471105379704,-0.7185633133180643
1.8922798030847077,2.6482081466459237,1.2603346902640906,0.055030809517043686,0.5880396103596148,0.8406302967327388,2.799480608377835,3.0,0.2265718564519609,0.1792095498370187,0.51190031664848,337,1400,3,11.680628763081607,dumbbell,3,1,B,pca_denoise,-0.19664048884962243,0.2183917836115618
1.3422602018765444,1.5728896348043016,-0.4857556127108592,0.0913576162927515,0.46776386391257124,0.8406302967327388,2.3274684136615313,3.0,0.2182927264766387,0.1621620702686148,0.4916256747254336,868,1400,3,12.58921273445755,dumbbell,3,1,B,pca_denoise,-0.12483111700364508,-0.5559873996406833
0.5737955247688568,1.557251070309511,0.14182210286537017,-0.2973378095099368,0.16367935103123207,0.44760833981873105,1.2627805308706321,3.0,0.2449261362724909,0.1775497657753033,0.5019903531350732,584,1400,3,13.716086562755594,dumbbell,3,1,B,pca_denoise,-0.32610725603267127,-0.3584923613927964
0.8697771926362967,1.871976068959663,0.5738233660607539,0.06738342254308785,0.803086781125262,0.8406302967327388,1.691612733233865,3.0,0.2122773101288937,0.1665997633001011,0.5138431167343029,1131,1400,3,14.727809699382144,dumbbell,3,1,B,pca_denoise,-0.14828873785434188,0.004528567397860173
0.5266974671634879,2.2417076121221124,-0.5562331203441673,-0.4682753929638033,0.6109174021580929,0.7096229777614029,0.15963171032032233,3.0,0.2120238418332034,0.1790849938489735,0.5035030967531854,1242,1400,3,15.448150608364813,dumbbell,3,1,B,pca_denoise,-0.23590755105337669,-0.25916880857227964
-0.04592124721617651,3.203532196025587,1.0676574054456534,0.2838380443116427,0.8386314735557375,0.8406302967327388,2.9049740702925244,3.0,0.2024970792650762,0.1481113479955677,0.4826423566988652,760,1400,3,16.44847809418128,dumbbell,3,1,B,pca_denoise,-0.3662851612167326,-0.4187611830899798
-1.0152819596415654,0.9425760224619573,0.25375905303999396,-0.10620166904485352,0.5881274158793666,0.8406302967327388,-0.44533106679825996,3.0,0.1990188903564411,0.1226576831019943,0.4667685111001407,818,1400,3,17.183175550659318,dumbbell,3,1,B,pca_denoise,-0.4541389363773588,-0.6415339924961811
2.406332691389818,2.7061063564921364,0.8012051437161526,0.3211481980398345,0.8471753323907014,0.8406302967327388,2.7264769161966917,3.0,0.2191183366179996,0.1537178533064277,0.520432580341401,33,1400,3,17.845054462424237,dumbbell,3,1,B,pca_denoise,-0.08111822468232233,0.00949383242982723
0.04342972167708932,2.0557403049498935,0.49377024531789016,-0.1062233645358997,0.5938080512441682,0.7096229777614029,1.9144814148652884,3.0,0.2301307153830843,0.174408288839149,0.5063036285478627,757,1400,3,18.477853740953684,dumbbell,3,1,B,pca_denoise,-0.22017604476781505,-0.17051304079304955
-0.055382873737797225,2.544379654948367,-0.23644717577024524,-0.036457999030088624,0.9152067945855192,0.7096229777614029,0.24039021540855393,3.0,0.2026832480654952,0.1598558411377931,0.4917945153834677,1033,1400,3,18.953242809572934,dumbbell,3,1,B,pca_denoise,0.010224491051161522,-0.5541437903577632
-0.7225777960416321,2.1126328014387314,0.4994661750978129,-0.02468090878697386,0.8340299553032458,0.8406302967327388,2.396048150473855,1.0,0.207277941223897,0.1686054720483685,0.4946425211790342,935,1400,3,19.316911019284746,dumbbell,3,1,B,pca_denoise,-0.29902437898263123,-0.4172191546693672
-0.470951929517505,2.6039665752677927,0.701173283463952,-0.029528612135088658,0.38383069483635496,0.8406302967327388,2.2802021886668737,3.0,0.2348770198656936,0.1735765388544142,0.4915661604249888,417,1400,3,19.53154101653702,dumbbell,3,1,B,pca_denoise,-0.28460874432503347,-0.416791146769311
0.717585312641882,2.328200360046603,0.43736968483258504,0.06255338199342379,1.0427105896150168,0.8406302967327388,1.3021554817309975,2.0,0.2065194663275913,0.1859912935157932,0.5289069542528617,1008,1400,3,19.598409833538604,dumbbell,3,1,B,pca_denoise,-0.05638339900564571,0.23245736306374698
-2.142386266680576,-3.6179511087511416,-0.4046715066512962,-0.9456805071570673,-0.14834201730939667,-0.6004502119519562,0.20803187705761036,3.0,0.2281063216558473,0.1753283797313247,0.4878139631841156,139,1400,3,-22.5473601470225,dumbbell,3,1,B,plain,-0.38544712614371635,-0.9919313285479727
-2.9839730065227887,-3.1520449332504263,-1.0674913994832633,-0.8745073909389114,-0.15370706182059835,-0.07642093606661257,-0.6046242230798693,3.0,0.2250978558471138,0.1607358727598406,0.4655296149020108,345,1400,3,-19.54807815522921,dumbbell,3,1,B,plain,-0.4800319926345371,-1.5758710335455601
-3.402723372593258,-3.46202210910785,-1.390104469766095,-0.7624251670354698,0.09776031148551168,0.31660102084739516,0.2607677801691052,3.0,0.2160908358492022,0.171276536597819,0.473780396227942,567,1400,3,-12.932922920056043,dumbbell,3,1,B,plain,-0.45553935183465527,-1.5378710508174616
-2.969968360123842,-1.2984170971309263,-0.25681477645708806,-0.9276698528577486,-0.41895226646512873,-0.3384355740092844,-0.20956988028306722,3.0,0.2475801900371265,0.194957911937451,0.4679222176244079,957,1400,3,-4.475007189638757,dumbbell,3,1,B,plain,-0.48915363500256126,-1.085474288773958
-0.8864812797980727,-0.9344199391209735,0.18445132410334852,-0.6920844507913494,-0.3037921459514415,0.44760833981873105,0.28695537853318565,3.0,0.2362919360659129,0.1562748523353316,0.452927811205295,1152,1400,3,3.926638038346909,dumbbell,3,1,B,plain,-0.4923859187038458,-1.20565091359362
1.3244586787303063,3.358499329179459,0.3338290057134022,-0.13004729247162902,-0.08497697309906095,0.8406302967327388,2.4247789741619883,3.0,0.2686149643203942,0.2215711811157598,0.484656948273477,23,1400,3,6.366942189056861,dumbbell,3,1,B,plain,-0.45515619461589685,-0.34451032625778805
-0.05200109463833073,1.7754756404358796,-0.2369181809073204,0.09714927071586253,0.8997288447777048,0.8406302967327388,3.083707441215349,3.0,0.2106104057805451,0.1923278872474102,0.5119283621448164,705,1400,3,6.844623507345642,dumbbell,3,1,B,plain,0.004525819782018714,-0.21685920099585965
0.21498191072454298,0.978882590356428,0.71592699157516,0.37944853968868003,1.0046488056183276,0.8406302967327388,3.4533631660403743,3.0,0.2150281568780437,0.1626275577435474,0.5355841702070125,1234,1400,3,7.521507126122807,dumbbell,3,1,B,plain,0.19682929228187696,0.11926360545887849
-0.9175592639904305,1.660934767572595,-0.18984563034537566,0.19072791997343805,0.7463122410713574,0.8406302967327388,2.113247749411043,3.0,0.2090848028066703,0.145160791209874,0.4988650680334317,1360,1400,3,8.426042437960886,dumbbell,3,1,B,plain,-0.26082072268217493,-0.5265507574059198
0.6248089496208997,1.6825596565273064,-0.21156719457255724,0.19240888788589197,1.0443165398458343,0.8406302967327388,2.572586602722897,3.0,0.1923104243754534,0.1488475220762414,0.5128552422312269,1389,1400,3,9.332303695601675,dumbbell,3,1,B,plain,0.051724219822887885,-0.3350865689324113
-1.135173894404531,0.5383997813343516,0.16573605503852107,0.23008768738795496,0.6959233256277942,0.8406302967327388,2.0776127720658315,3.0,0.2071311657817443,0.1590110032508196,0.4969005649967358,771,1400,3,10.45608464159697,dumbbell,3,1,B,plain,-0.29095834965633205,-0.38863769038055507
1.754484406503263,3.2093135560229435,1.540223415784711,-0.028315727663341568,0.6219592644028028,0.8406302967327388,2.445209847362971,3.0,0.2312634475791293,0.1946204103398374,0.5259232678855974,337,1400,3,11.680628763081607,dumbbell,3,1,B,plain,-0.2363449886077013,0.49424615761046187
0.8502813165208019,1.3682230410685319,0.012263654439769064,0.05809743248661595,0.48120447115339476,0.8406302967327388,2.2789208348316725,3.0,0.2204823599364352,0.1688299891657951,0.4975988627680306,868,1400,3,12.58921273445755,dumbbell,3,1,B,plain,-0.1035986436252897,-0.27693270903958445
-0.19094773124259729,0.8640260765015175,0.9819799970487693,-0.47786587520568297,-0.006732074650233533,0.31660102084739516,-0.2627565712384737,3.0,0.2472318099307957,0.1822403802281727,0.5042640437792674,584,1400,3,13.716086562755594,dumbbell,3,1,B,plain,-0.41587486981461574,-0.18698532341691781
0.9208701860621934,2.8971705231585148,0.20674914174084388,0.022851934887731466,0.8087101520206605,0.7096229777614029,2.117957086686046,3.0,0.2229157557834731,0.1720440005147496,0.5253957543850037,1131,1400,3,14.727809699382144,dumbbell,3,1,B,plain,-0.19314842738119886,0.08346494413408821
0.45632122712330164,0.3420058164444946,-0.16825045765734764,-0.5890817682322605,0.42367149501583823,0.5786156587900669,0.37046128136521844,3.0,0.2215870657674756,0.1894736731087676,0.5086509936808219,1242,1400,3,15.448150608364813,dumbbell,3,1,B,plain,-0.1949820670215232,-0.18643132372620075
0.31023264704415493,3.555969526468398,0.1548497489173901,0.21206764886255952,0.9622680080848693,0.8406302967327388,2.090070867511938,3.0,0.2082602516542526,0.1634674658795584,0.5157862600329634,760,1400,3,16.44847809418128,dumbbell,3,1,B,plain,-0.052553113889006575,-0.17446315039579427
-1.0216344420041372,0.4950030856441942,0.5953111099764724,-0.20934342251049534,0.46995009410001065,0.8406302967327388,-0.7492483284188294,3.0,0.2030471984431736,0.1236976116605109,0.4736791795471354,818,1400,3,17.183175550659318,dumbbell,3,1,B,plain,-0.45701777203147725,-0.5575973479027472
1.9538371886839792,2.5991924003367823,0.9411127676287532,0.23284800955553497,0.8833677495973159,0.8406302967327388,2.574372939336473,3.0,0.2233621914783524,0.1622761966850922,0.5348450265908901,33,1400,3,17.845054462424237,dumbbell,3,1,B,plain,0.03910835859005557,0.22027479781878553
0.6537548620617133,2.9176107417292196,0.7696072644389431,-0.12117783531779919,0.7585541120860063,0.8406302967327388,1.9977612284218977,3.0,0.2381905810159467,0.1909906385634279,0.5423836063490446,757,1400,3,18.477853740953684,dumbbell,3,1,B,plain,-0.1459138136777624,0.20000572484908286
0.30404367679310995,2.3742972142538687,-0.666023996815798,-0.15777749053365808,0.9212539225545018,0.8406302967327388,1.2949601716097443,3.0,0.2118567198977413,0.1768923151224813,0.520656790602065,1033,1400,3,18.953242809572934,dumbbell,3,1,B,plain,-0.12801868045842346,-0.1504477503463057
0.08936344196337044,1.5686995565976296,0.751751870162204,-0.17884646550824007,0.6999471090111978,0.8406302967327388,-0.2634852621647165,3.0,0.2183920546762162,0.1770347801446399,0.5135837429136789,935,1400,3,19.316911019284746,dumbbell,3,1,B,plain,-0.19423217782779362,0.0367213695245901
0.44689912030432016,2.9830201404116816,0.7869152245152952,-0.11636908945218392,0.45804162955166267,0.8406302967327388,1.7052472134218544,3.0,0.2428627165800656,0.1841034818351679,0.5209586079083983,417,1400,3,19.53154101653702,dumbbell,3,1,B,plain,-0.2542710328752049,-0.07322208295995199
0.6685059294745739,2.6087356638560433,-0.11115252671126084,0.03384151825820545,1.1481128445423914,0.8406302967327388,1.254412772545309,2.0,0.2061784978161105,0.1914261387970847,0.5441040803552863,1008,1400,3,19.598409833538604,dumbbell,3,1,B,plain,0.07830216932251699,0.13112746014975518
-1.9844336238531366,-0.7979748327231379,-0.1945463382255623,-0.9130187574739954,0.11363142758959788,-0.1628302508602905,1.2894231138342085,4.0,0.2787806555303495,0.3148500731796274,0.4909977754269319,139,1400,3,-22.5473601470225,dumbbell,3,1,C05,diffdist_t4,-0.425685606361378,-1.0011048794259685
-1.4360472108142448,-1.3286629991378087,-0.679554848773181,-1.116992388057295,0.7911699164791106,-0.9444154549896847,0.6137740770921428,3.0,0.256288037648997,0.2778630078812035,0.5341634536587737,345,1400,3,-19.54807815522921,dumbbell,3,1,C05,diffdist_t4,0.04025478963083462,0.0338312305390174
-1.4000288179669216,-1.0525374499905864,0.19668723243438196,-0.9385618267618336,1.2215918808523067,-0.032566050172058096,0.20596219047260544,3.0,0.2460220630052151,0.2644864353724593,0.5753447114966853,567,1400,3,-12.932922920056043,dumbbell,3,1,C05,diffdist_t4,0.13327773534247445,0.00947550497378791
-0.832062354363589,-0.6358315658083346,-0.38649728960387925,-1.039936676377083,1.0653685467798377,-0.42335865223675523,-0.13526036793052065,3.0,0.2488596776529519,0.2778630078812035,0.5654588647602213,957,1400,3,-4.475007189638757,dumbbell,3,1,C05,diffdist_t4,0.22248829757303135,0.2620272388522835
-1.7735503640251693,-1.042628176204239,-0.2103079433454669,-1.0546209823603396,1.2215367194930906,-0.9444154549896847,0.17671020049232133,4.0,0.2231965734017358,0.2600070554519401,0.5425902309949437,1152,1400,3,3.926638038346909,dumbbell,3,1,C05,diffdist_t4,0.30834485511958176,-0.2245306143022715
0.04909908372522223,-0.025026130783634273,0.5796085155035656,-0.5036504345519878,0.9316064938620537,0.8792833546455686,1.4682196804409908,3.0,0.2413533854528243,0.2393195268628554,0.5459127941541142,23,1400,3,6.366942189056861,dumbbell,3,1,C05,diffdist_t4,0.29479471449592554,0.06108236514109389
-0.8419439953521558,-0.47255807022323026,0.4363372253125541,-0.44009669431967197,0.906533534507556,0.8792833546455686,1.4335511364230147,4.0,0.2412045570268432,0.2427970525836003,0.5283820393448162,705,1400,3,6.844623507345642,dumbbell,3,1,C05,diffdist_t4,0.16108617919228496,-0.13808125847385516
-0.7072327197001426,-0.9464880486390133,0.19612651387188337,-0.5125962306731237,0.5254300684551124,0.8792833546455686,2.134270090688951,4.0,0.2520226555781759,0.207503438005574,0.4693279693281032,1234,1400,3,7.521507126122807,dumbbell,3,1,C05,diffdist_t4,-0.45302533876372164,-0.6076760682400778
-1.2388840091054865,-0.9202986948638145,0.9979348356601463,-0.28390601448229025,1.1210974315187334,0.8792833546455686,1.5344457248095515,4.0,0.21577301976144,0.1925172589965126,0.5270000435604117,1360,1400,3,8.426042437960886,dumbbell,3,1,C05,diffdist_t4,0.0822563332813564,0.10718979569229527
0.12230424442572244,0.3290049005591045,-0.1843654014792948,-0.6222219369322008,0.6447027174203206,0.8792833546455686,1.0128974748630577,3.0,0.2299241742042316,0.2430621320440944,0.4856151529454244,1389,1400,3,9.332303695601675,dumbbell,3,1,C05,diffdist_t4,-0.3695225136404152,-0.979568284293911
-3.3437998906402457,-2.019694508391869,0.5772488702638882,-0.1819161036699864,1.6785655533251425,0.8792833546455686,1.8796370960432014,4.0,0.1957722023884387,0.2101347190520524,0.5959496864609805,771,1400,3,10.45608464159697,dumbbell,3,1,C05,diffdist_t4,0.16152942670482162,0.14580973109017148
-3.0849628636622493,-1.1951466549245193,0.8362260393902333,-0.31803993446837453,1.4407914536283832,0.8792833546455686,2.1860622516494796,4.0,0.2452458697960801,0.2100536818589701,0.5729910248199692,337,1400,3,11.680628763081607,dumbbell,3,1,C05,diffdist_t4,-0.0648127924314682,0.02774292559121778
-0.6082274380815451,-0.36571054211022347,0.23085751842324398,-0.5129521210697187,0.8417709164016397,0.8792833546455686,1.0463802769556938,3.0,0.2436698589985202,0.2329438593002299,0.520426388198821,868,1400,3,12.58921273445755,dumbbell,3,1,C05,diffdist_t4,0.08891699952006338,-0.196647099236578
-0.6752090072870701,-0.06088824672181347,0.21755797441188338,-0.8848602333335327,0.33171928681839224,0.09769815051617428,-0.40283657149983426,3.0,0.2661149283833031,0.2504240915147772,0.5103494338080088,584,1400,3,13.716086562755594,dumbbell,3,1,C05,diffdist_t4,-0.3411774266428502,-0.42260490183240584
-1.3898575391591512,-0.3864265043463084,1.0589489586179182,-0.3260728033573733,1.647343163213409,0.8792833546455686,1.750675695238293,4.0,0.1949211790612028,0.1989772886360628,0.5618804003467378,1131,1400,3,14.727809699382144,dumbbell,3,1,C05,diffdist_t4,0.08390129867743634,0.26764613276948035
-0.21457965609629714,-0.5714358609179899,-0.13119369358470567,-0.7462071277100056,1.3070675893439028,0.6187549532691038,-0.44191179834366284,3.0,0.218920689187905,0.2257274070049338,0.5570402541288938,1242,1400,3,15.448150608364813,dumbbell,3,1,C05,diffdist_t4,0.34131818705415684,-0.07944702400523924
-0.5502612846680144,-0.46904395859092785,0.5814253502790597,-0.5529908189417669,0.681754178087688,0.8792833546455686,0.6240870856879638,4.0,0.2518240230188878,0.2303074848897175,0.5194768029772363,760,1400,3,16.44847809418128,dumbbell,3,1,C05,diffdist_t4,-0.02556393005726021,-0.1510244174669411
-1.5315950761734274,-1.4336301904713522,0.10096928781787742,-0.47401026847476596,1.1054772197022256,0.8792833546455686,0.9244882440775622,4.0,0.2638675060262467,0.2282982102730284,0.5408775412854939,818,1400,3,17.183175550659318,dumbbell,3,1,C05,diffdist_t4,0.3000430762883235,-0.13717159166351117
-0.5547952585924041,-0.5400495525859497,0.7755901755856042,-0.6306035017431375,0.6972099666219168,0.8792833546455686,1.155447801211187,4.0,0.2443193718807115,0.2121034063103167,0.5146451491638958,33,1400,3,17.845054462424237,dumbbell,3,1,C05,diffdist_t4,-0.26722104672128194,-0.5198275587677171
-0.6218611574632185,-0.5227612660637649,0.28639810672027255,-0.6939459373938025,1.3917073910842994,0.7490191539573362,0.2699648353765006,3.0,0.2123291462462187,0.2531814674766998,0.5513162806657428,757,1400,3,18.477853740953684,dumbbell,3,1,C05,diffdist_t4,0.3246190286532481,-0.07123318972511421
-0.5774231676980466,0.046090902405471215,0.2090031549180706,-0.6034692576085764,1.0029364961008054,0.8792833546455686,2.085297981611904,3.0,0.2411014029157413,0.2315252042940556,0.5215616185759381,1033,1400,3,18.953242809572934,dumbbell,3,1,C05,diffdist_t4,0.07702889385975054,-0.1986125874083862
-0.2659974714169146,-0.2936040901919174,0.5200047346044792,-0.544608034044524,0.7550540773276794,0.8792833546455686,1.1546220565826488,3.0,0.2508027722998601,0.2357016871884348,0.5169297450196265,935,1400,3,19.316911019284746,dumbbell,3,1,C05,diffdist_t4,-0.12016844286010342,-0.1272900946656905
0.07903824979930206,-0.10889434663158945,0.5352634590722736,-0.8066873883807844,0.6847116755779714,0.7490191539573362,0.9217137196987576,3.0,0.2334791148138925,0.2249031557867944,0.5168752864060508,417,1400,3,19.53154101653702,dumbbell,3,1,C05,diffdist_t4,0.018105031879293576,-0.267793485455048
-0.5304494098316072,-0.7674786982408587,-0.7446452971741608,-0.8831527268189484,0.7895012853628209,0.48849075258087143,0.11970528642300698,3.0,0.2477677096889721,0.2570227579328409,0.5303549906214686,1008,1400,3,19.598409833538604,dumbbell,3,1,C05,diffdist_t4,-0.07133025854235725,-0.176128403394315
-4.786059342729804,-5.494017815395348,0.13065680606357824,-0.6155746603887997,0.4957649099346844,0.40144158193435503,1.0725065615491043,4.0,0.2372397938573013,0.2838649499491727,0.4620788707579764,139,1400,3,-22.5473601470225,dumbbell,3,1,C05,diffdist_t8,-0.3972006344976886,-1.0042416164377101
-7.097016353832779,-5.476574606633629,-0.6775375401374506,-1.0311125026961938,3.01959447061217,-0.24954476714838292,-0.18796306928551448,4.0,0.2016701518940802,0.2840209774811785,0.5241845709707424,345,1400,3,-19.54807815522921,dumbbell,3,1,C05,diffdist_t8,0.39760911527806164,0.2652619261773173
-5.810570653988979,-5.404686630389356,1.226248419369836,-0.7990142137351919,2.914704557908239,-0.11934749733183533,0.9786962437276008,4.0,0.2053049396600196,0.2422878766029791,0.5822357978086926,567,1400,3,-12.932922920056043,dumbbell,3,1,C05,diffdist_t8,0.4301710746655447,0.4548732494736196
-3.6564154168867846,-6.112502381977226,0.04913384814748222,-0.9077103769588114,2.914759391384715,-0.37974203696493053,0.5134716759552393,4.0,0.1983098878869627,0.2553340273685583,0.5497102126537062,957,1400,3,-4.475007189638757,dumbbell,3,1,C05,diffdist_t8,0.445792809851111,0.21223377325625753
-7.168984353364658,-6.868709128540837,-0.0253208847234867,-0.9591057660028363,2.9684374481779106,-0.6401365765980257,0.17501752473033114,4.0,0.1881595621681645,0.2681996796753586,0.5458546535482056,1152,1400,3,3.926638038346909,dumbbell,3,1,C05,diffdist_t8,0.44817073353128944,0.2555092105070921
-1.8358548183357641,-2.558892063692394,0.47822732582110056,0.09635869216488245,0.48735319353146034,0.7920333913839979,1.9449977620814707,4.0,0.2210385204593614,0.2081147573986969,0.4403310504369354,23,1400,3,6.366942189056861,dumbbell,3,1,C05,diffdist_t8,-0.46533588272622045,-0.5794737184334896
-4.8284384704467325,-4.730055793081189,0.8146731339381842,0.1549661188990275,0.8876976275192079,0.7920333913839979,2.109940241785181,4.0,0.2090826982004705,0.180083901193201,0.4368562778307671,705,1400,3,6.844623507345642,dumbbell,3,1,C05,diffdist_t8,-0.30736166857883646,-0.5409755839436153
-5.100869704460789,-5.646729659365315,0.7995503275942181,0.06079750799639365,0.3882926016005226,0.7920333913839979,1.767023970508153,4.0,0.2189118406025577,0.1751756054386931,0.3901040568259778,1234,1400,3,7.521507126122807,dumbbell,3,1,C05,diffdist_t8,-0.43345183902036355,-0.7155362016574593
-4.873346511306047,-5.895257817480204,1.9495187513340928,0.3110035558869184,0.875083316811781,0.7920333913839979,1.8495451900541253,4.0,0.195138063367348,0.14204043173166,0.415789980043749,1360,1400,3,8.426042437960886,dumbbell,3,1,C05,diffdist_t8,-0.23972579541952044,-0.41911703302610104
-2.0507617356391683,-1.5067354774892623,0.9481978049390383,-0.08841705937466053,0.0989467907079346,0.7920333913839979,2.0620374331527955,4.0,0.2209439913008626,0.2251716338699041,0.4011961803738063,1389,1400,3,9.332303695601675,dumbbell,3,1,C05,diffdist_t8,-0.46913621030718994,-0.503775305846232
-9.362118589332399,-8.659451353427379,1.459712538653338,0.3326758564733264,1.5147340977307984,0.7920333913839979,1.8738116066333512,4.0,0.1793567312121953,0.1482836733105115,0.4604763793152296,771,1400,3,10.45608464159697,dumbbell,3,1,C05,diffdist_t8,0.07087531302342143,-0.38407062543379417
-6.699895901085993,-6.335298463280702,1.0832951396439117,0.2179818120790868,1.1535120436497732,0.7920333913839979,1.678248482484626,4.0,0.2145436542820405,0.1751976416096112,0.4592359839061976,337,1400,3,11.680628763081607,dumbbell,3,1,C05,diffdist_t8,-0.21979634552709126,-0.6025716007926601
-2.908080148787924,-2.7556785601137923,1.3615205573620226,-0.019317841395240495,0.4767220268899185,0.7920333913839979,1.5830472288995487,4.0,0.2259236525372842,0.2003613951642742,0.425011795001874,868,1400,3,12.58921273445755,dumbbell,3,1,C05,diffdist_t8,-0.47016916865965996,-0.5932741254358384
-4.375548603082059,-3.73871649539335,0.769810187474673,-0.6690977427754922,1.3930063910718182,0.2712443121178075,0.021457850408786602,4.0,0.2311098862379448,0.2342204286842009,0.5097010649221868,584,1400,3,13.716086562755594,dumbbell,3,1,C05,diffdist_t8,0.1719842145507836,-0.6966690163230216
-6.904859600757375,-4.525100061005267,1.9720413642387342,0.1989480232923928,1.283138382039237,0.7920333913839979,1.684985131978829,4.0,0.1883617708452148,0.1747625029368069,0.4565371152845692,1131,1400,3,14.727809699382144,dumbbell,3,1,C05,diffdist_t8,-0.13942350225559752,-0.19577915092724532
-3.471824857846864,-3.182338281021709,-0.16246887047219077,-0.5265902689785956,1.9745323813672222,0.5316388517509026,1.5014980566495184,4.0,0.1951034908575944,0.2239313251619011,0.5141573010336846,1242,1400,3,15.448150608364813,dumbbell,3,1,C05,diffdist_t8,0.4075133846225327,-0.08129778527872332
-2.5629140606576133,-2.3337982895654723,1.5311894953671747,-0.10609341307141887,0.5648812014738251,0.7920333913839979,1.5343606558444223,4.0,0.2294719730748937,0.1975696296355219,0.4384125380824041,760,1400,3,16.44847809418128,dumbbell,3,1,C05,diffdist_t8,-0.476735797469298,-0.530045173395327
-4.005177358870067,-6.190313379553444,1.0978219819654302,-0.14286432433973997,1.3304688111508438,0.7920333913839979,0.8269010130618253,4.0,0.2299476979032373,0.194363384130751,0.4723525554762676,818,1400,3,17.183175550659318,dumbbell,3,1,C05,diffdist_t8,-0.28254800050744566,-0.4912228617836183
-2.683592179858358,-4.664363664829736,1.0867014017377628,-0.3176979799912265,1.1435049341928878,0.7920333913839979,0.11449636333488192,4.0,0.2169867559448075,0.1914716975343554,0.4552036527292094,33,1400,3,17.845054462424237,dumbbell,3,1,C05,diffdist_t8,-0.304574234559297,-0.5118991523303833
-3.7385182497773037,-4.526800317366106,0.1532783340509066,-0.483666244430555,2.3854257317817975,0.6618361215674502,1.3947930677598934,4.0,0.1841370192487386,0.2224514457114572,0.5220219269630051,757,1400,3,18.477853740953684,dumbbell,3,1,C05,diffdist_t8,0.47141654220215845,0.13618626020573968
-3.086121127866917,-2.515910626213871,0.4499527744187793,-0.18174214693219043,0.9600621497600748,0.7920333913839979,1.0779494599902577,4.0,0.2210241983599916,0.2145177328919872,0.4609083058781347,1033,1400,3,18.953242809572934,dumbbell,3,1,C05,diffdist_t8,-0.38902529406984687,-0.6038926906056014
-3.3176449964697032,-2.6134164665313575,1.0027850999206245,-0.19383575854353485,1.2101693859981695,0.7920333913839979,0.27817639115196463,4.0,0.208155952139493,0.2242914519812766,0.4524484089919404,935,1400,3,19.316911019284746,dumbbell,3,1,C05,diffdist_t8,-0.3370353774876197,-0.603663239490443
-2.503258603835561,-3.3149130116275907,0.806429877101747,-0.4677570394952204,1.334969072898774,0.7920333913839979,0.9772133021182199,4.0,0.2071644064293383,0.1902696992954531,0.4716983947293006,417,1400,3,19.53154101653702,dumbbell,3,1,C05,diffdist_t8,-0.28001375205035745,-0.5197753514924466
-6.954565024796672,-6.149099540456501,-0.17681189211933246,-0.7081148154659442,2.189509637009639,0.2712443121178075,0.16764690539995789,4.0,0.2070318515749575,0.2482501451228748,0.5103533394928849,1008,1400,3,19.598409833538604,dumbbell,3,1,C05,diffdist_t8,0.37995832338661184,-0.25315849704948207
-0.722636303198499,1.3492551877246026,-2.900175630194776,-0.8884262085378151,3.349806465208844,0.5976142989529112,1.946685329149861,2.0,0.1861005595340617,0.1399123244600889,0.5077216835912489,139,1400,3,-22.5473601470225,dumbbell,3,1,C05,fb_potential,0.20190567071480092,-0.441150073322802
-0.14049933923000987,0.4351803047159743,-1.9010463112776965,-1.58440976547647,1.7309945431026896,0.5976142989529112,0.5059607731617688,3.0,0.2054379746103121,0.1487846049199131,0.5048436766385406,345,1400,3,-19.54807815522921,dumbbell,3,1,C05,fb_potential,0.0901267523711663,-0.7916066483391871
1.0901222632496692,0.9881262005190026,-0.7002512985054925,-1.8249033729292932,-0.32087193315322526,0.0,0.30661640402491785,3.0,0.2455870027431959,0.1568471487237726,0.4491885385589982,567,1400,3,-12.932922920056043,dumbbell,3,1,C05,fb_potential,-0.48797327086632897,-1.3088924686969432
0.7466425502902614,1.2149997335403322,-1.3521200472273391,-1.5144870887740065,2.444547335324428,0.5976142989529112,1.4362560940159645,3.0,0.2078518149660439,0.1619763013847373,0.5302957975354371,957,1400,3,-4.475007189638757,dumbbell,3,1,C05,fb_potential,0.08695040822177647,-0.20313313357233845
0.8801592100965878,0.9496596026609999,-1.9558270292768527,-1.6786003775699598,0.573449976126854,0.5976142989529112,1.401796350326817,3.0,0.2409922161149336,0.1684513888444208,0.4946541647637227,1152,1400,3,3.926638038346909,dumbbell,3,1,C05,fb_potential,-0.24892647874353924,-1.2200768344590707
-0.16819449457123323,0.21555085370296012,-1.909890662364546,-2.057175169316079,-0.8058952283450735,-1.1952285979058224,0.4375362300535581,3.0,0.2321475289696748,0.1663445346588495,0.4627008780705047,23,1400,3,6.366942189056861,dumbbell,3,1,C05,fb_potential,-0.4874840068486161,-1.7543758747481348
0.20954817676956125,-0.052187074656650324,-2.6149008319901994,-0.8741366486245792,1.98268616237434,0.5976142989529112,1.8868623609392177,3.0,0.2216948345178147,0.1615514052384854,0.4997133534647764,705,1400,3,6.844623507345642,dumbbell,3,1,C05,fb_potential,0.13258058442678256,-0.6570778947258066
1.348908441544613,0.8214756886115673,-1.1003703883874696,-1.5145003402815291,0.37506318799177224,0.5976142989529112,2.328265063458636,3.0,0.2360907989058858,0.1613982918362447,0.4754524875428175,1234,1400,3,7.521507126122807,dumbbell,3,1,C05,fb_potential,-0.4614765439892306,-1.5189907206866031
-0.4717875420846948,0.44609992044876495,-2.8598053930908516,-1.392831759364934,1.4031135157380374,0.5976142989529112,0.21678282612613597,3.0,0.2226828880605309,0.1531804657387805,0.4757459678071799,1360,1400,3,8.426042437960886,dumbbell,3,1,C05,fb_potential,-0.3619090028809292,-1.3368161172719393
0.40488652426490146,1.5328196218663912,-0.8912264782127776,-1.2815646923198816,1.5195437629326844,0.5976142989529112,2.9962255945572602,3.0,0.2296270450377463,0.1746106271958734,0.506168034410873,1389,1400,3,9.332303695601675,dumbbell,3,1,C05,fb_potential,-0.10275872647586126,-1.0120333691109018
0.1710104876652682,-1.1317754178219324,-1.1852800231399592,-1.3710106602964138,1.381255210883162,0.5976142989529112,0.915209794299292,3.0,0.1951872015097744,0.1355428690329065,0.4553419587732998,771,1400,3,10.45608464159697,dumbbell,3,1,C05,fb_potential,-0.2472075666116772,-1.439666830874705
0.9055327785179619,0.5848074831497305,-0.15627191401327364,-0.720284831320893,3.064283366564145,0.5976142989529112,1.1732355397481942,3.0,0.2151307895398813,0.1544783922992927,0.5186457955283519,337,1400,3,11.680628763081607,dumbbell,3,1,C05,fb_potential,0.24098818836529,-0.32040424409506585
0.509549752832078,1.3571629712896462,-1.6567239990776277,-1.5130383754713983,0.4780970342632555,0.5976142989529112,0.9259430174010743,3.0,0.2266073170537612,0.1488705171167185,0.4643040330569339,868,1400,3,12.58921273445755,dumbbell,3,1,C05,fb_potential,-0.42853424349740243,-1.4296173994829815
-1.1993694288598618,-0.42052143238300616,-4.914440672199056,-1.4396526882102854,1.4778248338231355,0.5976142989529112,-0.32884630645872637,3.0,0.2269680592923032,0.169916251186263,0.5124599710442674,584,1400,3,13.716086562755594,dumbbell,3,1,C05,fb_potential,0.008672309136919742,-0.8180007668309927
1.3764254576130366,1.940757038793567,-0.004990588487327348,-1.1727582795150135,1.9291005586816847,0.5976142989529112,-0.05824418535331588,3.0,0.2013884614944635,0.1420285255346334,0.4769028820021883,1131,1400,3,14.727809699382144,dumbbell,3,1,C05,fb_potential,-0.35109866764597386,-0.46051996430389597
-1.1060845368996588,-0.926241091177013,-1.9655228970038814,-1.8215566174723206,0.9191035835647084,0.0,-1.1795645105101698,3.0,0.232387067277569,0.1671681453341741,0.488673894376643,1242,1400,3,15.448150608364813,dumbbell,3,1,C05,fb_potential,0.19046067650270482,-1.390282905294531
0.09588076235257283,1.279001000416015,-0.4826013735889006,-1.4693660052689552,0.46090859019754354,0.5976142989529112,1.8652134788004218,3.0,0.2256729134088482,0.1564816388886765,0.4545880366431097,760,1400,3,16.44847809418128,dumbbell,3,1,C05,fb_potential,-0.4482494759928034,-1.1702221623238278
-0.33365532003484755,0.19499990047805643,1.2466902902920591,-1.5523165164097406,0.9056329554140735,0.0,0.9511809977163425,3.0,0.2562718783431914,0.1869160733371712,0.5026636567962831,818,1400,3,17.183175550659318,dumbbell,3,1,C05,fb_potential,-0.029930693717017065,-0.09201646863538566
0.7081856234843626,1.7268525270466146,-0.2906082662284089,-1.4787956363157058,1.0999824278288763,0.5976142989529112,2.147220522102725,3.0,0.2287421687132086,0.1633442693655662,0.4830174773397329,33,1400,3,17.845054462424237,dumbbell,3,1,C05,fb_potential,-0.39080395621580566,-1.1826798929896283
0.05902097090507476,0.36313291201305326,-4.489106642804355,-1.6935998013314186,2.279704799464789,-1.7928428968587335,0.5855954243829394,3.0,0.2134579675402612,0.1801675506448183,0.5137008695326466,757,1400,3,18.477853740953684,dumbbell,3,1,C05,fb_potential,0.2695260625066547,-0.3749949216828895
2.0387642441296467,1.7848273814170013,-0.5457684073225391,-0.7146181809887997,2.998043634223037,0.5976142989529112,2.1241942165805736,3.0,0.2150736223559898,0.1634184936477991,0.5456995566304076,1033,1400,3,18.953242809572934,dumbbell,3,1,C05,fb_potential,0.11699617471509782,-0.010007711949679286
0.007441572726382903,0.21304090627423128,1.8609884596184947,-1.2130023196721211,1.4013869258816432,0.5976142989529112,-0.5211685855894115,3.0,0.2440762021093016,0.179491286874854,0.4975214133267289,935,1400,3,19.316911019284746,dumbbell,3,1,C05,fb_potential,0.14674955443741733,0.13530921329266324
0.640662991062191,1.8107067175959217,-1.06064063657904,-1.1308758625213813,2.1524793315792285,0.5976142989529112,2.5358892584555695,3.0,0.216590154120437,0.1560361554878907,0.5231015547577248,417,1400,3,19.53154101653702,dumbbell,3,1,C05,fb_potential,0.07245420007587189,-0.2576765163154867
0.48644168915057373,0.43348086931073615,0.06868190402280869,-1.6215267389368286,0.8359432706309372,0.5976142989529112,-1.020599108238952,3.0,0.2230375873119568,0.1577332613399107,0.4915362285072333,1008,1400,3,19.598409833538604,dumbbell,3,1,C05,fb_potential,-0.07517706408986585,-0.7168285521084584
1.9546716360643395,-0.14907889428064583,-2.7345764922229288,-0.9382942959001641,3.198379159840642,0.28867511859481376,-9274.441959434664,3.0,1.1742508984620748e-06,0.8072003562539172,0.8445378773051565,139,1400,3,-22.5473601470225,dumbbell,3,1,C05,heatgeo_4t,0.49935133540829524,2.75556745703533
-0.5013969009954853,-2.8741428454877243,-2.8111654523924394,-0.9128788238946479,2.9949357016168845,0.28867511859481376,-11560.78788375794,4.0,1.716917968679173e-06,0.7995205354624155,0.848112443705073,345,1400,3,-19.54807815522921,dumbbell,3,1,C05,heatgeo_4t,0.49934719251119497,2.372754182333445
-2.041075575321897,-1.1914101226108071,-2.4846180982687844,-0.44170667250223716,2.4834513208793503,0.28867511859481376,1.312248770471836,4.0,3.1250205681888704e-06,0.7856590566366647,0.8465586950152093,567,1400,3,-12.932922920056043,dumbbell,3,1,C05,heatgeo_4t,0.49601141394947923,1.7528696342851606
0.5975181165553051,-1.635026916719413,-2.373661011698179,-0.5486129422326872,2.5094172078198427,-3.1754263045429516,-16279.56895907489,4.0,3.04404898902398e-06,0.7874283691841341,0.8478579448659082,957,1400,3,-4.475007189638757,dumbbell,3,1,C05,heatgeo_4t,0.4992576317234697,2.2994160238479977
-0.48179868554438354,-2.3131515588337375,-2.6633456789362144,-0.7236389502954556,2.788607348745662,0.28867511859481376,-12382.245555020503,4.0,2.2786822746757465e-06,0.7946163268415168,0.8438986190627361,1152,1400,3,3.926638038346909,dumbbell,3,1,C05,heatgeo_4t,0.4995536220307347,2.290572859512089
1.1712971442424427,-0.2674673406228802,-2.196119105965914,0.4206059150535008,2.2188483343721495,0.28867511859481376,-30266.367622228314,3.0,3.845601564879805e-06,0.7801413778017405,0.848130649360951,23,1400,3,6.366942189056861,dumbbell,3,1,C05,heatgeo_4t,0.4992058838385174,2.682451509958226
0.2950752623290424,-0.4150637134677923,-2.141757265881081,0.2059815113095997,2.366901023368345,0.28867511859481376,1.2599552317200347,3.0,3.43450330978227e-06,0.7862647040558468,0.8451316409290569,705,1400,3,6.844623507345642,dumbbell,3,1,C05,heatgeo_4t,0.49506839466987074,2.339285844864582
-1.1854348928729337,-4.067906230793909,-2.54691849513564,-0.32977748374566773,2.8876276140497867,0.28867511859481376,-21461.695077154625,4.0,1.9984554604214474e-06,0.8004698289056796,0.8439822026354291,1234,1400,3,7.521507126122807,dumbbell,3,1,C05,heatgeo_4t,0.49943129289823596,2.3329581731366766
-0.13094390218188925,-2.396553307840101,-2.0221105777258757,0.3432856867666896,2.1771151542042575,0.28867511859481376,-30838.638257086997,3.0,3.963106182712011e-06,0.7782188954656571,0.8442268680715759,1360,1400,3,8.426042437960886,dumbbell,3,1,C05,heatgeo_4t,0.4995536220307347,2.819904902907031
2.6933287702264206,0.42407347080166663,-2.4853904149748414,-0.2931849563225014,2.7765142742371896,0.28867511859481376,-7177.344317325005,3.0,2.2959911258575446e-06,0.797874629046906,0.8397341769973927,1389,1400,3,9.332303695601675,dumbbell,3,1,C05,heatgeo_4t,0.49935133540829524,2.6851402615597957
-0.9949871698096027,-3.337844031594281,-1.7757624934916216,0.41338705585984076,1.8315158054347405,0.28867511859481376,-29719.42890447511,3.0,4.955917062730334e-06,0.7737541912219759,0.8515401465569494,771,1400,3,10.45608464159697,dumbbell,3,1,C05,heatgeo_4t,0.4992939202687865,2.7881953588882435
-0.21604201419340419,-1.766198751080795,-1.904954715468451,0.6615749230703007,1.9181156377785085,0.28867511859481376,0.47657177025279834,3.0,4.7113838329736e-06,0.774889426161509,0.8503607454494753,337,1400,3,11.680628763081607,dumbbell,3,1,C05,heatgeo_4t,0.49817365111630973,2.5374450547888343
-0.709275253631883,-1.0052992431112977,-2.314338071740699,-0.09724072783329239,2.4639964158253194,0.28867511859481376,-7991.918429582825,3.0,3.1686541561081644e-06,0.7848215299827712,0.8447275164982584,868,1400,3,12.58921273445755,dumbbell,3,1,C05,heatgeo_4t,0.4992064615364671,2.8267932799648787
0.5625850009831901,-0.831143287516018,-2.556489868199569,-0.6627423283446988,2.7923038463836063,0.28867511859481376,-15779.36982733233,4.0,2.271745787747132e-06,0.7955299751806905,0.842267372545176,584,1400,3,13.716086562755594,dumbbell,3,1,C05,heatgeo_4t,0.4993179938306115,2.181024528165296
0.8055711025133274,-1.75120957872996,-1.736197374463583,0.8329393206033878,1.6336473247441783,0.28867511859481376,-25762.309259398633,3.0,5.544184952008077e-06,0.7699025302355611,0.8556217382993555,1131,1400,3,14.727809699382144,dumbbell,3,1,C05,heatgeo_4t,0.49899081925928024,2.7704651094643786
0.8426644873768014,-0.2694712120741217,-2.1972286263871874,-0.4828220325482171,2.325065334417208,0.28867511859481376,-12494.771211766529,3.0,3.5775812333548347e-06,0.7782112486458911,0.8518340280831623,1242,1400,3,15.448150608364813,dumbbell,3,1,C05,heatgeo_4t,0.4992058838385174,2.746390115432965
-1.8960027997391757,-2.6118068576141895,-2.2011954980579267,-0.027912451320268605,2.242631531148758,0.28867511859481376,-7755.109252221045,3.0,3.777338091541496e-06,0.7831702789431882,0.8496988965971559,760,1400,3,16.44847809418128,dumbbell,3,1,C05,heatgeo_4t,0.49934719251119497,2.7607316384298124
-0.016857053593890385,-2.325285124607344,-2.1099151584415003,-0.225866551168602,2.3067371245215518,0.28867511859481376,1.798052523946611,3.0,3.5836649928799e-06,0.7833650065272498,0.848291082772539,818,1400,3,17.183175550659318,dumbbell,3,1,C05,heatgeo_4t,0.4977557529852906,2.336901495890586
-0.27428352140593515,-3.0002228246611278,-2.3182117950106114,-0.5639362744680018,2.4972692730831105,0.28867511859481376,-3361.42975492797,3.0,3.100983915936383e-06,0.788537440023888,0.8502168547034975,33,1400,3,17.845054462424237,dumbbell,3,1,C05,heatgeo_4t,0.49961113870445506,2.8559384467797586
-0.1256301964504414,-0.7867361149368177,-2.155465815422794,-0.24451057107915533,2.240183683214254,0.28867511859481376,-8520.629434263506,3.0,3.8013475311067703e-06,0.7810361142833483,0.8503360605943571,757,1400,3,18.477853740953684,dumbbell,3,1,C05,heatgeo_4t,0.49945736856843914,2.878369362565271
2.295269241740951,0.12381398234196749,-2.2341655780394323,-0.17134592119360895,2.2899509248947174,0.28867511859481376,1.9624511165684946,3.0,3.680070290786197e-06,0.7811913388858723,0.84719024674438,1033,1400,3,18.953242809572934,dumbbell,3,1,C05,heatgeo_4t,0.4953880220184743,2.42059473429964
2.216458689754945,0.26703187944295237,-2.3907305817577735,-0.2890553351525594,2.535191212740999,0.28867511859481376,-6656.946783660192,3.0,2.96904386972382e-06,0.7856199346064882,0.8445945463853176,935,1400,3,19.316911019284746,dumbbell,3,1,C05,heatgeo_4t,0.49935133540829524,2.751051753583696
0.11159313956284475,-1.1115938416809228,-2.296684573912042,-0.20179670979715128,2.3617884621840157,0.28867511859481376,-7194.879045975152,3.0,3.455737919916095e-06,0.7831958304404038,0.8467551897111161,417,1400,3,19.53154101653702,dumbbell,3,1,C05,heatgeo_4t,0.4993179938306115,2.7934938595275165
-0.1272704719466311,-1.8762346691214964,-2.615125624856652,-0.6988508639585921,2.8031834280951737,0.28867511859481376,-14172.934550617605,3.0,2.2361612230462407e-06,0.7958193014803956,0.847094978651024,1008,1400,3,19.598409833538604,dumbbell,3,1,C05,heatgeo_4t,0.49945736856843914,2.8452626771739573
1.9686146594415033,-0.12316455843032463,-3.0136827057280065,-0.9450176217733257,3.552296330406984,0.5524374512398212,1.145556602283275,3.0,4.055806623511281e-07,0.8237845825646157,0.8575736081411973,139,1400,3,-22.5473601470225,dumbbell,3,1,C05,heatgeo_t,0.4953880220184743,2.3586851758893843
-0.43044343217288755,-2.771568910062881,-3.069498517954438,-0.9227139605075347,3.294449183970998,0.5524374512398212,1.3016960168230027,4.0,7.562805915726949e-07,0.8168607381070174,0.8608027838743171,345,1400,3,-19.54807815522921,dumbbell,3,1,C05,heatgeo_t,0.49780248032833263,1.6728467511762695
-1.9444895336662675,-1.1561536279675642,-2.6691900051116364,-0.451638644664927,2.655573713746203,0.5524374512398212,1.8210863629806204,4.0,1.6509373615157277e-06,0.8043843243155102,0.859408377169433,567,1400,3,-12.932922920056043,dumbbell,3,1,C05,heatgeo_t,0.49601141394947923,1.7528696342851606
0.6142037519436542,-1.6037353686792508,-2.552366866741991,-0.5670594713096927,2.7174914453332613,0.5524374512398212,1.3926864397158831,3.0,1.561170697405143e-06,0.8059778676964349,0.860583713055333,957,1400,3,-4.475007189638757,dumbbell,3,1,C05,heatgeo_t,0.49621957727305677,2.27110580718792
-0.41952477256001586,-2.254224244106272,-2.873814646114014,-0.7353598708193959,3.0126960841205337,0.5524374512398212,0.889009499533962,4.0,1.146193583532268e-06,0.8124433790656332,0.8569804014718294,1152,1400,3,3.926638038346909,dumbbell,3,1,C05,heatgeo_t,0.4982692472973276,1.7128363810194762
1.1521526393765107,-0.3056514660197788,-2.368364021808714,0.42380803108254445,2.3974325961243634,0.5524374512398212,-1.117659989639471,3.0,2.0117881225668927e-06,0.7994294582366961,0.8608480921274989,23,1400,3,6.366942189056861,dumbbell,3,1,C05,heatgeo_t,0.49788352510407363,2.5471911074553995
0.17533133322420907,-0.4501376001792822,-2.3243391381562315,0.20809827781547693,2.584333545010553,0.5524374512398212,1.2211624232822949,3.0,1.7492928210708687e-06,0.8049366067522519,0.8581180339772171,705,1400,3,6.844623507345642,dumbbell,3,1,C05,heatgeo_t,0.49506839466987074,2.339285844864582
-1.1536828366147975,-4.002980833418935,-2.783676436649946,-0.32399642981786014,3.194963384927893,0.5524374512398212,2.2599786848631025,4.0,8.927367253386928e-07,0.8177220731772259,0.8570522927310522,1234,1400,3,7.521507126122807,dumbbell,3,1,C05,heatgeo_t,0.4971388984744889,1.7803344970376613
-0.13960920969582483,-2.396445692599086,-2.1815555479251896,0.34536407282952575,2.354796162957818,0.5524374512398212,-0.3368748973736433,3.0,2.0700444881189e-06,0.7977088620422625,0.8572980684085673,1360,1400,3,8.426042437960886,dumbbell,3,1,C05,heatgeo_t,0.49905837724243896,2.484058141404805
2.662700978265897,0.3729210006961804,-2.750633473243288,-0.2961474890710075,3.1359765899400913,0.5524374512398212,1.04516329549106,3.0,9.749059143817944e-07,0.8153835526198946,0.8532190407525825,1389,1400,3,9.332303695601675,dumbbell,3,1,C05,heatgeo_t,0.4953880220184743,2.5014532274959094
-0.9944699664813367,-3.3035855893081196,-1.9084934657204393,0.4220638863031476,1.9660323858795734,0.5524374512398212,-0.3849456966870987,3.0,2.632887743424339e-06,0.793698705911242,0.863944845962794,771,1400,3,10.45608464159697,dumbbell,3,1,C05,heatgeo_t,0.4988004899791938,2.479704327397991
-0.2229733201434602,-1.765817822070159,-2.054245819090863,0.664314605944914,2.0647037661789702,0.5524374512398212,0.3617383161079852,3.0,2.498238473398745e-06,0.7947177905610839,0.862866309646175,337,1400,3,11.680628763081607,dumbbell,3,1,C05,heatgeo_t,0.4987900490306868,2.5374450547888343
-0.5862898789128311,-1.0102652545603121,-2.470617377361506,-0.09581992729600815,2.6437603476799434,0.5524374512398212,0.5964185426259119,3.0,1.663552900178087e-06,0.8036376779642278,0.8577479710177397,868,1400,3,12.58921273445755,dumbbell,3,1,C05,heatgeo_t,0.4968574164795233,2.444000177529487
0.595735412995708,-0.8146252187941951,-2.753755738027638,-0.6797568474305912,3.0306358258813106,0.5524374512398212,1.8613763025221206,4.0,1.1223262006853447e-06,0.8132680214997253,0.8555238541940976,584,1400,3,13.716086562755594,dumbbell,3,1,C05,heatgeo_t,0.49621957727305677,1.5887222476465803
0.7912415576405886,-1.769904170034557,-1.964510117740153,0.8537179761461664,1.9232955040004174,0.5524374512398212,0.7376480997439253,3.0,2.721196391711804e-06,0.7902424726980953,0.8676521686976878,1131,1400,3,14.727809699382144,dumbbell,3,1,C05,heatgeo_t,0.49576210115527386,2.5090763524452737
0.8296203516135803,-0.27726235992288595,-2.3589851161421937,-0.5098069474189599,2.5145134746169813,0.5524374512398212,1.4858819232448346,3.0,1.8595029366019497e-06,0.7976944114794718,0.8641968562682946,1242,1400,3,15.448150608364813,dumbbell,3,1,C05,heatgeo_t,0.49506839466987074,2.2618271789546447
-1.8529028140456731,-2.58365719589761,-2.339448917258539,-0.02261441035188191,2.376726593906549,0.5524374512398212,1.1036501743906302,3.0,2.0373476676328333e-06,0.8021509339226076,0.8622572001448713,760,1400,3,16.44847809418128,dumbbell,3,1,C05,heatgeo_t,0.4967169124747167,2.45330414076282
-0.023649063997193274,-2.3206098156146506,-2.3193587725416505,-0.2285836726410024,2.5649363633788504,0.5524374512398212,1.3497566037712625,3.0,1.7748311336431946e-06,0.8023299470399489,0.8609977081150363,818,1400,3,17.183175550659318,dumbbell,3,1,C05,heatgeo_t,0.4977557529852906,2.336901495890586
-0.2567555620844896,-2.9604019027977007,-2.4839889659969847,-0.5837886827510805,2.685131027490315,0.5524374512398212,1.4335618175026534,3.0,1.6147317682048058e-06,0.8069789508605135,0.8627313082846226,33,1400,3,17.845054462424237,dumbbell,3,1,C05,heatgeo_t,0.49808520278874246,2.263770359662977
-0.10240895126000693,-0.7886376904704648,-2.311614477715232,-0.25427778353842456,2.4193865522362685,0.5524374512398212,1.4098333670312109,3.0,1.986427651063251e-06,0.8002343327376167,0.862830191515644,757,1400,3,18.477853740953684,dumbbell,3,1,C05,heatgeo_t,0.4973296331207331,2.3276228676573107
2.2781527406162523,0.21449662332085773,-2.3851485545456033,-0.18032768695669724,2.428646877975211,0.5524374512398212,1.547059791188238,3.0,1.9747388725488467e-06,0.8003696185644658,0.8599817835812326,1033,1400,3,18.953242809572934,dumbbell,3,1,C05,heatgeo_t,0.4953880220184743,2.42059473429964
2.201784001783107,0.23168492317026054,-2.608708845847142,-0.2936050537517435,2.8219383776631908,0.5524374512398212,0.9376520190984025,3.0,1.4148306931185648e-06,0.8043529769640676,0.8576239177273863,935,1400,3,19.316911019284746,dumbbell,3,1,C05,heatgeo_t,0.4966626175436285,2.5014532274959094
0.12877224955323552,-1.1110458068791946,-2.4519215465430975,-0.1969495215253481,2.5179971903149463,0.5524374512398212,1.0540081445063298,3.0,1.8431207215583297e-06,0.8021725052046782,0.8595923558028958,417,1400,3,19.53154101653702,dumbbell,3,1,C05,heatgeo_t,0.49621957727305677,2.472149919547937
-0.0841595630510065,-1.8236093915524305,-2.8186918105494514,-0.7075579033973152,3.025063722946656,0.5524374512398212,2.700567419452175,3.0,1.1246151160972936e-06,0.8135316841512366,0.8599029732184575,1008,1400,3,19.598409833538604,dumbbell,3,1,C05,heatgeo_t,0.49727287878871684,2.1059199677395424
-1.8170113688721166,0.36394405451267686,-1.6535192702743675,-0.8223185695214259,-0.12079029164717932,-1.1152651025062255,0.7284490103328687,4.0,0.2614101636086581,0.2214209834302926,0.5110053915616317,139,1400,3,-22.5473601470225,dumbbell,3,1,C05,pca_denoise,-0.40834469010191377,-0.946709782116257
-3.373187058379474,-3.0382770940191737,-1.127719027216367,-0.9094733359390851,-0.3155697653756149,-0.836448826879669,-0.05639920121742696,3.0,0.2536579251625134,0.1845684091880186,0.4997300656314924,345,1400,3,-19.54807815522921,dumbbell,3,1,C05,pca_denoise,-0.45683919556331176,-1.1994295823277723
-2.7154805380246327,-3.9043069432814446,-0.8212359491426257,-0.8938067602675323,-0.3979320040996354,-0.4182244134398345,0.17150789414580198,3.0,0.2476224338021264,0.1908101245504452,0.4792738113502387,567,1400,3,-12.932922920056043,dumbbell,3,1,C05,pca_denoise,-0.4923781471791752,-1.4219980641284606
1.2421130118194486,1.439781436863448,0.268509416985602,-0.8018552813414307,0.2742950011443298,-0.4182244134398345,0.038583303851755076,3.0,0.2448584889311112,0.2212764039356171,0.5405631389797078,957,1400,3,-4.475007189638757,dumbbell,3,1,C05,pca_denoise,0.14331358922123938,-0.0825745852460099
-2.8731698382339,-1.264399538486702,-0.05417437762068629,-0.8509264770356437,0.05668583546471403,-0.27881627562655636,-0.5773226951407369,2.0,0.2239423759975689,0.1798195524075317,0.4865135435907113,1152,1400,3,3.926638038346909,dumbbell,3,1,C05,pca_denoise,-0.42015918916802086,-0.8720580423525951
0.5189495450880414,2.140226567366672,0.07643485648710498,-0.12131392356522248,0.4561347937288357,0.836448826879669,2.2124907544941346,3.0,0.2160859572604117,0.1983914356153674,0.5030443232036529,23,1400,3,6.366942189056861,dumbbell,3,1,C05,pca_denoise,-0.15359883505387528,-0.13106819732504252
-1.3179232811230162,1.0593522769472323,-0.5584466176907316,0.0456497601336279,0.4137108864186071,0.836448826879669,2.288558034558979,3.0,0.2234373828849514,0.1877656225005187,0.4927603586143086,705,1400,3,6.844623507345642,dumbbell,3,1,C05,pca_denoise,-0.2251124376454104,-0.45292778909184894
-0.5362425450746943,-1.8793267891547145,-0.2042249500082988,-0.1405605433483562,-0.11880984173865042,0.836448826879669,2.0010323036121043,3.0,0.2555720080499296,0.1850333859563797,0.4703802227027795,1234,1400,3,7.521507126122807,dumbbell,3,1,C05,pca_denoise,-0.48510957711700364,-0.6196528550897192
-0.06501741622575209,1.8562264480136546,0.4369188063820983,0.01668631894383159,0.35432409185813607,0.836448826879669,2.194889828431439,3.0,0.2179407902260683,0.162145645346696,0.485456788676866,1360,1400,3,8.426042437960886,dumbbell,3,1,C05,pca_denoise,-0.45097737102785523,-0.6056512394782626
1.4778004676037328,4.815358562747931,-0.02388952862433542,-0.04547512405109839,0.6261575309883498,0.836448826879669,1.957045094661345,3.0,0.2220069981486149,0.2108788424880044,0.4905769871317417,1389,1400,3,9.332303695601675,dumbbell,3,1,C05,pca_denoise,-0.09397892475093456,-0.5236608308445507
0.22952675053047203,1.0764097712043343,-0.45598945996991075,0.07633599436942756,0.7151220111490075,0.836448826879669,1.248995116170191,3.0,0.1925774375511657,0.1505649963406151,0.5056535387431611,771,1400,3,10.45608464159697,dumbbell,3,1,C05,pca_denoise,-0.09179158031363382,-0.36602211736277407
0.7090808822299106,2.4876963535196586,0.7617820815627995,0.10579309872232086,0.5443349092337859,0.836448826879669,1.3255003792781486,3.0,0.2297726645529617,0.1698475045200012,0.522760506603465,337,1400,3,11.680628763081607,dumbbell,3,1,C05,pca_denoise,-0.23339837617459303,0.07124187918228336
-0.5306930842136403,1.058396995179463,-0.7449660805732465,-0.1674510032920207,0.23426988597049914,0.6970406890663909,1.6089804045125213,3.0,0.2336094657802763,0.1737478971078792,0.5084960104664863,868,1400,3,12.58921273445755,dumbbell,3,1,C05,pca_denoise,-0.29843213937361934,-0.4497346720754998
0.8832797622185088,1.7510924913418189,1.1640114145242257,-0.5349225870750004,-0.09174665995491058,0.27881627562655636,-0.05661715378047629,3.0,0.2710617845435746,0.1984262450721859,0.5121500591644647,584,1400,3,13.716086562755594,dumbbell,3,1,C05,pca_denoise,-0.3932460621217544,0.11598967554315705
1.5705427376754113,5.024461348466279,-0.03453940514422224,0.38007434563015435,1.4318179051256035,0.836448826879669,2.2416053841477277,3.0,0.1684799521265547,0.1447283344054896,0.5488953618416512,1131,1400,3,14.727809699382144,dumbbell,3,1,C05,pca_denoise,0.2553691254245082,0.2031062124630676
1.3418423570781577,3.4198579854056645,-0.3388496231997253,-0.07295873825392053,1.4892821056175702,0.6970406890663909,1.0065793863821075,3.0,0.191312943242221,0.1781002166477098,0.5672631014057189,1242,1400,3,15.448150608364813,dumbbell,3,1,C05,pca_denoise,0.12453732159607989,0.21304118010130008
-3.010623959725865,-1.654715867884087,-1.0180279690435958,-0.38600082030348803,-0.20217120631540278,0.836448826879669,1.062473354030748,3.0,0.2518782050622655,0.1796677880880521,0.4763192964773486,760,1400,3,16.44847809418128,dumbbell,3,1,C05,pca_denoise,-0.4904100094622719,-1.0752172336294048
-0.17863885361677953,0.34746905885812845,0.010843286499471581,-0.38167273317110895,-0.009512371646326642,0.6970406890663909,0.29125297447977766,3.0,0.2455173841952422,0.164154578212755,0.4745109303772916,818,1400,3,17.183175550659318,dumbbell,3,1,C05,pca_denoise,-0.4826204199555599,-0.7400595674811725
-0.34670312644930346,-0.637903062131222,1.2331191787329745,-0.15678227660723906,0.5778857333864201,0.836448826879669,0.8122526952507868,3.0,0.2213560442157804,0.1705844767086188,0.5255342387807737,33,1400,3,17.845054462424237,dumbbell,3,1,C05,pca_denoise,-0.2320434661785058,0.060943650511603976
-2.368720061410892,-1.3928263002188142,-0.23459315932192365,-0.33376365320173823,0.689644301904399,0.6970406890663909,0.06632699080654339,3.0,0.2090821937114602,0.174728687252085,0.5274632093035688,757,1400,3,18.477853740953684,dumbbell,3,1,C05,pca_denoise,-0.11333510232614552,-0.29054051366718026
2.0643072523707744,3.3525583146473696,0.5768565492197809,-0.07185285767366884,1.003996220391035,0.836448826879669,2.2419586386756523,3.0,0.2061145065443956,0.1997548422640103,0.5339748446583428,1033,1400,3,18.953242809572934,dumbbell,3,1,C05,pca_denoise,0.09446622093891432,0.4311158102766107
-0.8085912394892217,2.26328782324803,-0.8252131457481466,-0.336349887605264,0.02094761551423271,0.836448826879669,-0.615739016120367,3.0,0.2368603369925167,0.1803739792824045,0.4962203414066606,935,1400,3,19.316911019284746,dumbbell,3,1,C05,pca_denoise,-0.39210912947898274,-0.7415778509357441
-0.5769191600020712,1.5707493518937716,-0.10184854715442493,-0.5057721370843019,0.2451256442612387,0.836448826879669,1.1540253724725837,3.0,0.2211890095037448,0.1831434038996662,0.4936276354447234,417,1400,3,19.53154101653702,dumbbell,3,1,C05,pca_denoise,-0.21418333460624495,-0.40244778274601256
0.07502975298285076,-1.2536194447949682,-1.837446151027554,-0.7641893952270286,-0.17198269655803503,-0.13940813781327818,0.3215337429170426,3.0,0.2477935312139751,0.2008748196802661,0.4877348673951759,1008,1400,3,19.598409833538604,dumbbell,3,1,C05,pca_denoise,-0.3905935250063923,-1.1931871217412144
-0.7350872640214151,-0.8196171154122358,0.4174608062525179,-0.9408212889966652,-0.1309182946095379,-1.1548511797830623,-0.28217924294557156,4.0,0.2592199786173517,0.2211698758548592,0.5216498995351472,139,1400,3,-22.5473601470225,dumbbell,3,1,C05,plain,-0.28148584511928953,-0.5252358136673795
-1.8504545779242916,-3.7124702824673474,-2.0585762494320408,-0.9866401468588779,-0.23806037805884508,-0.5833784310244337,0.18717831974650406,2.0,0.2539328389635516,0.1978835777513887,0.5047699644001146,345,1400,3,-19.54807815522921,dumbbell,3,1,C05,plain,-0.445757973220294,-0.8590263803976208
-3.448435777303685,-3.4895029186766573,-1.1997785048657523,-0.9631490013090681,-0.4219786335509323,-0.4405102438347764,0.5882780819785968,3.0,0.2483303068335278,0.1794905481225276,0.4820688726448298,567,1400,3,-12.932922920056043,dumbbell,3,1,C05,plain,-0.4927122424623123,-1.5470711849559875
0.4074643587387311,0.05063813119772097,0.495449147818137,-0.8846852191005038,0.3453297218629404,-0.15477386945546195,0.8908658470969413,2.0,0.2457271766317751,0.2262628689122461,0.5455302931468166,957,1400,3,-4.475007189638757,dumbbell,3,1,C05,plain,0.1549285890696297,-0.004726106290253216
-2.48846519269196,-2.1070315716497277,-0.7279051005740236,-0.9816235774814114,-0.21847262332552891,-0.15477386945546195,0.22267299468575857,3.0,0.2311717564328055,0.1815302038771447,0.4751621286602184,1152,1400,3,3.926638038346909,dumbbell,3,1,C05,plain,-0.48779845623318674,-0.9666689590502164
0.4412768456145581,0.1655516780693336,0.017674982174959584,-0.1921551018494792,0.6428922695567146,0.8453034408721386,1.9538901551992938,3.0,0.2287607481271716,0.2085801654340557,0.532196150807374,23,1400,3,6.366942189056861,dumbbell,3,1,C05,plain,-0.07030521992704836,0.12040083933449286
-0.5734270027204804,1.3064297463294066,0.03804498004993665,-0.09052419918433632,0.5911752521258568,0.8453034408721386,1.6075309184432582,3.0,0.2212355475084448,0.1865343405308121,0.5055955304253793,705,1400,3,6.844623507345642,dumbbell,3,1,C05,plain,-0.3053907436506146,-0.21796386339526305
-2.345347994760984,-2.352227211082856,-0.7707188959712511,-0.31338678289613325,-0.12992327771054987,0.8453034408721386,2.067051642705016,3.0,0.2592518458748807,0.200651480655894,0.4831122014101361,1234,1400,3,7.521507126122807,dumbbell,3,1,C05,plain,-0.4868734111348072,-0.6176737446908417
0.46572737991848984,0.47334338618386235,-0.05626914413632464,-0.05927671246851043,0.6546582847339569,0.8453034408721386,1.7765707360673846,3.0,0.2210002934797049,0.1762524332590751,0.5231567933988892,1360,1400,3,8.426042437960886,dumbbell,3,1,C05,plain,-0.16474706920992171,0.04437233334869059
-0.19598751559476404,1.794796509825405,-0.7830259742345742,-0.4219441883666565,0.5457719390468554,0.8453034408721386,1.2136354679667125,3.0,0.2275143237823874,0.2420320860548045,0.5110293977613818,1389,1400,3,9.332303695601675,dumbbell,3,1,C05,plain,-0.03102747012589724,-0.23608329124454522
0.5838378471317164,-0.6762720191772764,-0.2748702819949181,-0.13606447954634068,0.8217232923662059,0.8453034408721386,0.6077236369630077,3.0,0.2080425257845312,0.1726967689654325,0.5108287825963911,771,1400,3,10.45608464159697,dumbbell,3,1,C05,plain,-0.0913496919585376,-0.43310234898378674
0.25651500929351684,-0.1562764860739969,0.8235157875951986,-0.030417447968239596,0.8496529633557863,0.8453034408721386,1.7797840195962482,3.0,0.2376189476697189,0.1887762785759739,0.5594864953499538,337,1400,3,11.680628763081607,dumbbell,3,1,C05,plain,0.0988392711577526,0.1888056069355256
-0.7145284555841606,-0.22134644357004213,-0.4719842426659768,-0.4147888233966224,0.1873284353117612,0.7024352536824814,-0.16789104455286374,3.0,0.2359290180945055,0.1943171129058107,0.5103827811989355,868,1400,3,12.58921273445755,dumbbell,3,1,C05,plain,-0.30957022096763964,-0.16651505915695486
0.4070694340994381,0.7295579207401468,1.7441371741395602,-0.8362198221098176,0.06618811052453229,0.41669887930316696,0.0819781252624265,4.0,0.272161479761388,0.2517588812347331,0.5432942324181333,584,1400,3,13.716086562755594,dumbbell,3,1,C05,plain,-0.17816128428049238,0.2519843453586422
3.176877748411695,3.5052266222376436,0.2632327024021363,0.205696581937273,2.199265728789671,0.8453034408721386,1.790358326078649,3.0,0.180084646798848,0.1877024564552275,0.5775627261642428,1131,1400,3,14.727809699382144,dumbbell,3,1,C05,plain,0.31619460369362096,1.0489935325132835
0.6641986556169472,-0.4561382374461973,1.2995741340711187,-0.5672717318150584,1.5154648228095742,0.7024352536824814,0.6616910489377875,2.0,0.2418762686543212,0.2627296593666833,0.6315347332002139,1242,1400,3,15.448150608364813,dumbbell,3,1,C05,plain,0.03843228124866738,0.10464219986424622
-1.0971569864300434,-2.4991959915285995,-0.3033400155996643,-0.41347491002607256,0.13417496662625125,0.8453034408721386,0.3281207177964942,3.0,0.2419648018707056,0.192213782357511,0.4944981519500965,760,1400,3,16.44847809418128,dumbbell,3,1,C05,plain,-0.31060505273500383,-0.611428155506818
-2.3696495621565496,-0.9560366292716893,-0.02202647553754802,-0.546522348920451,-0.08999971597093731,0.7024352536824814,1.0499601042020072,3.0,0.2514342570274288,0.1770763820270814,0.4858591667264718,818,1400,3,17.183175550659318,dumbbell,3,1,C05,plain,-0.47938791272028586,-0.5584814229798639
1.3015429812292025,-1.208639013798702,1.3632411865644773,-0.5745517010935856,1.6096311223339486,0.7024352536824814,0.9236341272617556,3.0,0.2276560772819657,0.2731459455314001,0.6141893275481479,33,1400,3,17.845054462424237,dumbbell,3,1,C05,plain,0.13591030757426903,0.5740901686815089
-0.7091694052942084,0.41264360889015567,-0.812071880070954,-0.5664674046717809,0.8583647300181493,0.41669887930316696,0.3723630396143197,3.0,0.2346836070832305,0.2079572448054285,0.5635985793469113,757,1400,3,18.477853740953684,dumbbell,3,1,C05,plain,0.10864315619313314,-0.3948500403988429
0.4006424095399981,0.4523247192456498,0.313411015472608,-0.44400938156660996,1.248476973041899,0.5595670664928242,1.35804217249176,3.0,0.225861524133165,0.2278175604440742,0.564922186946229,1033,1400,3,18.953242809572934,dumbbell,3,1,C05,plain,0.2866103083708901,0.26518241037924306
0.10971532605506724,1.3251683362797244,0.22512797197860027,-0.4317539785727442,0.28995715074083844,0.7024352536824814,0.5202546419381355,3.0,0.2362473230900403,0.1895832152087645,0.5204790819068428,935,1400,3,19.316911019284746,dumbbell,3,1,C05,plain,-0.23160992975877953,-0.13375253065638984
-1.4269737722492282,-0.11126540610808523,0.10960995322689848,-0.679969158469704,0.32324130115806676,0.8453034408721386,0.8140483466489061,2.0,0.2326198344177364,0.201857106425735,0.5135015450386196,417,1400,3,19.53154101653702,dumbbell,3,1,C05,plain,-0.3137418062593085,-0.4623744948449562
0.06413364508157503,-1.4758418996310838,-0.7215653900237132,-0.883963248542756,-0.3796725193565486,-0.5833784310244337,0.5144047496478218,3.0,0.251498376513776,0.1930193982793239,0.4934930500254972,1008,1400,3,19.598409833538604,dumbbell,3,1,C05,plain,-0.36057928285427077,-0.7664804906378152
-4229.018336923984,-4566.762076023408,0.3075523873471484,-1.3273387788184097,-0.10018884380500265,0.42817441488883773,0.5966084505338003,4.0,0.1978475226545718,0.1410282957837341,0.3559221933977607,139,1400,3,-22.5473601470225,dumbbell,3,1,D,diffdist_t4,-0.4805616143913206,-1.1827459447823527
-3580.5316711548485,-5263.675989755504,-0.5879764477420978,-1.3564792615032806,0.22877172806323764,0.42817441488883773,-0.19757993178951114,4.0,0.1901729991927978,0.139621586097877,0.3496599671653451,345,1400,3,-19.54807815522921,dumbbell,3,1,D,diffdist_t4,-0.399111097470591,-1.4287910038083158
-6844.484215237874,-8487.52995924865,1.7026420598722436,-1.7700834860074761,-0.9037583209591554,-0.2140872074444189,-0.571710822043653,4.0,0.1957064083758437,0.1214696179053781,0.2993232267837715,567,1400,3,-12.932922920056043,dumbbell,3,1,D,diffdist_t4,-0.4644656118356973,-1.0231396191442788
-3133.05176498401,-3878.588318656173,2.491257278985371,-0.18194070440616558,0.7481974290243678,0.42817441488883773,1.6784792515227982,4.0,0.1711308562991027,0.1213923688110863,0.3608176280963293,957,1400,3,-4.475007189638757,dumbbell,3,1,D,diffdist_t4,-0.15132178001563923,0.18995846049046022
-2535.7355822505738,-2946.0755007790294,2.8304588797305446,-0.06653673731817622,1.1211534119964588,0.42817441488883773,1.9940021803324883,4.0,0.1686926391361854,0.1114433713177558,0.3989864259962357,1152,1400,3,3.926638038346909,dumbbell,3,1,D,diffdist_t4,0.1240627525725796,0.1716697236091755
-4159.940600177223,-4840.492177984525,-2.6694556220693437,-2.0319991063701153,-0.6076702441241695,-6.636703430776985,-0.8115856339320986,4.0,0.2085770110756691,0.1439749478413361,0.3711866069198645,23,1400,3,6.366942189056861,dumbbell,3,1,D,diffdist_t4,-0.4682247506540803,-1.7116681633696544
-6237.586628135497,-6654.146310227542,0.3491552280241442,-1.636051402373123,0.04696536132684262,0.42817441488883773,-0.5838578850826651,4.0,0.1861062113012319,0.1206628778895169,0.3464956206338778,705,1400,3,6.844623507345642,dumbbell,3,1,D,diffdist_t4,-0.4431014117549314,-1.3245529504712177
-7910.725144671731,-12061.45308773015,1.1850328713956972,-1.2976122255368983,-0.11834881423221512,0.42817441488883773,-0.2656761216439521,4.0,0.1674994602147332,0.0956684480630182,0.3110184425951059,1234,1400,3,7.521507126122807,dumbbell,3,1,D,diffdist_t4,-0.47140570524489595,-0.8256852109901631
-7573.075996469366,-7468.982366240105,1.1056812578191837,-1.0543197004961273,-0.21859063997471379,0.42817441488883773,0.3345094702763045,4.0,0.1758717324431905,0.0991612370746863,0.2909022519368445,1360,1400,3,8.426042437960886,dumbbell,3,1,D,diffdist_t4,-0.47290707968976875,-1.0275983456513393
-4814.046879547096,-4451.641169285516,0.7373721449049042,-0.3124321966313007,0.7601219848449041,0.42817441488883773,1.0458939192840875,4.0,0.1899984713198929,0.1362533708757607,0.388369594237785,1389,1400,3,9.332303695601675,dumbbell,3,1,D,diffdist_t4,-0.32858597272292495,-0.7242637501841336
-2968.884838738395,-5067.131216275586,-1.2333024071731455,-1.9148304583434623,-0.35846690392853225,-0.2140872074444189,-0.915111040889013,4.0,0.1793071926276363,0.0924615601750618,0.3390329074451493,771,1400,3,10.45608464159697,dumbbell,3,1,D,diffdist_t4,-0.44147972527253604,-1.8558346313920648
-3974.0131764100647,-4158.644047287421,-0.5462103164412626,-0.8772531622786253,0.021602480043026295,0.42817441488883773,0.5722115778086614,4.0,0.195755089314967,0.1280134717598041,0.3418890494816497,337,1400,3,11.680628763081607,dumbbell,3,1,D,diffdist_t4,-0.45488621797988965,-1.4019272287184528
-4184.494482394777,-6495.2625586757695,1.0647280575089684,-1.4205768548833828,-0.04545224984481299,0.42817441488883773,-0.11701312849908627,4.0,0.1793329743823182,0.1175398350624843,0.3244630151964064,868,1400,3,12.58921273445755,dumbbell,3,1,D,diffdist_t4,-0.4275259747899116,-1.075946156598599
-3866.4408832019153,-8437.757816186559,0.7597923465595453,-1.8581208499896236,-0.7551074583631364,0.42817441488883773,-0.3329545398020914,4.0,0.1829730396885472,0.1099519600759586,0.2900636763570552,584,1400,3,13.716086562755594,dumbbell,3,1,D,diffdist_t4,-0.46315585920078006,-1.5986496696854582
-3371.4564249807167,-4329.80655976436,1.6972708596611294,-0.6667123969646634,1.3697604585849952,0.42817441488883773,0.9169836458309918,4.0,0.1552949687343138,0.1057895358485248,0.3902187348131473,1131,1400,3,14.727809699382144,dumbbell,3,1,D,diffdist_t4,-0.08914250853416161,-0.31996310441632914
-2183.876747066235,-2582.198526911125,3.4741096824540993,-0.04818663017073026,1.509944741753079,0.42817441488883773,2.2189217147506466,4.0,0.1682378854251594,0.1178497288503522,0.4403658298157203,1242,1400,3,15.448150608364813,dumbbell,3,1,D,diffdist_t4,0.017534969810236944,0.29904617076770645
-6071.927384220464,-8446.193886371644,1.1826662989028478,-1.2357319947339902,-0.2951294657547005,0.42817441488883773,-0.5346024913709498,4.0,0.1677462561010845,0.0914838705474508,0.2958957031969276,760,1400,3,16.44847809418128,dumbbell,3,1,D,diffdist_t4,-0.47473398943066947,-0.8508220266267148
-3890.1878794888544,-4835.28383814518,1.0177412600593583,-0.7231661592370779,0.2580375023824762,0.42817441488883773,0.036592232636715516,4.0,0.1772523448065137,0.1163752414387659,0.3483355983049915,818,1400,3,17.183175550659318,dumbbell,3,1,D,diffdist_t4,-0.3560860841238578,-1.0367127831008731
-5067.371182409427,-5803.979411854532,0.9303535886202413,-0.6862582229471623,-0.02909432345317995,0.42817441488883773,0.004642161145525739,4.0,0.2015155417036581,0.1327832187063492,0.3443056604047855,33,1400,3,17.845054462424237,dumbbell,3,1,D,diffdist_t4,-0.46722716378120766,-1.145675738939561
-5006.801615043013,-5138.335373979071,1.4511518701329158,-1.3116569839687022,0.11351857275043373,0.42817441488883773,0.06279348704313958,4.0,0.1931903901793162,0.1303257641177937,0.3357305572343247,757,1400,3,18.477853740953684,dumbbell,3,1,D,diffdist_t4,-0.4654470366593376,-0.9921013256149828
-2999.269774058891,-5148.599596421997,1.559953378521061,-0.5669052195387609,0.42499444708426815,0.42817441488883773,1.0901609729243522,4.0,0.2054611845350134,0.167267465490483,0.3884211049162881,1033,1400,3,18.953242809572934,dumbbell,3,1,D,diffdist_t4,-0.387245522527941,-0.5717604428573624
-5120.300390085827,-7076.629242927666,0.35577072036797763,-2.1391821332670715,-0.5734011320553054,-4.067656941443958,-1.2421002027510741,4.0,0.2108772964059059,0.1579613505574641,0.3544358381065229,935,1400,3,19.316911019284746,dumbbell,3,1,D,diffdist_t4,-0.4748817031344525,-1.683244615050104
-4259.8396006526755,-6380.302464984264,-0.8129093200096611,-2.085824019253469,-0.8647425538192204,-4.067656941443958,-0.33629529593527424,4.0,0.2147205293240087,0.1500857792605273,0.3400763648491497,417,1400,3,19.53154101653702,dumbbell,3,1,D,diffdist_t4,-0.46971423861588446,-2.2590700684674885
-4598.433836764837,-6996.756106365022,-0.7111771780179845,-1.5562015651357803,0.11487701646461777,0.42817441488883773,-0.6746754692533725,4.0,0.1686606952087073,0.1073652726943526,0.3270143220781238,1008,1400,3,19.598409833538604,dumbbell,3,1,D,diffdist_t4,-0.4423490125018959,-1.269824323871361
-30904.806242190534,-14977.315607627126,-0.37897611560771793,-2.0616065678669844,0.037510764493562596,0.527342281050405,-0.29547277976405084,4.0,0.1777816163330957,0.1044404629113065,0.3258492829692918,139,1400,3,-22.5473601470225,dumbbell,3,1,D,diffdist_t8,-0.4195610712044577,-1.517996377099386
-26499.237787235932,-15036.142843065985,-1.0916733224832813,-1.9785321712499186,0.6507331722870953,0.527342281050405,-1.225692269609506,4.0,0.1684125191305526,0.0940628665497831,0.335178458749139,345,1400,3,-19.54807815522921,dumbbell,3,1,D,diffdist_t8,-0.29622492136579526,-1.6477877944458128
-75262.71532095244,-37517.539064667544,1.7137849845996587,-2.3515179574909957,-0.9504778678007098,0.527342281050405,-1.4478193977788623,4.0,0.1692069988939876,0.0758928620709804,0.2545491887430074,567,1400,3,-12.932922920056043,dumbbell,3,1,D,diffdist_t8,-0.4508234134797699,-1.0829537152496505
-21209.74443890808,-10276.199868066655,4.410381314465749,-0.5486615572013301,1.353794637803737,0.527342281050405,0.21191620024232005,4.0,0.159485673616985,0.0947421784981275,0.3326180399448056,957,1400,3,-4.475007189638757,dumbbell,3,1,D,diffdist_t8,0.03199089310437564,0.34526575099830986
-16218.731221130742,-8256.458444450664,4.167100136387483,-0.41870345449914426,1.8099754594004154,0.527342281050405,1.0048058264008528,4.0,0.1618564854101806,0.1008011576956098,0.3790087995002931,1152,1400,3,3.926638038346909,dumbbell,3,1,D,diffdist_t8,0.05770220091942557,0.6022368392786253
-30538.76385862427,-15592.160109137383,-3.157678327650506,-2.6455995591957886,-0.9862171446052478,-3.691395967352835,-1.2530760587512069,4.0,0.1956922930826118,0.1199812053148469,0.3348659789793798,23,1400,3,6.366942189056861,dumbbell,3,1,D,diffdist_t8,-0.4622823686658292,-2.341754061351083
-44737.83877459158,-19895.88835785138,-1.372814974988998,-2.2323393192561714,0.3791851972922028,0.527342281050405,-0.48102786006492654,4.0,0.1559664740709498,0.0679457736123974,0.3245814838793668,705,1400,3,6.844623507345642,dumbbell,3,1,D,diffdist_t8,-0.24594321954443749,-1.5353798032871873
-49562.60901529837,-36417.12167628699,3.54486999185356,-1.9741518945728156,-0.02193006066781279,0.527342281050405,-0.6579763262443807,4.0,0.1600747342629395,0.0840222200978624,0.2734504533232352,1234,1400,3,7.521507126122807,dumbbell,3,1,D,diffdist_t8,-0.38678334287309607,-0.027209026991981054
-50370.646927062684,-23140.651233056265,0.5260547107772101,-1.7526725791693412,0.3303538054027814,0.527342281050405,-0.5964530646890855,4.0,0.154509063471482,0.076081790965179,0.2864204656482296,1360,1400,3,8.426042437960886,dumbbell,3,1,D,diffdist_t8,-0.2852162310359897,-0.9221713514312403
-34530.88099537496,-13173.805749355926,2.1513812368969534,-0.7691395373201045,1.4659193532566097,0.527342281050405,0.29121043940436375,4.0,0.1634753888303781,0.0871447445253763,0.3843980984955626,1389,1400,3,9.332303695601675,dumbbell,3,1,D,diffdist_t8,-0.07723419069906023,-0.2654053867883976
-37474.45250387972,-22891.059495594058,-2.4790222176512793,-2.5453883226512795,-0.7268415760150743,0.527342281050405,-1.7409336494164713,4.0,0.170065038051438,0.0879844922420965,0.3178762419069166,771,1400,3,10.45608464159697,dumbbell,3,1,D,diffdist_t8,-0.4549610737997374,-1.5132523819240462
-29608.907410226348,-12796.291682235997,-0.7308063080203477,-1.4566917497851128,0.08420502985450948,0.527342281050405,-1.0353434490238436,4.0,0.1638452220045103,0.078621608750115,0.3140128346632982,337,1400,3,11.680628763081607,dumbbell,3,1,D,diffdist_t8,-0.4149126119215315,-1.1545585069887287
-27343.01987141515,-22266.45673139406,2.0676277498268503,-2.0637286879585828,0.27258227807708013,0.527342281050405,0.054345192399768,4.0,0.1645891096794251,0.0899837998478166,0.3099324177853497,868,1400,3,12.58921273445755,dumbbell,3,1,D,diffdist_t8,-0.2801774233962686,-0.5852607015473609
-56244.178487309764,-27876.991875200398,1.7929321900616688,-2.4066971517031948,-0.4773719255792723,0.527342281050405,-1.1799731302637586,4.0,0.1653931170895135,0.082012371313961,0.2704490576652992,584,1400,3,13.716086562755594,dumbbell,3,1,D,diffdist_t8,-0.4185189196679649,-0.7560249007762275
-25777.073928112848,-13487.483823933677,1.2943801307571803,-1.4875202555785552,2.202621954773715,0.527342281050405,-0.3084969096467299,4.0,0.1392865051569217,0.0748979403419689,0.398546630701678,1131,1400,3,14.727809699382144,dumbbell,3,1,D,diffdist_t8,0.07012125746627784,-0.27241495811911925
-12768.798033718644,-7571.607060469435,4.54349313062534,-0.39085518746229264,2.190469041231196,0.527342281050405,1.4405796147551657,4.0,0.1650280893546649,0.0988319839297091,0.4255944418051994,1242,1400,3,15.448150608364813,dumbbell,3,1,D,diffdist_t8,0.0972179396667755,0.5249909152234215
-64047.650300538,-28422.701381867882,3.3533744949127624,-1.7954622538031424,-0.002116452280687662,0.527342281050405,-1.091694016514225,4.0,0.1460056352649691,0.0502318363620185,0.2822715663344219,760,1400,3,16.44847809418128,dumbbell,3,1,D,diffdist_t8,-0.3951832520428406,0.19286724661544585
-32973.144416042276,-14367.777610853651,0.3195077768480286,-1.2932626637407636,0.4830484833290323,0.527342281050405,-0.4865358535736456,4.0,0.1571694671835244,0.0774068863902958,0.3165759505205663,818,1400,3,17.183175550659318,dumbbell,3,1,D,diffdist_t8,-0.284732128512454,-0.8119349594344764
-40038.878109392506,-17317.075770032476,0.20054512829212887,-1.1773179517383616,0.5433895243083721,0.527342281050405,0.17304599424711212,4.0,0.1654637805862754,0.0843364105625877,0.3275332516062221,33,1400,3,17.845054462424237,dumbbell,3,1,D,diffdist_t8,-0.28388437792626997,-1.0553498785374988
-36169.32755696797,-16562.430748206065,0.026173231513813636,-1.971619881392663,0.47386380107606124,0.527342281050405,-1.048372233971181,4.0,0.1647736580778224,0.0816892114180909,0.3163301901717663,757,1400,3,18.477853740953684,dumbbell,3,1,D,diffdist_t8,-0.24916457841884265,-1.3275151273556969
-34260.95883925336,-16399.853969367512,1.2294503374830597,-0.9402788332815444,1.0329385818347137,-0.8789038017506751,-1.1289981560693447,4.0,0.1697819713670317,0.1144547720569651,0.3603913373746356,1033,1400,3,18.953242809572934,dumbbell,3,1,D,diffdist_t8,-0.22011419159972873,-0.8491510256797239
-53426.23673969287,-20982.653146451044,-1.6473838048301916,-2.6571577361113987,-0.6426625366435004,0.527342281050405,-1.3027542125592868,4.0,0.1748882851826831,0.0981083355872248,0.3086195311319949,935,1400,3,19.316911019284746,dumbbell,3,1,D,diffdist_t8,-0.45728792641317945,-1.6745887263107724
-33582.289901939745,-19453.91805000586,-1.2071613734601065,-2.6754296094257133,-0.9586630978463346,-0.8789038017506751,-0.7817460618968759,4.0,0.1910217996948626,0.1189962855747286,0.3163151264704059,417,1400,3,19.53154101653702,dumbbell,3,1,D,diffdist_t8,-0.4659290524201277,-2.206774668276917
-47435.25077549162,-22201.036918620117,-0.09812414033964183,-2.2211836513264727,0.48768955661101787,0.527342281050405,-0.5623832215550124,4.0,0.1551128199643815,0.0895190445565448,0.3070651304367051,1008,1400,3,19.598409833538604,dumbbell,3,1,D,diffdist_t8,-0.2540171143760145,-1.165297624970013
0.6025483992442974,0.2226960911611645,1.607973770362698,-0.8387269599509738,-0.544180026823781,0.47538268582966386,1.372482886623063,3.0,0.2595997145611984,0.1543185774080006,0.4128999057586517,139,1400,3,-22.5473601470225,dumbbell,3,1,D,fb_potential,-0.4784262942863907,-0.7142711223311602
1.4237157882044125,0.7269483513716716,0.10061693706762997,-0.7425214457254827,0.529626197733438,0.47538268582966386,0.10675222540717501,3.0,0.2327105102793954,0.1496399576246413,0.4833328571221579,345,1400,3,-19.54807815522921,dumbbell,3,1,D,fb_potential,-0.43184729414777334,-0.9592711355664456
1.2846439195084511,0.7529071998663125,2.8248928326258453,-1.044850348248154,0.12215199845258093,0.47538268582966386,0.05060998396220607,3.0,0.2501326201879872,0.1677201933183127,0.4912606791781513,567,1400,3,-12.932922920056043,dumbbell,3,1,D,fb_potential,0.18721273010716644,0.07025769856639534
0.8697876816177438,0.5174150227456752,0.8588435585694391,-0.6272257957955254,0.02444160129274801,0.47538268582966386,1.132773215243246,3.0,0.2420960257281602,0.1498688525826312,0.4425000663357772,957,1400,3,-4.475007189638757,dumbbell,3,1,D,fb_potential,-0.48106451294213465,-1.0603849488654384
0.5376215572636228,0.600900469843082,0.4465807956133664,-0.4625790582694233,0.21125779642366216,0.47538268582966386,2.366156740145008,3.0,0.226125515326841,0.1411014116631132,0.4434199509552142,1152,1400,3,3.926638038346909,dumbbell,3,1,D,fb_potential,-0.45866910707959274,-0.645043936779406
1.4349458328555624,1.3388443290063883,2.317000012178349,-1.65133754377301,0.6430760251462413,-3.089987457892815,-0.44213774271483663,2.0,0.2404538506250339,0.2103440750348404,0.5316658135608945,23,1400,3,6.366942189056861,dumbbell,3,1,D,fb_potential,0.2390387173263535,0.6366760242352278
2.341360790433594,1.564730184702562,-1.3095125798084144,-1.0558800239677741,-0.5407859413472723,-0.950765371659328,0.7914956857431138,3.0,0.2553852364690604,0.1779054487783351,0.4814298987346497,705,1400,3,6.844623507345642,dumbbell,3,1,D,fb_potential,-0.4885799461795175,-1.1781369645834416
-0.49699686131134624,-0.07023380251868626,0.4953957512574324,-0.794364669047918,1.341891517781414,0.47538268582966386,-0.4625463126468376,3.0,0.2151358235668957,0.1596414471238713,0.5054051560135875,1234,1400,3,7.521507126122807,dumbbell,3,1,D,fb_potential,-0.09204574172433005,-0.6451059015962782
-0.10695334494185268,-2.222510972433822,0.5108093262486293,-1.3781623485028878,-1.055254307806823,0.47538268582966386,-0.019055487654187898,3.0,0.2491268402578076,0.1589868485962982,0.4326067524397472,1360,1400,3,8.426042437960886,dumbbell,3,1,D,fb_potential,-0.4902585094109843,-1.6458181502802103
0.941174154318148,0.9748632763824776,1.1914829394305226,-0.2770196627920099,1.2857201990485125,0.47538268582966386,0.5958891500531096,3.0,0.2126395140047134,0.1373303465615485,0.505357846114125,1389,1400,3,9.332303695601675,dumbbell,3,1,D,fb_potential,0.07933139353614038,-0.026710227110542207
1.012501996843156,1.0570642832113302,1.823067834929351,-0.8774192709961457,2.0824194188991187,0.11884567145741595,0.16804269587566129,3.0,0.2374517815786348,0.1845704571515388,0.5465312852817513,771,1400,3,10.45608464159697,dumbbell,3,1,D,fb_potential,0.25382564215563963,0.7086614074708544
0.8389625538470117,0.829763651922611,0.8609193066733031,-0.5893637754342393,0.6971939133224847,0.11884567145741595,0.17070118523045422,3.0,0.2306780925840764,0.1663027066258612,0.5030920597118782,337,1400,3,11.680628763081607,dumbbell,3,1,D,fb_potential,-0.14585022013222737,-0.2852039580258781
-1.1943458840969805,0.13219288446514088,0.5996653906956364,-1.0060033644331183,0.8000405398850176,0.47538268582966386,-0.5437098212571738,3.0,0.2052488073745501,0.1527698089517499,0.4729188064839877,868,1400,3,12.58921273445755,dumbbell,3,1,D,fb_potential,-0.45634656446883476,-0.8703467258301327
0.6005052352080604,0.5931752279374195,0.6965694675328805,-1.150615494705318,0.05216379814464811,0.11884567145741595,1.2768830322844547,3.0,0.2545452155767791,0.1754345435290666,0.4959804795278099,584,1400,3,13.716086562755594,dumbbell,3,1,D,fb_potential,-0.24225281527932674,-0.35893250243636043
0.5674112860104386,0.20154835988669148,1.5887637823151597,-0.8133051570170187,-0.3978187129352753,0.47538268582966386,2.05786190428047,3.0,0.237141878884543,0.1381986450025718,0.4296523710922659,1131,1400,3,14.727809699382144,dumbbell,3,1,D,fb_potential,-0.48522510376061995,-0.8023701487403708
1.1592801108274502,1.9185897130773764,-2.107617320151781,-0.917468603170676,-0.9345829843020005,-0.237691342914832,1.7962868979766953,2.0,0.2557760257693274,0.1526473078140637,0.4274304878205838,1242,1400,3,15.448150608364813,dumbbell,3,1,D,fb_potential,-0.49235275948439794,-1.6124727279452309
0.06780558697412317,0.8149352019046695,0.8910142182495479,-0.8462527139265328,1.041146184573739,0.47538268582966386,1.0147184848937632,2.0,0.2315465710401438,0.1616816027943943,0.5011004112989239,760,1400,3,16.44847809418128,dumbbell,3,1,D,fb_potential,0.021717121231617953,-0.47852873867647816
1.252183022315904,1.0010601270916513,-0.06213757861586172,-0.8852412014414797,0.04399959879104527,0.47538268582966386,1.1299002402297584,3.0,0.2384897976883391,0.1664145883374854,0.4774926289245185,818,1400,3,17.183175550659318,dumbbell,3,1,D,fb_potential,-0.4695987112152235,-1.0045182646015172
0.5184317840500934,0.34404373254257203,-0.8734539651780158,-1.0015129675924672,0.937271958395859,0.47538268582966386,0.20302509122764392,1.0,0.2362267650438846,0.1708693591720171,0.5072286753924471,33,1400,3,17.845054462424237,dumbbell,3,1,D,fb_potential,-0.12820955402563805,-1.105463129288213
1.1357830674177711,0.6937834187729985,-5.195468359210786,-1.2090853004896287,-1.4940941724552694,-1.3073023860315758,-0.23375438311764835,3.0,0.2544902000979603,0.153296903095264,0.4210197612480765,757,1400,3,18.477853740953684,dumbbell,3,1,D,fb_potential,-0.4947590942287229,-2.0780962598180395
1.5217567783611674,1.8288689176497048,-2.4524777318469146,-0.9742110550449583,0.7461932588363958,-0.237691342914832,-0.8660805197500908,2.0,0.2303516606746032,0.1636619333223913,0.4934088251464531,1033,1400,3,18.953242809572934,dumbbell,3,1,D,fb_potential,-0.049719021865589075,-1.0461274381801173
1.96770911419733,2.146287439221298,-4.805469277129151,-1.4244600260666513,1.6515297440458292,-1.6638394004038237,-0.9740582540893333,3.0,0.2357882771777749,0.2124572552955852,0.5529565939654819,935,1400,3,19.316911019284746,dumbbell,3,1,D,fb_potential,-0.1343153691727989,-0.09166961214831888
0.819065184538186,-0.887211790241609,0.8862782301156384,-1.7109242669979825,-0.5750734562235602,-3.446524472265063,-0.6048666536603182,2.0,0.2562863607019705,0.1890533516473057,0.5103803214879432,417,1400,3,19.53154101653702,dumbbell,3,1,D,fb_potential,-0.29168606321212553,-0.12886951140206784
0.9896430398565302,1.2313799944637778,1.1752724355597748,-0.7404526740009124,0.013000048949061536,0.47538268582966386,0.5903241453170577,2.0,0.2446798297939125,0.1494025813800651,0.4576726604109029,1008,1400,3,19.598409833538604,dumbbell,3,1,D,fb_potential,-0.47409203946294576,-0.9254244181510822
-0.981130278154742,-1.278225758266796,0.0,-0.4059753006014738,0.0,0.532689365046536,3.330668687654416e-07,1.0,0.0,0.9822922612285868,0.987788972022575,139,1400,3,-22.5473601470225,dumbbell,3,1,D,heatgeo_4t,0.4939417197943342,2.366874194727259
-0.7547145656649838,-0.053495537876699674,0.0,-0.31519069870185057,0.0,0.532689365046536,3.330668687654416e-07,3.0,0.0,0.9811820633248242,0.9884115414607592,345,1400,3,-19.54807815522921,dumbbell,3,1,D,heatgeo_4t,0.48726452924606667,2.3442403437453048
-0.870558693675601,-0.545556036730676,0.0,-0.20363266327663404,0.0,0.532689365046536,3.330668687654416e-07,1.0,0.0,0.9800481109876098,0.9868393751519352,567,1400,3,-12.932922920056043,dumbbell,3,1,D,heatgeo_4t,0.4939417197943342,2.3867097179650485
-0.732338417429191,-1.342378779504947,0.0,0.12378037589026841,0.0,0.532689365046536,3.330668687654416e-07,3.0,0.0,0.976675306330624,0.9845422812289424,957,1400,3,-4.475007189638757,dumbbell,3,1,D,heatgeo_4t,0.4939417197943342,2.3826895287557273
-0.7408815583877832,-0.5031614526201181,0.0,0.19294518443637892,0.0,0.532689365046536,3.330668687654416e-07,2.0,0.0,0.9761067128700788,0.9840415752133256,1152,1400,3,3.926638038346909,dumbbell,3,1,D,heatgeo_4t,0.4939417197943342,2.373410900522452
1.0453426569791409,0.9164369035105756,0.0,-0.7311896703130363,0.0,0.532689365046536,3.330668687654416e-07,2.0,0.0,0.9862791342678804,0.9914872715138622,23,1400,3,6.366942189056861,dumbbell,3,1,D,heatgeo_4t,0.4952190273536393,2.228229405356042
2.443880020432137,2.3267646937620503,0.0,-0.2850535788434654,0.0,0.532689365046536,3.330668687654416e-07,1.0,0.0,0.9802879896453204,0.9875011550980424,705,1400,3,6.844623507345642,dumbbell,3,1,D,heatgeo_4t,0.49630864526493934,2.5056660237682387
-0.8043964916382662,-0.7929075133880311,0.0,-0.16677702145748052,0.0,0.532689365046536,3.330668687654416e-07,1.0,0.0,0.9797497090431178,0.9874747363938242,1234,1400,3,7.521507126122807,dumbbell,3,1,D,heatgeo_4t,0.4939417197943342,2.3867097179650485
-1.579079127308132,-2.1250659887040504,0.0,-0.20889570069599034,0.0,0.532689365046536,3.330668687654416e-07,1.0,0.0,0.9808876947972508,0.9870786849894856,1360,1400,3,8.426042437960886,dumbbell,3,1,D,heatgeo_4t,0.4939417197943342,2.395988346198324
-1.1991402030443785,-0.34322383022373393,0.0,0.6032092224348594,0.0,0.532689365046536,3.330668687654416e-07,2.0,0.0,0.9702296852218316,0.9830807024757404,1389,1400,3,9.332303695601675,dumbbell,3,1,D,heatgeo_4t,0.4873452822516974,2.4356007740108865
-1.2448163691709504,-1.0495501017580595,0.0,-0.6683439296574623,0.0,0.532689365046536,3.330668687654416e-07,1.0,0.0,0.985551851102096,0.9903594099166272,771,1400,3,10.45608464159697,dumbbell,3,1,D,heatgeo_4t,0.4939417197943342,2.1794278094392623
0.8701399136037284,0.8880378425142039,0.0,0.3779312183117074,0.0,0.532689365046536,3.330668687654416e-07,2.0,0.0,0.9727905419325736,0.984550364857984,337,1400,3,11.680628763081607,dumbbell,3,1,D,heatgeo_4t,0.4952190273536393,2.431491124672507
-1.375139115530583,-1.497430937739371,0.0,-0.2483439102683166,0.0,0.532689365046536,3.330668687654416e-07,1.0,0.0,0.981135138731232,0.9877659529499369,868,1400,3,12.58921273445755,dumbbell,3,1,D,heatgeo_4t,0.4939417197943342,2.395988346198324
-0.6635574976644394,-0.8788848685377865,0.0,-0.6161862509134374,0.0,0.532689365046536,3.330668687654416e-07,1.0,0.0,0.985072236120001,0.99018691210781,584,1400,3,13.716086562755594,dumbbell,3,1,D,heatgeo_4t,0.4939417197943342,2.170149181205987
-1.5884984918637812,-1.8566466913755497,0.0,0.23529112916722084,0.0,0.532689365046536,3.330668687654416e-07,1.0,0.0,0.9757363193176408,0.9836143829391492,1131,1400,3,14.727809699382144,dumbbell,3,1,D,heatgeo_4t,0.4939417197943342,2.3826895287557273
-0.2603153705616729,-0.6404072127890416,0.0,0.2665069869840732,0.0,0.532689365046536,3.330668687654416e-07,2.0,0.0,0.9754265392184306,0.9824972735284064,1242,1400,3,15.448150608364813,dumbbell,3,1,D,heatgeo_4t,0.4958503597782311,2.3779535064256483
-0.9046228254250512,-1.4474621523614561,0.0,-0.3468976559408619,0.0,0.532689365046536,3.330668687654416e-07,1.0,0.0,0.982105354317117,0.9878914172929624,760,1400,3,16.44847809418128,dumbbell,3,1,D,heatgeo_4t,0.4939417197943342,2.366874194727259
0.10606296473187264,-0.2776246093244058,0.0,-0.14675526146682322,0.0,0.532689365046536,3.330668687654416e-07,2.0,0.0,0.9797167177982476,0.985892038023336,818,1400,3,17.183175550659318,dumbbell,3,1,D,heatgeo_4t,0.4952190273536393,2.4288377921382267
0.2793150979971122,0.28994868743753455,0.0,-0.006918453519353605,0.0,0.532689365046536,3.330668687654416e-07,1.0,0.0,0.978178926169177,0.9853331185501591,33,1400,3,17.845054462424237,dumbbell,3,1,D,heatgeo_4t,0.4952190273536393,2.41553897469563
1.6445679488586278,1.6140551865419328,0.0,-0.1276460340652427,0.0,0.532689365046536,3.330668687654416e-07,2.0,0.0,0.9789125058168304,0.9864711288993788,757,1400,3,18.477853740953684,dumbbell,3,1,D,heatgeo_4t,0.4960918617082597,2.4937575329333543
0.648687028151753,0.8436364157837322,0.0,0.08319063158110995,0.0,0.532689365046536,3.330668687654416e-07,3.0,0.0,0.9770721043684336,0.9847467212051328,1033,1400,3,18.953242809572934,dumbbell,3,1,D,heatgeo_4t,0.4952190273536393,2.4200309795459694
1.594520971131372,1.8835249345933858,0.0,-0.4341450706364099,0.0,0.532689365046536,3.330668687654416e-07,2.0,0.0,0.9826396159726356,0.9884340129395432,935,1400,3,19.316911019284746,dumbbell,3,1,D,heatgeo_4t,0.4960918617082597,2.4504773361523853
-0.42319702726713376,0.12289879118424822,0.0,-0.6994173924939896,0.0,0.532689365046536,3.330668687654416e-07,2.0,0.0,0.9860986148720954,0.9904336002795776,417,1400,3,19.53154101653702,dumbbell,3,1,D,heatgeo_4t,0.4912582933884597,2.1613365643605045
0.17972829478683605,0.44478156497822324,0.0,-0.4740726733533769,0.0,0.532689365046536,3.330668687654416e-07,3.0,0.0,0.9830612211129072,0.989179985580332,1008,1400,3,19.598409833538604,dumbbell,3,1,D,heatgeo_4t,0.4952190273536393,2.372258777914661
-0.9753430598743108,-1.2712191686718284,0.0,-0.40377600701101357,0.0,0.5527707971703443,0.0,1.0,0.0,0.9840174028961884,0.9889743067850542,139,1400,3,-22.5473601470225,dumbbell,3,1,D,heatgeo_t,0.4939417197943342,2.366874194727259
-0.7497397437272452,-0.052780187994955124,0.0,-0.31245615405078175,0.0,0.5527707971703443,0.0,3.0,0.0,0.9830160805965136,0.9895357590983104,345,1400,3,-19.54807815522921,dumbbell,3,1,D,heatgeo_t,0.48726452924606667,2.3442403437453048
-0.8594559646893927,-0.5406553727309384,0.0,-0.20028217929314726,0.0,0.5527707971703443,0.0,1.0,0.0,0.9819932507367236,0.9881177195385256,567,1400,3,-12.932922920056043,dumbbell,3,1,D,heatgeo_t,0.4939417197943342,2.3867097179650485
-0.7283012018785396,-1.3340074095378096,0.0,0.12772074904624334,0.0,0.5527707971703443,0.0,3.0,0.0,0.9789543735756092,0.9860467144627674,957,1400,3,-4.475007189638757,dumbbell,3,1,D,heatgeo_t,0.4939417197943342,2.3826895287557273
-0.7376904720346554,-0.5036179036728139,0.0,0.19687404687285215,0.0,0.5527707971703443,0.0,2.0,0.0,0.978442582788706,0.9855950561704772,1152,1400,3,3.926638038346909,dumbbell,3,1,D,heatgeo_t,0.4939417197943342,2.373410900522452
1.0538617482054689,0.9266238612592949,0.0,-0.7307856857523615,0.0,0.5527707971703443,0.0,2.0,0.0,0.9876116182148892,0.9923113378809392,23,1400,3,6.366942189056861,dumbbell,3,1,D,heatgeo_t,0.4952190273536393,2.228229405356042
2.4504321321208127,2.3420539897328507,0.0,-0.28219316733330185,0.0,0.5527707971703443,0.0,1.0,0.0,0.982210309143804,0.9887154283836344,705,1400,3,6.844623507345642,dumbbell,3,1,D,heatgeo_t,0.49630864526493934,2.5056660237682387
-0.7941320699783434,-0.7848669220468033,0.0,-0.16337563716870052,0.0,0.5527707971703443,0.0,1.0,0.0,0.9817243933932166,0.9886909240450736,1234,1400,3,7.521507126122807,dumbbell,3,1,D,heatgeo_t,0.4939417197943342,2.3867097179650485
-1.5583992508498181,-2.097461270485925,0.0,-0.20575140157532207,0.0,0.5527707971703443,0.0,1.0,0.0,0.9827494114717524,0.988332996841168,1360,1400,3,8.426042437960886,dumbbell,3,1,D,heatgeo_t,0.4939417197943342,2.395988346198324
-1.1949856750525463,-0.3482983549943406,0.0,0.6074539503678318,0.0,0.5527707971703443,0.0,2.0,0.0,0.9731498809768828,0.9847282109410296,1389,1400,3,9.332303695601675,dumbbell,3,1,D,heatgeo_t,0.4873452822516974,2.4356007740108865
-1.2263209749408504,-1.035785137178518,0.0,-0.6674597996301923,0.0,0.5527707971703443,0.0,1.0,0.0,0.9869552427647956,0.991292834050152,771,1400,3,10.45608464159697,dumbbell,3,1,D,heatgeo_t,0.4939417197943342,2.1794278094392623
0.8655791827590633,0.8881542754598719,0.0,0.38231295382121155,0.0,0.5527707971703443,0.0,2.0,0.0,0.9754545618070076,0.9860528791044,337,1400,3,11.680628763081607,dumbbell,3,1,D,heatgeo_t,0.4952190273536393,2.431491124672507
-1.3555822644259037,-1.4789681141897306,0.0,-0.24532479171960175,0.0,0.5527707971703443,0.0,1.0,0.0,0.982972843286444,0.988953109752812,868,1400,3,12.58921273445755,dumbbell,3,1,D,heatgeo_t,0.4939417197943342,2.395988346198324
-0.6518258757391208,-0.8672191019351964,0.0,-0.61502044171904,0.0,0.5527707971703443,0.0,1.0,0.0,0.986522791449808,0.9911377890029904,584,1400,3,13.716086562755594,dumbbell,3,1,D,heatgeo_t,0.4939417197943342,2.170149181205987
-1.5724587595231527,-1.8396778541242793,0.0,0.239405724142076,0.0,0.5527707971703443,0.0,1.0,0.0,0.9781088391736564,0.9852091331278592,1131,1400,3,14.727809699382144,dumbbell,3,1,D,heatgeo_t,0.4939417197943342,2.3826895287557273
-0.26218469335880207,-0.6410401023821976,0.0,0.27054121072199705,0.0,0.5527707971703443,0.0,2.0,0.0,0.9778293086716134,0.9842020629949264,1242,1400,3,15.448150608364813,dumbbell,3,1,D,heatgeo_t,0.4958503597782311,2.3779535064256483
-0.892062236234026,-1.431121509236562,0.0,-0.3443178909761632,0.0,0.5527707971703443,0.0,1.0,0.0,0.983847898465516,0.9890665071361254,760,1400,3,16.44847809418128,dumbbell,3,1,D,heatgeo_t,0.4939417197943342,2.366874194727259
0.10655026387445189,-0.27693135048006634,0.0,-0.14357074312324514,0.0,0.41457809787775823,0.0,2.0,0.0,0.9816956372532007,0.9872634154888164,818,1400,3,17.183175550659318,dumbbell,3,1,D,heatgeo_t,0.4952190273536393,2.4288377921382267
0.27874574643918776,0.2893458803035263,0.0,-0.003210741714304739,0.0,0.5527707971703443,0.0,1.0,0.0,0.9803094059417315,0.9867588995599592,33,1400,3,17.845054462424237,dumbbell,3,1,D,heatgeo_t,0.4952190273536393,2.41553897469563
1.643071225036447,1.6193082753098262,0.0,-0.12427421071139572,0.0,0.5527707971703443,0.0,2.0,0.0,0.9809706873949808,0.9877857835328988,757,1400,3,18.477853740953684,dumbbell,3,1,D,heatgeo_t,0.4960918617082597,2.4937575329333543
0.646195446878479,0.8433618985620261,0.0,0.08705026298903913,0.0,0.5527707971703443,0.0,3.0,0.0,0.979312326573129,0.986230002406621,1033,1400,3,18.953242809572934,dumbbell,3,1,D,heatgeo_t,0.4952190273536393,2.4200309795459694
1.5994420645920606,1.898119960607998,0.0,-0.4319752784888772,0.0,0.5527707971703443,0.0,2.0,0.0,0.9843294380570368,0.9895559928286702,935,1400,3,19.316911019284746,dumbbell,3,1,D,heatgeo_t,0.49630864526493934,2.4504773361523853
-0.41237961476319596,0.13039677178962136,0.0,-0.6988778608223025,0.0,0.41457809787775823,0.0,2.0,0.0,0.9874487321958328,0.9913604594547766,417,1400,3,19.53154101653702,dumbbell,3,1,D,heatgeo_t,0.4912582933884597,2.1613365643605045
0.1814003942305888,0.44630209775735813,0.0,-0.4721202399276293,0.0,0.5527707971703443,0.0,3.0,0.0,0.9847101910735174,0.990230234344698,1008,1400,3,19.598409833538604,dumbbell,3,1,D,heatgeo_t,0.4952190273536393,2.372258777914661
0.7231590275213824,0.008087718359962368,0.2901625259605039,-0.18400401520894763,0.46423885677636956,0.7301782792415509,-0.04442535603768438,3.0,0.2345005475647076,0.1644027509269692,0.4745532377224429,139,1400,3,-22.5473601470225,dumbbell,3,1,D,pca_denoise,-0.4437102913522155,-0.723514665512018
0.9542677655699529,1.58455396307787,-0.06292047461159206,-0.39760006739868897,0.7979384012835505,0.5264075966625135,-0.2926061829977975,3.0,0.2410082319305097,0.1800386007779687,0.5090515577248453,345,1400,3,-19.54807815522921,dumbbell,3,1,D,pca_denoise,-0.1646640757436726,-0.15222561966098538
-0.5059738872471828,1.126369512374718,0.9970703878117524,-0.6809500830339534,0.8485624265177522,0.7301782792415509,0.14021366840715832,2.0,0.2419292040001965,0.1897587953530219,0.5005839875534881,567,1400,3,-12.932922920056043,dumbbell,3,1,D,pca_denoise,-0.25725047639828347,-0.5894832683362505
-0.12488028522539855,0.7561022784479875,0.5524044174569166,-0.4663619453236124,0.4805390255506809,0.5264075966625135,-0.25758372979956173,3.0,0.2584610884001064,0.1950646482140145,0.5018711901227612,957,1400,3,-4.475007189638757,dumbbell,3,1,D,pca_denoise,-0.31987127088508116,-0.15556972608335967
0.2696390878290348,0.04973772539945322,-0.6074646224534671,-0.3758448340711727,0.10164129273241249,0.5264075966625135,-0.056146869087479546,3.0,0.2557885613637514,0.1784638728882489,0.465785866894474,1152,1400,3,3.926638038346909,dumbbell,3,1,D,pca_denoise,-0.479478429422182,-0.5784610781780423
0.43330266441652,1.7034045013644674,0.9942985081739218,-1.063510580190218,0.0017587646967750865,-1.511299229127861,-0.35484595220861165,4.0,0.2629915272463393,0.2162632276702045,0.5320142808748258,23,1400,3,6.366942189056861,dumbbell,3,1,D,pca_denoise,-0.23090026907569994,0.011202326469870318
2.048615285092656,2.766302247084885,-0.6341842242293745,-0.33049323380695533,2.223747743135927,0.5264075966625135,0.1600993689326183,3.0,0.2369456327742793,0.2391191843798183,0.5994068609711817,705,1400,3,6.844623507345642,dumbbell,3,1,D,pca_denoise,0.164323196568681,0.44854201521045073
-1.0500514341181781,-0.09044235564655036,1.2603003470172551,-0.5453066691607874,1.0012335745289116,0.7301782792415509,0.11507905307126425,3.0,0.238094280407461,0.1645165568793157,0.4843050279983433,1234,1400,3,7.521507126122807,dumbbell,3,1,D,pca_denoise,-0.42110335501304336,-0.6301573929230159
-0.538532618131785,-2.1226513675259677,1.6255486071277492,-0.808523252304951,-0.9114283200808011,0.7301782792415509,-0.07685223272419647,2.0,0.2683584899164702,0.172734386162117,0.4580890004626533,1360,1400,3,8.426042437960886,dumbbell,3,1,D,pca_denoise,-0.4878496337360231,-0.8879609833575843
1.7457953923327878,2.5128140389223197,1.1222428975481515,0.2706954810445719,2.360608135280094,0.7301782792415509,0.4431023309184546,3.0,0.2221781352512051,0.1869831939309379,0.5821239779029821,1389,1400,3,9.332303695601675,dumbbell,3,1,D,pca_denoise,0.018032692509968307,0.6928617045886272
0.2801686481023401,0.48830148510675325,0.3280080358768148,-0.7400186484603384,0.47606633536990656,0.322636914083476,0.04663634647609866,2.0,0.2467214754450508,0.1837984872711542,0.4881252474089546,771,1400,3,10.45608464159697,dumbbell,3,1,D,pca_denoise,-0.1201178179132964,-0.8469790190112187
2.2685306702847887,3.020456528401246,-3.9362535670405734,-0.42604968493193124,4.1721949355259955,-0.0849044510745989,1.7468582401069568,2.0,0.2127774076184899,0.2672862392645456,0.6883092832958337,337,1400,3,11.680628763081607,dumbbell,3,1,D,pca_denoise,0.46460646743572775,1.166934498520567
0.19982002773829002,-0.3646078785691613,0.8060361289318102,-0.9360119854327021,-0.7151525967746694,-0.0849044510745989,-0.4948188489829617,2.0,0.2697286877123411,0.1728842403776583,0.455837435912552,868,1400,3,12.58921273445755,dumbbell,3,1,D,pca_denoise,-0.47870740513489823,-1.0420508658244454
-0.2763091174229787,-0.0008220332227845644,-0.3810951628502132,-0.8364580659753207,0.5253097328346966,0.11886623150443855,-0.5798058769501612,3.0,0.2474712364875973,0.1832211317476181,0.4921444025593895,584,1400,3,13.716086562755594,dumbbell,3,1,D,pca_denoise,-0.20089670489448863,-0.6668368241168229
-0.9149390321928447,0.2863376987891062,0.2767115816022623,-0.06837328442215171,1.0902251548430417,0.7301782792415509,-0.7447063444431254,3.0,0.2278588764244926,0.1656535824028952,0.4889519925990473,1131,1400,3,14.727809699382144,dumbbell,3,1,D,pca_denoise,-0.048311983611714404,-0.6550771894679953
1.5749585145624572,1.8348846390216784,-0.40832624515755234,-0.45384059585201303,0.15032579274131386,0.7301782792415509,1.2823203092067552,3.0,0.2628928038410169,0.1909328710502782,0.4902144684384976,1242,1400,3,15.448150608364813,dumbbell,3,1,D,pca_denoise,-0.28032333151000044,-0.5357383997001517
-0.9988506955980633,-0.06978172717985884,-1.4806241338934376,-0.6808105414702463,0.4296415937231931,0.7301782792415509,0.2454418515158878,2.0,0.2359217029806936,0.1568144439123988,0.4650703656423716,760,1400,3,16.44847809418128,dumbbell,3,1,D,pca_denoise,-0.4702966897401248,-1.4501649699673906
0.8446095920783636,0.6866157304648052,-0.9513008981372093,-0.5447967013950776,0.8329268925558491,0.7301782792415509,-0.06126770651161377,3.0,0.2289331726019879,0.1678970141357682,0.4829053021722878,818,1400,3,17.183175550659318,dumbbell,3,1,D,pca_denoise,-0.42875169494509174,-1.1852189698260027
-0.002873643490612838,-0.3588055158770471,-0.6462644420554883,-0.607191589798954,0.6264943408891883,0.7301782792415509,0.3137199821463497,3.0,0.2377392183964336,0.1692641379690007,0.4847336788661527,33,1400,3,17.845054462424237,dumbbell,3,1,D,pca_denoise,-0.4421298283628467,-0.9030884252221804
1.079864128253994,1.7984424757835522,-1.7238109935959653,-0.3942862454110504,2.072896788190567,0.11886623150443855,0.3451422957741526,2.0,0.2165118703419273,0.2000837025695999,0.5479643857705195,757,1400,3,18.477853740953684,dumbbell,3,1,D,pca_denoise,0.14065555848560685,0.2137524209925933
1.3019378778741428,1.9584100177561523,-1.1374587452456852,-0.2884314068080413,1.628716811457167,0.7301782792415509,0.5595609830030219,3.0,0.2177603106568859,0.1715037565614798,0.5322091609659255,1033,1400,3,18.953242809572934,dumbbell,3,1,D,pca_denoise,0.0027750015280625373,-0.4062552588350757
1.0583905939516274,1.448965534229609,-3.2584470459471526,-0.7236076973147622,1.3789938754977633,-0.4924458162326738,-0.36311933732415036,3.0,0.2386296612935023,0.2023898275596259,0.5458588567285358,935,1400,3,19.316911019284746,dumbbell,3,1,D,pca_denoise,-0.1879404355576365,-0.49564179018539706
-1.1649037452399553,-0.41004496629929743,-1.664027109441531,-1.0018044470825875,-0.27856607277303297,-0.28867513365363634,-0.44795691216204925,1.0,0.2308365514539357,0.1650838070854766,0.4579709499564606,417,1400,3,19.53154101653702,dumbbell,3,1,D,pca_denoise,-0.48845972172990265,-1.475489158585619
0.8652583471488569,0.6309605231335657,0.8918200145744897,-0.8018983593282933,1.549798980152015,0.322636914083476,0.6869213061367878,3.0,0.2288277468318222,0.2789121541197538,0.5863305668276689,1008,1400,3,19.598409833538604,dumbbell,3,1,D,pca_denoise,0.1253203448389515,0.4688854331280272
0.3963304735638646,0.8450204589478018,0.80961391506921,0.059378813736264774,-0.1128245810614631,1.1936469432692425,0.8732568297687778,4.0,0.289270910249672,0.260740773843827,0.5199842215520285,139,1400,3,-22.5473601470225,dumbbell,3,1,D,plain,-0.4470158686320721,-0.004458560504401021
0.5107284465159158,1.346470360574858,0.7410862648036488,-0.35048773079698187,1.1168075113839977,0.9100080656607096,0.5912320759620968,3.0,0.2080432821709368,0.2843342517079662,0.5461639787326932,345,1400,3,-19.54807815522921,dumbbell,3,1,D,plain,0.17647458917771397,0.4695290194423476
0.354967072570324,-0.4151561059160402,1.1074021684029833,-0.5232597888902969,1.2080913233266226,0.6263691880521767,0.8878291780920602,3.0,0.203195154476889,0.290047017386118,0.5499005454997488,567,1400,3,-12.932922920056043,dumbbell,3,1,D,plain,0.31359330182693057,0.5099127013326072
0.3267066339689409,-0.5737824569062144,0.12156082540850846,-0.4146310163183715,0.6256913574228827,-0.6500057611862212,0.7856319340379746,2.0,0.230921852310606,0.281193194549896,0.5400749840420566,957,1400,3,-4.475007189638757,dumbbell,3,1,D,plain,0.12972810715569738,0.33209112701480303
0.48401488284349503,0.5390202237006214,1.3892620338300763,-0.3294631378116634,0.25092989294401613,0.4845497492479102,1.2234455716908144,1.0,0.2497354335867343,0.2716178813079582,0.5288972007733832,1152,1400,3,3.926638038346909,dumbbell,3,1,D,plain,-0.08348086796399895,0.28453451316664957
0.5420148691889017,0.9550947119471828,-1.5708167655993128,-0.7563129968853421,0.7496832194674101,-1.0754640775990205,-0.09183744880255,1.0,0.2114303433418308,0.2839887372117809,0.5487045996648195,23,1400,3,6.366942189056861,dumbbell,3,1,D,plain,0.11153196562959544,-0.07641387539192793
0.5747951820577201,1.8868209471931858,-1.5413387680752109,0.19973545970882556,1.8459449343762668,1.0518275044649759,1.0123062239702796,2.0,0.1804978180987601,0.3022221658027481,0.7735806195772118,705,1400,3,6.844623507345642,dumbbell,3,1,D,plain,0.4818042286308132,1.5691228040555694
0.38053728523311436,-0.004338500102825694,-0.008133193524492963,-0.518355291762727,0.8280284445487722,0.34273031044364377,0.7660855229644808,2.0,0.2127974853735225,0.2852409527494678,0.5441867320551541,1234,1400,3,7.521507126122807,dumbbell,3,1,D,plain,0.1360232727659504,0.2734891202029878
0.3645995830010077,0.2788601998962212,0.03526997697894133,-0.7305413207356661,-0.35772437431851084,-1.0754640775990205,0.43082199313633873,1.0,0.2880423388498354,0.2526295172865196,0.5067207228974626,1360,1400,3,8.426042437960886,dumbbell,3,1,D,plain,-0.4409788967823809,-0.4450546149492311
0.5995450633016849,1.5740975207236239,-0.48036238327085273,0.5483581733388487,1.0508960087476134,1.1936469432692425,1.0170410924840014,2.0,0.2274772651659516,0.2773259244230519,0.5512219276236284,1389,1400,3,9.332303695601675,dumbbell,3,1,D,plain,0.12448138313618984,0.1308390608800348
0.45289846476101825,0.3306525567713088,-0.7026948089209772,-0.5942438350817679,0.7571548073148433,0.4845497492479102,1.1170709679491002,1.0,0.2238325251628604,0.2780690563464202,0.5334931321809485,771,1400,3,10.45608464159697,dumbbell,3,1,D,plain,-0.008330332822795217,0.10869760572435637
0.49631248337714057,0.8609340299192269,0.6113197347926477,-0.1999272230548746,1.7181463135302317,0.7681886268564431,0.8207476675184114,2.0,0.1855973800001054,0.2943155214146868,0.5745954332078048,337,1400,3,11.680628763081607,dumbbell,3,1,D,plain,0.3704740011980786,0.7215484626127037
0.3000729598299145,-0.7837218992787038,-0.6287018627483182,-0.7388998131808862,-0.4412351666470853,-1.0754640775990205,-0.00845909832934221,2.0,0.2952400491307774,0.2483746684124239,0.4947323959623571,868,1400,3,12.58921273445755,dumbbell,3,1,D,plain,-0.4433445476706484,-0.7366295021626401
0.4628808441238466,0.27932349697932535,-0.42804448900013564,-0.7298358649555456,-0.020887216387181086,-1.0754640775990205,0.6847074371070084,1.0,0.2645399833926851,0.2628295965664385,0.5199948188563994,584,1400,3,13.716086562755594,dumbbell,3,1,D,plain,-0.30160878006125785,-0.5186025174651324
0.3588696073407753,-0.21924179896632237,0.7471547730157965,0.05859226726872494,0.8973171995120335,1.1936469432692425,1.127013683426023,2.0,0.2268862234565991,0.2774799124038339,0.543720119728643,1131,1400,3,14.727809699382144,dumbbell,3,1,D,plain,0.24061618786236194,0.4275391964288523
0.5569278783711383,1.2282976638045002,-0.33334631299735196,-0.21022128502270535,1.5069365891125193,0.7681886268564431,0.9051438249336613,2.0,0.1847647876388437,0.2976730853960928,0.5636741253334,1242,1400,3,15.448150608364813,dumbbell,3,1,D,plain,0.36660181518571455,0.3729252793732739
0.30210071544268496,-0.36065155963462353,-1.0844288333902607,-0.663257065798995,-0.4669366178150808,0.4845497492479102,0.05727722384697346,1.0,0.2969955603794078,0.2490600483184055,0.4996740426398971,760,1400,3,16.44847809418128,dumbbell,3,1,D,plain,-0.4679073036559246,-1.0647587325632433
0.3246622997826604,0.12191690223330144,0.900016442001016,-0.457963150467697,0.6881742426779891,-0.7918251999904876,-0.04304477735310957,1.0,0.2223572077710092,0.2796417921527694,0.5461964169750281,818,1400,3,17.183175550659318,dumbbell,3,1,D,plain,0.10681650211607707,0.40962214624926135
0.2864169427243236,0.35648405064430705,-0.12209875467878663,-0.4825022317397846,-0.12568138934927153,1.0518275044649759,1.217349762416641,2.0,0.2817272813635578,0.2630693159485359,0.5100499217454817,33,1400,3,17.845054462424237,dumbbell,3,1,D,plain,-0.4358315284481282,-0.1550904392970727
0.6787438971241688,2.056102723661164,-1.8301312273063093,0.06991387119295919,0.9659226640805635,1.1936469432692425,0.7108472641754406,2.0,0.2164771310546989,0.2807907037976181,0.5461414978706562,757,1400,3,18.477853740953684,dumbbell,3,1,D,plain,0.1960782363686252,-0.03909891680749718
0.506853815022827,1.3643985335416524,-0.11014036461776108,-0.024860791816356417,0.6678485499666633,1.1936469432692425,0.8956206998681966,1.0,0.2463838975724051,0.2641623762216391,0.5409478101809901,1033,1400,3,18.953242809572934,dumbbell,3,1,D,plain,0.08168616701832354,0.015858414118785937
0.49552702315558733,1.033267699700316,-1.1272869609334701,-0.6006182189736518,1.0851362243538243,-1.0754640775990205,0.0627169570475043,1.0,0.1987253316164125,0.2939220575365656,0.5639641494675656,935,1400,3,19.316911019284746,dumbbell,3,1,D,plain,0.30973544723049873,0.16744932616740066
0.38589617865713755,0.5131436226871369,-0.7375285402264745,-0.7535643478496936,-0.4049079077778374,-1.0754640775990205,0.2870959066292335,1.0,0.2946727079800438,0.2551557846849074,0.5121523778138778,417,1400,3,19.53154101653702,dumbbell,3,1,D,plain,-0.4619760560984035,-0.546153132900004
0.35792617914708375,-0.3120548687889485,0.20864437284558465,-0.11116505228330995,1.4803335460685862,0.9100080656607096,0.7163144939645146,2.0,0.1886842256001994,0.2942557894423118,0.5694156626961351,1008,1400,3,19.598409833538604,dumbbell,3,1,D,plain,0.31979363297012275,0.6150099074096418
-5.060350670538622,0.8930738712609851,0.5985167923069531,2.689846834170059,-4.787793610024499,-999999999.9999999,-5.22858246413251,8.0,0.2663379013256947,0.2469732247909814,0.5103745480118614,208,1400,4,-23.904740663319068,dumbbell,4,0,A,oracle,-0.4838219509410375,-1.2173369079565082
-3.8296704006839333,1.377317710796319,1.7258384491933352,1.6080125074953684,-5.063590603336947,-812500000.0,-3.931082642828725,4.0,0.2616574169792142,0.291013575269323,0.5152966886451614,362,1400,4,-18.815015537403607,dumbbell,4,0,A,oracle,-0.4354005836064372,-0.7496748145334738
-0.9501827253008934,2.0183506620424914,1.6923872003278462,4.436195458158307,-4.402203423098483,-499999999.99999994,-8.482379931565884,4.0,0.2718448053718594,0.263314187201984,0.518726135400861,1088,1400,4,-7.813635606929903,dumbbell,4,0,A,oracle,-0.42010013265061497,-0.268148665576267
3.230005608900922,3.770402260664348,2.615318719811196,5.299604639733694,-3.9207959807878185,-437500000.0,-3.6118247686736886,4.0,0.2424918342880144,0.2498683137957548,0.5301061443727447,915,1400,4,3.6191873761399993,dumbbell,4,0,A,oracle,0.3952773345907553,0.14850160269360177
6.597188471888029,6.073434684678915,1.267884820286921,2.8806301756437303,-3.799871359002428,-312500000.0,-7.323427080254869,4.0,0.2426018687407704,0.2936167671077401,0.5443118545857909,361,1400,4,11.714458782310004,dumbbell,4,0,A,oracle,0.4991718193751522,0.2483770336050858
7.581258524286931,8.338310409421688,3.0316897877201185,23.81018204439688,-3.831927161287189,-0.0,2.6432906899668698,4.0,0.2645073373777433,0.2923607187590763,0.554959923530381,813,1400,4,13.17250244118475,dumbbell,4,0,A,oracle,0.4998412227145381,0.38708011354490673
7.016905593952932,5.073225866851265,2.2589093211148774,4.681025924831052,-3.245109066337758,-375000000.0,-5.567997876049109,4.0,0.2176773816946193,0.2919925832786955,0.5348592559142411,774,1400,4,14.669007691509492,dumbbell,4,0,A,oracle,0.499208653219287,0.42470586052800513
9.57257827789033,9.812192161317064,2.1426407574568254,23.018971080931884,-2.955560156435565,-0.0,2.6860791808875315,4.0,0.2487856132367868,0.3022685620754266,0.5793252113994503,1208,1400,4,16.82071651515401,dumbbell,4,0,A,oracle,0.4990362733961631,0.5166165012191691
8.885265910422419,9.274298746030903,2.273446661183122,19.916242308028416,-3.3487859044413906,-0.0,-1.303430733905587,4.0,0.2339856099556327,0.2773249418147276,0.5556786295496536,1283,1400,4,18.57494358669726,dumbbell,4,0,A,oracle,0.4996891875316368,0.3644011277566331
11.921461804139282,10.360502077673402,2.0931695699298034,14.791764418089254,-1.8161070331262443,-0.0,-0.5305421019733605,4.0,0.1901520608286039,0.3102655323094592,0.5811966989331842,218,1400,4,20.05605537357353,dumbbell,4,0,A,oracle,0.49699216282170466,0.6194068884326893
10.132380803575987,7.3742973632798945,2.122941731833784,6.631565626113681,-2.0447220571726032,-249999999.99999997,-8.70161225591718,4.0,0.2133364893755072,0.2706599829249872,0.5577043803923807,431,1400,4,21.90370296585198,dumbbell,4,0,A,oracle,0.49936376188719667,0.46366114307593365
10.416086157894949,10.062193232496181,3.815102520677269,21.337208472142656,-3.9286932142024633,-0.0,0.8037990234130714,4.0,0.2679433560147589,0.2960029940013268,0.5804163547472283,564,1400,4,23.736312902586512,dumbbell,4,0,A,oracle,0.49993986281238645,0.6763081443956918
10.294697254128465,9.99311727143953,2.9741204778130625,24.472784620152673,-3.247750262638294,-0.0,-3.835719454553609,4.0,0.2415876300296643,0.2477025077018713,0.5650982356463924,1026,1400,4,25.138502510598045,dumbbell,4,0,A,oracle,0.49982345784950655,0.49430946416221183
11.516585298549762,10.104348322064746,2.821950744685076,18.53475203362315,-3.5821599764191494,-62499999.99999999,-1.6308537376287506,4.0,0.2570094229088883,0.2705215837917519,0.5610145461518887,693,1400,4,26.45308691767381,dumbbell,4,0,A,oracle,0.4998641108805393,0.5501320346971567
13.047720141959461,10.663476683102076,2.5921759478645914,17.259647481418547,-2.5841266310776363,-0.0,2.3330486254764065,4.0,0.2245997033423752,0.3243500679390607,0.5838773854388941,625,1400,4,27.98331129289876,dumbbell,4,0,A,oracle,0.4986604247005185,0.5330750347847347
11.89416935022627,10.055061429862432,3.4376936093826864,17.554844881162897,-3.4180368289684773,-0.0,-0.019577097980174277,4.0,0.2436388445408266,0.2725852930195822,0.5671991777415573,823,1400,4,29.13634847296726,dumbbell,4,0,A,oracle,0.4998923083523369,0.5875540373046896
9.780945011541963,8.446699568199383,2.0066658230602465,10.825064766411282,-3.4163764332898796,-0.0,-7.140489370281999,4.0,0.2253465893725,0.258005499265759,0.5495984832633117,246,1400,4,30.30802790209229,dumbbell,4,0,A,oracle,0.4986853419473405,0.35052907002905587
10.881743579199648,8.67202244702931,1.6630113727176157,9.808244650940608,-2.6100566651785466,-124999999.99999999,-2.167571692542832,4.0,0.2127687420226648,0.2664975611335394,0.5594459377102697,1046,1400,4,31.207228531085526,dumbbell,4,0,A,oracle,0.4980824542574174,0.4251016282249348
11.922425890486121,9.275451835411635,2.7552867994262082,6.929568404152238,-3.0896888771888507,-249999999.99999997,-6.897091048734859,4.0,0.2307599907331175,0.3009223874146252,0.5677256700873814,65,1400,4,32.2553237960434,dumbbell,4,0,A,oracle,0.49985725421503313,0.5725456597319479
11.619004369090456,9.51655789920562,3.1584931109031356,8.251871656335368,-3.2160408467536064,-249999999.99999997,-5.183897250266932,4.0,0.2358400593050022,0.2803895346434867,0.564477923023107,389,1400,4,32.98510123751269,dumbbell,4,0,A,oracle,0.49988134239412496,0.5709685015348588
12.853364393783723,10.52570105607727,1.5405840289380968,16.679890475281905,-2.3754401202440145,-62499999.99999999,2.4430946803287577,4.0,0.2311711702705379,0.2783999167528064,0.5875882850393046,634,1400,4,33.627073289551745,dumbbell,4,0,A,oracle,0.4952251710895076,0.5256326197265062
10.957464826303733,9.552698906816218,0.7972511146852913,12.84167919131236,-2.379480039888312,-0.0,-7.077638149251756,4.0,0.2073309590930382,0.2774146041439724,0.5763908011144734,64,1400,4,34.08641987865326,dumbbell,4,0,A,oracle,0.49808393070865187,0.44326624243321233
11.766687622105419,10.23463717002799,3.8932194171435572,15.93334582739599,-3.9376051338651403,-62499999.99999999,-4.2533065512506205,4.0,0.2508412965102883,0.276898991790399,0.5628192653638078,599,1400,4,34.33392853912724,dumbbell,4,0,A,oracle,0.4999427620528679,0.706259859168169
13.13862597021899,9.97700953548353,2.538867854409894,8.977612284031173,-2.6936619174259353,-124999999.99999999,-6.146152544326951,4.0,0.241334411785991,0.3014751142348079,0.5742237490921753,544,1400,4,34.429055879941174,dumbbell,4,0,A,oracle,0.4995034932663034,0.6355374789308845
-3.4319809592580253,-4.023648384188628,-1.0955712080955058,-0.8356496019543364,3.893079526586841,-1.1854799745679285,-0.8820081932834378,5.0,0.154252669284488,0.3127075136012184,0.5991190151269395,208,1400,4,-23.904740663319068,dumbbell,4,0,B,diffdist_t4,0.4500093471297981,0.2844278972332167
-3.127081791467548,-4.1870825569127,-0.8929387087776941,-0.4758134249315469,3.390629583924794,-0.6585999858710714,1.0962542940054711,5.0,0.1665980120921027,0.3311268300540722,0.5742775521104575,362,1400,4,-18.815015537403607,dumbbell,4,0,B,diffdist_t4,0.428359976907396,-0.2884179771797404
-1.5489549409010739,-2.2414665517581103,-0.23400471993483685,0.37551815074275036,2.1136635784496702,0.39515999152264286,3.257272314938543,5.0,0.2048146367199425,0.2897473807711449,0.5535450932690592,1088,1400,4,-7.813635606929903,dumbbell,4,0,B,diffdist_t4,0.4165644363706378,-0.23827129662783117
-2.6008093287979506,-2.138450552686374,0.021539481922299215,0.8613009693807968,2.7198174719015045,0.7903199830452857,4.155014939549148,5.0,0.1827910897867183,0.276387920796381,0.5656792239517571,915,1400,4,3.6191873761399993,dumbbell,4,0,B,diffdist_t4,0.4619356957563189,-0.04981754327052819
-0.21397723822519274,-0.9673491437002739,-0.6245127812162429,0.6294978641374633,2.2163763679770714,0.5268799886968571,3.328246718110337,5.0,0.194485053361179,0.3027095436658098,0.539508552112433,361,1400,4,11.714458782310004,dumbbell,4,0,B,diffdist_t4,0.3971463874949749,-0.0826526612255133
-0.7796752106775959,-0.18787029752962786,-0.49210858264531626,2.1152941786458093,0.3824527630876859,0.9220399802195,5.030237849859403,5.0,0.2451734327911825,0.2529034472484944,0.4769193653111679,813,1400,4,13.17250244118475,dumbbell,4,0,B,diffdist_t4,-0.44540149792120587,-0.501373022311119
-1.6127521664748963,-0.9318496135032653,-0.8789759407497589,1.0085869124623652,2.5583231803135296,0.6585999858710714,3.290885405892528,5.0,0.1666514964723024,0.2853532659582677,0.5164602312584113,774,1400,4,14.669007691509492,dumbbell,4,0,B,diffdist_t4,0.40354617112542546,-0.11153612830643679
-1.9104028327140306,-1.4543201321832426,-0.3510922771618909,2.194564141690327,1.140859349047434,0.9220399802195,4.557625212790922,5.0,0.2199962525418747,0.227831032022014,0.4795914254527894,1208,1400,4,16.82071651515401,dumbbell,4,0,B,diffdist_t4,-0.27291496479439836,-0.5546833806905582
-1.6392883875205433,-1.5120729247084819,0.21722229778999552,2.1324325969288673,1.4206478292943776,0.9220399802195,4.138855931570732,5.0,0.1985474325340865,0.2242065837221875,0.5177479752972478,1283,1400,4,18.57494358669726,dumbbell,4,0,B,diffdist_t4,0.2823471904197452,-0.28781164841321827
-0.4138044032515355,0.12971956585476793,0.0680173392381297,1.7445885266671195,1.4429198058962547,0.9220399802195,4.658682271126645,5.0,0.1726702624440678,0.2745148725301447,0.4652220453552836,218,1400,4,20.05605537357353,dumbbell,4,0,B,diffdist_t4,-0.18583357890709912,-0.24978081634739546
0.2527788768787837,-0.09283252243908023,-0.8043711311799997,1.170606418192854,2.219244714118272,0.7903199830452857,2.9771524853071587,5.0,0.2087962517303374,0.2742363487728426,0.5198186231676084,431,1400,4,21.90370296585198,dumbbell,4,0,B,diffdist_t4,0.29879788020119524,-0.43031327599167923
-0.9913319556614044,-1.6620594907125377,0.4350882361461653,2.2073271629657985,0.6600104136466722,0.9220399802195,5.5254579004283775,5.0,0.2336440716750158,0.234199005539894,0.478018505429116,564,1400,4,23.736312902586512,dumbbell,4,0,B,diffdist_t4,-0.39490397478173694,-0.3723213427646843
-3.1475079045093772,-3.2055326604804253,0.6581896366203968,2.520035724411363,1.5246624140381455,0.9220399802195,4.947197801566358,5.0,0.2047839553198666,0.2061032303188505,0.5489422273361878,1026,1400,4,25.138502510598045,dumbbell,4,0,B,diffdist_t4,0.3296763887397073,-0.4534942555415924
-0.772040952691129,-1.3314194086142053,0.4050799063811503,2.1187861440134745,1.0145919036374185,0.9220399802195,3.755248207092107,5.0,0.2301949241890148,0.2625486369792872,0.5212461375344527,693,1400,4,26.45308691767381,dumbbell,4,0,B,diffdist_t4,0.12182343796812878,-0.2268971929752008
-0.3351323153631052,-0.6701094726412554,0.24516843512243985,2.058629038914749,0.3749707858823175,0.9220399802195,5.152050986859326,5.0,0.229250058498936,0.2544897910949793,0.4533931549818734,625,1400,4,27.98331129289876,dumbbell,4,0,B,diffdist_t4,-0.4372808711154799,-0.338270747863695
-0.9530520056699545,-1.7685564042458812,0.48737443322430407,2.055307660714638,1.4133092216062302,0.9220399802195,3.970470120709609,5.0,0.2045712330964039,0.2304767999254526,0.5331702933411403,823,1400,4,29.13634847296726,dumbbell,4,0,B,diffdist_t4,0.33615636898265555,-0.3045723665867841
-1.394357686002332,-1.9717634399020973,0.23549500788358374,1.6554537654332355,1.4242636085186888,0.9220399802195,3.6837992426482997,5.0,0.1964168053979093,0.2491427531960159,0.5019890049965493,246,1400,4,30.30802790209229,dumbbell,4,0,B,diffdist_t4,0.2979311684759236,-0.28781164841321827
-0.31561949949078705,-0.6478839969103672,-0.11076772606026158,1.4934401698917805,1.4800295717337142,0.9220399802195,3.507680631152062,5.0,0.1911154593214319,0.2609015513311328,0.4974395084294595,1046,1400,4,31.207228531085526,dumbbell,4,0,B,diffdist_t4,0.2749280446715233,-0.40647509307965224
0.11005781346358973,0.37678487776811115,-0.5174983899679922,1.3416021808702319,1.832315237855363,0.6585999858710714,2.4781389543971026,5.0,0.1880404485146094,0.2932958497112696,0.5060718418913777,65,1400,4,32.2553237960434,dumbbell,4,0,B,diffdist_t4,0.3373259972525583,0.022033950269221867
-0.0710727642003086,0.3638813601684466,0.22882867413334915,1.2849628622013793,1.7140019332607634,0.9220399802195,3.2553828695624216,5.0,0.198008184400631,0.268823010617474,0.4997551327110022,389,1400,4,32.98510123751269,dumbbell,4,0,B,diffdist_t4,0.2617634164994248,-0.18790896370109667
-1.5518913820533142,-1.0213414028873686,0.004012144240584159,1.8346040717167218,1.4312284996652807,0.9220399802195,5.2820272929981344,5.0,0.2007069547413606,0.2367529288444202,0.4989305321525738,634,1400,4,33.627073289551745,dumbbell,4,0,B,diffdist_t4,0.2999555245136384,-0.36757637222677914
-0.6871112462016891,-0.548091726979031,-0.40661403462536594,1.6547136872655417,2.090567705022162,0.9220399802195,3.672617787344016,5.0,0.171131970993124,0.2831783868898411,0.505548636968055,64,1400,4,34.08641987865326,dumbbell,4,0,B,diffdist_t4,0.379680839634979,0.18854422830033601
-1.4510265568867347,-1.1996719634336928,0.32272028006021514,2.05158079420175,0.974574603990719,0.9220399802195,4.765387459256332,5.0,0.2240237399591258,0.2344316091139128,0.4903568199799935,599,1400,4,34.33392853912724,dumbbell,4,0,B,diffdist_t4,0.2827908461281122,-0.28840855675076094
-0.07999967570224371,0.41252983381863345,-0.6266325064388257,1.3998855257339553,1.5339986369995708,0.9220399802195,3.082954181554972,5.0,0.2109523097679716,0.2922799726439959,0.4855461252098589,544,1400,4,34.429055879941174,dumbbell,4,0,B,diffdist_t4,-0.2767242314618745,-0.5921565408928117
-11.794138988177671,-5.705591942281806,-0.20388870833486847,8.444498845791804,11.877996513613732,0.8624648498946281,-0.8561947687201416,5.0,0.0483117201350176,0.1985599208011983,0.4420176708283616,208,1400,4,-23.904740663319068,dumbbell,4,0,B,diffdist_t8,-0.12841527235417122,0.42542327651179496
-18.575380528652214,-10.093014240209097,0.08101396891895334,9.198215720377107,6.130854493004103,0.8624648498946281,0.2594573526404573,5.0,0.0915425054452685,0.149855144833985,0.4011927390518003,362,1400,4,-18.815015537403607,dumbbell,4,0,B,diffdist_t8,0.017517329500429724,0.29204030895292904
-32.41566240547502,-18.448359692898567,-0.060957877678677684,8.669215583601288,4.3837990669897,0.8624648498946281,1.7037079291611477,5.0,0.1016390751430145,0.1310250329194599,0.3177923632285282,1088,1400,4,-7.813635606929903,dumbbell,4,0,B,diffdist_t8,0.028380134069019625,-0.17136143617264118
-32.357337587484835,-40.877521173136685,-0.002651678194278642,7.32531018511049,4.930796022301264,0.7314575309232922,2.2427699627195468,5.0,0.0939042420491635,0.1462372715205917,0.2787624319751536,915,1400,4,3.6191873761399993,dumbbell,4,0,B,diffdist_t8,0.11788890357608994,-0.16748339087352385
-33.264504131166426,-37.7949622658954,0.03545913757392405,7.457800900709099,2.2619153311178604,0.8624648498946281,1.5396206147785343,5.0,0.1126540214410392,0.1330567238755844,0.2477733675580215,361,1400,4,11.714458782310004,dumbbell,4,0,B,diffdist_t8,0.1501738221254132,0.02418652539849702
-32.21033711233801,-29.89875422737865,0.1815065940601421,11.136681123682344,-1.0871993326952978,0.8624648498946281,5.38047771104521,5.0,0.115016783553889,0.0835313932886271,0.1825965391959038,813,1400,4,13.17250244118475,dumbbell,4,0,B,diffdist_t8,-0.4335691343009255,-0.8045231125728171
-39.69699773816945,-34.394830372914754,-0.16008101273179182,7.383866286263561,3.3060180404456885,0.8624648498946281,1.9441615754719244,5.0,0.0926030906450096,0.1219577528176407,0.2587463716372264,774,1400,4,14.669007691509492,dumbbell,4,0,B,diffdist_t8,0.11941878392128247,-0.29054532409673717
-40.09635145598608,-26.722592179678955,0.26127444636460945,10.650146798904462,-1.5655159264520202,0.8624648498946281,4.732034548591756,5.0,0.1205341820445661,0.098344969312334,0.188480832455568,1208,1400,4,16.82071651515401,dumbbell,4,0,B,diffdist_t8,-0.44167502090658806,-0.883518853929854
-35.29332537707997,-28.82324642777421,0.079343245605636,8.985874530610607,-0.7345850497097066,0.8624648498946281,4.265221045736018,5.0,0.115365400732425,0.1063858807648259,0.213952662428351,1283,1400,4,18.57494358669726,dumbbell,4,0,B,diffdist_t8,-0.4305538021815885,-0.43004316120377983
-26.97650578084897,-24.64397982502771,-0.003266324049534109,8.250822470939871,-1.1170331100354811,0.8624648498946281,3.507128467774008,5.0,0.1143701809752154,0.1057995044900054,0.1942194005123071,218,1400,4,20.05605537357353,dumbbell,4,0,B,diffdist_t8,-0.39759308408287264,-0.857051655021585
-19.393034217381057,-34.22564929091771,-0.12680347411052154,7.091712192270796,2.1899385932230833,0.7314575309232922,0.4515588300249767,5.0,0.1121279137085967,0.1309369576459198,0.2410137513219531,431,1400,4,21.90370296585198,dumbbell,4,0,B,diffdist_t8,0.13130839725279675,0.09094132186767273
-25.152898341031932,-28.160419315945763,0.14082232895491734,10.33696053335748,-1.9249725475386226,0.8624648498946281,3.4110950966649995,5.0,0.1222686409334352,0.0902740515380551,0.1898280434174964,564,1400,4,23.736312902586512,dumbbell,4,0,B,diffdist_t8,-0.44418842069931136,-1.0112932204231735
-31.228040915687348,-32.92960573044839,0.21182628875171883,10.49546539333858,-0.09446130303793282,0.8624648498946281,4.864642739989433,5.0,0.1034125615532304,0.078509959540769,0.2192156089059984,1026,1400,4,25.138502510598045,dumbbell,4,0,B,diffdist_t8,-0.3854788798300686,-0.4537083915334272
-23.86213690049946,-22.161670352206418,0.11380927692045245,8.752095617369044,-1.7541359487210209,0.8624648498946281,4.262985858209516,5.0,0.1293285751525404,0.1113298766589591,0.205827360099517,693,1400,4,26.45308691767381,dumbbell,4,0,B,diffdist_t8,-0.44614079902657544,-1.1393333641155161
-35.11555467307282,-32.62755182565311,0.08970058336155523,9.474413848196798,-2.0761880346928816,0.6004502119519562,5.186531949952839,5.0,0.1218748032329257,0.1130740561377961,0.1879983957099326,625,1400,4,27.98331129289876,dumbbell,4,0,B,diffdist_t8,-0.4519518005780253,-0.9706616541487031
-22.813696298192692,-32.342229780788635,0.12901974139413652,8.358851154028095,-0.9459376818922535,0.8624648498946281,4.1634700150547,5.0,0.1135473303382317,0.1004611704328383,0.2141343288191395,823,1400,4,29.13634847296726,dumbbell,4,0,B,diffdist_t8,-0.4305538021815885,-0.4680032291538469
-38.29168263901515,-30.029477106652045,-0.07833115943319262,7.166165507786064,1.7203038745602137,0.2074282550379485,0.4195600169405239,5.0,0.1050572745734503,0.1153445924141829,0.2499706062691368,246,1400,4,30.30802790209229,dumbbell,4,0,B,diffdist_t8,0.06650820060224183,-0.4669034066479673
-23.01859368354117,-29.963545032463887,-0.16676953695186963,7.055945461268016,1.3771479546453531,0.46944289298062036,-0.5529903264361918,5.0,0.1100270749028357,0.1222622450432336,0.2404663124609335,1046,1400,4,31.207228531085526,dumbbell,4,0,B,diffdist_t8,0.05400518343116911,-0.2998992499836299
-35.66394906060966,-29.005552947818884,-0.02583368514371227,7.021145001572162,1.4108752645553093,0.8624648498946281,-1.4407684910894707,5.0,0.1112528622231624,0.1207960564281913,0.2404089881584077,65,1400,4,32.2553237960434,dumbbell,4,0,B,diffdist_t8,0.0970366159522158,-0.18850100283353102
-18.766636252570034,-23.708126029438223,-0.14752043055642508,6.972880606647108,1.7506516129898542,0.6004502119519562,0.3775627511621478,5.0,0.100453706146387,0.1298103380895587,0.2413443776802844,389,1400,4,32.98510123751269,dumbbell,4,0,B,diffdist_t8,0.03603632382041588,-0.4160849089134609
-27.728056194454798,-36.752701682372674,0.08124080509094278,8.542227054072395,-0.7392828019698173,0.3384355740092844,1.0193112304614915,5.0,0.1202384022033329,0.1079678894308797,0.2152347393648922,634,1400,4,33.627073289551745,dumbbell,4,0,B,diffdist_t8,-0.38485074625304544,-0.4447064330237951
-26.405100201242707,-31.858513578830287,0.0006747105199375322,8.167650866813004,-0.528198243017383,0.3384355740092844,0.52814912562083,5.0,0.111689453412042,0.1269860117457705,0.2131096362103476,64,1400,4,34.08641987865326,dumbbell,4,0,B,diffdist_t8,-0.39759308408287264,-0.43837539520477325
-27.597431061203807,-35.30566399453415,0.09425368443590265,8.708544072275116,-0.2571318366320364,0.6004502119519562,0.24788600547658982,5.0,0.1148568685118954,0.1097461682738539,0.2263063140343731,599,1400,4,34.33392853912724,dumbbell,4,0,B,diffdist_t8,-0.41847505375444,-0.3223078347091457
-14.280435699188216,-24.349647072718405,-0.08193048094124435,7.052089159481246,0.48280019556289144,0.7314575309232922,-0.36405595330998675,5.0,0.1162339434675657,0.1328716572861997,0.2214707514055662,544,1400,4,34.429055879941174,dumbbell,4,0,B,diffdist_t8,-0.14610678881659284,-0.2979336375038151
-1.6636815982481823,-2.452957581734254,0.427377011969146,-1.0155587134010269,2.104940967756364,0.609271793299488,2.749147361536734,2.0,0.233353105255695,0.1814569688235756,0.5951609669298991,208,1400,4,-23.904740663319068,dumbbell,4,0,B,fb_potential,0.14300482448377638,0.48298840043379676
-0.3537581660883986,-1.3553246985786498,2.783430174048097,-1.566131401217688,-1.408488628515272,0.3481553104568503,8.59108739968315,4.0,0.2804421049533795,0.2175181139350392,0.5520369950130074,362,1400,4,-18.815015537403607,dumbbell,4,0,B,fb_potential,0.03712292596407496,0.07228976402774398
-3.268564700241152,-0.31305020523447424,2.3806034719200806,-1.4448441491231252,0.9419712645094073,-3.307475449340077,2.14220634310744,1.0,0.2656694394377385,0.2328498054970756,0.5767185672327403,1088,1400,4,-7.813635606929903,dumbbell,4,0,B,fb_potential,0.3523823902603155,0.4851578558196266
-3.8536454131741644,-1.5226597267158049,0.8050198559628413,-1.2803530677834443,0.004890038304302431,0.609271793299488,6.428820956414521,3.0,0.2341877881483605,0.1682481378000319,0.5113832576608909,915,1400,4,3.6191873761399993,dumbbell,4,0,B,fb_potential,-0.4067858537319607,-0.6595729245625591
-2.771686882622067,-1.7181241742442057,-0.6980907848635166,-1.6552321683036142,-0.49653673432422557,0.3481553104568503,7.3069147321833565,4.0,0.2531474776550348,0.2097933985479096,0.5435225772395675,361,1400,4,11.714458782310004,dumbbell,4,0,B,fb_potential,-0.39498122756344994,-0.35292842185572393
-0.47374193711618895,0.20393815530769238,1.7048869131694055,-0.28786477183561443,0.45556494804954467,0.609271793299488,9.814989987550204,4.0,0.2507131806723077,0.1935261224210019,0.5366585892480655,813,1400,4,13.17250244118475,dumbbell,4,0,B,fb_potential,-0.2183498157464261,0.34210827247362485
-1.0463472371127902,-1.8147158926917866,0.8046467670691633,-1.1115693908200268,0.8320865595762778,0.3481553104568503,7.196045625726195,4.0,0.2330830193671109,0.1971013022112932,0.5421671197314325,774,1400,4,14.669007691509492,dumbbell,4,0,B,fb_potential,-0.16209267435507518,0.009368542392187564
-2.018427171131656,-0.9099144417982332,1.051427324629148,-0.31739081452739754,0.9284712213632551,0.609271793299488,6.339533523948666,3.0,0.2494729469069356,0.1944894337900476,0.5378121907665858,1208,1400,4,16.82071651515401,dumbbell,4,0,B,fb_potential,0.13216178726344896,0.18945802446959267
-0.7171975593426803,-0.17508058191229095,1.3714059706409818,-1.2370469054628133,-1.6406186221036632,0.609271793299488,8.778372802425483,4.0,0.2468364541389417,0.1803510178728297,0.4991275420333756,1283,1400,4,18.57494358669726,dumbbell,4,0,B,fb_potential,-0.47794849803847395,-1.0127690320165927
-2.921834834422801,-0.12863906984353632,1.622205700770317,-1.4660222385937434,-2.0965792630278157,0.609271793299488,8.896597900335088,4.0,0.2418852236692336,0.1905105073403462,0.4943643753257661,218,1400,4,20.05605537357353,dumbbell,4,0,B,fb_potential,-0.46195757216730593,-1.1686965890501813
0.6615340629836711,-0.8400510279367311,0.7427789877213455,-0.8044387892656947,2.4119317448175788,0.609271793299488,4.591663714430438,4.0,0.2119287197495165,0.186067646778271,0.5637317934038539,431,1400,4,21.90370296585198,dumbbell,4,0,B,fb_potential,0.32246987882053635,0.4251597328755971
-1.691041631312307,-0.41184713424927644,2.349336533995808,-0.7520583880543705,-0.038565882893792744,0.3481553104568503,5.203034566190291,3.0,0.2615997742669417,0.1969021339356541,0.5320842127721312,564,1400,4,23.736312902586512,dumbbell,4,0,B,fb_potential,-0.011763847284181839,0.31211061514711325
0.18395135379122596,-0.02101306331650401,1.0521586153810756,-0.47185205832397814,1.067879830178622,0.609271793299488,8.376780434317965,4.0,0.2309081722828693,0.1719129658564781,0.531360376718314,1026,1400,4,25.138502510598045,dumbbell,4,0,B,fb_potential,0.10815752842345983,-0.009511469427229254
-2.3139058682887033,-1.1309237460162302,2.1993850950681195,-1.2850651522544436,-1.6245267339392715,0.609271793299488,7.524339549854709,5.0,0.2614579383263933,0.1840321282739412,0.5086243886252685,693,1400,4,26.45308691767381,dumbbell,4,0,B,fb_potential,-0.44625221437720697,-0.8371419208065979
-2.928077198153524,-1.165995627438044,1.134616301706006,-0.9882877161021935,-0.16702207575284583,0.3481553104568503,1.1863204935055223,2.0,0.2573857163463475,0.2131471453867895,0.5450254428541983,625,1400,4,27.98331129289876,dumbbell,4,0,B,fb_potential,-0.3974719032526461,0.01737659733009214
-1.0181733851696204,-0.06242924362636475,1.0970485543853445,-1.180954676630714,-0.7913540030911336,0.609271793299488,7.063416023592147,4.0,0.2414836751647995,0.1696468935133098,0.4936960882507936,823,1400,4,29.13634847296726,dumbbell,4,0,B,fb_potential,-0.44729208165850576,-0.8971799349268719
-1.9144587267635165,-1.579495177865408,0.8369026240893745,-0.8626757660421744,1.3104520340110701,0.3481553104568503,8.977125563104709,4.0,0.2089966327934153,0.1618280561167627,0.5136980383173336,246,1400,4,30.30802790209229,dumbbell,4,0,B,fb_potential,0.034555561773876975,-0.4767871149111831
1.6950362166999093,1.4602892558536054,0.21754181530368183,-0.6284251815467871,3.5008876060740413,0.609271793299488,5.224368724244858,3.0,0.1985277502779817,0.1832947235995696,0.5560020320504863,1046,1400,4,31.207228531085526,dumbbell,4,0,B,fb_potential,0.2314080015609956,0.5376871577841301
-3.4583545176973574,-0.7236176163340001,0.7419316100121145,-1.572265470891319,-0.3870533912180602,0.0870388276142126,7.495618377084183,4.0,0.2393150000615124,0.1872632980154422,0.514380891068045,65,1400,4,32.2553237960434,dumbbell,4,0,B,fb_potential,-0.4334831920391352,-0.6077222839023102
-0.029077877242110556,0.5737186429037869,0.6369078393478393,-1.1138772428076453,1.695477074075314,0.609271793299488,5.950754469167029,3.0,0.2236629969280275,0.1922694687466289,0.5468157551434999,389,1400,4,32.98510123751269,dumbbell,4,0,B,fb_potential,0.11730857693910313,0.28748486776056403
-3.597706409548799,0.48541326985572214,-0.33560279742759525,-0.63596914550425,1.4035645764968132,0.609271793299488,11.933678825852793,3.0,0.23407997699934,0.188751806035416,0.5384822638708453,634,1400,4,33.627073289551745,dumbbell,4,0,B,fb_potential,0.005068619134590446,-0.5488204780154866
-1.9842538203643214,-1.1982382327814305,-0.6181772759373508,-1.0456474838923666,3.9228209273624968,0.0870388276142126,0.44383715611380786,3.0,0.2030183725001076,0.2200914179957571,0.5924633344226956,64,1400,4,34.08641987865326,dumbbell,4,0,B,fb_potential,0.4057010108416017,0.47597915056254786
-4.575481761539719,-1.8938299351343881,1.450343991507179,-0.9175412719036211,-0.3559988701990708,0.0870388276142126,4.091379203415077,4.0,0.2522757585950707,0.1918937783531065,0.5159953054827093,599,1400,4,34.33392853912724,dumbbell,4,0,B,fb_potential,-0.40605923138555994,-0.5087244131459893
-1.526343435564938,1.1464060003439744,2.100861461680165,-1.455082254557611,-0.1453383329821933,0.3481553104568503,5.2968018691777905,3.0,0.2549130834373532,0.1962331705971651,0.5406488387766448,544,1400,4,34.429055879941174,dumbbell,4,0,B,fb_potential,-0.36409562158113185,0.5875764821581552
-3.0221060614360726,-4.121276452763827,-1.260430533876531,-0.6579613621691512,1.126312454044086,-62499999.99999999,0.06458066663054464,4.0,3.672402727782119e-07,0.8366803648885439,0.8863975140644352,208,1400,4,-23.904740663319068,dumbbell,4,0,B,heatgeo_4t,0.4986900186152956,0.9736204585143536
-1.5049453673385846,-3.1174358986214323,-1.3204379462522169,-0.79104347103407,1.3212548415957774,-0.0,0.4601174829920491,4.0,2.209191157951043e-08,0.8500674798010005,0.8879874400001453,362,1400,4,-18.815015537403607,dumbbell,4,0,B,heatgeo_4t,0.49767756930915463,1.4263758696401472
-2.0944041464467578,-3.3787146651656985,-1.1925316118252896,-0.5945920308483027,1.1550058246812054,-312500000.0,0.6287237282248768,4.0,3.188346966472398e-07,0.838495771086675,0.884059034380217,1088,1400,4,-7.813635606929903,dumbbell,4,0,B,heatgeo_4t,0.498313351592252,1.1852352275243332
-2.085765787642233,-3.6779119200513852,-1.104980422153531,-0.5038974462552063,1.0398881306523973,-0.0,-0.4133936128767974,4.0,5.275683898195878e-07,0.831660434090533,0.8857363609740917,915,1400,4,3.6191873761399993,dumbbell,4,0,B,heatgeo_4t,0.4984400274751354,1.504176069354287
-1.0966826880107186,-1.2685029830454102,-1.3047979185130238,-0.6676212606485927,1.2216040106401118,-0.0,0.5628485692771846,4.0,1.9940341703706453e-07,0.8423083846014782,0.8863315860694247,361,1400,4,11.714458782310004,dumbbell,4,0,B,heatgeo_4t,0.4948435597523333,1.3326915729495912
-1.1646862747313893,-2.0021573420957206,-1.0768099547615224,0.5800761268547289,1.0548814045514951,-124999999.99999999,-0.633731184643351,4.0,4.979322954516678e-07,0.8323057889217472,0.8803851691267454,813,1400,4,13.17250244118475,dumbbell,4,0,B,heatgeo_4t,0.4985199956497398,1.274301869010825
-1.646426041771216,-2.1311518704184946,-1.1893487342883262,-0.6044643344614284,1.1816839477596695,-0.0,0.8243759448637298,4.0,2.701404886966532e-07,0.8404790991781886,0.8857010835298166,774,1400,4,14.669007691509492,dumbbell,4,0,B,heatgeo_4t,0.49575474712324086,1.5019770587184214
-0.24698158243953405,-2.2410053325467354,-0.9676829719823594,0.4399700249351179,0.9618487965224677,-62499999.99999999,0.189792228804936,4.0,6.666262965458166e-07,0.8295087098870663,0.8787971214574415,1208,1400,4,16.82071651515401,dumbbell,4,0,B,heatgeo_4t,0.49910821071447453,1.274301869010825
-1.6439175838248619,-4.496550151869099,-0.8899434437084108,0.4050376461587931,0.8307947527147171,-0.0,-0.5178612180510527,4.0,9.079783139354606e-07,0.8263244403601234,0.88208197307497,1283,1400,4,18.57494358669726,dumbbell,4,0,B,heatgeo_4t,0.4970315515343374,1.6712844116495176
-0.6030418171966827,-2.5917469238858657,-1.0963526657679301,0.01822664090886025,1.0573871729623439,-0.0,0.1707921785990374,4.0,4.941672418933419e-07,0.8311850678253913,0.8829233410941367,218,1400,4,20.05605537357353,dumbbell,4,0,B,heatgeo_4t,0.49768828224299577,1.5474562661352558
-2.045157944903989,-2.1088296115851852,-1.1683819698789306,-0.35894515884922207,1.0409998035824617,-0.0,0.8276162143780627,4.0,5.271099151735703e-07,0.8279717075135065,0.8843646509322856,431,1400,4,21.90370296585198,dumbbell,4,0,B,heatgeo_4t,0.4959209887377094,1.529441921470922
-2.1524902151587377,-3.782457590873424,-0.9330522769756893,0.30484789629050996,0.8984313549558265,-0.0,1.2538909517612513,4.0,7.784596811484247e-07,0.8273471990889442,0.8829271539292655,564,1400,4,23.736312902586512,dumbbell,4,0,B,heatgeo_4t,0.49628097344826094,1.4230863028348262
-3.0548858281665034,-5.2599197634969235,-0.7083828885341056,0.7371667824387044,0.5785447763353097,-499999999.99999994,-0.2473776000133511,4.0,1.3728211896214635e-06,0.8150147341851594,0.8852584285107095,1026,1400,4,25.138502510598045,dumbbell,4,0,B,heatgeo_4t,0.49831804396776413,1.9130585576861874
-1.2577013503362058,-3.5334538532276696,-0.9350843225787483,0.31353310375143106,0.8530576243339432,-0.0,0.07343741862611683,4.0,8.681383765591111e-07,0.8224548471713936,0.8823941941914694,693,1400,4,26.45308691767381,dumbbell,4,0,B,heatgeo_4t,0.4983402790042445,1.5474562661352558
-1.3825562697220466,-2.9751764033700954,-1.1246858887943958,-0.0921146400324911,1.0677771176255837,-124999999.99999999,0.5695748792827641,4.0,4.726016809168527e-07,0.8330903233426615,0.8812150909725396,625,1400,4,27.98331129289876,dumbbell,4,0,B,heatgeo_4t,0.4983468590149651,1.228515424305302
-2.166838351960249,-4.335998103570827,-0.8916378629770307,0.25258723340304284,0.8118133758701677,-0.0,0.3764387204459112,4.0,9.405708657583674e-07,0.8225236697200522,0.8840428871314933,823,1400,4,29.13634847296726,dumbbell,4,0,B,heatgeo_4t,0.4968420265117677,1.5474562661352558
-3.1973901390608708,-5.681014015368338,-0.9310280081878085,-0.140555817507762,0.8602118011492534,-0.0,0.8859342687633452,4.0,8.551529933268055e-07,0.8266848868263277,0.8849169691354238,246,1400,4,30.30802790209229,dumbbell,4,0,B,heatgeo_4t,0.49804087196597224,1.6127100648638404
-2.5083451637994494,-3.2681447205715006,-1.016468482080028,-0.1933208381207626,0.9502125651904538,-0.0,0.11137585465653206,4.0,6.934888765508834e-07,0.8256320048970065,0.885540328499805,1046,1400,4,31.207228531085526,dumbbell,4,0,B,heatgeo_4t,0.4983402790042445,1.4731931465718546
-0.4597922444734045,-2.3958778054032006,-1.1954293888256973,-0.45332991322621,1.1130123239688519,-0.0,0.42383058852433375,4.0,3.945224650572246e-07,0.8377574556273786,0.8824501537051628,65,1400,4,32.2553237960434,dumbbell,4,0,B,heatgeo_4t,0.4984184589714109,1.504176069354287
-2.027539676092496,-3.6312851557811294,-1.0654027305569431,-0.2741448266096714,0.9676307576876305,-62499999.99999999,-0.5309607618678557,4.0,6.566248519896757e-07,0.8316172949826227,0.8835437985947487,389,1400,4,32.98510123751269,dumbbell,4,0,B,heatgeo_4t,0.49912038091235356,1.2584865349823569
-1.4511053341845497,-3.4949926557260182,-0.898374770314171,0.1712781107418636,0.7893609750162588,-187500000.0,0.057166985932819214,4.0,9.906716482004003e-07,0.820675033874214,0.8841971451638354,634,1400,4,33.627073289551745,dumbbell,4,0,B,heatgeo_4t,0.4974896928797925,1.274301869010825
-1.5912491796159318,-2.1582229993159707,-1.0194982898428755,-0.035473274667209585,0.9178188041834447,-0.0,0.06427589091809126,4.0,7.52297170135825e-07,0.8248995597741895,0.8887854542469453,64,1400,4,34.08641987865326,dumbbell,4,0,B,heatgeo_4t,0.49768828224299577,1.5474562661352558
-2.387917541834025,-4.617434881141532,-0.9389085663868196,0.1379528383441784,0.881856807463413,-124999999.99999999,1.123314030209353,4.0,8.165690000971191e-07,0.8231820358606923,0.8815458945469848,599,1400,4,34.33392853912724,dumbbell,4,0,B,heatgeo_4t,0.4985969038446324,1.3937381755198226
-0.6144046476995983,-3.0723909791599446,-1.1057912603254416,-0.2748006295191075,1.0460535886297637,-0.0,0.35055084421099447,4.0,5.185006031747522e-07,0.8282883821431616,0.8845063989550604,544,1400,4,34.429055879941174,dumbbell,4,0,B,heatgeo_4t,0.4983402790042445,1.5316409321067876
-3.0535156035058617,-4.112497196152719,-1.2688388433168247,-0.6758620678409467,1.175790692917431,-0.0,-0.15785045105976064,4.0,4.1635601742009324e-08,0.8517206265509598,0.8965316065755594,208,1400,4,-23.904740663319068,dumbbell,4,0,B,heatgeo_t,0.49781705924097475,1.256632609812792
-1.5143624042997659,-3.106087041360384,-1.2386217185875237,-0.7972657634879123,1.2160313933082145,-0.0,0.2473724597340668,4.0,0.0,0.8637588127622733,0.8979706091120409,362,1400,4,-18.815015537403607,dumbbell,4,0,B,heatgeo_t,0.49767756930915463,1.4263758696401472
-2.1266704576605133,-3.3847387613974242,-1.1748822478709946,-0.6166642921283532,1.1361767085446473,-0.0,-0.7368003419367274,4.0,7.641664247807082e-08,0.8533542867637786,0.8944145778984389,1088,1400,4,-7.813635606929903,dumbbell,4,0,B,heatgeo_t,0.4984400274751354,1.34419454681879
-2.125532272308209,-3.687746132190744,-1.100766462881317,-0.5357819172701458,1.0574334470088564,-0.0,0.14754464657497948,4.0,1.523695277457913e-07,0.8472123473140913,0.8959489035537133,915,1400,4,3.6191873761399993,dumbbell,4,0,B,heatgeo_t,0.4983402790042445,1.504176069354287
-1.0978846733601757,-1.253583196622648,-1.2354277345831455,-0.6847766291289537,1.135832784811782,-0.0,0.3586762292985978,4.0,7.677963499708228e-08,0.8567759590965001,0.8964688115680735,361,1400,4,11.714458782310004,dumbbell,4,0,B,heatgeo_t,0.497076295297733,1.34419454681879
-1.2074204409008011,-2.065260935320064,-1.1254018147313654,0.6023212356308981,1.1243379196812338,-0.0,-0.6507492484361675,4.0,8.908564548290832e-08,0.8477984403584852,0.8911119464451132,813,1400,4,13.17250244118475,dumbbell,4,0,B,heatgeo_t,0.49737648537411805,1.6096461396236903
-1.6814602987882659,-2.1417540893437734,-1.1266461822856548,-0.6271933307535814,1.1053815687322892,-0.0,0.6646580472680369,4.0,1.0864800826012601e-07,0.8551407723829684,0.8959131154173469,774,1400,4,14.669007691509492,dumbbell,4,0,B,heatgeo_t,0.4959209887377094,1.3326915729495912
-0.2807096463506611,-2.3172323588827135,-0.976361437913444,0.44805211697593234,0.9799873822847958,-0.0,-0.05820091076314614,4.0,2.3327978914903694e-07,0.8452907433146261,0.889682892960688,1208,1400,4,16.82071651515401,dumbbell,4,0,B,heatgeo_t,0.4984184589714109,1.5474562661352558
-1.7170493985110318,-4.589023007122336,-0.8847599714274816,0.39972704593816777,0.8425061006315474,-0.0,-1.1632965050232429,4.0,3.648630472580192e-07,0.8424331699344725,0.8926420738636097,1283,1400,4,18.57494358669726,dumbbell,4,0,B,heatgeo_t,0.4989574188746142,1.7407143724152585
-0.6195113563506485,-2.6448276217745206,-1.1235469664461935,0.0028114659965205505,1.1020023147792815,-0.0,-0.037415640739682225,4.0,1.1234649792073597e-07,0.8467919040584289,0.8934051982274068,218,1400,4,20.05605537357353,dumbbell,4,0,B,heatgeo_t,0.49768828224299577,1.5474562661352558
-2.0911942244810575,-2.1177721507569367,-1.1026719582257816,-0.38635453235440986,0.9651161200756982,-0.0,0.6079318946015088,4.0,2.4757617684879895e-07,0.8439041062063611,0.8946925543282954,431,1400,4,21.90370296585198,dumbbell,4,0,B,heatgeo_t,0.4959209887377094,1.520137958237589
-2.238545550447128,-3.867796298938736,-0.9732467177593971,0.30024992346320234,0.9736772278610755,-0.0,0.016666017728370952,4.0,2.39142823810426e-07,0.8433507200549892,0.8934053983917204,564,1400,4,23.736312902586512,dumbbell,4,0,B,heatgeo_t,0.4983402790042445,1.5474562661352558
-3.167620400376184,-5.3552863722224275,-0.6756192868298364,0.7401355460142021,0.5474807628503187,-0.0,-0.5024762763223283,4.0,6.576921276353178e-07,0.832299610263524,0.8955130203907612,1026,1400,4,25.138502510598045,dumbbell,4,0,B,heatgeo_t,0.49683506490828444,2.024711619470463
-1.3174286210872366,-3.616018076537356,-0.8711195019753544,0.2941509783570604,0.7755462815105297,-0.0,-0.10026427169812688,4.0,4.344453401499973e-07,0.8389606975395786,0.8929312154360128,693,1400,4,26.45308691767381,dumbbell,4,0,B,heatgeo_t,0.4952798106698677,1.5474562661352558
-1.434454623123299,-3.042027291117751,-1.165437743090838,-0.11676031215263877,1.1294699924761673,-0.0,-0.9096195517655364,4.0,8.358982972184563e-08,0.8484985708948306,0.8918612568781435,625,1400,4,27.98331129289876,dumbbell,4,0,B,heatgeo_t,0.4984400274751354,1.5853599915462755
-2.25231333140187,-4.422431497149196,-0.894304874356943,0.2373849400425858,0.8343770621440529,-0.0,-1.0355844119846829,4.0,3.743735333153278e-07,0.8390234588680147,0.8944134297563756,823,1400,4,29.13634847296726,dumbbell,4,0,B,heatgeo_t,0.4970315515343374,1.6168862269009967
-3.290497834977307,-5.738889994437977,-0.9224360950749232,-0.16543218163692006,0.8538474527118762,-0.0,-0.18967064494276714,4.0,3.545813083476244e-07,0.8427554902119133,0.8952140606495453,246,1400,4,30.30802790209229,dumbbell,4,0,B,heatgeo_t,0.4989574188746142,1.563600581911607
-2.585855523573958,-3.3177240871708746,-0.9540908319038132,-0.22178729343625816,0.8834994581616578,-0.0,-0.10744550027251527,4.0,3.285054901008846e-07,0.841810892604738,0.8957538939569181,1046,1400,4,31.207228531085526,dumbbell,4,0,B,heatgeo_t,0.4983402790042445,1.4731931465718546
-0.4616226256599875,-2.420564280204609,-1.160678265660906,-0.47936241813393665,1.084509793338837,-0.0,0.17518537003950052,4.0,1.3027420921357826e-07,0.8526903865014908,0.8929726831845612,65,1400,4,32.2553237960434,dumbbell,4,0,B,heatgeo_t,0.4984184589714109,1.504176069354287
-2.082117630304397,-3.6854794166159377,-1.077497508410978,-0.29837401226357085,1.0026685481284376,-0.0,-0.7192732768670915,4.0,2.1053758734474645e-07,0.8471769298433851,0.8939638369811024,389,1400,4,32.98510123751269,dumbbell,4,0,B,heatgeo_t,0.4984400274751354,1.5316409321067876
-1.5062596749436519,-3.557686046281633,-0.8318992894276492,0.15132049083341895,0.6855154430620984,-0.0,-0.1771788431952473,4.0,5.245472174065617e-07,0.8373665678619842,0.8945455870613149,634,1400,4,33.627073289551745,dumbbell,4,0,B,heatgeo_t,0.4955795690234016,1.5474562661352558
-1.6414480104088864,-2.193004400390353,-0.963672017545032,-0.05844380827653843,0.8370543051268039,-0.0,-0.15119160431033224,4.0,3.717426742868051e-07,0.8411530400334595,0.8987125428386363,64,1400,4,34.08641987865326,dumbbell,4,0,B,heatgeo_t,0.4978271301354915,1.5474562661352558
-2.4722528192665414,-4.705907534226669,-0.9148604336213438,0.11868626066085945,0.8681153210594221,-0.0,0.851046294162832,4.0,3.440370207365959e-07,0.8396127751754523,0.8921673426199336,599,1400,4,34.33392853912724,dumbbell,4,0,B,heatgeo_t,0.49804087196597224,1.5994112474212436
-0.631204441830983,-3.110117692628705,-1.0632777573041645,-0.302382619244124,0.9842841654220034,-0.0,0.1406429994447914,4.0,2.2852813484074574e-07,0.8441889443187193,0.8948324973330117,544,1400,4,34.429055879941174,dumbbell,4,0,B,heatgeo_t,0.4983402790042445,1.5316409321067876
-0.21119635742917378,-0.5624062212220022,-0.7661990971778107,-0.5532510588340759,0.3310613824132574,-1.2502631274207887,0.47581086173474174,4.0,0.2471261312995814,0.2120304577578414,0.5551440633638706,208,1400,4,-23.904740663319068,dumbbell,4,0,B,pca_denoise,-0.12088886453126829,-0.1814732070709958
0.013910385743713892,0.5251311862280287,0.43023316857333477,-0.5480670380003988,-0.05991248460498315,-1.111345002151812,-0.39958241490256813,5.0,0.2603334880681239,0.237588269639183,0.5561438664317401,362,1400,4,-18.815015537403607,dumbbell,4,0,B,pca_denoise,-0.01615801840624037,-0.38793239195787543
-0.2500848684365395,0.14988048163939702,-0.16912649003545427,0.06937298179969424,0.2713839001397545,0.41675437580692953,1.2556271910184156,3.0,0.2578278676346622,0.2172476075369654,0.5623092707017414,1088,1400,4,-7.813635606929903,dumbbell,4,0,B,pca_denoise,-0.014021769577521492,-0.12825520642432897
-0.7703377627991232,-0.8810159886196988,-0.3752972987161769,-0.03075373286644976,0.3296019970146794,0.0,2.233211923712481,4.0,0.2294675105944894,0.1979131191535198,0.5275965178776189,915,1400,4,3.6191873761399993,dumbbell,4,0,B,pca_denoise,-0.18717574483608285,-0.24809963069207042
-0.2761668290092195,0.3530041170667614,-0.21652749514973568,0.05892837156222478,0.2480119768700964,0.41675437580692953,-0.9578334359828994,4.0,0.2360370307879664,0.2203354197519256,0.5448300940236355,361,1400,4,11.714458782310004,dumbbell,4,0,B,pca_denoise,-0.030891230557148874,-0.2574043987663358
0.5815681563562899,1.9376246327857762,1.3935682797278777,1.2590323488553827,0.13035237632396163,0.8335087516138591,3.5252446015264116,3.0,0.2586831338783131,0.2220062794770315,0.5537058339333434,813,1400,4,13.17250244118475,dumbbell,4,0,B,pca_denoise,-0.0864213557677192,0.15442319194885457
0.07332724412201778,0.3758613645500928,-0.02150451191815045,0.09258917597396199,0.7361922919619697,0.555672501075906,2.774270853875025,4.0,0.2087988565139329,0.226044822744832,0.5668850897006978,774,1400,4,14.669007691509492,dumbbell,4,0,B,pca_denoise,0.21491825401950904,0.07703247350488904
0.665568339409298,1.3991409048734058,0.5355865103525991,1.2412731677922686,0.35286262541162483,0.8335087516138591,1.3786650446257838,4.0,0.253251754822984,0.2165193325625943,0.5371675528681382,1208,1400,4,16.82071651515401,dumbbell,4,0,B,pca_denoise,-0.08066794844345959,0.06038474405186531
0.285930861906952,1.6914211652418154,0.5042428810822658,0.9551585108805731,0.28068329803791814,0.8335087516138591,2.7805271128131337,4.0,0.2325789156112618,0.1973186049910101,0.5274610712031564,1283,1400,4,18.57494358669726,dumbbell,4,0,B,pca_denoise,-0.22870345719989382,0.17697987772356763
0.5849188004648644,1.7156801102029604,0.6477005508572807,0.5644486811240684,0.10527253700011908,0.8335087516138591,2.988626951082424,4.0,0.235987538601554,0.2238585656009112,0.5386480508124215,218,1400,4,20.05605537357353,dumbbell,4,0,B,pca_denoise,-0.10752102977243688,0.06854606118236191
0.622237602929101,0.8163555569599253,-0.7768838779224576,0.4867098785227703,1.1555580667716971,0.555672501075906,3.2199110139080274,3.0,0.1981043310055166,0.209777551197613,0.5752428964875327,431,1400,4,21.90370296585198,dumbbell,4,0,B,pca_denoise,0.1420077894562778,0.05671697031550317
0.8585849558004416,1.15938740577422,1.2844596604803755,1.0991756482715613,0.12098017651657995,0.8335087516138591,1.0427424117747228,3.0,0.2654325987667931,0.2104247017248944,0.5394821839816478,564,1400,4,23.736312902586512,dumbbell,4,0,B,pca_denoise,-0.29757327689279595,0.2767024096385949
0.9804518329547157,1.310836275735893,1.0402630501795718,1.242907602718073,0.4120246366957217,0.8335087516138591,0.2268522832134829,4.0,0.2320811007544526,0.1845974204382884,0.5308003252297003,1026,1400,4,25.138502510598045,dumbbell,4,0,B,pca_denoise,-0.13021653847257642,0.13256888285507823
-0.4111118245115912,1.0295446299887125,0.4073495649987028,0.8511865538353309,0.3116006789560727,0.8335087516138591,1.470907478071364,5.0,0.2392287822827452,0.1999034873654794,0.5297572717062127,693,1400,4,26.45308691767381,dumbbell,4,0,B,pca_denoise,-0.3483966316496906,-0.3588864149985193
0.8769938417571442,1.6679710184446017,1.210123986678078,0.8837918213901392,0.20244802334224526,0.8335087516138591,3.088423145152766,4.0,0.2504290443215621,0.2252080241536825,0.5526153077683287,625,1400,4,27.98331129289876,dumbbell,4,0,B,pca_denoise,0.11270470675963717,0.18283800225854274
0.7952632924251896,1.3892359223764394,1.1602518629740577,0.9292396281237746,0.27156381290391407,0.8335087516138591,1.9530403412773267,4.0,0.2390492877813945,0.1913511559621707,0.522383660151739,823,1400,4,29.13634847296726,dumbbell,4,0,B,pca_denoise,-0.23613473533886914,0.09048013587226982
0.2598862345517347,0.7878973744558757,0.18748343067488263,0.7212276611224899,0.515226782235416,0.8335087516138591,2.2651181365258526,4.0,0.2085449990659209,0.192947388459791,0.5217865081371076,246,1400,4,30.30802790209229,dumbbell,4,0,B,pca_denoise,-0.1778411944000845,0.10731947684088484
0.44641921134564816,1.540210659874236,0.11025989411487103,0.7100098237702752,0.8924335571794562,0.6945906263448826,0.4152266367351959,4.0,0.2011800770323916,0.2005509548283905,0.5420619259903264,1046,1400,4,31.207228531085526,dumbbell,4,0,B,pca_denoise,0.12697805087134184,0.18238811264686303
0.1491130287745436,0.7403826527172711,0.07113662380765,0.2712323818373622,0.17929199538957866,0.555672501075906,1.4273143865627371,5.0,0.2334637019203331,0.2111865503285259,0.527619785520211,65,1400,4,32.2553237960434,dumbbell,4,0,B,pca_denoise,-0.3458601468357241,-0.41487046969524355
0.6030902012474338,1.6599539797926564,0.8182313716896916,0.2949106196868659,0.4267732993390344,0.6945906263448826,0.49490807720709545,4.0,0.2273790148604797,0.2143827433722593,0.5509624639596695,389,1400,4,32.98510123751269,dumbbell,4,0,B,pca_denoise,-0.1566538549264353,0.07006485995862287
-0.27429782141995596,1.3762395614082068,0.48095112954726205,0.8843280444746519,0.49075529909549903,0.8335087516138591,3.185058221258806,4.0,0.2276370268921909,0.1970022482125689,0.5408503314586821,634,1400,4,33.627073289551745,dumbbell,4,0,B,pca_denoise,-0.2688176380833358,0.09975620260588391
0.9999546252059562,1.0706828605550782,-0.48112139922468994,0.8484051946381346,0.6131738014545427,0.8335087516138591,0.2305232253194258,4.0,0.2080617244190987,0.1910804285725412,0.5437803313018834,64,1400,4,34.08641987865326,dumbbell,4,0,B,pca_denoise,-0.06978022646473248,0.08217226170385773
0.5051843297455444,1.3074632646182527,0.6955291465040849,0.8622948745664339,0.23924645963953184,0.8335087516138591,1.6994021079075134,4.0,0.2426013440143443,0.2030979995215608,0.5193102923470492,599,1400,4,34.33392853912724,dumbbell,4,0,B,pca_denoise,-0.2362610058322241,0.03240907894651236
0.5788093189991108,1.6167113741081522,0.017932408373388154,0.4936261398872122,0.24304554777573834,0.8335087516138591,1.8638418188534633,3.0,0.2407743715473191,0.2139125042245217,0.5341918105326231,544,1400,4,34.429055879941174,dumbbell,4,0,B,pca_denoise,-0.1109772858493881,-0.05644579011111876
-0.9477740992388752,-1.758368053665158,-0.5855182359432267,-0.732972565136331,-0.11429885800508653,-1.111345002151812,0.498840941755749,4.0,0.2527621894327934,0.1914258055320644,0.5183697763750368,208,1400,4,-23.904740663319068,dumbbell,4,0,B,plain,-0.41055795355615554,-0.6098898929948519
-0.760996564831691,-0.29045647726767193,-0.2423027921199517,-0.7397893111858719,-0.30738960453666775,-1.111345002151812,0.16005630009146654,2.0,0.2668174993587995,0.2273003929372806,0.5306031903867442,362,1400,4,-18.815015537403607,dumbbell,4,0,B,plain,-0.41827937671747134,-0.4230436728286045
-0.2616253571539023,-0.3328126551302725,-0.8037550703455755,-0.2188060109931698,0.0742505556376857,0.277836250537953,-1.6456503555230106,3.0,0.2625892932834536,0.2056362025970001,0.5447050380727599,1088,1400,4,-7.813635606929903,dumbbell,4,0,B,plain,-0.3916144109039091,-0.2654427050760391
-0.7739124038143491,-0.6862504853266721,-0.24163312557516864,-0.41827634135613084,0.14735957176014247,-0.277836250537953,-0.6368971499673466,4.0,0.2367718530592563,0.1955499928975835,0.5301325059373706,915,1400,4,3.6191873761399993,dumbbell,4,0,B,plain,-0.35586711764998796,-0.2704708416800997
-0.6333651589349172,0.3133075828583166,-0.7173465246864794,-0.5213903314464642,0.11839529033756191,-0.1389181252689765,0.16791889069978172,3.0,0.2454308403153607,0.2297236402612204,0.5492751986791586,361,1400,4,11.714458782310004,dumbbell,4,0,B,plain,-0.1984360386466123,-0.14628033729696843
0.47884550306760015,1.5617215862928302,1.0656738152094123,0.9170186094258211,0.2814406052544967,0.8335087516138591,3.4227791165353887,3.0,0.261687368280141,0.2271130442672033,0.5696226336856851,813,1400,4,13.17250244118475,dumbbell,4,0,B,plain,0.105213853950329,0.23117012531422698
-0.3265829002239327,-0.32935797186804344,-0.07741392545419391,-0.42201021364730706,0.44522398090626286,0.41675437580692953,1.5395871204292335,4.0,0.2191250410086447,0.2295989879532468,0.5531643965410262,774,1400,4,14.669007691509492,dumbbell,4,0,B,plain,-0.026840946960633494,-0.11234827486100195
0.8911142161582969,1.4726938200607833,0.5309005962903458,0.9286173772397431,0.5224676433901726,0.8335087516138591,2.389910753582361,4.0,0.2591250117868822,0.2319984829313608,0.5725186325351355,1208,1400,4,16.82071651515401,dumbbell,4,0,B,plain,0.10094713593940208,0.19602439508335456
0.04353953755619027,1.0732090476511469,0.5284505552755153,0.6612312298602995,0.40171521690760187,0.8335087516138591,2.977428163823627,5.0,0.2370021388300817,0.2139795863243276,0.557327000044534,1283,1400,4,18.57494358669726,dumbbell,4,0,B,plain,-0.1504134124430042,-0.23926083473526516
0.4906934600787781,1.8433285043333518,0.7225688628163272,0.24477774127834775,0.42228468507414196,0.8335087516138591,2.441546999228435,4.0,0.2276112886230918,0.2390743599188685,0.5763550881392583,218,1400,4,20.05605537357353,dumbbell,4,0,B,plain,-0.057643921101448725,0.15098900228660997
0.7404531451195824,0.8517036313902167,-1.0648646451629273,-0.11288155108475845,0.8019240479503302,0.41675437580692953,1.70067460969027,4.0,0.21326243591537,0.2102534081663175,0.5820827819123368,431,1400,4,21.90370296585198,dumbbell,4,0,B,plain,-0.14653598405949386,-0.33422157474427827
0.709041008017627,1.1736922681580153,0.8996233787858928,0.6625681328545251,0.16611819703532776,0.6945906263448826,2.6434518471437216,4.0,0.2740902555445316,0.23058814642349,0.5614357224946703,564,1400,4,23.736312902586512,dumbbell,4,0,B,plain,-0.19388359651401027,0.16239139613224912
0.9396358433769153,1.255878882087338,0.5286608841698383,0.8985940729479505,0.4968890691480086,0.8335087516138591,1.4208632358527202,4.0,0.2382727022744829,0.1919404863438668,0.556376815458416,1026,1400,4,25.138502510598045,dumbbell,4,0,B,plain,-0.15458916651966143,0.17644211613676855
0.011826435376223087,1.4740906973063028,0.10731476136125463,0.5524910669873622,0.298739845131104,0.8335087516138591,2.476935582864257,3.0,0.2558382279391352,0.2090639123295331,0.5700864176161906,693,1400,4,26.45308691767381,dumbbell,4,0,B,plain,-0.05409152628952657,0.12395549842770817
1.2089918209163206,1.5667335132909497,0.7749622804401866,0.5198981857356246,0.42836824691339775,0.8335087516138591,2.993173008724452,3.0,0.2526721656817272,0.2496866797685071,0.6059026619304484,625,1400,4,27.98331129289876,dumbbell,4,0,B,plain,-0.1388394150702275,0.26115865720886483
0.769011062268165,1.6919090499164429,1.0402781321247239,0.6007102018724038,0.4223641814117939,0.8335087516138591,1.9224881734698864,4.0,0.2430696414184278,0.2116801791652033,0.5590979229945624,823,1400,4,29.13634847296726,dumbbell,4,0,B,plain,-0.15286237240496825,0.08091309556157796
-0.08733542522249214,0.7496450931177875,-0.25116642826847085,0.10701564143319744,0.29855072752784795,0.8335087516138591,0.58287903914717,4.0,0.226823895065254,0.20094684181345,0.521329710842674,246,1400,4,30.30802790209229,dumbbell,4,0,B,plain,-0.17938963844441774,-0.37411962789207565
0.5043631784960193,1.2538843077024107,-0.08632838370345518,0.20342270655037048,0.8439207079264968,0.555672501075906,-0.39591601989750264,4.0,0.2100132793884057,0.2078538258462194,0.5662773187122113,1046,1400,4,31.207228531085526,dumbbell,4,0,B,plain,0.07998496373996955,0.13147769584151955
0.28922943730340134,1.1261090941517538,0.058798635921109815,-0.2780450018841313,0.31195297325240373,0.277836250537953,1.5292385946433928,4.0,0.2373712246894469,0.2328005194118754,0.5550403832970185,65,1400,4,32.2553237960434,dumbbell,4,0,B,plain,0.10141439173056854,-0.08763818226915975
0.5242615433598691,0.5834167062686689,0.5973769391315161,-0.10580507265172742,0.34322515887755206,0.555672501075906,0.8430123446979279,4.0,0.2381137441384445,0.2163456872759284,0.5675378405462458,389,1400,4,32.98510123751269,dumbbell,4,0,B,plain,-0.16674359320507282,0.11446742737833747
-0.5219869347530605,1.0121112667960526,-0.22235437835020413,0.44301996653192843,0.5847910985021524,0.8335087516138591,2.961799260560503,6.0,0.231780168714573,0.2176412169897235,0.5666418350242612,634,1400,4,33.627073289551745,dumbbell,4,0,B,plain,-0.11229036142997728,-1.019265222429449
1.096410201079868,1.532518796883142,0.39541063689919975,0.31130351798415046,0.6789540920490487,0.6945906263448826,1.5482977016480546,4.0,0.2126714676030356,0.2128483245618109,0.5700822751336769,64,1400,4,34.08641987865326,dumbbell,4,0,B,plain,-0.08249229091848248,0.24453142054677376
0.424504980607267,1.3509208218499096,0.9819164914833032,0.38774707333325364,0.1421262023319849,0.41675437580692953,0.6098044577926734,4.0,0.257519910888706,0.2137097502211036,0.5395136484619392,599,1400,4,34.33392853912724,dumbbell,4,0,B,plain,-0.2676900170591899,0.13844400824428332
1.4057975484881051,2.0302348757763924,0.06480656832263161,0.040573613167228954,0.41540783346547566,0.555672501075906,1.0896316689681294,4.0,0.248338088878554,0.231094161825799,0.5742790686018835,544,1400,4,34.429055879941174,dumbbell,4,0,B,plain,0.03443870056466014,0.06996569158709502
-28.689084727714427,-26.142751165097973,-0.021100436543561085,0.6659309627777406,2.8229962696319273,0.5730254858642527,-1.2816442833489836,5.0,0.146461365622475,0.2674478224589579,0.5015409920857715,208,1400,4,-23.904740663319068,dumbbell,4,0,C05,diffdist_t4,0.4663308467863676,0.3243420910298838
-26.82736226520001,-39.05548306533699,-0.176674415966189,-0.03966399270137239,2.426761873448824,0.0,-1.5575779419585043,5.0,0.1761941216086964,0.2657508115069136,0.5393133231699158,362,1400,4,-18.815015537403607,dumbbell,4,0,C05,diffdist_t4,0.4618978378079266,-0.05959603457746184
-22.816891409608907,-22.768488383209604,-0.11865728114227231,0.13483836480565495,2.6062597081679675,-0.42976911439818954,1.0568605903196733,5.0,0.1689873655325656,0.287391534181884,0.5277562614633379,1088,1400,4,-7.813635606929903,dumbbell,4,0,C05,diffdist_t4,0.44026380143202815,-0.3573853764270718
-30.721587650486402,-16.846526941376553,0.009627541124194349,-0.16904833209297365,2.91299959627201,-0.5730254858642527,0.3321785155348573,5.0,0.1618519070966866,0.2631170154031599,0.5562022602849114,915,1400,4,3.6191873761399993,dumbbell,4,0,C05,diffdist_t4,0.4880232910752368,0.24757118530619168
-18.45775379029408,-16.69997698712555,-0.12736164871889027,1.6040130894751967,1.5651553445506738,0.8595382287963791,5.241219675239196,5.0,0.174829303761497,0.2318503580756617,0.4730993656206762,361,1400,4,11.714458782310004,dumbbell,4,0,C05,diffdist_t4,0.07854964933652453,-0.49157510867429954
-27.00429304728497,-30.35111373106501,-0.050273010651798324,3.211917661762106,-0.11748115976397219,0.8595382287963791,7.281069855338785,5.0,0.212735140291562,0.2114715305660213,0.3932844083808841,813,1400,4,13.17250244118475,dumbbell,4,0,C05,diffdist_t4,-0.44921800687731783,-0.9362118658469711
-23.28888357724833,-24.055403238807294,-0.02815234080920329,0.32811888235260095,3.521915546269303,-0.14325637146606318,1.7377106058907366,5.0,0.1553150029199203,0.2897350984295851,0.5540698320560807,774,1400,4,14.669007691509492,dumbbell,4,0,C05,diffdist_t4,0.4878646247026015,-0.061207062077623824
-20.95264320087238,-16.100723023786948,0.18752283245020276,2.67020206828397,0.18705941191284906,0.8595382287963791,5.73018284143183,5.0,0.2033830097019262,0.2261659688040015,0.4318574357882644,1208,1400,4,16.82071651515401,dumbbell,4,0,C05,diffdist_t4,-0.30116832856182557,-0.806725618200447
-30.678384910469404,-23.77764951976642,0.45796485491932615,2.6742753580097434,0.43002142597390103,0.8595382287963791,6.821561152009182,5.0,0.2016316953963992,0.2044084511458105,0.4272203298921846,1283,1400,4,18.57494358669726,dumbbell,4,0,C05,diffdist_t4,-0.3547332339556427,-0.8019637815971361
-20.168849227459358,-17.102106047803748,0.7201941040440119,2.191530938178847,0.1299220805604769,0.8595382287963791,6.558725253631703,5.0,0.2187540859063739,0.2197675148913071,0.4410065779859895,218,1400,4,20.05605537357353,dumbbell,4,0,C05,diffdist_t4,-0.4356399109994506,-0.6813190338161391
-10.509000944999148,-16.09807901187879,0.040757440215137095,1.53630689463847,1.3598482063516537,0.8595382287963791,5.167645005375658,5.0,0.1993012763547652,0.2409110792496716,0.4807241938574895,431,1400,4,21.90370296585198,dumbbell,4,0,C05,diffdist_t4,0.010889581603318432,-0.6758821618269617
-20.45115487172266,-24.285768361644838,0.5215122911857746,3.4196607148668714,0.4580547961051209,0.8595382287963791,7.834917039658316,5.0,0.1834631531184275,0.2029402860134405,0.4199156621163283,564,1400,4,23.736312902586512,dumbbell,4,0,C05,diffdist_t4,-0.2318328715607889,-0.6642098503068272
-21.805497474885854,-17.47847822540006,0.7519684341341774,3.070691005061473,0.618094349971439,0.8595382287963791,6.764144731823876,5.0,0.1906752805150612,0.2126203298140473,0.4515737102859113,1026,1400,4,25.138502510598045,dumbbell,4,0,C05,diffdist_t4,-0.32780447773599547,-0.711973142993083
-13.29241547483605,-14.781564615847142,0.3425445935787541,2.1464921377320394,0.5678859302000381,0.8595382287963791,5.428965648886359,5.0,0.2103896751317211,0.2348057506302241,0.4556368776319093,693,1400,4,26.45308691767381,dumbbell,4,0,C05,diffdist_t4,-0.29517032468129273,-0.7500737039825797
-17.375208738923053,-15.042185916939376,0.23993345210651376,2.6969775115933916,-0.07452743359338224,0.8595382287963791,5.864870910010165,5.0,0.2208979834521793,0.2261874496676047,0.4367295967458864,625,1400,4,27.98331129289876,dumbbell,4,0,C05,diffdist_t4,-0.431431830472916,-0.7764651843763741
-20.886671538143815,-21.837269360247667,0.43395724000575503,2.332584449349271,0.6942962609371132,0.8595382287963791,7.035523394085101,5.0,0.207443431412523,0.2362321994642006,0.4786654228803573,823,1400,4,29.13634847296726,dumbbell,4,0,C05,diffdist_t4,-0.26204101312229433,-0.6649514081376171
-22.338725617065442,-33.27240777297968,0.1014724691775454,2.1940148698900526,0.4556050995036411,0.8595382287963791,4.672959782104627,5.0,0.2111602371801803,0.2150364334874164,0.408190918523595,246,1400,4,30.30802790209229,dumbbell,4,0,C05,diffdist_t4,-0.330169652576365,-0.8032499944279704
-30.831631918871565,-24.035080267928745,0.28951641422179364,1.7381364439525455,2.0180061662063706,0.8595382287963791,4.374091542944527,5.0,0.2025308963339233,0.2383457570778582,0.5090066091141863,1046,1400,4,31.207228531085526,dumbbell,4,0,C05,diffdist_t4,0.424652741068126,-0.18619551664852035
-17.47551054418777,-19.04758386195734,-0.3346215564060512,-0.16649611624627766,2.681085391555132,-0.14325637146606318,-0.6433608392948637,5.0,0.1626180672126533,0.288210596719014,0.5112905898530085,65,1400,4,32.2553237960434,dumbbell,4,0,C05,diffdist_t4,0.45633742771898134,-0.5996018894782672
-15.005306369857193,-16.97955056320064,0.26320173691097565,1.240351843803088,1.8398080060469406,0.8595382287963791,2.676998411278693,5.0,0.1798803591749385,0.2818554425298791,0.5090553946308257,389,1400,4,32.98510123751269,dumbbell,4,0,C05,diffdist_t4,0.42247795774403396,0.008429553396099645
-17.79492734508569,-16.939893754558742,0.215617281542326,2.2472354946900666,0.5360398743808008,0.8595382287963791,6.052899358826306,5.0,0.2142984742362492,0.2375885902417149,0.457705567008722,634,1400,4,33.627073289551745,dumbbell,4,0,C05,diffdist_t4,-0.2909819920825091,-0.6870931330150172
-27.308625940761484,-29.825205668123395,0.22718350817299487,0.02399544518134074,2.620606779946277,-0.5730254858642527,-0.1446923872173923,5.0,0.1771187765763816,0.2713813480135929,0.5219911609307423,64,1400,4,34.08641987865326,dumbbell,4,0,C05,diffdist_t4,0.4311240695883316,-0.3523404632090327
-31.101018940779536,-21.659367280672896,-0.1501719654702491,-0.22528332931579834,4.031943414753289,-0.5730254858642527,-1.8248347877162119,5.0,0.1358000764503447,0.3276301139986954,0.5527699706586858,599,1400,4,34.33392853912724,dumbbell,4,0,C05,diffdist_t4,0.4807887922987897,0.02972937776677674
-14.981978359817358,-18.823576104990504,-0.09807102571804045,1.2237028287325926,1.6081838969802376,0.8595382287963791,3.3652072947312424,5.0,0.1899868929498043,0.2687025811728391,0.4883156730318698,544,1400,4,34.429055879941174,dumbbell,4,0,C05,diffdist_t4,0.3707385033209257,-0.5107492298156353
-453.8882842833573,-318.9350058157796,-0.19439550175922696,10.887794334182258,-0.5007923989134826,0.8563488366221196,-0.13261826350870273,5.0,0.1173898052784857,0.0974128485172863,0.2133101337249682,208,1400,4,-23.904740663319068,dumbbell,4,0,C05,diffdist_t8,-0.44516117754224277,-0.36964877713877403
-496.52061803834926,-204.07567570746957,0.011906917188040872,13.056549431155219,0.08708491254246044,0.8563488366221196,0.09157345646438715,5.0,0.1205213126230386,0.0960267119570373,0.245040600322967,362,1400,4,-18.815015537403607,dumbbell,4,0,C05,diffdist_t8,-0.2732624985379222,-0.04375958662224332
-473.7470323067761,-234.34364502388803,-0.051525184413472536,12.760457626543085,-0.26463625406359975,0.8563488366221196,-0.2922640535753119,5.0,0.1348739148295304,0.1063082142913045,0.234143467880189,1088,1400,4,-7.813635606929903,dumbbell,4,0,C05,diffdist_t8,-0.35766858484835584,-0.3434333475053745
-377.6649178228841,-154.62377606877038,-0.15799830587504396,12.417946924951968,0.7285857412676894,0.8563488366221196,-0.549494787517308,5.0,0.1151013836654781,0.1036995199706089,0.2872976587252018,915,1400,4,3.6191873761399993,dumbbell,4,0,C05,diffdist_t8,-0.23311928353679068,-0.15362322442081702
-970.2771816614163,-566.9331974905191,-0.046162995509686916,9.689419240927807,-2.026106190774216,0.713624030518433,0.518500147269597,5.0,0.1283212029082671,0.0888981002164785,0.1826131552857126,361,1400,4,11.714458782310004,dumbbell,4,0,C05,diffdist_t8,-0.45319464872520865,-1.065279230219357
-860.0739278489419,-390.10992136415246,-0.03168827195392592,17.60311998983199,-1.6423448164253036,0.8563488366221196,2.074105210878568,5.0,0.1096403883645814,0.0709825294149677,0.1509071728152375,813,1400,4,13.17250244118475,dumbbell,4,0,C05,diffdist_t8,-0.47203920466945937,-1.0329089904802728
-449.9588135523065,-275.33741600239716,-0.015160154948846757,11.382380390562796,-0.2518340229614988,0.8563488366221196,0.23271320078620575,5.0,0.1251200401720003,0.106644252996151,0.228332901548284,774,1400,4,14.669007691509492,dumbbell,4,0,C05,diffdist_t8,-0.35766858484835584,-0.3022299779974302
-872.9166872326065,-519.4331948391477,-0.1267765994574297,13.808639855241955,-2.290781148941604,0.5708992244147464,0.5430361613679975,5.0,0.1295035289917937,0.0819239602664722,0.1640284526973388,1208,1400,4,16.82071651515401,dumbbell,4,0,C05,diffdist_t8,-0.4673363665876713,-1.1307633987493286
-510.0730904691686,-347.7487961884581,0.11807747468085456,17.428237502435124,-0.30379394278726357,0.8563488366221196,2.8297184669531408,5.0,0.0975117306972095,0.0674796422085164,0.2261251573775569,1283,1400,4,18.57494358669726,dumbbell,4,0,C05,diffdist_t8,-0.44574669095340574,-0.6577177647870984
-656.8291596292605,-562.4557447144545,-0.10892538359262224,11.724516498091923,-2.6948098932881566,0.8563488366221196,1.695315922857962,5.0,0.1295455555823284,0.0818391412373986,0.1478204733879212,218,1400,4,20.05605537357353,dumbbell,4,0,C05,diffdist_t8,-0.46711155621052275,-1.2260883208210822
-470.5034448007719,-601.100110037471,-0.10551741665255049,9.738972425685969,-2.1273669905935706,0.8563488366221196,0.08051391522787317,5.0,0.1318188849259844,0.0830446587203627,0.1725991987658393,431,1400,4,21.90370296585198,dumbbell,4,0,C05,diffdist_t8,-0.45963647626311066,-1.087365742731707
-447.5986217512535,-293.93778413360087,-0.06799109219130264,21.091480838565293,-0.26946272370790514,0.8563488366221196,1.7600074328095827,5.0,0.0938263076126443,0.0591431998619621,0.1947143088656214,564,1400,4,23.736312902586512,dumbbell,4,0,C05,diffdist_t8,-0.4288711889331071,-0.6218033194018916
-375.9511807429594,-344.49016755881007,0.04541505907149473,18.056685575225238,-1.4664964554708382,0.8563488366221196,2.177160846373847,5.0,0.1167488106570833,0.0712022058893106,0.1776706647273266,1026,1400,4,25.138502510598045,dumbbell,4,0,C05,diffdist_t8,-0.46929453977678354,-1.0250444570312762
-561.9873953574922,-557.4248533535124,0.14079035147915508,10.683559691539534,-2.864337941995971,0.2854496122073732,0.22504310933519261,5.0,0.136588928252907,0.084695482405485,0.1687189392719262,693,1400,4,26.45308691767381,dumbbell,4,0,C05,diffdist_t8,-0.4565333587942133,-1.2268378351911615
-587.4821625177614,-563.1902700661003,-0.1758009841567267,14.016334115669855,-2.1566123546313074,0.713624030518433,1.0544569023150028,5.0,0.1244098805433299,0.0813296424705293,0.1499600670405032,625,1400,4,27.98331129289876,dumbbell,4,0,C05,diffdist_t8,-0.4689024806024122,-1.2145703227778621
-751.7672304526686,-512.1821593535522,0.07548359610582894,12.569652214109803,-2.536920236491343,0.8563488366221196,0.5172011932379744,5.0,0.1339771362768696,0.0803297367341926,0.1602910998755438,823,1400,4,29.13634847296726,dumbbell,4,0,C05,diffdist_t8,-0.4633827283023937,-1.142420923100619
-781.6077388759091,-508.63462337812575,0.09870152579697318,11.538560757749362,-2.687980316517979,0.713624030518433,0.9171796169467068,5.0,0.1247602818835694,0.0740880095922127,0.1561225569020607,246,1400,4,30.30802790209229,dumbbell,4,0,C05,diffdist_t8,-0.4633827283023937,-1.2283021998849593
-666.7073927888061,-510.37202467742645,0.11789163484769993,9.795658377643413,-1.7942686090838438,0.8563488366221196,0.14347691135250462,5.0,0.1232164312230547,0.091257224281647,0.1952374518503125,1046,1400,4,31.207228531085526,dumbbell,4,0,C05,diffdist_t8,-0.4452565870306916,-1.0419097511973903
-477.74473188228325,-197.34458568165243,-0.35704893191498394,12.16470245490266,0.5801928493056048,0.8563488366221196,-0.6013568537740364,5.0,0.1152562905403624,0.0981373331430356,0.2679627463679677,65,1400,4,32.2553237960434,dumbbell,4,0,C05,diffdist_t8,-0.2583311998858224,-0.23537009608954879
-684.3532315096793,-494.80167777223744,-0.010134569866709152,9.710873266227045,-1.6047787490925025,0.713624030518433,-0.4760370878950968,5.0,0.1297142097844836,0.0982464940888903,0.1995565425330234,389,1400,4,32.98510123751269,dumbbell,4,0,C05,diffdist_t8,-0.4299690037559529,-1.0712543827827095
-803.572287108804,-535.4838338783863,-0.10478691760299069,12.111506738414196,-1.821150985732413,0.8563488366221196,1.4861605815056582,5.0,0.1228337816802238,0.0771597729068226,0.1803865968867672,634,1400,4,33.627073289551745,dumbbell,4,0,C05,diffdist_t8,-0.44749790221571206,-0.9426447848258485
-434.97298507530894,-215.95403852571087,-0.14683893025893374,12.822338492136526,-0.16859439708134866,0.8563488366221196,0.28192300046656416,5.0,0.128784717145066,0.1027052799424754,0.236961504685092,64,1400,4,34.08641987865326,dumbbell,4,0,C05,diffdist_t8,-0.3778606802926309,-0.24615186297371464
-398.66479642580254,-195.76531738810223,-0.012076678639222103,13.11252168403526,0.38566059151198534,0.8563488366221196,0.0396113787939677,5.0,0.1276901983878371,0.1075038262403195,0.2617390718116822,599,1400,4,34.33392853912724,dumbbell,4,0,C05,diffdist_t8,-0.10138715167819196,-0.21276376144007392
-681.6483138746295,-445.99333072980176,-0.06622457851635698,9.885983543503079,-1.1117903197375456,0.713624030518433,-0.21602816306698103,5.0,0.1221450726691319,0.0950423231615166,0.2127362956301802,544,1400,4,34.429055879941174,dumbbell,4,0,C05,diffdist_t8,-0.3845836385383659,-0.6553785076581182
-1.6527402744004085,-4.185269179927562,-0.05852465055120213,-2.4723080464464338,1.2110000749328946,0.6011297082953833,3.3990305277586708,2.0,0.2228867939912465,0.186917838445399,0.5432973286070681,208,1400,4,-23.904740663319068,dumbbell,4,0,C05,fb_potential,0.2438772022573069,-0.23107043055247978
-0.28096124672531003,0.3099112041831527,-1.8361252621609112,-3.2598757875669735,0.3710660229000261,-3.5209025771586733,1.3318936106638075,4.0,0.2547365849069233,0.2377133825638315,0.5928949631832786,362,1400,4,-18.815015537403607,dumbbell,4,0,C05,fb_potential,-0.18483938259258986,-0.6652520975888887
-1.5960044601793975,-1.6882246919755655,-3.094866273298625,-2.814089969700487,0.6276246309625263,-0.4293783630681309,4.921532506594754,3.0,0.262174731541825,0.235212707419379,0.5938787288341535,1088,1400,4,-7.813635606929903,dumbbell,4,0,C05,fb_potential,-0.09584537341603039,-0.5710301888763026
-1.3613728414190966,-1.3724851099469662,-0.6387725912455375,-2.873919927139776,0.6188663446567082,-5.066664684203945,3.3012591430042812,4.0,0.2560961488648552,0.2130351252211003,0.5711575977648318,915,1400,4,3.6191873761399993,dumbbell,4,0,C05,fb_potential,-0.11150227231719784,-0.3188440095313847
-0.3878640288438253,-1.9713397925975462,1.1493920479546915,-2.4551369528102205,0.9179825009701466,0.6011297082953833,1.307292308958565,4.0,0.2413164239324299,0.1912109811656199,0.544098025316555,361,1400,4,11.714458782310004,dumbbell,4,0,C05,fb_potential,0.06704480414357716,-0.16644967969825042
-0.7330534920145829,-1.6929970535276444,1.4068905296243377,-2.013650473273921,0.8226810125164388,0.6011297082953833,3.6129657240791713,3.0,0.2518284816437184,0.2063573917382638,0.5420871046962885,813,1400,4,13.17250244118475,dumbbell,4,0,C05,fb_potential,-0.11377427013917751,0.09245459765575662
-1.8977835845121434,-1.1344163742493376,-0.42756877388364234,-2.9719490613922894,0.9209735254351432,-0.9446323987498879,3.1093953267472108,1.0,0.2398475742383934,0.2188443366245278,0.5740415598202508,774,1400,4,14.669007691509492,dumbbell,4,0,C05,fb_potential,0.20782655833423047,-0.3249076379875959
-1.9196741977697622,-0.691349232904498,0.3779442884235638,-2.043495342922589,1.0789174399452046,0.6011297082953833,2.117206673256327,3.0,0.2347949252093417,0.1882482982392222,0.5619878249607276,1208,1400,4,16.82071651515401,dumbbell,4,0,C05,fb_potential,0.0897102971122411,-0.08393478333646905
-3.284161445221312,-0.38065405595157864,-0.12630692233684354,-2.4293627078440063,0.24071996437787793,0.6011297082953833,5.836554220833513,5.0,0.2409518308663646,0.1880443666905054,0.5259822754020769,1283,1400,4,18.57494358669726,dumbbell,4,0,C05,fb_potential,-0.34141159569486945,-1.0933292265765595
-0.5627983793146956,-4.994617001774587,0.2530245985040282,-2.6980422932248165,-0.1652070694115541,0.6011297082953833,-0.4789429647831372,4.0,0.2615889420109233,0.1928052452133234,0.5265464766778559,218,1400,4,20.05605537357353,dumbbell,4,0,C05,fb_potential,-0.4129620822872808,-0.19672439147515666
-0.5281882264198632,0.2978062739925065,-0.245085883342953,-2.5272098579019864,1.1353036207875404,-0.4293783630681309,4.994024233477122,4.0,0.2349063084357558,0.1954621184010596,0.5561398486958234,431,1400,4,21.90370296585198,dumbbell,4,0,C05,fb_potential,0.01661656362709729,-0.5884290644590535
-0.14988303076400616,0.8901313355122793,0.6519277160068254,-1.8300825971047685,0.8817383221590663,0.6011297082953833,2.6384359227004865,4.0,0.2308353842167538,0.190589114311901,0.5224299829615033,564,1400,4,23.736312902586512,dumbbell,4,0,C05,fb_potential,-0.12362728739326778,0.03938712683939711
0.9781238441763814,3.262230753766569,-0.7870766687824077,-0.681343213136203,3.240813471464676,0.6011297082953833,4.3360224039259,2.0,0.199155893728485,0.1736719395811885,0.5673313150030717,1026,1400,4,25.138502510598045,dumbbell,4,0,C05,fb_potential,0.18611698607354088,0.13176417235263746
-1.3193191643540172,0.1401464456371697,0.9758489522823145,-2.522951712652973,1.218586172124472,0.6011297082953833,1.9964088695206732,4.0,0.2153693932174198,0.2020305290187919,0.5467117018714844,693,1400,4,26.45308691767381,dumbbell,4,0,C05,fb_potential,0.03520495670964563,-0.09932715738081511
-0.3821090508140487,-0.57008439983608,1.1558577699559716,-1.8328594327580123,1.0808459538095694,0.08587567261362622,3.1042507131674135,4.0,0.240492367034858,0.2026676881111322,0.5534438077583079,625,1400,4,27.98331129289876,dumbbell,4,0,C05,fb_potential,0.11569448995238396,0.08741236308773026
1.1887983170079908,1.1973142376079502,-0.4433819186082596,-2.3007453911081774,0.8162648194700728,0.6011297082953833,3.9070644986436216,4.0,0.2423992484139662,0.1887783941443303,0.5465166163485452,823,1400,4,29.13634847296726,dumbbell,4,0,C05,fb_potential,-0.10871170890303239,-0.5525510901505266
-1.3388283934954477,-0.7840626387062142,0.10025720937617073,-2.3631533720201694,0.9023693075635097,0.6011297082953833,1.5525280989030374,1.0,0.2374665648370822,0.1835892278388179,0.5345990402184649,246,1400,4,30.30802790209229,dumbbell,4,0,C05,fb_potential,0.13711600375817334,-0.25946554353853785
1.0188007877910383,0.7168515628465547,0.9632751448621152,-2.5296291790024843,0.029787617978455236,0.6011297082953833,1.419374755313499,4.0,0.260453275549689,0.1907190019973275,0.5398521781796991,1046,1400,4,31.207228531085526,dumbbell,4,0,C05,fb_potential,-0.2527181203907356,-0.022705256743968085
-3.3098348155827098,-3.7801752857912474,-3.0189783842269455,-3.375891712762965,-0.06585204589222642,-4.551410648522188,2.21997596630035,2.0,0.2553249355550313,0.2447617207345396,0.5751929270050652,65,1400,4,32.2553237960434,dumbbell,4,0,C05,fb_potential,-0.2809945552073333,-0.620470835408162
0.20534166850790772,-1.0676252079177728,0.5109522487975273,-2.6456799697044118,0.214570778757272,0.6011297082953833,4.704347094443419,4.0,0.2515800443341257,0.1995456015519117,0.5489282356612097,389,1400,4,32.98510123751269,dumbbell,4,0,C05,fb_potential,-0.07333930981655407,-0.23059665326730516
0.29995339330737547,-1.4993974825126986,-0.3409856470015219,-2.0462303324726516,0.5903316513650159,0.08587567261362622,-0.41417222952101296,3.0,0.2600375151985928,0.2160591873045761,0.5556439632626826,634,1400,4,33.627073289551745,dumbbell,4,0,C05,fb_potential,-0.025873555732432718,-0.36940828784154534
-1.186081444329416,-4.099094084458174,-0.16988625704274593,-2.8619797845707784,0.6033696846707811,-1.975140470113402,2.9920451848924516,4.0,0.2544463793185579,0.2089261024552311,0.5667408559200836,64,1400,4,34.08641987865326,dumbbell,4,0,C05,fb_potential,-0.1105160991266102,-0.392250733790125
-1.993605283494396,-3.9753270715444193,-1.9822316705890155,-2.4693127492401303,1.9602848354644804,-4.03615661284043,2.4906293842670966,4.0,0.2319017565606774,0.2068301724030866,0.5842974494210084,599,1400,4,34.33392853912724,dumbbell,4,0,C05,fb_potential,0.28689310177993854,-0.34322307182622647
-1.3999522056221023,-1.5138176490802757,0.5800556506949289,-3.0227802115092333,0.06612091058185042,-0.9446323987498879,2.65781570977104,4.0,0.2687119082546143,0.2136193833276027,0.564941644344465,544,1400,4,34.429055879941174,dumbbell,4,0,C05,fb_potential,-0.3095620465842194,-0.154029595017873
-0.7152424266637978,-1.453091457215688,-0.7102142968300856,-0.45339328723660166,0.7478077891331538,0.5383167699508432,-0.20388433535645098,4.0,0.0,0.8666414102748393,0.9102219019824458,208,1400,4,-23.904740663319068,dumbbell,4,0,C05,heatgeo_4t,0.4914897223342989,1.8172652509094
1.2686456354758138,1.1456365761909069,-0.7623896090545937,-0.6012384821662499,0.7478077891331538,0.5383167699508432,-0.3083982219548134,5.0,0.0,0.8768769797836832,0.9114055273329782,362,1400,4,-18.815015537403607,dumbbell,4,0,C05,heatgeo_4t,0.48967232286144935,1.7838406821791555
1.7106328625014382,1.0649384809883533,-0.7115850663979224,-0.5184236709325442,0.7478077891331538,0.5383167699508432,-0.14953022778441807,5.0,0.0,0.8717966660094066,0.9093293906548112,1088,1400,4,-7.813635606929903,dumbbell,4,0,C05,heatgeo_4t,0.49154918812599446,1.8879464528222745
0.4261488919126572,-0.204085283591627,-0.7521255043472904,-0.3834127578489881,0.6826974766577735,0.5383167699508432,-0.40116300051338,4.0,3.629844480471816e-08,0.8666777456095286,0.9099611697108236,915,1400,4,3.6191873761399993,dumbbell,4,0,C05,heatgeo_4t,0.48967232286144935,1.8710002257678238
-0.8959730413103797,-1.4559760679292688,-0.6213910839306093,-0.1656137690602406,0.5695853353279184,0.5383167699508432,-0.38356191123821726,5.0,9.347524308889165e-08,0.8600451108586402,0.9110600261951828,361,1400,4,11.714458782310004,dumbbell,4,0,C05,heatgeo_4t,0.4914897223342989,1.8738442651329652
0.731692030192048,-0.10141716059500673,-0.4337859158359435,-0.12609187746816586,0.5484053145508173,0.5383167699508432,-0.42486979122672697,4.0,1.0661514964929138e-07,0.8621049335058881,0.9080884303130268,813,1400,4,13.17250244118475,dumbbell,4,0,C05,heatgeo_4t,0.4944745003834262,1.831348362399578
0.16445807519716835,-0.540386765796869,-0.6825597230281291,-0.276194485900033,0.5880667722548585,0.5383167699508432,-0.31143149907053597,5.0,8.34737808950296e-08,0.8622695514907736,0.9089836000364944,774,1400,4,14.669007691509492,dumbbell,4,0,C05,heatgeo_4t,0.49236142113667136,1.8665082209174844
-0.6085280665135755,-1.3537960602679249,-0.6588612378778435,0.1769659314380569,0.7164384207191581,0.5383167699508432,-0.48379223049701936,5.0,1.7465743649661178e-08,0.8594665420384019,0.9029424155985244,1208,1400,4,16.82071651515401,dumbbell,4,0,C05,heatgeo_4t,0.4914897223342989,1.8605454476903687
-0.6132414496915605,-1.0341762529991763,-0.6459363055029663,0.6433056077774496,0.7087932155773488,0.5383167699508432,-0.7498688492307476,5.0,2.188320306090503e-08,0.8619412394896924,0.9038935805363628,1283,1400,4,18.57494358669726,dumbbell,4,0,C05,heatgeo_4t,0.49154391372804285,1.922735321178803
-0.15327208825499533,-0.49332398148824474,-0.6006794201292545,-0.028624045616993762,0.5976206089146455,0.5383167699508432,-0.11656280751987817,5.0,7.795014864033924e-08,0.8533615793634526,0.9082890008341628,218,1400,4,20.05605537357353,dumbbell,4,0,C05,heatgeo_4t,0.49379500018089617,1.851266819457093
-0.564200042529228,-1.156344045542158,-0.5133003107104187,-0.047759117626481426,0.4933622466421388,0.5383167699508432,-0.2132310466686993,4.0,1.369620356936991e-07,0.8593358944600319,0.9114108264615866,431,1400,4,21.90370296585198,dumbbell,4,0,C05,heatgeo_4t,0.4914897223342989,1.8605454476903687
-0.5643182746643609,-0.9870979347660906,-0.5498696623102146,0.8913499457987271,0.5431562694578923,0.5383167699508432,-0.5229168118344086,4.0,1.0876324751663605e-07,0.8604184341137077,0.9051355009440604,564,1400,4,23.736312902586512,dumbbell,4,0,C05,heatgeo_4t,0.49154391372804285,1.922735321178803
0.47999876232477606,-0.19009265369457934,-0.2864311742596258,0.7629925274098011,0.23553971744367555,0.5383167699508432,-0.5802944097204793,4.0,2.714684217568758e-07,0.8500127468730508,0.9032892258314594,1026,1400,4,25.138502510598045,dumbbell,4,0,C05,heatgeo_4t,0.4953028487640594,1.7872023622739441
-0.022954926272082576,-1.3935995505992331,-0.41182350634190257,0.09750004093376188,0.4324349780151616,0.5383167699508432,-0.2744800086448755,5.0,1.6544191721981037e-07,0.8550842160384996,0.9040051747436706,693,1400,4,26.45308691767381,dumbbell,4,0,C05,heatgeo_4t,0.4968441754426396,1.9041865353684135
-0.12928350409079797,-0.884133320349987,-0.5053536934642152,0.4660547825306432,0.44979115105355727,0.5383167699508432,-0.3655978684253038,4.0,1.5537108183460065e-07,0.8533549572010397,0.906730199416106,625,1400,4,27.98331129289876,dumbbell,4,0,C05,heatgeo_4t,0.49416632159473184,1.869246083953165
-1.008508756628122,-1.2131851242956266,-0.168632283961581,0.534575092688835,0.10793236702357638,0.5383167699508432,-0.43485159230421905,5.0,3.426142617751772e-07,0.8479845008293402,0.911160298268171,823,1400,4,29.13634847296726,dumbbell,4,0,C05,heatgeo_4t,0.49400955939302704,1.707851425858711
-0.7494060244096923,-2.5634594534912667,-0.7147903734089173,-0.10099666028043658,0.7478077891331538,0.5383167699508432,-0.2128504137472599,5.0,0.0,0.8691720511940246,0.9077388777497278,246,1400,4,30.30802790209229,dumbbell,4,0,C05,heatgeo_4t,0.4914897223342989,1.8605454476903687
-0.24555436628968202,-1.2061234024534846,-0.23613678573018307,0.09747231263007135,0.35392116881277735,0.5383167699508432,-0.3123999714996226,4.0,2.105316930590128e-07,0.8535631350727088,0.9065757800600692,1046,1400,4,31.207228531085526,dumbbell,4,0,C05,heatgeo_4t,0.495896914976915,1.6922136438984638
1.1380539229462694,1.035284984362193,-0.7974374570035634,-0.6374338546531286,0.7478077891331538,0.5383167699508432,-0.4317668555538313,5.0,0.0,0.8796315280046463,0.9114684555822684,65,1400,4,32.2553237960434,dumbbell,4,0,C05,heatgeo_4t,0.49235796816638533,1.3049261575320836
0.1913629642646233,-0.11186845911030177,-0.6395645567991644,-0.05965653010414419,0.5953298373142337,0.5383167699508432,-0.17419612506287382,4.0,7.930708321346046e-08,0.8576473069244255,0.9091467590418836,389,1400,4,32.98510123751269,dumbbell,4,0,C05,heatgeo_4t,0.48967232286144935,1.8823235549459527
-0.6511092858372944,-0.9377239763764954,-0.5421612700822757,-0.007267268070032147,0.61243752849758,0.5383167699508432,-0.4823141077393369,4.0,7.01122184984659e-08,0.8584915843179194,0.9073497193131892,634,1400,4,33.627073289551745,dumbbell,4,0,C05,heatgeo_4t,0.4914897223342989,1.851266819457093
-0.9055422966981496,-1.0209130328191915,-0.7625363983625366,-0.3923386148719612,0.681526835023281,0.5383167699508432,-0.2204564424071641,5.0,3.697230285033875e-08,0.8642630762058592,0.9110599737175472,64,1400,4,34.08641987865326,dumbbell,4,0,C05,heatgeo_4t,0.4914897223342989,1.8447301136619008
-0.1107458168333157,0.7676684462413028,-0.7546890233667337,-0.3604107801134465,0.7152197041136967,0.5383167699508432,-0.4358221694218401,5.0,1.8167544650096048e-08,0.8629299388632531,0.9105828694346771,599,1400,4,34.33392853912724,dumbbell,4,0,C05,heatgeo_4t,0.48773362302188883,1.8534307499246976
0.24593931440334338,-0.5510929395758354,-0.5730770770217257,-0.13093773749584398,0.5152397452894144,0.5383167699508432,-0.2233625963354112,4.0,1.2431016176806034e-07,0.8598162749865723,0.9094495823245106,544,1400,4,34.429055879941174,dumbbell,4,0,C05,heatgeo_4t,0.49236142113667136,1.8823235549459527
-0.7362851716051148,-1.4767589791326747,-0.6856931158532024,-0.4657590543854159,0.6399485494247773,-999999999.9999999,-0.08738291959314849,4.0,0.0,0.8793021661706006,0.9185269590309534,208,1400,4,-23.904740663319068,dumbbell,4,0,C05,heatgeo_t,0.49711170733355947,1.7967581036370501
1.3085529566632172,1.1790537369224883,-0.7100328201028745,-0.6039009603720512,0.6399485494247773,-999999999.9999999,-0.11427339506575111,5.0,0.0,0.8884932900348165,0.9195990809414364,362,1400,4,-18.815015537403607,dumbbell,4,0,C05,heatgeo_t,0.49774588378448825,1.7776086622354872
1.7633390451323552,1.0922845874450113,-0.6671447051135592,-0.5269299357981697,0.6399485494247773,-999999999.9999999,-0.04294668647691072,5.0,0.0,0.8839311460825879,0.9177260993301958,1088,1400,4,-7.813635606929903,dumbbell,4,0,C05,heatgeo_t,0.498017990925529,1.8674393055499243
0.4424610953470552,-0.20193118903201926,-0.7269863078514726,-0.3990775028341136,0.6399485494247773,-999999999.9999999,-0.1563204126551379,4.0,0.0,0.8793349006473224,0.9182927191123412,915,1400,4,3.6191873761399993,dumbbell,4,0,C05,heatgeo_t,0.4974575549309881,1.8504930784954747
-0.9259128819836382,-1.4900563922429335,-0.7132290808906687,-0.1840772522549715,0.6399485494247773,-999999999.9999999,-0.15069783316152724,5.0,0.0,0.8733877434666482,0.9192892041786808,361,1400,4,11.714458782310004,dumbbell,4,0,C05,heatgeo_t,0.49741098737610345,1.8312830640764006
0.7223790598071204,-0.1475126887860456,-0.5252953156812484,-0.16587163415134928,0.5639979235317698,-999999999.9999999,-0.1613096917900557,4.0,2.1414363038740027e-08,0.8752406379893478,0.9166152143005416,813,1400,4,13.17250244118475,dumbbell,4,0,C05,heatgeo_t,0.4974575549309881,1.7878852426216096
0.17864906035622724,-0.5439327614643835,-0.7239943420992957,-0.2994527100235418,0.6399485494247773,-999999999.9999999,-0.11724514322682188,5.0,0.0,0.8753810706213818,0.917407593877541,774,1400,4,14.669007691509492,dumbbell,4,0,C05,heatgeo_t,0.49809608888173407,1.8460010736451353
-0.6462741835000393,-1.4147965761953802,-0.680644675129095,0.1426896518588007,0.6399485494247773,-999999999.9999999,-0.2069142306677845,5.0,0.0,0.8728704495989154,0.9119706113287984,1208,1400,4,16.82071651515401,dumbbell,4,0,C05,heatgeo_t,0.49741098737610345,1.8179842466338039
-0.6436488887244681,-1.088424458096581,-0.6713162022569271,0.6694677018256107,0.6399485494247773,-999999999.9999999,-0.320227143593079,5.0,0.0,0.8750926034125714,0.9128295757681212,1283,1400,4,18.57494358669726,dumbbell,4,0,C05,heatgeo_t,0.497427571409919,1.8194798184572647
-0.1818670646286626,-0.5343202678964195,-0.6812488765640836,-0.06923258982754661,0.6399485494247773,-999999999.9999999,-0.09175024009505359,4.0,0.0,0.8674007287430406,0.916789353591446,218,1400,4,20.05605537357353,dumbbell,4,0,C05,heatgeo_t,0.4984772483954891,1.8087056184005281
-0.5946971657508499,-1.1908226166598337,-0.6338150313336015,-0.07331450940083263,0.5759880510642124,-999999999.9999999,-0.07064663711377128,4.0,1.7929286889997314e-08,0.8727533714499544,0.919596798259145,431,1400,4,21.90370296585198,dumbbell,4,0,C05,heatgeo_t,0.49711170733355947,1.8179842466338039
-0.604812006753106,-1.0500106091213093,-0.6927721686650468,0.9274656868661805,0.6399485494247773,-999999999.9999999,-0.22497598282164918,4.0,0.0,0.8737250853986289,0.9139552749568094,564,1400,4,23.736312902586512,dumbbell,4,0,C05,heatgeo_t,0.497302479889409,1.8433625301854073
0.4642526113113251,-0.23283131566332238,-0.41459652997256774,0.747102292506453,0.33168957105682456,-999999999.9999999,-0.238037330147786,4.0,8.07437854461092e-08,0.8644024753000765,0.9122849584298904,1026,1400,4,25.138502510598045,dumbbell,4,0,C05,heatgeo_t,0.49852807003473676,1.8828728407631332
-0.04316468842755012,-1.4532728604067913,-0.5086604402900283,0.06735863441162897,0.5033988670805226,-999999999.9999999,-0.10026290732483788,5.0,3.836750568742267e-08,0.8689448390510626,0.9129248378132224,693,1400,4,26.45308691767381,dumbbell,4,0,C05,heatgeo_t,0.49862727709510246,1.8474245981478488
-0.1491995165495624,-0.928782016492273,-0.5833560149519917,0.45608271502726583,0.5091882782979188,-999999999.9999999,-0.14605658298033763,4.0,3.668159949125893e-08,0.8673933341024344,0.9153911746390436,625,1400,4,27.98331129289876,dumbbell,4,0,C05,heatgeo_t,0.49856877686989,1.8266848828966007
-1.062783682040022,-1.2659094395811024,-0.46568622335373105,0.5242368374077064,0.3926313494568911,-999999999.9999999,-0.16753143844888368,5.0,6.373983917257187e-08,0.8625877616939683,0.9193770773401034,823,1400,4,29.13634847296726,dumbbell,4,0,C05,heatgeo_t,0.4980115741883284,1.8294453336517762
-0.7961868945438486,-2.6413028258906,-0.7156480581705423,-0.11247882319973009,0.6399485494247773,-999999999.9999999,-0.07283731843300202,5.0,0.0,0.8815817934068311,0.9162957897475956,246,1400,4,30.30802790209229,dumbbell,4,0,C05,heatgeo_t,0.49737685651656793,1.8179842466338039
-0.2756743584121596,-1.2587762745246114,-0.3574599254160794,0.062091006292645405,0.4714655982879168,-999999999.9999999,-0.12060369824180345,4.0,4.7683257343817565e-08,0.8675833942462611,0.9152461779633954,1046,1400,4,31.207228531085526,dumbbell,4,0,C05,heatgeo_t,0.49883077901001793,1.6611135298598712
1.1906356908566893,1.07630205656868,-0.7189677874722414,-0.6365660429418942,0.6399485494247773,-999999999.9999999,-0.17212354115212597,5.0,0.0,0.8909685886151313,0.9196514754026348,65,1400,4,32.2553237960434,dumbbell,4,0,C05,heatgeo_t,0.4975754726724836,1.6546795494423654
0.1828359083395347,-0.1317404311649221,-0.702502465964641,-0.0871489735898948,0.6399485494247773,-999999999.9999999,-0.09680670545257192,4.0,0.0,0.8712394627832375,0.9175711636204218,389,1400,4,32.98510123751269,dumbbell,4,0,C05,heatgeo_t,0.49729515494343335,1.839762353889388
-0.6953894575547597,-0.9933055570084327,-0.5869339152627376,-0.04285621996071993,0.5759321564099005,-999999999.9999999,-0.1805450425107288,4.0,1.7945485631550252e-08,0.8719956277460299,0.9159518097873418,634,1400,4,33.627073289551745,dumbbell,4,0,C05,heatgeo_t,0.49728509160572965,1.8179842466338039
-0.9140797017792368,-1.0320776735364607,-0.7269863078514726,-0.40655361848840477,0.6399485494247773,-999999999.9999999,-0.07088211294217832,5.0,0.0,0.8771688793216087,0.9192851881976296,64,1400,4,34.08641987865326,dumbbell,4,0,C05,heatgeo_t,0.49724562107586556,1.8242229663895508
-0.09488304076548688,0.8025347640049022,-0.7178779590612488,-0.3787358593502916,0.6399485494247773,-999999999.9999999,-0.1694711975894954,5.0,0.0,0.8759726404175453,0.9188536063894056,599,1400,4,34.33392853912724,dumbbell,4,0,C05,heatgeo_t,0.4982006291155494,1.832923602652348
0.23990313345609685,-0.5766676777455938,-0.6407770395215299,-0.16120057227105844,0.5729753087972983,-999999999.9999999,-0.07722678230409218,4.0,1.8802919346070346e-08,0.8731845228462768,0.9178363799426592,544,1400,4,34.429055879941174,dumbbell,4,0,C05,heatgeo_t,0.49800344081670234,1.8530611713319847
-0.28858696224116803,-0.5916287439678578,-0.35437376629345146,0.06367371809250463,0.4058254829456839,0.5917096713879416,1.852100177000108,3.0,0.2160109700168044,0.2008408115661355,0.5734844229067866,208,1400,4,-23.904740663319068,dumbbell,4,0,C05,pca_denoise,-0.10280314824836212,-0.039377876274262834
-0.5152279426639139,0.39803287970813755,-1.5870201624296871,-0.7222272255761684,-0.1801088472716361,-0.33444459687144534,0.28563953184301305,3.0,0.2579521770009904,0.2574471223629499,0.5791491972091473,362,1400,4,-18.815015537403607,dumbbell,4,0,C05,pca_denoise,-0.4320859471973563,-0.41973808309114036
0.1546263075194829,0.8912580937880725,-1.2185682376448206,0.06411389876574014,0.1877325976322674,0.4373506266780438,0.5715125569620276,3.0,0.2444995511970719,0.240861173269688,0.5630345250155291,1088,1400,4,-7.813635606929903,dumbbell,4,0,C05,pca_denoise,-0.09233486702534732,-0.43890101468690346
0.09418860587101559,-0.36925613170137056,-1.0083480868774348,-0.5730833508999232,0.12109275755732037,-1.4149579098407303,0.8640579026897631,3.0,0.2491538241161323,0.2293796050849735,0.5841745337391082,915,1400,4,3.6191873761399993,dumbbell,4,0,C05,pca_denoise,-0.3359610200643425,-0.42615966129491123
-1.4810214640927135,-1.4967858188272545,-1.1759213341798127,-0.10260688027989122,-0.07681357833501154,0.5917096713879416,-0.24077207024122793,4.0,0.2384698036859045,0.1949542538960987,0.5266183585139622,361,1400,4,11.714458782310004,dumbbell,4,0,C05,pca_denoise,-0.387053002430531,-0.6127832650298979
1.1760204772334975,0.9338284880179576,1.107393326171405,0.505429894941668,2.879846543693634,0.7460687160978394,3.0186758999567345,4.0,0.147311210170952,0.3742001606098669,0.7205384274883705,813,1400,4,13.17250244118475,dumbbell,4,0,C05,pca_denoise,0.49722139194159787,1.7747697561848381
-0.03180003277064818,0.3997040461078433,-1.7167304638300076,0.054942445192709195,1.1924116135584821,-0.33444459687144534,1.7059982997469663,4.0,0.1831841274804192,0.2116151154878567,0.6028803104170058,774,1400,4,14.669007691509492,dumbbell,4,0,C05,pca_denoise,0.36685870148279764,-0.18227195308795974
-0.04180814565975451,0.7709346117600268,-1.4181453136779563,0.7544611782539168,0.16175501719259064,0.7460687160978394,1.0384590278981256,4.0,0.2463347403789032,0.2214421513551394,0.5574243605571114,1208,1400,4,16.82071651515401,dumbbell,4,0,C05,pca_denoise,-0.17507326683534363,-0.3771690449992954
-0.8050826795652896,-0.06329180950855072,-0.1722442199680932,0.5768161467607282,0.03607401377599909,0.7460687160978394,2.1057491721509116,5.0,0.2395585255381324,0.2026021524000044,0.5330480119131886,1283,1400,4,18.57494358669726,dumbbell,4,0,C05,pca_denoise,-0.37450547889482644,-0.7078334592334908
0.3378359878227779,0.2473208509526652,0.7848901356194746,0.3675923239658924,0.5861492795861551,0.7460687160978394,0.9507917695039099,3.0,0.2390385889766049,0.2507558877340659,0.6057762425427333,218,1400,4,20.05605537357353,dumbbell,4,0,C05,pca_denoise,-0.18690268963944207,0.11685849826438749
0.8130183547792064,0.31197531977240983,-0.4976788374791729,0.35036223189341825,0.21597344741470306,0.4373506266780438,0.9411749890993859,4.0,0.2407241796098947,0.1997359947315211,0.5576078788710553,431,1400,4,21.90370296585198,dumbbell,4,0,C05,pca_denoise,-0.2192364752466876,-0.29857910959446793
0.2650023133758838,1.0524282144165902,0.08506660675260712,0.8514812140091423,0.10334766304879746,0.7460687160978394,2.534990367368416,4.0,0.2244088869158495,0.1952364151392509,0.5244483248334977,564,1400,4,23.736312902586512,dumbbell,4,0,C05,pca_denoise,-0.33074879055038636,0.09373336106052348
0.41234642273113004,1.189212869650827,-0.6464674108718735,1.7857441766696518,1.6248562687351127,0.7460687160978394,2.9455430202697084,4.0,0.1887133672369529,0.2094306209073356,0.6429257218291701,1026,1400,4,25.138502510598045,dumbbell,4,0,C05,pca_denoise,0.19461438267770126,0.6751786728692798
0.356016745268105,0.02725796000695097,1.3338070516431912,0.2548899868355412,0.5597637479735087,0.4373506266780438,0.3862335426731247,3.0,0.2538557393047061,0.286782836102569,0.6346417829262506,693,1400,4,26.45308691767381,dumbbell,4,0,C05,pca_denoise,-0.1456298996514785,0.34221023446314014
0.23891162954565714,0.3776318109233841,0.2313896190771218,0.7641116446364857,0.24104446969222507,0.7460687160978394,3.0317981206523217,4.0,0.2361611590352263,0.2009102005753452,0.5527906037266347,625,1400,4,27.98331129289876,dumbbell,4,0,C05,pca_denoise,-0.13909327620016892,0.10745417704300268
1.4458946938584438,0.9784211043646424,0.7032318729162526,0.8544747361020771,0.21375550598005194,0.7460687160978394,2.136307613308914,4.0,0.2527607439297364,0.2061220287497868,0.5635890237386734,823,1400,4,29.13634847296726,dumbbell,4,0,C05,pca_denoise,-0.11094728876327836,0.24773137196481046
-0.09976018421655619,-0.022023133188206822,-0.25544432657031724,0.5358805458267987,0.17368094611886825,0.7460687160978394,0.46172103122119623,3.0,0.2328758316746075,0.2096385892336908,0.5334956217371276,246,1400,4,30.30802790209229,dumbbell,4,0,C05,pca_denoise,-0.3531357156776475,-0.06254887989213617
1.012579545568676,0.9849674041704074,0.23191322055744912,0.31472239134313706,0.27065219035880617,0.5917096713879416,0.859502807036981,1.0,0.2517151630250236,0.2261543295519886,0.5657049023316268,1046,1400,4,31.207228531085526,dumbbell,4,0,C05,pca_denoise,0.10012248131741786,0.23875490762311352
-0.30451035386402653,0.4150645114177928,-0.4906412058480778,-0.6272514616394387,0.5069903402012432,0.4373506266780438,2.35319137881433,1.0,0.2104064754729487,0.2496399490677963,0.5793831030191734,65,1400,4,32.2553237960434,dumbbell,4,0,C05,pca_denoise,-0.1271517379311518,-0.11312252104139102
1.1682350297178712,0.5342257409665137,0.3780147618252778,-0.013648467979795654,-0.07068102497429722,0.5917096713879416,0.38605630237671185,4.0,0.2466835774186529,0.1939876884327896,0.5359787550340613,389,1400,4,32.98510123751269,dumbbell,4,0,C05,pca_denoise,-0.27761733004485606,0.049223143729812666
1.147311848594589,1.1240722187110124,0.14419998568213233,0.8796225770502613,0.4215316031050156,0.7460687160978394,0.5934057321364715,4.0,0.2378558909080428,0.199674671251815,0.57757321053112,634,1400,4,33.627073289551745,dumbbell,4,0,C05,pca_denoise,-0.21134788921859204,0.11134987386754351
-0.6019115436170265,-0.2884834955504687,-0.5516094982521752,-0.6525392404884445,-0.055146838259513616,-1.4149579098407303,-0.1673136277887247,4.0,0.2291835585188988,0.1800298917766124,0.5169423545147838,64,1400,4,34.08641987865326,dumbbell,4,0,C05,pca_denoise,-0.3993946366811077,-0.6357645071184836
0.47357508167380347,0.2478778420193084,-0.5407591681534512,-0.4511357062575993,0.4492543080068403,-1.569316954550628,0.3833031080294213,4.0,0.2468766270517694,0.2279733908831935,0.5992796025348798,599,1400,4,34.33392853912724,dumbbell,4,0,C05,pca_denoise,-0.06618784121302973,-0.06005194888642221
0.7043371978592009,0.9218101035519176,0.5946943696742856,0.3101227663960301,0.29982538832007855,0.7460687160978394,1.7877714159091735,5.0,0.2362855115697603,0.2226225703345313,0.5742449605310638,544,1400,4,34.429055879941174,dumbbell,4,0,C05,pca_denoise,-0.07561947070221292,-0.24357688060733937
-1.4527398525866673,-1.4501209014197125,0.12192084739949599,-0.43146273169335786,0.0460044607834392,0.18878619633122865,-0.9069304885691871,3.0,0.2294938721662979,0.2047949760943538,0.5442294938929318,208,1400,4,-23.904740663319068,dumbbell,4,0,C05,plain,-0.25876614022772126,0.0417861838241435
0.5206345539956777,0.1894074966376925,-1.5515722353602082,-0.760825040447561,-0.3546960872131783,-0.2643006748637201,1.5911630378241173,4.0,0.2777304620674488,0.2651952782866198,0.5880521993367551,362,1400,4,-18.815015537403607,dumbbell,4,0,C05,plain,-0.4265151583843578,-0.5750834173250212
1.2838316781537238,1.2488160709254152,-2.2353850052555857,-0.305258397730929,0.54293631631746,0.49084411046119447,-1.1115312752235462,4.0,0.2543525732804766,0.2807363553275102,0.6354102076570982,1088,1400,4,-7.813635606929903,dumbbell,4,0,C05,plain,-0.1374632663973619,-0.16512914448436472
0.37211773568257145,-0.7805656220334751,0.4580844404943377,-0.6534329165030474,0.10099570143750783,-1.4725323313835834,0.31134284576722665,1.0,0.2595760423597733,0.2455973735824983,0.5992705496486623,915,1400,4,3.6191873761399993,dumbbell,4,0,C05,plain,-0.12345327861445554,0.01447059694922955
-0.7159232924828344,-0.7110171082633111,-0.9553638678796436,-0.30690253809351675,0.004481103425619155,0.49084411046119447,1.267079476912546,4.0,0.2387333345604319,0.2085082630038956,0.5432967777544341,361,1400,4,11.714458782310004,dumbbell,4,0,C05,plain,-0.3448150700245133,-0.7168462944513568
1.5139906206648759,1.3738999564890482,0.4578579805893338,0.3055881029011556,3.726548688838395,0.7929020245911603,4.07307204967255,3.0,0.1112672166859556,0.3969622224770974,0.7921206917182064,813,1400,4,13.17250244118475,dumbbell,4,0,C05,plain,0.4957626657169262,2.2857398582018873
0.08793392004910543,-0.23559125914849582,-0.07993094526582854,-0.3133516572121309,0.8108797722748159,-0.2643006748637201,0.7937177929274605,3.0,0.2226347390868385,0.2266062695138523,0.6075913585956654,774,1400,4,14.669007691509492,dumbbell,4,0,C05,plain,-0.0017206165427747777,0.19734104830046176
0.5544710418869186,-0.5342737389568044,-0.25421079176357647,0.2731578870424604,0.19163893618532543,0.7929020245911603,1.1555296809527393,4.0,0.2547605457309411,0.2433329452075063,0.5653732860185035,1208,1400,4,16.82071651515401,dumbbell,4,0,C05,plain,0.15710129014925822,-0.14772575206787047
-0.7446656983471597,-0.19490386336780294,0.7402022462223848,0.14804278076742616,-0.06576446969097813,0.7929020245911603,2.908964222878372,5.0,0.2522601605469409,0.2205415776387909,0.5454293348095183,1283,1400,4,18.57494358669726,dumbbell,4,0,C05,plain,-0.24847705339980664,-0.32929642560890476
0.8644550706153961,0.12789591292155442,1.7989017532212017,-0.12144428777854979,1.126063222922088,0.7929020245911603,0.6033926069977218,4.0,0.2266214502544992,0.3272271466245405,0.6849101591388608,218,1400,4,20.05605537357353,dumbbell,4,0,C05,plain,0.46752107473125715,0.9068823812713545
0.8490541351610906,0.21826369283511804,-0.30772468215661913,-0.035364994830439055,0.2312427950247324,0.49084411046119447,0.21284761793941168,4.0,0.248092242071365,0.2123911109819309,0.5806074021899228,431,1400,4,21.90370296585198,dumbbell,4,0,C05,plain,-0.20401834426055276,-0.007656997596899149
0.20564120984061046,0.47616421328987923,0.19602505986460128,0.5624384008829169,0.28555309208445745,0.7929020245911603,2.1557116751353065,4.0,0.2224174230090913,0.2088096818306156,0.546473805802617,564,1400,4,23.736312902586512,dumbbell,4,0,C05,plain,-0.1286326708709658,-0.02067861614041523
-0.09308133471428391,0.5987717855713909,-0.4847710126755917,0.5218487609332407,1.1812914110178767,0.7929020245911603,1.406660471235182,5.0,0.2160053385524363,0.268458584906788,0.6353119643522072,1026,1400,4,25.138502510598045,dumbbell,4,0,C05,plain,0.29652525193176527,-0.1140036297339769
1.0581429848567374,0.010914351728640716,0.42291634936055356,0.02179738589655317,0.360226667234964,0.49084411046119447,0.5896073220753303,3.0,0.2666604528470125,0.2721854084746939,0.6312325269983567,693,1400,4,26.45308691767381,dumbbell,4,0,C05,plain,-0.15735218565395198,0.21670840460835478
0.9421745964748692,1.0977485223029784,0.8124682778076343,0.15790825255730673,0.10273431263448164,0.7929020245911603,2.594887846126884,4.0,0.2503102941314225,0.223221248684727,0.5791394906410036,625,1400,4,27.98331129289876,dumbbell,4,0,C05,plain,-0.2162211284306249,0.15465735296622646
1.80046690344857,1.279988711883078,0.5172084337250584,0.4614256626853384,0.5398567470433705,0.7929020245911603,2.487716533628673,5.0,0.2541082996270541,0.2436633129414963,0.6279903718343751,823,1400,4,29.13634847296726,dumbbell,4,0,C05,plain,-0.06575606508692089,0.16065412687301844
-1.0280563534127771,-0.68457442504794,0.07194600757086264,0.12279714891227037,0.1275966022448613,0.7929020245911603,0.44584950886094976,3.0,0.2400357856611533,0.2132544297038462,0.5301686352516752,246,1400,4,30.30802790209229,dumbbell,4,0,C05,plain,-0.37351238325080083,-0.0756280662839111
0.328172369807241,0.4359371145999995,0.9624036119710617,0.07449288922517165,0.4963174677602545,0.7929020245911603,1.5636776951596036,1.0,0.2494405357432164,0.246811111208655,0.6048264065167351,1046,1400,4,31.207228531085526,dumbbell,4,0,C05,plain,-0.1084568484918717,0.22801935604537477
0.4935152732209258,0.3726231962607288,-1.1254260969604994,-0.9282642820993457,-0.04500877075823277,-1.0194454601886347,1.320297958377358,4.0,0.2449798671612993,0.2643686778167236,0.5824788081506448,65,1400,4,32.2553237960434,dumbbell,4,0,C05,plain,-0.3725866063867598,-0.6802127219416625
1.4354383123284122,1.2174035371150096,0.8959444911451427,-0.23177979520265776,-0.017903328868352514,0.6418730675261775,-0.3735651249258971,4.0,0.2563928322602818,0.2229654792766007,0.5581658639527495,389,1400,4,32.98510123751269,dumbbell,4,0,C05,plain,-0.1056172613307666,0.13019880605558407
0.8120547530567399,1.1063018198076189,-0.6211338268327946,0.3297091723966956,0.405656293773947,0.7929020245911603,-2.262487558080662,2.0,0.2502044226768429,0.2402262615508642,0.5930939427803358,634,1400,4,33.627073289551745,dumbbell,4,0,C05,plain,-0.07212133243360408,0.1090624889901139
-1.0502626376967934,-1.1823297618493713,-0.3045039368652988,-0.6612889480772063,0.011606718447438323,-0.8684165031236518,0.7900615121820217,2.0,0.2303429488360777,0.1880468155763549,0.530573006990433,64,1400,4,34.08641987865326,dumbbell,4,0,C05,plain,-0.33237111418995147,-0.30539561011815086
-0.35442463409017794,-0.7844425895637451,-1.1581611601201482,-0.6115515950172613,-0.15802971058558557,-1.6235612884485664,-0.047843301025282135,5.0,0.2607178281636328,0.219851396527452,0.5696730536985017,599,1400,4,34.33392853912724,dumbbell,4,0,C05,plain,-0.32450023734601185,-0.8215086338214701
0.8626212314544927,0.9567933520496903,-0.18557827770109503,-0.10738381178841176,0.44291011237118477,0.18878619633122865,3.7095478079263002,2.0,0.2620674397750171,0.261606059322829,0.6345798407040899,544,1400,4,34.429055879941174,dumbbell,4,0,C05,plain,-0.10725785746308958,0.06379788167216015
-2074.921860295357,-3048.688878266296,1.7852357600123856,-2.150663043142607,-0.0897546594858873,0.40219982809345134,-1.7055933832653223,5.0,0.1883567430579437,0.1254910732583578,0.3393231894743794,208,1400,4,-23.904740663319068,dumbbell,4,0,D,diffdist_t4,-0.4597105957031524,-1.2728330405335042
-2551.6598264495897,-2988.9844175636276,0.5401588617492994,-1.917760877045021,-0.4733063097654473,0.40219982809345134,-0.9081678929083976,5.0,0.1844834577801936,0.1183592280372719,0.322247311183799,362,1400,4,-18.815015537403607,dumbbell,4,0,D,diffdist_t4,-0.4647025856921099,-1.9436236476608086
-2084.342081090624,-2338.2843445052767,1.5780255554756828,-2.1362232048086782,1.002694793066742,-0.40219982809345134,-1.025969371930913,5.0,0.2016310021943808,0.1847772901330019,0.416265070060079,1088,1400,4,-7.813635606929903,dumbbell,4,0,D,diffdist_t4,-0.3219755676255941,-1.2507000170894367
-2358.6596497387336,-2760.313314874918,3.589139391763673,-2.043790261071464,-0.18757996446108,0.40219982809345134,-1.2573278327686146,5.0,0.1866726335026361,0.1118794173973849,0.2864380458570026,915,1400,4,3.6191873761399993,dumbbell,4,0,D,diffdist_t4,-0.4168288576955523,-0.7880515170827574
-1309.8909128427372,-2027.2874472266142,4.98444085342464,-1.4252882970266099,0.8860861726635145,0.40219982809345134,-0.4170994395168671,5.0,0.1696527319517801,0.100324596012352,0.3264263989301931,361,1400,4,11.714458782310004,dumbbell,4,0,D,diffdist_t4,-0.18112219510259875,-0.20043127262102245
-835.0645459946735,-1220.4175420150596,1.4773635173923931,-1.1812069926161521,4.182996272442933,-0.40219982809345134,1.4161799039867877,5.0,0.1882833491597626,0.2130694761425682,0.5989622105977562,813,1400,4,13.17250244118475,dumbbell,4,0,D,diffdist_t4,0.42972909884854504,0.5771426993945519
-2124.7882459438965,-3053.8168560283093,0.19434951224448055,-2.1832463388313466,-0.38868559558147847,0.40219982809345134,-1.361673223202963,5.0,0.1822478958471541,0.1085604347014934,0.3061384476149726,774,1400,4,14.669007691509492,dumbbell,4,0,D,diffdist_t4,-0.4639600583907602,-1.9912566196467858
-657.3801405124321,-764.1671621251082,4.686611096771783,-0.7815318951642362,7.128029598047896,0.40219982809345134,2.7524782760610282,5.0,0.1362333647139236,0.3057502085093209,0.7845989024577495,1208,1400,4,16.82071651515401,dumbbell,4,0,D,diffdist_t4,0.497280950897816,1.6239100681803764
-2108.074149015957,-2508.779085704113,3.6067772437702827,-2.0687462259861484,-0.5055340800239845,0.40219982809345134,-0.8426034234608423,5.0,0.1821773439367776,0.1020874052011268,0.2738713543842767,1283,1400,4,18.57494358669726,dumbbell,4,0,D,diffdist_t4,-0.40598030706343935,-0.7652015503837455
-1228.2556058485386,-1849.5365167416753,4.828508469522779,-1.991680534879912,-0.05966605405563014,0.40219982809345134,0.24721726704679906,5.0,0.1870619496707011,0.1143693360189605,0.3362833764774297,218,1400,4,20.05605537357353,dumbbell,4,0,D,diffdist_t4,-0.40859109786744696,-0.7905170663312411
-2194.025991944022,-2906.255376529797,1.0177876130727068,-2.2782325997630695,-0.8609959918672835,-0.40219982809345134,-1.3967679615736792,5.0,0.1986220574524116,0.1268937972300081,0.3144542131552991,431,1400,4,21.90370296585198,dumbbell,4,0,D,diffdist_t4,-0.4764556381053139,-2.059098322321058
-1843.9276106319492,-2833.2897895075726,2.0543071275078972,-2.3488794994866753,-1.0243011624077902,-2.8153987966541596,-1.4734201319067974,5.0,0.2216366708963077,0.1636515317807718,0.3268784341349194,564,1400,4,23.736312902586512,dumbbell,4,0,D,diffdist_t4,-0.47126801508473604,-1.699290858764927
-1909.4464115369963,-2449.433542949876,-0.9978380467088905,-2.1398245705181926,0.28548019551982556,0.40219982809345134,-2.3431819738935027,5.0,0.187041548089852,0.1314766006803151,0.3533168098318338,1026,1400,4,25.138502510598045,dumbbell,4,0,D,diffdist_t4,-0.29255955755183505,-2.0909281626439595
-2302.0785878225815,-2489.5090639520017,1.3570045791222052,-2.202897785467257,-1.0256437975962047,0.40219982809345134,-0.20189152435663432,5.0,0.1872836890119602,0.1095507341841146,0.2719639131871173,693,1400,4,26.45308691767381,dumbbell,4,0,D,diffdist_t4,-0.4727027169069432,-2.2208958302851847
-1010.7864932590696,-1077.6923956569676,3.277384929938598,-0.8271344762262416,2.263797328230585,0.40219982809345134,2.5598763415423105,5.0,0.1975872270869608,0.1706858864809921,0.4496355441196386,625,1400,4,27.98331129289876,dumbbell,4,0,D,diffdist_t4,-0.17296106569440345,-0.4665595589126481
-1927.1696869249606,-2366.246072123068,5.259109334586902,-2.136489913783834,-0.6036037747750514,0.40219982809345134,-0.8128549782867652,5.0,0.1974765824412591,0.1322651068858472,0.2847678949783438,823,1400,4,29.13634847296726,dumbbell,4,0,D,diffdist_t4,-0.4469771269730325,-0.774772960903801
-1906.3145184550783,-1441.672057787027,2.9301885728080466,-1.243723856301778,0.8493251229204993,0.40219982809345134,-0.7038922748862352,5.0,0.1654049610014323,0.1108315974399124,0.3131908583046167,246,1400,4,30.30802790209229,dumbbell,4,0,D,diffdist_t4,-0.06183195797932678,-0.5605300842143659
-1381.481145659672,-1949.9286283329122,3.5373745133756813,-1.4183126194545985,0.8607541163895195,0.40219982809345134,-0.6201757439810304,5.0,0.1476709954699931,0.0869525563355269,0.320239391949076,1046,1400,4,31.207228531085526,dumbbell,4,0,D,diffdist_t4,-0.20903757146441954,-0.10650011968507563
-1622.9235042438606,-2674.641790728311,2.694116852347276,-2.0966056375411517,-0.6024919521527324,0.40219982809345134,-0.7126171871919662,5.0,0.1829725502893902,0.1010249167425949,0.2510130617003765,65,1400,4,32.2553237960434,dumbbell,4,0,D,diffdist_t4,-0.3588370299108259,-1.0765712137354078
-1373.5892003935364,-2149.4324976459025,0.8557694299810468,-1.504109073494348,0.48737028764918533,0.40219982809345134,-1.435095729713299,5.0,0.1584980678379327,0.0865774784944684,0.2943105665400217,389,1400,4,32.98510123751269,dumbbell,4,0,D,diffdist_t4,-0.29262456642917595,-1.1401145455572546
-952.7457853384232,-1373.032469566973,1.934837951132675,-1.1337053181953722,1.9036814505937398,0.40219982809345134,0.3414444384291713,5.0,0.2117161846606406,0.1990510190217347,0.4564341956773742,634,1400,4,33.627073289551745,dumbbell,4,0,D,diffdist_t4,-0.29897070306844603,-0.3966761147834384
-317.02279103583953,-636.8183831475604,1.7598177224759919,-0.1783956391098259,5.349393243721066,0.40219982809345134,3.189733493169078,5.0,0.1698312817277677,0.2218976596217186,0.6725538579887543,64,1400,4,34.08641987865326,dumbbell,4,0,D,diffdist_t4,0.4980127897943264,1.5211290107285043
-1906.3077543597403,-2593.835173963739,2.015674413990691,-2.0360515914607027,-0.31370168317682606,0.40219982809345134,-0.5774047239429082,5.0,0.1831826354349059,0.1189862514620456,0.3163017403277211,599,1400,4,34.33392853912724,dumbbell,4,0,D,diffdist_t4,-0.4484155740539495,-1.2685576764118307
-1783.8623794242963,-1825.1852793436422,3.2561824018976826,-1.517898213075588,0.8608717855408637,0.40219982809345134,-0.912678416427418,5.0,0.1598522026198085,0.0943494395440543,0.3512449732664944,544,1400,4,34.429055879941174,dumbbell,4,0,D,diffdist_t4,-0.11694122738007556,-0.2731058002263225
-4093.940091489684,-2371.5522891177266,2.072816140012784,-7.272407545547114,-0.3931442974561125,0.8903891148544748,0.29765059414950923,5.0,0.1402394551368337,0.0740089654017846,0.2472591791791824,208,1400,4,-23.904740663319068,dumbbell,4,0,D,diffdist_t8,-0.42709359150101295,-0.8061387563400242
-3868.601717462047,-1720.2475151754197,3.064926987064228,-6.667735768136899,-0.14658477791860472,0.8903891148544748,1.342770761495883,5.0,0.1438762094670712,0.0682063113990378,0.2459401919653369,362,1400,4,-18.815015537403607,dumbbell,4,0,D,diffdist_t8,-0.30869366770554185,-0.5930773814737688
-5308.179831757327,-2138.8457675821523,1.0692716512951101,-7.2402501686257725,0.06301619427435491,0.8903891148544748,0.1579672359056063,5.0,0.1438027367755699,0.0682985036791279,0.2819116296360034,1088,1400,4,-7.813635606929903,dumbbell,4,0,D,diffdist_t8,-0.4024800032336849,-1.3964649968501448
-4412.1276500848,-2141.126019866484,2.9464552869865908,-6.917567464775163,0.09923907245722172,0.8903891148544748,0.3407166563529808,5.0,0.1158411866191693,0.0481782771975427,0.2164501502349397,915,1400,4,3.6191873761399993,dumbbell,4,0,D,diffdist_t8,-0.39444605500619256,-0.6176389711500344
-1984.2969429727318,-1014.5694817749619,6.046982630765878,-5.725600004038335,0.8935734357677001,0.8903891148544748,0.500891806917303,5.0,0.1210114516978226,0.0573128276086346,0.2764488349321655,361,1400,4,11.714458782310004,dumbbell,4,0,D,diffdist_t8,-0.17808908769226234,-0.16450947941216326
-1552.421481560839,-1013.9618744834403,12.174077190586816,-5.726017046439923,2.2191021312851746,-5.787529246554086,0.5805823982016846,5.0,0.1787158917367375,0.1711770014569501,0.4424163059531596,813,1400,4,13.17250244118475,dumbbell,4,0,D,diffdist_t8,0.04818797329188529,-0.23401523415935213
-4989.698826414477,-2491.8863891625892,6.682205663933183,-7.240033009584956,-0.4438569154474554,0.8903891148544748,0.5455130064901562,5.0,0.1411215824153542,0.0645946588947604,0.2145318068719962,774,1400,4,14.669007691509492,dumbbell,4,0,D,diffdist_t8,-0.40141137664934784,-0.3673400112395383
-951.8975285660009,-563.6153196925262,11.355219238461379,-3.677293149915706,4.3933613035970085,-1.1129863935680935,4.333145742371093,5.0,0.128219514558671,0.2220620546918362,0.5352338390931396,1208,1400,4,16.82071651515401,dumbbell,4,0,D,diffdist_t8,0.4806452960053411,0.8285839786709859
-2587.406815207208,-1686.6799481218711,6.137483946211623,-6.955577205159596,-0.1711620132720556,0.8903891148544748,1.1003475065708137,5.0,0.132096333577333,0.0632909407962293,0.2245965341515414,1283,1400,4,18.57494358669726,dumbbell,4,0,D,diffdist_t8,-0.38529891369098235,-0.2943656987541461
-2152.005312381145,-1377.8903766499507,10.228983908868756,-6.928497467645504,-0.024559334070517542,0.8903891148544748,1.9338603687532288,5.0,0.1519050951048112,0.0827186618667706,0.261372490873724,218,1400,4,20.05605537357353,dumbbell,4,0,D,diffdist_t8,-0.38072574713826773,-0.24635417458970862
-3881.272395672866,-2362.902199949157,3.247652086918913,-7.488257365973585,-0.6379146695924113,0.8903891148544748,0.5515986739634553,5.0,0.1438708963460552,0.0723370267117188,0.2156047176902811,431,1400,4,21.90370296585198,dumbbell,4,0,D,diffdist_t8,-0.3796227337535687,-0.5675737826312702
-3013.6473712007933,-1712.7287620109014,6.386538248757463,-7.560056957986196,-0.9166891417199459,-1.1129863935680935,0.6930016192038845,5.0,0.1599588431665917,0.0843890341632753,0.2261007487591974,564,1400,4,23.736312902586512,dumbbell,4,0,D,diffdist_t8,-0.36049511127974,-0.527557414413234
-4568.204147852209,-2257.526300195696,7.2922031525882725,-7.1839512534202745,-0.13145941995443597,0.8903891148544748,0.8861050617356377,5.0,0.137925263551901,0.0704090094913087,0.2526488959310908,1026,1400,4,25.138502510598045,dumbbell,4,0,D,diffdist_t8,-0.38951909581978583,-0.3126824616814049
-3938.4373987705108,-2225.191544910409,2.7401519958887275,-7.345559864832112,-0.5485764779361503,-1.1129863935680935,1.1951991654931928,5.0,0.1422547899972279,0.0698674419007577,0.2028222281887839,693,1400,4,26.45308691767381,dumbbell,4,0,D,diffdist_t8,-0.3007760343030685,-0.6429295025513605
-1481.6424362906412,-692.5031395166484,4.957506825798082,-3.540320079776232,1.9749394218764247,0.8903891148544748,1.9720392373507913,5.0,0.1349280600615497,0.094297022210823,0.3536681853261151,625,1400,4,27.98331129289876,dumbbell,4,0,D,diffdist_t8,-0.05345040607121454,-0.007674729682747952
-3290.2775656804633,-1747.5102036688747,2.143412420136757,-6.947736731195114,-0.12611993317895265,0.8903891148544748,1.2827628366156592,5.0,0.1260373087374469,0.0569625997679883,0.2218518173440413,823,1400,4,29.13634847296726,dumbbell,4,0,D,diffdist_t8,-0.4147815995395298,-0.6396861169955277
-2497.236082738492,-1052.1838099040947,3.860595265310323,-5.377838972328668,1.0118484382295356,0.8903891148544748,0.1428249764374705,5.0,0.1201716277088775,0.0643351821354332,0.2615622417328206,246,1400,4,30.30802790209229,dumbbell,4,0,D,diffdist_t8,-0.17808908769226234,-0.25778218307450534
-1785.619460090251,-1029.950078714561,5.390236891016842,-5.764630809506517,0.840864211671554,0.8903891148544748,0.03122793031574751,5.0,0.1223430762728604,0.0511475165082205,0.2703061252949499,1046,1400,4,31.207228531085526,dumbbell,4,0,D,diffdist_t8,-0.17808908769226234,-0.16869002574492992
-3228.153802129058,-1689.2574002285114,5.502210888243694,-6.968405144525599,-0.1852986318829246,0.8903891148544748,0.34656645128492286,5.0,0.1261291572002498,0.0580407035739416,0.2182402209822509,65,1400,4,32.2553237960434,dumbbell,4,0,D,diffdist_t8,-0.38529891369098235,-0.33213318624814425
-2296.5869432679606,-1304.0536357852932,2.992063343849321,-5.9882414990452135,0.6377180007031866,0.8903891148544748,0.5260384522816873,5.0,0.1251550959321584,0.0640336441844762,0.2555006569860518,389,1400,4,32.98510123751269,dumbbell,4,0,D,diffdist_t8,-0.28186046401073006,-0.5298422355080751
-1720.148769083051,-1095.5478473539677,6.186880595609385,-4.801033065254611,1.6377999011377378,0.22259727871361865,1.6610580599641436,5.0,0.135564739146231,0.0946002515348257,0.3352638960190243,634,1400,4,33.627073289551745,dumbbell,4,0,D,diffdist_t8,-0.17808908769226234,-0.12501353311770716
-520.3195168578621,-359.0765505419656,7.77728363739879,-1.7571330562546992,5.2254215171876695,0.8903891148544748,4.8440708802189105,5.0,0.1165997822762314,0.1638980184680918,0.6879652367445059,64,1400,4,34.08641987865326,dumbbell,4,0,D,diffdist_t8,0.49805567030571596,1.9387187088385853
-3895.5233049524145,-1867.5503334137354,3.1819185642887655,-7.0879081619450055,-0.5542999840140312,0.8903891148544748,0.9965673961019101,5.0,0.145298665228456,0.0681243330462006,0.2303611392855095,599,1400,4,34.33392853912724,dumbbell,4,0,D,diffdist_t8,-0.3796227337535687,-0.6365920797295012
-2345.6265848180155,-1229.7055817230582,5.60985248963228,-6.022901744984678,0.7772141158028828,0.8903891148544748,1.5175704358626,5.0,0.1287824728731798,0.0671769229167565,0.2997845857075136,544,1400,4,34.429055879941174,dumbbell,4,0,D,diffdist_t8,-0.33287577220519615,-0.20653196511854696
0.7592931731013776,2.026469703486572,-3.9097194028619726,-0.7575099853759893,4.461678294249094,0.10403129628309889,-0.8053218963911929,4.0,0.2450042052315323,0.2168179938282474,0.6014022505290053,208,1400,4,-23.904740663319068,dumbbell,4,0,D,fb_potential,0.050416970075167655,-0.17747231481523978
-1.635152928380619,-1.301843646737121,2.7621957488798095,-1.3197958942382086,-2.6690896872240297,0.10403129628309889,-0.34443585479771804,1.0,0.2735144954685942,0.1921566178734146,0.5136331396702164,362,1400,4,-18.815015537403607,dumbbell,4,0,D,fb_potential,-0.42338103547350714,-0.4999264666044055
0.38023845544809437,1.2055535165057827,-0.8293795088740034,-1.1003276096904822,0.1625507106317166,-2.392719814511273,-1.2677985263404257,1.0,0.2498919107685902,0.1916795621617317,0.5457144383921818,1088,1400,4,-7.813635606929903,dumbbell,4,0,D,fb_potential,-0.37970287228643207,-0.4178068679578223
-0.3516422423572707,-1.5822072646593708,0.06463925321076527,-0.9001784942146278,0.5374547894790095,0.7282190739816919,0.3755075194136294,4.0,0.2485365342024319,0.1808140502617499,0.5204948415180658,915,1400,4,3.6191873761399993,dumbbell,4,0,D,fb_potential,-0.22379940488411587,-0.49030923751517946
-1.554982919854142,-1.3845982472098954,0.3228421731729393,-1.5239051816981015,-2.9992874639915725,0.7282190739816919,0.9862454291234739,2.0,0.2614897460551911,0.1967638840400423,0.5116532068823023,361,1400,4,11.714458782310004,dumbbell,4,0,D,fb_potential,-0.4752146902526091,-1.3638140236482696
-0.6161109084873366,-0.7013184028156256,-0.5122751768675537,0.09293055753857095,2.363396090118302,0.7282190739816919,0.745023890559618,4.0,0.2258223798710196,0.1761206511205627,0.5065129788652508,813,1400,4,13.17250244118475,dumbbell,4,0,D,fb_potential,0.16437183228277819,0.1413855044443409
-3.9969612869371276,-1.474962283505137,0.5297929607528152,-1.5123321073525229,-1.3641046455338222,0.10403129628309889,0.640186476865576,1.0,0.2643357306881091,0.1992137135522086,0.5268489906679447,774,1400,4,14.669007691509492,dumbbell,4,0,D,fb_potential,-0.4539219037760569,-0.8429343890035749
0.7050329920469638,1.015902656838271,-1.4417765583315985,-0.30462571889408946,-0.48104707969553145,0.7282190739816919,-0.45990864714101065,2.0,0.2361553850792641,0.163398470088366,0.4698385668595659,1208,1400,4,16.82071651515401,dumbbell,4,0,D,fb_potential,-0.490232023332219,-1.1972923937430633
-0.8064584341048854,-0.594162473271447,0.6406515388796503,-1.727372773515379,-2.009037232937463,0.10403129628309889,-2.2619020696746635,3.0,0.2546327507294572,0.190304916508159,0.518642599851872,1283,1400,4,18.57494358669726,dumbbell,4,0,D,fb_potential,-0.45154794112706603,-0.9761012768210947
-0.6601608828784132,-2.7977068792575426,1.3088328872119583,-1.3239673173401438,-1.2401988169248588,0.7282190739816919,0.0260602738591715,3.0,0.267582106661528,0.2008099876489456,0.5377301412784146,218,1400,4,20.05605537357353,dumbbell,4,0,D,fb_potential,-0.42131302933041254,-0.2571934727315832
0.5155454471465235,-0.3278536781136651,-1.760220110365565,-1.424794727716473,-0.14258672102552003,-4.889470925305646,-1.346435981772073,1.0,0.266663059727501,0.2093816218992195,0.5683007285605455,431,1400,4,21.90370296585198,dumbbell,4,0,D,fb_potential,-0.4204075799874301,-0.02507121636972907
0.6302814117713483,2.6701574169689635,-4.639511099084301,-1.081628729081579,4.493798023897224,-1.144344259114087,1.1625690971395994,1.0,0.2381531709757413,0.2417816831663441,0.624898647610993,564,1400,4,23.736312902586512,dumbbell,4,0,D,fb_potential,-0.08946364749031366,0.15311384345369156
0.7884450481587504,2.0691863093079284,1.2127152941841024,-0.7635493186717418,1.1691146059540025,0.7282190739816919,-1.0596617476716517,2.0,0.2513833721159572,0.2347438131959334,0.5902945337251305,1026,1400,4,25.138502510598045,dumbbell,4,0,D,fb_potential,0.08554505765761122,0.016223166067803007
-1.6388352389279497,-3.7652869761266503,0.3394167490958001,-1.1104993742524087,-1.5149931150426852,0.10403129628309889,0.8721225434070078,2.0,0.2663550807675673,0.2026546951187239,0.5234275349770003,693,1400,4,26.45308691767381,dumbbell,4,0,D,fb_potential,-0.4654488958974389,-0.7980275591273526
0.7264636301025882,0.7278583708726734,-0.47429290497892623,-0.5501152680907085,-0.05519041244972539,0.7282190739816919,-0.4278935861371693,3.0,0.2469528243470871,0.1827416338920993,0.5184148780147939,625,1400,4,27.98331129289876,dumbbell,4,0,D,fb_potential,-0.3535040771769855,-0.23803091364364662
-0.8300933743772391,-2.4583656489271517,0.13348510311664646,-1.650382172470725,-1.266105160182174,0.10403129628309889,-0.75502747661419,3.0,0.2463161400488871,0.1852531327530136,0.5187571736674822,823,1400,4,29.13634847296726,dumbbell,4,0,D,fb_potential,-0.4385468160996194,-0.8038055980905194
-1.1565146429845858,-2.74281155936623,2.2742525412567995,-1.186020361545882,-3.5099413455059625,0.7282190739816919,1.3921745458888009,2.0,0.2677731597903322,0.16914494577476,0.4739986889747819,246,1400,4,30.30802790209229,dumbbell,4,0,D,fb_potential,-0.48761512985494976,-1.2491628897048501
-1.0216195029213515,-0.7560659919733858,-0.43692262215496797,-1.0989897341235368,0.13581246919650847,0.10403129628309889,3.2114074910257386,4.0,0.2410194141340081,0.1753806189355863,0.5138389793192987,1046,1400,4,31.207228531085526,dumbbell,4,0,D,fb_potential,-0.36862056608761395,-0.638683263770546
-3.61169939458623,-2.590791420227467,0.5969102603843047,-1.432232325379615,-2.865967556002275,0.10403129628309889,-0.9679446983938784,4.0,0.2713342686792387,0.1922849543545888,0.5092390222236957,65,1400,4,32.2553237960434,dumbbell,4,0,D,fb_potential,-0.4860056555820275,-1.4642390889531751
-1.7236152819079225,-3.688066899526292,-0.9698534833587175,-1.546176937692818,-3.5516866540711796,0.7282190739816919,-0.788170468351529,1.0,0.2672780362360034,0.1893822475977226,0.4988133603124602,389,1400,4,32.98510123751269,dumbbell,4,0,D,fb_potential,-0.487661778721578,-2.0759825380142156
-1.118722019023921,0.4498441807395582,-1.219697253488054,-0.4016646323435137,0.15378522983075632,0.7282190739816919,-0.03914492893415136,3.0,0.2309912948103883,0.160154863456235,0.4884739064175812,634,1400,4,33.627073289551745,dumbbell,4,0,D,fb_potential,-0.31765167098883307,-1.1854121300862372
-1.1743491470167466,-2.0138053371635043,0.1267091422654652,0.479056045139199,2.305196117593749,0.7282190739816919,1.6107350656252528,1.0,0.2275719160139853,0.1547174999399102,0.4877626752742809,64,1400,4,34.08641987865326,dumbbell,4,0,D,fb_potential,0.22872258782417143,-0.28888051695965
0.5939088761357391,0.7727480910788493,-0.8546437166255023,-0.7020445553955122,1.9340849304388823,0.10403129628309889,2.237569991227074,2.0,0.2372293847180323,0.1981915992524306,0.5372914169166227,599,1400,4,34.33392853912724,dumbbell,4,0,D,fb_potential,-0.023087030682862553,-0.306912343865317
-2.9193618065717524,-3.750853185345181,0.3432091428679325,-1.4794604184398163,-3.0318254927235104,0.7282190739816919,-0.20961755433654317,2.0,0.2487127997959896,0.1719289814339015,0.4913284213324348,544,1400,4,34.429055879941174,dumbbell,4,0,D,fb_potential,-0.47279952598585384,-2.007104185132997
0.3422116937807967,0.5745545974699012,0.0,-0.3524980947533589,0.0,-0.0,0.0,1.0,0.0,0.9839717416930438,0.9904440583573104,208,1400,4,-23.904740663319068,dumbbell,4,0,D,heatgeo_4t,0.4954783411268803,2.5856751072323787
-0.5444040941151193,-0.13951380645605957,0.0,-0.4501827189449511,0.0,-0.0,0.0,1.0,0.0,0.9852518258485952,0.9907034964785536,362,1400,4,-18.815015537403607,dumbbell,4,0,D,heatgeo_4t,0.48795006088829296,2.5072695534612173
-0.13820541551456236,-0.10426847478869276,0.0,0.3388034249739839,0.0,-0.0,0.0,3.0,0.0,0.9765330782487102,0.9879042977490508,1088,1400,4,-7.813635606929903,dumbbell,4,0,D,heatgeo_4t,0.4917306472512055,2.58841297026806
-0.36206109532173814,-0.6602289191677116,0.0,-0.18633803570931184,0.0,-0.0,0.0,1.0,0.0,0.9830041253922858,0.9883548828317728,915,1400,4,3.6191873761399993,dumbbell,4,0,D,heatgeo_4t,0.4960755659258539,2.5772037904334617
-1.0409055550989346,-1.1176491434052926,0.0,-0.06475406859891603,0.0,-0.0,0.0,1.0,0.0,0.98202185226297,0.9880787634100324,361,1400,4,11.714458782310004,dumbbell,4,0,D,heatgeo_4t,0.49426991419309185,2.568640995320944
0.3103362936081823,0.7011712504611887,0.0,0.9521038187442846,0.0,-0.0,0.0,1.0,0.0,0.9710595803399708,0.9821168132735154,813,1400,4,13.17250244118475,dumbbell,4,0,D,heatgeo_4t,0.495507249047879,2.709311816062531
-0.8143840645856802,-0.5719434763653343,0.0,-0.29796712407028897,0.0,-0.0,0.0,2.0,0.0,0.983388972129526,0.990235279254716,774,1400,4,14.669007691509492,dumbbell,4,0,D,heatgeo_4t,0.49426991419309185,2.5435470330592005
0.12444170135953571,0.4100606683978401,0.0,1.5467294288655344,0.0,-0.0,0.0,2.0,0.0,0.9663634675015856,0.9786906515570232,1208,1400,4,16.82071651515401,dumbbell,4,0,D,heatgeo_4t,0.495507249047879,2.726254299399629
-1.4927138271108265,-1.7633465334963763,0.0,-0.33857178877086097,0.0,-0.0,0.0,1.0,0.0,0.9845766773594784,0.9899080005453832,1283,1400,4,18.57494358669726,dumbbell,4,0,D,heatgeo_4t,0.49426991419309185,2.552825661292476
-1.3793280077149355,-1.5903510319464538,0.0,-0.06886308559103453,0.0,-0.0,0.0,1.0,0.0,0.9820184803826054,0.9880198845829148,218,1400,4,20.05605537357353,dumbbell,4,0,D,heatgeo_4t,0.49426991419309185,2.568640995320944
-0.8863830003602039,-0.4326849058661666,0.0,-0.22012695530459417,0.0,-0.0,0.0,1.0,0.0,0.9827408814316506,0.9903925375345104,431,1400,4,21.90370296585198,dumbbell,4,0,D,heatgeo_4t,0.48795006088829296,2.5726611845302654
0.33006415791553967,0.9406722924584205,0.0,-0.04482697579337523,0.0,-0.0,0.0,1.0,0.0,0.9805065748376874,0.989515450183289,564,1400,4,23.736312902586512,dumbbell,4,0,D,heatgeo_4t,0.4954783411268803,2.601490441260847
-0.12552792623639117,0.1694815090378169,0.0,-0.4330554343096174,0.0,-0.0,0.0,1.0,0.0,0.9844761848596826,0.99082396826199,1026,1400,4,25.138502510598045,dumbbell,4,0,D,heatgeo_4t,0.4917306472512055,2.545132773487091
-1.2549417863380836,-1.3428387421954389,0.0,-0.6676828353864427,0.0,-0.0,0.0,1.0,0.0,0.987592030862828,0.9919507834176616,693,1400,4,26.45308691767381,dumbbell,4,0,D,heatgeo_4t,0.49426991419309185,2.365379276004479
-0.19504203080270666,0.037734251347056734,0.0,0.896363442619799,0.0,-0.0,0.0,1.0,0.0,0.9716998800269072,0.9835503665918028,625,1400,4,27.98331129289876,dumbbell,4,0,D,heatgeo_4t,0.4917833172070756,2.612739623730621
-1.3284130386933357,-1.5507487476601363,0.0,-0.2142482519745567,0.0,-0.0,0.0,2.0,0.0,0.983322891299265,0.9894483678320648,823,1400,4,29.13634847296726,dumbbell,4,0,D,heatgeo_4t,0.49426991419309185,2.5819398127635407
-1.6246922527921999,-1.6532032058143717,0.0,0.05102356563929095,0.0,-0.0,0.0,1.0,0.0,0.9804745137628624,0.9872531951294988,246,1400,4,30.30802790209229,dumbbell,4,0,D,heatgeo_4t,0.49426991419309185,2.568640995320944
-1.3087639979481667,-1.7204460219899718,0.0,-0.01957949606895002,0.0,-0.0,0.0,1.0,0.0,0.9814587653013191,0.9876600224523278,1046,1400,4,31.207228531085526,dumbbell,4,0,D,heatgeo_4t,0.49426991419309185,2.568640995320944
-1.3311200709383777,-1.3922371504382445,0.0,-0.3596441303123963,0.0,-0.0,0.0,2.0,0.0,0.984501907318622,0.9907361102390102,65,1400,4,32.2553237960434,dumbbell,4,0,D,heatgeo_4t,0.49426991419309185,2.552825661292476
-0.7490508869770679,-1.1146169430858914,0.0,-0.204932542586013,0.0,-0.0,0.0,1.0,0.0,0.9830731818908276,0.989411188931296,389,1400,4,32.98510123751269,dumbbell,4,0,D,heatgeo_4t,0.49426991419309185,2.5819398127635407
-0.6731218868659327,-0.3740532170507276,0.0,0.9391334098340488,0.0,-0.0,0.0,1.0,0.0,0.971288269010204,0.9833345107331204,634,1400,4,33.627073289551745,dumbbell,4,0,D,heatgeo_4t,0.4880265197964061,2.6671837418893527
-1.14077422935523,-0.8615897469033682,0.0,1.4099096911107765,0.0,-0.0,0.0,1.0,0.0,0.967652039580496,0.9816042604044156,64,1400,4,34.08641987865326,dumbbell,4,0,D,heatgeo_4t,0.49430650365672113,2.684126225226451
-0.12626447788077708,-0.10850868550948449,0.0,-0.1977021110163977,0.0,-0.0,0.0,1.0,0.0,0.9825103773506834,0.9895622818068354,599,1400,4,34.33392853912724,dumbbell,4,0,D,heatgeo_4t,0.4917306472512055,2.6017117877106566
-1.8107188558844636,-1.9818546347573391,0.0,-0.18357351732819502,0.0,-0.0,0.0,1.0,0.0,0.9832327798505532,0.988652413806404,544,1400,4,34.429055879941174,dumbbell,4,0,D,heatgeo_4t,0.49426991419309185,2.5819398127635407
0.3396625233243819,0.5709900548915324,0.0,-0.35045554800416706,0.0,-0.0,0.0,1.0,0.0,0.9855307674578642,0.9913701888912104,208,1400,4,-23.904740663319068,dumbbell,4,0,D,heatgeo_t,0.4954783411268803,2.5856751072323787
-0.5403962031972332,-0.13980899031593197,0.0,-0.44881013527255653,0.0,-0.0,0.0,1.0,0.0,0.986685545128758,0.991604995537816,362,1400,4,-18.815015537403607,dumbbell,4,0,D,heatgeo_t,0.48795006088829296,2.5072695534612173
-0.1440416969517645,-0.10972078613616869,0.0,0.34284410390303627,0.0,-0.0,0.0,3.0,0.0,0.9788268217568346,0.989078531992398,1088,1400,4,-7.813635606929903,dumbbell,4,0,D,heatgeo_t,0.4917306472512055,2.58841297026806
-0.35976919732309326,-0.6550105526388209,0.0,-0.18392798301735877,0.0,-0.0,0.0,1.0,0.0,0.9846585535361074,0.9894849549742396,915,1400,4,3.6191873761399993,dumbbell,4,0,D,heatgeo_t,0.4960755659258539,2.5772037904334617
-1.0313071889418752,-1.105418633106491,0.0,-0.06207210317252915,0.0,-0.0,0.0,1.0,0.0,0.983773044835498,0.9892362568111346,361,1400,4,11.714458782310004,dumbbell,4,0,D,heatgeo_t,0.49426991419309185,2.568640995320944
0.2986449239570643,0.6884891999044289,0.0,0.9553106650577693,0.0,-0.0,0.0,1.0,0.0,0.9738978015575432,0.9838607380907034,813,1400,4,13.17250244118475,dumbbell,4,0,D,heatgeo_t,0.495507249047879,2.709311816062531
-0.8088377303366838,-0.5670858550370407,0.0,-0.2956378335413156,0.0,-0.0,0.0,2.0,0.0,0.9850053046961168,0.9911819548724404,774,1400,4,14.669007691509492,dumbbell,4,0,D,heatgeo_t,0.49426991419309185,2.5435470330592005
0.11126512575583154,0.39609120186307223,0.0,1.547792939856605,0.0,-0.0,0.0,2.0,0.0,0.969671306882943,0.9807719593021595,1208,1400,4,16.82071651515401,dumbbell,4,0,D,heatgeo_t,0.495507249047879,2.726254299399629
-1.4738648449912646,-1.735138986188888,0.0,-0.3367452678677866,0.0,-0.0,0.0,1.0,0.0,0.9860764233142368,0.9908863148003876,1283,1400,4,18.57494358669726,dumbbell,4,0,D,heatgeo_t,0.49426991419309185,2.552825661292476
-1.3636869554238469,-1.5674620836442106,0.0,-0.06607372911114294,0.0,-0.0,0.0,1.0,0.0,0.9837697616079404,0.989182725638494,218,1400,4,20.05605537357353,dumbbell,4,0,D,heatgeo_t,0.49426991419309185,2.568640995320944
-0.8766637693060709,-0.42800833431199753,0.0,-0.21745736079018932,0.0,-0.0,0.0,1.0,0.0,0.984420676112038,0.9913233656251742,431,1400,4,21.90370296585198,dumbbell,4,0,D,heatgeo_t,0.48795006088829296,2.5726611845302654
0.3255178000786292,0.9364766285046541,0.0,-0.04151246045691568,0.0,-0.0,0.0,1.0,0.0,0.9824066210884084,0.9905325224854118,564,1400,4,23.736312902586512,dumbbell,4,0,D,heatgeo_t,0.4954783411268803,2.601490441260847
-0.1294989380439474,0.1634886928171342,0.0,-0.43146795170113694,0.0,-0.0,0.0,1.0,0.0,0.9859865480497902,0.9917133544112016,1026,1400,4,25.138502510598045,dumbbell,4,0,D,heatgeo_t,0.4917306472512055,2.545132773487091
-1.2399481987996932,-1.323741583255599,0.0,-0.6676284835671286,0.0,-0.0,0.0,1.0,0.0,0.988796305415402,0.992730076155137,693,1400,4,26.45308691767381,dumbbell,4,0,D,heatgeo_t,0.49426991419309185,2.365379276004479
-0.2031569687254943,0.028551119730194714,0.0,0.8998601311533219,0.0,-0.0,0.0,1.0,0.0,0.9744737951388684,0.9851515413157566,625,1400,4,27.98331129289876,dumbbell,4,0,D,heatgeo_t,0.4917833172070756,2.612739623730621
-1.3129160244881093,-1.5277928879734264,0.0,-0.21187672079382358,0.0,-0.0,0.0,2.0,0.0,0.9849458129691798,0.9904717024338924,823,1400,4,29.13634847296726,dumbbell,4,0,D,heatgeo_t,0.49426991419309185,2.5819398127635407
-1.6068037741230736,-1.6311781719353438,0.0,0.05421513795499527,0.0,-0.0,0.0,1.0,0.0,0.9823782107893512,0.9884914581784452,246,1400,4,30.30802790209229,dumbbell,4,0,D,heatgeo_t,0.49426991419309185,2.568640995320944
-1.2956315495150117,-1.695368877027102,0.0,-0.01663923453893167,0.0,-0.0,0.0,1.0,0.0,0.9832656079655264,0.988857924881825,1046,1400,4,31.207228531085526,dumbbell,4,0,D,heatgeo_t,0.49426991419309185,2.568640995320944
-1.3156913592135588,-1.3731991033840214,0.0,-0.3578347629226208,0.0,-0.0,0.0,2.0,0.0,0.9860088975807948,0.9916336749575444,65,1400,4,32.2553237960434,dumbbell,4,0,D,heatgeo_t,0.49426991419309185,2.552825661292476
-0.7440430789965736,-1.103164041973236,0.0,-0.20264877152934566,0.0,-0.0,0.0,1.0,0.0,0.984721267152577,0.9904383911957813,389,1400,4,32.98510123751269,dumbbell,4,0,D,heatgeo_t,0.49426991419309185,2.5819398127635407
-0.6770058274817671,-0.3804675649090255,0.0,0.9425241945195232,0.0,-0.0,0.0,1.0,0.0,0.9741036125671722,0.984956700023522,634,1400,4,33.627073289551745,dumbbell,4,0,D,heatgeo_t,0.4880265197964061,2.6671837418893527
-1.1375981720849555,-0.8613446819208266,0.0,1.411685456390502,0.0,-0.0,0.0,1.0,0.0,0.9708305425197488,0.983397363680674,64,1400,4,34.08641987865326,dumbbell,4,0,D,heatgeo_t,0.49430650365672113,2.684126225226451
-0.12786078432950168,-0.11072473499732224,0.0,-0.19512722212877912,0.0,-0.0,0.0,1.0,0.0,0.9842133298773096,0.9905741179436116,599,1400,4,34.33392853912724,dumbbell,4,0,D,heatgeo_t,0.4917306472512055,2.6017117877106566
-1.786802507772774,-1.9498782122601006,0.0,-0.18128912194728627,0.0,-0.0,0.0,1.0,0.0,0.9848649105791688,0.989753779447013,544,1400,4,34.429055879941174,dumbbell,4,0,D,heatgeo_t,0.49426991419309185,2.5819398127635407
0.09585745847313189,0.8290440006534694,-0.6765167978316992,-0.514565604228077,1.0620463233128876,-1.6257972887401668,-0.2587674130067014,4.0,0.2426863213785096,0.2147897482666514,0.5817626060369945,208,1400,4,-23.904740663319068,dumbbell,4,0,D,pca_denoise,-0.09634731717707257,-0.16027519001385251
-0.2373414353310273,0.06883009594220175,0.09791007787717082,-0.7074329910572147,-0.0592952894718084,-1.6257972887401668,0.038360971387074255,2.0,0.2719158527877636,0.2132359321363041,0.5400521975039484,362,1400,4,-18.815015537403607,dumbbell,4,0,D,pca_denoise,-0.35184013401120484,-0.15257601267298895
0.8765504502671643,1.3890688986815904,-1.3072108086536196,0.04851350516441196,1.115829986999365,-0.31054554953463864,0.5294102198505416,2.0,0.2542437302427571,0.2377214545873756,0.5988881699598446,1088,1400,4,-7.813635606929903,dumbbell,4,0,D,pca_denoise,-0.08089451244323964,-0.3330222000986911
1.2858993431694834,0.8659508070300146,0.1815107573609275,-0.7431673059609293,1.4807504581753856,0.5662889432690468,1.134625380046641,3.0,0.2231296146265024,0.2947420904206952,0.6186199569487552,915,1400,4,3.6191873761399993,dumbbell,4,0,D,pca_denoise,-0.0012402510840877623,0.20788518569647355
-1.0772221493751921,-0.8232303822633296,1.5416121621970618,-0.3789254699861336,-0.17705892602135506,1.0047061896708895,-0.14940096734265707,1.0,0.2639013288740041,0.2009872749241871,0.5028731080754965,361,1400,4,11.714458782310004,dumbbell,4,0,D,pca_denoise,-0.4083126076914391,0.014594342960937258
2.3274991262210745,2.3918844746302237,-1.7293092169241253,1.451952165845427,2.7455744100702355,1.223914812871811,1.4917941574852474,3.0,0.2215668681413828,0.2453880258954845,0.6809332119418575,813,1400,4,13.17250244118475,dumbbell,4,0,D,pca_denoise,0.47256173127934287,1.1325744963261801
-0.2632899360481062,0.6224609791913015,0.6472460309084653,-0.686800196732234,0.03998158090709538,0.7854975664699682,0.4748590440478765,2.0,0.2538180769539055,0.2042792762705834,0.5342454234246128,774,1400,4,14.669007691509492,dumbbell,4,0,D,pca_denoise,-0.3634117421386106,-0.08180836596447819
1.9942145136512992,2.497464835117431,-0.6304460200846944,1.2445876614504718,1.893063549536567,1.223914812871811,1.5755119775221444,4.0,0.2351379639324337,0.2310480495721227,0.6318813498963637,1208,1400,4,16.82071651515401,dumbbell,4,0,D,pca_denoise,-0.05418334581614892,0.3498206947962058
-1.247134410500176,-1.200631102528281,1.2976159392946036,-0.8524291340084569,-0.9045832277812407,1.223914812871811,0.5105116739369998,1.0,0.267115634809704,0.184395375663752,0.4755275915449935,1283,1400,4,18.57494358669726,dumbbell,4,0,D,pca_denoise,-0.49161546920233634,-0.8304269862864224
0.2545176499192866,0.07674256569036339,1.4523807477230575,-0.7892664489037974,-0.4696793493671483,0.7854975664699682,0.8615344545913183,1.0,0.2727540758666447,0.23945168137639,0.5690088052258958,218,1400,4,20.05605537357353,dumbbell,4,0,D,pca_denoise,-0.23520374010467282,0.20983892440912177
1.5752306614520095,1.1304184949911795,-0.7646091982232918,-0.8396092784514434,0.62168372368137,-2.283423158342931,1.021344240065819,1.0,0.2584116730909278,0.2434890775433228,0.5806229524490814,431,1400,4,21.90370296585198,dumbbell,4,0,D,pca_denoise,-0.05642422077668824,-0.13939682307080412
1.474180545598792,1.5907206010285948,-0.7002917626756772,0.5439136035530057,2.0264744900523635,1.223914812871811,0.2867845642483372,4.0,0.2313310759984402,0.2360258580328088,0.6343466261280983,564,1400,4,23.736312902586512,dumbbell,4,0,D,pca_denoise,0.05129089541117271,0.33803455214674805
1.009089003589784,1.7933854730459486,-3.4299629794724087,-0.1919898825757657,2.0190893128450167,-0.0913369263337173,-0.07771840147689255,5.0,0.2274531223526143,0.2656907737365941,0.6672543850755464,1026,1400,4,25.138502510598045,dumbbell,4,0,D,pca_denoise,0.43405172293791716,0.7024779088352676
1.6390037692959152,1.0107426507190012,0.488138424555201,-1.0278491507191994,-1.0439628337470879,-0.52975417273556,-0.11064042295919282,1.0,0.2864473694035816,0.2343161938635318,0.5394222886155361,693,1400,4,26.45308691767381,dumbbell,4,0,D,pca_denoise,-0.19012646633647384,-0.30647701385835885
2.0406080690315807,1.996240397993377,-0.018591821213624963,0.8265915255587695,1.624168410387481,1.223914812871811,1.3203428170444536,4.0,0.2440270327889567,0.238148010528238,0.6298155916052071,625,1400,4,27.98331129289876,dumbbell,4,0,D,pca_denoise,0.03813491953439341,0.13136134637483993
0.06191132336420526,0.23135235178143196,0.4395927781375823,-0.7498389121428308,-0.10151506626692526,-0.0913369263337173,0.680467610754412,2.0,0.2544756156041786,0.1927985053338853,0.5080934562593408,823,1400,4,29.13634847296726,dumbbell,4,0,D,pca_denoise,-0.3669706214291788,-0.3774638088667908
-0.06831320080610763,-0.14781349489314424,1.2252193881416473,-0.06366986671222076,-0.060653853020849094,1.223914812871811,1.319477164703896,4.0,0.2620938619402836,0.1891446054993716,0.5060990075737496,246,1400,4,30.30802790209229,dumbbell,4,0,D,pca_denoise,-0.33661190768542315,-0.03875634965052218
-1.8865587917388247,-1.2067861901559827,0.844733892338278,-0.3782206371300827,-0.047309024529182044,1.223914812871811,0.8695206938013922,3.0,0.2660856456328735,0.1945259748055732,0.5223507907142474,1046,1400,4,31.207228531085526,dumbbell,4,0,D,pca_denoise,-0.4318988476588665,0.028765431436029696
-0.5269089582040707,-0.5224015011678705,0.1960450523269952,-0.8274812631066163,-0.833400936501314,0.7854975664699682,-0.28101353084801406,2.0,0.2635795256892169,0.1865234265555079,0.4966809951312365,65,1400,4,32.2553237960434,dumbbell,4,0,D,pca_denoise,-0.4173692656274871,-0.573719048251981
-0.597582643312199,0.18393966513345067,1.0944264996529143,-0.39907115083884315,0.030842504596629197,1.223914812871811,0.4282878390391042,3.0,0.2508288341987684,0.2048214686940288,0.5255646504332591,389,1400,4,32.98510123751269,dumbbell,4,0,D,pca_denoise,-0.40684901790858735,0.09716863961030711
1.4084485796486903,1.5502380641529971,-0.2542965573840033,1.542079364654352,2.6080221042712948,1.223914812871811,1.0798984468003159,2.0,0.2135024910485446,0.2082016679810774,0.6579399107782642,634,1400,4,33.627073289551745,dumbbell,4,0,D,pca_denoise,0.38238144898350546,1.009856192615934
1.1532927611479447,1.13104419660994,0.4625889651516218,1.4400298117221528,1.513273568122847,1.223914812871811,2.3125241333798416,3.0,0.2395368581221186,0.1881942435973646,0.5787731713891661,64,1400,4,34.08641987865326,dumbbell,4,0,D,pca_denoise,-0.16414368003984925,0.18316755298571727
0.07175734402980244,-0.13475537521499503,-0.018812138398650008,-0.38358593499815963,1.6497441740343979,0.34708032006812545,1.4368318600225947,1.0,0.2254972293131866,0.2836874317566476,0.628655537614799,599,1400,4,34.33392853912724,dumbbell,4,0,D,pca_denoise,0.09996073085453827,0.2850807660548298
-0.9762289923306336,-1.3470016323362728,0.9409282953196256,-0.773554783671012,-1.1741608680497502,1.223914812871811,0.09803792105904487,4.0,0.2680775660455173,0.1905045058615772,0.497514110141915,544,1400,4,34.429055879941174,dumbbell,4,0,D,pca_denoise,-0.45309922024664495,-0.916147156052438
0.6083537753940722,0.7051818003907266,-0.6579424334563269,0.3235910504056144,0.3731832202867045,0.5899839642286152,1.030543412819969,4.0,0.2438531309045875,0.281340866910136,0.5594425384373629,208,1400,4,-23.904740663319068,dumbbell,4,0,D,plain,-0.09610812575411454,-0.3453853233952535
0.4429217878557633,-0.026894458789482108,-0.7878754382721248,-0.12746265211884358,-0.5202167812918517,-0.5659029860968349,1.3678707454414114,2.0,0.2971449608080919,0.2647830678080889,0.5319338847409324,362,1400,4,-18.815015537403607,dumbbell,4,0,D,plain,-0.42525339108778093,-0.11695256749953695
0.6083686199826875,0.7455318555877246,-0.876311103324179,0.8617048451498177,0.23884260106252828,1.3124133081820215,0.9059055240637875,1.0,0.269580541858903,0.2698774451852775,0.5417099682828949,1088,1400,4,-7.813635606929903,dumbbell,4,0,D,plain,-0.19205842856262628,-0.3569176293741659
0.014633823777398374,-0.7871134917288449,-0.5471973733878717,-0.3252493897161107,0.5180695996236524,-0.8548747236781974,0.07948328864504088,1.0,0.2166608026123097,0.2894348617997869,0.5458939327881775,915,1400,4,3.6191873761399993,dumbbell,4,0,D,plain,0.17241718091179137,0.321171023522738
-0.4532943868349899,-0.4448517741076437,-0.9150739740400735,-0.4807811722958261,-0.039526639836633806,-0.8548747236781974,1.0071496453728865,1.0,0.2365780495152178,0.2806986034769088,0.5309304712962468,361,1400,4,11.714458782310004,dumbbell,4,0,D,plain,-0.3288171289835722,-0.31829817552888273
0.9193588789832443,2.089832790474571,-1.38947153529864,1.8507774697124202,2.160845759699996,1.4568991769727027,2.18223444713286,2.0,0.1589367782382194,0.3164420555082285,0.8099075866303583,813,1400,4,13.17250244118475,dumbbell,4,0,D,plain,0.4873751848213652,1.9488882701342374
0.5297518327762215,0.335844419361643,0.5963197017917152,-0.13194138118409526,0.16522238390596497,-0.8548747236781974,0.8051716451422015,1.0,0.2536895655740244,0.2691157392509325,0.5360020695748586,774,1400,4,14.669007691509492,dumbbell,4,0,D,plain,-0.075661758366113,0.2637404967887512
0.7211258446920595,1.418109369176086,0.08830180048645457,2.137051939720375,1.0726917615080966,1.4568991769727027,2.125842594670829,2.0,0.2218258836244135,0.2894647227117011,0.5836598921683357,1208,1400,4,16.82071651515401,dumbbell,4,0,D,plain,0.033716249081751304,0.36586254830063597
0.6297414461088398,0.47165266269520634,-0.21199910992277105,-0.6272445183065377,-0.49507002654885646,-0.8548747236781974,0.7539525402472921,2.0,0.2800327354830171,0.2672965124966501,0.5218589791419643,1283,1400,4,18.57494358669726,dumbbell,4,0,D,plain,-0.4449740411309305,-0.6777190925996033
0.5641311093005945,0.2966135551393091,0.4604764795094602,-0.47390311080503983,0.373127071804654,-0.8548747236781974,-0.011248237848610997,1.0,0.2291727941198404,0.2794502552484669,0.5447406014109722,218,1400,4,20.05605537357353,dumbbell,4,0,D,plain,0.07466364056771979,0.3174117960266798
0.5350123505248836,0.4081259618330866,-0.013566309933147348,-0.20440732174251006,0.1604109368536638,-0.8548747236781974,0.46755363572504266,1.0,0.2589175349615498,0.270059986656967,0.5557004064059823,431,1400,4,21.90370296585198,dumbbell,4,0,D,plain,-0.14215338210280776,0.14786559714082603
0.838722893802355,2.040443129151694,-0.9596222750373515,1.2771696525211669,1.621467612030108,1.3124133081820215,1.671307257627125,1.0,0.1839231102055589,0.3023116769909266,0.7976487150878859,564,1400,4,23.736312902586512,dumbbell,4,0,D,plain,0.4796405392416926,1.1242135291916475
0.6942055759063245,1.6557112996595074,-1.8650863985411463,-0.07435592093141753,0.7398793993697057,-0.5659029860968349,1.0035758637080932,3.0,0.2069772191418199,0.2896171541071763,0.5712290027723456,1026,1400,4,25.138502510598045,dumbbell,4,0,D,plain,0.12042133584276682,0.17037932138988196
0.6349925409449819,0.33667314512212876,-0.0934910768456004,-0.43557267447406306,0.4216519041060555,-0.8548747236781974,0.3294587950549807,1.0,0.2140928548038896,0.2889664309626038,0.5515667577350772,693,1400,4,26.45308691767381,dumbbell,4,0,D,plain,0.11801358841446741,0.4105372078034847
0.7899546473118404,2.042716361368686,-0.20594343362290277,2.0640083212165443,1.0376443568716327,1.4568991769727027,2.010752917422274,1.0,0.2262540298120731,0.2880605443290626,0.7580987336059046,625,1400,4,27.98331129289876,dumbbell,4,0,D,plain,0.44159790672461896,1.0787327343770374
0.5919521597980223,0.39853400048870663,-0.485219537110791,-0.48780458404285415,-0.10191417396172309,-0.8548747236781974,1.446668872816475,1.0,0.2590193133730092,0.2715720340811318,0.5337218078512723,823,1400,4,29.13634847296726,dumbbell,4,0,D,plain,-0.22091810601472056,-0.09269866615331082
0.4512235246060437,-0.13198153377004182,0.7026608590193734,0.011381758663827875,0.07204218597042543,-0.8548747236781974,-0.49396831480171066,1.0,0.2673376097899645,0.2703455999074088,0.5344181984852638,246,1400,4,30.30802790209229,dumbbell,4,0,D,plain,-0.16872580336381926,0.20469243415264596
0.3250775922938796,-0.5718567095149355,0.473451907173412,-0.3281129821233958,-0.5203953812507142,-0.8548747236781974,-0.15623093774839242,1.0,0.3008851527794801,0.2566377949538216,0.5098478172379154,1046,1400,4,31.207228531085526,dumbbell,4,0,D,plain,-0.4398178444251855,-0.10429704633031216
0.6657091635705997,0.7078056065251326,-0.2670854083805496,-0.6327153788046956,-0.6223956694623902,-0.8548747236781974,0.4002442552304517,2.0,0.2961467043574873,0.2574278811738437,0.507943773063188,65,1400,4,32.2553237960434,dumbbell,4,0,D,plain,-0.44253081749980683,-0.6003792628430303
0.5353433164331709,0.8679349544791186,0.2760548396324375,-0.5447328482848713,-0.23511509846513073,-0.8548747236781974,0.9731387079559327,1.0,0.2682782736034092,0.2724983669984075,0.5278278289584983,389,1400,4,32.98510123751269,dumbbell,4,0,D,plain,-0.4072049228851613,0.31210850526485745
0.7254591344205215,1.5189355474759159,-0.2663220410131549,2.2063152876628807,1.3091837919860634,1.4568991769727027,1.6843023782733368,1.0,0.2222274000268457,0.2909326341934814,0.7821787008422817,634,1400,4,33.627073289551745,dumbbell,4,0,D,plain,0.43891290574219244,1.0226499083619656
0.564646103172795,0.8602053998547641,1.4106279148054153,1.9176160865089578,1.3294211384953076,1.4568991769727027,1.5941587738472536,4.0,0.2110676273833162,0.2868659183987558,0.7839164459937095,64,1400,4,34.08641987865326,dumbbell,4,0,D,plain,0.46533298412048296,0.8161625078861776
0.4494589631437319,0.17513854643944085,0.4922942719039586,-0.24989411554492905,0.21283689400901676,-0.8548747236781974,1.0209312314464611,1.0,0.2449537160033869,0.2751088225824949,0.5370578024144155,599,1400,4,34.33392853912724,dumbbell,4,0,D,plain,0.10320956455349117,0.28545837947632857
0.15982443063600543,-1.0731779203690122,0.008700583655282285,-0.4722969440474197,-0.7607957044739578,-0.8548747236781974,0.5175404154806491,1.0,0.308718202168872,0.2526853775011305,0.5118884167550808,544,1400,4,34.429055879941174,dumbbell,4,0,D,plain,-0.4468988841249093,-0.1280152592551065
-4.334729952436027,0.9555408384898199,1.038493210598431,1.214822286828222,-5.424869736075426,-999999999.9999999,-6.061874041506329,8.0,0.273132150655802,0.2700500049342287,0.4950091106944008,139,1400,4,-23.903626854904992,dumbbell,4,1,A,oracle,-0.48789006781830485,-1.6888319221819434
-2.228044708029138,1.3956694438026178,-0.5355947723262201,1.6038850145928611,-4.290160600419241,-999999999.9999999,-8.050122187786826,4.0,0.235670762515048,0.2717134143465452,0.5363193985738403,345,1400,4,-19.30269743762144,dumbbell,4,1,A,oracle,-0.21416996072793731,-0.44834723566297907
0.48257517117109194,3.6975203467216815,0.08157365746726634,3.3167764991081365,-3.5161696021362028,-812500000.0,-3.2597295779540705,4.0,0.2424636114971488,0.2600939909589752,0.5337353938884366,567,1400,4,-9.49712260455786,dumbbell,4,1,A,oracle,-0.30982242652502434,-0.3466181039377797
3.0135092470191176,3.2169739194936247,1.7936763068191135,5.394973889012256,-4.532604724981447,-375000000.0,-9.144127218997582,4.0,0.2392945193695332,0.2304296903379974,0.5003508709634843,957,1400,4,2.3680252371261394,dumbbell,4,1,A,oracle,0.2400005849144915,-0.5419321258930322
6.079334479368477,7.21013004007529,2.72144841321468,22.54906068228565,-3.969113118528051,-0.0,4.601049906941874,4.0,0.243803320253874,0.2715545232812211,0.5252626481717152,875,1400,4,12.14113035619155,dumbbell,4,1,A,oracle,0.4969448228197777,0.23921636703240726
8.795212858588501,8.64750874957528,1.3966649568167642,22.75480204000302,-2.782671927035289,-0.0,2.5141701981896625,4.0,0.2201941485889081,0.2448734679357359,0.5450238497121843,1199,1400,4,13.806165288432432,dumbbell,4,1,A,oracle,0.4938075013483175,0.2698463861366294
9.327990284186265,8.889178151356324,1.530683429873022,21.10409594037067,-3.6709083136936678,-0.0,2.484350957304078,4.0,0.2596980568314297,0.2850108330481071,0.5672870683512974,890,1400,4,15.18018583052862,dumbbell,4,1,A,oracle,0.4979723687496197,0.4183991490570916
9.149484261398362,8.677436979612036,2.943762834961883,24.870948312490246,-3.97876299182566,-0.0,1.6539527764465922,4.0,0.2618334196931438,0.2553619360418753,0.5434937140179599,1183,1400,4,16.92961649185093,dumbbell,4,1,A,oracle,0.4997677652434639,0.383965088553044
10.557685148454171,9.82679650865322,3.0660510870906137,18.89771126754946,-3.967138339540694,-0.0,-2.5019928601958763,4.0,0.2557338725835638,0.2888953265425106,0.5464344631548437,1112,1400,4,18.689674801817247,dumbbell,4,1,A,oracle,0.4998030370473697,0.4401322706145932
10.078880143401141,9.592750639196945,3.3347077012190844,23.817178354659603,-3.6017665761839948,-0.0,1.2936108958989856,4.0,0.2437600827163838,0.2463795609578085,0.5461560958272447,1346,1400,4,20.441465734001103,dumbbell,4,1,A,oracle,0.4999031106033508,0.4152767332423045
10.475799510907512,9.685726364462402,2.470012966450649,19.690765750712252,-2.776305194399215,-0.0,0.1566410540027839,4.0,0.2307753415480383,0.283130685569336,0.5559599844557084,771,1400,4,22.25318956983028,dumbbell,4,1,A,oracle,0.4992917376737359,0.37609223396684166
11.426995794879259,10.080144811630358,3.090333420205818,20.264851995815704,-3.5310491570609592,-0.0,3.8873874588658635,4.0,0.2553631240019598,0.296977592841267,0.5652442684932478,885,1400,4,24.19911534089768,dumbbell,4,1,A,oracle,0.4995669509309151,0.5048196041262372
13.3486460593632,10.516584246886856,4.254648173269272,14.985398224784744,-4.292899688528491,-62499999.99999999,0.4024553574604406,4.0,0.2670701284073677,0.3090549525602344,0.5500443759829252,695,1400,4,25.457467631216492,dumbbell,4,1,A,oracle,0.4999290921650372,0.6299432760695857
13.030253189145727,10.385997462863466,2.0586032670990915,15.711907001050767,-2.2129491304501947,-0.0,-7.490329336453712,4.0,0.2148890823186501,0.320836082840524,0.587903698261656,1248,1400,4,26.766912365797136,dumbbell,4,1,A,oracle,0.49707239888801447,0.5736109812735936
12.205051138720092,10.652434439312799,1.3485607625803921,21.768516912675697,-1.7615285846977855,-0.0,-3.9293054536382916,4.0,0.2170416514705505,0.2493347393259257,0.580574776485006,487,1400,4,28.08251507244916,dumbbell,4,1,A,oracle,0.4959362369763881,0.4725734637731416
12.20240129866023,10.836044829262777,3.019092913436556,14.914733173574314,-3.5870169161592647,-0.0,-0.7299054335431046,4.0,0.2603162168631574,0.3013511588136365,0.5873633613104353,340,1400,4,29.25564682434372,dumbbell,4,1,A,oracle,0.499559383782908,0.6047757571460032
13.086889596691615,10.822368600364591,3.589646567643369,15.647638416797454,-3.937663492443413,-0.0,-4.439118968624613,4.0,0.2584595451341445,0.2913991170338861,0.5692919727026978,821,1400,4,30.62766660334332,dumbbell,4,1,A,oracle,0.49990044403911205,0.6267636575029538
12.955204876719193,10.662440100842279,3.810975900435323,13.118172321335411,-4.484505961276041,-124999999.99999999,-1.7419582312977648,4.0,0.2680427006380169,0.3143662529691743,0.571349002256156,710,1400,4,31.587976846787036,dumbbell,4,1,A,oracle,0.4999356961176664,0.5148548447546457
12.166778439721494,10.352070085377754,2.3607222655462903,15.497940335166843,-2.9874992415637807,-0.0,-5.280570448303119,4.0,0.2420894176017564,0.2912380567494174,0.574944920903344,861,1400,4,32.32007875824183,dumbbell,4,1,A,oracle,0.4996610764374858,0.5630520056281415
13.224423189942195,10.561101398958842,2.705398562579858,14.77279488484253,-3.6207914727008963,-124999999.99999999,-1.793353372716273,4.0,0.2556199444930995,0.3027196588857489,0.5675513994360645,988,1400,4,33.12889594809895,dumbbell,4,1,A,oracle,0.4998386132215028,0.5956685263385668
13.178839536356854,10.20799705095473,2.515829710070471,16.255866937487937,-3.263262349250135,-0.0,-3.4664801196837622,4.0,0.2532273301738183,0.2681705023423577,0.5901412206778748,453,1400,4,33.668914599485454,dumbbell,4,1,A,oracle,0.499674900392892,0.6143546110281666
12.415639098795069,10.228604778042879,3.2462423090681365,14.600895256820877,-3.523057796907165,-62499999.99999999,-4.176684221690882,4.0,0.2611496297581102,0.2962459334079949,0.5939333684761906,1088,1400,4,34.059592294100185,dumbbell,4,1,A,oracle,0.4998518296100968,0.820549525282717
12.354021942049528,10.109093533961538,3.6614658904595427,15.082951905791809,-2.8829074915556148,-0.0,-3.6561033764404525,4.0,0.2332439118643366,0.2738030008795965,0.565108883707519,517,1400,4,34.349569802337655,dumbbell,4,1,A,oracle,0.49989514465815843,0.5750662146894729
13.116756060536963,10.378876443021705,2.1288829555140567,13.781519854275619,-3.955530630068775,-62499999.99999999,-0.9800358925613429,4.0,0.2696991245932884,0.2905655792552723,0.5615952185801332,350,1400,4,34.42900931015112,dumbbell,4,1,A,oracle,0.49940075753890756,0.5104025813285535
-2.521157004711946,-3.793295679552723,-0.6138319602367046,-0.719785050702285,3.2064480220333946,-1.1854799745679285,0.2650949385079234,5.0,0.187434795124723,0.3071418351852524,0.6035608691120536,139,1400,4,-23.903626854904992,dumbbell,4,1,B,diffdist_t4,0.384808636315799,0.10459517237522102
-4.117189524690645,-4.142165319115532,-0.4748568656814907,-0.4199321472764337,3.9127445674672505,-0.7903199830452857,1.5513860597220206,5.0,0.1282530863213868,0.3033054355289449,0.5782630811169617,345,1400,4,-19.30269743762144,dumbbell,4,1,B,diffdist_t4,0.4623918309585724,0.19239565602094916
-2.834882236427877,-2.582315617541001,-0.2847922237779213,0.1609888365022433,2.36027252922457,-0.1317199971742143,-1.1156632656900924,5.0,0.1940988308410658,0.2828287555641625,0.563314965805955,567,1400,4,-9.49712260455786,dumbbell,4,1,B,diffdist_t4,0.4160420198972129,-0.15504030062985066
-1.70122989799557,-1.8468797808823496,0.2766099054630485,0.6517658542015641,2.041231386756105,0.6585999858710714,1.5046273290057304,5.0,0.1787071813530371,0.2776592997887144,0.5539760015712918,957,1400,4,2.3680252371261394,dumbbell,4,1,B,diffdist_t4,0.45267985198798677,0.26274578108605773
-0.05965280494348921,-0.649720294803322,0.44849598168761695,2.2618912499902932,0.3293066388506773,0.9220399802195,4.8257264664298045,5.0,0.2322778742541541,0.2250078132852401,0.4393749219573443,875,1400,4,12.14113035619155,dumbbell,4,1,B,diffdist_t4,-0.40011851976760404,-0.40880060545282443
-0.7092036369610388,0.23527950701455264,-0.2745553530976807,2.1193191249080785,0.9287001816671531,0.9220399802195,5.242106468461118,5.0,0.2090130484881915,0.2297452959871511,0.4829906916113072,1199,1400,4,13.806165288432432,dumbbell,4,1,B,diffdist_t4,-0.30765502717186405,-0.6907505350585367
-1.2613152289732243,0.00652911265261853,0.50208851335575,2.0701986812820166,0.7200315841328123,0.9220399802195,4.822542821831991,5.0,0.2305009806288645,0.2565774251656064,0.4727280942981239,890,1400,4,15.18018583052862,dumbbell,4,1,B,diffdist_t4,-0.4499292134813648,-0.3248251384390549
-2.3805410682788453,-2.083541313472718,0.49819208764569806,2.790616844961908,1.366802061813331,0.9220399802195,4.670165746362665,5.0,0.2166185663699624,0.2120881649111159,0.5423020000431638,1183,1400,4,16.92961649185093,dumbbell,4,1,B,diffdist_t4,0.18464656655007883,-0.3851722342933041
-0.9316854773427766,-0.2434259119630993,-0.04898256880951615,2.0527993744677424,0.6721901320329791,0.9220399802195,4.604663920764286,5.0,0.2284860200468543,0.2391736535599723,0.4835509741020963,1112,1400,4,18.689674801817247,dumbbell,4,1,B,diffdist_t4,-0.42012521662309277,-0.4226696232695268
-1.710227333245685,-1.569489772291965,0.49113326302564597,2.561955226369612,1.1508990384400233,0.9220399802195,4.528716438222731,5.0,0.215188473759487,0.2350638062039916,0.5061298668484345,1346,1400,4,20.441465734001103,dumbbell,4,1,B,diffdist_t4,0.23092672660603064,-0.33742590673838546
-1.8768930907693895,-0.638444252917425,-0.18967728596418587,2.249467501762549,0.9580488776390559,0.9220399802195,5.226738114692122,5.0,0.2143037959247377,0.2326205165534415,0.4750816413940307,771,1400,4,22.25318956983028,dumbbell,4,1,B,diffdist_t4,-0.215850886736779,-0.6385823892171776
-1.492931828534553,-1.5829286602749575,0.19691887356776322,2.3783678067424168,1.0967856478601643,0.9220399802195,4.449789590807914,5.0,0.2230271731229157,0.2467660471843371,0.4935848378074182,885,1400,4,24.19911534089768,dumbbell,4,1,B,diffdist_t4,0.287099135373702,-0.3048249700281096
-0.8723022414433024,-0.6640362307255246,-0.20941055949560203,1.9359465840437764,0.5904112036133924,0.9220399802195,3.5489649819979556,5.0,0.2415797826246462,0.2393293885558003,0.4671700653740457,695,1400,4,25.457467631216492,dumbbell,4,1,B,diffdist_t4,-0.39110360623170587,-0.6701201019412163
-0.21844710443494716,0.09809610302581796,-0.5379409732915021,1.8661397168048817,0.975015226306978,0.9220399802195,4.349173868214519,5.0,0.2061497711291586,0.2661966275266098,0.4840194193084235,1248,1400,4,26.766912365797136,dumbbell,4,1,B,diffdist_t4,-0.3357790606467187,-0.6050562851113916
-2.7381369837768066,-1.9115230987938339,0.7233111753753076,2.1802457991507542,1.778626221046478,0.9220399802195,4.733322864976374,5.0,0.2004493718407303,0.2200549907039555,0.5319233381096087,487,1400,4,28.08251507244916,dumbbell,4,1,B,diffdist_t4,0.3204135891486628,-0.08231604251581526
0.27771797653861696,0.3307224849929624,-0.07633719300216661,1.764962154246999,0.5012382312923329,0.9220399802195,3.8986017653983174,5.0,0.2382722980957357,0.2659683129824394,0.4852736923382068,340,1400,4,29.25564682434372,dumbbell,4,1,B,diffdist_t4,-0.41173980950971983,-0.4820956103209467
-0.5522353398868799,-1.2812634642571934,0.11948865678025054,2.0921973907138045,0.8138506846086124,0.9220399802195,4.660500790858766,5.0,0.2377078444228536,0.2426307421789522,0.4776483160577015,821,1400,4,30.62766660334332,dumbbell,4,1,B,diffdist_t4,-0.38078130160250706,-0.4365048007152813
0.08528124067930007,-0.2169607269593538,0.15008697229947693,1.9426254177718012,0.1406629396849713,0.9220399802195,4.8507594250950925,5.0,0.2469160543061085,0.2703489663167825,0.4562067197976477,710,1400,4,31.587976846787036,dumbbell,4,1,B,diffdist_t4,-0.4499010892472048,-0.46049218412375875
-1.4897482117642062,-0.9468285280974013,0.2405777383233174,1.946853717183643,1.346657688847012,0.9220399802195,2.914846018768782,5.0,0.2056144818818307,0.2228688894247099,0.5032052634023341,861,1400,4,32.32007875824183,dumbbell,4,1,B,diffdist_t4,0.2619798218667493,-0.2970902766464936
-0.36343021853015745,0.13949177288653644,0.34861802391611807,1.9616279207352831,0.5416235126998994,0.9220399802195,4.714328332038457,5.0,0.2415397203055169,0.2546546740540682,0.4740841914275479,988,1400,4,33.12889594809895,dumbbell,4,1,B,diffdist_t4,-0.4577777161164014,-0.44856622831674164
-1.114982520521574,-1.5978256394251573,0.4211716902346645,2.0221697915260943,0.9138404091055986,0.9220399802195,4.873433485540917,5.0,0.2306515990718612,0.2292675528889179,0.5081715061730714,453,1400,4,33.668914599485454,dumbbell,4,1,B,diffdist_t4,0.17698758196547593,-0.2268971929752008
-0.2908058578180576,-0.320819236030759,0.5205982784762182,1.9288491277536253,0.6296275455572178,0.9220399802195,2.9923948461794647,5.0,0.2403629239249585,0.2417641796738546,0.4814810272941097,1088,1400,4,34.059592294100185,dumbbell,4,1,B,diffdist_t4,-0.44652876230548555,-0.4352110055680626
-1.9513708424783274,-1.097754477456638,0.47134421506249596,2.0876548682216627,1.2286798689227096,0.9220399802195,4.633249051909808,5.0,0.2090464255481116,0.2123306374382366,0.4973079917512885,517,1400,4,34.349569802337655,dumbbell,4,1,B,diffdist_t4,0.012606648318882363,-0.33742590673838546
-1.0689877564594719,-0.9119690942937527,-0.19515616634551833,1.8886542616552362,0.9637530728308851,0.9220399802195,5.057552412901579,5.0,0.2425901382574923,0.2536593484388058,0.4944226979779997,350,1400,4,34.42900931015112,dumbbell,4,1,B,diffdist_t4,0.23030905330543783,-0.5948260074593169
-17.7028319726491,-8.555073110951628,-0.2507805244091809,9.432865465194912,8.169212156715556,0.8624648498946281,-0.25082880720378353,5.0,0.075462174726491,0.1591217413589014,0.4273584264885247,139,1400,4,-23.903626854904992,dumbbell,4,1,B,diffdist_t8,-0.008122437339953714,0.1660612206564086
-31.601136409580754,-12.215393341166134,-0.11387781888393424,9.5200362336866,7.544048745064962,0.8624648498946281,0.32722986682251665,5.0,0.0620257331330873,0.1499063669560543,0.4013685591789109,345,1400,4,-19.30269743762144,dumbbell,4,1,B,diffdist_t8,-0.009386072726212613,0.24122181121842245
-42.84670213389327,-22.629149531025192,-0.04977132886375658,9.23385213503171,4.201009175280423,0.8624648498946281,0.5609537818626981,5.0,0.0955016508738174,0.1346439523345099,0.3101631268295032,567,1400,4,-9.49712260455786,dumbbell,4,1,B,diffdist_t8,0.036523278737046416,-0.26784111132577637
-33.81457282100339,-24.521063791550457,-0.04930793082703077,8.97132144300429,4.130069603469048,0.8624648498946281,0.5881185519521073,5.0,0.0897760911130965,0.1168490518123818,0.2945213508914109,957,1400,4,2.3680252371261394,dumbbell,4,1,B,diffdist_t8,0.036523278737046416,-0.24294816347336107
-43.7957034354144,-42.00073405988452,0.18343757936240435,11.253119864696107,0.7435467069793527,0.8624648498946281,5.823578873913017,5.0,0.0944435165814146,0.0741491603822131,0.217070132026424,875,1400,4,12.14113035619155,dumbbell,4,1,B,diffdist_t8,-0.2566362557189905,-0.42898955221012225
-22.315181043040422,-33.1894001833994,0.20438714976829855,10.64457330939009,-0.8283441241368033,0.8624648498946281,5.7289640058660884,5.0,0.1065081422421425,0.0802915492432503,0.1744333047056644,1199,1400,4,13.806165288432432,dumbbell,4,1,B,diffdist_t8,-0.4420252845645329,-0.5503775507526089
-17.38182007373559,-30.2850008314694,0.07652511235207567,10.009937758224247,-1.2267841392244656,0.8624648498946281,5.236115091449076,5.0,0.1122579252644568,0.0854088334770154,0.1804814280770016,890,1400,4,15.18018583052862,dumbbell,4,1,B,diffdist_t8,-0.42858120951204465,-0.7691148129309191
-35.531745089583424,-36.682772805533524,0.18760988202655351,10.285550446563123,1.0405736947249804,0.8624648498946281,5.601643606606489,5.0,0.0983133850649567,0.0795920402743249,0.2253633201151183,1183,1400,4,16.92961649185093,dumbbell,4,1,B,diffdist_t8,-0.05340795670532289,-0.4072573696901073
-16.584922900656363,-24.80797324841811,0.04213721148048115,9.886665614471452,-1.0537493399199407,0.8624648498946281,4.232809591465712,5.0,0.1027700525624972,0.0814616521749677,0.1856650710332954,1112,1400,4,18.689674801817247,dumbbell,4,1,B,diffdist_t8,-0.42858120951204465,-1.0379790833813187
-21.938335903862885,-35.45900216520849,0.08288206407536346,10.097468475063257,0.6332410435211697,0.8624648498946281,5.920920458662477,5.0,0.0982817957888962,0.0847328207871322,0.2034494870953233,1346,1400,4,20.441465734001103,dumbbell,4,1,B,diffdist_t8,-0.23240592073543948,-0.43009483107618446
-27.350214236009652,-32.390390013901836,-0.06828290614319156,10.373766682078855,-1.265268362383247,0.8624648498946281,4.687994306781874,5.0,0.1105465616341744,0.0818048247645595,0.163645672659432,771,1400,4,22.25318956983028,dumbbell,4,1,B,diffdist_t8,-0.4447972914345962,-0.8007670153662687
-29.74685047861285,-31.15988776001081,0.04423934296603835,9.65369617738279,-0.22354133650848246,0.8624648498946281,4.731342094759236,5.0,0.1057384562404673,0.0852403984403911,0.1868330426539157,885,1400,4,24.19911534089768,dumbbell,4,1,B,diffdist_t8,-0.41619026923985547,-0.5703795453680471
-29.705572328143194,-37.83638265858702,-0.07703456302608737,9.12714400066163,-0.8583979064037686,0.7314575309232922,2.9004978290259182,5.0,0.1192036673100623,0.1038213441909493,0.2010059078098177,695,1400,4,25.457467631216492,dumbbell,4,1,B,diffdist_t8,-0.4356676044432545,-0.518016972951318
-18.025136750166997,-22.625850389002053,-0.07487579036012369,8.435840327257676,-1.3193452036300937,0.8624648498946281,3.1618197969660105,5.0,0.1120903819102673,0.1051893802873598,0.1885131246649929,1248,1400,4,26.766912365797136,dumbbell,4,1,B,diffdist_t8,-0.45237509777060214,-0.8271103228287816
-27.16523737947826,-33.674124552191685,0.10062256575232763,9.074947885635709,-0.19021521205324637,0.8624648498946281,2.471275222275386,5.0,0.1012839957246822,0.0984166176545111,0.1953209264483565,487,1400,4,28.08251507244916,dumbbell,4,1,B,diffdist_t8,-0.41847505375444,-0.5143014303443314
-13.885806824321241,-23.193174787139537,0.09996098437103765,8.22320151736662,-1.5938170644283185,0.8624648498946281,1.9515588539160358,5.0,0.1215367424381052,0.1048746910682286,0.1889801674875279,340,1400,4,29.25564682434372,dumbbell,4,1,B,diffdist_t8,-0.4009577541018662,-0.9575106542336467
-20.16322827257498,-23.75002901638952,-0.009473271849053964,9.210817243763568,-0.5801785667266596,0.8624648498946281,4.030766830063687,5.0,0.1112961789819106,0.0941632622906766,0.2013866199859317,821,1400,4,30.62766660334332,dumbbell,4,1,B,diffdist_t8,-0.42768649194850283,-0.36358966241691826
-37.19353065089971,-31.438522106875574,0.006894666426539123,8.904413433820636,-1.6281969939950316,0.8624648498946281,2.558647258965667,5.0,0.1244439449071953,0.1127481731715038,0.1845470568750114,710,1400,4,31.587976846787036,dumbbell,4,1,B,diffdist_t8,-0.44387823511024593,-1.14650416909223
-27.876238219673375,-31.987542074858133,-0.12210047671707575,8.139904692171308,0.7517830258769493,0.8624648498946281,2.1879446633010167,5.0,0.0992209131207474,0.0867285259481942,0.216199322922581,861,1400,4,32.32007875824183,dumbbell,4,1,B,diffdist_t8,-0.14679895692986367,-0.5033673489868015
-15.141463628973852,-25.921673183144414,0.11537200464389853,8.771224836526665,-1.1836114077100601,0.8624648498946281,2.1012506080048774,5.0,0.1163938708246595,0.1015880027077773,0.1884605011701492,988,1400,4,33.12889594809895,dumbbell,4,1,B,diffdist_t8,-0.4305538021815885,-0.8147421474950263
-27.501148236249442,-44.41274568632425,0.0176821925561696,8.681366632952871,0.2681086650797701,0.7314575309232922,0.738067073550441,5.0,0.1008093307691121,0.1055486773326779,0.2112476173057089,453,1400,4,33.668914599485454,dumbbell,4,1,B,diffdist_t8,-0.26426395698384175,-0.6399600789516945
-18.648687944198617,-28.10565951922654,0.0601376412921552,8.558669204333235,-1.056235950226847,0.7314575309232922,1.9396431373250989,5.0,0.1185871671591882,0.1048675075946392,0.1982635339450153,1088,1400,4,34.059592294100185,dumbbell,4,1,B,diffdist_t8,-0.4305538021815885,-0.8062331572870786
-32.19343500014848,-40.05351519428199,-0.02121751770055913,8.859745713350497,0.475669447641897,0.7314575309232922,-0.02950093091449117,5.0,0.0984425059265406,0.0911599038135839,0.2060700044052316,517,1400,4,34.349569802337655,dumbbell,4,1,B,diffdist_t8,-0.26426395698384175,-0.5662789578000441
-27.605659819203254,-36.1003122163618,-0.13936726075691952,7.959504109112624,0.4921272951899116,0.8624648498946281,1.0971581539615147,5.0,0.1059976609087737,0.1094333905998702,0.2130025968135815,350,1400,4,34.42900931015112,dumbbell,4,1,B,diffdist_t8,-0.17656787768726212,-0.5034411340797027
0.8628991568532877,-0.10368582370886589,1.8693188224136594,-1.3249217608817048,0.2521765429179464,0.609271793299488,10.247864644856678,3.0,0.2549707665356011,0.1911366391687912,0.5321442991760177,139,1400,4,-23.903626854904992,dumbbell,4,1,B,fb_potential,-0.06991478521602207,0.6493543359048473
-2.0827802716575006,-1.529967361486899,0.9980998010342206,-1.4839271440028015,-0.6572141185976083,0.3481553104568503,4.107289591033835,4.0,0.2376698427054056,0.1896178965462505,0.5061069001041535,345,1400,4,-19.30269743762144,dumbbell,4,1,B,fb_potential,-0.4419677088493874,-0.29809883008778515
0.2332623645190496,0.6648590165164803,0.7918148391630975,-0.9646872077585502,2.1784820191201724,0.3481553104568503,3.006234690675561,4.0,0.2183822377426375,0.183962856895505,0.5558764614255196,567,1400,4,-9.49712260455786,dumbbell,4,1,B,fb_potential,0.22430902278731213,0.37301123463558056
-2.9828768560562797,-0.7243721953108946,0.8028494529825018,-1.2209194541432982,0.2402003141657162,0.3481553104568503,6.137826669890148,4.0,0.2280725912491046,0.1755535787857931,0.5086218849457068,957,1400,4,2.3680252371261394,dumbbell,4,1,B,fb_potential,-0.29401636791774954,-0.47816171244911626
-2.5854623980518734,-0.25434032977147836,1.1182899597730225,-1.3905690284620316,-2.581927752977612,0.609271793299488,10.526890287155812,4.0,0.251969668068995,0.1773498809969133,0.4769397423116013,875,1400,4,12.14113035619155,dumbbell,4,1,B,fb_potential,-0.49734311840147105,-1.8253498764554312
-2.9263444617306273,-2.2349607480510696,0.3450288974638924,-1.1279839489488475,-0.25965502486907344,0.609271793299488,11.048232391212755,4.0,0.2215691784488178,0.1730073317498372,0.5022620849936628,1199,1400,4,13.806165288432432,dumbbell,4,1,B,fb_potential,-0.43654098191096524,-0.7698977044125338
-4.52586149956961,-1.9542484407478713,1.510307519043376,-1.439679983867745,-3.185888866911439,0.609271793299488,6.705523315977332,2.0,0.263952694127403,0.1770361981383619,0.4753840850812056,890,1400,4,15.18018583052862,dumbbell,4,1,B,fb_potential,-0.49288602066451265,-1.8540820834704195
-0.1304453167317907,-1.2348080714031762,1.1357132937267633,-0.372961259047936,1.3643841791673785,0.609271793299488,5.172803744339166,4.0,0.2350634888386983,0.1769473943750129,0.5429024333479037,1183,1400,4,16.92961649185093,dumbbell,4,1,B,fb_potential,0.046770652924027156,0.10559702786109307
-2.370996054731275,0.15232170440462883,1.0569645133300536,-1.2587759744037257,-1.9625380183053256,0.609271793299488,9.896878095270313,4.0,0.2538757443331209,0.1860921123470393,0.4943399753553903,1112,1400,4,18.689674801817247,dumbbell,4,1,B,fb_potential,-0.46497919110592695,-1.3149981538428128
-3.9371653671538214,-1.430399952907962,1.38447049590849,-0.5080713181620511,1.3082581494483922,0.609271793299488,8.909160254355177,3.0,0.2241313689727253,0.179718468330047,0.5297919038334202,1346,1400,4,20.441465734001103,dumbbell,4,1,B,fb_potential,-0.02469121290946663,0.03758367423534258
-1.8680255765569838,-0.3595925303065037,0.30881987748678835,-1.2451539598264219,0.27332627037644325,0.609271793299488,7.260465884797108,4.0,0.2291674935797257,0.1934403541875315,0.5248503465927314,771,1400,4,22.25318956983028,dumbbell,4,1,B,fb_potential,-0.3434968130598577,-0.05083924405499263
-1.5589407000692324,-1.139521758498635,0.6438388303939317,-0.5695361543301214,0.9940938800729334,0.609271793299488,9.246982167219004,3.0,0.2387189553223906,0.1914632964902212,0.5349205820474487,885,1400,4,24.19911534089768,dumbbell,4,1,B,fb_potential,0.0831456563680949,0.03132263129162877
-1.8864358589526045,-0.48648013844101845,1.36235046148057,-1.337674345007273,-2.017966766884236,0.609271793299488,8.541977603214889,4.0,0.2659181163171245,0.1742980473176835,0.4904835771453323,695,1400,4,25.457467631216492,dumbbell,4,1,B,fb_potential,-0.4770790989295336,-1.450541404804599
-1.1904753014820613,-0.783793313238604,1.4314383351337319,-0.6578790451911504,1.1864278281057676,0.609271793299488,4.304584514040523,4.0,0.2316879600245241,0.2005910398298488,0.5538979601887737,1248,1400,4,26.766912365797136,dumbbell,4,1,B,fb_potential,0.11031848629724539,0.0006771333382276901
-2.235156887043859,-1.266387528638079,0.5975208959173514,-0.4101102045380709,3.199155349220423,0.609271793299488,8.168074742553575,2.0,0.2109693725333632,0.1848950703141319,0.5568932175573544,487,1400,4,28.08251507244916,dumbbell,4,1,B,fb_potential,0.30582091927133537,0.56059821964669
1.063987702471882,0.604783231068504,0.7235274332047293,-0.2191433878621724,1.7968481463566877,0.609271793299488,10.967607826540618,2.0,0.2582226777406505,0.2167964396299872,0.5873576390213371,340,1400,4,29.25564682434372,dumbbell,4,1,B,fb_potential,0.21986547723781869,0.6267230722702659
-1.1274204410428805,0.3670261338897862,1.091049138101233,-1.4442450853610815,-1.0339602206377316,0.609271793299488,8.129334222799805,4.0,0.253605184387041,0.1946017773196675,0.522532352708008,821,1400,4,30.62766660334332,dumbbell,4,1,B,fb_potential,-0.4489005190401634,-0.3125560635458011
-0.647655404129594,-0.06142114959597879,1.1534289468834624,-1.3462107967072507,-1.1149910918573795,0.609271793299488,9.213139915496061,4.0,0.256225132520004,0.1934955391348693,0.5251687253024588,710,1400,4,31.587976846787036,dumbbell,4,1,B,fb_potential,-0.44735009681892907,-0.3162228818362527
-2.7176311406299734,-0.9224961946259406,1.0141360732353153,-0.2488157360747844,1.8399197125848874,0.609271793299488,10.683039176154164,4.0,0.2282053388175046,0.1781451842657001,0.5330078575112486,861,1400,4,32.32007875824183,dumbbell,4,1,B,fb_potential,0.06735170237607746,0.3077248446596124
-2.556463898339982,-1.247082629865536,1.7709822861664846,-1.4451935553504789,-1.1178244342460781,0.3481553104568503,5.358574681993819,1.0,0.2493851545713802,0.1923229677042009,0.5081361426216614,988,1400,4,33.12889594809895,dumbbell,4,1,B,fb_potential,-0.400577636431694,-0.2901727316303355
-1.7954879231216205,0.3010875076574465,1.5408436289028764,-1.4801264247113457,-0.016858330523235182,0.609271793299488,7.033675580672399,3.0,0.2439479279187041,0.1836362691422405,0.5310867674031386,453,1400,4,33.668914599485454,dumbbell,4,1,B,fb_potential,-0.3893214553135844,0.2860431752070373
0.1998214993006542,-0.005363405517331042,1.1169848737999954,-1.2304023687576882,-0.09288238301999671,0.609271793299488,7.99030443497478,4.0,0.2468336855933726,0.1905823548096188,0.5289506942713785,1088,1400,4,34.059592294100185,dumbbell,4,1,B,fb_potential,-0.352412172873129,0.12119319915572493
-1.8961753192573505,-0.2661675673580044,1.6608129204148971,-1.268271276248404,0.15888372774720796,0.609271793299488,6.505273403827874,4.0,0.234774776882525,0.1788295784865283,0.5133792517720305,517,1400,4,34.349569802337655,dumbbell,4,1,B,fb_potential,-0.4165686584247875,-0.06449618531948136
1.316523551827406,-0.10449142188912082,3.774659321577933,-0.5536698129639948,1.5351636365433303,0.3481553104568503,4.557693747484017,4.0,0.2677400607638823,0.2080756004907738,0.5901338784126647,350,1400,4,34.42900931015112,dumbbell,4,1,B,fb_potential,0.45318334963887397,0.8201465087709084
-2.423900952870785,-3.9901411055368716,-1.334543069345232,-0.7399814645551829,1.271696227501205,-0.0,-0.4614303301490221,4.0,1.0982202391072173e-07,0.8458124339396695,0.8873158110333875,139,1400,4,-23.903626854904992,dumbbell,4,1,B,heatgeo_4t,0.49781705924097475,1.256632609812792
-2.7794632960098036,-2.549618597405181,-1.3783837144121391,-0.747672329467265,1.262265042861756,-0.0,-3.271701405908564,4.0,1.27501080353138e-07,0.8468096115344063,0.8902901698528527,345,1400,4,-19.30269743762144,dumbbell,4,1,B,heatgeo_4t,0.4967813201617578,1.4322043405120155
-1.345809242772573,-2.7149416925100756,-1.2502019169776115,-0.6041246705298932,1.1241147066261608,-0.0,-2.150163263913824,4.0,3.735801855149206e-07,0.8349287814470069,0.8874785474903241,567,1400,4,-9.49712260455786,dumbbell,4,1,B,heatgeo_4t,0.4978271301354915,1.6930823292587127
-3.2119274338466455,-5.298811706235863,-1.1135285111202906,-0.40754602969015097,1.0105776504280457,-0.0,-1.0850865464956014,4.0,5.796776452900825e-07,0.8290350315044377,0.8842847858165901,957,1400,4,2.3680252371261394,dumbbell,4,1,B,heatgeo_4t,0.4989574188746142,1.6622124399326743
-2.0657429676245354,-3.067507982319813,-1.145805460146792,0.7185674726999336,1.0614490963451522,-0.0,-3.847823709387659,4.0,4.853367998026628e-07,0.8356748268932453,0.8823126875585476,875,1400,4,12.14113035619155,dumbbell,4,1,B,heatgeo_4t,0.4978056601070221,1.7700783525041808
-1.2627936500086072,-3.676403729247929,-1.0410936325379165,0.7742787217332283,0.9025130469575435,-0.0,-3.3901273578256315,4.0,7.818619391809853e-07,0.824138511438235,0.8798271467690614,1199,1400,4,13.806165288432432,dumbbell,4,1,B,heatgeo_4t,0.49779343935249276,1.7700783525041808
-1.3905906287521732,-2.730079923348862,-0.9920714831760165,0.4846636889251946,0.9609616797489392,-0.0,-2.7759878796651343,4.0,6.698294700127592e-07,0.8276459606014129,0.8802560125661991,890,1400,4,15.18018583052862,dumbbell,4,1,B,heatgeo_4t,0.4978271301354915,1.6663200537312843
-2.8328454935804497,-4.3425481532469155,-0.8189028853458382,0.7326860893028391,0.798229215844375,-0.0,-1.5165830223808103,4.0,9.654097788309823e-07,0.8217897359361077,0.8829345630619507,1183,1400,4,16.92961649185093,dumbbell,4,1,B,heatgeo_4t,0.49706180528940114,1.6343186733420387
-1.914713718775798,-4.0489531601858,-1.0566482923883715,0.3702845108382777,1.0027985549412133,-0.0,-4.009265361248194,4.0,5.931831751656474e-07,0.8312460261676945,0.8806601541424444,1112,1400,4,18.689674801817247,dumbbell,4,1,B,heatgeo_4t,0.49779150815325846,1.6877093143159427
-2.065213313112106,-4.105999352144198,-0.886677207837058,0.7125659709239848,0.7755436700407634,-0.0,-3.0438572628506058,4.0,1.0132652641785108e-06,0.8189843491052115,0.8815475744760388,1346,1400,4,20.441465734001103,dumbbell,4,1,B,heatgeo_4t,0.49559104550689004,1.7700783525041808
-2.424613116312416,-3.9555077639001386,-0.9954749746370691,0.31659355449664295,0.9378971954311733,-0.0,-1.034009131652622,4.0,7.155811589798143e-07,0.8301908324457165,0.8828946290679652,771,1400,4,22.25318956983028,dumbbell,4,1,B,heatgeo_4t,0.4984400274751354,1.5293242898949988
-1.5594818759993554,-3.3189264965557816,-0.973464458603026,0.21016296225648273,0.9316396118511254,-0.0,-2.3974814651700296,4.0,7.215984421692836e-07,0.8297015717508861,0.8802591778889428,885,1400,4,24.19911534089768,dumbbell,4,1,B,heatgeo_4t,0.4984400274751354,1.6851235196222345
-0.7192233701764216,-4.417038325570169,-1.0690791468701837,0.07159509734720734,1.092282240046322,-0.0,-1.377652809940757,4.0,4.343821604380273e-07,0.8335376823091848,0.8808452380772128,695,1400,4,25.457467631216492,dumbbell,4,1,B,heatgeo_4t,0.4989574188746142,1.6610876251224556
-0.23442306395608056,-2.4127377441029525,-1.116615705630455,-0.13217523794870045,1.0714991839022503,-0.0,-2.070511599194616,4.0,4.684276691703844e-07,0.8318699939323126,0.882503872828015,1248,1400,4,26.766912365797136,dumbbell,4,1,B,heatgeo_4t,0.49851351585809545,1.7363625260396816
-2.4562366942564884,-4.111926055501339,-0.7303089994796165,0.5086558485662984,0.5841409268773562,-0.0,-3.519654802829218,4.0,1.3737110058504076e-06,0.8132847884979455,0.8870074919570343,487,1400,4,28.08251507244916,dumbbell,4,1,B,heatgeo_4t,0.4934798182997293,1.9756473630592286
-1.5027702701932442,-2.928248091236682,-1.0261612143484045,0.03700972980236953,0.9497037151818934,-0.0,-1.333161466246657,4.0,6.884382494445228e-07,0.8279661168772676,0.8866046956287607,340,1400,4,29.25564682434372,dumbbell,4,1,B,heatgeo_4t,0.4984400274751354,1.6610876251224556
-2.9297745831996425,-4.7728716979543115,-1.0080159002341365,0.10206716760374815,0.9555101232192262,-0.0,-2.3263023157100076,4.0,6.777348821788165e-07,0.8292297778972524,0.8846563710975093,821,1400,4,30.62766660334332,dumbbell,4,1,B,heatgeo_4t,0.4989574188746142,1.7462650666823802
-1.4150122516016606,-3.0603540366227984,-1.1482615156074092,-0.14298224785058353,1.0905921910669236,-0.0,-2.731803741483393,4.0,4.358945855579744e-07,0.8342917899392347,0.8851739177291479,710,1400,4,31.587976846787036,dumbbell,4,1,B,heatgeo_4t,0.4984400274751354,1.7149375536924176
-2.311305991566576,-3.4674372493048073,-0.8882362356628962,0.05750396120456775,0.8262430761930706,-0.0,-1.3584810648199244,4.0,9.189400889489702e-07,0.8259918585868467,0.8843882855240601,861,1400,4,32.32007875824183,dumbbell,4,1,B,heatgeo_4t,0.4955626743581357,1.6610876251224556
-1.5050865314926354,-3.6412296273588978,-1.0262690805336083,-0.12609907828095876,0.9712124283843775,-0.0,-0.7738994458054529,4.0,6.453290344073715e-07,0.8327225956406976,0.8825707094879621,988,1400,4,33.12889594809895,dumbbell,4,1,B,heatgeo_4t,0.4984400274751354,1.5474562661352558
-3.3318000531554173,-5.184316783893225,-0.9158142365041461,0.18006586431352106,0.7721969676129387,-0.0,-1.7091058209172292,4.0,1.0193757786035651e-06,0.8201038973393598,0.8870040541052913,453,1400,4,33.668914599485454,dumbbell,4,1,B,heatgeo_4t,0.4970315515343374,1.7106117473706959
-2.0954403844608303,-3.5354343589748285,-0.9908625381680419,-0.10571692369098205,0.9355774535628223,-0.0,-1.6662844064607885,4.0,7.166122320536944e-07,0.8270304273001776,0.8858787217424521,1088,1400,4,34.059592294100185,dumbbell,4,1,B,heatgeo_4t,0.4984400274751354,1.7077662490369414
-3.5539622777495845,-5.611392695672251,-0.9087582319264824,0.047867547755254376,0.8094075061597267,-0.0,-2.5609398837871473,4.0,9.471607933874322e-07,0.8262990500771343,0.885529696599846,517,1400,4,34.349569802337655,dumbbell,4,1,B,heatgeo_4t,0.4970315515343374,1.659763337798676
-1.8943435326451783,-4.05278445265708,-0.9684050951367781,-0.10807017914079893,0.9323826144331677,-0.0,-2.666028138661553,4.0,7.213470429643503e-07,0.8271989565494686,0.8836182415997587,350,1400,4,34.42900931015112,dumbbell,4,1,B,heatgeo_4t,0.4984400274751354,1.6858027416002985
-2.4462167436859206,-3.98707585918667,-1.2712483333953386,-0.7505689376283339,1.2160313933082145,-0.0,0.8596340109463011,4.0,0.0,0.8599545195632672,0.8973828971427639,139,1400,4,-23.903626854904992,dumbbell,4,1,B,heatgeo_t,0.4959021194734433,1.2544335991769264
-2.7926886665034165,-2.507292277517652,-1.3251780846127026,-0.7580001020870556,1.2160313933082145,-0.0,-0.4934641219434723,4.0,0.0,0.8608463057367934,0.90007782533693,345,1400,4,-19.30269743762144,dumbbell,4,1,B,heatgeo_t,0.49773839760623995,1.256632609812792
-1.3425023659542428,-2.6987309704193723,-1.200607368222154,-0.6232852799385789,1.0892362284186166,-0.0,0.02450295475747792,4.0,1.252656387013263e-07,0.8501742163500365,0.8975242267740842,567,1400,4,-9.49712260455786,dumbbell,4,1,B,heatgeo_t,0.49768828224299577,1.34419454681879
-3.2722971531306504,-5.32711633641424,-1.0895065386268243,-0.4360727241991992,0.9859655678964608,-0.0,0.5456545230785366,4.0,2.2684301185788598e-07,0.8448868554745598,0.8946451425721113,957,1400,4,2.3680252371261394,dumbbell,4,1,B,heatgeo_t,0.49804087196597224,1.4885310386805504
-2.1239015806034858,-3.124423667451217,-1.159904485930345,0.7601532144571348,1.0916534408857683,-0.0,-0.8278299961950033,4.0,1.2269971945633714e-07,0.8508453844008392,0.8928766940290155,875,1400,4,12.14113035619155,dumbbell,4,1,B,heatgeo_t,0.4984500301907441,1.64754986503471
-1.3005756099262584,-3.744116328598723,-1.0303985599940106,0.8026466841736547,0.8909870843813477,-0.0,-0.4349280234213045,4.0,3.224637319605832e-07,0.8404953542597887,0.8906241264785839,1199,1400,4,13.806165288432432,dumbbell,4,1,B,heatgeo_t,0.4984500301907441,1.6096461396236903
-1.442551903888052,-2.7993832494833595,-0.9852031216876797,0.4951917997104394,0.9493143958314877,-0.0,-0.3047633176621983,4.0,2.593640040028321e-07,0.8436418517524377,0.8910173113400817,890,1400,4,15.18018583052862,dumbbell,4,1,B,heatgeo_t,0.4978271301354915,1.5474562661352558
-2.9452780132291605,-4.4480760980117395,-0.8347749957404381,0.735289531625953,0.8419749856937908,-0.0,0.2768770720938264,4.0,3.6617752529927737e-07,0.8383937327959536,0.8934418337566645,1183,1400,4,16.92961649185093,dumbbell,4,1,B,heatgeo_t,0.4989020433516006,1.5005081496550354
-1.9818402057560858,-4.1294167187403445,-1.0860209091252357,0.3760307806246114,1.0501548670836638,-0.0,-0.45685774020290315,4.0,1.603509791889982e-07,0.8468733529457494,0.8913784446149917,1112,1400,4,18.689674801817247,dumbbell,4,1,B,heatgeo_t,0.4984400274751354,1.5474562661352558
-2.1411924201609853,-4.198613836512809,-0.8871351331634,0.7094683808826316,0.801410488971787,-0.0,-0.43431419926082254,4.0,4.102742055168934e-07,0.8358774850171334,0.8921885970187984,1346,1400,4,20.441465734001103,dumbbell,4,1,B,heatgeo_t,0.49559104550689004,1.6096461396236903
-2.493672195834648,-4.021546191504521,-1.0112690841509495,0.31448649589580285,0.9454383643741167,-0.0,0.16620527151038522,4.0,2.645862705874756e-07,0.8459275657891114,0.8934024882748424,771,1400,4,22.25318956983028,dumbbell,4,1,B,heatgeo_t,0.4983402790042445,1.4598943291292579
-1.6207818774627336,-3.3953772987348723,-1.0124010681414775,0.19175128066483954,0.998723534140877,-0.0,-0.8794909087837028,4.0,2.1326665085756482e-07,0.8454881999183941,0.891013998957898,885,1400,4,24.19911534089768,dumbbell,4,1,B,heatgeo_t,0.4984400274751354,1.5853599915462755
-0.7503226231886986,-4.503268248787603,-1.04954096556959,0.06099227551019111,1.0450792999691219,-0.0,0.23453624661038294,4.0,1.6492100964365994e-07,0.8489319442293647,0.8915430117271331,695,1400,4,25.457467631216492,dumbbell,4,1,B,heatgeo_t,0.4988907169232555,1.6712844116495176
-0.24987561950854426,-2.47148689246278,-1.1112120935522993,-0.1596887268951585,1.0565251477267528,-0.0,0.09649128306296832,4.0,1.534509955659297e-07,0.8474305032381071,0.893047287349931,1248,1400,4,26.766912365797136,dumbbell,4,1,B,heatgeo_t,0.4984184589714109,1.5607550835778525
-2.534904113819474,-4.176022568506276,-0.6803223106203605,0.4910884172137948,0.5350648304064338,-0.0,-0.6574220818181479,4.0,6.757642836131159e-07,0.8307771280694305,0.8971232961114424,487,1400,4,28.08251507244916,dumbbell,4,1,B,heatgeo_t,0.49538860543598773,1.8353943148785414
-1.5576194673314467,-2.9849033437545502,-1.044549111167062,0.018072722694303274,0.9925489933500968,-0.0,0.6411386929943463,4.0,2.197555906593812e-07,0.8439300666584517,0.8967535498160836,340,1400,4,29.25564682434372,dumbbell,4,1,B,heatgeo_t,0.4970699690210696,1.535953292266057
-3.0191648600066667,-4.847999884174103,-1.0068357336383498,0.08985299598126117,0.9671208108590492,-0.0,-0.053156612832435855,4.0,2.464015701368936e-07,0.8450606704978724,0.8949959967146502,821,1400,4,30.62766660334332,dumbbell,4,1,B,heatgeo_t,0.4988907169232555,1.6085978131954015
-1.4586691908858926,-3.121062808447237,-1.1612228557152189,-0.16482682729732084,1.1122421659482742,-0.0,-0.23382058464423905,4.0,1.0134491817935884e-07,0.849605377366894,0.8954637883384496,710,1400,4,31.587976846787036,dumbbell,4,1,B,heatgeo_t,0.4984400274751354,1.5607550835778525
-2.3927448462440637,-3.5403011770300337,-0.8835801761040067,0.03792227944041484,0.8397462720009939,-0.0,0.6099027623349148,4.0,3.688259360607004e-07,0.8421618812519732,0.8947547592926928,861,1400,4,32.32007875824183,dumbbell,4,1,B,heatgeo_t,0.4970699690210696,1.535953292266057
-1.5590486603785787,-3.7153180530887333,-1.078004263247946,-0.1510101635032734,1.0584590979033246,-0.0,0.6816274237159464,4.0,1.5140575654665242e-07,0.8481978949781528,0.8931078972754287,988,1400,4,33.12889594809895,dumbbell,4,1,B,heatgeo_t,0.4970699690210696,1.5492521097086538
-3.4282057334848757,-5.270484826637002,-0.8694795552937563,0.15762656273585432,0.7117254202366402,-0.0,0.23620088269432082,4.0,4.960442752621547e-07,0.8368805423479907,0.8971051807986447,453,1400,4,33.668914599485454,dumbbell,4,1,B,heatgeo_t,0.4968420265117677,1.5503017644690102
-2.168757951589565,-3.5957540389500786,-0.9780344869004384,-0.13504624555632638,0.9245775769593503,-0.0,0.26643608869551627,4.0,2.843028072293076e-07,0.8430903942370385,0.8960808866483104,1088,1400,4,34.059592294100185,dumbbell,4,1,B,heatgeo_t,0.4983402790042445,1.5474562661352558
-3.653330385913652,-5.68696086928622,-0.9083504007809005,0.020332190812630498,0.824076886972075,-0.0,-0.12963608665206228,4.0,3.860266469921339e-07,0.8424354594622167,0.8957854765260498,517,1400,4,34.349569802337655,dumbbell,4,1,B,heatgeo_t,0.4970315515343374,1.5503017644690102
-1.96112053405667,-4.122210717834996,-0.9533599856572745,-0.13798024883715543,0.9397763029092419,-0.0,-0.17008879234441368,4.0,2.679183226070862e-07,0.8432439110082312,0.894052507987425,350,1400,4,34.42900931015112,dumbbell,4,1,B,heatgeo_t,0.4984400274751354,1.5474562661352558
0.03759737407458418,-0.4497032553356604,-0.5746830372988467,-0.6613425873771289,0.4026457424599062,-0.8335087516138591,-0.06545810292590633,4.0,0.2409653863356223,0.2268078999603894,0.5650590204122117,139,1400,4,-23.903626854904992,dumbbell,4,1,B,pca_denoise,0.08301462440883389,-0.3218336924681566
-0.8462580564369442,-1.1023222346970214,-1.8622043622779783,-0.7746747958433987,0.10317467048966321,-1.2502631274207887,0.28161143140099426,1.0,0.234815822318943,0.2264274913096942,0.5536790995621942,345,1400,4,-19.30269743762144,dumbbell,4,1,B,pca_denoise,-0.03152060537616258,-0.4951556018105455
-1.385108211870257,-0.758049485961886,-0.5828250740705241,-0.3588156624040175,0.4578898395030958,-1.2502631274207887,0.16074957659216152,1.0,0.2325104571109846,0.2145014376905025,0.5570410186424749,567,1400,4,-9.49712260455786,dumbbell,4,1,B,pca_denoise,-0.12091192164839065,-0.04478156315253121
0.36281036705123165,-0.08204927955247325,-0.9338543486570657,0.09052455492222038,0.3563713427145133,0.555672501075906,0.5364595550050916,4.0,0.2220010382069805,0.1817945645136793,0.5282649383597061,957,1400,4,2.3680252371261394,dumbbell,4,1,B,pca_denoise,-0.20008432157966938,-0.5504420432759654
-0.12126696369685891,0.758585895988857,0.15141018118436259,1.1408973877145232,0.4220194183474509,0.8335087516138591,3.253203305561488,4.0,0.2246385871129899,0.2125217057235615,0.5416251368219298,875,1400,4,12.14113035619155,dumbbell,4,1,B,pca_denoise,-0.22888218001021093,0.03070590772609517
-0.5188095737912887,1.568843237653703,0.18617083568840243,1.13911385655585,0.5053617051345926,0.8335087516138591,3.254624805878105,5.0,0.2143956947342025,0.1896841175216525,0.5358890776262173,1199,1400,4,13.806165288432432,dumbbell,4,1,B,pca_denoise,-0.20623294593392966,-0.46131132575079337
0.6504984794289272,1.5865105299468267,0.08934469185106439,1.070272765492928,0.2817167504273928,0.8335087516138591,2.358491383627223,4.0,0.2526275191604138,0.2129684300728085,0.5549017377355441,890,1400,4,15.18018583052862,dumbbell,4,1,B,pca_denoise,-0.07129224629274361,0.10009109885238686
0.8241327697973517,0.9534820874130346,0.3297857751810077,1.3151320337143402,0.32337283135698747,0.8335087516138591,2.390179476824147,4.0,0.2469340702772559,0.2092011574867082,0.5287916407295327,1183,1400,4,16.92961649185093,dumbbell,4,1,B,pca_denoise,-0.20252572218035492,0.1699137586102327
0.5611726607427325,1.231378758549962,0.5575342033566328,0.850972785281146,-0.007308502775390736,0.8335087516138591,2.801748529815048,4.0,0.2544067367832637,0.2043871966018529,0.5288586002192055,1112,1400,4,18.689674801817247,dumbbell,4,1,B,pca_denoise,-0.34033593955191965,0.15954870528214973
0.5949473173511245,1.2150876961123382,0.8756535482143134,1.2811021475683242,0.2822163221492684,0.8335087516138591,3.0467376431700903,3.0,0.2340496773515972,0.1853347375820126,0.5173850387592732,1346,1400,4,20.441465734001103,dumbbell,4,1,B,pca_denoise,-0.2202560946691875,0.167707917348178
0.2959653855687496,1.4771874185846083,0.4028314796636236,1.1964311230466016,0.8624316393496299,0.8335087516138591,3.2306954302867417,4.0,0.2086127846986997,0.2006373993804684,0.5615359406495967,771,1400,4,22.25318956983028,dumbbell,4,1,B,pca_denoise,0.04695378547964302,0.16117907023638112
0.7310797143669321,1.4745858412558221,0.5357268565933263,1.1271185650833715,0.34451718356528394,0.8335087516138591,3.0677368146102233,3.0,0.2495106077801931,0.2143641562764894,0.5397588757618016,885,1400,4,24.19911534089768,dumbbell,4,1,B,pca_denoise,-0.08066794844345959,0.19466690965926353
0.20969742413123432,1.6399268175202146,1.309968593911305,0.7308861728819405,-0.031269535747227094,0.8335087516138591,2.143810690868221,4.0,0.2655501494350286,0.2218669557766802,0.5171517500145462,695,1400,4,25.457467631216492,dumbbell,4,1,B,pca_denoise,-0.23176354863721738,0.1016683138903618
0.8797406725801007,1.9910585344075338,0.2129149708733695,0.6780783225351065,0.29276172053968125,0.8335087516138591,2.341492710660419,4.0,0.2310925822416186,0.2257324840422377,0.5397588757618016,1248,1400,4,26.766912365797136,dumbbell,4,1,B,pca_denoise,0.1222906224984105,0.23737045824523692
0.1691531287700734,1.636462053071012,0.5017004316041731,1.2351606207403583,1.2441002508448271,0.8335087516138591,1.3926710185474305,4.0,0.1904163063973387,0.183378584043043,0.5715820047092698,487,1400,4,28.08251507244916,dumbbell,4,1,B,pca_denoise,0.09360333155761102,0.23066598637596025
1.0874708937230069,1.5089489545517367,0.6250990246857566,0.9304514769804539,0.3624247796258168,0.8335087516138591,3.0672383539356867,3.0,0.2547514555966714,0.2181701087388137,0.5606328923680474,340,1400,4,29.25564682434372,dumbbell,4,1,B,pca_denoise,0.10846657249718616,0.29125844861532607
0.3563657820249134,0.9322915662968877,0.4296810412137096,0.8292100220590375,0.08640847447710075,0.8335087516138591,2.996422342377993,3.0,0.253555004738077,0.2017251609250561,0.523611313778515,821,1400,4,30.62766660334332,dumbbell,4,1,B,pca_denoise,-0.3445204926713067,0.2401248871505656
1.0933171784937314,1.8307993194765697,0.4342935812162552,0.6532569403449131,-0.006538643505498669,0.8335087516138591,1.0993443626848813,4.0,0.2630532219627516,0.2215420896232804,0.5328276340160141,710,1400,4,31.587976846787036,dumbbell,4,1,B,pca_denoise,-0.08211917172483163,0.18327010924413634
0.32674353889342145,1.2668846246245309,-0.041927520273745536,0.7738247941429984,0.5279947308658651,0.8335087516138591,2.332764713839825,4.0,0.2280353867863105,0.2036567984173406,0.534157237584647,861,1400,4,32.32007875824183,dumbbell,4,1,B,pca_denoise,-0.07007647037657394,0.06488067819689737
1.3010600825412337,1.5013095368654494,0.898133151401545,0.7165952852326348,0.10272279657037874,0.6945906263448826,1.184787928653638,4.0,0.2591287842189161,0.2196329316680413,0.5405610720891311,988,1400,4,33.12889594809895,dumbbell,4,1,B,pca_denoise,-0.09259568559358788,0.18025022902341614
0.580297277863826,1.1047507551765683,0.5056383407351107,0.9760155118646383,0.4002457898663731,0.8335087516138591,0.7914357311472153,4.0,0.2399746142420851,0.1910046730327894,0.5360773023892172,453,1400,4,33.668914599485454,dumbbell,4,1,B,pca_denoise,-0.1375905321056891,0.08575555199977548
1.1978445310018864,1.6920539215633108,0.3010233070038872,0.8048858690323473,0.25581935403106704,0.6945906263448826,0.7717360623182117,4.0,0.2575369609691346,0.2083562991077815,0.5401608395732292,1088,1400,4,34.059592294100185,dumbbell,4,1,B,pca_denoise,-0.08021869522610969,0.21400213623739286
0.3689661126621572,1.1186995067508156,0.4690164708647039,0.8426054420577948,0.5821032854859639,0.8335087516138591,1.4077238113526103,4.0,0.2183764076667252,0.1954531140194764,0.5321349187268914,517,1400,4,34.349569802337655,dumbbell,4,1,B,pca_denoise,-0.1497987918471667,0.174565727736272
1.1545976618398592,1.5539864946467161,1.1489672622084302,0.7540910435082819,0.2113332034810648,0.6945906263448826,1.3463870009419545,4.0,0.265259602789484,0.2110047698012828,0.5576340259945238,350,1400,4,34.42900931015112,dumbbell,4,1,B,pca_denoise,-0.1640507059958351,0.25708828790426597
-0.7716131703539827,-1.2707317072648439,-0.7434563313039896,-0.831422529446784,-0.19302031556576732,-0.8335087516138591,0.35038436538805795,4.0,0.2560786161134758,0.2070657040234143,0.5224509172265956,139,1400,4,-23.903626854904992,dumbbell,4,1,B,plain,-0.4100722941055149,-0.26955098870884087
-0.9823667816146447,-1.2478726846849186,-1.555279675939756,-0.7893972359821889,-0.028922301777610522,-1.111345002151812,-0.9515465270610092,4.0,0.2381908474161979,0.2135226021391632,0.5391841378286496,345,1400,4,-19.30269743762144,dumbbell,4,1,B,plain,-0.3297816502863558,-0.5280314910557856
-2.367637975123375,-1.4522951560555077,-1.4351964203512282,-0.5767201022633294,0.26887014226284606,-1.2502631274207887,0.13634652039957523,3.0,0.2328446242051096,0.2033992573418382,0.5458504209095631,567,1400,4,-9.49712260455786,dumbbell,4,1,B,plain,-0.04859875088739102,-0.3042057522911837
-0.2722136507936398,-0.45405787265178665,-0.9788606748245294,-0.403300894243163,0.06294868683424847,0.1389181252689765,0.17677805149407458,4.0,0.232810211645673,0.1800227125687777,0.5175010414991547,957,1400,4,2.3680252371261394,dumbbell,4,1,B,plain,-0.3156398101152565,-0.7380512548757379
-0.4641573852321955,0.32827990555213554,0.753926135005701,0.7159952143543566,0.2640191920589718,0.8335087516138591,3.4729698067752417,4.0,0.2344065148887986,0.2112191708500487,0.5384697041727163,875,1400,4,12.14113035619155,dumbbell,4,1,B,plain,-0.23525034614641843,0.038827860497415365
-0.33175512133098223,1.0708832899264191,0.39983350969773834,0.8217170125067267,0.6446518407540317,0.8335087516138591,3.75072495837142,4.0,0.2164289138608627,0.1919485116404684,0.5492852327542509,1199,1400,4,13.806165288432432,dumbbell,4,1,B,plain,-0.20156972573875614,0.113580285651393
-0.5453510239563064,0.8870842676718677,0.4616055657338878,0.6539281042770955,0.12323285168456848,0.8335087516138591,3.59082985294073,4.0,0.2640671303530537,0.2206529403837187,0.55579034031148,890,1400,4,15.18018583052862,dumbbell,4,1,B,plain,-0.22178544646540016,0.026239919411041857
0.4902945537251131,0.9411827905804128,0.11133646807868025,0.8944503384340687,0.328555155768337,0.8335087516138591,3.101807719771629,4.0,0.2516389234533561,0.2001493210310108,0.5441674923690668,1183,1400,4,16.92961649185093,dumbbell,4,1,B,plain,-0.07129224629274361,0.07834230926728002
0.21554121202339613,1.32341062242967,0.17273551322722266,0.5305385709967451,0.14648929606374275,0.8335087516138591,2.8382660998617766,4.0,0.2548603668274501,0.2257983613266884,0.5694162744090744,1112,1400,4,18.689674801817247,dumbbell,4,1,B,plain,-0.10099241079032828,-0.004947062811480107
-0.11500227036174737,1.068154008234128,1.0819429676245327,0.8598816892958039,0.37875751139728786,0.8335087516138591,3.2558032399320704,3.0,0.2382573627538846,0.1908148908175747,0.5496471731458408,1346,1400,4,20.441465734001103,dumbbell,4,1,B,plain,-0.268538618533483,0.2427618243633373
0.7843607916871455,1.4095192043450895,0.4977844695739565,0.8499202453258404,1.0299212179430828,0.8335087516138591,2.772296306817554,3.0,0.2151207566402912,0.2231580326320137,0.5916952257244203,771,1400,4,22.25318956983028,dumbbell,4,1,B,plain,0.15883829198250787,0.3262642317599524
0.507344959178443,1.4566853600943013,0.7129631201910991,0.6872651429919472,0.38267375203108667,0.8335087516138591,2.6827176497070155,4.0,0.2557045915992683,0.2290097921915664,0.5771990042204908,885,1400,4,24.19911534089768,dumbbell,4,1,B,plain,-0.008619993207389764,0.10977967125482119
0.5146598605516739,1.8300455901400186,1.7272877833378024,0.2631245933282321,-0.016282384090958703,0.6945906263448826,2.076150811848198,4.0,0.2767304602838851,0.235096308013545,0.5429143280027798,695,1400,4,25.457467631216492,dumbbell,4,1,B,plain,-0.18080825254885452,0.2501294788408702
1.2346155577305362,2.0566497084416007,0.5192060475250798,0.29127509002177865,0.4461436280123622,0.8335087516138591,0.7930763057687547,4.0,0.2378341072250467,0.2480016965501804,0.5752439474006836,1248,1400,4,26.766912365797136,dumbbell,4,1,B,plain,-0.06787172414459486,0.15450082315856334
0.4798934504447466,1.5065261859640537,0.13170078987984027,0.8001202205118009,1.0627272644831356,0.8335087516138591,2.7090088446851297,4.0,0.2093424229819898,0.1973885500863689,0.5845448428185973,487,1400,4,28.08251507244916,dumbbell,4,1,B,plain,-0.040779272870302974,0.15739910531894669
1.0945713308861933,1.9420719401808493,0.6416184558227574,0.48256740426301187,0.40930586194802676,0.8335087516138591,1.3452490954812493,3.0,0.2645995818913554,0.2316190073281054,0.6001072495015906,340,1400,4,29.25564682434372,dumbbell,4,1,B,plain,-0.058396942435442745,0.22889578237503005
0.8389924335417246,1.3219667132258088,0.9922991616266942,0.4020070206851912,0.14276468344386276,0.8335087516138591,1.0926927868085512,4.0,0.2657932771926118,0.2237225338172391,0.5692372431072892,821,1400,4,30.62766660334332,dumbbell,4,1,B,plain,-0.16192984409292016,0.1768466592036022
1.154085928374482,1.8991057975624548,1.0839844141360362,0.23394264974260276,-0.018353472887679207,0.6945906263448826,0.5768453045955169,4.0,0.2776209149127683,0.2398764122885075,0.5666783851512325,710,1400,4,31.587976846787036,dumbbell,4,1,B,plain,-0.22892347286813158,0.2440293667628516
0.5594807658019204,1.448184671981959,0.2434711327864236,0.43840740747557666,0.601794109920562,0.8335087516138591,2.567488895268695,4.0,0.2384272674435862,0.224331063385886,0.5671788977461282,861,1400,4,32.32007875824183,dumbbell,4,1,B,plain,0.06623738058784379,0.09006066017814138
1.5709174795001448,1.7936885686817112,1.0966387904298434,0.37199174755437714,0.1728285247367022,0.6945906263448826,0.7149959257777487,4.0,0.2698826480712998,0.2352392140972379,0.5872962412025421,988,1400,4,33.12889594809895,dumbbell,4,1,B,plain,-0.17092284448231265,0.17750254956412348
0.6117432473533884,1.4193683719001617,0.368093881588685,0.4570420233654161,0.439336231098697,0.8335087516138591,0.16796198043522145,4.0,0.2530651260686195,0.2085279860483098,0.5772713326645137,453,1400,4,33.668914599485454,dumbbell,4,1,B,plain,-0.22728088963874749,0.07497502127278059
1.2228242139848207,1.9342652425754212,0.24088117103526505,0.4111526196199443,0.3020862225444718,0.555672501075906,1.8844284025528888,4.0,0.2695959690883849,0.2313540912737127,0.5839096061430724,1088,1400,4,34.059592294100185,dumbbell,4,1,B,plain,-0.005097440404125297,0.1234867014398077
0.3062930071847154,1.05856091470903,0.5200142288538083,0.4426848260500216,0.6682220864660424,0.8335087516138591,2.243842910170806,4.0,0.2273548870920099,0.2136666235165157,0.5607704422342367,517,1400,4,34.349569802337655,dumbbell,4,1,B,plain,-0.12606506648758803,0.08550749604355672
1.1024204816917478,1.8394108605056259,0.8255020443819883,0.27230031071846467,0.1523142856047413,0.6945906263448826,0.12391023925395181,4.0,0.2787639658183991,0.2263035636112138,0.5772685596250037,350,1400,4,34.42900931015112,dumbbell,4,1,B,plain,-0.2489961780749354,0.1445040743025813
-27.4060269874925,-18.926846291585807,0.07206755245632035,0.0870630937423491,2.770574143768118,0.28651274293212636,1.437187635103894,5.0,0.1776301573013584,0.2947066943937608,0.5710596494420085,139,1400,4,-23.903626854904992,dumbbell,4,1,C05,diffdist_t4,0.47811596055781047,-0.22786375146204946
-24.284293162359024,-22.4852612636518,0.24946969594502963,1.0060282105899803,2.893911417607801,0.7162818573303159,0.4436220799010677,5.0,0.1758513950217365,0.2744280546950799,0.571983630940707,345,1400,4,-19.30269743762144,dumbbell,4,1,C05,diffdist_t4,0.4701530643772557,0.13970128303821827
-36.11358785345577,-29.52110585408452,-0.7110561563593222,1.0543391127641608,1.008599932650189,0.8595382287963791,2.4852085655077296,5.0,0.2104304965726712,0.2605060314811104,0.4618337978998977,567,1400,4,-9.49712260455786,dumbbell,4,1,C05,diffdist_t4,-0.1082354208666581,-0.8355375306453936
-25.25921761613788,-21.559472088220293,-0.29893456999734264,1.8971711296680567,1.490154107248225,0.8595382287963791,6.7666126622228795,5.0,0.2023768761940072,0.2299049319486093,0.4902182516306039,957,1400,4,2.3680252371261394,dumbbell,4,1,C05,diffdist_t4,0.41373986567826926,-0.8626725814862213
-27.014608971189993,-23.830935389885283,0.499189823985558,2.5799259463415987,-0.5815375014942951,0.8595382287963791,7.718086511681839,5.0,0.2309830686219929,0.2243415008704946,0.3896386018830567,875,1400,4,12.14113035619155,dumbbell,4,1,C05,diffdist_t4,-0.46822531146932034,-0.8250110820512561
-19.13458935069399,-23.722070616353147,0.825620034313127,2.7952539865930808,0.40760578113178897,0.8595382287963791,6.348776603747059,5.0,0.2038892619296549,0.2324909846606095,0.4556546720305043,1199,1400,4,13.806165288432432,dumbbell,4,1,C05,diffdist_t4,-0.28002969406122824,-0.7294963826794925
-16.45310892382019,-16.23072648742256,-0.08657927440330225,1.5654305667517148,-0.011888645446615394,0.8595382287963791,3.2475229899042595,5.0,0.2220545909633179,0.2672514402684801,0.4301025274868015,890,1400,4,15.18018583052862,dumbbell,4,1,C05,diffdist_t4,-0.45008537477974686,-0.7833170281961748
-30.86320133650636,-24.45773514961352,0.8471940270700673,2.2749195862648373,0.20008954153322017,0.8595382287963791,6.704935605868182,5.0,0.2080404886140873,0.1829020501391978,0.4244364269804374,1183,1400,4,16.92961649185093,dumbbell,4,1,C05,diffdist_t4,-0.36667182662485426,-0.8152987702925371
-24.93247232942865,-33.35469614351625,-0.0482924891131604,2.4079789145857653,0.3988971557604569,0.8595382287963791,5.9580867935578,5.0,0.210229179211522,0.2169716246436494,0.4353856044889455,1112,1400,4,18.689674801817247,dumbbell,4,1,C05,diffdist_t4,-0.2954991996510071,-0.8873404226887192
-45.93268823177305,-40.66647462188551,0.3327740870314052,2.2477109338154007,0.37223598410149455,0.8595382287963791,5.783967114834184,5.0,0.201805205196382,0.1802578296367671,0.4277850124645986,1346,1400,4,20.441465734001103,dumbbell,4,1,C05,diffdist_t4,-0.361331199836899,-0.7199660546640212
-31.00574725110291,-24.270329686158615,0.33292353723432955,2.791579764738059,0.7633827702609892,0.8595382287963791,6.809322510581635,5.0,0.2047583077364791,0.2183152162719952,0.4549285791593829,771,1400,4,22.25318956983028,dumbbell,4,1,C05,diffdist_t4,-0.2974168710617575,-0.780314880413999
-9.962274724149895,-13.622120385980097,0.33795791052530233,1.7317344210431533,-0.5955392213081103,0.8595382287963791,6.55460175809713,5.0,0.2307180314808114,0.2455952562760792,0.4294473300990484,885,1400,4,24.19911534089768,dumbbell,4,1,C05,diffdist_t4,-0.4670682606818913,-0.46726651159043914
-25.821555836654802,-22.68286103258158,0.37506970191050515,2.1846838323384117,1.3215383129302976,0.8595382287963791,5.802582041719192,5.0,0.208228045750078,0.2523370206948357,0.5049572432490869,695,1400,4,25.457467631216492,dumbbell,4,1,C05,diffdist_t4,0.33197040125074084,-0.5978958013594896
-21.908545391806605,-14.629168069093955,0.08421386666506714,1.1766652033575355,0.20285005490274485,0.8595382287963791,6.517248475947055,5.0,0.2198314395173238,0.248931447151967,0.4700036183085356,1248,1400,4,26.766912365797136,dumbbell,4,1,C05,diffdist_t4,-0.3184220164530702,-0.682214770896825
-19.81814980168538,-21.768620089026154,0.3633864133404949,1.6642885995536099,1.0972137932197896,0.8595382287963791,3.393432684197728,5.0,0.2025269129833329,0.2417365318182363,0.4832211275803645,487,1400,4,28.08251507244916,dumbbell,4,1,C05,diffdist_t4,-0.01717838209666972,-0.547179950471197
-24.262003738965582,-19.152844703852384,0.6396556989695075,1.8058337025202422,0.43272668302910666,0.8595382287963791,6.103600661508202,5.0,0.2172938048189932,0.2448263631190725,0.4812812435048512,340,1400,4,29.25564682434372,dumbbell,4,1,C05,diffdist_t4,-0.3299341529839115,-0.6958281546129399
-16.29840450068148,-14.115030188889454,0.168856982524902,2.1491476860461245,0.019198787223949333,0.8595382287963791,6.094982977845359,5.0,0.2166542584898806,0.2392838037387963,0.4338747523353243,821,1400,4,30.62766660334332,dumbbell,4,1,C05,diffdist_t4,-0.41645112989630645,-0.4475404470850618
-19.988734136212663,-26.147739932200775,0.03455502632284786,2.064590620119321,0.8026228116400501,0.8595382287963791,5.180835712053784,5.0,0.2106829198930989,0.2534222925906736,0.4618636011643472,710,1400,4,31.587976846787036,dumbbell,4,1,C05,diffdist_t4,-0.30124391707311504,-0.7830788943899797
-27.17770793887155,-21.8452801119882,0.17701479676859977,1.7016482497074674,-0.19802299375012516,0.8595382287963791,6.820740375376481,5.0,0.2280472257200296,0.2217984845949589,0.422165069211644,861,1400,4,32.32007875824183,dumbbell,4,1,C05,diffdist_t4,-0.45763171864523694,-0.812969898226394
-22.62427099589745,-23.658222738063593,0.37050321231747696,2.3621754375151114,0.563569030643859,0.8595382287963791,6.8615639745654935,5.0,0.204502956136562,0.2350466415906153,0.4434823815045429,988,1400,4,33.12889594809895,dumbbell,4,1,C05,diffdist_t4,-0.32427621653426597,-0.6070776220681502
-23.96338626020169,-18.39575631819525,-0.02935573499572134,1.9226483441104583,-0.07351670351062882,0.8595382287963791,6.0697497686982675,5.0,0.2290248064763008,0.2611049894741883,0.4376890433552874,453,1400,4,33.668914599485454,dumbbell,4,1,C05,diffdist_t4,-0.44086543929927574,-0.837040115553521
-16.754125734056082,-14.301466942660236,0.5384985476717813,1.8092474116667976,0.6557584352191907,0.8595382287963791,4.726159264111977,5.0,0.2066449064508413,0.2515402490080374,0.4565657517900977,1088,1400,4,34.059592294100185,dumbbell,4,1,C05,diffdist_t4,-0.306889907096598,-0.6870931330150172
-23.68220114951369,-23.92660402497085,-0.48081010031149146,1.0488689914643683,1.485941964454609,0.7162818573303159,4.040455328967795,5.0,0.187271930891778,0.2858971768906946,0.4646795353667093,517,1400,4,34.349569802337655,dumbbell,4,1,C05,diffdist_t4,0.04614920071559303,-0.6182911887073349
-22.526416733440794,-23.812022335672125,0.45557181233361,1.6237983555366455,1.2514387711772381,0.8595382287963791,5.472979580774139,5.0,0.1892136171213402,0.2412501502335209,0.470109525043685,350,1400,4,34.42900931015112,dumbbell,4,1,C05,diffdist_t4,0.0018638345521118094,-0.4864528094489408
-488.75673075461174,-542.2689724182969,0.06898694474675388,9.69342545208566,-0.10872118557934093,0.8563488366221196,1.1050619982257879,5.0,0.1331733547123483,0.1124435673539989,0.2541492265471598,139,1400,4,-23.903626854904992,dumbbell,4,1,C05,diffdist_t8,-0.3706472495981436,-0.34537511761448936
-626.5759606726284,-613.0105555929417,0.5220641873946138,9.862119421206977,-0.8145686053812402,0.4281744183110598,0.8681481911537898,5.0,0.1478087905298048,0.1369091888120235,0.2428436342846681,345,1400,4,-19.30269743762144,dumbbell,4,1,C05,diffdist_t8,-0.4045140061601525,-0.4256554549679174
-752.7889088087732,-721.0578398837374,0.09864793830126112,9.980965124246932,-1.043289488187628,0.8563488366221196,0.6474780752298132,5.0,0.1310336920509344,0.0997036886231563,0.198482913719839,567,1400,4,-9.49712260455786,dumbbell,4,1,C05,diffdist_t8,-0.38895544714430147,-0.9392671731355446
-868.4974688071572,-599.5016190154853,0.34273827168665083,10.94783860473642,-2.0963398797428545,0.2854496122073732,-0.057868338805516,5.0,0.1435810876056824,0.101266613814232,0.2012920452130597,957,1400,4,2.3680252371261394,dumbbell,4,1,C05,diffdist_t8,-0.4629700743993471,-1.0584863928395436
-872.9062460516932,-631.7265131333968,0.09132553930078918,15.144459585654937,-1.6177045617189791,0.8563488366221196,2.886117895199554,5.0,0.1126847187700896,0.0632234766842508,0.1532819421721845,875,1400,4,12.14113035619155,dumbbell,4,1,C05,diffdist_t8,-0.47085769236578984,-0.9972462289160703
-602.3061249946492,-497.0106260473403,0.23681485795674792,16.818494802783054,-0.5464211421827612,0.8563488366221196,2.711102342654437,5.0,0.1125742118369456,0.0830387726920203,0.2113224349465439,1199,1400,4,13.806165288432432,dumbbell,4,1,C05,diffdist_t8,-0.4527165329162156,-0.345061549466682
-530.0731789949248,-540.2455969540918,-0.06774520343577886,9.984541682620762,-1.9684560886722442,0.713624030518433,-0.8085958521869322,5.0,0.1402364188628213,0.1000261931536857,0.1906508427637748,890,1400,4,15.18018583052862,dumbbell,4,1,C05,diffdist_t8,-0.4477523670507766,-1.0601609384640143
-714.8087063063008,-658.4051010206556,0.17531212799689805,14.121484650929638,-1.4926699359026607,0.8563488366221196,3.2442828862710877,5.0,0.1135749892329969,0.0696080101901032,0.1693854634789837,1183,1400,4,16.92961649185093,dumbbell,4,1,C05,diffdist_t8,-0.4640687136598026,-0.9420743808677658
-1049.6689995624943,-696.6441785865601,0.14167258993327522,13.154735512667235,-2.28216167712607,0.8563488366221196,1.4791903842397018,5.0,0.1287514429652126,0.0790647055630196,0.164345813701566,1112,1400,4,18.689674801817247,dumbbell,4,1,C05,diffdist_t8,-0.45213292377825043,-1.0586755118650186
-856.8016717620036,-911.7884673341798,0.17479577194454846,13.084684945924542,-1.8589180427971663,0.8563488366221196,2.3172038820567225,5.0,0.1135735859534781,0.0605051592985111,0.1619859982634845,1346,1400,4,20.441465734001103,dumbbell,4,1,C05,diffdist_t8,-0.47161765407538286,-0.9121491107142957
-739.8115580841359,-543.681602291915,0.2623983020383161,15.644431729603642,-1.3637160103132793,0.8563488366221196,3.078646416344436,5.0,0.1193807988472163,0.0735480050866529,0.1730725340771639,771,1400,4,22.25318956983028,dumbbell,4,1,C05,diffdist_t8,-0.4667300632597743,-0.9221865685251902
-448.8768659071065,-577.3507132789085,0.1364856139193079,11.35820576287659,-2.603415244837929,0.8563488366221196,0.9955510112432764,5.0,0.1389034114462353,0.0915262597174145,0.1608802750861986,885,1400,4,24.19911534089768,dumbbell,4,1,C05,diffdist_t8,-0.4648440690739028,-1.2503887123973094
-744.3807100623832,-745.3902907575143,0.34883923752187623,11.709281999054609,-2.1212693966985423,0.8563488366221196,0.9762942294045046,5.0,0.1419795206108572,0.0960885977648696,0.201229609360542,695,1400,4,25.457467631216492,dumbbell,4,1,C05,diffdist_t8,-0.45743086421831713,-1.0559132391614698
-398.1309725168784,-432.47102213974097,0.17336038775603055,9.11484876929055,-2.324728043060543,0.2854496122073732,-0.06931048930267857,5.0,0.1449019352488673,0.1047392334224567,0.1849073053282202,1248,1400,4,26.766912365797136,dumbbell,4,1,C05,diffdist_t8,-0.4717277193570312,-1.1461664781222751
-561.7067922070355,-555.7835645033981,0.24407799991641335,10.328887774520624,-2.492079155685119,0.8563488366221196,0.18862031912129174,5.0,0.1383999299341857,0.0974995294563588,0.1843455909295799,487,1400,4,28.08251507244916,dumbbell,4,1,C05,diffdist_t8,-0.47136600372969173,-1.142420923100619
-734.4082851004163,-637.5833067491673,0.51549794375002,13.106325087731959,-2.0198076071472357,0.8563488366221196,1.4902787357185865,5.0,0.1393684295816939,0.0923101999304185,0.1864459156915388,340,1400,4,29.25564682434372,dumbbell,4,1,C05,diffdist_t8,-0.4592454431382885,-0.9973463774655217
-603.9884122760462,-597.6441771433575,0.2663332405679321,11.313225011518853,-2.2723403410350134,0.1427248061036866,1.1063835419213615,5.0,0.1394118197284612,0.1002728011614928,0.1846801660448202,821,1400,4,30.62766660334332,dumbbell,4,1,C05,diffdist_t8,-0.4380898953436678,-1.0637019981373592
-769.0863303413935,-761.2522141250083,0.017471079556556753,10.879410772198034,-2.1926845793617655,0.4281744183110598,0.16327582620565942,5.0,0.1428572334505704,0.0998933997052099,0.1929500253674196,710,1400,4,31.587976846787036,dumbbell,4,1,C05,diffdist_t8,-0.45827948098982757,-1.0767520557179322
-855.769561317274,-711.6177904954624,0.07316236103401053,11.678058466740975,-2.5163975552125746,0.8563488366221196,2.2431622596167324,5.0,0.1314538401057823,0.0791120631182295,0.15956426528833,861,1400,4,32.32007875824183,dumbbell,4,1,C05,diffdist_t8,-0.4633827283023937,-1.1412450544600723
-742.8161811028293,-661.64893015888,0.07761006793896241,12.177893998216494,-2.303211277431848,0.8563488366221196,2.742787204531635,5.0,0.1399373621412588,0.0869293734679556,0.1753465363721677,988,1400,4,33.12889594809895,dumbbell,4,1,C05,diffdist_t8,-0.4540218003815044,-1.058762825961274
-921.1416616058422,-563.6053424599828,-0.031544775861327465,10.597870610785046,-2.3717216152528713,0.0,-0.5789816953296189,5.0,0.1487428171770399,0.1094027204939965,0.1956649092098117,453,1400,4,33.668914599485454,dumbbell,4,1,C05,diffdist_t8,-0.45347229238930187,-1.125472106587734
-510.0772620882437,-575.2398957812286,0.049889108438256315,10.343461920819648,-1.998486399095577,0.5708992244147464,-0.333433599159587,5.0,0.1367590251704988,0.0986330262980884,0.2055584253134852,1088,1400,4,34.059592294100185,dumbbell,4,1,C05,diffdist_t8,-0.44986703997206773,-1.0369654349615869
-865.3012440045756,-712.885618449719,0.02319323496794419,9.951429066176477,-1.147580072412285,0.8563488366221196,0.6514068355889574,5.0,0.1349214129731807,0.1049949548082234,0.1881473371073529,517,1400,4,34.349569802337655,dumbbell,4,1,C05,diffdist_t8,-0.38895544714430147,-0.9392671731355446
-822.1690126797525,-744.8881700736555,0.13471988186551134,9.965026556552155,-2.5169557091303623,0.4281744183110598,0.17350775524275275,5.0,0.1379954480579225,0.0945901521446545,0.1882198044601595,350,1400,4,34.42900931015112,dumbbell,4,1,C05,diffdist_t8,-0.46705012002492163,-1.1694517518487724
-1.5655748041047908,-2.840900365622733,-1.2304226053345535,-2.640464268925968,0.5513203750542326,-0.9446323987498879,2.7658660479265267,3.0,0.2647009480844512,0.2217516687031618,0.5960697203047961,139,1400,4,-23.903626854904992,dumbbell,4,1,C05,fb_potential,-0.17154000226237792,-0.6958416319884975
-1.3761544684749445,-4.133448991387529,0.4375033319447435,-2.579759400361477,0.8023173684889318,-0.9446323987498879,0.7116015004075117,5.0,0.2370126289159771,0.1858404806172257,0.551225772759552,345,1400,4,-19.30269743762144,dumbbell,4,1,C05,fb_potential,-0.10668802256055471,-0.5395190260258373
0.7675922969350714,2.056050337590283,1.0906909659092354,-2.843425361807502,-1.1461122859728463,0.6011297082953833,7.550753018783601,4.0,0.2761612734116386,0.1998145100002585,0.5208766661000774,567,1400,4,-9.49712260455786,dumbbell,4,1,C05,fb_potential,-0.43705500272149533,-0.8082371669575736
-0.7599138431130043,-2.9666042580129255,0.03343011134020448,-2.613273702255389,-0.2607050652021521,0.6011297082953833,3.2762074509674664,4.0,0.2681732323726087,0.1937593420209443,0.5405759418667072,957,1400,4,2.3680252371261394,dumbbell,4,1,C05,fb_potential,-0.39689685836606814,-0.34853952439485536
-0.9324683915181058,0.4207355486790244,1.2743610392238482,-2.9612643353904313,-0.9197335489062402,0.6011297082953833,3.275727288565127,3.0,0.2591601013042776,0.2057766658152199,0.5373164821076143,875,1400,4,12.14113035619155,dumbbell,4,1,C05,fb_potential,-0.41453961795584393,-0.15577629545203603
-1.7582304757223048,-2.5056754605507,0.29342301997164516,-2.7787540515933573,-0.4237673103474946,0.6011297082953833,6.062400301766377,3.0,0.2560611606942127,0.2029815237713844,0.515240928664447,1199,1400,4,13.806165288432432,dumbbell,4,1,C05,fb_potential,-0.43097696099600963,-0.5653240074115795
0.2370952203303832,1.305819035631197,0.25253013891411036,-2.7146056908711103,-0.5633537836415521,0.6011297082953833,4.410083617249407,4.0,0.256220471946496,0.1978607414515018,0.5190849124626729,890,1400,4,15.18018583052862,dumbbell,4,1,C05,fb_potential,-0.3842683278442448,-0.6564463199550669
-0.21107859320937733,0.010985856067016703,1.6086425730564549,-2.063570949440984,0.5891160478391324,0.6011297082953833,3.851487287407428,3.0,0.2490473912984646,0.1911119897067717,0.5343526902729074,1183,1400,4,16.92961649185093,dumbbell,4,1,C05,fb_potential,-0.21588034126528327,0.2531764756260399
0.1765648044573731,0.7080438440443314,-0.045922774009079466,-2.382411635283543,1.265176690719732,0.6011297082953833,2.055100896143384,3.0,0.231542243124302,0.2083979563226412,0.5468043952060501,1112,1400,4,18.689674801817247,dumbbell,4,1,C05,fb_potential,0.1629137142501753,-0.20688405397888587
-0.9875392681792494,-5.920143489271557,0.31946121019001145,-2.2935924147882303,0.8181522038918327,0.6011297082953833,3.754481055191331,4.0,0.2397776083549682,0.1827858882446725,0.5277745876294104,1346,1400,4,20.441465734001103,dumbbell,4,1,C05,fb_potential,-0.2473202086243953,-0.32896811442816853
-1.4673717957969452,-1.6930023878092542,0.4465556179289975,-2.587314665647245,0.5977966451978121,0.6011297082953833,2.6319312131160806,2.0,0.2459292806176901,0.1973847640413026,0.5445937418153232,771,1400,4,22.25318956983028,dumbbell,4,1,C05,fb_potential,-0.16947395228269263,-0.17169542713375968
-2.5420252843316273,-3.1268542322707273,0.26719242563988627,-2.540031704752892,-0.5992849216950323,0.6011297082953833,1.6861646615708616,2.0,0.2697869080671858,0.208118937522595,0.5347283306117647,885,1400,4,24.19911534089768,dumbbell,4,1,C05,fb_potential,-0.42496225047142294,-0.3053936677113004
-1.3885964231449963,-3.0737993260618364,0.4427120439020017,-2.325371439029635,0.45288162411738153,0.6011297082953833,0.7491804587239315,1.0,0.2507840611295695,0.1991149813827934,0.5373880857273852,695,1400,4,25.457467631216492,dumbbell,4,1,C05,fb_potential,-0.11145218627503378,-0.11705923475535153
-1.0510349616784502,-2.516842411795802,-0.19062380522861852,-2.1696886576111845,1.574150203444158,0.6011297082953833,4.116771615974377,3.0,0.2387586071175458,0.2102930371504243,0.5760240861342536,1248,1400,4,26.766912365797136,dumbbell,4,1,C05,fb_potential,0.025798053793959608,-0.4051027721009426
0.04287442757085261,0.26518359504930483,-0.9045482738406766,-1.8923496320342164,2.62400664556359,0.6011297082953833,-2.3601660669295423,3.0,0.2173496118787463,0.2071864096294288,0.5937458670229662,487,1400,4,28.08251507244916,dumbbell,4,1,C05,fb_potential,0.22631910877429073,0.0013951607218405865
-0.1708087654649718,-1.5234487211552699,-0.09792302650174137,-1.8897511227694663,1.1988668893644379,0.6011297082953833,2.61269656119279,4.0,0.2396489043980864,0.188330276659083,0.5626081120443251,340,1400,4,29.25564682434372,dumbbell,4,1,C05,fb_potential,0.08885170567465384,-0.3663150580123925
0.7936986154801928,0.11719214519286406,0.47551300560854054,-2.5997780636557457,0.014320662589965076,0.6011297082953833,4.928123664869223,3.0,0.2500899328592101,0.1930502945629957,0.5162597453773865,821,1400,4,30.62766660334332,dumbbell,4,1,C05,fb_potential,-0.34161212930039864,-0.49866595709330835
-1.392004416600967,1.1658136419118745,-0.742171853617953,-2.1906152230740332,1.2456584852346553,0.6011297082953833,1.0855471042115703,3.0,0.230613991607417,0.18688245748294,0.5473854160287968,710,1400,4,31.587976846787036,dumbbell,4,1,C05,fb_potential,-0.12327156050976101,-0.27641666683051036
-0.7593842871754275,-3.0066379449851275,1.2267591099935755,-1.6891381424271554,2.200725271963912,0.6011297082953833,0.5575439581464544,2.0,0.2526160447815871,0.2087109457058254,0.5845512509853017,861,1400,4,32.32007875824183,dumbbell,4,1,C05,fb_potential,0.20122979036465383,0.6267319622416163
-1.6085320257080105,-1.5285927351966186,0.0002971992435565881,-2.5061752729094775,0.5160016087017592,0.6011297082953833,3.9078331453583495,3.0,0.2361165567241016,0.1849035648570708,0.537533097654156,988,1400,4,33.12889594809895,dumbbell,4,1,C05,fb_potential,-0.10349277157764364,-0.27875495579907555
-1.3180884452617367,-2.0956146085961476,0.4431789412807701,-2.8989331743037217,-0.7243207121830764,0.6011297082953833,0.5067977611179963,4.0,0.2526289305685367,0.1801542119391773,0.5047785198482597,453,1400,4,33.668914599485454,dumbbell,4,1,C05,fb_potential,-0.42806805696412026,-0.7881879191464581
-0.1451145812843898,0.5777325727530243,0.11528779076462911,-2.6405600426200113,0.5397995611867827,0.6011297082953833,-0.5434309296317209,4.0,0.2418390167742584,0.210584034119629,0.5298434226820415,1088,1400,4,34.059592294100185,dumbbell,4,1,C05,fb_potential,-0.2992054017296453,-0.36503134284885347
-1.2049610339256331,-3.0630349462124697,0.08103697322044527,-2.669736306359802,-0.4863091977663695,0.6011297082953833,2.414850084572854,4.0,0.2403559793019614,0.1689657703734724,0.4787704025420329,517,1400,4,34.349569802337655,dumbbell,4,1,C05,fb_potential,-0.489321114477116,-1.5812047033123298
-0.4116303831120973,-0.5045136865116298,-0.6947887556179,-1.8148187780509757,2.2611444231505655,0.6011297082953833,2.6165704797675304,4.0,0.2277034435532913,0.1979389091787436,0.581210191054629,350,1400,4,34.42900931015112,dumbbell,4,1,C05,fb_potential,0.21832505246543543,0.21580582296803283
0.5316206969485269,-0.2964265112310927,-0.6974051637658206,-0.3097885009598133,0.6831698741649832,0.5383167699508432,-0.2408599244658299,4.0,3.601760507708745e-08,0.8617175628825479,0.9068766347607216,139,1400,4,-23.903626854904992,dumbbell,4,1,C05,heatgeo_4t,0.48967232286144935,1.8710002257678238
-0.13154907968657578,0.04865085670440691,-0.4266555856334212,0.037396433471664346,0.37540146020868126,0.5383167699508432,-0.19240641643430767,5.0,1.9770462534027198e-07,0.8528161441940458,0.908511894952612,345,1400,4,-19.30269743762144,dumbbell,4,1,C05,heatgeo_4t,0.49135592021760544,1.8949079071351378
0.1466689588754152,-0.8509357380516565,-0.7248558581615574,-0.6503533001182688,0.7478077891331538,0.5383167699508432,-0.10451157144097464,5.0,0.0,0.8812743021449537,0.9105995226479728,567,1400,4,-9.49712260455786,dumbbell,4,1,C05,heatgeo_4t,0.49187615417962405,1.6790618356294869
-0.4835637635490829,-0.7705821979548129,-0.35282484972954,0.34361828695946844,0.455103785269702,0.5383167699508432,-0.39830336020174234,4.0,1.5213867403028258e-07,0.8526921144454255,0.90690140728662,957,1400,4,2.3680252371261394,dumbbell,4,1,C05,heatgeo_4t,0.495896914976915,1.682935015665188
0.19472435388114837,-0.9841432807410035,-0.6997081150588087,0.094765694989119,0.7478077891331538,0.5383167699508432,-0.4515793410720483,4.0,0.0,0.8746795400329804,0.904886738103992,875,1400,4,12.14113035619155,dumbbell,4,1,C05,heatgeo_4t,0.49236142113667136,1.8916021831792285
0.35154825659481265,-0.7054550301419963,-0.4744653810816654,0.7104324482612985,0.5470533509426194,0.5383167699508432,-0.30868056592169807,4.0,1.0651084842868275e-07,0.8554709623385706,0.9024925378009768,1199,1400,4,13.806165288432432,dumbbell,4,1,C05,heatgeo_4t,0.49594448103989264,1.9445134284343881
-0.32795293502159206,-1.2207940394277992,-0.7580323561788296,-0.46431433618219975,0.7478077891331538,0.5383167699508432,-0.1484113753595512,5.0,0.0,0.8766006253098367,0.9084094543142296,890,1400,4,15.18018583052862,dumbbell,4,1,C05,heatgeo_4t,0.49416632159473184,1.8172652509094
-0.21829402032081202,-0.9724365035587043,-0.43783563263240743,0.11483497288540565,0.5300779974702413,0.5383167699508432,-0.36552904511023016,5.0,1.163443560899699e-07,0.8550064815769737,0.9052472860452894,1183,1400,4,16.92961649185093,dumbbell,4,1,C05,heatgeo_4t,0.495896914976915,1.8862072708723414
0.8337198200118124,0.6070158833231558,-0.30615447750692965,-0.16893964409919088,0.41056980078218597,0.5383167699508432,-0.20174881313506055,3.0,1.781330486245816e-07,0.8586818778156522,0.90932728088828,1112,1400,4,18.689674801817247,dumbbell,4,1,C05,heatgeo_4t,0.4952726319060098,2.3054427713608536
-3.221938272379444,-4.456692807647693,-0.6026947804432231,0.15728657867585524,0.5833893038808488,0.5383167699508432,-0.1382920328863386,5.0,8.617672626160107e-08,0.8572072886401271,0.9071296623449148,1346,1400,4,20.441465734001103,dumbbell,4,1,C05,heatgeo_4t,0.49663173785244397,1.885181714726322
1.0808156993459124,-0.31235913035298246,-0.11133673723357222,0.5912280655450123,0.10252451259078514,0.5383167699508432,-0.2806031789978949,3.0,3.445775348494361e-07,0.8473035468291927,0.9068366512409436,771,1400,4,22.25318956983028,dumbbell,4,1,C05,heatgeo_4t,0.4955342520734881,2.4936809981609414
0.464294891672039,-0.5597243506109416,-0.5954131401773698,-0.08243824938637836,0.6687652366649293,0.5383167699508432,-0.14603444536326946,5.0,4.4347133469360126e-08,0.8638213566387237,0.9047212925654584,885,1400,4,24.19911534089768,dumbbell,4,1,C05,heatgeo_4t,0.49236142113667136,1.8868155597962921
-0.46191154956835606,-0.22698241490268692,-0.22660644465340085,0.551273871807638,0.20638426791560255,0.5383167699508432,-0.3201861614980682,4.0,2.8775153751035417e-07,0.8509077389009791,0.9051428824794672,695,1400,4,25.457467631216492,dumbbell,4,1,C05,heatgeo_4t,0.49141095625008147,1.682935015665188
0.7286627536412522,0.225918529667171,-0.6491743836508844,-0.049549440419595525,0.6178959354659901,0.5383167699508432,-0.016275977373928417,4.0,6.691237376082883e-08,0.8613246913023531,0.9061966156777952,1248,1400,4,26.766912365797136,dumbbell,4,1,C05,heatgeo_4t,0.48901811222370284,1.8056865392176054
-0.7585273855958755,-0.6730361367721316,-0.24399294197795565,0.3780278467566015,0.24551348343228302,0.5383167699508432,-0.35582369487172655,4.0,2.639100629316146e-07,0.8497751359946756,0.9073379552366936,487,1400,4,28.08251507244916,dumbbell,4,1,C05,heatgeo_4t,0.49400955939302704,1.6783924097619916
-1.079058172248256,-0.8469930561388549,-0.29083037091111646,0.6822284002738446,0.35240259025897097,0.5383167699508432,-0.3921493561616945,5.0,2.103859126115696e-07,0.8523479710289971,0.9042630718493386,340,1400,4,29.25564682434372,dumbbell,4,1,C05,heatgeo_4t,0.4940478013997315,1.740582283250426
-0.5723924796365186,-1.2130050921878717,-0.6548199963127297,-0.0603069354173258,0.7160858224024358,0.5383167699508432,-0.20247051083349327,5.0,1.7664730373354252e-08,0.8658229724082254,0.9057117183758396,821,1400,4,30.62766660334332,dumbbell,4,1,C05,heatgeo_4t,0.4914897223342989,1.8605454476903687
-1.1404335480932686,-1.5508576511842767,-0.4666721036910685,-0.057884568496359444,0.5618205557643734,0.5383167699508432,-0.23015084826528906,5.0,9.794216512782028e-08,0.86357442098454,0.9075355902024338,710,1400,4,31.587976846787036,dumbbell,4,1,C05,heatgeo_4t,0.49400955939302704,1.8605454476903687
-1.65532474260635,-2.0012448446263225,-0.6678056715946729,-0.04033304434375984,0.7478077891331538,0.5383167699508432,-0.19729623930619095,5.0,0.0,0.8676998873187539,0.9086792095886074,861,1400,4,32.32007875824183,dumbbell,4,1,C05,heatgeo_4t,0.4914897223342989,1.8605454476903687
-0.1305528529320181,-1.218215430780558,-0.4630363960049364,0.22770679187137224,0.5174736606123972,0.5383167699508432,-0.24753347087058503,5.0,1.2292505247077816e-07,0.8564730036659262,0.9055395925917896,988,1400,4,33.12889594809895,dumbbell,4,1,C05,heatgeo_4t,0.495896914976915,1.8785247121864408
-0.0905915982670403,-0.9256140601008531,-0.672775988907725,-0.0810471686472642,0.7171664415976657,0.5383167699508432,-0.20354232346961715,5.0,1.704315769234146e-08,0.8650171242181295,0.9047352590942696,453,1400,4,33.668914599485454,dumbbell,4,1,C05,heatgeo_4t,0.49448372998380585,1.869246083953165
0.6550931230588801,-0.11328147913482807,-0.5199440712754897,-0.10706681585816814,0.602997036589239,0.5383167699508432,-0.19000601916086776,4.0,7.563516018123657e-08,0.8587313668050295,0.9043601253281004,1088,1400,4,34.059592294100185,dumbbell,4,1,C05,heatgeo_4t,0.48967232286144935,1.8056865392176054
-0.5411688251685766,-0.8446391745293965,-0.8007004592879617,-0.8060513188809365,0.7478077891331538,0.5383167699508432,-0.3211429529057892,5.0,0.0,0.889956343826037,0.9147488138049664,517,1400,4,34.349569802337655,dumbbell,4,1,C05,heatgeo_4t,0.49386248329931914,1.354686437212701
-0.7532980301171566,-0.6431935546942814,-0.3477183417726946,0.12474265258453779,0.4405570581598829,0.5383167699508432,-0.06279306671941089,1.0,1.6147907051477538e-07,0.8565801349279889,0.9094126151537552,350,1400,4,34.42900931015112,dumbbell,4,1,C05,heatgeo_4t,0.4936283238063366,2.2340637297682022
0.5338333561325306,-0.3132610808360548,-0.6843435551423438,-0.33010302572636885,0.6399485494247773,-0.0,-0.08358344149029649,4.0,0.0,0.8748655563486383,0.9154956777527674,139,1400,4,-23.903626854904992,dumbbell,4,1,C05,heatgeo_t,0.4896102444448093,1.9334110299619942
-0.14673817424953772,0.040307289150318136,-0.5711282793458707,-0.006827581859415859,0.5078880850006404,-0.0,-0.06041380815583011,5.0,3.705337160242968e-08,0.8668850510904803,0.9169735730418324,345,1400,4,-19.30269743762144,dumbbell,4,1,C05,heatgeo_t,0.48766003661708346,1.9316568881473357
0.14419397415372323,-0.874768100912202,-0.690616609869293,-0.6512370615206948,0.6399485494247773,-0.0,-0.03889174950516761,5.0,0.0,0.892428919969301,0.9188628933997004,567,1400,4,-9.49712260455786,dumbbell,4,1,C05,heatgeo_t,0.49231538105492356,1.7414726398236573
-0.5185463871120898,-0.8101390557532334,-0.5979948327461463,0.32969846836059225,0.6399485494247773,-0.0,-0.10938349105107849,4.0,0.0,0.8667781854828857,0.9155216518519066,957,1400,4,2.3680252371261394,dumbbell,4,1,C05,heatgeo_t,0.4914384735822539,1.9136776236512634
0.17867772824311587,-1.0377649785978897,-0.690379065125276,0.08183823416780163,0.6399485494247773,-0.0,-0.17606160434114593,4.0,0.0,0.8865048461520229,0.913703324301498,875,1400,4,12.14113035619155,dumbbell,4,1,C05,heatgeo_t,0.4927746025105363,1.9540129873733982
0.32270947202828226,-0.7653658818080801,-0.6206581953459898,0.6998740330230494,0.6399485494247773,-0.0,-0.11780326414672056,4.0,0.0,0.8692679018884405,0.911547598134538,1199,1400,4,13.806165288432432,dumbbell,4,1,C05,heatgeo_t,0.4923643553429624,2.0069242326285583
-0.3297388617520019,-1.2583048764911604,-0.7086672358816781,-0.4774320059705343,0.6399485494247773,-0.0,-0.04305815943788139,5.0,0.0,0.8882263919776083,0.9168791312298786,890,1400,4,15.18018583052862,dumbbell,4,1,C05,heatgeo_t,0.4941310958698618,1.8796760551035705
-0.2533832342303422,-1.0399018273106508,-0.6177797824032509,0.07370063643296206,0.6399485494247773,-0.0,-0.10902703681541646,5.0,0.0,0.8688477674982483,0.9140326747523594,1183,1400,4,16.92961649185093,dumbbell,4,1,C05,heatgeo_t,0.4941310958698618,1.9229562518845391
0.822046894550851,0.5790119259089885,-0.40835369783276126,-0.20459650444972025,0.413890391636165,-0.0,-0.06310536168438352,3.0,5.748543031137645e-08,0.8721417890528651,0.917717482773348,1112,1400,4,18.689674801817247,dumbbell,4,1,C05,heatgeo_t,0.4944411251412558,2.597730111540139
-3.292089032575262,-4.556798107262955,-0.6771193083342246,0.13758700931305703,0.6399485494247773,-0.0,-0.010982246984311802,5.0,0.0,0.8708210688785558,0.9157418064047668,1346,1400,4,20.441465734001103,dumbbell,4,1,C05,heatgeo_t,0.4966113484025294,1.8892964701941009
1.070518131210599,-0.3584029356101248,-0.4101936773480665,0.5561061843243982,0.42329613598876137,-0.0,-0.05466971017278923,3.0,5.475648833514935e-08,0.861953401801259,0.9154579768133448,771,1400,4,22.25318956983028,dumbbell,4,1,C05,heatgeo_t,0.494476627410679,2.5844312940975427
0.46361581407154656,-0.5980713538231807,-0.6449734150161386,-0.11701705863935744,0.6399485494247773,-0.0,-0.03977845642048565,5.0,0.0,0.8767499972669108,0.9135554434492674,885,1400,4,24.19911534089768,dumbbell,4,1,C05,heatgeo_t,0.49231538105492356,1.9492263639904623
-0.49896614916907867,-0.2617243102519935,-0.41366635231171994,0.5326366470433236,0.3740429293812236,-0.0,-0.12126141031481741,4.0,6.909495112939857e-08,0.8651768071551486,0.9139453982861756,695,1400,4,25.457467631216492,dumbbell,4,1,C05,heatgeo_t,0.4913038727784994,1.9393394468332361
0.7440596538739568,0.2169369608905585,-0.7193408669412252,-0.07781829991169761,0.6399485494247773,-0.0,-0.04150596326622586,4.0,0.0,0.8745100175471338,0.9148845467246524,1248,1400,4,26.766912365797136,dumbbell,4,1,C05,heatgeo_t,0.4896102444448093,1.8680973434117758
-0.8033299720017956,-0.7159046660189692,-0.48462149436626145,0.3496402293100488,0.5042629188780982,-0.0,-0.12746900682065396,4.0,3.810253645665116e-08,0.8641664070417038,0.9159175644279984,487,1400,4,28.08251507244916,dumbbell,4,1,C05,heatgeo_t,0.49433409967580155,1.9136776236512634
-1.1207823194909028,-0.8957309059383904,-0.4465390089595111,0.6937312651639611,0.49763789277849524,-0.0,-0.15652445570094564,5.0,4.002738153494163e-08,0.8664689851939796,0.9131438712337024,340,1400,4,29.25564682434372,dumbbell,4,1,C05,heatgeo_t,0.49437028160369667,1.975867497139698
-0.5991304678465076,-1.2607345001337196,-0.6597605688760709,-0.0881328616704507,0.6399485494247773,-0.0,-0.07243214878513285,5.0,0.0,0.8785530187050289,0.914436795983438,821,1400,4,30.62766660334332,dumbbell,4,1,C05,heatgeo_t,0.4914384735822539,1.9229562518845391
-1.188909021147173,-1.6045308890825851,-0.605679076765416,-0.08449754211827232,0.6399485494247773,-0.0,-0.07653364084038213,5.0,0.0,0.8765334469540571,0.9160852311115156,710,1400,4,31.587976846787036,dumbbell,4,1,C05,heatgeo_t,0.4914384735822539,1.9229562518845391
-1.6891631888164158,-2.057871982714352,-0.671783461901658,-0.053482728271352906,0.6399485494247773,-0.0,-0.06581862651638179,5.0,0.0,0.880234674602619,0.9171242141148018,861,1400,4,32.32007875824183,dumbbell,4,1,C05,heatgeo_t,0.4914384735822539,1.9229562518845391
-0.16031142114538272,-1.271569732658755,-0.6443077982542221,0.20091315204096277,0.6399485494247773,-0.0,-0.08033160671314342,3.0,0.0,0.8701635440790824,0.9143003651220252,988,1400,4,33.12889594809895,dumbbell,4,1,C05,heatgeo_t,0.4941310958698618,2.6021682342617964
-0.10263388664121424,-0.9587120780556893,-0.6677181119341521,-0.10911154638891646,0.6399485494247773,-0.0,-0.0641549573837556,5.0,0.0,0.8778235719199905,0.9135614238286656,453,1400,4,33.668914599485454,dumbbell,4,1,C05,heatgeo_t,0.4941310958698618,1.9409355163806108
0.6457287866432746,-0.14719342446286723,-0.572028611662418,-0.14381448291369164,0.5659812351826755,-0.0,-0.035647043812727784,4.0,2.0831765167071828e-08,0.8721916778341662,0.9132317776754636,1088,1400,4,34.059592294100185,dumbbell,4,1,C05,heatgeo_t,0.4896102444448093,1.8813961608543726
-0.521573106474354,-0.8410780900201972,-0.7245847877592826,-0.7980210465193426,0.6399485494247773,-0.0,-0.12135635676122555,5.0,0.0,0.9002366832251013,0.9225939069186516,517,1400,4,34.349569802337655,dumbbell,4,1,C05,heatgeo_t,0.4914384735822539,1.792597227156155
-0.799112643187158,-0.6845740976287701,-0.419233607204518,0.09702832533607632,0.4167509127678693,-0.0,-0.008146707547837953,1.0,5.665773772176381e-08,0.8702658832220893,0.9177946698604088,350,1400,4,34.42900931015112,dumbbell,4,1,C05,heatgeo_t,0.4939733928230803,2.618551429210494
0.48034804049931007,0.12322085744027139,0.2646270419000637,-0.42237354090632756,-0.07263090653858705,-0.643162686291241,0.2680732675837194,3.0,0.2562849116398552,0.2107132216690126,0.547788524307222,139,1400,4,-23.903626854904992,dumbbell,4,1,C05,pca_denoise,-0.24908928547397524,0.09242925478565023
0.45154785535497927,0.13316102805069363,-0.4787336174007795,-0.09775081718024228,0.5466436631232893,0.28299158196814594,1.1052563927518415,3.0,0.2404501367346163,0.2493557310159957,0.609366878976054,345,1400,4,-19.30269743762144,dumbbell,4,1,C05,pca_denoise,-0.14550651416406596,-0.02568183419829654
0.23607244723535079,0.6250724013958918,-1.514638624649473,-0.2262610534743481,-0.09959163367480756,0.5917096713879416,1.8915791933315862,3.0,0.2518481734008817,0.2195883951004193,0.5465718159397012,567,1400,4,-9.49712260455786,dumbbell,4,1,C05,pca_denoise,-0.2944844294463113,-0.3439947358968513
0.23261990408015,0.3800711338855409,-0.765467702961633,0.5390801919896694,0.30983035176137647,0.7460687160978394,0.23513240746139838,5.0,0.2329178690921254,0.1860764854183778,0.5472235516962853,957,1400,4,2.3680252371261394,dumbbell,4,1,C05,pca_denoise,-0.21271144866256808,-0.410356064959245
0.4413784633406511,0.7375087962940193,-0.06496209962231313,0.4251584913447034,-0.4631675661226414,0.7460687160978394,1.8386057941955676,4.0,0.2595420223317957,0.22224792343385,0.5148451284256298,875,1400,4,12.14113035619155,dumbbell,4,1,C05,pca_denoise,-0.26153152031351895,-0.35982895218244815
0.12744656303856008,0.33296154722786825,-0.02375190610426031,1.1140089480269209,0.6156569662486364,0.7460687160978394,2.6518853158338342,5.0,0.2367962345002056,0.2188061065370449,0.5670554149214574,1199,1400,4,13.806165288432432,dumbbell,4,1,C05,pca_denoise,0.10496010804974854,-0.3736330042534567
0.5508377757665333,0.8835680502610451,-0.5751699448044998,-0.11519232281603008,-0.2828257946220585,0.12863253725824814,1.8062034214863698,4.0,0.2651611477012782,0.2430122836504708,0.5439456384586525,890,1400,4,15.18018583052862,dumbbell,4,1,C05,pca_denoise,-0.29496526060789596,-0.25433984866517945
0.7005243236108651,0.7163422065789271,1.116966814552579,0.20816539250655083,0.6958826745053928,0.7460687160978394,1.6115889957588834,4.0,0.2464633630480284,0.2977508667268378,0.6426221828081219,1183,1400,4,16.92961649185093,dumbbell,4,1,C05,pca_denoise,0.09368589131831773,0.5597590864775103
1.7468079925443876,1.5721030177070792,0.9951167634337525,0.741593579541765,1.174764208507088,0.7460687160978394,1.1193574572673568,4.0,0.2281026700884155,0.3055633385620095,0.6702593942092395,1112,1400,4,18.689674801817247,dumbbell,4,1,C05,pca_denoise,0.419217414675617,0.9679171623685616
-1.1680831283793207,-1.9461448709940883,0.8176292470835507,0.28316987123298015,-0.11745630007885605,0.7460687160978394,2.086502668895879,4.0,0.2311030402702687,0.1913468726458085,0.4904677194638043,1346,1400,4,20.441465734001103,dumbbell,4,1,C05,pca_denoise,-0.3942488285276366,-0.44713227975513814
0.2903202101544937,0.540213857208598,0.6130270640633995,1.4369714078224882,1.0630301335058536,0.7460687160978394,1.9705417203366022,4.0,0.2216389126528526,0.2051430883651124,0.6052244495843582,771,1400,4,22.25318956983028,dumbbell,4,1,C05,pca_denoise,-0.06673840909337075,0.12943660062790088
0.804905536273845,0.19763324458154985,0.8584909787296453,0.36991975465480703,0.4287098244148346,0.5917096713879416,2.4558318044235627,5.0,0.2540027932415649,0.254491497197332,0.6055964642905246,885,1400,4,24.19911534089768,dumbbell,4,1,C05,pca_denoise,-0.18275209247863766,0.05440804358568121
0.30618180845704385,0.8544934506723989,0.03384698849534061,0.3682416341741189,0.20216719181761128,0.4373506266780438,0.6798139782598396,3.0,0.2477646095323246,0.2238902852949278,0.5620683793070378,695,1400,4,25.457467631216492,dumbbell,4,1,C05,pca_denoise,0.13687436615724013,0.0825352282431059
0.9095362866720591,1.6659707904006673,-0.3314709642861516,-0.21915140416341636,-0.08541493965628504,0.5917096713879416,2.346271262034815,4.0,0.2629901442516165,0.2523826632019737,0.5800617030658423,1248,1400,4,26.766912365797136,dumbbell,4,1,C05,pca_denoise,-0.24867969270798834,-0.0589133822383294
0.1444349131996594,0.5622419636329664,0.5766115410923328,0.578405475775786,0.5505160732038729,0.5917096713879416,1.1982153901341992,3.0,0.2292996187897668,0.214913000251678,0.5932986576411753,487,1400,4,28.08251507244916,dumbbell,4,1,C05,pca_denoise,-0.23431240393050212,0.26041879072982244
1.0610659684537702,0.8982785083120938,0.7542171607630128,0.5398821204741039,0.3156198197486546,0.7460687160978394,1.5240737142007477,4.0,0.2421794841986228,0.2231010930625523,0.5682515175699909,340,1400,4,29.25564682434372,dumbbell,4,1,C05,pca_denoise,0.04698031395403035,0.08720124074915338
0.5017234783755863,0.08459673502535793,-0.25431401247084623,0.5944548600788375,0.3226565867245526,0.5917096713879416,2.2268772716989518,4.0,0.2429670480908992,0.2178227438171435,0.5570596081210224,821,1400,4,30.62766660334332,dumbbell,4,1,C05,pca_denoise,0.10971091616610329,-0.22458858534170983
-0.6904961874921007,-0.02945823133923476,-0.12181727879948397,0.5365294145265691,0.4783188752917856,0.4373506266780438,-0.3288029654192269,6.0,0.2155673024029609,0.2227909270760324,0.5567735074884934,710,1400,4,31.587976846787036,dumbbell,4,1,C05,pca_denoise,-0.06048542137601881,-1.035612174603348
-0.041122797451404854,0.47816231272177884,0.09527394512502212,0.3155611796859073,-0.026246389262543215,0.7460687160978394,1.88098931260447,4.0,0.2419534024044387,0.2063221020207416,0.5281430566355935,861,1400,4,32.32007875824183,dumbbell,4,1,C05,pca_denoise,-0.3318880831681855,-0.16166575357496424
0.4761863927105816,0.5485505909392536,0.8211301601184186,0.6583353031016326,0.44016762546255117,0.7460687160978394,2.1556335011982157,4.0,0.2196962233766247,0.211661385081389,0.5548996648336705,988,1400,4,33.12889594809895,dumbbell,4,1,C05,pca_denoise,-0.14432774139864557,0.1757791136246503
0.1546775126354033,0.2056044523121898,-0.3352090931209011,0.18279497890957425,0.05331815674836577,0.7460687160978394,0.6530386216192825,4.0,0.2395500754631221,0.2423728868278465,0.5527361823316348,453,1400,4,33.668914599485454,dumbbell,4,1,C05,pca_denoise,-0.10298364038989166,-0.3280157340870036
1.2009125353043246,1.3155757677711515,-0.21744705738917147,0.23748217172875224,0.3202393587973589,0.5917096713879416,0.035554443547382505,4.0,0.2143175580065843,0.2222410852933559,0.5511261832272769,1088,1400,4,34.059592294100185,dumbbell,4,1,C05,pca_denoise,0.17124018757076664,-0.08532915357157567
-0.21915760078539215,-0.5211766132436617,-0.7919572266130387,-0.35253912676605514,-0.3587789567818319,-0.1800855521615475,-0.23206655536149778,2.0,0.2807798900275073,0.2341145076039765,0.5639177509417359,517,1400,4,34.349569802337655,dumbbell,4,1,C05,pca_denoise,-0.39334540280742103,-0.3976574309065999
0.42753516275358944,0.5624230170946468,-0.7052436888311072,0.5817460891713889,0.5791437732365383,0.5917096713879416,0.7225075733166512,4.0,0.218595666961798,0.2160157084659809,0.5830489190361418,350,1400,4,34.42900931015112,dumbbell,4,1,C05,pca_denoise,-0.2804491695930781,-0.060805742002325365
-0.5552190074305358,-0.7449542165663537,0.9926335655688159,-0.48420691179744346,-0.08533318901031368,-0.2643006748637201,-0.6520247362718801,4.0,0.2563470883598772,0.2169888426158239,0.5544940277500421,139,1400,4,-23.903626854904992,dumbbell,4,1,C05,plain,-0.06802108623689435,-0.0681168548273084
0.5999180487715332,0.3541717510409013,-0.934764496027874,-0.020564682191839972,0.6073860204652975,0.18878619633122865,0.7921471713668325,3.0,0.2483297146117602,0.2415027201717611,0.6400730777489582,345,1400,4,-19.30269743762144,dumbbell,4,1,C05,plain,-0.00558873957196615,0.2792440970314722
0.043863510757326925,0.46782612803456425,0.5143369243625202,-0.43795565132468206,-0.14084018277096524,0.33981515339621154,-1.554603276816116,3.0,0.2695512160260188,0.2384729749424908,0.5761988388139958,567,1400,4,-9.49712260455786,dumbbell,4,1,C05,plain,-0.2861118875740154,0.13406029822536186
0.15051932844834678,-0.07017531055895122,-0.9135110550264351,0.11618827128337629,0.1563763730604601,0.7929020245911603,-0.25476687596864434,4.0,0.2567350274862873,0.208025081643443,0.5620215497257939,957,1400,4,2.3680252371261394,dumbbell,4,1,C05,plain,-0.3787926872975098,-0.402946994981993
1.046062344284525,0.9057600260132601,-0.8011785650324377,0.06018118752073141,-0.5176763112982006,0.7929020245911603,2.2169742667164174,4.0,0.266621020849101,0.2306442800317553,0.4995741627566851,875,1400,4,12.14113035619155,dumbbell,4,1,C05,plain,-0.41738403279553915,-0.9119666288070675
1.421525786637497,0.487935989051705,0.4121495428578038,0.4895868320741146,0.5803919513477084,0.7929020245911603,3.5628155662034793,5.0,0.2430175144493063,0.2676813916727835,0.6221499938784308,1199,1400,4,13.806165288432432,dumbbell,4,1,C05,plain,-0.2122862883021992,-0.056555859210207546
0.5566717102988918,-0.5381988664596679,-0.01951055382329616,-0.2668113855142074,-0.3147625948665205,0.18878619633122865,-2.304980989758988,4.0,0.2643123545484852,0.2296667143322577,0.5472524760061681,890,1400,4,15.18018583052862,dumbbell,4,1,C05,plain,-0.22516037015729695,-0.11015206655114912
0.7669367160170636,-0.4558268088729671,2.242649952038671,-0.01515842247903294,0.9503289477390587,0.7929020245911603,2.3536063868281953,4.0,0.2347249471882031,0.3278894745319305,0.6710055798627755,1183,1400,4,16.92961649185093,dumbbell,4,1,C05,plain,0.45830157156787665,0.9567898598931772
1.665065667436356,1.3994232993304752,1.9677097561779608,0.07735007946357694,2.081404288003872,0.7929020245911603,1.877311208020789,4.0,0.1817763263401737,0.3791614778116264,0.7448837198766364,1112,1400,4,18.689674801817247,dumbbell,4,1,C05,plain,0.4933960854698185,1.5809422604643777
-1.0672952787242778,-2.5418070306682834,0.31783553520044355,-0.042537043363760574,-0.23073520178010237,0.7929020245911603,-0.008623858212190666,4.0,0.2330155237664782,0.1671134676997627,0.4798965227429284,1346,1400,4,20.441465734001103,dumbbell,4,1,C05,plain,-0.48874554714115853,-0.8270214552223986
0.927795954711711,0.8478340316230648,1.6600909853562047,0.606939016556139,1.137707283638536,0.7929020245911603,3.8501012485741115,1.0,0.2451301288619159,0.287158372470765,0.6708562769679716,771,1400,4,22.25318956983028,dumbbell,4,1,C05,plain,0.46280544874575436,1.3703223112109855
1.4032303893848894,0.4535732068392893,0.7020735205786824,-0.12260215694776412,0.32913647199552765,0.7929020245911603,2.3535931015885483,5.0,0.248986805618171,0.2904076043095844,0.6077089959425636,885,1400,4,24.19911534089768,dumbbell,4,1,C05,plain,-0.19263792748382458,0.15483857857958302
0.6368503683552807,0.08362555220753581,1.1569545415779663,0.1694479745835422,0.4583109486147138,0.6418730675261775,2.251543534413204,4.0,0.2565875936227335,0.2379667548889187,0.6016204160865302,695,1400,4,25.457467631216492,dumbbell,4,1,C05,plain,-0.004484875186584414,0.1283426283845313
1.5716159936564136,1.2135802529117272,-0.35516812369596507,-0.31756737396464113,0.19931020304454394,0.6418730675261775,1.026931171341471,4.0,0.2584864011866688,0.2680331345177072,0.6105390622737626,1248,1400,4,26.766912365797136,dumbbell,4,1,C05,plain,-0.11504002056883222,-0.03983532877619139
-0.2513072348991077,-0.4000037146386534,0.4949155584520702,0.2315124324325864,0.5604659421951168,0.7929020245911603,0.2155662768219377,4.0,0.2437326977661336,0.2328769690297522,0.6035444716094356,487,1400,4,28.08251507244916,dumbbell,4,1,C05,plain,-0.2610845281028129,-0.09460839315264764
0.5909925240411187,0.21387785568000045,0.8147117034978494,0.25568062958095744,0.3731840297025225,0.7929020245911603,1.2986302249625898,4.0,0.2487031468090515,0.2333307265897381,0.6005160580254293,340,1400,4,29.25564682434372,dumbbell,4,1,C05,plain,-0.008940189110489993,0.0793316614128486
-0.23951781744685355,0.1724803659963687,-0.2558538073818951,0.07306218219190018,0.017111822259008466,0.49084411046119447,1.8291854665079974,3.0,0.2560108313288587,0.2151176499951884,0.5526932438868657,821,1400,4,30.62766660334332,dumbbell,4,1,C05,plain,-0.3536906978088633,-0.2023087101504053
-0.1374905840135889,-0.24393266883585787,0.8899051338407636,0.18961021540191403,0.23384398460575945,0.6418730675261775,0.31717292017250315,3.0,0.2350633519305857,0.2055061367119297,0.5553926113443135,710,1400,4,31.587976846787036,dumbbell,4,1,C05,plain,-0.2811058593365964,0.151558079175041
-0.29946472572116384,-0.7918709853946084,0.27376975827428146,-0.1495490997953787,-0.45957560263922603,0.7929020245911603,1.7310040366034762,4.0,0.2632945656999941,0.2065150142385007,0.5174438069851289,861,1400,4,32.32007875824183,dumbbell,4,1,C05,plain,-0.4360726423705441,-0.18322490817210393
0.07502524356975096,-0.6630920554986831,-0.18055672777185677,0.22951241453659277,0.10790529812917848,0.7929020245911603,2.397650703365159,4.0,0.2493712697850397,0.216398169201909,0.5514497401627586,988,1400,4,33.12889594809895,dumbbell,4,1,C05,plain,-0.2223149918917524,-0.2495382023751454
-0.8058696402720668,-0.28734809829706875,-0.5817855245553235,-0.06733094191587295,-0.10043653288221949,0.7929020245911603,1.2142648987753761,5.0,0.2557190471362133,0.2196617425283548,0.5509379669481321,453,1400,4,33.668914599485454,dumbbell,4,1,C05,plain,-0.32110675961417123,-0.6059763523230283
2.2226428682374864,1.689487080809348,0.5277519562678737,-0.05419283749643234,0.7672291202194088,0.6418730675261775,1.4072924567375389,4.0,0.2358157521281841,0.2980164359842941,0.6438387177829108,1088,1400,4,34.059592294100185,dumbbell,4,1,C05,plain,0.11395041622852109,0.5916516700306951
-0.7498948922428927,-0.46520948961954656,-1.4708350283362819,-0.6488304083067091,-0.9730422037829879,-0.1132717177987372,-1.0536489461260796,3.0,0.3010205111229769,0.2335702670149703,0.5282565756413673,517,1400,4,34.349569802337655,dumbbell,4,1,C05,plain,-0.44401515798424274,-0.8005707632460622
-0.3846077642860992,-0.4951951621855832,-1.0321466506395767,0.2626101828545846,0.5626739634659081,0.7929020245911603,2.4031460220872627,3.0,0.2243358770962595,0.2096394656829909,0.5817410591097245,350,1400,4,34.42900931015112,dumbbell,4,1,C05,plain,-0.07691896756538613,-0.37110320435426714
-2244.255036748714,-2379.9556529319,1.6638087439162865,-2.2426326987314797,-0.7448535223328399,-0.40219982809345134,-1.1481481636408897,5.0,0.1914076527611806,0.1202554352821432,0.3137672894319482,139,1400,4,-23.903626854904992,dumbbell,4,1,D,diffdist_t4,-0.46595929785926116,-1.4584075943384387
-644.5660045808044,-1291.6262450700226,5.061160860045111,-1.1849216967939387,0.7236469263905891,-0.40219982809345134,-0.2919742431528858,5.0,0.1799523648929319,0.1301115992497135,0.3162022290334723,345,1400,4,-19.30269743762144,dumbbell,4,1,D,diffdist_t4,-0.28420621978639027,-0.3483708778500194
-1392.9477304814302,-1627.183365443792,1.033866347086174,-1.7985716428938752,0.5751273372901358,0.40219982809345134,-0.8597771745603097,5.0,0.1457207342621761,0.0880956787815177,0.3127243386766766,567,1400,4,-9.49712260455786,dumbbell,4,1,D,diffdist_t4,-0.3036889205311617,-1.0827271949983643
-1275.6263726854247,-1954.605138213555,2.1039455663219684,-2.229217022076667,-1.063138016666826,-0.40219982809345134,-0.05719036329989672,5.0,0.2052861214811042,0.1352856938316998,0.2895737154637657,957,1400,4,2.3680252371261394,dumbbell,4,1,D,diffdist_t4,-0.4703909011933945,-1.8769942914374367
-1419.2317072428716,-1517.8472518667038,2.59953065704132,-1.8808444888079874,0.3161284837083965,0.40219982809345134,-0.029823062719691887,5.0,0.16126872115268,0.0892714087230994,0.3113540184166181,875,1400,4,12.14113035619155,dumbbell,4,1,D,diffdist_t4,-0.26896076559099524,-0.6613305371639407
-1928.6343465332034,-2223.0352930827253,1.2467756321646064,-1.9976800159054795,-0.26761007316376206,0.40219982809345134,-0.9985910988186296,5.0,0.1619678766344555,0.0915470009536892,0.2689041045319607,1199,1400,4,13.806165288432432,dumbbell,4,1,D,diffdist_t4,-0.43748566029735914,-1.332903848287217
-1544.3348418112255,-1620.0544757444927,1.2410338646275203,-1.891469774120779,0.07959236940249019,0.40219982809345134,-0.14525047596045118,5.0,0.1722465234177502,0.1018642166323006,0.2971621664352298,890,1400,4,15.18018583052862,dumbbell,4,1,D,diffdist_t4,-0.45032745238532057,-1.5190991789861024
-1541.4684817413488,-1699.4863838368997,1.3626566199608718,-1.97708509811701,2.153926021031244,0.40219982809345134,-0.6482470303846745,5.0,0.168235620535204,0.1472762557288766,0.4154974190925749,1183,1400,4,16.92961649185093,dumbbell,4,1,D,diffdist_t4,-0.11973196608094983,-1.2153396377339347
-1729.63133115008,-1837.639547269874,1.642939026442492,-2.0011621376615634,-0.4729668795211852,0.40219982809345134,-0.548295795296959,5.0,0.1852849531560738,0.1114562597326194,0.2775469840106801,1112,1400,4,18.689674801817247,dumbbell,4,1,D,diffdist_t4,-0.45076045020952205,-1.4986329954478455
-877.6818336485788,-1095.0829410463525,-0.8995345014638937,-1.5813954302079154,2.498446210378394,0.40219982809345134,-0.6860499924108936,5.0,0.1756495736605592,0.1483301650488883,0.4596257716621731,1346,1400,4,20.441465734001103,dumbbell,4,1,D,diffdist_t4,0.07571518454369563,-1.4535795866522874
-2465.9340301399307,-2734.2412643669713,1.896887007450207,-2.1975605866592227,-0.6747905941805559,0.40219982809345134,-0.06758755800073893,5.0,0.1669625991075292,0.0898581231490912,0.2381301889473715,771,1400,4,22.25318956983028,dumbbell,4,1,D,diffdist_t4,-0.45061255002397355,-1.0549755094266504
-772.3527607515136,-1166.0351613997163,-2.6299848561253345,-1.4402660209876426,1.9636323746247406,0.40219982809345134,-1.3419895428535205,5.0,0.1766164770305799,0.1550427942696409,0.4201324661285724,885,1400,4,24.19911534089768,dumbbell,4,1,D,diffdist_t4,-0.04152237606630721,-1.2570186709409226
-1140.7202067001128,-1103.9535377971151,5.246947079675089,-1.0740060383295549,0.845531047079081,0.40219982809345134,-0.016378259397330244,5.0,0.1557122616050555,0.1039193844446506,0.3115329635337737,695,1400,4,25.457467631216492,dumbbell,4,1,D,diffdist_t4,-0.16834933313624523,-0.11709921837764588
-1709.20518262812,-2025.4920681615806,2.7271898188432737,-1.9927902815975598,0.6437194010506173,-2.010999140467257,-0.3517768203494102,5.0,0.1982407799895598,0.1753387874677864,0.3691418868222656,1248,1400,4,26.766912365797136,dumbbell,4,1,D,diffdist_t4,-0.30259489019826746,-0.9973102765806752
-420.68329223530867,-485.537863406918,2.538402759086955,-0.45420155698318854,5.0384034824809865,0.40219982809345134,3.254451410752139,5.0,0.1367067428243942,0.2060287851989901,0.6437862646363821,487,1400,4,28.08251507244916,dumbbell,4,1,D,diffdist_t4,0.49589316790658766,1.6549579344688354
-1083.3793676361745,-1427.01407139243,-2.034172380771265,-1.5507007804565938,2.1971618912559165,0.40219982809345134,-0.7278518335962406,5.0,0.1803462149423845,0.147913270557622,0.4097636648896191,340,1400,4,29.25564682434372,dumbbell,4,1,D,diffdist_t4,0.06133364752312476,-1.3719557953296297
-416.7235106493916,-509.07779805077223,1.6431938026663417,-0.035618821310195996,3.667128678634558,0.40219982809345134,1.541634911341977,5.0,0.1660371179563676,0.1542499773441009,0.5071670562634926,821,1400,4,30.62766660334332,dumbbell,4,1,D,diffdist_t4,0.4415262039589757,0.030619195877180868
-2667.517945496526,-2873.097604920568,0.7439092554705676,-2.215898453279134,-0.4642533280062617,0.40219982809345134,-0.4837080167254487,5.0,0.1687555552498574,0.091536742933457,0.2563592895793389,710,1400,4,31.587976846787036,dumbbell,4,1,D,diffdist_t4,-0.4750491565728503,-1.7884922929695801
-1331.3252354421218,-1637.5746379431127,6.5053008107094294,-1.4873989346721312,0.5610598393890489,-2.010999140467257,1.1762901828989336,5.0,0.1929707860012982,0.1711963881652478,0.3731661916512389,861,1400,4,32.32007875824183,dumbbell,4,1,D,diffdist_t4,-0.3632040809858834,-0.35237689536928946
-536.9685764715564,-891.9032780238789,2.883066485002836,-0.85556724509691,2.5698698766654533,0.40219982809345134,0.8959771067937305,5.0,0.1786539196651472,0.1610402894128304,0.4468270854457948,988,1400,4,33.12889594809895,dumbbell,4,1,D,diffdist_t4,0.05506324966250753,-0.30979953687181033
-1409.0760572308861,-1741.125090456408,3.7489474698870278,-2.078513346987854,-0.6250708520010461,0.40219982809345134,-0.9697672285088522,5.0,0.1830550235257522,0.1024376768517526,0.2603522309369277,453,1400,4,33.668914599485454,dumbbell,4,1,D,diffdist_t4,-0.39678900402154044,-0.8331523210039364
-929.5100205153525,-1251.2866197278609,2.351030025793478,-1.0363140414521832,1.251293503964291,0.40219982809345134,0.19517717293928497,5.0,0.1636137530530263,0.1140936834740471,0.3322552622412957,1088,1400,4,34.059592294100185,dumbbell,4,1,D,diffdist_t4,-0.11218222728946209,-0.546431746892544
-1307.8108062532883,-2080.4829495737313,2.495481425136018,-1.6233329059454962,0.10458650401108655,0.40219982809345134,-0.9199436393764877,5.0,0.1797349148909097,0.1124757560473111,0.2863396238783812,517,1400,4,34.349569802337655,dumbbell,4,1,D,diffdist_t4,-0.3753415257061611,-0.6038667364684833
-620.0781079251552,-596.4291099952343,2.2393592688521684,-0.7076111556261637,3.299780673926635,0.40219982809345134,1.9373227930463102,5.0,0.1634143019859308,0.1836054735380254,0.4860625988111866,350,1400,4,34.42900931015112,dumbbell,4,1,D,diffdist_t4,0.21092960831147534,-0.07913019005151142
-1370.875971689077,-853.3373675723997,3.63426109530716,-6.7079316807449585,-0.860049972962098,0.8903891148544748,1.7577629141194921,5.0,0.1387327421450798,0.0687624189733522,0.187477128248053,139,1400,4,-23.903626854904992,dumbbell,4,1,D,diffdist_t8,-0.41023224575639844,-0.5200475201995572
-816.8921013879501,-462.5101143286765,6.074666308710168,-4.850535497508209,0.6256986379396365,-1.1129863935680935,0.6208545629878801,5.0,0.1315682279595111,0.0759753883326708,0.2494954186073129,345,1400,4,-19.30269743762144,dumbbell,4,1,D,diffdist_t8,-0.30723024189755244,-0.29039604436197064
-1444.162510430857,-867.6268806071756,5.36470818347128,-5.733453391416487,-0.009959243887789272,0.8903891148544748,0.16955157613487784,5.0,0.1139754620030462,0.0412645021681344,0.205321323860758,567,1400,4,-9.49712260455786,dumbbell,4,1,D,diffdist_t8,-0.4308379941596733,-0.32234357736927743
-1618.0863225120584,-806.0729611673685,1.9979668952504426,-6.465088870984487,-0.5222542353311912,0.8903891148544748,0.5693158860764486,5.0,0.1191611351833171,0.0498773533093884,0.190826832371664,957,1400,4,2.3680252371261394,dumbbell,4,1,D,diffdist_t8,-0.45506975841698216,-0.6913887501730904
-1241.4568422822074,-776.9002300555846,6.910818903059875,-6.029811278038507,0.01638065477705014,0.8903891148544748,1.129320660720927,5.0,0.1206572786005828,0.0567359738312323,0.2266928964245599,875,1400,4,12.14113035619155,dumbbell,4,1,D,diffdist_t8,-0.38529891369098235,-0.11892672394386133
-1905.7879828011405,-1159.049437179065,2.716498930296603,-6.1748327942176395,-0.022155167250142858,0.8903891148544748,0.6099165906988689,5.0,0.1068356008829856,0.0450019389252122,0.1852842781124763,1199,1400,4,13.806165288432432,dumbbell,4,1,D,diffdist_t8,-0.38942286563564893,-0.5581364845640072
-1582.0212289511544,-765.0924820754152,5.215926022524227,-5.9913229086799955,-0.3932929026267722,0.8903891148544748,0.5268094794814908,5.0,0.1194643114264983,0.0461199411188156,0.1968108442068051,890,1400,4,15.18018583052862,dumbbell,4,1,D,diffdist_t8,-0.43858971766977634,-0.2665248170900995
-1965.6265511548863,-1028.830349689294,4.142294171223006,-6.517364727004135,0.17697723277209104,0.8903891148544748,0.8308794783343514,5.0,0.1230971997714405,0.0703508725932403,0.2501001485987126,1183,1400,4,16.92961649185093,dumbbell,4,1,D,diffdist_t8,-0.38529891369098235,-0.26861416685750045
-1591.63546143059,-846.2735400782774,4.4081239724437005,-6.132905688112132,-0.49348662843280333,0.8903891148544748,0.046924896924489534,5.0,0.1169143753389049,0.0435545803640502,0.1826515185217507,1112,1400,4,18.689674801817247,dumbbell,4,1,D,diffdist_t8,-0.43858971766977634,-0.336191710858709
-1286.0699092231605,-680.0843881375159,5.597231786907802,-6.139964799472166,0.27336460633558285,-0.44519455742723746,1.8781577190789107,5.0,0.1393639058748587,0.102905688412466,0.2691870862141805,1346,1400,4,20.441465734001103,dumbbell,4,1,D,diffdist_t8,-0.3137184000296208,-0.29755548457942854
-3511.3763509687924,-1735.0871120072075,1.5731587944729513,-6.660951670952667,-0.33195280792578036,0.8903891148544748,1.3482295784795673,5.0,0.0996713165197989,0.0356446606646582,0.1518155853816551,771,1400,4,22.25318956983028,dumbbell,4,1,D,diffdist_t8,-0.4629596281107009,-0.9735805897565581
-1341.2705861796571,-816.3378383850722,10.5723146736053,-5.798984139984623,0.38959886254291437,0.22259727871361865,1.9424584525952884,5.0,0.1385412185902371,0.0866505397540481,0.2501311074562767,885,1400,4,24.19911534089768,dumbbell,4,1,D,diffdist_t8,-0.3558739606710767,-0.24405289913765593
-1106.2297709952607,-439.93376764998965,6.530720991289078,-4.492232906139572,0.8564515698692586,0.22259727871361865,0.7700448955856461,5.0,0.112087640106032,0.0502769575256507,0.2414907787844825,695,1400,4,25.457467631216492,dumbbell,4,1,D,diffdist_t8,-0.2860102265898866,-0.20998461883369413
-2424.037715958023,-1014.8285803672859,5.6467246453519335,-6.316014806047402,-0.18899463375121178,0.8903891148544748,2.0484421676990303,5.0,0.1312116950781626,0.0684872327914022,0.2026854568585132,1248,1400,4,26.766912365797136,dumbbell,4,1,D,diffdist_t8,-0.38529891369098235,-0.25912423774403764
-437.3130325834607,-228.35058475006042,7.366122544494807,-2.24898324196154,3.0291945280388677,-0.44519455742723746,1.9571579680626907,5.0,0.1251489526658024,0.1053074015797213,0.4156195907593962,487,1400,4,28.08251507244916,dumbbell,4,1,D,diffdist_t8,-0.03012023074693937,-0.022990333841870245
-906.8819875076783,-581.271054999237,3.255982071066011,-5.725677403148765,0.7022950397155764,0.22259727871361865,0.8898704195402338,5.0,0.1215939245348532,0.0696821196582542,0.2710457536301399,340,1400,4,29.25564682434372,dumbbell,4,1,D,diffdist_t8,-0.29931259962630313,-0.3025117558594144
-312.90146046397695,-128.1728837783093,3.505049360655415,-1.1368481709334586,3.6431178001535796,0.8903891148544748,1.3240652557294046,5.0,0.1114217900046636,0.0864385911661544,0.4720752827364536,821,1400,4,30.62766660334332,dumbbell,4,1,D,diffdist_t8,-0.09927531884413482,0.3217370085350157
-4141.8522850735335,-1713.393465049283,3.199938629103914,-6.697964899683005,-0.3777702833152955,0.8903891148544748,1.2445079871834528,5.0,0.1017901820773914,0.0327338755650752,0.1562372309545011,710,1400,4,31.587976846787036,dumbbell,4,1,D,diffdist_t8,-0.4243279255568807,-0.5550132884698996
-1967.7243750616205,-938.0036093389662,4.028235946487472,-5.530945681209905,0.6063770230772373,0.8903891148544748,1.9178870422523795,5.0,0.1106336639645426,0.0515128463267571,0.1953754823462127,861,1400,4,32.32007875824183,dumbbell,4,1,D,diffdist_t8,-0.4084812381711978,-0.21688534475490756
-821.8038047463833,-354.2494450817295,9.23348775732691,-3.611913355721359,2.042281105598413,0.8903891148544748,2.3034500128285282,5.0,0.1130571791569889,0.0699123810557725,0.3247323008465662,988,1400,4,33.12889594809895,dumbbell,4,1,D,diffdist_t8,-0.18366352188839163,0.03963581321522803
-1219.263860892651,-766.9873833734692,4.067956407450796,-6.4116282592112785,-0.4981287008430127,0.22259727871361865,1.0099124093439316,5.0,0.1203179348598321,0.0523752815735725,0.1831495503182865,453,1400,4,33.668914599485454,dumbbell,4,1,D,diffdist_t8,-0.39759316164057934,-0.2726726914680651
-806.4694420704028,-405.1951821081413,1.964585761642817,-4.4433264033963935,1.200719724784638,0.8903891148544748,0.3026167943484258,5.0,0.1116956943981714,0.0569879620542614,0.2607784175084341,1088,1400,4,34.059592294100185,dumbbell,4,1,D,diffdist_t8,-0.21234358195173686,-0.6671942785461976
-2376.6010608235624,-1104.486351970962,4.832142327799387,-5.777070351552384,0.365599863150545,0.8903891148544748,1.076718769687757,5.0,0.1048986170929378,0.0419167969554715,0.1801960096580906,517,1400,4,34.349569802337655,dumbbell,4,1,D,diffdist_t8,-0.4084812381711978,-0.321840439570291
-772.6758174576382,-360.40159658970856,9.308083327940702,-3.5594258156522787,2.285883235105962,0.8903891148544748,1.4596988981017103,5.0,0.1006285104554344,0.0573771749831371,0.3029211906182655,350,1400,4,34.42900931015112,dumbbell,4,1,D,diffdist_t8,-0.18366352188839163,0.02947140603264573
0.11233488873473704,-2.3485090678825737,-3.4255733588776094,-1.3358453071382381,1.786547553590118,-1.144344259114087,-0.6004726519697756,1.0,0.2585983840775626,0.2285436244488447,0.6091543225837998,139,1400,4,-23.903626854904992,dumbbell,4,1,D,fb_potential,0.06588340292849593,0.07521319491773018
-1.9870031567569206,-1.9340349796032796,0.06042322617976378,-0.5389879743965246,-0.997947247528667,0.7282190739816919,1.7815511448943293,2.0,0.2525389977361385,0.1762227041007721,0.4930045422496657,345,1400,4,-19.30269743762144,dumbbell,4,1,D,fb_potential,-0.4015326820633792,-0.7820045186475892
-1.4304287182955906,-4.779477300202862,0.9412657689364198,-1.0643962579666637,-1.0961723323861843,0.10403129628309889,1.0460556538078865,1.0,0.2729737879359323,0.198177066579301,0.5371250322565257,567,1400,4,-9.49712260455786,dumbbell,4,1,D,fb_potential,-0.40757232974494423,-0.11769278469610223
-0.20508033217690216,1.5374461012074774,-2.3579178463310417,-1.5770704953001682,0.5894977754892151,-7.386222036100018,-1.647782561350467,2.0,0.249641135419426,0.2099842914504347,0.5616513487031466,957,1400,4,2.3680252371261394,dumbbell,4,1,D,fb_potential,-0.27658122108820915,0.1253805011695462
-4.123848618545439,-5.008096390194247,1.1728226971631854,-1.5532895383510221,-2.867213053274261,0.7282190739816919,0.09247467697365562,3.0,0.2513842437763213,0.176152693935317,0.4864118336020458,875,1400,4,12.14113035619155,dumbbell,4,1,D,fb_potential,-0.4886916771890336,-1.5513526635841783
-0.47882124704573825,-2.988196098533643,1.5252257932979747,-1.4543419271508324,-3.311009581226367,0.7282190739816919,-0.1551546969005427,4.0,0.281572707749669,0.1971729395757469,0.5018729251946541,1199,1400,4,13.806165288432432,dumbbell,4,1,D,fb_potential,-0.4881390819985383,-1.0680556098510605
-1.7205113622478583,-3.1349443471022007,0.22149462830346206,-1.5261193643180488,-1.575669982142094,0.7282190739816919,0.7281365345460922,5.0,0.2457541003670171,0.1916198714180023,0.5281125168927374,890,1400,4,15.18018583052862,dumbbell,4,1,D,fb_potential,-0.4602937864243823,-1.0550472379587288
0.7536532271908805,3.1209898566620793,-0.2203825270797619,-0.5723723636220405,2.3781446578145022,0.7282190739816919,0.7460011648401633,2.0,0.2375576564934442,0.1975206577277103,0.5603559961587118,1183,1400,4,16.92961649185093,dumbbell,4,1,D,fb_potential,0.12162033327871025,0.24244853903334834
-1.376918917855006,-0.3363676797378491,0.6093767279922205,-1.0656922625705088,-0.2601898634392621,0.7282190739816919,-0.5464721713069929,1.0,0.259412719238242,0.192547005183212,0.5433799665283522,1112,1400,4,18.689674801817247,dumbbell,4,1,D,fb_potential,-0.42193668042697957,0.033852570696294375
1.8609118222864809,3.5320026116135472,-1.7802756393999963,-0.23057173863793173,2.859292003957081,0.7282190739816919,-0.02521509802137899,4.0,0.2263868249022323,0.1837764899300014,0.5372241260981471,1346,1400,4,20.441465734001103,dumbbell,4,1,D,fb_potential,0.15414574105731405,0.13412784341531694
-0.10084424235690935,1.6223825458905647,-0.061836209542202036,-0.5262939427697273,6.009004205139899,0.10403129628309889,0.984119549845417,3.0,0.227811889914869,0.2011212916023202,0.5920180561031589,771,1400,4,22.25318956983028,dumbbell,4,1,D,fb_potential,-0.1135271933744813,0.48408563685258166
1.9803282529131359,2.149957960105633,-0.7450887504894549,-0.5894165230440043,0.1926776446446687,0.7282190739816919,-0.17156898094142847,3.0,0.2612259427368099,0.2069104833232219,0.552816879268464,885,1400,4,24.19911534089768,dumbbell,4,1,D,fb_potential,-0.15599831153650134,-0.05842281439436917
-6.055849235027594,-7.238339261070752,-1.0300661514971763,-1.274719642918581,-3.3099238836043714,0.7282190739816919,0.8741161593174713,1.0,0.2422987815040977,0.1584324212560402,0.438662164354097,695,1400,4,25.457467631216492,dumbbell,4,1,D,fb_potential,-0.4963156724172325,-2.8116752632906006
0.13315261481251361,1.0051527072262567,-0.7911316084442039,-0.7440162477757308,1.1339163830486987,-0.5201564814154942,-0.6882806343795224,4.0,0.2352973563439421,0.1975773746344961,0.5370994027341871,1248,1400,4,26.766912365797136,dumbbell,4,1,D,fb_potential,0.12998799922192117,-0.7524696937261963
0.3705458225407189,0.6792847541644876,-1.592200726354966,0.4404612718297744,2.4962600991061556,0.7282190739816919,0.43580372329748635,3.0,0.2087785456609983,0.1465789466109311,0.4977796332847496,487,1400,4,28.08251507244916,dumbbell,4,1,D,fb_potential,0.16302488530600778,-0.2916218898399836
1.575201618776274,2.334580276701708,0.561097070109611,-0.5235237739762294,-0.8095340602102236,0.10403129628309889,-1.0562286488733579,4.0,0.246762729312792,0.1871315349627842,0.5110074574209187,340,1400,4,29.25564682434372,dumbbell,4,1,D,fb_potential,-0.3284394995551629,-0.12543671455738767
-7.3480235515997165,-5.785497606906338,-1.7410572374887927,-1.2229951732890916,-1.8779592200377406,0.7282190739816919,-1.2677433827204085,1.0,0.2457443179318688,0.1592923410755599,0.4606463432080887,821,1400,4,30.62766660334332,dumbbell,4,1,D,fb_potential,-0.49619838925462334,-2.0158822046077307
-0.5422848803601645,1.3494277584849188,-4.451226408940073,-0.6351116634764044,4.93767915166403,-1.144344259114087,-0.8576765729768667,1.0,0.2417453055957343,0.2153657434892284,0.6150819346595963,710,1400,4,31.587976846787036,dumbbell,4,1,D,fb_potential,-0.2707016081042512,-0.1144282610717495
-0.9106862318369799,1.6073023708281964,-1.1188702405422222,-0.276794900860734,3.404613009540041,0.7282190739816919,-1.5356890250366846,3.0,0.21715528230137,0.1605956336878838,0.5238422706261487,861,1400,4,32.32007875824183,dumbbell,4,1,D,fb_potential,-0.009591200108136744,-0.0702923540057882
-1.4841806761334588,-3.5664864613157303,-1.3400524666842304,-0.5186715822401675,-0.04156514229316564,0.7282190739816919,1.2605071268918837,3.0,0.2399396041748914,0.1685221242103997,0.4894291939773164,988,1400,4,33.12889594809895,dumbbell,4,1,D,fb_potential,-0.3212874667601817,-1.3654455506133492
-1.2291799256513345,0.03579524056871865,1.3625140630049157,-1.6055172977229835,0.0805875901556057,-1.144344259114087,-1.039334578832933,3.0,0.2497632605570924,0.1985400966512614,0.5544901999786844,453,1400,4,33.668914599485454,dumbbell,4,1,D,fb_potential,-0.31059652313696356,0.2807028286231858
-1.9648265774972897,-2.3312003646471586,1.2147297780458528,-0.7844928128329198,-2.028081591224581,0.10403129628309889,-0.5077102112457008,2.0,0.2622740281356679,0.1848374983238569,0.4996885093423459,1088,1400,4,34.059592294100185,dumbbell,4,1,D,fb_potential,-0.4562049501076917,-1.0672324858023128
-2.687103696711639,-4.1769068787048385,1.0867495044204338,-0.8017488876691949,-0.45693143251604423,0.7282190739816919,1.1976316842140544,1.0,0.2526284640216992,0.1791595572716835,0.5142958268176989,517,1400,4,34.349569802337655,dumbbell,4,1,D,fb_potential,-0.44660204936454784,-0.3953835944002163
0.9150906990063407,1.084877340299078,-2.32714421580138,0.20357612476939504,1.2427164447438357,0.7282190739816919,0.4165312143030042,3.0,0.2388170649261778,0.1585426401645343,0.4957759250038906,350,1400,4,34.42900931015112,dumbbell,4,1,D,fb_potential,-0.1668838561381336,-0.8029811105582674
-0.33101289532210454,0.02711836451310452,0.0,-0.6298175882652527,0.0,-0.0,0.0,1.0,0.0,0.9871068935003948,0.9917310690147249,139,1400,4,-23.903626854904992,dumbbell,4,1,D,heatgeo_4t,0.4917306472512055,2.3472880309257214
-0.7942156908641408,-0.9159984735774215,0.0,0.0683305267808223,0.0,-0.0,0.0,2.0,0.0,0.9802933423131333,0.9871640536673304,345,1400,4,-19.30269743762144,dumbbell,4,1,D,heatgeo_4t,0.49426991419309185,2.559362367087669
-1.0212013723126945,-1.6989550419059736,0.0,-0.1863228282815419,0.0,-0.0,0.0,1.0,0.0,0.9829282904836962,0.9892696164251108,567,1400,4,-9.49712260455786,dumbbell,4,1,D,heatgeo_4t,0.49426991419309185,2.5819398127635407
0.0023818071244068825,0.15367785592958927,0.0,-0.37439805381748414,0.0,-0.0,0.0,2.0,0.0,0.9841626720659484,0.9908569125725464,957,1400,4,2.3680252371261394,dumbbell,4,1,D,heatgeo_4t,0.4957934275292122,2.5725976362395917
-1.4574786074330814,-1.7842767769909968,0.0,-0.07081826933155135,0.0,-0.0,0.0,1.0,0.0,0.981730362656656,0.9885775713164192,875,1400,4,12.14113035619155,dumbbell,4,1,D,heatgeo_4t,0.49426991419309185,2.568640995320944
-1.086061191354882,-1.158475202257578,0.0,-0.660160100758729,0.0,-0.0,0.0,2.0,0.0,0.9875341147213508,0.9919735677872642,1199,1400,4,13.806165288432432,dumbbell,4,1,D,heatgeo_4t,0.49426991419309185,2.365379276004479
-1.4570607747705302,-1.63831519422185,0.0,-0.232644069566735,0.0,-0.0,0.0,2.0,0.0,0.9834921660158278,0.9891398282777828,890,1400,4,15.18018583052862,dumbbell,4,1,D,heatgeo_4t,0.49426991419309185,2.5819398127635407
0.008262220161968831,0.49940075101733383,0.0,0.1981070142899313,0.0,-0.0,0.0,2.0,0.0,0.9781094217794356,0.9862031281158627,1183,1400,4,16.92961649185093,dumbbell,4,1,D,heatgeo_4t,0.4957934275292122,2.58841297026806
-0.9199789848849876,-0.8389294380317225,0.0,-0.23037196569738772,0.0,-0.0,0.0,3.0,0.0,0.982977618008606,0.9897997770639038,1112,1400,4,18.689674801817247,dumbbell,4,1,D,heatgeo_4t,0.49426991419309185,2.5726611845302654
-0.08029973580251329,-0.16707665848224418,0.0,0.3700476029195206,0.0,-0.0,0.0,1.0,0.0,0.9765640542423636,0.985133794042542,1346,1400,4,20.441465734001103,dumbbell,4,1,D,heatgeo_4t,0.4957934275292122,2.58841297026806
-0.9799233554300026,-1.1378305424131858,0.0,-0.5548072673650383,0.0,-0.0,0.0,3.0,0.0,0.986366991641604,0.9917082544351592,771,1400,4,22.25318956983028,dumbbell,4,1,D,heatgeo_4t,0.49426991419309185,2.525360798539975
0.4746755899604246,0.6568239168785859,0.0,0.31157258417812933,0.0,-0.0,0.0,1.0,0.0,0.9772089534392698,0.9858067775897936,885,1400,4,24.19911534089768,dumbbell,4,1,D,heatgeo_4t,0.4954783411268803,2.6059824461111862
-1.239518687851578,-1.7163823629737667,0.0,0.04260191745144378,0.0,-0.0,0.0,1.0,0.0,0.9807676540031438,0.9866488056805937,695,1400,4,25.457467631216492,dumbbell,4,1,D,heatgeo_4t,0.49426991419309185,2.568640995320944
0.22770944117841485,0.9797307117135429,0.0,0.10070401452581153,0.0,-0.0,0.0,1.0,0.0,0.9792787595079648,0.9873333932465206,1248,1400,4,26.766912365797136,dumbbell,4,1,D,heatgeo_4t,0.4954783411268803,2.601490441260847
-1.0885747775558328,-0.4561572255249008,0.0,1.6180256470019563,0.0,-0.0,0.0,1.0,0.0,0.9649778113606184,0.9803021185781008,487,1400,4,28.08251507244916,dumbbell,4,1,D,heatgeo_4t,0.49430650365672113,2.684126225226451
0.30932805133746,0.39495065969065635,0.0,0.24587817798339537,0.0,-0.0,0.0,1.0,0.0,0.9779108324306162,0.9858347550923868,340,1400,4,29.25564682434372,dumbbell,4,1,D,heatgeo_4t,0.4954783411268803,2.601490441260847
-1.1480877176579236,-1.6426649054302684,0.0,0.6479451066066487,0.0,-0.0,0.0,1.0,0.0,0.9755950033762872,0.9832274930622814,821,1400,4,30.62766660334332,dumbbell,4,1,D,heatgeo_4t,0.49430650365672113,2.6308308688093787
0.1263813706484475,0.35692987193559167,0.0,-0.6234301154782413,0.0,-0.0,0.0,1.0,0.0,0.9869427004193752,0.9921109006794004,710,1400,4,31.587976846787036,dumbbell,4,1,D,heatgeo_4t,0.4954783411268803,2.398228721944382
-0.43335052112808503,-0.1442105015479211,0.0,1.0816486114650714,0.0,-0.0,0.0,1.0,0.0,0.9698166999569264,0.9832008038290708,861,1400,4,32.32007875824183,dumbbell,4,1,D,heatgeo_4t,0.4917833172070756,2.6753136083809683
-1.5018270750730986,-1.4032966084685672,0.0,0.5195774727436738,0.0,-0.0,0.0,2.0,0.0,0.9764461578369796,0.9852028817833912,988,1400,4,33.12889594809895,dumbbell,4,1,D,heatgeo_4t,0.49426991419309185,2.568640995320944
-1.587801317341541,-1.6003014519391687,0.0,-0.13535108528205878,0.0,-0.0,0.0,3.0,0.0,0.9822249323529982,0.989185494999256,453,1400,4,33.668914599485454,dumbbell,4,1,D,heatgeo_4t,0.49426991419309185,2.568640995320944
-0.32837401137088124,-0.39062979399615144,0.0,0.05391824098384973,0.0,-0.0,0.0,1.0,0.0,0.9806079772651056,0.9866587033942348,1088,1400,4,34.059592294100185,dumbbell,4,1,D,heatgeo_4t,0.4917306472512055,2.563904972990865
-0.8859089075659126,-1.1345172117753186,0.0,-0.15237017380399837,0.0,-0.0,0.0,2.0,0.0,0.9825001701319804,0.9886580961439422,517,1400,4,34.349569802337655,dumbbell,4,1,D,heatgeo_4t,0.49426991419309185,2.5819398127635407
-0.8796032805851772,-0.6574062707246977,0.0,1.0515243954860978,0.0,-0.0,0.0,1.0,0.0,0.9702589004565688,0.9830353086354638,350,1400,4,34.42900931015112,dumbbell,4,1,D,heatgeo_4t,0.49430650365672113,2.6671837418893527
-0.32697725927908394,0.027717207082839895,0.0,-0.6293932100130479,0.0,-0.0,0.0,1.0,0.0,0.9883580704731044,0.992531645851648,139,1400,4,-23.903626854904992,dumbbell,4,1,D,heatgeo_t,0.4917306472512055,2.3472880309257214
-0.7902993482203028,-0.9094833672413164,0.0,0.07146797686185756,0.0,-0.0,0.0,2.0,0.0,0.9822156751080784,0.9884104176102924,345,1400,4,-19.30269743762144,dumbbell,4,1,D,heatgeo_t,0.49426991419309185,2.559362367087669
-1.011403582961829,-1.673906903035433,0.0,-0.18380198195097128,0.0,-0.0,0.0,1.0,0.0,0.984589930338376,0.9903103629359292,567,1400,4,-9.49712260455786,dumbbell,4,1,D,heatgeo_t,0.49426991419309185,2.5819398127635407
0.0015524595107695785,0.15162580407061174,0.0,-0.37251203470545236,0.0,-0.0,0.0,2.0,0.0,0.9857032107189638,0.991742883237319,957,1400,4,2.3680252371261394,dumbbell,4,1,D,heatgeo_t,0.4957934275292122,2.5725976362395917
-1.4403753632352505,-1.756578074523488,0.0,-0.06781771115020775,0.0,-0.0,0.0,1.0,0.0,0.9835098009096876,0.9896859646488568,875,1400,4,12.14113035619155,dumbbell,4,1,D,heatgeo_t,0.49426991419309185,2.568640995320944
-1.073853113743123,-1.1434983685837459,0.0,-0.6600608294488485,0.0,-0.0,0.0,2.0,0.0,0.9887441876139952,0.9927506626997435,1199,1400,4,13.806165288432432,dumbbell,4,1,D,heatgeo_t,0.49426991419309185,2.365379276004479
-1.4399375151556149,-1.6146392930659674,0.0,-0.2303694795756737,0.0,-0.0,0.0,2.0,0.0,0.9850986742952584,0.9901933087904622,890,1400,4,15.18018583052862,dumbbell,4,1,D,heatgeo_t,0.49426991419309185,2.5819398127635407
0.003277539917502887,0.4914742443689167,0.0,0.20181848011459355,0.0,-0.0,0.0,2.0,0.0,0.9802471326523596,0.9875445364848616,1183,1400,4,16.92961649185093,dumbbell,4,1,D,heatgeo_t,0.4957934275292122,2.58841297026806
-0.9113783797871362,-0.8309129683823037,0.0,-0.22789246780687877,0.0,-0.0,0.0,3.0,0.0,0.984634391984488,0.9907887685851866,1112,1400,4,18.689674801817247,dumbbell,4,1,D,heatgeo_t,0.49426991419309185,2.5726611845302654
-0.08812594920591658,-0.17470584460855398,0.0,0.3738218405150307,0.0,-0.0,0.0,1.0,0.0,0.9788557408173806,0.9865812620793618,1346,1400,4,20.441465734001103,dumbbell,4,1,D,heatgeo_t,0.4957934275292122,2.58841297026806
-0.9680029991027381,-1.1215272359489774,0.0,-0.5538866160848869,0.0,-0.0,0.0,3.0,0.0,0.9876908154169188,0.9925108553183992,771,1400,4,22.25318956983028,dumbbell,4,1,D,heatgeo_t,0.49426991419309185,2.525360798539975
0.4645683316578097,0.6461211996265778,0.0,0.31536547261386133,0.0,-0.0,0.0,1.0,0.0,0.9794355804603202,0.9871871291373722,885,1400,4,24.19911534089768,dumbbell,4,1,D,heatgeo_t,0.4954783411268803,2.6059824461111862
-1.2289759251401016,-1.6938909039788002,0.0,0.04561829952245566,0.0,-0.0,0.0,1.0,0.0,0.982642813463038,0.987946514521687,695,1400,4,25.457467631216492,dumbbell,4,1,D,heatgeo_t,0.49426991419309185,2.568640995320944
0.21997132406293113,0.9710257013332763,0.0,0.10412811258897137,0.0,-0.0,0.0,1.0,0.0,0.9813009813403172,0.9885642404071102,1248,1400,4,26.766912365797136,dumbbell,4,1,D,heatgeo_t,0.4954783411268803,2.601490441260847
-1.0870862946510973,-0.4628737636773535,0.0,1.6187567073956293,0.0,-0.0,0.0,1.0,0.0,0.968424314290763,0.9822237943372506,487,1400,4,28.08251507244916,dumbbell,4,1,D,heatgeo_t,0.49430650365672113,2.684126225226451
0.3004135596236442,0.3854341010163847,0.0,0.24947819183756761,0.0,-0.0,0.0,1.0,0.0,0.9800683694416302,0.9872129939215896,340,1400,4,29.25564682434372,dumbbell,4,1,D,heatgeo_t,0.4954783411268803,2.601490441260847
-1.1402475844593958,-1.6224349124837503,0.0,0.6514705299312079,0.0,-0.0,0.0,1.0,0.0,0.9779816843683996,0.9848615273599786,821,1400,4,30.62766660334332,dumbbell,4,1,D,heatgeo_t,0.49430650365672113,2.6308308688093787
0.12778637835075332,0.3563979035796742,0.0,-0.6229515984136891,0.0,-0.0,0.0,1.0,0.0,0.988210197032801,0.992874342580239,710,1400,4,31.587976846787036,dumbbell,4,1,D,heatgeo_t,0.4954783411268803,2.398228721944382
-0.43741915086977073,-0.14984945390999524,0.0,1.0848641546772861,0.0,-0.0,0.0,1.0,0.0,0.972777971960511,0.9848367936715512,861,1400,4,32.32007875824183,dumbbell,4,1,D,heatgeo_t,0.4917833172070756,2.688668831129647
-1.4861244274119527,-1.3872221413320471,0.0,0.5232823430656682,0.0,-0.0,0.0,2.0,0.0,0.9787484389269993,0.9866424267318809,988,1400,4,33.12889594809895,dumbbell,4,1,D,heatgeo_t,0.49426991419309185,2.568640995320944
-1.5675012423574148,-1.5764472269888423,0.0,-0.13248829539195814,0.0,-0.0,0.0,3.0,0.0,0.9839556718511036,0.9902341815333234,453,1400,4,33.668914599485454,dumbbell,4,1,D,heatgeo_t,0.49426991419309185,2.568640995320944
-0.329487647856076,-0.39182077115962516,0.0,0.056921882032488075,0.0,-0.0,0.0,1.0,0.0,0.9824992461682936,0.9879559021100182,1088,1400,4,34.059592294100185,dumbbell,4,1,D,heatgeo_t,0.4917306472512055,2.563904972990865
-0.8782928714865964,-1.1218415432138817,0.0,-0.14974551106559977,0.0,-0.0,0.0,2.0,0.0,0.9842042531112924,0.9897592811341384,517,1400,4,34.349569802337655,dumbbell,4,1,D,heatgeo_t,0.49426991419309185,2.5819398127635407
-0.881031846929252,-0.660312800754461,0.0,1.0547053046764336,0.0,-0.0,0.0,1.0,0.0,0.9731762235819432,0.9846880528633049,350,1400,4,34.42900931015112,dumbbell,4,1,D,heatgeo_t,0.49430650365672113,2.6671837418893527
0.5050837300485382,0.33537819406485503,0.28646394888507715,-0.5464865441205495,0.7227660026818427,-0.52975417273556,-0.14808814416964577,2.0,0.2498636600555456,0.207256988885247,0.5490143782358891,139,1400,4,-23.903626854904992,dumbbell,4,1,D,pca_denoise,-0.03622100559428065,0.06496439203314958
-1.5582902091315878,-0.6886713632009033,1.302691683993014,0.10266655604190601,0.8268113667309812,1.223914812871811,0.903073261061459,1.0,0.2215655505714087,0.1756836232681163,0.5203817431342065,345,1400,4,-19.30269743762144,dumbbell,4,1,D,pca_denoise,-0.22787077826179025,0.04260014673185301
1.9597314971672577,0.9537592419416908,0.9513415421856758,-0.9004877297026096,-1.2678141867521984,0.5662889432690468,1.06484368042924,4.0,0.2934133476137311,0.2525016908776399,0.5249914554859852,567,1400,4,-9.49712260455786,dumbbell,4,1,D,pca_denoise,-0.45476715373729876,-0.17486604887551385
-1.6130260442744162,-0.5716024722793582,-1.7510127402426674,-0.7031283890373413,-0.17597465065804485,-1.187380042338324,-0.03325695038446636,2.0,0.2553880453145107,0.2047764836002219,0.5406663314404161,957,1400,4,2.3680252371261394,dumbbell,4,1,D,pca_denoise,-0.41091817622829085,-0.47705800378904006
-1.9610712486525614,-1.0115222078804598,2.1701733564054355,-0.6610466026575101,0.07091948542434917,1.223914812871811,1.3428724072584608,2.0,0.2661128214668688,0.2248421494327397,0.5712781203717499,875,1400,4,12.14113035619155,dumbbell,4,1,D,pca_denoise,-0.17056099662280017,0.3432461580415973
0.1911601345189113,-0.5215244406626848,0.6798563961803004,-0.9933101447251551,-1.466566239156027,0.34708032006812545,1.2693067516692838,3.0,0.2923744192671557,0.1987759687785512,0.4863973777546816,1199,1400,4,13.806165288432432,dumbbell,4,1,D,pca_denoise,-0.4798158827848771,-1.168902226755116
-0.16118582477389795,-0.1437421809430177,0.5158816279460544,-0.9853057563633274,-1.1763886547225846,0.12787169686720407,-0.3320163746132804,2.0,0.2783980762934882,0.2115683370319815,0.5223594535266233,890,1400,4,15.18018583052862,dumbbell,4,1,D,pca_denoise,-0.46704413617229973,-0.712175753702842
1.3645248113650303,1.733752756680905,-1.211466115935167,0.43754099251778666,1.3082772743452735,1.223914812871811,0.9843983544594533,3.0,0.2545042360374171,0.2417248719346718,0.6177302063118947,1183,1400,4,16.92961649185093,dumbbell,4,1,D,pca_denoise,-0.16710589951839344,-0.39571215144380595
-0.2559221834785179,0.4414274289673338,0.025621854476842627,-0.5115755753339396,-0.2389476124354744,1.0047061896708895,-0.0035137871822771534,3.0,0.2605597776316242,0.2017218199673821,0.5181062830361987,1112,1400,4,18.689674801817247,dumbbell,4,1,D,pca_denoise,-0.4391244517042957,-0.15846661478733803
1.4046223831480493,1.4489980209180167,-1.4616766253471611,0.8840246881702057,1.5286092395024924,1.223914812871811,-0.15089872140460678,3.0,0.2474059898127261,0.2246023400600216,0.6178344634972589,1346,1400,4,20.441465734001103,dumbbell,4,1,D,pca_denoise,-0.152467277594852,-0.23076459844059236
-1.8620138028995157,0.3865460949541861,-0.5338975148832025,-0.5716623722058081,0.6772573431338822,1.0047061896708895,1.0356532300284815,1.0,0.2468036305450479,0.1934964213188228,0.5428160726635209,771,1400,4,22.25318956983028,dumbbell,4,1,D,pca_denoise,-0.19087670542037433,-0.15187392243572695
1.7191703461179044,1.9437969379185314,-1.771917831359123,0.3727802842462363,0.8507233729320586,1.223914812871811,0.3013549399277095,3.0,0.2640560374000719,0.247010977380811,0.6207869419927925,885,1400,4,24.19911534089768,dumbbell,4,1,D,pca_denoise,-0.1356255194421206,-0.1838631534877035
-0.8122411551236559,-1.4726960031335865,2.5750840390883996,-0.4899580667180428,0.14553488610877108,1.0047061896708895,0.43437244513028156,1.0,0.276699941704068,0.223908901300825,0.5656567933770165,695,1400,4,25.457467631216492,dumbbell,4,1,D,pca_denoise,0.16667907761023915,0.5215360084743123
0.9751811318916985,2.047368893814005,-1.977504295430265,0.4665146754548695,2.4291823439611333,1.223914812871811,0.9304908780559691,2.0,0.2154025219833257,0.2452997401143115,0.6439223413162246,1248,1400,4,26.766912365797136,dumbbell,4,1,D,pca_denoise,0.3884446245328812,0.9366471054277609
0.6322297187394033,1.2549730474359988,0.8905978698659041,1.7147341928897444,2.3305879747016527,1.223914812871811,0.9690861104335348,3.0,0.220150739950528,0.2071172090145018,0.6306626103231043,487,1400,4,28.08251507244916,dumbbell,4,1,D,pca_denoise,-0.1127713213182252,0.5768320890037437
1.6972901881961806,2.0938468642654913,-0.6816935222530623,0.6440677352427095,1.5273472563005397,1.0047061896708895,-0.33012736390038244,4.0,0.2484841870568713,0.2200713211666075,0.6167229001721292,340,1400,4,29.25564682434372,dumbbell,4,1,D,pca_denoise,-0.024517176142002994,-0.05634625100099597
-0.24241659689150136,-1.558758421696817,2.257319187217758,-0.25303094584853336,0.14592120749712387,1.223914812871811,0.9044647089269541,1.0,0.2739530328961292,0.2035456565578128,0.5200444955040837,821,1400,4,30.62766660334332,dumbbell,4,1,D,pca_denoise,-0.3867654894247919,0.5449508733976345
0.4960374578947249,1.0531828199438087,-1.618345807695727,-0.742869791383938,0.8170567516750729,-1.8450059119410884,1.0631485526305864,2.0,0.2453226637353339,0.2198759573270559,0.5858969989186189,710,1400,4,31.587976846787036,dumbbell,4,1,D,pca_denoise,-0.16233934935450473,-0.42734379561688074
0.9336378519438997,1.7092750099928653,0.27657644909011,1.3097532119021675,3.404683769428762,1.223914812871811,0.8762334016049887,4.0,0.2133336849194482,0.2192192630524423,0.7213957627800516,861,1400,4,32.32007875824183,dumbbell,4,1,D,pca_denoise,0.4800331797646583,1.309518042529005
-0.7517259533200008,-0.7519621640871413,1.2338700853544746,0.005457140906433937,0.6665356368691308,1.223914812871811,0.8928098681246551,1.0,0.2393832069261283,0.1831957633921307,0.5215747545740658,988,1400,4,33.12889594809895,dumbbell,4,1,D,pca_denoise,-0.26710491023172633,-0.10815535362797478
-0.33977424269936496,-0.390712287380663,0.9417526854415824,-0.7101236950998714,-0.2600793923783728,1.223914812871811,0.04825116801281836,2.0,0.2552632161186686,0.181404481773638,0.5072224977118563,453,1400,4,33.668914599485454,dumbbell,4,1,D,pca_denoise,-0.44786061418482503,-0.37464458068341
-0.19507070616200314,0.6426047642501985,1.1185694303519247,-0.09484639543027383,1.3633473882549683,1.0047061896708895,1.5181472258487994,2.0,0.2527033856905317,0.2693125351622029,0.6053852827528887,1088,1400,4,34.059592294100185,dumbbell,4,1,D,pca_denoise,-0.05880751239581378,0.1641936260430152
-0.4641537472671228,-0.5119092472336846,0.5388325067698583,-0.31335927871577535,0.05635774455936838,1.223914812871811,0.5396936793471351,1.0,0.2504338788686742,0.1953566813511368,0.5150169696993215,517,1400,4,34.349569802337655,dumbbell,4,1,D,pca_denoise,-0.3746961135136349,0.01842047751753471
0.8663831678426511,1.3315371601026427,0.13725048976394116,1.3282010747040887,1.3057970910320509,1.223914812871811,0.5135384786524582,3.0,0.2506897520838805,0.2043912472066389,0.5829813745188841,350,1400,4,34.42900931015112,dumbbell,4,1,D,pca_denoise,-0.09145122392919919,0.24751681601803757
0.38341823694707355,0.26249206385952845,-0.45051650960954326,-0.04506171897237823,-0.07478430261864845,-0.7103888548875161,1.1740418436810276,2.0,0.2654189885434679,0.2790697531997054,0.5535229552990246,139,1400,4,-23.903626854904992,dumbbell,4,1,D,plain,-0.22898066523236082,0.18727894103463633
0.19982558712300585,-1.3083556967722734,1.9039725272219654,0.5743939551546733,0.6748427320755344,0.44549809543793395,1.536413010953027,2.0,0.2376951365395808,0.2917265630538721,0.5710575518163721,345,1400,4,-19.30269743762144,dumbbell,4,1,D,plain,0.03687353930400161,0.6693224448835143
0.6765177537138243,0.49878986638235573,1.800541003768007,-0.4420624723941188,0.2435059116941006,-0.8548747236781974,1.1173437973964435,2.0,0.2278877539063343,0.2971116332463483,0.554345424379607,567,1400,4,-9.49712260455786,dumbbell,4,1,D,plain,0.03970431370966854,0.9003406429749309
0.6099936687454213,1.009123571026592,0.5289808801127531,0.10375174898819026,0.5424708936687864,-0.8548747236781974,1.672407611963212,2.0,0.2287400618432663,0.2924283188462408,0.572532102271368,957,1400,4,2.3680252371261394,dumbbell,4,1,D,plain,0.06695704008231795,0.5766764760446914
0.4525407864989883,-0.7902150483834047,0.9825163756123648,-0.35898031817614007,0.7161590550005026,-0.8548747236781974,2.2013372590176505,1.0,0.2182872483948002,0.2976954356793767,0.572038895281453,875,1400,4,12.14113035619155,dumbbell,4,1,D,plain,0.12252885085007692,0.5869256699383065
0.6742812165076961,0.7452320220959823,0.33385085882954696,-0.5827497204748504,0.00960387928177878,-0.8548747236781974,0.8450367994604414,1.0,0.2351125710931901,0.2909199247040994,0.5491485538396733,1199,1400,4,13.806165288432432,dumbbell,4,1,D,plain,-0.14993344774965922,0.3920335785778016
0.4358566507332854,0.0720016119650459,0.19239784509892668,-0.33278161308477844,-0.17131369777606914,-0.8548747236781974,0.5300783056667733,2.0,0.2734381938973274,0.2809359915719942,0.5480731242945706,890,1400,4,15.18018583052862,dumbbell,4,1,D,plain,-0.2582632558036354,0.29852986867692016
0.7906519640639922,1.7373861095915937,-0.6662005384547834,1.7243041436191253,1.1920986764796868,1.4568991769727027,1.8055573030271899,3.0,0.2216690894005444,0.2991081638765577,0.8117532842864652,1183,1400,4,16.92961649185093,dumbbell,4,1,D,plain,0.3889742341900151,1.0987787768762725
0.639175170076137,0.28246629456934236,0.25832904992387307,0.07082701403632365,0.893932914387804,-0.8548747236781974,1.248918743200192,1.0,0.2102674361583736,0.2963172984054845,0.5806942462513089,1112,1400,4,18.689674801817247,dumbbell,4,1,D,plain,0.1739168151531374,0.6057229600614288
0.7189528488877722,1.715537593132517,-1.3312761506997985,2.4763920610270116,1.5026893808601998,1.4568991769727027,2.265514705658839,2.0,0.2102407562608569,0.3004973125709255,0.8292761237512926,1346,1400,4,20.441465734001103,dumbbell,4,1,D,plain,0.4313684710228728,0.964968376298776
0.5664452865778535,0.5773498975740883,0.028679596682498414,-0.24543903823092797,0.36495627301776046,-0.8548747236781974,1.961320886661235,2.0,0.2406854921811306,0.2918667430781571,0.5651829368684592,771,1400,4,22.25318956983028,dumbbell,4,1,D,plain,0.019888734655605922,0.35493220963912847
0.7983765949482875,1.9155304246422753,-1.6507308226216997,1.3782510665196968,1.7446391632583247,1.4568991769727027,1.8222850014474115,1.0,0.1699113032868285,0.3210048382182219,0.630595171745059,885,1400,4,24.19911534089768,dumbbell,4,1,D,plain,0.16641878570078406,0.373049960235976
0.44537695588453213,-0.758070797304895,1.0499548576786546,-0.4051748752785282,-0.037420474435465104,-0.8548747236781974,0.4716240033338939,1.0,0.2696945400720408,0.2847664055533724,0.5450554891115608,695,1400,4,25.457467631216492,dumbbell,4,1,D,plain,-0.1600266589167505,0.4463892122169078
0.7735541156231504,1.829342352190797,-2.3868034534918126,1.3426383755399063,1.206776128617383,1.4568991769727027,1.7895874146104205,1.0,0.2135259237192191,0.3003782368604262,0.8048810270040859,1248,1400,4,26.766912365797136,dumbbell,4,1,D,plain,0.4341379580960335,0.9818825113757026
0.6383763593796811,1.3333743171709616,0.5531797518936957,3.165124027885596,2.0025016643992557,1.4568991769727027,2.356991784189207,1.0,0.1825058251081133,0.3126187607248548,0.8569704771639461,487,1400,4,28.08251507244916,dumbbell,4,1,D,plain,0.4866751725767582,1.674391917453489
0.6801402252393616,1.7882738566713257,-0.3518943832390663,1.006771138946008,1.4956750018738343,1.1679274393913401,1.833851939115619,1.0,0.1883498730258846,0.3150461628200761,0.7786243156578607,340,1400,4,29.25564682434372,dumbbell,4,1,D,plain,0.45426368584809385,1.1757794276020976
0.05847294645275532,-1.8392760677124131,2.092733539359957,-0.04589500023615065,-0.04501485529492592,-0.8548747236781974,1.4328650268090082,1.0,0.2894793919328265,0.2688751978236291,0.533960671559939,821,1400,4,30.62766660334332,dumbbell,4,1,D,plain,-0.2248470576854027,0.5961496507749362
0.5988591574677619,0.7820376311304236,-0.9187686134645722,-0.03359967908046386,0.5004371842869824,-0.8548747236781974,1.8842171034086348,1.0,0.2328074660985202,0.2931461097284982,0.5842502323511192,710,1400,4,31.587976846787036,dumbbell,4,1,D,plain,-0.09627642541165354,-0.0352621080025001
0.6392686637437113,1.709998707151866,-0.20202650922980805,2.617620612350847,1.6719161271660137,1.4568991769727027,1.8559046525994143,1.0,0.2167245280417744,0.3006436398550546,0.8309452315040595,861,1400,4,32.32007875824183,dumbbell,4,1,D,plain,0.43520642930301956,1.1731711804833185
0.2952231633036736,-0.32952913150572255,1.1916620965732605,0.4439319092170307,0.4235233210663112,-0.42141711730615355,1.4516691211795347,1.0,0.2492864665000581,0.2790403923777759,0.5855041048268309,988,1400,4,33.12889594809895,dumbbell,4,1,D,plain,-0.023541235403995497,0.43372946413325986
0.5041806453132247,-0.2725082407653853,0.8697147401841555,-0.355449354622082,0.5877797320621073,-0.8548747236781974,1.970852320506985,2.0,0.2235167945330425,0.2987423904940469,0.5658251120513663,453,1400,4,33.668914599485454,dumbbell,4,1,D,plain,0.013718577604795557,0.5608611420162234
0.5043935664511787,0.005869019868763024,0.6960982882404361,0.24628153940426661,0.5264745495271819,0.01204048906589019,1.6788956413932576,1.0,0.2284071361174006,0.2934366978576813,0.5602161952780665,1088,1400,4,34.059592294100185,dumbbell,4,1,D,plain,0.07466364056771979,0.5736361021717828
0.3866116489259085,-0.021451136726311017,-1.2014947056428837,0.010611107844509813,-0.21877409821562077,-0.42141711730615355,0.01625084088170116,1.0,0.2815147927006572,0.2718414317374171,0.5344469600543991,517,1400,4,34.349569802337655,dumbbell,4,1,D,plain,-0.40736028420387504,-0.3297523338213281
0.7349210181540907,1.0607275966085736,0.2239994019083418,2.4285548706875812,1.5470006877107094,1.4568991769727027,1.8924645657092314,3.0,0.1994474331744355,0.3092129511258989,0.8205089423815085,350,1400,4,34.42900931015112,dumbbell,4,1,D,plain,0.4675675641502739,1.3965145106716168
1.7199994499172429,4.155068495274227,1.6545482115165768,4.291579135457012,-5.384474328312021,-999999999.9999999,-40.15379682393132,10.0,0.2633437554232932,0.2827064262238746,0.5274785806650125,208,1400,5,-18.64985342782336,dumbbell,5,0,A,oracle,-0.3385084587867606,-0.029110822005945423
1.3423658175156397,4.878944007076031,0.15160325992205104,1.4086109784738148,-4.594513530510959,-999999999.9999999,-57.02887146762861,10.0,0.2242266250328632,0.3619928214755299,0.5502610448039744,362,1400,5,-12.074076382063264,dumbbell,5,0,A,oracle,-0.15837309581105108,-0.9338052188810612
2.5995353087736075,5.608011714837901,1.0103893952523746,3.7861616238617315,-3.7984655442994963,-999999999.9999999,-59.599877999832756,5.0,0.2253655156276734,0.3347176118273788,0.5884177114353413,1088,1400,5,2.2962247736213577,dumbbell,5,0,A,oracle,0.2008274657813336,-0.011997324007264928
5.933146265086072,7.240957988345512,0.035588892504136514,6.776772757675755,-3.953915293890696,-312500000.0,-28.486869913442852,5.0,0.2210670338763398,0.3374387484853173,0.5752509446672097,915,1400,5,16.512424390223224,dumbbell,5,0,A,oracle,0.49398181983383604,0.5843987178474593
5.92679001412685,8.836335924392408,1.0949195224902122,41.449950770325756,-3.978211460749486,-0.0,-26.857032522884776,5.0,0.2335627519995965,0.3320802517614619,0.571614992128903,762,1400,5,21.74911536245209,dumbbell,5,0,A,oracle,0.49440156793169887,0.45425406300742416
6.42871839198487,9.488698938224097,0.5009466645928337,48.67213027764255,-3.633753008535841,-0.0,-23.001212005168295,5.0,0.2326453536464846,0.3210879799079901,0.6003390243311505,333,1400,5,24.40076392053056,dumbbell,5,0,A,oracle,0.49905120183789276,0.6467332883799103
7.2558605161489895,9.959696860604177,1.1456564823054785,32.4611105116772,-2.6290020329390176,-0.0,-26.03967934009674,5.0,0.1835200189773677,0.3799550630512668,0.6173088501336804,509,1400,5,26.972586419979983,dumbbell,5,0,A,oracle,0.4976975392038815,0.7145259170706618
5.233843922895477,7.471896504766393,-0.25032114771778424,9.72489875893041,-3.1161568667123043,-124999999.99999999,-29.7611505259068,5.0,0.2113980883919504,0.34080468003177,0.5872954943575989,1146,1400,5,30.417879015943825,dumbbell,5,0,A,oracle,0.4449089682812726,0.3501539567845355
7.141298321814447,9.922421829004074,2.4420841681631167,39.57868687691449,-3.9931664978614276,-0.0,-14.10031218386108,5.0,0.2162757342737305,0.3615400379593804,0.5885404888499329,656,1400,5,32.87920687152628,dumbbell,5,0,A,oracle,0.4995525209054511,0.8881083048432079
6.326973025409117,8.680434075551064,2.0016944120232543,12.430596955057133,-3.941089484882816,-62499999.99999999,-60.756731602419094,5.0,0.2339091556073229,0.3221632285718501,0.5995271632883435,371,1400,5,34.93024350368683,dumbbell,5,0,A,oracle,0.49766733940282404,0.8404099130652087
7.409588399619705,10.053241030538054,1.5938503453362831,33.631209607628215,-3.4357766496444757,-0.0,-22.24453637276943,5.0,0.2233160876513101,0.3387639344282411,0.6066507938718926,1399,1400,5,37.50867041004193,dumbbell,5,0,A,oracle,0.4987050814635361,0.7222628503561729
6.894824267808382,10.306417893181914,1.9413723871666895,34.899399065032384,-3.0858352204229442,-0.0,-15.690565032347495,5.0,0.2075546661859017,0.3256880943997053,0.6297320446145523,1032,1400,5,39.94204071714431,dumbbell,5,0,A,oracle,0.4993545658275985,0.9855573338944386
7.305145775405835,9.99266849661065,2.796185035586517,33.993796759093286,-3.787591885453557,-0.0,-27.185059043998404,5.0,0.2213639719995176,0.3363946984497696,0.5979731744100782,158,1400,5,41.70666760573813,dumbbell,5,0,A,oracle,0.49989284328255634,0.9253488674072976
7.780020225254321,10.252321328931002,2.1845891393507,35.05869362799679,-3.0310376463335484,-62499999.99999999,-51.12557968714772,5.0,0.2040793953055615,0.3323159580791717,0.6013348056445661,1071,1400,5,43.37483662264934,dumbbell,5,0,A,oracle,0.49982291618928,1.1802856938403503
7.29670777072136,10.303811467032796,3.6653537029023937,43.87266848123316,-3.344516580872857,-0.0,-41.26358915236239,5.0,0.2336782716840338,0.3058970388135235,0.6293749071169009,1219,1400,5,45.23724507872123,dumbbell,5,0,A,oracle,0.4999814205309828,1.1744610240660076
7.473170858052804,10.185854184913294,2.1588652574547798,41.51376587194439,-3.2529506502012127,-62499999.99999999,-24.93772065520015,5.0,0.2147301183799941,0.2846881474914058,0.6260818788229416,388,1400,5,46.655189345072365,dumbbell,5,0,A,oracle,0.49950664466199945,1.0556160437380566
7.981000913894584,10.395895534890917,1.2859564587713994,30.902240024318715,-2.6452068110424807,-0.0,-42.420617203435576,5.0,0.192442753922322,0.3412561252023678,0.624833904026558,1373,1400,5,47.81255722327232,dumbbell,5,0,A,oracle,0.4997085554549596,0.839466071098666
7.723152663828966,9.60038916513394,3.496638431790608,19.613504697296698,-3.5759032546440515,-62499999.99999999,-50.78754300622097,5.0,0.2242121514431193,0.3368350692873748,0.5911300439775742,580,1400,5,48.94985583734614,dumbbell,5,0,A,oracle,0.4999588129000546,1.1023908949643566
7.2464009612631095,9.415676201681539,1.5945240310110669,23.509275439076067,-2.8023216298894513,-0.0,-37.02158885155904,5.0,0.2240561553526054,0.2868613961904549,0.6274156475547457,228,1400,5,50.09299982678168,dumbbell,5,0,A,oracle,0.4991170382674177,0.8043057702374137
9.016212619017939,11.007221337013737,0.5974243033754167,20.611685642064323,-1.3233730964842487,-62499999.99999999,-23.336404027288804,5.0,0.138270833620667,0.3875709793285762,0.6222040018813207,421,1400,5,51.01762680425846,dumbbell,5,0,A,oracle,0.49778379029517217,1.1059552982378247
7.864338105392286,10.532484390857197,2.202820794337957,25.35348868936674,-2.9332729144879823,-124999999.99999999,-43.31698410094852,5.0,0.2015699588435282,0.3662814879884055,0.6376805976549405,51,1400,5,51.73309924448142,dumbbell,5,0,A,oracle,0.4993779204981754,1.1967291948295287
7.901984033993926,10.19707263733149,2.3487159431819347,25.919503974068064,-2.430666688764988,-124999999.99999999,-36.51880826404492,5.0,0.2094632078995373,0.3263947182159631,0.6304448128371795,619,1400,5,52.21879784472452,dumbbell,5,0,A,oracle,0.49984178858608697,1.160664261519721
7.878731200754124,10.31776244413517,3.2054815607757217,34.65051474748042,-2.8644276935900637,-0.0,-27.25782285908076,5.0,0.2136104452271077,0.3099371013532571,0.631372825017603,503,1400,5,52.49937845416367,dumbbell,5,0,A,oracle,0.4998897647735675,1.0949978356767136
7.822087284385142,9.954030559148423,1.828868421995751,21.515203469244586,-3.002928401121064,-62499999.99999999,-23.336732616876258,5.0,0.200900083708207,0.338315967537167,0.5984502656200669,1020,1400,5,52.621398144179125,dumbbell,5,0,A,oracle,0.498557338879578,0.8690117661556505
-33.585846730055174,-17.165824350238722,-0.9555292537706144,7.025451095991196,2.3143791376652603,0.45899254512270204,-4.275728596456981,6.0,0.1009566868565648,0.1982346742951856,0.5143144682957059,208,1400,5,-18.64985342782336,dumbbell,5,0,B,diffdist_t4,0.13097729238502487,-1.4207339092177877
-35.52180742896174,-20.682137067198276,-0.9088813750059351,7.381334854730464,2.1066429898895453,0.8261865812208637,-2.7442031750238183,6.0,0.0953906284223055,0.2140615270926269,0.4650776257756202,362,1400,5,-12.074076382063264,dumbbell,5,0,B,diffdist_t4,-0.16284916388089082,-1.233296919860208
-40.53234385527845,-25.85659288681418,-0.7541451962789295,8.05472420878977,1.3589506042252966,0.8261865812208637,0.2793411125427495,6.0,0.116722398872188,0.1906398916859301,0.420416365396736,1088,1400,5,2.2962247736213577,dumbbell,5,0,B,diffdist_t4,-0.21925460392704593,-1.1145449092682935
-32.35801144286629,-28.327132705253312,-0.9625442768200102,8.350624775757456,0.7677768306634265,0.8261865812208637,-4.7205762042435495,6.0,0.1236523585318837,0.1839774399911428,0.3457957077881417,915,1400,5,16.512424390223224,dumbbell,5,0,B,diffdist_t4,-0.43606661197159946,-1.2242618284897437
-28.742397501635327,-27.76574225513658,-0.8248293332306005,12.635636254209551,-0.31084710331453025,0.8261865812208637,6.402396603431364,6.0,0.1323981682410624,0.1549648346811065,0.3144498796482586,762,1400,5,21.74911536245209,dumbbell,5,0,B,diffdist_t4,-0.4795393264140919,-1.6642501594237462
-32.462066059392235,-23.339909381541535,-0.44499388567188175,14.623457072903673,-0.930706938637031,0.8261865812208637,8.628354010048174,6.0,0.1535922609729263,0.1504328786591321,0.3005918266298489,333,1400,5,24.40076392053056,dumbbell,5,0,B,diffdist_t4,-0.4527637298054651,-1.6791712590326577
-25.26366653618583,-26.39471594570009,-0.9340570134978041,11.646290397525528,-0.8870205696280604,0.8261865812208637,3.4192848260815794,6.0,0.1502699071300354,0.1619307688088349,0.2910653643854063,509,1400,5,26.972586419979983,dumbbell,5,0,B,diffdist_t4,-0.4795670726609819,-1.7587671050804596
-30.44652249630095,-31.533120089533003,-1.0504964424184893,8.503760951713843,1.0613918883402895,0.8261865812208637,0.0643707161321653,6.0,0.1080566418768076,0.1977173677697632,0.34420658342894,1146,1400,5,30.417879015943825,dumbbell,5,0,B,diffdist_t4,-0.3894881826057655,-1.2883700674339218
-27.92999400954239,-20.99040894969065,-0.567365589504137,14.2066681532349,-0.9936894211718105,0.8261865812208637,5.064192743250633,6.0,0.1615435743381204,0.1559839484925071,0.2956334935117097,656,1400,5,32.87920687152628,dumbbell,5,0,B,diffdist_t4,-0.46849458164553404,-2.195248337473304
-21.121073288324077,-33.88524301176449,-0.8866159238879971,10.644732903175461,-0.20052231454199973,0.8261865812208637,-3.9663823078187033,6.0,0.1411386849085403,0.1548037512188136,0.3244339233995967,371,1400,5,34.93024350368683,dumbbell,5,0,B,diffdist_t4,-0.4824598844080474,-1.3177680451226437
-26.471102430769232,-28.34267720585441,-0.7914202939374603,11.616730216063964,-0.4461615996245911,0.8261865812208637,6.242720480305221,6.0,0.1450385239464234,0.1678977019982593,0.3242226604757354,1399,1400,5,37.50867041004193,dumbbell,5,0,B,diffdist_t4,-0.48036902030688045,-1.666380393933249
-23.81290081874331,-27.32668290377731,-0.7935520112240039,11.803380839639253,-0.5510080849095993,0.8261865812208637,2.201482672814851,6.0,0.1473501177749777,0.1594882594103528,0.3256664501334861,1032,1400,5,39.94204071714431,dumbbell,5,0,B,diffdist_t4,-0.48036902030688045,-1.668943025070644
-24.41062677948769,-20.885985052602667,-1.05913266912228,12.264332248949426,-0.6381271162503244,0.8261865812208637,7.585762254207237,6.0,0.1531405544987751,0.1561901070279968,0.3038913793852613,158,1400,5,41.70666760573813,dumbbell,5,0,B,diffdist_t4,-0.4802116305552661,-1.668943025070644
-27.39910367701689,-28.396079164407805,-0.9006306292539982,12.153551702027915,-0.4529020338060247,0.8261865812208637,4.477270526201449,6.0,0.1331840284276965,0.1678163688376652,0.3031660542158036,1071,1400,5,43.37483662264934,dumbbell,5,0,B,diffdist_t4,-0.47975150703936276,-1.6616875282863512
-20.478790620808535,-18.825026792157427,-0.906729974155467,13.980899261155372,-0.04000362050673044,0.8261865812208637,1.062049054797207,6.0,0.1325594931099901,0.1710964899193942,0.3320228809879176,1219,1400,5,45.23724507872123,dumbbell,5,0,B,diffdist_t4,-0.46941014481868165,-1.5237565092400076
-39.513270039344654,-39.23870210169916,-0.5182390303245549,12.097214519690706,0.025115760539617296,0.8261865812208637,8.213610534581603,6.0,0.131824775393441,0.1619371370580093,0.3549863079427818,388,1400,5,46.655189345072365,dumbbell,5,0,B,diffdist_t4,-0.42794062520019505,-1.387342774716718
-19.512756448830824,-23.0875910557049,-1.1859151499062142,11.655855659533968,-0.11763866407139423,0.8261865812208637,1.2345695110490653,6.0,0.1183675842672862,0.1848450114644546,0.3099117207259605,1373,1400,5,47.81255722327232,dumbbell,5,0,B,diffdist_t4,-0.48583483429086705,-1.3273552734805532
-25.234985226196287,-31.068204371073747,-1.1107370666974783,10.442200361291894,0.42613798020102206,0.8261865812208637,1.8483531280374579,6.0,0.1164338024252992,0.1920798138647594,0.3309767840719707,580,1400,5,48.94985583734614,dumbbell,5,0,B,diffdist_t4,-0.45271234126247906,-1.3334741928149512
-26.139578752858977,-29.26604067139446,-0.9044891313584331,10.089471224471882,0.59782457005293,0.8261865812208637,-0.16929036870760833,6.0,0.1193266605294264,0.190176804903794,0.3388418852325574,228,1400,5,50.09299982678168,dumbbell,5,0,B,diffdist_t4,-0.44906762541389994,-1.2949079973786233
-13.124739372231627,-26.75252437879716,-0.9885278844307717,11.996892174736962,-0.5316407414334048,0.8261865812208637,0.5807462932912214,6.0,0.1310461620108562,0.1955851372905034,0.2886535675764185,421,1400,5,51.01762680425846,dumbbell,5,0,B,diffdist_t4,-0.47975150703936276,-1.6667549882513417
-28.303099623095626,-23.580850597331782,-0.9963565034507408,12.446287262843189,-0.5474737988320393,0.8261865812208637,2.7872614002387093,6.0,0.1356851441100959,0.1610226475658732,0.3004043760162078,51,1400,5,51.73309924448142,dumbbell,5,0,B,diffdist_t4,-0.47975150703936276,-1.6642501594237462
-26.614536168281163,-35.78810432507519,-1.1785069331443723,10.684553792407758,-0.04542429976472728,0.8261865812208637,2.352536416440646,6.0,0.1372987295662552,0.1774060889712125,0.3301519912454305,619,1400,5,52.21879784472452,dumbbell,5,0,B,diffdist_t4,-0.4652422708007473,-1.5218556162784302
-26.62569192089049,-23.16881085338055,-1.2508271976500451,12.794034477246424,0.3090959670061739,0.8261865812208637,5.092781924804725,6.0,0.1296576471572837,0.1826504435750087,0.3425416391453821,503,1400,5,52.49937845416367,dumbbell,5,0,B,diffdist_t4,-0.4106001975178429,-1.514428166980819
-25.038693390775936,-24.935093296678755,-0.9607370072168658,11.24208267476078,-0.756194360528814,0.8261865812208637,6.5864438636006994,6.0,0.1448241385006174,0.171817114311224,0.3019306919334918,1020,1400,5,52.621398144179125,dumbbell,5,0,B,diffdist_t4,-0.4805727675116608,-1.682015394985604
-8.76274200729063,-0.2341044322394872,-1.436604168368314,86.51265402632859,1.2448384317186671,0.7286206340836145,-3.322139918809107,6.0,0.0504570716730827,0.0417913431706553,0.4484316401333859,208,1400,5,-18.64985342782336,dumbbell,5,0,B,diffdist_t8,-0.47338098889684543,-1.3491761115726892
-22.090254395697485,-1.4426797469548658,-1.3067289957477752,82.33915384445733,0.4998300416777809,0.7286206340836145,-4.883492506747852,6.0,0.0647232396652778,0.0505185610135099,0.4006326442330796,362,1400,5,-12.074076382063264,dumbbell,5,0,B,diffdist_t8,-0.4811645643515214,-1.3531164933723216
-27.44977110947281,-4.076334869223219,-1.3638363142186687,78.25852604471444,0.3520898377857427,0.7286206340836145,-4.856920395306124,6.0,0.0551080024093433,0.0400062050072479,0.3263450289912659,1088,1400,5,2.2962247736213577,dumbbell,5,0,B,diffdist_t8,-0.4724718609247318,-1.403934991106829
-193.62551852990438,-39.332751567086326,-1.2886229308374244,57.269268172937245,-1.2408734476656436,0.7286206340836145,-1.1461619869085236,6.0,0.0597510276390739,0.0333496403525497,0.1490823158372997,915,1400,5,16.512424390223224,dumbbell,5,0,B,diffdist_t8,-0.4848423190365684,-2.372914022101723
-57.60924165765012,-42.7201252461409,-0.9997626058789876,63.96506605162095,-1.7223640116870598,0.7286206340836145,2.676981850119562,6.0,0.0646073391927687,0.0291767589865563,0.1361888236432724,762,1400,5,21.74911536245209,dumbbell,5,0,B,diffdist_t8,-0.49236728448340766,-2.544870993852807
-96.14587948764219,-37.303977826665076,-1.123237569684978,66.10295602737742,-1.81041527366598,0.7286206340836145,-0.5419672867374635,6.0,0.055551885723865,0.0229421773420028,0.1013861348255073,333,1400,5,24.40076392053056,dumbbell,5,0,B,diffdist_t8,-0.49085081208363013,-2.5677768514916033
-190.51908090616527,-82.48207234349822,-1.238159334689165,40.525265182312225,-2.790178018960459,0.7286206340836145,-0.9576542871548764,6.0,0.0624499025015164,0.0244128329653259,0.0721855218765581,509,1400,5,26.972586419979983,dumbbell,5,0,B,diffdist_t8,-0.4905975444396126,-2.6330296712699455
-200.48614257210994,-42.900113033149786,-1.2946375846348674,55.44120482325879,-1.3328528264560067,0.7286206340836145,-2.5306274120235046,6.0,0.0582949630685325,0.0325357949532788,0.1462130952731872,1146,1400,5,30.417879015943825,dumbbell,5,0,B,diffdist_t8,-0.4889299514462166,-2.2842547882476754
-206.85692738240627,-67.3088377314245,-1.1739534623139387,51.05264765339983,-2.3185503198537605,0.7286206340836145,-1.829568883279183,6.0,0.0584598598081276,0.0224639795922344,0.073881773297086,656,1400,5,32.87920687152628,dumbbell,5,0,B,diffdist_t8,-0.49338371626132405,-2.4470884711853613
-184.592180160047,-56.80879550930085,-1.2121376636591936,51.07514583918031,-1.8123569483893114,0.5828965072668917,-3.736993809781362,6.0,0.0627240032649002,0.0314569222737164,0.1123557888723876,371,1400,5,34.93024350368683,dumbbell,5,0,B,diffdist_t8,-0.4921895960287759,-2.3577941586810187
-207.08757498048544,-84.1750502494427,-1.2301034358676795,39.76010040049011,-2.8123861430564285,0.7286206340836145,-2.1152984654976232,6.0,0.0683872815671019,0.0276379311712863,0.0761430131935253,1399,1400,5,37.50867041004193,dumbbell,5,0,B,diffdist_t8,-0.4905975444396126,-2.4542797971255905
-194.01375806223845,-85.57882608400804,-1.229015003034726,39.920560920647475,-2.8095745769900495,0.7286206340836145,-1.024416919706394,6.0,0.0673279127101564,0.0277141882759511,0.0741088502159296,1032,1400,5,39.94204071714431,dumbbell,5,0,B,diffdist_t8,-0.4905975444396126,-2.6330296712699455
-124.59029011117521,-71.85805949932083,-1.234275563410556,42.305169731757,-2.7143403474428545,0.43717238045016876,-2.157938632935436,6.0,0.0647594852446959,0.0314109860039555,0.0681752708753511,158,1400,5,41.70666760573813,dumbbell,5,0,B,diffdist_t8,-0.49313942014793327,-2.384529712650584
-144.20946534014465,-66.86695213455957,-1.2239725628553033,42.25062993949913,-2.7141841005618628,0.43717238045016876,-2.771455798159029,6.0,0.0637362470798895,0.0335842767114765,0.0673120114740978,1071,1400,5,43.37483662264934,dumbbell,5,0,B,diffdist_t8,-0.49386001039908306,-2.547949347486223
-170.4017318683179,-73.93690284255266,-1.2727770426266927,45.154283980670904,-2.553587762855217,0.7286206340836145,0.801369443689526,6.0,0.0630006279247551,0.0284390694617411,0.0747829090210846,1219,1400,5,45.23724507872123,dumbbell,5,0,B,diffdist_t8,-0.49313942014793327,-2.6391446036144983
-168.5406363516494,-85.5022418403722,-1.236745521981732,40.17356656482754,-2.796329581555896,0.7286206340836145,-0.4357614785204054,6.0,0.0688470754939346,0.0294488576923654,0.076791110131864,388,1400,5,46.655189345072365,dumbbell,5,0,B,diffdist_t8,-0.4905975444396126,-2.711032031523574
-201.34794007941963,-91.37812951823396,-1.2865049996562123,38.31339925617911,-2.833465427326809,0.7286206340836145,-2.128237010391993,6.0,0.0652489306015648,0.0266848920663648,0.0719392857085434,1373,1400,5,47.81255722327232,dumbbell,5,0,B,diffdist_t8,-0.4899684247841054,-2.3768878694865654
-202.87814949262184,-82.00370280944921,-1.3504670797225529,40.33200681032839,-2.3429660894873336,0.7286206340836145,-0.4139927265889164,6.0,0.0684963404671266,0.0332046899924343,0.0951478865820679,580,1400,5,48.94985583734614,dumbbell,5,0,B,diffdist_t8,-0.49260764381752103,-2.4802917057803
-234.6129783402555,-78.53550951510903,-1.352936184258947,42.40155905927397,-2.2012642130915867,0.7286206340836145,-1.626931978807238,6.0,0.064690469683094,0.0306391175986817,0.099258598816966,228,1400,5,50.09299982678168,dumbbell,5,0,B,diffdist_t8,-0.4909457460257686,-2.2627912154189036
-190.44494127643776,-76.24803591284648,-1.456453628908214,43.707357263201246,-2.339055528505217,0.7286206340836145,-3.0727040235433467,6.0,0.062092250888169,0.028609125823039,0.0951915016392707,421,1400,5,51.01762680425846,dumbbell,5,0,B,diffdist_t8,-0.49260764381752103,-2.316790477312016
-327.8482616093981,-89.31386553024853,-1.4044990025879895,43.101693188527875,-2.318114057495037,0.7286206340836145,-2.6442852735233813,6.0,0.0593688953182878,0.0265052256345105,0.091142868789077,51,1400,5,51.73309924448142,dumbbell,5,0,B,diffdist_t8,-0.49260764381752103,-2.3149470594175385
-194.0782297505983,-87.21804236738744,-1.3174141181386156,38.650198291938636,-2.584497433756062,0.5828965072668917,-2.054721150649603,6.0,0.0708938750947698,0.0321396678943649,0.091977813586199,619,1400,5,52.21879784472452,dumbbell,5,0,B,diffdist_t8,-0.49313942014793327,-2.2685798272191446
-287.9495816488043,-103.22618979739494,-1.355169886370048,42.55569778912155,-2.3864676789714467,0.7286206340836145,0.6593606354441814,6.0,0.067045581523259,0.0296195777717669,0.0875848539754023,503,1400,5,52.49937845416367,dumbbell,5,0,B,diffdist_t8,-0.49313942014793327,-2.610822436148311
-279.29768382717486,-100.3258589441049,-1.3563447009080363,37.75518871855924,-2.6776828980210445,0.7286206340836145,-2.7436545550716955,6.0,0.0635312048907677,0.0256199773698818,0.0829965621599078,1020,1400,5,52.621398144179125,dumbbell,5,0,B,diffdist_t8,-0.49313942014793327,-2.3957903236838924
1.3915644343125975,-0.9115993168763834,-0.645126540071101,-0.4320551103219621,0.7222498936291832,-0.18442777757450282,1.5509701851030393,5.0,0.2433547627629044,0.2015484239966744,0.5885628703862675,208,1400,5,-18.64985342782336,dumbbell,5,0,B,fb_potential,-0.2769588937843823,-0.5036793139311802
-2.072900731432916,-1.8679250962990284,-0.6325505534870274,-2.110121286973727,-2.0257086924043866,-3.780769440277308,-3.422072235474883,1.0,0.2707527978393792,0.2324413918033377,0.5792644708583132,362,1400,5,-12.074076382063264,dumbbell,5,0,B,fb_potential,-0.4427671433242596,-0.7974908358015755
-1.112755718926461,-3.0126371840588106,-5.242946392119139,-2.0522452919240237,-1.4515769779183418,-3.5041277739155543,-0.9879129275126235,2.0,0.2609410912372692,0.2568628980404191,0.6135556693272347,1088,1400,5,2.2962247736213577,dumbbell,5,0,B,fb_potential,-0.44418223411781077,-1.1594767930528622
0.2078148130418028,0.7456320205729693,2.935633384836549,0.1292309302926857,-1.4621551192771347,0.64549722151076,1.6587619935160989,4.0,0.26293779035227,0.2177138031880241,0.5668999191594846,915,1400,5,16.512424390223224,dumbbell,5,0,B,fb_potential,0.25525459747570944,0.03773736430872408
-2.839429949102797,-3.09994887970183,0.29966240194345284,-0.1757421895952216,-4.122364070053245,0.64549722151076,2.878394344181646,5.0,0.2652653862859451,0.1808759410074582,0.492177802861427,762,1400,5,21.74911536245209,dumbbell,5,0,B,fb_potential,-0.483697214997318,-1.8023964970974395
-0.20388199308047203,-0.31688368739757594,1.097759343815609,2.1600928518942233,0.14539701008998684,0.64549722151076,2.040629801186514,2.0,0.2518253948753166,0.2031926244744941,0.5856127523252178,333,1400,5,24.40076392053056,dumbbell,5,0,B,fb_potential,-0.40671175313041674,0.15608863840203283
0.8078523020968567,-1.0533718630613584,1.7845612255543253,-0.26873126725128976,-4.412405197609817,0.64549722151076,2.4582380492765274,5.0,0.2861387150883429,0.2144388535130482,0.5305704985739036,509,1400,5,26.972586419979983,dumbbell,5,0,B,fb_potential,-0.48058963866298177,-0.7619770433883927
-1.2204465775494422,0.2621713995789598,1.4086298283252259,-0.09614105031912153,-1.234690124334144,0.36885555514900575,1.0082924097731851,4.0,0.2449753213311628,0.2176110858460563,0.5450171740066578,1146,1400,5,30.417879015943825,dumbbell,5,0,B,fb_potential,-0.3554328972433458,-0.3780752381523339
-0.8788446398300994,-0.5632575740460183,1.7352716992001318,2.2723857765060678,-2.4743063175471156,0.64549722151076,1.6939167705101406,2.0,0.2819202836563017,0.2066318647286756,0.5302909641476122,656,1400,5,32.87920687152628,dumbbell,5,0,B,fb_potential,-0.48025636896436624,-0.09143322710265159
-0.32237269738779784,-0.46735454552137423,0.025954718601582164,1.2074280703972868,-0.03778445408585607,0.64549722151076,1.013480254263469,2.0,0.2654933661675678,0.2325528188495351,0.6156020630968975,371,1400,5,34.93024350368683,dumbbell,5,0,B,fb_potential,-0.3236491434440192,-0.008293547853271757
-4.779784152012304,-1.7589654722424664,1.1734510487819976,0.7681564752632818,-2.1005650414860937,0.64549722151076,3.9836578158159677,4.0,0.2661888259486398,0.199649187237472,0.5234851541830347,1399,1400,5,37.50867041004193,dumbbell,5,0,B,fb_potential,-0.48275907825217995,-0.4951673278876589
-1.87507200767691,-1.8117093009776213,1.9461824782406807,0.43990755560877964,-2.8101663390421296,0.64549722151076,2.9000420802427613,6.0,0.2596864499278,0.1888882467770605,0.5043552640603253,1032,1400,5,39.94204071714431,dumbbell,5,0,B,fb_potential,-0.47728106680065935,-1.4930732754648277
-1.3149420295393086,0.3366934355185439,2.4502788792462065,0.0849185572517113,-2.441025774690537,0.64549722151076,3.4901868031985352,1.0,0.2634376943872571,0.1984673072760616,0.5278945512409807,158,1400,5,41.70666760573813,dumbbell,5,0,B,fb_potential,-0.43737952745225067,-0.20361221716051495
-0.4290992359003767,-0.9800953822784332,0.9732756994714904,-0.06795815515685778,-1.1405113238532794,0.64549722151076,1.7386001589964255,1.0,0.2340426192018857,0.1810493616434142,0.524457395935302,1071,1400,5,43.37483662264934,dumbbell,5,0,B,fb_potential,-0.43815845245103063,-0.22736254095193592
-2.0333675325222185,-0.2000410290422777,0.683458191663505,2.452446077869925,1.194015100354871,0.64549722151076,3.206365977628438,2.0,0.227867785911833,0.1813193624745352,0.5634308002481291,1219,1400,5,45.23724507872123,dumbbell,5,0,B,fb_potential,-0.03846153633847199,0.18675824023468146
-2.2659297470682342,-1.4888367463556464,1.0694246561590657,0.8355377231818845,0.041901163394527124,0.64549722151076,1.2055439549482891,1.0,0.2149749538509481,0.179033401396253,0.5361107279831414,388,1400,5,46.655189345072365,dumbbell,5,0,B,fb_potential,-0.2374812918562232,0.249079289880295
-1.142537622755163,0.4489021202882453,1.9920008054484444,0.7074946466598868,0.2808827265733365,0.64549722151076,2.6156392493125344,5.0,0.2154208812138361,0.1887972993056735,0.5425241977189621,1373,1400,5,47.81255722327232,dumbbell,5,0,B,fb_potential,-0.21811902324501453,-0.21566843408106787
-3.45473741186511,-0.6099228366825716,2.0083306694389624,-0.2591933646967395,-1.7857510577173865,0.09221388878725147,2.8738729247976758,4.0,0.256468087055118,0.2052291819951716,0.5415352763786718,580,1400,5,48.94985583734614,dumbbell,5,0,B,fb_potential,-0.3996880978446847,-0.4293185133410944
0.2417416985411238,-0.05104845005322174,2.753740026854356,0.905113526362646,1.4547014823054587,0.64549722151076,0.13698150854121083,2.0,0.2288323077076198,0.1926395231144368,0.5853338904629596,228,1400,5,50.09299982678168,dumbbell,5,0,B,fb_potential,0.2997364430507943,0.624584993161977
-2.245675595364077,-0.20698591367945995,1.919265912223653,1.5725988712766659,-0.5796197639301974,0.64549722151076,0.4733581689242908,2.0,0.2647876951999465,0.2206687805242135,0.5872911526841249,421,1400,5,51.01762680425846,dumbbell,5,0,B,fb_potential,-0.34972432855090063,0.1874085049890185
-4.886980074139959,-1.408088280474971,1.7371270974265687,1.8708360399481725,-0.21919662059670517,0.36885555514900575,1.866864024597221,3.0,0.2398668668840389,0.1967722777714342,0.5486037394123078,51,1400,5,51.73309924448142,dumbbell,5,0,B,fb_potential,-0.3644445202399024,-0.005769592430090276
0.22733850825713975,0.14800005390285303,2.2963704590892697,0.9895089672746722,1.4716415663319953,0.64549722151076,4.159659112081525,3.0,0.2224908586811705,0.1981888153240217,0.5800207018572233,619,1400,5,52.21879784472452,dumbbell,5,0,B,fb_potential,0.23749628981038173,0.6550351388104552
-0.49109402799597573,-0.3035027290775208,1.044323860593406,2.766539441306955,1.9680989622030298,0.64549722151076,2.161475713011229,2.0,0.2224354838583831,0.19715811094317,0.6098931882563392,503,1400,5,52.49937845416367,dumbbell,5,0,B,fb_potential,-0.08130045786860246,0.468280244220131
0.3801473718390703,0.2882346009286605,1.8830513564813915,-0.14677575271141133,-1.5814670888684816,0.64549722151076,1.937108755916317,1.0,0.2522922196636042,0.2055951072715252,0.5409620836813922,1020,1400,5,52.621398144179125,dumbbell,5,0,B,fb_potential,-0.3428275907551337,0.04828379495037775
-1.6432861344902345,-2.1823812715652875,-0.8904684677557437,-0.6473941594991839,0.6375239222904198,-0.0,-0.19477921444582358,1.0,0.0,0.8862434008960314,0.9222956986971208,208,1400,5,-18.64985342782336,dumbbell,5,0,B,heatgeo_4t,0.49382628442595844,1.9907154828329177
-0.6234154499487315,-1.7981529890109242,-0.8930329308189328,-0.906909317866748,0.6375239222904198,-0.0,-0.1694669608795044,1.0,0.0,0.9022193038685172,0.9269728611625206,362,1400,5,-12.074076382063264,dumbbell,5,0,B,heatgeo_4t,0.49382628442595844,2.072896805654274
-1.1105368354169483,-0.7146288865454415,-0.9031075338697896,-0.7392182394468118,0.6375239222904198,-0.0,-0.17665657006612384,5.0,0.0,0.8919299708126684,0.9257178947372342,1088,1400,5,2.2962247736213577,dumbbell,5,0,B,heatgeo_4t,0.49382628442595844,1.3349159185855142
-0.8850666935805854,-1.1952837653566475,-0.8878034133548262,-0.6344936552054465,0.6375239222904198,-0.0,-0.1607219907723487,5.0,0.0,0.8893026050308303,0.9225221287398148,915,1400,5,16.512424390223224,dumbbell,5,0,B,heatgeo_4t,0.49382628442595844,1.34419454681879
-0.7737176943066623,-1.4272621858060497,-0.8622607540222552,0.6961226107467317,0.6375239222904198,-0.0,-0.22544813499896244,5.0,0.0,0.879328059196755,0.9141660183241832,762,1400,5,21.74911536245209,dumbbell,5,0,B,heatgeo_4t,0.4938656892101104,1.6096461396236903
-1.4337785665722214,-2.3417344878351267,-0.8506030182101665,0.9466687798022024,0.6375239222904198,-0.0,-0.3300718660346549,5.0,0.0,0.8681194209870974,0.9124661304560732,333,1400,5,24.40076392053056,dumbbell,5,0,B,heatgeo_4t,0.4938656892101104,1.6552776409369396
-0.7306026657900672,-1.413949362585336,-0.8354419216011266,-0.049880639607617704,0.6375239222904198,-0.0,-0.17581233858287273,5.0,0.0,0.8816571089810746,0.915354130986839,509,1400,5,26.972586419979983,dumbbell,5,0,B,heatgeo_4t,0.49384974937765314,1.5474562661352558
-1.2663441601524739,-1.6643827060908307,-0.8785454174649293,-0.5092980948276734,0.6375239222904198,-0.0,-0.09102037056358611,5.0,0.0,0.8814299545579461,0.9200632591451436,1146,1400,5,30.417879015943825,dumbbell,5,0,B,heatgeo_4t,0.49343346215158634,1.504176069354287
-0.8880057618125673,-1.859815613416834,-0.8022981581882437,0.3189274638992488,0.6375239222904198,-0.0,-0.22404134026251257,5.0,0.0,0.8765756880855752,0.9120814628443324,656,1400,5,32.87920687152628,dumbbell,5,0,B,heatgeo_4t,0.49384974937765314,1.5474562661352558
-1.5970208539975324,-2.2501933823390647,-0.8867862505864632,-0.32911823093411335,0.6375239222904198,-0.0,-0.22574670332281796,5.0,0.0,0.8786969095441707,0.9203803885304512,371,1400,5,34.93024350368683,dumbbell,5,0,B,heatgeo_4t,0.49382628442595844,1.5316409321067876
-1.014318314745196,-1.7494620677801649,-0.8038507964054077,0.3003482117149369,0.5862556045944526,-0.0,-0.14604100078950077,5.0,2.3929887465173885e-08,0.8721917667542882,0.9135079367319376,1399,1400,5,37.50867041004193,dumbbell,5,0,B,heatgeo_4t,0.49384974937765314,1.5474562661352558
-1.8074828569667816,-1.9402966358788603,-0.7283974270757858,0.45341834851203233,0.45126292625619296,-0.0,-0.1997940135220503,4.0,8.043534289250615e-08,0.8663260983677663,0.917420456990412,1032,1400,5,39.94204071714431,dumbbell,5,0,B,heatgeo_4t,0.49194967260492606,1.9229562518845391
-0.4022559488392251,-1.7058247176532413,-0.81880962913475,0.33356297405335467,0.6375239222904198,-0.0,-0.1916344715008858,5.0,0.0,0.8698270992090757,0.913589750728632,158,1400,5,41.70666760573813,dumbbell,5,0,B,heatgeo_4t,0.49578724151105824,1.5474562661352558
-1.2111959864621817,-1.951008553592858,-0.7692446456736484,0.3678058277008427,0.4903123533238213,-0.0,-0.24674700289048815,5.0,6.241851682220353e-08,0.8690646779468107,0.912657916122779,1071,1400,5,43.37483662264934,dumbbell,5,0,B,heatgeo_4t,0.49194967260492606,1.9229562518845391
-1.402986120391345,-2.0255845631681484,-0.49263696201509843,0.672489829093664,0.2185625743884528,-0.0,-0.08138753801205349,5.0,1.8325371308558003e-07,0.8577416993718235,0.9159745980133612,1219,1400,5,45.23724507872123,dumbbell,5,0,B,heatgeo_4t,0.4914929885156749,1.9851461253729727
-2.347051307088471,-3.0694129888244848,-0.4265312534201853,0.6430464597876165,0.028100568058485546,-0.0,-0.22475887627130484,5.0,2.675017054218581e-07,0.8542351455468337,0.917695956241602,388,1400,5,46.655189345072365,dumbbell,5,0,B,heatgeo_4t,0.496421159939225,2.0108079485549464
-1.5259437742750948,-2.3042197589900844,-0.7928676962108507,0.1376558643507982,0.4982616721568457,-0.0,-0.17630774329337662,5.0,5.8556735695313436e-08,0.8718427036164671,0.9153700696181823,1373,1400,5,47.81255722327232,dumbbell,5,0,B,heatgeo_4t,0.49384974937765314,1.5474562661352558
-1.4159041798141387,-2.0232824580600957,-0.8124989390861157,-0.21334428997884408,0.6375239222904198,-0.0,-0.16287283146865456,5.0,0.0,0.8754280645835231,0.9183193983318804,580,1400,5,48.94985583734614,dumbbell,5,0,B,heatgeo_4t,0.49384974937765314,1.5607550835778525
-1.6424325894297918,-2.1445763935313353,-0.6757618746246333,0.1088444622302812,0.391208074475023,-0.0,-0.13647576861318073,5.0,1.0857873343195113e-07,0.8609797782718471,0.9210351245019822,228,1400,5,50.09299982678168,dumbbell,5,0,B,heatgeo_4t,0.49194967260492606,1.9229562518845391
0.220820233171377,-1.35909008341996,-0.8644514627347495,-0.3206444273710823,0.6375239222904198,-0.0,-0.08363569232038923,5.0,0.0,0.8822091853873946,0.9164200655128532,421,1400,5,51.01762680425846,dumbbell,5,0,B,heatgeo_4t,0.4939567478957233,1.5626976675956472
-1.4373263073781177,-2.1200170157677793,-0.8727633850970836,-0.10828087638802181,0.6375239222904198,-0.0,-0.13658490124505984,5.0,0.0,0.8747728271096883,0.9165751000226974,51,1400,5,51.73309924448142,dumbbell,5,0,B,heatgeo_4t,0.49382628442595844,1.5474562661352558
-1.3785711892975487,-2.026401618036399,-0.6729495928949267,0.13991112013559284,0.44466056361305745,-0.0,-0.19127592441274852,5.0,8.360479435835028e-08,0.8631717074530348,0.9190283996763736,619,1400,5,52.21879784472452,dumbbell,5,0,B,heatgeo_4t,0.49194967260492606,1.9229562518845391
-1.2777775932788584,-2.0301414383355563,-0.6264726933417183,0.3145599581770682,0.35630122769229167,-0.0,-0.1135517302633175,5.0,1.2466443164421166e-07,0.8596317338315397,0.9147333140995187,503,1400,5,52.49937845416367,dumbbell,5,0,B,heatgeo_4t,0.4914384735822539,1.9229562518845391
-1.301024471353229,-2.158359460711154,-0.8927780522539105,-0.09351842350865319,0.6375239222904198,-0.0,-0.18754652658872556,5.0,0.0,0.8745620370544782,0.917906919711772,1020,1400,5,52.621398144179125,dumbbell,5,0,B,heatgeo_4t,0.49382628442595844,1.5474562661352558
-1.6600984008794446,-2.221655780728144,-0.7837072120795869,-0.6424322769569348,0.5175176977085318,-0.0,-0.09852621390052682,1.0,0.0,0.8971143469267542,0.92956532569486,208,1400,5,-18.64985342782336,dumbbell,5,0,B,heatgeo_t,0.4934584103079319,2.3989065149453315
-0.6101274184067896,-1.8194441130729533,-0.7805517875039881,-0.8950913856348152,0.5175176977085318,-0.0,-0.08523947438818458,1.0,0.0,0.9114742529438116,0.9337902677610868,362,1400,5,-12.074076382063264,dumbbell,5,0,B,heatgeo_t,0.4934584103079319,2.4810878377666876
-1.1004287065233154,-0.6996259882877958,-0.7837072120795869,-0.7332409022114771,0.5175176977085318,-0.0,-0.09089641563713068,5.0,0.0,0.902222459897245,0.9326481611489196,1088,1400,5,2.2962247736213577,dumbbell,5,0,B,heatgeo_t,0.4934584103079319,1.7104159043347977
-0.8960978314419972,-1.2214680016943227,-0.7837072120795869,-0.6325660198185958,0.5175176977085318,-0.0,-0.08129298499579554,5.0,0.0,0.8998669313503034,0.9297785792495592,915,1400,5,16.512424390223224,dumbbell,5,0,B,heatgeo_t,0.4934584103079319,1.7196945325680735
-0.8027539498983176,-1.4900028917882076,-0.7757746867809754,0.7440338613545844,0.5175176977085318,-0.0,-0.12012440694923843,5.0,0.0,0.8909143551934783,0.9222490767279824,762,1400,5,21.74911536245209,dumbbell,5,0,B,heatgeo_t,0.4914929885156749,1.9851461253729727
-1.482409033808692,-2.4312999098292396,-0.7773677553220135,0.983852364097319,0.5175176977085318,-0.0,-0.17196842203858406,5.0,0.0,0.8808690615195968,0.9207140953474702,333,1400,5,24.40076392053056,dumbbell,5,0,B,heatgeo_t,0.49388900531370417,2.030777626686223
-0.7563675099904031,-1.4737265138765612,-0.7660172662826848,-0.07274800163470489,0.5175176977085318,-0.0,-0.08992909430159689,5.0,0.0,0.8930042393838602,0.9233124334741926,509,1400,5,26.972586419979983,dumbbell,5,0,B,heatgeo_t,0.4914384735822539,1.9229562518845391
-1.2932921430276623,-1.7101972638792804,-0.7807493551056922,-0.5117806723217327,0.5175176977085318,-0.0,-0.09393694817582328,5.0,0.0,0.8927993231826498,0.9275509902722509,1146,1400,5,30.417879015943825,dumbbell,5,0,B,heatgeo_t,0.4934584103079319,1.8796760551035705
-0.9297876422248819,-1.9460306667751612,-0.755936972924986,0.3085579768121512,0.5175176977085318,-0.0,-0.11812950745846051,5.0,0.0,0.8884462864724747,0.9203691431916212,656,1400,5,32.87920687152628,dumbbell,5,0,B,heatgeo_t,0.4914384735822539,1.9229562518845391
-1.6315466838993888,-2.307374309348367,-0.7837072120795869,-0.3396148811098557,0.5175176977085318,-0.0,-0.11363461454697978,5.0,0.0,0.8903444634983755,0.9278444271384976,371,1400,5,34.93024350368683,dumbbell,5,0,B,heatgeo_t,0.4934584103079319,1.9071409178560712
-1.0550879166836513,-1.8287842101929703,-0.7837072120795869,0.3004608306905525,0.5175176977085318,-0.0,-0.07608630840148643,5.0,0.0,0.884516712163807,0.9216567396578328,1399,1400,5,37.50867041004193,dumbbell,5,0,B,heatgeo_t,0.4934584103079319,1.9229562518845391
-1.8627838596307447,-2.0118061515013426,-0.7775293019469193,0.46078331924627486,0.5175176977085318,-0.0,-0.1039314943142121,4.0,0.0,0.879258462546734,0.9251724327653132,1032,1400,5,39.94204071714431,dumbbell,5,0,B,heatgeo_t,0.4934584103079319,1.9229562518845391
-0.42935577414188747,-1.7829616958374663,-0.7642548082114833,0.32882499828154943,0.5175176977085318,-0.0,-0.10991120830697423,5.0,0.0,0.8823977040416779,0.921730216214962,158,1400,5,41.70666760573813,dumbbell,5,0,B,heatgeo_t,0.4941310958698618,1.9229562518845391
-1.254918780154569,-2.0320805305012564,-0.7837072120795869,0.3625551492666579,0.5175176977085318,-0.0,-0.12553256728445397,5.0,0.0,0.8817138168019114,0.9208858943588228,1071,1400,5,43.37483662264934,dumbbell,5,0,B,heatgeo_t,0.4934584103079319,1.9229562518845391
-1.45757545239256,-2.105737716201909,-0.6242850953484005,0.6540397743996809,0.37301159328748523,-0.0,-0.04348327058832353,5.0,3.463365382878835e-08,0.8715771347190859,0.9238775006730938,1219,1400,5,45.23724507872123,dumbbell,5,0,B,heatgeo_t,0.4914929885156749,1.9851461253729727
-2.419020324227713,-3.1733457234347684,-0.5175620321390056,0.6243020663174828,0.15929068146728034,-0.0,-0.1154572725770048,5.0,8.022652792104237e-08,0.868440968977559,0.9254281341172358,388,1400,5,46.655189345072365,dumbbell,5,0,B,heatgeo_t,0.49398323542929146,1.8395028553801263
-1.5683377019018752,-2.387798355879672,-0.7747770672936954,0.11502397691736431,0.5175176977085318,-0.0,-0.09058195035926735,5.0,0.0,0.8842020414859011,0.9233237295994646,1373,1400,5,47.81255722327232,dumbbell,5,0,B,heatgeo_t,0.4914384735822539,1.9229562518845391
-1.4632542365397376,-2.1010519322215613,-0.7609361158085338,-0.2304865271476983,0.5175176977085318,-0.0,-0.04457631157527503,5.0,0.0,0.8874176614085708,0.9259874156585312,580,1400,5,48.94985583734614,dumbbell,5,0,B,heatgeo_t,0.4914384735822539,1.9362550693271354
-1.6883439335358663,-2.2090176308741785,-0.7776432797767826,0.08935294410847075,0.5175176977085318,-0.0,-0.0932517483840436,5.0,0.0,0.8744738625814736,0.9284517298710924,228,1400,5,50.09299982678168,dumbbell,5,0,B,heatgeo_t,0.4934584103079319,1.9229562518845391
0.23387151689876354,-1.40701503657889,-0.7617313884626908,-0.33366460419489047,0.5175176977085318,-0.0,-0.043687191185909434,5.0,0.0,0.893498047093419,0.9242659689682003,421,1400,5,51.01762680425846,dumbbell,5,0,B,heatgeo_t,0.49231538105492356,1.9381976533449305
-1.4802775975408793,-2.195589853361928,-0.7837072120795869,-0.13126403853381569,0.5175176977085318,-0.0,-0.07030918581175777,5.0,0.0,0.8868279732653411,0.9244168703559948,51,1400,5,51.73309924448142,dumbbell,5,0,B,heatgeo_t,0.4934584103079319,1.9229562518845391
-1.4227653062049441,-2.096668591363736,-0.7713009164170178,0.1210241603062018,0.5175176977085318,-0.0,-0.09643417244120853,5.0,0.0,0.8764364500012467,0.9266235446438292,619,1400,5,52.21879784472452,dumbbell,5,0,B,heatgeo_t,0.4914384735822539,1.9229562518845391
-1.327432666406068,-2.10782833388798,-0.7431089727520809,0.279528358982889,0.5175176977085318,-0.0,-0.055365383757381224,5.0,0.0,0.8732657415898657,0.9227597249644782,503,1400,5,52.49937845416367,dumbbell,5,0,B,heatgeo_t,0.4914384735822539,1.9229562518845391
-1.334340815008516,-2.2279461171089796,-0.7837072120795869,-0.114885807521083,0.5175176977085318,-0.0,-0.093341801314971,5.0,0.0,0.8866362480145714,0.9256178555283626,1020,1400,5,52.621398144179125,dumbbell,5,0,B,heatgeo_t,0.4934584103079319,1.9229562518845391
-1.222236020269141,-0.2050203299809084,-2.3804879779016925,-0.6369226192114599,-0.2018882296251028,-1.2755464467269269,0.027726355142914307,4.0,0.2504763780292753,0.2173396493820471,0.5654074221172718,208,1400,5,-18.64985342782336,dumbbell,5,0,B,pca_denoise,-0.3606439969395649,-0.5407713060619228
-0.0035656346786971374,0.6663703202226077,-0.47778654210348276,-0.19389372415872344,-0.3131723039376767,-1.0093454491491336,-3.3877314199555446,4.0,0.268578854631084,0.2719079862074063,0.5852189590384144,362,1400,5,-12.074076382063264,dumbbell,5,0,B,pca_denoise,-0.38605503458949536,0.20361686246523775
-0.39212711969691505,0.42851552978760626,-2.7805502201816474,0.04079755735026953,0.23096799803470516,-1.1424459479380302,-2.157424014959879,6.0,0.2481350992409107,0.2399134874048597,0.5920473004174011,1088,1400,5,2.2962247736213577,dumbbell,5,0,B,pca_denoise,-0.25702816784633276,-0.3493458549479087
1.5636594817747775,1.422141786134736,1.0612031350603484,1.7152043260121663,0.08622286900974745,0.7209610351065241,1.9867775220040926,5.0,0.2558867894393528,0.2367336520333949,0.5755553506027866,915,1400,5,16.512424390223224,dumbbell,5,0,B,pca_denoise,-0.15869792338713817,-0.0564662193888794
-0.03237912829957201,0.6689779649903371,0.5573200130983017,2.507783503010605,0.19160089594486565,0.7209610351065241,4.489572636226512,2.0,0.2474119992142945,0.2300984444099466,0.5586723463734051,762,1400,5,21.74911536245209,dumbbell,5,0,B,pca_denoise,0.13091201919984852,0.11272607076725372
1.1070250512021163,1.512316882671961,1.0815327541830422,2.8181091206024953,0.4564797766931222,0.7209610351065241,4.1295682069201884,4.0,0.2472730244661025,0.2245746629769257,0.5784469644089142,333,1400,5,24.40076392053056,dumbbell,5,0,B,pca_denoise,-0.005691200483749992,0.03269783117187107
0.5338218790428905,1.118320546618869,-0.4361557669664123,2.0458876535977164,0.09123737308730959,0.7209610351065241,0.405256998080313,5.0,0.2664374331405583,0.2435804668746617,0.5722766116473795,509,1400,5,26.972586419979983,dumbbell,5,0,B,pca_denoise,-0.1687665104369035,-0.26599321974862306
0.8661482550462553,1.2995481155053905,-1.1152120726378074,1.706976077707261,0.5486443462726343,0.7209610351065241,4.921156902925796,5.0,0.235403697654096,0.2390121127098523,0.5802655139962278,1146,1400,5,30.417879015943825,dumbbell,5,0,B,pca_denoise,-0.013641834379172102,-0.8167144267574369
1.282708987230596,1.5030709394191721,0.4588993647723578,2.6901983850378066,-0.24462253021252872,0.7209610351065241,3.0677885585377114,5.0,0.2847688229105491,0.2344132730238859,0.5472924444967435,656,1400,5,32.87920687152628,dumbbell,5,0,B,pca_denoise,-0.2736778709536796,-0.25945372415077605
0.9334139296485097,1.3224477881846812,-1.3610071202308338,1.9997976932045618,0.3540052432634044,0.7209610351065241,-5.658908034372046,4.0,0.2522778622298982,0.2166197195531112,0.5872423622304039,371,1400,5,34.93024350368683,dumbbell,5,0,B,pca_denoise,-0.18785256299904796,-0.31467457920848024
1.0318292943551646,1.3312428379470842,0.17684418206702887,2.2646540340819747,0.6054870633902721,0.7209610351065241,1.8155709377657123,5.0,0.2413383647268079,0.2220613129831561,0.5769397121690143,1399,1400,5,37.50867041004193,dumbbell,5,0,B,pca_denoise,-0.0565685421692016,-0.3461880058415263
1.001546151442507,1.2059632497805253,-0.1685181738011989,2.2405335631218124,0.4482244614823263,0.7209610351065241,3.8641360744046995,4.0,0.2329887765050955,0.2227036639553347,0.563537597153091,1032,1400,5,39.94204071714431,dumbbell,5,0,B,pca_denoise,0.1467118054470633,-0.05313553266718242
0.8353847636580333,1.2943403109978295,0.7086097116642023,2.3101409883023742,-0.01680418215467449,0.7209610351065241,1.3681689779686785,4.0,0.2658837534565268,0.219260056580808,0.5528051766400176,158,1400,5,41.70666760573813,dumbbell,5,0,B,pca_denoise,-0.13813336024253875,0.10972329413505136
1.1406186781483945,1.6171871696197717,0.5374908488668961,2.6659713016731006,0.9210054327787462,0.7209610351065241,2.825783006776793,5.0,0.20578195902417,0.2180414054347021,0.5688534176169183,1071,1400,5,43.37483662264934,dumbbell,5,0,B,pca_denoise,0.2354526534488388,-0.3360675626459195
0.4752402135573338,1.0705824882375439,-0.33791825839081013,3.297044834512355,0.7587641934777168,0.7209610351065241,3.4594457677227606,2.0,0.2347219421510196,0.2044809737287876,0.5764925165597222,1219,1400,5,45.23724507872123,dumbbell,5,0,B,pca_denoise,-0.15103101330354857,-0.16079119193934654
0.6857409284854327,0.8659917551395792,-0.7279707023870764,3.0945681867595223,1.251410184163144,0.7209610351065241,2.059485663013993,5.0,0.1997077842588035,0.1950087319609386,0.5804435788068851,388,1400,5,46.655189345072365,dumbbell,5,0,B,pca_denoise,0.026683669655185427,-0.6409279049785335
0.5419070189565544,1.129109949242378,0.6589227622748027,2.6302460745609895,0.6574442257007347,0.7209610351065241,5.15493141945469,2.0,0.2148390306996192,0.2140185591772228,0.5698709964867794,1373,1400,5,47.81255722327232,dumbbell,5,0,B,pca_denoise,-0.0661162510443577,0.17512825796329326
0.8988267200354884,1.1130253995296804,-0.1527638125413113,2.0453450092360352,0.3211103697845737,0.7209610351065241,3.6976077237888827,5.0,0.2519304264330341,0.2323007318556258,0.5727847385633335,580,1400,5,48.94985583734614,dumbbell,5,0,B,pca_denoise,0.1254516142096117,-0.3246925237817277
1.270259074015575,1.218015686696753,1.1366604357973238,2.8132689350066995,1.0711032374777776,0.7209610351065241,1.4517004795295683,3.0,0.2110544323088088,0.1801845153074162,0.591672965502186,228,1400,5,50.09299982678168,dumbbell,5,0,B,pca_denoise,-0.0647296314594128,0.22860651875227087
1.1927860196258127,1.6354558741741096,0.2970780553194268,2.3866044989597786,0.38570541456163066,0.7209610351065241,3.928698690682791,4.0,0.2556013571049865,0.2329356679586318,0.582931396310655,421,1400,5,51.01762680425846,dumbbell,5,0,B,pca_denoise,-0.0009342348278956192,0.10166277268751756
1.0183785092299533,1.609122724864888,0.09335083472844954,2.1662939708378586,0.4455455617392554,0.5878605363176274,1.532267731339954,4.0,0.2328753486870959,0.234207973719432,0.5760919666016495,51,1400,5,51.73309924448142,dumbbell,5,0,B,pca_denoise,0.021416257943235983,0.09930318074986597
1.3840911826685833,1.034201337271206,0.4072701367915047,2.649802307849625,1.1856341007043316,0.7209610351065241,-1.5028927400514174,3.0,0.203725938606197,0.2071798987878719,0.5842225655504757,619,1400,5,52.21879784472452,dumbbell,5,0,B,pca_denoise,0.11159335440352358,0.3088747554448255
1.852080524941152,1.7508256393281256,0.6432805205081937,3.262244725722019,0.823348136661959,0.7209610351065241,4.2480796278167245,5.0,0.2334102399258236,0.2205396170444001,0.5879795127155347,503,1400,5,52.49937845416367,dumbbell,5,0,B,pca_denoise,-0.004603545062529635,-0.266918769601497
0.31643031802647437,1.215625838714102,0.015237420008858929,2.103931384849953,0.04236218373596175,0.7209610351065241,3.2084687796594062,5.0,0.2480636501555996,0.2124873821151683,0.551726588169145,1020,1400,5,52.621398144179125,dumbbell,5,0,B,pca_denoise,-0.25997293889216716,-0.3157550640445357
-1.724864739897923,-1.1342633391572032,-1.441022439647286,-0.8676275525430073,-0.6220459430421742,-1.4086469455158237,-2.6991204845391814,4.0,0.2610658860315241,0.2009363062702789,0.5380325526347904,208,1400,5,-18.64985342782336,dumbbell,5,0,B,plain,-0.4147092143568982,-0.4281984560861022
0.027407996496864998,0.02782127349408111,-0.9772154359013117,-0.8953306334026949,-0.6472747396980697,-1.1424459479380302,-3.065950404625112,4.0,0.2828562186027988,0.2580303430102558,0.5711963781271291,362,1400,5,-12.074076382063264,dumbbell,5,0,B,plain,-0.4196081743297225,-0.31276879881717895
-0.22980314799809645,-0.5563087955640164,-2.1207813163897837,-0.7004001288091661,0.0019771509818759824,-1.0093454491491336,-1.285994757724663,4.0,0.2551518300632468,0.2395662068847234,0.5779158574160511,1088,1400,5,2.2962247736213577,dumbbell,5,0,B,plain,-0.2923009909761874,-0.4779593576621923
0.2473479391827749,0.47907118571123253,0.7758135767769486,-0.11266924856845786,-0.312741903723935,0.45476003752873057,0.9567426932895301,5.0,0.2725776967499411,0.2394442377437087,0.5752397390371882,915,1400,5,16.512424390223224,dumbbell,5,0,B,plain,-0.2985774891343289,-0.18556907656349883
-0.24044168112454814,0.7693625505647637,-0.7999125352532919,1.184012502624243,0.08083518061987353,0.7209610351065241,4.729996308403832,1.0,0.2604949296190347,0.2373615407004156,0.579124545166728,762,1400,5,21.74911536245209,dumbbell,5,0,B,plain,-0.3399449997660795,-0.48597856301945214
0.7664358175480177,1.2994034567917456,0.45750312352153283,1.6235031406591607,0.5434214738376257,0.7209610351065241,2.01521136451036,4.0,0.2572122096979772,0.2283154382594948,0.6100026147364526,333,1400,5,24.40076392053056,dumbbell,5,0,B,plain,-0.08117814948796237,0.05750773266055845
0.23293784759299244,0.9869685193366117,-0.7585541627796281,0.814539724543871,0.1273320672028272,0.7209610351065241,2.2298548290505993,3.0,0.2756756725348442,0.2697396089348,0.6113037317176712,509,1400,5,26.972586419979983,dumbbell,5,0,B,plain,-0.36412058135438063,0.01678910850605131
0.8995392544713019,1.268495132506218,-0.4184649788672162,0.458226061418176,0.4253534723465515,0.5878605363176274,-0.04253804521280782,2.0,0.2509162560808293,0.2433446709536348,0.6104960756364305,1146,1400,5,30.417879015943825,dumbbell,5,0,B,plain,-0.09935126472671346,0.11465534809798746
0.9844103545988996,1.4929001159805075,1.2028416914227171,1.2191233351600852,-0.12601652845427738,0.7209610351065241,4.699182300783124,2.0,0.2893541248539727,0.2548279440847117,0.5882562799535666,656,1400,5,32.87920687152628,dumbbell,5,0,B,plain,-0.3330906229855975,0.2770555574740811
0.7701970480273935,1.1372445823018331,-0.11787678397479613,0.3356650071335562,0.0999598091650021,0.7209610351065241,-3.0472289830774484,2.0,0.2688949340832566,0.228113454979563,0.5986960651217007,371,1400,5,34.93024350368683,dumbbell,5,0,B,plain,-0.18269070948557858,0.10917102841479762
0.4040134618580983,1.021864782741579,0.6512167955542671,1.0582643662927143,0.6676363418733683,0.7209610351065241,0.4442752641640244,5.0,0.2498253742676114,0.2422465412700488,0.6100876937039821,1399,1400,5,37.50867041004193,dumbbell,5,0,B,plain,-0.0689374186034889,0.10624073466263602
0.8266135452771494,1.0864809894706045,0.4458185945931755,1.1549496939990656,0.532980852779677,0.7209610351065241,4.360973605108797,4.0,0.2409457610837571,0.2296271840013722,0.5972955436078549,1032,1400,5,39.94204071714431,dumbbell,5,0,B,plain,-0.05221251244803948,0.07469577185360719
1.093835857081589,1.3936044928393811,1.029133233611815,1.2842145656300192,0.22650003391110074,0.7209610351065241,1.5034865760175469,3.0,0.2731214107015152,0.237083226929898,0.6057055280128425,158,1400,5,41.70666760573813,dumbbell,5,0,B,plain,-0.10797077685449558,0.27284590754157484
0.6604602954577852,1.2308814345253218,0.003076711631026395,1.2672730841237891,0.9552572624870127,0.5878605363176274,2.184153799158259,5.0,0.2189880426281872,0.2347940557050537,0.6129867493146841,1071,1400,5,43.37483662264934,dumbbell,5,0,B,plain,0.02805603453291039,-0.002940299507800867
0.39882718418706525,0.9756558574281653,-0.7134536347433663,1.7268342598829929,0.871109750857118,0.7209610351065241,1.1415607273333974,6.0,0.2391755317803493,0.2195179113422677,0.6201240275883113,1219,1400,5,45.23724507872123,dumbbell,5,0,B,plain,-0.0024662805396334364,-0.6038628488995877
0.3311328434547048,0.7548019654396804,-0.6636975528535022,1.4634346576947512,0.9471607854503358,0.5878605363176274,3.825802348553614,5.0,0.2138010363481937,0.2030323660801004,0.5937909347783192,388,1400,5,46.655189345072365,dumbbell,5,0,B,plain,0.0026064882085654606,-0.1187214358868094
0.5231429016435062,1.0185878132176112,0.4164201980370834,1.4000131312754687,0.7853251812713827,0.7209610351065241,2.5356072220644297,2.0,0.2263513217139666,0.2387789105282027,0.6176773031678355,1373,1400,5,47.81255722327232,dumbbell,5,0,B,plain,-0.09984812651988495,0.2200271544869305
0.6898134836000412,1.0842724752944666,-0.3218777242363683,0.8164490574605994,0.3987557638997275,0.5878605363176274,-0.3720341988869146,5.0,0.2573618896579008,0.2387522882684842,0.5965508193073764,580,1400,5,48.94985583734614,dumbbell,5,0,B,plain,0.01783765636486534,-0.1075875825004439
0.984945450829787,1.0480855508276004,0.3748501979419206,1.226739868694772,1.036338172593996,0.7209610351065241,-2.5375253859316587,3.0,0.2216386853336132,0.2029796108606955,0.6137275766338054,228,1400,5,50.09299982678168,dumbbell,5,0,B,plain,-0.06716419947898783,0.1526569341129277
1.7448048472312794,1.661919967419676,-0.7788537407403181,0.8079261237534062,0.45053103088176355,0.5878605363176274,1.5424234665645453,5.0,0.267385453631799,0.2714419241960614,0.6484972732288697,421,1400,5,51.01762680425846,dumbbell,5,0,B,plain,0.06735152490782326,0.3515571561386598
0.46901083536132077,1.1940710201461855,-0.10721426911868422,0.5701033448927821,0.3640957371633489,0.32165953873983383,1.9395185820165863,1.0,0.248050081373012,0.2560523671947824,0.6102100728031721,51,1400,5,51.73309924448142,dumbbell,5,0,B,plain,-0.11831418108991876,0.0854630153862874
0.7999973906920147,0.9908775709776294,-0.6030281258508958,1.2063540736395144,1.2604460267456858,0.5878605363176274,4.185943684433209,3.0,0.2176305427241811,0.2300175632392396,0.6288405518689538,619,1400,5,52.21879784472452,dumbbell,5,0,B,plain,0.060260762241007404,-0.02303027927245053
1.181331332144525,1.6080513096517492,0.11080283603997032,1.807927391974258,0.8916442816897234,0.7209610351065241,4.449540114203113,4.0,0.2413867948576854,0.219789258956106,0.6334379542774785,503,1400,5,52.49937845416367,dumbbell,5,0,B,plain,0.008899211328042056,0.0056350911981121205
0.6175511107194567,1.2936182530438378,-0.0015915485544224846,0.7425683976779364,0.1428777130182123,0.7209610351065241,1.4950922421376016,1.0,0.2541420999422309,0.2394986774145727,0.5920278008608696,1020,1400,5,52.621398144179125,dumbbell,5,0,B,plain,-0.1595401234181324,0.14920495131493094
-849.3009865857988,-1004.963463319996,-0.044176412389060185,7.909467363084801,-0.9127979181203436,1.0866951663049038,-1.0219424666306656,6.0,0.1720137647978676,0.1887414407354657,0.3215214338169512,208,1400,5,-18.64985342782336,dumbbell,5,0,C05,diffdist_t4,-0.4681756336298476,-1.5583410868146845
-783.0189987831993,-736.0161030242721,-0.31781257456795203,10.988017329193097,0.9332196639937342,0.7031556958443496,-3.0263492740421154,6.0,0.128966618373588,0.2195209625624077,0.3803704716473367,362,1400,5,-12.074076382063264,dumbbell,5,0,C05,diffdist_t4,-0.04318960981615033,-1.066390648261486
-413.1214607671379,-606.2409485386185,0.1867804607997515,8.762719306821854,2.1502587977355354,0.8310021859978677,-2.8130853899328248,6.0,0.1046410435281643,0.2564717374038828,0.4209203876527048,1088,1400,5,2.2962247736213577,dumbbell,5,0,C05,diffdist_t4,-0.24783680239272793,-1.2617106149735615
-464.82695782447627,-651.290488225684,-0.0159558377610899,10.371596678373251,0.6564529761661839,0.9588486761513858,-2.136534315530704,6.0,0.1302849808635031,0.2294057770836238,0.3835177999717983,915,1400,5,16.512424390223224,dumbbell,5,0,C05,diffdist_t4,-0.22647726399718698,-0.9964005804338928
-509.0451717817851,-644.9616994215821,0.6333794202340287,25.411159472288233,-1.2393877499160504,1.0866951663049038,2.129032018816218,6.0,0.1621012106020569,0.2038904821281792,0.3499893433676132,762,1400,5,21.74911536245209,dumbbell,5,0,C05,diffdist_t4,-0.4442962912549133,-1.8692319904854495
-507.2667014643094,-614.0913920649734,0.21604636287704918,33.62200290619532,-0.8436727042303627,1.0866951663049038,4.245518334236784,6.0,0.1668610361441274,0.1819659364043623,0.3455418597301203,333,1400,5,24.40076392053056,dumbbell,5,0,C05,diffdist_t4,-0.472601811004338,-1.6861392421937647
-536.6013470477166,-661.3691139192392,0.8567175730613689,28.41696397983418,-0.37731245766387905,1.0866951663049038,4.885343618588085,6.0,0.1465316984808396,0.2061976526996844,0.3636407577347266,509,1400,5,26.972586419979983,dumbbell,5,0,C05,diffdist_t4,-0.4307188991963752,-1.3103135012715035
-434.4931260266934,-681.2264422978751,0.013140140688224068,10.624286426417488,0.6144696780160354,1.0866951663049038,0.46350661461225606,6.0,0.1368988052357073,0.2164831074888808,0.3742189697507969,1146,1400,5,30.417879015943825,dumbbell,5,0,C05,diffdist_t4,-0.2864042750107935,-1.043419925544282
-650.2784390182348,-878.8371328776014,0.5585437765901621,32.43089590068737,-0.6852631456491418,1.0866951663049038,3.8163637005748803,6.0,0.1564078900296353,0.1978125581916409,0.3567062828043053,656,1400,5,32.87920687152628,dumbbell,5,0,C05,diffdist_t4,-0.4381274491198226,-1.3259485023238584
-502.49242910303883,-727.8961763974387,0.43944432457815014,18.042501481105127,-0.8922615481675181,1.0866951663049038,-0.7965871218672796,6.0,0.1606633554857904,0.1781593612521312,0.3396643613064664,371,1400,5,34.93024350368683,dumbbell,5,0,C05,diffdist_t4,-0.4684525178994359,-1.3408028028271604
-436.2671977199636,-702.2092703086215,0.4197817272336711,26.127725385939687,-1.380940674829902,1.0866951663049038,3.0952078597322816,6.0,0.1682054054767037,0.1977484956267583,0.3409871019214678,1399,1400,5,37.50867041004193,dumbbell,5,0,C05,diffdist_t4,-0.47861948730019255,-2.058810185409257
-353.54473660819815,-482.40419820329413,0.33294000830430637,15.899058105952099,-0.467837720616851,1.0866951663049038,-1.574118305708514,6.0,0.1575332654066291,0.1965213025777416,0.3488164910765548,1032,1400,5,39.94204071714431,dumbbell,5,0,C05,diffdist_t4,-0.46501064583570295,-1.1791601073792006
-554.2409059402243,-668.8442713459843,0.7378894376979406,26.286280327719684,-1.5447474005708164,1.0866951663049038,3.485522594214381,6.0,0.1750547508916609,0.1866657676783908,0.3312215674724494,158,1400,5,41.70666760573813,dumbbell,5,0,C05,diffdist_t4,-0.48219299599665216,-2.1475550421939413
-334.85158019712634,-534.9307445933464,0.4312991274062811,20.37469424903788,-1.0514288941672367,1.0866951663049038,-2.7960809289219495,6.0,0.1640355358563422,0.2030944696410012,0.3569207782510775,1071,1400,5,43.37483662264934,dumbbell,5,0,C05,diffdist_t4,-0.45994521680819234,-1.8394240139486602
-593.3512138999074,-623.128377796787,0.28536927544977936,26.60124613913334,-0.6534415892645108,1.0866951663049038,2.795728938776433,6.0,0.1574453736213425,0.1807294680005059,0.3626882190625448,1219,1400,5,45.23724507872123,dumbbell,5,0,C05,diffdist_t4,-0.44019930873618407,-1.3517123827133586
-501.2523103057404,-571.4384173822403,0.35348825544870555,22.20930086853454,-1.467651630805923,1.0866951663049038,-0.5287086201673781,6.0,0.1657870165893924,0.178974880439949,0.3246726818589469,388,1400,5,46.655189345072365,dumbbell,5,0,C05,diffdist_t4,-0.4630866648296906,-2.026982181440215
-430.596435847978,-609.9465098356154,0.21023437113483268,18.08108675540962,-0.8693801184596327,0.9588486761513858,0.7861055087906431,6.0,0.1571370233401527,0.1936135384458308,0.3625858869796716,1373,1400,5,47.81255722327232,dumbbell,5,0,C05,diffdist_t4,-0.470357250207046,-1.3745586517228796
-585.4353107163961,-684.3589027309209,0.22550168500421805,13.181739723289915,0.9266510699949635,1.0866951663049038,-2.921294746380644,6.0,0.1301861445428905,0.1941835211948817,0.387458835320044,580,1400,5,48.94985583734614,dumbbell,5,0,C05,diffdist_t4,-0.14133010897338744,-1.0322433139986356
-565.3057461936746,-597.1309650506224,0.45585998032523534,11.562545541378924,0.3530655582687307,0.9588486761513858,-2.5634477194544734,6.0,0.1478701754087944,0.203853765979272,0.3898355902771213,228,1400,5,50.09299982678168,dumbbell,5,0,C05,diffdist_t4,-0.3238506820607965,-1.0901797889455611
-439.1929581919289,-660.424979009899,0.4874600468417151,18.022366016358472,-0.2011108888055568,1.0866951663049038,-0.8943036362457288,6.0,0.1445438512760797,0.2233067207880102,0.3609687512206162,421,1400,5,51.01762680425846,dumbbell,5,0,C05,diffdist_t4,-0.45978088565764136,-1.088281365765709
-532.0464947611864,-620.5454628404417,0.24443364325003247,25.613370329103862,-0.6265495117347071,1.0866951663049038,1.3691544733314043,6.0,0.1558373610375923,0.2006280197599924,0.3604498821471267,51,1400,5,51.73309924448142,dumbbell,5,0,C05,diffdist_t4,-0.4452762302032437,-1.3385639590862384
-338.85934206816296,-564.5850649237652,0.36457604751973577,10.56767324922407,-0.5266407006461306,1.0866951663049038,-3.593683584012729,6.0,0.1504686743117438,0.2179500357376645,0.3505045727856117,619,1400,5,52.21879784472452,dumbbell,5,0,C05,diffdist_t4,-0.44877039037336663,-1.2151391306885033
-430.4287986754235,-604.1253708774233,0.15894457845873206,22.899275961984387,-1.0382310390546814,1.0866951663049038,2.66220868747569,6.0,0.1624676944555603,0.1903554941334519,0.3426531131885016,503,1400,5,52.49937845416367,dumbbell,5,0,C05,diffdist_t4,-0.4452762302032437,-1.9941487631501362
-388.1334550290442,-552.7185060973086,-0.05686131844284953,16.77950412997796,-0.6332681189633385,1.0866951663049038,-0.1436623273702585,6.0,0.1478366131357781,0.2170680905228221,0.3438613171047516,1020,1400,5,52.621398144179125,dumbbell,5,0,C05,diffdist_t4,-0.4508279657794022,-1.254056751488156
-14211.56509226457,-6364.339523827964,-1.2851540231975098,60.969559190548225,-1.4848143125755928,0.9006629249953877,-1.037958848154774,6.0,0.079495700372305,0.0350651452068679,0.1989996054753449,208,1400,5,-18.64985342782336,dumbbell,5,0,C05,diffdist_t8,-0.4861260032216934,-2.4606182761072297
-15851.231086985103,-5634.842234808888,-1.3212807431860283,59.224339910842005,-1.5301878077388602,0.9006629249953877,-0.8535408814550798,6.0,0.0891184915683078,0.0486306027044289,0.2047344431516577,362,1400,5,-12.074076382063264,dumbbell,5,0,C05,diffdist_t8,-0.4884596785921968,-2.430815295639987
-13505.483858288277,-4651.821486138602,-1.3103559369106001,63.125739710560154,-1.2174001445535487,0.9006629249953877,-0.49218491689244775,6.0,0.0859130160225541,0.0491795124341423,0.2205622571458136,1088,1400,5,2.2962247736213577,dumbbell,5,0,C05,diffdist_t8,-0.48212774487169807,-2.304501797999178
-33367.69378293295,-14219.752909345614,-1.2304189174638498,51.99941675952334,-2.038298034123857,0.9006629249953877,-0.34257620829813623,6.0,0.083687851561603,0.0416103191989381,0.1435267814072336,915,1400,5,16.512424390223224,dumbbell,5,0,C05,diffdist_t8,-0.49072692339637497,-2.491263882445279
-30442.298143840282,-14252.36987870315,-1.2279427461430747,53.22664204725908,-2.6263140444330135,0.9006629249953877,-0.5613571881315343,6.0,0.0886627746555543,0.0367366166399601,0.1302228073521739,762,1400,5,21.74911536245209,dumbbell,5,0,C05,diffdist_t8,-0.492973238155348,-2.69206674233155
-5779.617884949836,-4784.332140465561,-0.943408442020186,86.1268004459985,-1.2120153241031986,0.608556030402289,-0.23545245981994672,6.0,0.0855742282797213,0.0410167799579881,0.2240813436515332,333,1400,5,24.40076392053056,dumbbell,5,0,C05,diffdist_t8,-0.48347804213141166,-2.3343047784664197
-21843.75932663804,-8932.786197004865,-0.8090240630417274,76.23733881025888,-1.593996189293035,0.46250258310573966,-0.6421340693522176,6.0,0.0803533254686885,0.040156703926199,0.1723348987399523,509,1400,5,26.972586419979983,dumbbell,5,0,C05,diffdist_t8,-0.48922393225534166,-2.498522001518248
-29129.275511714284,-14294.491600874057,-1.2738743572081883,51.8029395897649,-2.0513713104973896,0.9006629249953877,-0.5934510972072498,6.0,0.0817757240479494,0.0399463201100725,0.1442264800552327,1146,1400,5,30.417879015943825,dumbbell,5,0,C05,diffdist_t8,-0.49072692339637497,-2.491263882445279
-11061.46646699933,-6101.215887224695,-0.9229467377224793,78.62022837664996,-1.5007405380023824,0.9006629249953877,-0.4309716531355866,6.0,0.0831980355147068,0.0374933044887183,0.1866297906782746,656,1400,5,32.87920687152628,dumbbell,5,0,C05,diffdist_t8,-0.48717816493166854,-2.498522001518248
-37662.709400967266,-19859.967952327606,-1.0682463514759428,45.9680641701799,-2.4685246855576968,0.9006629249953877,-0.718799843489377,6.0,0.0798525623604186,0.0367527344678319,0.106370770409234,371,1400,5,34.93024350368683,dumbbell,5,0,C05,diffdist_t8,-0.492973238155348,-2.6009781163731334
-39859.89887424227,-15120.550583087675,-1.1263208223198997,56.72854014665607,-2.3405065753791434,0.9006629249953877,-0.5713402212319405,6.0,0.0829133879359166,0.0352431291643784,0.1277767826583428,1399,1400,5,37.50867041004193,dumbbell,5,0,C05,diffdist_t8,-0.49242867894945047,-2.560879481530525
-25851.233198381877,-12753.747983590061,-1.3989627099134871,46.94050277238082,-2.5354925873006815,0.9006629249953877,-0.7148664953352298,6.0,0.0899474106892476,0.0365475443497211,0.1346238835010907,1032,1400,5,39.94204071714431,dumbbell,5,0,C05,diffdist_t8,-0.492973238155348,-2.5711751359058916
-31416.014191208036,-14259.767297817943,-1.4077415708683845,54.944510118992305,-2.496177982245432,0.9006629249953877,-1.0304129964282602,6.0,0.0848914719600995,0.0369871420173775,0.1230391797055008,158,1400,5,41.70666760573813,dumbbell,5,0,C05,diffdist_t8,-0.492973238155348,-2.493172775652264
-44354.27682174071,-23603.640459318438,-1.1519690166990975,43.677867592958975,-2.6868584588499878,0.9006629249953877,-0.9239284089680052,6.0,0.0837405570877195,0.0392870812715955,0.1025513733462494,1071,1400,5,43.37483662264934,dumbbell,5,0,C05,diffdist_t8,-0.492973238155348,-2.6140643820779217
-26471.37415712958,-16266.240888134538,-1.2584422474886088,49.09442718621628,-2.520200780375226,0.9006629249953877,0.003516885033530464,6.0,0.0835488455028089,0.0402195527435415,0.1113913068501405,1219,1400,5,45.23724507872123,dumbbell,5,0,C05,diffdist_t8,-0.492973238155348,-2.6009781163731334
-58005.201143683036,-31486.32540652678,-1.1978247600637941,44.82758464994689,-2.641042998358809,0.9006629249953877,0.4484596424158724,6.0,0.0753289304972011,0.0304107172570117,0.0953545576410642,388,1400,5,46.655189345072365,dumbbell,5,0,C05,diffdist_t8,-0.492973238155348,-2.69206674233155
-23167.119646674117,-12556.07853316492,-1.3950627072896697,44.82902088875453,-2.7422617623628565,0.9006629249953877,-0.6693105812630168,6.0,0.091166566521279,0.0421624185272507,0.1261279657109763,1373,1400,5,47.81255722327232,dumbbell,5,0,C05,diffdist_t8,-0.492973238155348,-2.6622637618643084
-31700.498346535867,-15954.074528782887,-1.2101724443517172,48.22234303058536,-2.280869302050967,0.9006629249953877,-0.6745247924099762,6.0,0.0900452021247959,0.0443153400853716,0.1392815145530522,580,1400,5,48.94985583734614,dumbbell,5,0,C05,diffdist_t8,-0.49072692339637497,-2.518495887874337
-27635.501278516524,-14521.917147569551,-1.3603733484203588,50.60062140018897,-2.161429381059663,0.9006629249953877,-0.06632471115232089,6.0,0.0882079081984479,0.0443676479462659,0.1464395496897055,228,1400,5,50.09299982678168,dumbbell,5,0,C05,diffdist_t8,-0.49072692339637497,-2.488692907407095
-34699.53007302294,-19794.898250380633,-1.0703326689987949,45.75728460138291,-2.4846317589414237,0.9006629249953877,-0.7298075725451353,6.0,0.0808606731851758,0.0368045966847106,0.1068774398284324,421,1400,5,51.01762680425846,dumbbell,5,0,C05,diffdist_t8,-0.492973238155348,-2.6009781163731334
-30516.52255725697,-16100.523199664847,-1.2873463583655231,47.727635013787264,-2.592024498116991,0.9006629249953877,0.19074184042115327,6.0,0.0875413867202572,0.0395487873236578,0.1180224841982599,51,1400,5,51.73309924448142,dumbbell,5,0,C05,diffdist_t8,-0.492973238155348,-2.69206674233155
-27958.38152995217,-13783.943877545995,-1.2937333306019307,51.74008673707793,-2.0599272563530375,0.9006629249953877,-0.25114848605118795,6.0,0.0800399410081699,0.0379524295354897,0.1436158185062849,619,1400,5,52.21879784472452,dumbbell,5,0,C05,diffdist_t8,-0.49072692339637497,-2.491263882445279
-20610.46832475554,-15074.213573781955,-1.2282615611191692,45.28580871531014,-2.788813186999638,0.9006629249953877,-0.4847638385020226,6.0,0.0917380057007651,0.0400882322536087,0.115373143362426,503,1400,5,52.49937845416367,dumbbell,5,0,C05,diffdist_t8,-0.49037038827324414,-2.7618168268065575
-17925.871229366378,-11956.697820790023,-1.3196837805330464,45.23058863306881,-2.7411225169443036,0.9006629249953877,-0.7482425080418615,6.0,0.0944868131379694,0.0453032106662256,0.1280894667538425,1020,1400,5,52.621398144179125,dumbbell,5,0,C05,diffdist_t8,-0.492973238155348,-2.6622637618643084
-0.007011171173551249,-0.7555866173921084,0.7663289077879514,-1.453003487484908,-3.726843337817565,0.5761990196525003,4.2992155250387185,4.0,0.2694463906812725,0.21224044857193,0.5506988074377093,208,1400,5,-18.64985342782336,dumbbell,5,0,C05,fb_potential,-0.461151333382686,-1.169215038522891
-0.9550920262033575,-3.711645787713434,-1.9223725291104912,-2.049650660968559,-2.0289778472471394,-1.6709771569922507,-0.5104312513448545,4.0,0.2668006822765331,0.2530114891755133,0.6149638906681668,362,1400,5,-12.074076382063264,dumbbell,5,0,C05,fb_potential,-0.4576253998613243,-1.4356093565703243
0.14426008209922137,-0.5339819121091268,-1.0588183490055278,0.2058754829261389,3.085500798666233,0.4033393137567502,0.538231990000676,3.0,0.2425611209411045,0.2469522250922877,0.6494591008867746,1088,1400,5,2.2962247736213577,dumbbell,5,0,C05,fb_potential,0.34826269916993857,0.6660928715758327
-0.9518288332984585,-1.8740095577059013,-0.31949933169919004,-1.385737663465367,-0.890485844832862,-1.3252577452007506,1.1289465627557163,3.0,0.2659047184897374,0.2240290515130589,0.6158238715851606,915,1400,5,16.512424390223224,dumbbell,5,0,C05,fb_potential,-0.38036398971739704,-0.44214931576593064
-0.1633946475885251,-1.2073355295994936,0.7124408328464902,-1.4355738674810152,-3.4608675434604326,0.4033393137567502,1.4297590494819774,4.0,0.2753021109533226,0.2046974877886015,0.5533237242971136,762,1400,5,21.74911536245209,dumbbell,5,0,C05,fb_potential,-0.4770566302362712,-0.9814733407970891
1.5144433664910033,-0.2122542127651548,0.5642530320529007,0.3577495568640867,-0.877096263053257,0.5761990196525003,3.568412186333595,4.0,0.2721202331736975,0.2268370932738234,0.6079147991153757,333,1400,5,24.40076392053056,dumbbell,5,0,C05,fb_potential,-0.3125572908775659,-0.1369342974303238
-1.6106542803669377,-3.802620386600672,0.3490185325429706,-1.647299305286941,-4.844138540073193,0.5761990196525003,1.6061838505443187,5.0,0.2840792822097966,0.2115832395948321,0.5652130657882035,509,1400,5,26.972586419979983,dumbbell,5,0,C05,fb_potential,-0.4937975188593383,-1.4920607225080769
-2.166739043237231,-4.097314173574046,-0.3820193802042954,-1.2175938318560016,1.3792527736819227,-1.3252577452007506,0.340841514994387,5.0,0.2392001909605927,0.2205695153356142,0.6060654914002729,1146,1400,5,30.417879015943825,dumbbell,5,0,C05,fb_potential,0.13735778526387687,-0.10382509815800475
0.9940947728608789,-1.407533685896126,-0.6226647636156561,-0.1435650873810146,-0.2352683009975284,0.5761990196525003,1.6073291784091928,5.0,0.2577033344856919,0.2350285617096259,0.6085592841316645,656,1400,5,32.87920687152628,dumbbell,5,0,C05,fb_potential,-0.3472707500771717,-0.18383138957681422
-1.5739021118749617,-3.0320987069319774,1.002978329242125,-0.75301142947028,-2.0076237341102137,0.057619901965250055,-2.0401131789367204,5.0,0.2730521294730117,0.2233783685294289,0.5821229507355429,371,1400,5,34.93024350368683,dumbbell,5,0,C05,fb_potential,-0.41935772542990746,-1.099079325378844
-0.5131210563216507,-5.117428740659827,0.008652479738493537,-1.5745233995281414,-3.498950768172951,0.5761990196525003,-0.6193434940821614,5.0,0.2660165198056467,0.2017196493459405,0.549180201851913,1399,1400,5,37.50867041004193,dumbbell,5,0,C05,fb_potential,-0.4717225283225008,-1.3513415150734744
0.34900178758018346,-0.9276566146603136,0.5020294046212433,-1.7528302193617726,-3.4464486853372462,0.4033393137567502,0.5500270365374136,4.0,0.2863954140708613,0.2408913036138957,0.5981141208246774,1032,1400,5,39.94204071714431,dumbbell,5,0,C05,fb_potential,-0.4294405217002708,-1.0029299064579071
-1.2804201158075097,-2.1446811185321732,0.227338458900049,-0.9039242152306031,-1.2601308918743135,0.5761990196525003,2.9971123279811303,4.0,0.2528432943914446,0.185734918927609,0.5450032207417895,158,1400,5,41.70666760573813,dumbbell,5,0,C05,fb_potential,-0.4278110833484219,-0.5672605576919463
1.0723624469178423,-3.4003132179673723,1.1381135754233054,-1.2731121893928379,-2.1909472896807887,0.4033393137567502,0.856289734580411,2.0,0.2778964479483077,0.2150730577631306,0.5717085182972671,1071,1400,5,43.37483662264934,dumbbell,5,0,C05,fb_potential,-0.4566565256701371,-0.384363480517051
1.1090220268860969,-1.9591038816654058,-0.15687184801510345,0.8835193730675089,3.3704800007991857,0.5761990196525003,2.302498661830728,5.0,0.2534944699321562,0.2239547794921622,0.6342654486342982,1219,1400,5,45.23724507872123,dumbbell,5,0,C05,fb_potential,0.2915776288194859,0.2200563989480229
-0.3477886891428368,-2.5728053031482845,0.6831052764078089,-1.736685724832634,-3.4138354576122416,0.5761990196525003,-0.4862941330659816,2.0,0.2554566532476133,0.2043428052229804,0.5482886958976906,388,1400,5,46.655189345072365,dumbbell,5,0,C05,fb_potential,-0.4632098869631501,-1.0539977432644139
-1.0871052874377904,-2.4218531716103304,0.8203434509023805,-1.6807521726258492,-2.925594403576269,0.4033393137567502,-0.7508146896178599,2.0,0.2747303560120199,0.2262067997036473,0.5728596310339683,1373,1400,5,47.81255722327232,dumbbell,5,0,C05,fb_potential,-0.4469439549564106,-0.9368100096828361
-1.7676991239775206,-2.5166052058096957,0.6753049493908614,-1.1916798407440279,-0.6035604564258006,0.23047960786100014,1.4324775008154103,5.0,0.2473210934721142,0.2024033593811686,0.5701629455109499,580,1400,5,48.94985583734614,dumbbell,5,0,C05,fb_potential,-0.4152224164876158,-0.3647970039600953
0.31120017035309483,-4.092613769256787,0.1763244707604419,-1.364291795714047,-0.7933068761665858,-0.2880995098262501,1.9564329965042373,5.0,0.2758682728907822,0.2301138498405676,0.5995275163464698,228,1400,5,50.09299982678168,dumbbell,5,0,C05,fb_potential,-0.29138078263270856,-0.06092238690000763
-0.8844328669415976,-4.208796942437013,1.2887813642713428,0.06797062753428151,0.4732873317866289,0.4033393137567502,-0.46572760427547916,5.0,0.2607973256092172,0.2244703847697262,0.5922312830040143,421,1400,5,51.01762680425846,dumbbell,5,0,C05,fb_potential,0.08193201545235829,-0.05396104299029412
-0.8723582492560207,-1.9010712955506945,0.9998499380641236,0.16262974424687382,-0.3133045275357962,0.5761990196525003,1.575296917579186,5.0,0.2621247273077316,0.2227613686496505,0.5881776569820607,51,1400,5,51.73309924448142,dumbbell,5,0,C05,fb_potential,-0.3751490165573825,-0.412017083288781
0.21923638036089488,1.3390975859980336,-0.8207332698768793,-2.023710182611823,-1.246089584898991,0.057619901965250055,0.6153281436544769,3.0,0.2641627490029671,0.2634661825047075,0.6288435393152391,619,1400,5,52.21879784472452,dumbbell,5,0,C05,fb_potential,-0.4125294693205073,-0.9343840623386223
-0.731821610471118,-1.5686507268299157,-1.2225171770814809,0.6698884988306191,5.600395962527364,0.4033393137567502,-0.6625285020950017,3.0,0.2273968351018312,0.2324152120873208,0.64188630699045,503,1400,5,52.49937845416367,dumbbell,5,0,C05,fb_potential,0.4581842264395365,0.8017554164241062
-0.9488751759510216,-2.6046530830930372,0.35367331839972355,-1.8343627516031618,-2.6532946274924147,-0.6338189216177503,1.6716898573393495,5.0,0.2677423401477117,0.2218849173681901,0.5666267893361226,1020,1400,5,52.621398144179125,dumbbell,5,0,C05,fb_potential,-0.4105162337340619,-1.63625949664266
-1.5094683247344007,-2.6214175241266195,-0.9325298476138361,-1.2926923894533695,0.2872179680078335,0.6404849667297133,-0.007351193797086764,6.0,0.0,0.9289699809899672,0.9504066448276454,208,1400,5,-18.64985342782336,dumbbell,5,0,C05,heatgeo_4t,0.4901494258064496,0.788995400577629
-0.03518220618945608,-0.4447152413206735,-0.8364227270238579,-0.7263231826274695,0.2872179680078335,0.6404849667297133,-0.007545014345691661,6.0,0.0,0.9171105528822568,0.940755682017536,362,1400,5,-12.074076382063264,dumbbell,5,0,C05,heatgeo_4t,0.48592300604663097,0.7895980628106027
2.6718280694666627,2.852911705586155,-0.6304873539500369,-0.37903717318489105,0.2872179680078335,0.6404849667297133,-0.007868381618364092,1.0,0.0,0.9066306889599786,0.9374020279078285,1088,1400,5,2.2962247736213577,dumbbell,5,0,C05,heatgeo_4t,0.49150890556767324,2.4352916663274464
2.0425378551192876,1.4890773985893677,-0.7768423250031097,0.049299105555789355,0.2872179680078335,0.6404849667297133,-0.004527807867409243,1.0,0.0,0.8955405789396101,0.935876377989611,915,1400,5,16.512424390223224,dumbbell,5,0,C05,heatgeo_4t,0.49335219596244306,2.4038312380207474
-0.9178396269445348,-0.9634187662157859,-0.9325298476138361,0.924489502295498,0.2872179680078335,0.6404849667297133,-0.01007445021081834,6.0,0.0,0.8921306210219102,0.929412460144631,762,1400,5,21.74911536245209,dumbbell,5,0,C05,heatgeo_4t,0.4902120676309858,0.9933060886546294
1.4178997567748342,1.5839033574260548,-0.9325298476138361,1.1825281347689,0.2872179680078335,0.6404849667297133,-0.010583978457150802,6.0,0.0,0.8925308169991815,0.9279922323463452,333,1400,5,24.40076392053056,dumbbell,5,0,C05,heatgeo_4t,0.4841498269916673,1.1875679154456324
0.14723556241037072,0.550901196809023,-0.9325298476138361,1.5736124514043817,0.2872179680078335,0.6404849667297133,-0.017083627335366912,4.0,0.0,0.8861906310926159,0.9305025987297728,509,1400,5,26.972586419979983,dumbbell,5,0,C05,heatgeo_4t,0.49221387825352503,1.6315874273354511
1.8059179618045047,1.9824610864317167,-0.9325298476138361,-0.1650486160451741,0.2872179680078335,0.6404849667297133,-0.00721520858973224,5.0,0.0,0.9004044096838919,0.934525419913898,1146,1400,5,30.417879015943825,dumbbell,5,0,C05,heatgeo_4t,0.49394560340026783,1.6475230284500753
1.1377633995756105,0.7611598540575701,-0.5903889811870345,1.250750671989857,0.2872179680078335,0.6404849667297133,-0.010990379962558893,5.0,0.0,0.8924039908765469,0.9280254061468164,656,1400,5,32.87920687152628,dumbbell,5,0,C05,heatgeo_4t,0.4890878690180087,1.9419105424829255
-0.8256133064949722,-1.1489419362731306,-0.8657636012306655,-0.17500014958449767,0.2872179680078335,0.6404849667297133,-0.00829864991526706,6.0,0.0,0.9057638173986629,0.9346926405507314,371,1400,5,34.93024350368683,dumbbell,5,0,C05,heatgeo_4t,0.4901494258064496,0.944415032608792
-0.924536261877444,-0.2841630439558397,-0.7842386255495524,0.8670464569924805,0.2872179680078335,0.6404849667297133,-0.014530768712075492,5.0,0.0,0.8952198880546478,0.9303644990454476,1399,1400,5,37.50867041004193,dumbbell,5,0,C05,heatgeo_4t,0.48637102495925955,1.913456692945528
0.33601527780524587,0.20146363111475785,-0.7898819642372383,-0.04935653194209846,0.2872179680078335,0.6404849667297133,-0.006066938397997386,6.0,0.0,0.9032118957934224,0.935668522267894,1032,1400,5,39.94204071714431,dumbbell,5,0,C05,heatgeo_4t,0.48111293836790503,1.338903071382847
0.6051254657293461,-0.29207543778163425,-0.19736463261899154,0.9596741488744108,0.2872179680078335,0.6404849667297133,-0.01036218380874726,5.0,0.0,0.8882391306469155,0.9305229423452038,158,1400,5,41.70666760573813,dumbbell,5,0,C05,heatgeo_4t,0.4950035052461581,1.8530142514506376
0.7829199928787827,0.7670839166565728,-0.9325298476138361,0.6305280198133287,0.2872179680078335,0.6404849667297133,-0.008212729465885507,6.0,0.0,0.8868978536727091,0.9322780581163612,1071,1400,5,43.37483662264934,dumbbell,5,0,C05,heatgeo_4t,0.48189803714208024,1.058031289133632
-1.448229928900659,-0.6693789535785759,-0.7632924299020306,1.0515530944080922,0.2872179680078335,0.6404849667297133,-0.009000555601881472,6.0,0.0,0.8849987154981173,0.9320682103566426,1219,1400,5,45.23724507872123,dumbbell,5,0,C05,heatgeo_4t,0.485946220007169,1.309330441141264
-0.6488218718999678,-1.3453776116037557,-0.9325298476138361,0.23994458108702876,0.2872179680078335,0.6404849667297133,-0.006858316800634448,6.0,0.0,0.9032151443280606,0.931226042039142,388,1400,5,46.655189345072365,dumbbell,5,0,C05,heatgeo_4t,0.4901494258064496,0.9311162151661957
0.9709112254623529,0.2209040755676057,-0.8626653324961345,0.46769823547268047,0.2872179680078335,0.6404849667297133,-0.008196744266000568,3.0,0.0,0.8915391776353669,0.9337826979136096,1373,1400,5,47.81255722327232,dumbbell,5,0,C05,heatgeo_4t,0.4921639464410791,2.03116815049163
-0.39101462544131227,-0.09969048817029319,-0.9325298476138361,0.2656060241744264,0.2872179680078335,0.6404849667297133,-0.004928769964523154,6.0,0.0,0.8934457325519682,0.93344791351658,580,1400,5,48.94985583734614,dumbbell,5,0,C05,heatgeo_4t,0.478925663121062,0.9748805176309953
-0.8443024122601229,-0.3345872234203202,-0.7842386250231106,0.19479240387750335,0.2872179680078335,0.6404849667297133,-0.00883803940305125,6.0,0.0,0.8929918971798485,0.9334331340600276,228,1400,5,50.09299982678168,dumbbell,5,0,C05,heatgeo_4t,0.47862249150323255,1.3078463358939874
0.29987436320128585,0.21357863836011004,-0.5985965107222367,0.18108762881806661,0.2872179680078335,0.6404849667297133,-0.006187382438797107,5.0,0.0,0.8988099536788938,0.932750878286862,421,1400,5,51.01762680425846,dumbbell,5,0,C05,heatgeo_4t,0.48901811222370284,1.8823235549459527
-0.5906376296472017,-0.0189648623152372,0.1069608098109783,0.7772902809968001,0.2872179680078335,0.6404849667297133,-0.004999926305677644,3.0,0.0,0.8913953738008241,0.9307687514640716,51,1400,5,51.73309924448142,dumbbell,5,0,C05,heatgeo_4t,0.48678950346929273,2.4099161663824766
2.188967738861664,2.103430529018468,-0.9325298476138361,-0.3977985176582764,0.2872179680078335,0.6404849667297133,-0.006819463884247441,5.0,0.0,0.9066993832951192,0.937345363403078,619,1400,5,52.21879784472452,dumbbell,5,0,C05,heatgeo_4t,0.49394560340026783,1.6461327018423635
-0.8976610940099936,-0.46366350040991255,-0.9325298476138361,0.5420227260710235,0.2872179680078335,0.6404849667297133,-0.007122849657063698,1.0,0.0,0.8918958750123058,0.9326499979890442,503,1400,5,52.49937845416367,dumbbell,5,0,C05,heatgeo_4t,0.49370641709806173,1.9987471073508902
-1.2846047958067073,-0.5329668798245506,-0.9325298476138361,0.0023605051525897153,0.2872179680078335,0.6404849667297133,-0.009952896086693277,6.0,0.0,0.9019731368580792,0.9340290044423736,1020,1400,5,52.621398144179125,dumbbell,5,0,C05,heatgeo_4t,0.4901494258064496,0.8685432480765888
-1.472165318986174,-2.6236949882490896,-0.4407979793917963,-1.2933450347133228,0.0,0.5524374512398211,-0.0028696779985109134,6.0,0.0,0.9357588263564935,0.9550846817828668,208,1400,5,-18.64985342782336,dumbbell,5,0,C05,heatgeo_t,0.49002763887875966,1.1476230420225935
-0.027341103311113137,-0.4540360620234419,-0.4407979793917963,-0.7234836168703748,0.0,0.5524374512398211,-0.002942949207417146,6.0,0.0,0.9250941935836764,0.946384272370722,362,1400,5,-12.074076382063264,dumbbell,5,0,C05,heatgeo_t,0.4921482393001242,1.1482257042555668
2.7847940828895243,2.964608072939953,-0.4407979793917963,-0.37675978041776725,0.0,0.5524374512398211,-0.003062736532280517,1.0,0.0,0.9156753777233604,0.94335794470544,1088,1400,5,2.2962247736213577,dumbbell,5,0,C05,heatgeo_t,0.49546102296718875,2.4775597819599535
2.0985352570058926,1.5345864045293813,-0.4407979793917963,0.05308997261871471,0.0,0.411389591348803,-0.0017701657969846614,1.0,0.0,0.9057259979194406,0.9419922003150664,915,1400,5,16.512424390223224,dumbbell,5,0,C05,heatgeo_t,0.495194700869347,2.42949306120272
-0.9866094073945889,-1.0360005622042352,-0.4407979793917963,0.9235882239282307,0.0,0.5524374512398211,-0.00393710629189489,6.0,0.0,0.90267329958749,0.936168187560644,762,1400,5,21.74911536245209,dumbbell,5,0,C05,heatgeo_t,0.49009104742086884,1.2986393912432632
1.434948290172884,1.6012850400672887,-0.4407979793917963,1.1736598954475896,0.0,0.5524374512398211,-0.004115843634832822,6.0,0.0,0.9030330272519732,0.9348941342500002,333,1400,5,24.40076392053056,dumbbell,5,0,C05,heatgeo_t,0.4880877505942022,1.455165115772187
0.1140267676673382,0.5327245999024188,-0.4407979793917963,1.5826578833410347,0.0,0.5524374512398211,-0.006708534260281538,4.0,0.0,0.8973516972638819,0.9371511709860249,509,1400,5,26.972586419979983,dumbbell,5,0,C05,heatgeo_t,0.4941602031066421,2.032749236266708
1.8685106027695422,2.046746733605712,-0.4407979793917963,-0.16164324129873883,0.0,0.411389591348803,-0.002814169506915283,5.0,0.0,0.9100885725578098,0.94077237707401,1146,1400,5,30.417879015943825,dumbbell,5,0,C05,heatgeo_t,0.49546102296718875,1.970187290227812
1.1327236095974285,0.7422193486667855,-0.14878619414261673,1.2526562619760995,0.0,0.5524374512398211,-0.004305016574190731,5.0,0.0,0.9029193063765129,0.9349234204018204,656,1400,5,32.87920687152628,dumbbell,5,0,C05,heatgeo_t,0.4950035052461581,2.000583662805079
-0.865811701718863,-1.2114069401032368,-0.4407979793917963,-0.17046212402276126,0.0,0.5524374512398211,-0.0032327035335463377,6.0,0.0,0.9149014081086057,0.9409259552507844,371,1400,5,34.93024350368683,dumbbell,5,0,C05,heatgeo_t,0.49002763887875966,1.3030426740537564
-0.983613787159869,-0.3310708720551946,-0.4407979793917963,0.8679254005701111,0.0,0.5524374512398211,-0.005667750042863463,5.0,0.0,0.905442800868162,0.9370295547072474,1399,1400,5,37.50867041004193,dumbbell,5,0,C05,heatgeo_t,0.48669521902335666,1.9391185161275004
0.3220658668419658,0.18847865916244697,-0.4407979793917963,-0.044788844343084305,0.0,0.5524374512398211,-0.0023665490306881173,6.0,0.0,0.9126105964767371,0.9418035917509658,1032,1400,5,39.94204071714431,dumbbell,5,0,C05,heatgeo_t,0.4863008935235825,1.3645648945648197
0.5783213602862632,-0.33792249967502586,0.12930495944340556,0.9560571957595557,0.0,0.2703417314577848,-0.004034246152187245,5.0,0.0,0.8991889895868301,0.937172865162416,158,1400,5,41.70666760573813,dumbbell,5,0,C05,heatgeo_t,0.49503920896323583,1.9553090435585156
0.7713808132523664,0.7624905936221653,-0.4407979793917963,0.6279216866778339,0.0,0.5524374512398211,-0.003311081523679368,6.0,0.0,0.8979856477993932,0.9387531669698695,1071,1400,5,43.37483662264934,dumbbell,5,0,C05,heatgeo_t,0.48638767249831516,1.3501177523249068
-1.5382085555522322,-0.7248859470718549,-0.4407979793917963,1.0455559978152513,0.0,0.5524374512398211,-0.003724730803050008,6.0,0.0,0.8962841090613365,0.9385677050268266,1219,1400,5,45.23724507872123,dumbbell,5,0,C05,heatgeo_t,0.49009104742086884,1.3349922643232368
-0.6811906904041385,-1.4150917780174035,-0.4407979793917963,0.24507048822676414,0.0,0.5524374512398211,-0.0026781737025059877,6.0,0.0,0.9126129723490306,0.9378043152795223,388,1400,5,46.655189345072365,dumbbell,5,0,C05,heatgeo_t,0.49002763887875966,1.2897438566111596
0.9746187438741198,0.20643017665009725,-0.4407979793917963,0.4686366597979676,0.0,0.5524374512398211,-0.0032754450720749733,3.0,0.0,0.902142981949294,0.9401062616653936,1373,1400,5,47.81255722327232,dumbbell,5,0,C05,heatgeo_t,0.4941226789946811,2.398479827532326
-0.41991517987373495,-0.11851691789256039,-0.4407979793917963,0.26889517815458686,0.0,0.2703417314577848,-0.0027883025498317187,6.0,0.0,0.9038527858754531,0.9397967426428496,580,1400,5,48.94985583734614,dumbbell,5,0,C05,heatgeo_t,0.4786681014936601,1.33350815907596
-0.8935878525738236,-0.36024765380660445,-0.4407979793917963,0.19802506054847085,0.0,0.5524374512398211,-0.0028017356047978616,6.0,0.0,0.9034432556054368,0.939788250395902,228,1400,5,50.09299982678168,dumbbell,5,0,C05,heatgeo_t,0.479127100509661,1.33350815907596
0.29101584309356315,0.20291809259249358,-0.15817842861008935,0.18358148231191393,0.0,0.5524374512398211,-0.002412288027762917,5.0,0.0,0.9086636511723744,0.9391711294312104,421,1400,5,51.01762680425846,dumbbell,5,0,C05,heatgeo_t,0.49497137243513345,1.7407008717986143
-0.6474154667334591,-0.058178601929511554,0.10101444103429087,0.7756043391218892,0.0,0.5524374512398211,-0.001948015004057062,3.0,0.0,0.902017680684992,0.9373971337878292,51,1400,5,51.73309924448142,dumbbell,5,0,C05,heatgeo_t,0.48678950346929273,2.4053735604792803
2.272160548128337,2.1777487196375964,-0.4407979793917963,-0.39473463959058175,0.0,0.5524374512398211,-0.0026547491190526316,5.0,0.0,0.915740367705868,0.9433130535887868,619,1400,5,52.21879784472452,dumbbell,5,0,C05,heatgeo_t,0.49546102296718875,1.9687969636201006
-0.9474542173116582,-0.5052391465808089,-0.4407979793917963,0.5419575883181418,0.0,0.5524374512398211,-0.002777755936428549,1.0,0.0,0.902462790535308,0.9390832994579816,503,1400,5,52.49937845416367,dumbbell,5,0,C05,heatgeo_t,0.4936283238063366,2.432599962645277
-1.3254958833039179,-0.5586305770599466,-0.4407979793917963,0.007492143982143277,0.0,0.5524374512398211,-0.003879044409685861,6.0,0.0,0.9114965123129288,0.9403205859136872,1020,1400,5,52.621398144179125,dumbbell,5,0,C05,heatgeo_t,0.49002763887875966,1.227170889521553
-0.7965189959211963,-1.9859607847319063,-2.752659342953056,-1.1090934093044749,-1.0139880546529367,-1.3665240093608626,-2.0977657945795687,8.0,0.2986064318514364,0.2254067565399005,0.5327904540112062,208,1400,5,-18.64985342782336,dumbbell,5,0,C05,pca_denoise,-0.3802223784879812,-1.0876830853001311
-0.6482103339724,-0.33799028132742365,-1.120747088811261,-0.49839033621881335,0.01982761847048384,-0.6889087981075424,-0.5649443574947774,4.0,0.2487393849391103,0.2576611149926084,0.5827611072156201,362,1400,5,-12.074076382063264,dumbbell,5,0,C05,pca_denoise,-0.3859423792282224,-0.5324850286307243
0.7729474026523958,0.6476679155198322,-3.1582651440913243,-0.08340896866220483,0.9363561080117638,-0.011293586854221967,1.0662616135878389,3.0,0.2268682741220458,0.3089521889779131,0.6678996804340885,1088,1400,5,2.2962247736213577,dumbbell,5,0,C05,pca_denoise,0.43210141866229224,0.9269336361381163
1.439555248791168,0.5769829799339542,-1.3747770494000744,0.37234137925421523,0.819887808580196,-0.011293586854221967,3.745770134989355,1.0,0.2469710870177885,0.2730031061638015,0.6529665703415819,915,1400,5,16.512424390223224,dumbbell,5,0,C05,pca_denoise,0.07253945630280212,0.6641601240194906
1.2272877398479942,0.31932973208424875,1.151110728373682,0.8172055487076745,0.05507891374135645,0.6663216243990985,2.7946472573248116,4.0,0.2779249780384172,0.2225581436252979,0.5739031864766216,762,1400,5,21.74911536245209,dumbbell,5,0,C05,pca_denoise,-0.22440245918460056,0.23633971690225958
0.6515309218475317,0.9904227529786604,-0.3780515459112871,1.430545135528442,1.381325898285437,0.6663216243990985,3.180548085851742,5.0,0.2227504882116856,0.3230942844499016,0.7149627179605919,333,1400,5,24.40076392053056,dumbbell,5,0,C05,pca_denoise,0.4551432594675605,0.49401602589657373
0.8041342861962439,0.902424119136315,-1.4437771717053136,0.8412175263499848,-0.03422540511180208,0.6663216243990985,1.7181725302186144,4.0,0.2798280672857045,0.2387438337875874,0.5891388845485709,509,1400,5,26.972586419979983,dumbbell,5,0,C05,pca_denoise,-0.33929450106698944,-0.39066935150061965
1.0716083241343635,0.837238095936241,-1.9005436801823479,-0.033983137731333116,1.2031782071326536,-0.8244318403582065,-0.9843838175604779,1.0,0.2222958633375191,0.2869399132436725,0.6558059355278367,1146,1400,5,30.417879015943825,dumbbell,5,0,C05,pca_denoise,0.4031917356716762,0.9630450697793682
0.5087834433434842,0.7268586046916904,0.7697614282520417,1.1963475218114392,0.2119333937644313,0.6663216243990985,2.1375201753951765,5.0,0.2474169598623097,0.2104629173584369,0.580285924144384,656,1400,5,32.87920687152628,dumbbell,5,0,C05,pca_denoise,-0.24793621430194657,-0.21361738739711952
-0.14173640795374615,0.5419719176703662,1.1394850026231513,0.0773484053109275,-0.17712328313697195,0.39527553989777026,-2.931600708559463,5.0,0.2626366864979209,0.2425783990149683,0.5340653828970297,371,1400,5,34.93024350368683,dumbbell,5,0,C05,pca_denoise,-0.3239415288990308,-0.28298304979816796
0.6942386261784841,0.4958798308028894,-0.2625238275577213,0.733683738293674,0.2085318749851405,0.6663216243990985,1.2423291085811565,1.0,0.2735938994747434,0.2475058157162816,0.6151966427888811,1399,1400,5,37.50867041004193,dumbbell,5,0,C05,pca_denoise,-0.08826036093251843,-0.06570009928198908
1.225861398741969,0.6876865374399173,-0.05879712422021857,0.018311943060785138,-0.28604450909396645,0.39527553989777026,-3.3758913927068646,5.0,0.2834850568159007,0.2549598637575099,0.5820434534631942,1032,1400,5,39.94204071714431,dumbbell,5,0,C05,pca_denoise,-0.39206320389106275,-0.04248151435622098
0.8994877404963033,0.6562022228407677,-0.24095748769836192,1.57028039653944,0.8367605274400857,0.6663216243990985,1.860845731927953,6.0,0.2535050369726179,0.244070358208286,0.6430562136226785,158,1400,5,41.70666760573813,dumbbell,5,0,C05,pca_denoise,0.3720261986801635,-0.22143127740994964
1.60652304331463,0.2895537442910299,1.4335887889667693,1.1286178794248274,1.0210880149110622,0.6663216243990985,0.44812785744921013,3.0,0.2454611140227166,0.2757558761982258,0.6736202555213012,1071,1400,5,43.37483662264934,dumbbell,5,0,C05,pca_denoise,0.47883796018798597,1.2655115122822767
0.218093523200325,0.0979999896970538,-0.1763946660315538,1.3202959009068331,0.31773470816133553,0.6663216243990985,2.987428680770086,2.0,0.2483034303920055,0.2100458137712794,0.5763482985872876,1219,1400,5,45.23724507872123,dumbbell,5,0,C05,pca_denoise,-0.18799750399170395,-0.037229672748843506
-0.03556103135664966,-0.796181063448251,-0.37078906136522766,-0.013536942535328346,-0.3136664719393927,0.5307985821484343,-0.37279233983488974,3.0,0.253909343381949,0.2315528410389632,0.5596595401599008,388,1400,5,46.655189345072365,dumbbell,5,0,C05,pca_denoise,-0.19135523292992823,-0.20985911565193174
1.1743289767964888,0.6602414223726069,0.25760131161806654,0.6990805698521649,0.32680542490611103,0.2597524976471062,0.8488565201639033,3.0,0.2570417180668886,0.2493956914342775,0.6215170088240591,1373,1400,5,47.81255722327232,dumbbell,5,0,C05,pca_denoise,-0.10613738988390542,0.2040944137049651
-0.6664137913679382,-0.4131826156613962,-0.6460062206932754,0.5467519943269262,0.6762281089199258,0.39527553989777026,-1.5608166922087985,2.0,0.2602347269445151,0.2761102764150957,0.6556616746211332,580,1400,5,48.94985583734614,dumbbell,5,0,C05,pca_denoise,0.22245141129032497,0.9991207356775464
0.8566769084961795,0.3066475263501282,1.5387632315991708,0.5224676993321523,1.2849532382303448,0.39527553989777026,0.023009653133462423,2.0,0.2362564179807564,0.3097391279955333,0.7199602246554204,228,1400,5,50.09299982678168,dumbbell,5,0,C05,pca_denoise,0.47566695912587464,1.2369243452678147
0.4965113751676164,0.4249336846764817,-0.26715991480876344,0.3498392595589485,0.8750042699507788,0.39527553989777026,0.21522725187177932,5.0,0.2487382334566192,0.2768117575519473,0.6575561784611628,421,1400,5,51.01762680425846,dumbbell,5,0,C05,pca_denoise,0.41684144360862097,0.28273332059156014
0.8953067042119426,0.1795763594023562,-0.38473469008075795,1.7181856261131716,0.5923217558158641,0.6663216243990985,1.7278671066892457,4.0,0.2436950556462085,0.2271806916342646,0.5951297250194197,51,1400,5,51.73309924448142,dumbbell,5,0,C05,pca_denoise,0.0253408383165884,-0.14795198002282536
1.6470866777629098,1.0895498548761358,-2.024046005082433,-0.18508913410067185,0.8633983471615689,0.2597524976471062,-1.6371982032407502,4.0,0.2365587986530683,0.311658019912814,0.6645972701727736,619,1400,5,52.21879784472452,dumbbell,5,0,C05,pca_denoise,0.30754132037725657,0.35099055078021946
0.7348585030931608,0.36393324097775054,-0.9438496975076232,1.0941960739606342,0.5084665366542361,0.6663216243990985,0.39861045370816356,5.0,0.2354736830201948,0.2117038378960186,0.5874097416202546,503,1400,5,52.49937845416367,dumbbell,5,0,C05,pca_denoise,-0.2358514086456518,-0.7845062805749491
-0.15828437366612236,-0.004401534360203513,-1.2489440061409214,0.2673719939668845,0.13799148979029205,0.5307985821484343,4.519481804156256,1.0,0.264532740432679,0.245678421829982,0.601857463102889,1020,1400,5,52.621398144179125,dumbbell,5,0,C05,pca_denoise,-0.3640171634488709,-0.4556305293714968
-1.140383903941745,-1.868170164847706,-0.8924162497912784,-1.3152986998864593,-1.0920430712564742,-1.3531257978892806,-1.3005677037633074,3.0,0.3027402225176151,0.2071101532502082,0.4757079439210014,208,1400,5,-18.64985342782336,dumbbell,5,0,C05,plain,-0.49419116722456186,-1.4311696385835475
-0.09434092406387119,0.4838960179315457,-1.5489837021136086,-0.6546903078298251,-0.0954990325002604,-0.5859993612906333,-4.159525935476602,2.0,0.2706228601084149,0.2604352377141846,0.5807428296267976,362,1400,5,-12.074076382063264,dumbbell,5,0,C05,plain,-0.4115964856114919,-0.07512819463770452
0.3395756694809454,0.30528850826564297,-1.728036989120901,-0.42826450414650064,1.1543530068724988,-0.3302905490910842,0.4328287297811568,2.0,0.2317095852279942,0.3242637428260856,0.6668303881557172,1088,1400,5,2.2962247736213577,dumbbell,5,0,C05,plain,0.429518259989052,0.9299831555570389
1.6552312676787981,0.44967179558782944,-0.14898081209511588,0.42416559679478444,1.1196437972614959,0.18112707530801397,7.4075614857308745,1.0,0.240825422058501,0.3052919113329592,0.7133924956941713,915,1400,5,16.512424390223224,dumbbell,5,0,C05,plain,0.4563791170199244,1.0382591201427325
1.1612174631148222,0.8186645043202025,1.2654403750870484,0.972421953932637,0.2973180246867467,0.6925446997071122,2.6238700625706906,4.0,0.2816881519022573,0.259315979143331,0.6249614114025412,762,1400,5,21.74911536245209,dumbbell,5,0,C05,plain,-0.19809197932229633,0.23208543912226032
-0.11760904123858394,0.4151318312260832,1.3291701449108082,1.5138662146078659,1.4620549054223995,0.6925446997071122,5.274701845830125,4.0,0.2240798793929619,0.3202677836163444,0.7103347164158796,333,1400,5,24.40076392053056,dumbbell,5,0,C05,plain,0.4094442700447881,0.785804863110526
1.3401140588007432,0.8585543700598808,-1.6515827845627369,1.3728584050617825,0.5855932655446912,0.6925446997071122,3.573302020860566,3.0,0.2730592480921848,0.2720011803559428,0.669517196583055,509,1400,5,26.972586419979983,dumbbell,5,0,C05,plain,0.3336603550365673,0.9129187200836857
0.7523716516486639,0.11875315071752393,1.5059270021170685,-0.02986724402797111,1.5962427308945402,0.18112707530801397,0.6643288759542839,1.0,0.2213844887089773,0.3411251373896728,0.7164030773271969,1146,1400,5,30.417879015943825,dumbbell,5,0,C05,plain,0.4797742411865765,1.3652733783430215
1.4445196107694986,1.2945219884552688,0.27016787706198797,1.235587983616337,0.4796527298618077,0.6925446997071122,6.925903287212938,3.0,0.2658967176344705,0.2820902583276493,0.6401511203443806,656,1400,5,32.87920687152628,dumbbell,5,0,C05,plain,0.09740441196771932,1.0139368120729255
-2.0300255463406898,-0.07646836249968893,1.902921957423737,-0.06771491763938516,-0.26884505104640777,0.4368358875075631,-1.809773114619633,2.0,0.2690470064384545,0.2425385656335147,0.534933859553897,371,1400,5,34.93024350368683,dumbbell,5,0,C05,plain,-0.2579821794056544,0.2630639416489241
-0.07023274297130214,-0.5702474634563977,-0.7244780498947437,0.7454726436001066,0.019675579171856167,0.6925446997071122,3.2906241080543097,6.0,0.2856389775793901,0.2391220531647978,0.6010802731404297,1399,1400,5,37.50867041004193,dumbbell,5,0,C05,plain,-0.2725188755368432,-0.7375975084811942
1.50072917008596,0.8903403105301809,-1.2214662807980996,0.4433501885608168,0.3152946543404504,0.6925446997071122,4.795900921499444,5.0,0.2696875694957242,0.2779500676224772,0.6485353538214927,1032,1400,5,39.94204071714431,dumbbell,5,0,C05,plain,0.06855768259476958,0.003031978189892142
0.36962749656512844,0.21677911585959767,0.3327527820023076,1.2626664893019546,0.7912853198015527,0.6925446997071122,5.181624363946916,1.0,0.2608713995169923,0.2806645470800515,0.6521640888590565,158,1400,5,41.70666760573813,dumbbell,5,0,C05,plain,0.2374320827226568,1.0260194120870003
0.22857992805199406,-0.00671116808119593,3.6715252361767394,1.017736073815111,1.4702687565560013,0.6925446997071122,3.7117821570434657,2.0,0.2242838480721283,0.3151956190442376,0.7419843063718481,1071,1400,5,43.37483662264934,dumbbell,5,0,C05,plain,0.4957298554343723,1.665694511848315
0.9504093408052248,-0.08286426522127294,1.3235269275069126,1.4914651277175333,0.5703069956050338,0.6925446997071122,2.9153422420898,5.0,0.2660032741260283,0.2446807701465142,0.6206519680088385,1219,1400,5,45.23724507872123,dumbbell,5,0,C05,plain,-0.08699246499808394,0.08042620363582638
-0.6138266919424709,-0.8903797387585723,-1.1682083520706736,0.07489827951343826,-0.2508111638752948,0.5646902936073376,1.9381238264909038,6.0,0.2624460719291922,0.2288692735119291,0.5389497291384331,388,1400,5,46.655189345072365,dumbbell,5,0,C05,plain,-0.32691718736199327,-1.49139547077415
0.09678971863873102,0.6835931762200964,0.004865932174199406,0.7073662975968775,0.6782500571889485,0.5646902936073376,4.434842444861549,3.0,0.2615024235715563,0.280361853610555,0.6614206961277022,1373,1400,5,47.81255722327232,dumbbell,5,0,C05,plain,0.3604984368195199,0.9549208179678027
-1.6593317047074991,-0.7960231564240275,-1.0561477174954284,0.259947099882182,0.5172649699658017,0.3089814814077885,-2.3466873687132215,8.0,0.2604361091621504,0.2665761097741383,0.6241769875007995,580,1400,5,48.94985583734614,dumbbell,5,0,C05,plain,-0.20707152861787648,-0.6074065480744304
0.7084284914715552,0.9358865927220454,-1.5204899465252981,-0.0033318381538306745,0.7096479976438831,0.3089814814077885,0.32190429111340246,2.0,0.2594122304445415,0.2968748380309229,0.6562819684743452,228,1400,5,50.09299982678168,dumbbell,5,0,C05,plain,0.120915785928008,0.7010753625725273
0.060236642131881665,0.6003909587891573,1.6529900051709832,0.5055333926013303,1.2506936133380364,0.4368358875075631,3.5504609972926815,2.0,0.2415645332442641,0.3028047724476028,0.675260855589754,421,1400,5,51.01762680425846,dumbbell,5,0,C05,plain,0.4510263282968343,1.174547001585743
-1.063553154471998,-0.7430555001776078,-2.098302505201239,1.4870117957442601,0.4368233632365977,0.6925446997071122,1.5789402393158498,1.0,0.2572654156979142,0.2403881246666376,0.5931996614563376,51,1400,5,51.73309924448142,dumbbell,5,0,C05,plain,-0.09227645099238507,-0.3570921611091829
0.570776172969597,0.6262508569225264,0.6482791683053765,-0.45182667293303735,1.0508157997125014,0.18112707530801397,4.465939577754684,2.0,0.2328434527827356,0.3308539971526124,0.6809005054344721,619,1400,5,52.21879784472452,dumbbell,5,0,C05,plain,0.44846779422250715,1.1487285331101567
-0.8365652465142946,-0.5491772596697361,-0.1343196321750228,0.8668420550790027,0.4433031295572755,0.5646902936073376,-2.435729716393485,5.0,0.242934584507294,0.2074100865036014,0.5784645687030724,503,1400,5,52.49937845416367,dumbbell,5,0,C05,plain,-0.2676494323897668,-0.40611225291841924
0.24476660317863183,0.5393031576566745,-0.4009840960834093,0.1849350378783289,0.11782016923780299,0.4368358875075631,3.505948706413432,4.0,0.2677764688205404,0.2399786938117634,0.5840521079721955,1020,1400,5,52.621398144179125,dumbbell,5,0,C05,plain,-0.17247840218847532,-0.01612692505578699
-142.7458750851334,-239.60789528110237,0.28935214102265205,-1.9415976587895671,-1.048608863117172,0.2886751185948137,-1.3221672376119111,6.0,0.1769223811185131,0.0989694617593508,0.2496388330901894,208,1400,5,-18.64985342782336,dumbbell,5,0,D,diffdist_t4,-0.48986201000836543,-3.3903327089595674
-79.21711487621725,-88.72087302810809,-1.015442757220934,-1.326306733727603,1.0903536586428773,0.2886751185948137,-0.8571644215308755,6.0,0.1546678598820393,0.126429503088069,0.4090362078728939,362,1400,5,-12.074076382063264,dumbbell,5,0,D,diffdist_t4,-0.22246867500747053,-2.1267064245595844
-26.84212659996017,-32.07565312790931,2.0322175750533082,0.602902412087954,2.6798683737484503,0.2886751185948137,0.49555071235857245,6.0,0.1703674056961206,0.1815076014574707,0.6390830907460279,1088,1400,5,2.2962247736213577,dumbbell,5,0,D,diffdist_t4,0.4516640303313616,0.38937888009911664
-99.26725049706968,-117.73284549256263,-0.8511908444769166,-1.3819706580239013,-0.21173257137039586,0.2886751185948137,-1.3952287593701538,6.0,0.1749809999182359,0.1025360935224781,0.30703787285825,915,1400,5,16.512424390223224,dumbbell,5,0,D,diffdist_t4,-0.4750118967233965,-2.3719936100982486
-194.08285274054015,-201.63771031380017,1.380188101844618,-1.5839558685223503,-1.2229265137472345,-3.175426304542951,-1.6691214068463485,6.0,0.1602620097260907,0.0816726421754999,0.2214198704081874,762,1400,5,21.74911536245209,dumbbell,5,0,D,diffdist_t4,-0.4615786842552608,-2.6184922131190573
-14.418799397284248,-24.15028222427219,-2.116299064291918,0.6017873524605379,3.696145899946206,0.2886751185948137,0.8716492619426724,6.0,0.1286569027736374,0.2034224180054323,0.7273220462759344,333,1400,5,24.40076392053056,dumbbell,5,0,D,diffdist_t4,0.4974111652573797,0.9958152485469963
-30.635508946839234,-51.72000999840363,-0.23489968145719545,-0.7127356093872923,2.3321490028619527,0.2886751185948137,1.29331117881955,6.0,0.1430868169366087,0.2198203251710621,0.5072780157697324,509,1400,5,26.972586419979983,dumbbell,5,0,D,diffdist_t4,0.4048228488469562,-1.6183740412437198
-43.85125270510639,-57.721003928464675,1.1846878197089938,-0.5452895690477909,0.6105189924881662,0.2886751185948137,0.5931657153265001,6.0,0.1620493605680036,0.1231232700924444,0.3727247226725941,1146,1400,5,30.417879015943825,dumbbell,5,0,D,diffdist_t4,-0.33803857517522384,-1.6869270441881823
-85.69596107780727,-104.57605890901876,-3.6969693577090554,-1.3106713533243817,0.14524971088360097,0.2886751185948137,-0.8550622816765502,6.0,0.1652375502464984,0.0960010226247731,0.3230670175464762,656,1400,5,32.87920687152628,dumbbell,5,0,D,diffdist_t4,-0.4401845821107616,-2.18724798473935
-46.886307487571024,-54.06424758105575,0.02307685216784337,-0.3125365694427604,1.5708274817338321,-3.175426304542951,-0.522376916989341,6.0,0.1705120048964927,0.1648021541547449,0.483444106092253,371,1400,5,34.93024350368683,dumbbell,5,0,D,diffdist_t4,-0.14771056624908918,-2.064585365671558
-117.57525188406866,-154.77182620723042,4.272174257709835,-1.3831900430997084,-0.25029698554033464,0.2886751185948137,-0.2859116986990266,6.0,0.1521823948223959,0.0861851238328721,0.3039724886674396,1399,1400,5,37.50867041004193,dumbbell,5,0,D,diffdist_t4,-0.42676361023038245,-0.8424623139499245
-112.87854163732543,-154.10444572330192,1.9482320068710255,-1.032492359756613,-0.5109309806531798,0.2886751185948137,-0.1305887244531854,6.0,0.1563679682172074,0.0843826467012351,0.2687864185497963,1032,1400,5,39.94204071714431,dumbbell,5,0,D,diffdist_t4,-0.4704428373062917,-1.3480722351470713
-137.50010533851435,-175.25337327657155,1.3856237521093813,-1.305646795844263,-0.662299297758133,0.2886751185948137,-0.9075075629533489,6.0,0.1572922187087257,0.0887319108751136,0.2578952709974739,158,1400,5,41.70666760573813,dumbbell,5,0,D,diffdist_t4,-0.47871767797686726,-1.9017565657815054
-68.98662284653106,-71.20710444713181,-1.6626941027774274,-0.9557248086503902,1.1751368047519604,0.2886751185948137,-1.1248459797415904,6.0,0.1553425030696082,0.1109314484081093,0.4075868838856085,1071,1400,5,43.37483662264934,dumbbell,5,0,D,diffdist_t4,-0.22246867500747053,-1.972932265660936
-52.654373832234214,-70.58003172819282,-2.0820619650429935,-1.032656518067723,1.8040594472832288,0.2886751185948137,-0.5702293977552769,6.0,0.1640768516614729,0.1507215393734201,0.4547106407713057,1219,1400,5,45.23724507872123,dumbbell,5,0,D,diffdist_t4,-0.22246867500747053,-1.7577961445038364
-150.28425112178374,-174.63478016673062,0.3707750252050109,-1.5746960891678285,-0.903846140528348,0.2886751185948137,-1.4522679571745472,6.0,0.1627727215037614,0.0834278628264913,0.2509130677322472,388,1400,5,46.655189345072365,dumbbell,5,0,D,diffdist_t4,-0.4770516921501087,-2.55378232512581
-163.9283175414952,-190.3308814315828,0.8583219578854766,-1.5332549416999117,-1.2483556205303132,-10.103629150818481,-1.600696870153209,6.0,0.1670271138954163,0.0763647483286611,0.2253860072274819,1373,1400,5,47.81255722327232,dumbbell,5,0,D,diffdist_t4,-0.4804983935959358,-2.9838809306713814
-36.47661481842224,-64.35941354701652,3.3442692131671916,-0.6304452595700335,0.8456946955697022,0.2886751185948137,1.0460180809512678,6.0,0.1555492308166596,0.1230209579115234,0.410918375996603,580,1400,5,48.94985583734614,dumbbell,5,0,D,diffdist_t4,-0.3173296955189775,-1.0207204748297523
-54.20228581598121,-82.84412361643332,0.7911050584734728,-1.1155287381220704,1.7188657620157057,0.2886751185948137,-0.5484576427660619,6.0,0.1273992564450864,0.116683348121029,0.4474742913632131,228,1400,5,50.09299982678168,dumbbell,5,0,D,diffdist_t4,-0.2996804878448387,-1.7498651476688167
-7.4242895691561985,-12.91580176713842,0.9497238358815887,1.7014280290863282,4.635280978021577,0.2886751185948137,1.8497599761198902,6.0,0.1430428238909357,0.2850840384347108,1.290296939737316,421,1400,5,51.01762680425846,dumbbell,5,0,D,diffdist_t4,0.4977305992337193,0.9770287498330955
-164.12833059351908,-174.18606385940436,1.095867333828295,-1.4462279535761509,-0.8706761330729803,0.2886751185948137,-1.3299280365656008,6.0,0.1612694006319125,0.0823277439409198,0.2521675057650461,51,1400,5,51.73309924448142,dumbbell,5,0,D,diffdist_t4,-0.4776631206132546,-2.3156131433094442
-109.19904941657967,-150.36796448578036,4.398567984736455,-1.495515641506287,-0.16431627141220068,0.2886751185948137,-0.5673024835631776,6.0,0.1549729669948987,0.0839403615127576,0.3151737132163675,619,1400,5,52.21879784472452,dumbbell,5,0,D,diffdist_t4,-0.42676361023038245,-0.8286141804604934
-68.9654738354389,-91.27975864134478,-0.9575139429750684,-1.3868194328140493,0.9179797455449541,0.2886751185948137,-0.6003332866123872,6.0,0.1698870468107276,0.1426063903690084,0.399063089910268,503,1400,5,52.49937845416367,dumbbell,5,0,D,diffdist_t4,-0.28537048698444106,-2.3578908770958966
-89.94933317248513,-140.6916884572678,-1.2903214335365552,-1.8238438933570877,-0.6217872546896241,0.2886751185948137,-1.8629177068003873,6.0,0.1823691969411655,0.121113718413441,0.3168390480330283,1020,1400,5,52.621398144179125,dumbbell,5,0,D,diffdist_t4,-0.46845914055917526,-2.4782857783861396
-51.81293443510086,-23.747061331441106,-0.42397938869288265,-4.3128374982459565,-0.6488881986182954,0.5822723481906064,0.10619715981321264,6.0,0.1048219053583778,0.0391756791950618,0.1678501872859004,208,1400,5,-18.64985342782336,dumbbell,5,0,D,diffdist_t8,-0.48343434828393167,-2.7563809618922877
-29.82853855150448,-14.411048526858583,5.259689720993425,-3.5803951250147774,0.7293635350337053,0.5822723481906064,1.6198825516137152,6.0,0.1040277942716653,0.0534212792047513,0.2627805079032865,362,1400,5,-12.074076382063264,dumbbell,5,0,D,diffdist_t8,-0.43693294809612127,-1.0711079157161727
-5.245664462125174,-2.20285749994086,3.7000011747891173,-1.153811907122511,2.6022655065345828,-0.1940907827302021,0.1005049644185116,6.0,0.1058245828972171,0.1019798751706144,0.5802374859144035,1088,1400,5,2.2962247736213577,dumbbell,5,0,D,diffdist_t8,0.2925722946882747,-0.2636981889209719
-32.64411244643535,-19.348500787106186,3.530020247952731,-4.569454137337494,-1.0696335282065075,0.5822723481906064,0.5969846270754089,6.0,0.1248723218339216,0.0527500674227646,0.1813441276956598,915,1400,5,16.512424390223224,dumbbell,5,0,D,diffdist_t8,-0.44651444581254085,-1.7740506286906383
-40.887720047979776,-25.818812314673828,5.372018350034863,-4.44048380461409,-1.093290473032458,0.5822723481906064,0.21942611402353931,6.0,0.1061482617487601,0.0370750735550845,0.1345797422601697,762,1400,5,21.74911536245209,dumbbell,5,0,D,diffdist_t8,-0.4631385002871641,-1.863067592136431
-4.974661281164568,-2.156765248017078,4.064838772419358,-1.2067246691504998,2.7430542504127473,-1.746817044571819,0.5006096094708121,6.0,0.0976879345854685,0.1229353448544179,0.5821300167114588,333,1400,5,24.40076392053056,dumbbell,5,0,D,diffdist_t8,0.31333342407624964,-0.3586265849574571
-7.9845593865787095,-4.860840872875987,6.752942682423986,-2.24775727512942,0.5988509036035156,-3.299543306413436,1.4560067451822452,6.0,0.1433227251290665,0.124823288773612,0.2918882352591916,509,1400,5,26.972586419979983,dumbbell,5,0,D,diffdist_t8,-0.3623005364013494,-0.9939934742783263
-8.132247220989413,-4.901128646573145,3.3385418208695405,-1.7207070515378382,0.8359800334094762,0.5822723481906064,0.6897757050038413,6.0,0.1091496873247613,0.0642873205302366,0.2709617562562119,1146,1400,5,30.417879015943825,dumbbell,5,0,D,diffdist_t8,-0.44796308428576137,-0.6897712403747887
-27.558390535696464,-17.7923692830406,5.409446317241773,-4.606694162560905,-1.0456475813904107,0.5822723481906064,0.6312537979094515,6.0,0.1285917370698502,0.0626754880151928,0.1939469135440952,656,1400,5,32.87920687152628,dumbbell,5,0,D,diffdist_t8,-0.4385506347453982,-1.7585987910793401
-12.044766927675433,-5.211155953447303,1.1865661000204126,-2.4929925096862435,1.7752211545720393,0.5822723481906064,0.21926459739512913,6.0,0.1096612990144165,0.0791736914251401,0.3916605762065633,371,1400,5,34.93024350368683,dumbbell,5,0,D,diffdist_t8,-0.4070054335025737,-1.3597862615021294
-36.8278506276598,-19.831235139630493,4.483207121209339,-4.419607882754584,-0.9667457190523947,0.5822723481906064,0.5476322273767618,6.0,0.1201230703092871,0.0511938826249612,0.1790731208513183,1399,1400,5,37.50867041004193,dumbbell,5,0,D,diffdist_t8,-0.4631385002871641,-1.7515050770314822
-35.15016686083162,-21.05716562989788,3.6760784749154873,-3.8187785359991193,-0.6473197667169944,-0.1940907827302021,0.24460153281998329,6.0,0.1085755361435492,0.0482150380176124,0.1700101084087759,1032,1400,5,39.94204071714431,dumbbell,5,0,D,diffdist_t8,-0.4570245834291184,-1.2703862936568158
-41.327890776608136,-22.507466332834074,4.554695204816827,-4.292660955952703,-0.9963246997009785,0.5822723481906064,0.33695234057679646,6.0,0.1129219390915682,0.0429422898730274,0.1491483424243013,158,1400,5,41.70666760573813,dumbbell,5,0,D,diffdist_t8,-0.4631385002871641,-1.8211719708000917
-21.973110542605955,-8.199493555478634,3.364475377615289,-3.1124630967569775,1.2495620064478652,0.5822723481906064,-0.09677960747603388,6.0,0.1084878804317306,0.0756771286852199,0.3212042760312442,1071,1400,5,43.37483662264934,dumbbell,5,0,D,diffdist_t8,-0.36970358738354614,-0.8534151141134588
-17.25167178531945,-8.145755886245883,1.9821666133422742,-3.2144194068619867,1.3446993606731867,0.5822723481906064,1.7680371610836598,6.0,0.1128924544686918,0.0790659107553824,0.3264888029820603,1219,1400,5,45.23724507872123,dumbbell,5,0,D,diffdist_t8,-0.3586086160848753,-1.1302618554125812
-44.51322377419339,-22.51332777327253,3.739170366676044,-4.585343597710658,-1.1332765051394627,0.5822723481906064,0.2815272197167179,6.0,0.1165815292811457,0.0457302745080694,0.1448703137021009,388,1400,5,46.655189345072365,dumbbell,5,0,D,diffdist_t8,-0.4631385002871641,-1.8683550225651466
-43.412509527847256,-22.964213132726357,3.6153089520968105,-4.397027544207005,-1.051659430974722,0.5822723481906064,0.23775050737803477,6.0,0.1078640239965701,0.0376283317635828,0.132167118254749,1373,1400,5,47.81255722327232,dumbbell,5,0,D,diffdist_t8,-0.4680242988786507,-1.8683550225651466
-11.284110599142526,-5.968873513639553,5.474362395696452,-2.113347476908216,0.5370921248497603,-0.9704539136510106,0.32474606491408387,6.0,0.1130636436523846,0.0635096753269092,0.2620579048981133,580,1400,5,48.94985583734614,dumbbell,5,0,D,diffdist_t8,-0.42800986542930436,-0.8697321742932543
-17.685745800593196,-10.046595562996824,1.9469335716222977,-3.201075099394288,1.194849353649743,0.5822723481906064,0.5362829365123509,6.0,0.1016158065412403,0.0637993130014318,0.3165622089244424,228,1400,5,50.09299982678168,dumbbell,5,0,D,diffdist_t8,-0.3586086160848753,-1.2421123612654066
-1.0787282488141012,-0.7029058178212567,0.07062225318695513,1.6954184927152096,4.782712015108897,0.5822723481906064,2.1874097844050033,6.0,0.1068311735400015,0.1737981710704115,1.4283649113308503,421,1400,5,51.01762680425846,dumbbell,5,0,D,diffdist_t8,0.48906060039821764,0.8261144453584632
-52.633972248578395,-26.166393654263597,4.484648394443664,-4.460425095442976,-1.0300672572593448,0.5822723481906064,0.493952453614397,6.0,0.1090395900472726,0.041249280336705,0.1389250323689378,51,1400,5,51.73309924448142,dumbbell,5,0,D,diffdist_t8,-0.4631385002871641,-1.8211719708000917
-37.875230705290456,-24.39378236662918,5.811899685751835,-4.364426399310613,-0.7937105258038137,0.5822723481906064,0.46686924199920976,6.0,0.1171631563409393,0.0438394517138762,0.1752547826118651,619,1400,5,52.21879784472452,dumbbell,5,0,D,diffdist_t8,-0.4631385002871641,-1.2348199721373854
-25.324418427297793,-17.3934846142557,5.755188161307364,-3.7709909817450002,0.40126913658436436,0.5822723481906064,1.4584269988144203,6.0,0.1175242064902905,0.0742173994255981,0.2370540279342274,503,1400,5,52.49937845416367,dumbbell,5,0,D,diffdist_t8,-0.4443523058610182,-1.06094350853359
-34.77791878015843,-19.155669315194494,2.3516468897854144,-4.201981089546393,-0.5120734773423722,0.5822723481906064,0.1973438125256765,6.0,0.115533433461426,0.0480327244225864,0.1837393190107542,1020,1400,5,52.621398144179125,dumbbell,5,0,D,diffdist_t8,-0.45860054215420687,-1.5754508893818004
-1.3875911368023344,-0.7232146658570529,-3.7833176520413607,-1.435180966373589,1.4705251377381523,-3.213257590036631,-0.411814154644456,2.0,0.2478092650438588,0.2500636197985517,0.6281938138649003,208,1400,5,-18.64985342782336,dumbbell,5,0,D,fb_potential,-0.03284047247613209,-0.11613946790247762
-0.6335244851285129,-0.11149231547113352,1.1779948621477558,-0.9091851150126933,0.5803852076380677,0.6426515180073261,0.6748520729226007,2.0,0.2509581190450738,0.2144105814760762,0.5685387944285107,362,1400,5,-12.074076382063264,dumbbell,5,0,D,fb_potential,-0.24389653282589602,0.14340462506587376
-0.0681058797803532,0.28199159886957914,1.288260082673514,0.7407695814725628,1.4383988856962586,0.9392599109337845,1.411135152782053,4.0,0.2393649201219251,0.1677765041426844,0.5067853488070645,1088,1400,5,2.2962247736213577,dumbbell,5,0,D,fb_potential,0.018798135721950104,-0.09994221634421731
-0.16218071608099754,0.14005437439603413,1.7115553290017593,-1.0392550934273854,-2.7368380665110683,0.9392599109337845,0.9056115893790886,2.0,0.2718288805072885,0.1930252509615869,0.5014710637935443,915,1400,5,16.512424390223224,dumbbell,5,0,D,fb_potential,-0.48254633783419887,-0.9067921431694111
-0.5002773025227664,-0.8578201047036691,1.6479268985839237,-1.4421186515298265,-2.5926492269157215,0.04943473215440967,-0.0153841958040642,2.0,0.2743906440427375,0.2170902160086735,0.5641196356958592,762,1400,5,21.74911536245209,dumbbell,5,0,D,fb_potential,-0.37886707336747083,-0.42866018450190924
-1.0684245097907774,0.5397137239435307,0.3635959099286192,0.45077686531823036,1.7296402390654204,0.9392599109337845,0.9531621164966637,2.0,0.2276555076723135,0.1539366143877326,0.4906285769139514,333,1400,5,24.40076392053056,dumbbell,5,0,D,fb_potential,-0.07060724477602459,-0.5121089971238737
-6.3473482572609585,-8.243441394921689,0.33484054151368586,-1.0350223485195547,-2.3659258838455695,0.9392599109337845,-0.04883116980280093,1.0,0.2395402315920103,0.163054900444651,0.3702555119961032,509,1400,5,26.972586419979983,dumbbell,5,0,D,fb_potential,-0.4964103543365434,-2.006933838463454
-1.9691270995251953,-1.5192006316932891,0.4896617308889068,-1.0921711533467215,-3.1213820968552644,0.6426515180073261,0.13887904432901765,4.0,0.2740751806790436,0.1748894468799979,0.4780052913234255,1146,1400,5,30.417879015943825,dumbbell,5,0,D,fb_potential,-0.4959473487012523,-2.0000422662934114
-0.04088514507593647,-0.7316660597467748,1.5987011678006118,-0.6846423449337208,-1.4586873534851712,0.9392599109337845,2.0064831172271735,1.0,0.2568623300589814,0.1825575998751403,0.4825482422845719,656,1400,5,32.87920687152628,dumbbell,5,0,D,fb_potential,-0.48336685340509583,-1.0134993343831098
-0.5378938757311456,0.4404394803908637,0.8017026845487565,-0.09336587581556081,-1.3092452837743556,0.9392599109337845,0.1066972067056549,2.0,0.2637530933549087,0.1885004250985057,0.4704603670822268,371,1400,5,34.93024350368683,dumbbell,5,0,D,fb_potential,-0.4942990376158235,-0.8429453197758633
-3.9827757475742094,-3.7137620616045317,1.2917032902562497,-0.6222084707305877,-0.047518026632921255,0.9392599109337845,1.765728027580291,1.0,0.252987713039193,0.1797245280918241,0.5094460130297699,1399,1400,5,37.50867041004193,dumbbell,5,0,D,fb_potential,-0.3218723843397183,-0.4682363688370323
-1.717113007235563,-5.113897088054325,1.125937204509464,-1.292077949548315,-3.6931838678497897,0.9392599109337845,1.0012465561967334,2.0,0.2701038901813078,0.1783297251005663,0.4674986665805176,1032,1400,5,39.94204071714431,dumbbell,5,0,D,fb_potential,-0.49576962089509563,-1.6688988093522406
-0.3214422267848984,-1.9966997265555049,2.1607426839114248,-0.9690037484142732,-1.5870103002480218,0.9392599109337845,2.5460046756595687,2.0,0.2784740217046292,0.192737628507317,0.5203231535942645,158,1400,5,41.70666760573813,dumbbell,5,0,D,fb_potential,-0.47367963339180946,-0.330384270636274
0.9608874268111856,1.4524030522915012,-0.05522187995132026,-0.569003714980325,1.8562336024833945,0.04943473215440967,1.8398843332413652,4.0,0.2546435570278157,0.2243880097029378,0.6181352609547298,1071,1400,5,43.37483662264934,dumbbell,5,0,D,fb_potential,0.02861734580162556,0.34814309979364144
1.397189508372713,1.1438991727383516,-1.0674592395328366,-0.8627882495193647,1.4075812000008177,-0.24717366077204858,-0.38809777498589526,5.0,0.2457879580682513,0.2212734354250612,0.5849609471831904,1219,1400,5,45.23724507872123,dumbbell,5,0,D,fb_potential,-0.1266435669971629,-0.720420699660692
0.0442480326474768,-1.2907999936804455,1.5088580340760944,-0.6656572740015774,-1.1874765475815632,0.9392599109337845,0.49686643675918696,2.0,0.26153499127085,0.1709492102117647,0.4826475390221583,388,1400,5,46.655189345072365,dumbbell,5,0,D,fb_potential,-0.4779747266282143,-1.1667695123712571
0.8425123150322762,-0.00018350776929974903,-0.3956191215936662,-1.279024355577198,0.01914299811752503,-0.24717366077204858,-0.10513822803842347,4.0,0.2520842230891851,0.2088597780196701,0.5721849286851347,1373,1400,5,47.81255722327232,dumbbell,5,0,D,fb_potential,-0.26145069278093797,0.004721004753662571
-0.636940741326932,-0.14659802345785303,1.2151410515886065,-1.0301522787294426,-3.1896475377348392,0.9392599109337845,1.0386293657610568,4.0,0.2560639265421628,0.1668994716557392,0.4766405246561633,580,1400,5,48.94985583734614,dumbbell,5,0,D,fb_potential,-0.4954829697535049,-1.8141657228810162
0.6001757745604099,1.2866655376478244,-0.1537201385685152,-0.5076176992031121,2.526026131624593,0.34604312508086793,1.019947930214914,4.0,0.2409405000997935,0.2126973840592219,0.6002816950150323,228,1400,5,50.09299982678168,dumbbell,5,0,D,fb_potential,0.011180704462431357,0.11525345106096879
-0.19402051820770305,0.7670303767480162,0.9943197434751583,0.5606086220403231,-0.6948866594256337,0.9392599109337845,1.997748394598148,2.0,0.2470530651220469,0.1526107431165772,0.4568071439244464,421,1400,5,51.01762680425846,dumbbell,5,0,D,fb_potential,-0.49219610792518165,-0.6792815609036481
-0.4378907350542965,-0.05140339606949453,0.4870021263427147,-0.6560308647097638,0.5719724535614538,0.9392599109337845,0.4901708922387878,4.0,0.2465559346470698,0.1849144417502274,0.5221595641129914,51,1400,5,51.73309924448142,dumbbell,5,0,D,fb_potential,-0.33302327318155023,-0.5663703990148145
-5.561356945682941,-4.183084252161602,1.9088371397080897,-0.6071156697604912,0.19385746657156813,0.9392599109337845,1.1164630139545095,1.0,0.2724881657404743,0.1972775273146441,0.5286707003775021,619,1400,5,52.21879784472452,dumbbell,5,0,D,fb_potential,-0.3092459820699711,0.3568247366449682
1.011303993383619,1.9474241860036308,0.3181941380747766,-0.5236506289853636,2.888912440698516,0.6426515180073261,0.22982586080486045,3.0,0.2354995091590873,0.2024260725497432,0.5807690252154001,503,1400,5,52.49937845416367,dumbbell,5,0,D,fb_potential,-0.033394140596613275,0.5401513742409694
-1.31825731693903,-0.48717712539005714,1.1265304995304966,-1.235248701622118,-1.4049754461457147,0.34604312508086793,1.0438312901290192,1.0,0.2667066394591884,0.2075638335080143,0.543232698421948,1020,1400,5,52.621398144179125,dumbbell,5,0,D,fb_potential,-0.446452768687451,-0.5521116887559819
-0.44482043435259994,-0.6061988140338554,0.0,-0.590396171320446,0.0,-0.0,0.0,1.0,0.0,0.9863230427460368,0.9917061347669271,208,1400,5,-18.64985342782336,dumbbell,5,0,D,heatgeo_4t,0.4960755659258539,2.520624776209896
1.3067317402125045,1.436314934242726,0.0,-0.36597788873409015,0.0,-0.0,0.0,1.0,0.0,0.9839505417088852,0.9900812236742303,362,1400,5,-12.074076382063264,dumbbell,5,0,D,heatgeo_4t,0.49604761186494517,2.65712975374437
-0.18426074481405977,0.1477523428653967,0.0,1.1134425704286104,0.0,-0.0,0.0,2.0,0.0,0.9706658101686644,0.9809638154619356,1088,1400,5,2.2962247736213577,dumbbell,5,0,D,heatgeo_4t,0.4917833172070756,2.6753136083809683
-2.020733490376543,-1.8712246761084015,0.0,0.06691390161969457,0.0,-0.0,0.0,2.0,0.0,0.9800699864972616,0.9880394467579244,915,1400,5,16.512424390223224,dumbbell,5,0,D,heatgeo_4t,0.49426991419309185,2.568640995320944
-1.802043059577238,-1.7066158178636275,0.0,-0.4673789741549297,0.0,-0.0,0.0,2.0,0.0,0.9855440469620546,0.9907874725251794,762,1400,5,21.74911536245209,dumbbell,5,0,D,heatgeo_4t,0.49426991419309185,2.525360798539975
-0.13013811505899064,1.1330569658589429,0.0,1.756833511824397,0.0,-0.0,0.0,1.0,0.0,0.9639714387924422,0.9800574229942832,333,1400,5,24.40076392053056,dumbbell,5,0,D,heatgeo_4t,0.49174100830529255,2.713176828406842
-3.961382769224243,-3.981836783713621,0.0,0.4934281227819467,0.0,-0.0,0.0,1.0,0.0,0.977629508144987,0.985188860936228,509,1400,5,26.972586419979983,dumbbell,5,0,D,heatgeo_4t,0.4967209643813406,2.3288857132859304
-2.253050672083121,-2.2821142228452764,0.0,0.02438904524980332,0.0,-0.0,0.0,1.0,0.0,0.9811704351845132,0.9878971991799134,1146,1400,5,30.417879015943825,dumbbell,5,0,D,heatgeo_4t,0.49426991419309185,2.568640995320944
-1.6479074275760497,-0.9556599533509581,0.0,0.19024731257811497,0.0,-0.0,0.0,1.0,0.0,0.9786296186949772,0.9869614665969432,656,1400,5,32.87920687152628,dumbbell,5,0,D,heatgeo_4t,0.49426991419309185,2.559362367087669
0.6374823948096864,0.6202104054737092,0.0,0.6838923251017194,0.0,-0.0,0.0,2.0,0.0,0.9737161795945456,0.983842004949356,371,1400,5,34.93024350368683,dumbbell,5,0,D,heatgeo_4t,0.495507249047879,2.6681723195996208
-2.9408926517263128,-3.1846003721812375,0.0,-0.03642394737345633,0.0,-0.0,0.0,1.0,0.0,0.9814393188366476,0.988367323907266,1399,1400,5,37.50867041004193,dumbbell,5,0,D,heatgeo_4t,0.49595059504709993,2.4954650594114893
-2.8810723867645245,-2.9684733249473165,0.0,-0.2695057410206544,0.0,-0.0,0.0,1.0,0.0,0.98387930313076,0.9898021797416724,1032,1400,5,39.94204071714431,dumbbell,5,0,D,heatgeo_4t,0.49595059504709993,2.508763876854086
-1.6971773724004073,-1.9582649397515264,0.0,-0.3407461219689565,0.0,-0.0,0.0,2.0,0.0,0.9843037375377668,0.9890850981920472,158,1400,5,41.70666760573813,dumbbell,5,0,D,heatgeo_4t,0.49426991419309185,2.552825661292476
-0.45464627481416486,0.7962196244112688,0.0,-0.16696945144250078,0.0,-0.0,0.0,2.0,0.0,0.9819186550207848,0.9888519883818198,1071,1400,5,43.37483662264934,dumbbell,5,0,D,heatgeo_4t,0.4917306472512055,2.563848567684783
1.5315345517014167,2.1692094082309477,0.0,0.4175023256981055,0.0,-0.0,0.0,2.0,0.0,0.9759631872676148,0.9870132324493648,1219,1400,5,45.23724507872123,dumbbell,5,0,D,heatgeo_4t,0.4965090668752402,2.679708999498571
-1.6279504662040956,-1.5963242861069125,0.0,-0.17203619633016837,0.0,-0.0,0.0,1.0,0.0,0.9820292681810736,0.9899175713781158,388,1400,5,46.655189345072365,dumbbell,5,0,D,heatgeo_4t,0.49426991419309185,2.5819398127635407
-1.0198191011030358,-0.7793133878263481,0.0,-0.41942022225801057,0.0,-0.0,0.0,1.0,0.0,0.9849529855792636,0.99087933658089,1373,1400,5,47.81255722327232,dumbbell,5,0,D,heatgeo_4t,0.49426991419309185,2.5435470330592005
-2.4438994215537475,-1.9186281950159507,0.0,0.21403531591671418,0.0,-0.0,0.0,1.0,0.0,0.9794365946341682,0.9863748213484768,580,1400,5,48.94985583734614,dumbbell,5,0,D,heatgeo_4t,0.4936317797639028,2.4954650594114893
-0.5968731893118064,-0.058364520314315674,0.0,-0.17958316141511002,0.0,-0.0,0.0,1.0,0.0,0.9824684098670416,0.9887350226199672,228,1400,5,50.09299982678168,dumbbell,5,0,D,heatgeo_4t,0.48795006088829296,2.563848567684783
-0.16596982394518792,0.6836649006176049,0.0,2.3132735767137476,0.0,-0.0,0.0,3.0,0.0,0.960346642809527,0.9756075870178792,421,1400,5,51.01762680425846,dumbbell,5,0,D,heatgeo_4t,0.49151391638966213,2.6753136083809683
-0.7644821509973967,-1.340816470083486,0.0,-0.17085566968885435,0.0,-0.0,0.0,3.0,0.0,0.982314107804216,0.989086164492032,51,1400,5,51.73309924448142,dumbbell,5,0,D,heatgeo_4t,0.49426991419309185,2.5819398127635407
-4.15536853313677,-3.9051930820904226,0.0,-0.08333265672786061,0.0,-0.0,0.0,3.0,0.0,0.981941095050923,0.9884223914207528,619,1400,5,52.21879784472452,dumbbell,5,0,D,heatgeo_4t,0.4967209643813406,2.3288857132859304
0.17086009939419988,1.0442927002358102,0.0,0.002617001698237946,0.0,-0.0,0.0,1.0,0.0,0.980033896371716,0.9883432619236104,503,1400,5,52.49937845416367,dumbbell,5,0,D,heatgeo_4t,0.4954783411268803,2.601490441260847
-1.2953459406728558,-0.2821525417033113,0.0,-0.33768447485735226,0.0,-0.0,0.0,2.0,0.0,0.9837351919442716,0.9904207920961304,1020,1400,5,52.621398144179125,dumbbell,5,0,D,heatgeo_4t,0.48795006088829296,2.5435470330592005
-0.4345089012446347,-0.5979324976283908,0.0,-0.5893216645870907,0.0,-0.0,0.0,1.0,0.0,0.9876520200401188,0.9925094179190488,208,1400,5,-18.64985342782336,dumbbell,5,0,D,heatgeo_t,0.4960755659258539,2.520624776209896
1.3166034581194146,1.4432380021934508,0.0,-0.36391904186846147,0.0,-0.0,0.0,1.0,0.0,0.9855129655856912,0.9910439186618272,362,1400,5,-12.074076382063264,dumbbell,5,0,D,heatgeo_t,0.49604761186494517,2.65712975374437
-0.20366158474599294,0.13332755973679652,0.0,1.1154198038293721,0.0,-0.0,0.0,2.0,0.0,0.9735442717625012,0.9828204988005228,1088,1400,5,2.2962247736213577,dumbbell,5,0,D,heatgeo_t,0.4917833172070756,2.6753136083809683
-2.020921770669469,-1.864439388962071,0.0,0.07024456419484627,0.0,-0.0,0.0,2.0,0.0,0.9820143824679736,0.9892010695239684,915,1400,5,16.512424390223224,dumbbell,5,0,D,heatgeo_t,0.49426991419309185,2.568640995320944
-1.7960827012974987,-1.695597761717295,0.0,-0.46585811246838077,0.0,-0.0,0.0,2.0,0.0,0.9869493562055088,0.9916801872561706,762,1400,5,21.74911536245209,dumbbell,5,0,D,heatgeo_t,0.49426991419309185,2.525360798539975
-0.15485497671490273,1.1228812542472015,0.0,1.7554898167130224,0.0,-0.0,0.0,1.0,0.0,0.9675201436209316,0.9820033202332812,333,1400,5,24.40076392053056,dumbbell,5,0,D,heatgeo_t,0.49174100830529255,2.6753136083809683
-3.950243419178294,-3.9448450564254682,0.0,0.4967209320317916,0.0,-0.0,0.0,1.0,0.0,0.9798149571428852,0.9866296387149956,509,1400,5,26.972586419979983,dumbbell,5,0,D,heatgeo_t,0.4967209643813406,2.3288857132859304
-2.252218352322714,-2.2715980589281437,0.0,0.027377851854111682,0.0,-0.0,0.0,1.0,0.0,0.983005884971747,0.9890726135432986,1146,1400,5,30.417879015943825,dumbbell,5,0,D,heatgeo_t,0.49426991419309185,2.568640995320944
-1.6519907636379905,-0.9568608237833115,0.0,0.19378858082941516,0.0,-0.0,0.0,1.0,0.0,0.9807163197690222,0.9882280594313928,656,1400,5,32.87920687152628,dumbbell,5,0,D,heatgeo_t,0.49426991419309185,2.559362367087669
0.6287525269026683,0.6098122504672714,0.0,0.6870952956833977,0.0,-0.0,0.0,2.0,0.0,0.9762908083576416,0.9854167170478446,371,1400,5,34.93024350368683,dumbbell,5,0,D,heatgeo_t,0.495507249047879,2.6681723195996208
-2.9364098002304453,-3.161280593248434,0.0,-0.033418803616503165,0.0,-0.0,0.0,1.0,0.0,0.9832484173442222,0.98949645249924,1399,1400,5,37.50867041004193,dumbbell,5,0,D,heatgeo_t,0.49595059504709993,2.4954650594114893
-2.8753598865442,-2.9469864039859988,0.0,-0.2673242273569676,0.0,-0.0,0.0,1.0,0.0,0.985448428507863,0.9907909432806042,1032,1400,5,39.94204071714431,dumbbell,5,0,D,heatgeo_t,0.49595059504709993,2.508763876854086
-1.6945856839849671,-1.949314785778902,0.0,-0.3387636172801508,0.0,-0.0,0.0,2.0,0.0,0.985831057829602,0.990144818195533,158,1400,5,41.70666760573813,dumbbell,5,0,D,heatgeo_t,0.49426991419309185,2.552825661292476
-0.4610265846744864,0.7957860506966576,0.0,-0.16429583741895398,0.0,-0.0,0.0,2.0,0.0,0.9836815324516132,0.9899355333847324,1071,1400,5,43.37483662264934,dumbbell,5,0,D,heatgeo_t,0.4917306472512055,2.563848567684783
1.542833912855483,2.186782796120571,0.0,0.4212248162237409,0.0,-0.0,0.0,2.0,0.0,0.9783138763932056,0.988274999465236,1219,1400,5,45.23724507872123,dumbbell,5,0,D,heatgeo_t,0.4965090668752402,2.679708999498571
-1.6269186227989278,-1.5906740205679601,0.0,-0.16915561803371257,0.0,-0.0,0.0,1.0,0.0,0.9837803115376368,0.9908954033639706,388,1400,5,46.655189345072365,dumbbell,5,0,D,heatgeo_t,0.49426991419309185,2.5819398127635407
-1.0130917050954251,-0.7725013213617563,0.0,-0.4176835706957502,0.0,-0.0,0.0,1.0,0.0,0.9864166708907148,0.991763240227721,1373,1400,5,47.81255722327232,dumbbell,5,0,D,heatgeo_t,0.49426991419309185,2.5435470330592005
-2.4446852747613907,-1.9127608087937602,0.0,0.2172750071547377,0.0,-0.0,0.0,1.0,0.0,0.981443809017524,0.9876988071980776,580,1400,5,48.94985583734614,dumbbell,5,0,D,heatgeo_t,0.4936317797639028,2.4954650594114893
-0.5970310611552611,-0.05897859085316332,0.0,-0.1770127464439432,0.0,-0.0,0.0,1.0,0.0,0.9841763927821102,0.9898288430179646,228,1400,5,50.09299982678168,dumbbell,5,0,D,heatgeo_t,0.48795006088829296,2.563848567684783
-0.19394936067918975,0.6648826613367308,0.0,2.3075216206929197,0.0,-0.0,0.0,1.0,0.0,0.964261900628592,0.9779963695348088,421,1400,5,51.01762680425846,dumbbell,5,0,D,heatgeo_t,0.49151391638966213,2.6753136083809683
-0.7648635008450342,-1.3371802540276045,0.0,-0.16812269581215936,0.0,-0.0,0.0,3.0,0.0,0.9840371054150188,0.9901454624247372,51,1400,5,51.73309924448142,dumbbell,5,0,D,heatgeo_t,0.49426991419309185,2.5819398127635407
-4.141527503968742,-3.869236886561216,0.0,-0.08044955590870997,0.0,-0.0,0.0,3.0,0.0,0.983700594870452,0.9895464782542062,619,1400,5,52.21879784472452,dumbbell,5,0,D,heatgeo_t,0.4967209643813406,2.3288857132859304
0.1702996506243819,1.0490552404258056,0.0,0.005993856110813362,0.0,-0.0,0.0,1.0,0.0,0.981981660919003,0.9894751853545176,503,1400,5,52.49937845416367,dumbbell,5,0,D,heatgeo_t,0.4954783411268803,2.601490441260847
-1.2893879148602434,-0.27595945343003264,0.0,-0.33536449755914166,0.0,-0.0,0.0,2.0,0.0,0.9853182504312096,0.991349324351023,1020,1400,5,52.621398144179125,dumbbell,5,0,D,heatgeo_t,0.48795006088829296,2.5435470330592005
0.899433564100493,1.9953063872633265,-1.2814922403899118,-0.6979274883655455,0.28968278809031417,-1.1689351574866134,0.549496254651832,2.0,0.2675498228053391,0.2532422278442378,0.6425671186918939,208,1400,5,-18.64985342782336,dumbbell,5,0,D,pca_denoise,0.028029210661159154,0.2553344585136176
-0.016455521617595604,0.324691943894448,-1.4369349478521565,-0.29367145118620996,0.37227394186729673,0.31471331163101124,0.5201899238093279,3.0,0.260522183969141,0.2294175057628518,0.5963008318147615,362,1400,5,-12.074076382063264,dumbbell,5,0,D,pca_denoise,-0.0909929943057135,-0.2642374731573692
0.671784749857245,1.212088201914626,0.1533723418347215,1.294943098604031,2.1615464119526444,0.9890989794117496,1.3682511049333421,1.0,0.2287835424819919,0.2348868910826292,0.6804482584158683,1088,1400,5,2.2962247736213577,dumbbell,5,0,D,pca_denoise,0.4719886242251914,1.3621675208174464
1.1442639941626302,1.0364972565425041,0.9984681343334098,-0.3107677452219956,0.5243704807802011,0.854221845855602,1.4677119314812612,3.0,0.2655455044183062,0.2537384791533298,0.6061377647151684,915,1400,5,16.512424390223224,dumbbell,5,0,D,pca_denoise,-0.2089071562991242,0.2912389471923222
0.7667588307013893,-0.36130440469614117,1.0199338497415331,-0.9062444121353771,-0.8190912454120377,-1.1689351574866134,-0.21536112121566056,4.0,0.2908996012137785,0.2048102046312693,0.5151486431802863,762,1400,5,21.74911536245209,dumbbell,5,0,D,pca_denoise,-0.4324775890261081,-0.3519694733432422
0.9067610417958805,1.9196391905855632,-0.46017264667603736,1.7963496210487748,2.4513793702604607,0.9890989794117496,0.7734873806575318,3.0,0.2207407913428012,0.2338221721429804,0.703053486257239,333,1400,5,24.40076392053056,dumbbell,5,0,D,pca_denoise,0.4748515592492366,1.4372571475678293
0.2707619401548104,-1.312395465842985,2.7855666537385213,-0.5747071980201893,-0.04853309093431507,0.9890989794117496,0.06140899806249927,1.0,0.2762816583908323,0.2195815285581575,0.5451478028842838,509,1400,5,26.972586419979983,dumbbell,5,0,D,pca_denoise,0.2632272280383907,0.5831186146248379
0.17252543137597315,-0.42968301451597307,1.6054054810572234,-0.28572973223134157,0.07535709192006691,0.9890989794117496,0.9922367691131755,4.0,0.2649410504486016,0.1990769141284904,0.5432390039249008,1146,1400,5,30.417879015943825,dumbbell,5,0,D,pca_denoise,-0.31060561463136366,0.3135245618707201
0.9832067290668918,-0.06543805676997808,0.7094039232264888,-0.1296444053410194,0.39190506067810804,0.854221845855602,1.2689103413994256,5.0,0.2593392001912764,0.2253511056806721,0.5619347233508944,656,1400,5,32.87920687152628,dumbbell,5,0,D,pca_denoise,0.07534678624062097,-0.17898018781925434
0.7835243919323994,1.7673730192145483,-0.543408070597989,0.4864787648386251,1.3404482118603929,0.7193447122994543,-0.3080598603805297,1.0,0.2339246034278211,0.250032369259892,0.6384077895677397,371,1400,5,34.93024350368683,dumbbell,5,0,D,pca_denoise,0.0963485221403454,0.12149295336429532
0.02175250169140521,-0.7796685621463861,1.9808168221696334,-0.36658650472877974,0.5965468737913013,0.854221845855602,0.2683727597231065,3.0,0.2561464038026826,0.2174523322821339,0.5709708781119948,1399,1400,5,37.50867041004193,dumbbell,5,0,D,pca_denoise,0.17736381639279053,0.551125372841184
-0.37569979784660057,-2.213436912743574,2.04134113041444,-0.7401289181005022,-0.5685668826911813,0.854221845855602,0.6659760866786408,3.0,0.2861654598605547,0.2054833765655549,0.5191870945888631,1032,1400,5,39.94204071714431,dumbbell,5,0,D,pca_denoise,-0.45927355261951996,0.19126468603198973
1.0249766812230647,0.42585988104703004,1.1847426950014441,-0.36901672882783587,-0.0654389531871064,0.9890989794117496,0.17544910150396653,5.0,0.2684220273498767,0.1999150846787792,0.5463311431708268,158,1400,5,41.70666760573813,dumbbell,5,0,D,pca_denoise,-0.3360599318964528,-0.08440602426347323
0.20524285675112106,-0.4992973708690023,-1.1272244263336768,-0.1292898687353128,0.3256684052683094,0.4495904451871589,-0.5956875386022815,1.0,0.2639557074671456,0.2364972873725722,0.5937984225601549,1071,1400,5,43.37483662264934,dumbbell,5,0,D,pca_denoise,-0.13826510469738557,-0.38232472506399834
0.7752302686000713,1.659186314392977,-2.4740143786666398,0.2039216774111436,1.6237032707887538,0.17983617807486355,0.33024854892405825,4.0,0.2439502823810411,0.2586020628833171,0.678847395052974,1219,1400,5,45.23724507872123,dumbbell,5,0,D,pca_denoise,0.4260937896814304,0.47350653509175306
1.1487985554315958,0.5006235625868437,0.563436722156688,-0.23089301570009763,0.3709630964219082,0.9890989794117496,0.17606721022003627,2.0,0.2686238087327574,0.2228236007578867,0.5989487673830771,388,1400,5,46.655189345072365,dumbbell,5,0,D,pca_denoise,-0.009927432022486193,0.21760029046336746
0.5676321861720293,0.4240769329846341,0.10739247935745998,-0.5549730352661782,0.4400561915682345,-0.2247952225935795,0.3358259616020605,3.0,0.2668322268976699,0.2334705605342278,0.6076608584901555,1373,1400,5,47.81255722327232,dumbbell,5,0,D,pca_denoise,-0.04130220640995064,0.1331512843515986
0.8364613943265957,-0.09957438719190673,1.6526958620865375,-0.20570070018608214,-0.32516783787663545,0.9890989794117496,0.1533188706516485,2.0,0.2796181299537207,0.2004436793825598,0.5180714571888305,580,1400,5,48.94985583734614,dumbbell,5,0,D,pca_denoise,-0.4321253634456924,0.384094402616331
-0.5620843497687753,-0.09205961988314357,0.056213709721727824,-0.16625787268330997,0.43639391230658653,0.5844675787433066,-0.4333314839120767,1.0,0.2567552412093187,0.2047462077443773,0.5699062149760776,228,1400,5,50.09299982678168,dumbbell,5,0,D,pca_denoise,-0.2214031960585991,0.13503893801615413
1.6512542903583984,1.5618206113500723,0.36344841308781883,1.6514697483043772,4.4529520879666915,0.9890989794117496,2.769405764130625,4.0,0.1492362923138546,0.3602331208647786,0.7888073783927181,421,1400,5,51.01762680425846,dumbbell,5,0,D,pca_denoise,0.49729151699182894,1.888802377807
1.3740529634436165,1.813151840522062,0.006987439367681519,-0.22244931572893992,0.8838025264943018,0.7193447122994543,1.086874529120262,3.0,0.2618565934961848,0.2509283364742354,0.6296053276228343,51,1400,5,51.73309924448142,dumbbell,5,0,D,pca_denoise,-0.01916563379905656,0.1695934475523737
-2.558428526311974,-2.8616389030491445,2.8766109834240607,-0.5967776933283884,-0.08919691725262476,0.9890989794117496,1.0495429054790415,2.0,0.282423823956123,0.2199055830609693,0.550602202173283,619,1400,5,52.21879784472452,dumbbell,5,0,D,pca_denoise,0.15907958661094979,0.4277857147310733
0.8817032041627738,2.0296053292216625,-2.0917376095685762,0.453484866090143,1.7676378487832287,0.854221845855602,0.47539159551816584,4.0,0.2361891809040896,0.2347570423189873,0.6712125541936892,503,1400,5,52.49937845416367,dumbbell,5,0,D,pca_denoise,0.4429915662753602,0.8481138428565118
0.10128354716039593,-0.2511923685381722,0.2545808290054767,-0.5414475451179331,0.1275561608898582,-0.3596723561497272,0.024740496935759353,3.0,0.2651410460572142,0.2220984544129096,0.5717706651281588,1020,1400,5,52.621398144179125,dumbbell,5,0,D,pca_denoise,-0.11966235901410022,0.09571296781620688
0.47611282899411245,-0.07743091782225853,0.3575215540912206,-0.7168991950854553,-0.050449025605958986,-0.8065766116786017,0.8781621354811524,1.0,0.3015288655051406,0.328079743627864,0.6369249643877105,208,1400,5,-18.64985342782336,dumbbell,5,0,D,plain,-0.06653273162741496,0.5379089841083278
0.4718529122195654,1.040001651839811,-3.478114559761304,-0.029996869848088064,-0.34225917168064296,1.0974730945790807,1.0592283964596183,4.0,0.348519591849957,0.3064316819937187,0.614748017487207,362,1400,5,-12.074076382063264,dumbbell,5,0,D,plain,-0.44855360277921563,-0.42689949273792843
0.6570392062564377,0.7936910872310947,1.124752486310817,1.6089631314913375,0.46165157511016336,1.7321563299983083,2.15533946396045,1.0,0.3073707740942948,0.3181938198222062,0.6457576247900587,1088,1400,5,2.2962247736213577,dumbbell,5,0,D,plain,0.11671068051642419,1.1000870412806525
0.6695425170436997,0.5923100979767164,0.8212879019062904,0.03427093354519603,0.7801467863504911,-0.8065766116786017,1.557500746101602,1.0,0.2488098607963318,0.3375310666456506,0.6553129281599028,915,1400,5,16.512424390223224,dumbbell,5,0,D,plain,0.4444921530439674,1.20959054403476
0.7094026674337024,0.9418625376761184,0.8512760130115311,-0.9384858874901809,-0.28672338450450535,-0.8065766116786017,1.2676290162075619,1.0,0.3055864662297464,0.3205808827678288,0.608802858238314,762,1400,5,21.74911536245209,dumbbell,5,0,D,plain,-0.3682179794173832,0.37569300477095297
0.8012904521560201,2.4498849272423064,-0.36501067325256686,3.8726525493743194,1.7942174566456386,1.7321563299983083,1.5473333858686955,1.0,0.2285245031281247,0.3473023294615589,0.9488384078801756,333,1400,5,24.40076392053056,dumbbell,5,0,D,plain,0.46337637097904216,1.4563349678915753
0.4790618894686739,-1.2810978906600068,2.8916697061182526,-0.7270975958616352,-0.055110973928460844,-0.8065766116786017,-0.7637561613112792,1.0,0.322803577398896,0.3000306009919674,0.5991711379130942,509,1400,5,26.972586419979983,dumbbell,5,0,D,plain,0.18194867831680217,0.9558184951998194
0.598506999324293,0.1268589642572254,0.3717854579460263,-0.2823212321215122,0.006851666437684834,-0.8065766116786017,0.3763270065370473,1.0,0.3155829007435466,0.3093877608160905,0.6161193361843151,1146,1400,5,30.417879015943825,dumbbell,5,0,D,plain,-0.3233773362154765,0.5152945428371888
0.5608800412926614,0.43552427625769097,2.0057301330591137,0.299661323156812,0.6929248001577304,-0.8065766116786017,0.9635625013460122,1.0,0.2621641353222941,0.3272846031643604,0.6483202089203871,656,1400,5,32.87920687152628,dumbbell,5,0,D,plain,0.24781674216551308,1.3837522045381427
0.6125653784065614,1.174698337571627,0.30521878420596155,1.367003453198541,1.0066349301778232,1.7321563299983083,1.2743484932542415,1.0,0.2465556143374539,0.3329551160033164,0.661933651664058,371,1400,5,34.93024350368683,dumbbell,5,0,D,plain,0.37340411969190135,1.0499558972607244
0.4840077621815157,-0.5877563175929024,2.5419556624645754,-0.6691488447696967,-0.060369774769140676,-0.8065766116786017,-0.1689614987323859,1.0,0.3178711985915008,0.3091290799870335,0.6049258723799733,1399,1400,5,37.50867041004193,dumbbell,5,0,D,plain,0.11357438723996771,0.8811056273356306
0.4521327322090851,-0.3141912557460826,3.167343851791992,-0.9278502121800549,-0.43589432963033026,-0.8065766116786017,0.30030140491981044,3.0,0.3347736596549232,0.3057172596810584,0.5936465748021296,1032,1400,5,39.94204071714431,dumbbell,5,0,D,plain,0.31842365682367557,0.9708838439971527
0.580233191859343,0.4324564656776207,-0.7668240507504018,-0.25742208524106575,0.9146495250338734,-0.8065766116786017,1.0116918743521952,2.0,0.2323924414108753,0.347729109116122,0.658142236287662,158,1400,5,41.70666760573813,dumbbell,5,0,D,plain,0.42909661383953823,1.0782510635406877
0.6546743626057795,1.4094353049501853,-0.20010520657904002,0.44551098405552647,0.472605272470994,1.4148147122886945,1.1262965355169758,1.0,0.2713520539264303,0.3263318326227568,0.6475615323673386,1071,1400,5,43.37483662264934,dumbbell,5,0,D,plain,0.21226101899880523,0.7871023773347304
0.7612543980954662,1.5654536663371392,-0.3936692112557958,0.6946206242988271,1.2216283899778961,1.7321563299983083,1.6864953152013409,1.0,0.2380468208030153,0.3413246768345849,0.69865867130158,1219,1400,5,45.23724507872123,dumbbell,5,0,D,plain,0.4645489297208488,1.1833098606642376
0.6781644914117789,1.3071172253465055,-0.3099659062223741,-0.0864747218939936,0.6075994026258849,-0.8065766116786017,1.2811322124408853,3.0,0.2583708623142055,0.3320859117778828,0.6554814284178794,388,1400,5,46.655189345072365,dumbbell,5,0,D,plain,0.2933589129323583,0.9009662267792526
0.5972443116479204,0.8973388402811949,-1.8758028748828104,-0.6550530164169718,-0.4580354488337996,-0.8065766116786017,1.1434100327062857,1.0,0.3457920153744907,0.3076552602995928,0.6087847798661917,1373,1400,5,47.81255722327232,dumbbell,5,0,D,plain,-0.4484640347570415,-0.13942364641852648
0.6555412069125721,0.5361597470853178,-0.15858473590316577,0.08637005339785211,0.35928652273509165,-0.8065766116786017,1.255078271604089,2.0,0.285248666114259,0.3148822790142526,0.6396387926234562,580,1400,5,48.94985583734614,dumbbell,5,0,D,plain,0.06309745649248333,0.9267020568077384
0.6617871833620443,0.8326147348177114,0.2792579405603103,-0.137261877683388,0.3872371204607689,-0.1718933762593742,1.606261118084258,2.0,0.2725489937695719,0.3249122667852601,0.6393523489500768,228,1400,5,50.09299982678168,dumbbell,5,0,D,plain,0.10434586110233557,0.6695470487849324
0.743997808411941,1.8134543463871187,1.6037014351212975,3.7307677053798227,1.55981745407925,1.7321563299983083,2.860363419857229,1.0,0.229007859937407,0.3514559354049393,0.9262168075775286,421,1400,5,51.01762680425846,dumbbell,5,0,D,plain,0.46000277060831785,1.2360829244162654
0.46110082892731563,0.33376895871479845,-0.4773020976012015,-0.154863419401898,0.4695925068945178,-0.8065766116786017,0.8674908859963955,3.0,0.2736992330211143,0.3194045220181345,0.6418833750084757,51,1400,5,51.73309924448142,dumbbell,5,0,D,plain,0.17135190808435818,1.109848610681928
0.5073789581075188,-0.8471272289340275,3.4282787741737044,-0.7958096020348312,0.0041245007767837715,-0.8065766116786017,-0.16571910585130956,6.0,0.3027804159916371,0.3152499414616435,0.6063962616610172,619,1400,5,52.21879784472452,dumbbell,5,0,D,plain,0.3908684706748655,0.16297737205480387
0.741403235839928,1.8206441773379978,0.1357347306183546,0.28436427874206355,1.0802290689020428,0.780131476869467,1.1465077267487471,2.0,0.2374758036965449,0.3408793383596583,0.66475010631067,503,1400,5,52.49937845416367,dumbbell,5,0,D,plain,0.4440058075708557,1.0375360401048164
0.5227399593361222,0.27640288357377024,-1.2887733092949747,-0.13459621533133287,0.2994678769447505,-0.8065766116786017,1.4494293467145758,1.0,0.2944678870958823,0.3180592301333498,0.6527671794503538,1020,1400,5,52.621398144179125,dumbbell,5,0,D,plain,0.01328662941725145,0.7537973391246536
2.1150582182314692,4.908986238567784,-0.5527969497548916,3.563768125374767,-3.7574575125029845,-999999999.9999999,-32.756725400184365,5.0,0.2142592911686041,0.310873557478388,0.5619083636114544,139,1400,5,-18.648436104658742,dumbbell,5,1,A,oracle,-0.2714412716778376,-0.24346346619531298
2.8197365278421644,4.932515873283903,0.019534598888523318,3.6857528211217816,-4.411656408277867,-999999999.9999999,-54.954164319203564,5.0,0.2315287008414502,0.3200234568870196,0.551400572072775,345,1400,5,-12.713530228899094,dumbbell,5,1,A,oracle,-0.09715811559818827,-0.0677294280121353
3.9968581201838473,5.563300915319254,0.9981346301741673,3.1876671974045925,-4.228825042836357,-937500000.0,-71.22106760801351,5.0,0.2316495008433286,0.3500367946701097,0.5775202747997286,567,1400,5,0.1361111065941988,dumbbell,5,1,A,oracle,0.14579253028672456,0.03917295527867883
4.166314909317022,6.687767898288677,0.7767433723542597,9.785865053880366,-4.6705282616655195,-124999999.99999999,-45.48022070005857,5.0,0.2563208896029613,0.3243994044246143,0.5560976086347316,957,1400,5,14.993673154711674,dumbbell,5,1,A,oracle,-0.3704932017666574,-0.469986557151371
6.129264777885564,8.949591501424349,3.067039617457191,43.08693314941234,-4.274368416350491,-0.0,-20.04414374000064,5.0,0.2378259605876614,0.339987935384785,0.5723540882040195,169,1400,5,22.341765314293752,dumbbell,5,1,A,oracle,0.4991950418642035,0.740196456889171
6.5257647541194075,9.192922636804463,1.140996703342507,43.256806143263944,-4.22990038888488,-0.0,-46.5422572104772,5.0,0.2304863727336632,0.3381410962495429,0.5788969611050414,1368,1400,5,25.02529101920981,dumbbell,5,1,A,oracle,0.49925009175468893,0.6386485525726912
6.7076990745553084,9.67480350249269,1.5028476516424845,38.915374153388626,-3.4397448053474826,-0.0,-23.62390132001921,5.0,0.2060831789019114,0.3641490348235384,0.5851917171576443,903,1400,5,27.73849062964975,dumbbell,5,1,A,oracle,0.49830170833842224,0.6916192749188498
7.0876562888626875,9.987963874840265,2.2623930938976944,40.40012532176324,-3.986969843086806,-0.0,-7.18501958680428,5.0,0.2393623810629772,0.3186037163513577,0.6115803829361037,39,1400,5,30.760044039331625,dumbbell,5,1,A,oracle,0.49965968233534086,0.9168873633833838
7.144499771622686,9.63904562887809,1.8303097360222913,40.75846926483331,-3.890566464996281,-0.0,1.0923627882993194,5.0,0.2418575673386693,0.3314347912310864,0.6116006624518606,140,1400,5,33.12776203089864,dumbbell,5,1,A,oracle,0.49927305858089854,0.8626279565256885
6.601116706869265,8.288476735033514,1.4664923251937336,12.944776415805897,-4.136580313386577,-124999999.99999999,-35.385083300793504,5.0,0.2339659743631833,0.3269808428888081,0.5820752427662887,531,1400,5,35.47080421059177,dumbbell,5,1,A,oracle,0.498611327839688,0.5913796370886837
6.833143273304404,8.909861876684706,1.1382463390888844,12.475627658900086,-3.7788893094979947,-124999999.99999999,-35.952050785243635,5.0,0.2255677252978427,0.339610644712448,0.5831456200284498,386,1400,5,37.986850446928834,dumbbell,5,1,A,oracle,0.4995108896270478,0.6537343461806361
8.27936500422903,10.735165527110839,0.20473735907728557,27.487534286820726,-1.7049052305803503,-0.0,-24.751507707400847,5.0,0.1600431951562909,0.3815987296906593,0.6277540254176096,885,1400,5,40.478276188156215,dumbbell,5,1,A,oracle,0.4974831757504935,0.8173743853724896
6.955811842467213,8.54591017722508,0.9942493330128171,7.519640361034063,-2.2375181184956596,-312500000.0,-38.97207319794848,5.0,0.1765276298020693,0.3846572963163772,0.6098522437694595,1096,1400,5,42.08098584554245,dumbbell,5,1,A,oracle,0.4994236847112391,0.8796596593563318
7.996527710850176,10.56007543706009,1.0158776479547977,27.035875436756964,-2.4800891424112423,-0.0,-23.090926960870213,5.0,0.1931417318977276,0.3664522429545357,0.6100097663506281,1141,1400,5,43.751403288728056,dumbbell,5,1,A,oracle,0.49680985123964516,0.6403562779162055
7.277399356334,9.750198854347023,0.7827291131838482,11.48822592182584,-3.8806640518328877,-437500000.0,-27.22791155260978,5.0,0.2238869737852087,0.3527327663996267,0.586349728366543,674,1400,5,45.23916779765625,dumbbell,5,1,A,oracle,0.49949801948683337,0.6593479746058905
7.832305547479767,10.346725517796672,1.0210467362221871,36.043335481947175,-3.152278620505897,-0.0,-26.333114756038302,5.0,0.1992215944756971,0.3225384031137793,0.6072316108310618,335,1400,5,46.60338607031162,dumbbell,5,1,A,oracle,0.499134559910414,0.9331109174272115
8.032753623518682,10.540119436837278,2.3852386685594706,28.82001876484693,-3.143050713322042,-0.0,-16.12669053211338,5.0,0.2127616603221113,0.35894137389893,0.6280923463144701,285,1400,5,48.33464711807166,dumbbell,5,1,A,oracle,0.49960154075507524,0.8826186767745243
8.268341053089278,10.432269028743999,1.830007814028799,27.433278446181514,-3.792577971023851,-0.0,-26.43840980270215,5.0,0.2208738423717888,0.3392252749316298,0.6133967329958468,1072,1400,5,49.35879749987033,dumbbell,5,1,A,oracle,0.4987508863041591,0.9209236530569607
8.19935830713041,10.259754178946242,2.217851886525368,20.312764369185782,-3.8380408545642934,-62499999.99999999,-29.290906627143443,5.0,0.2074827788363849,0.3674077612601495,0.5854996831239627,958,1400,5,50.19884762666368,dumbbell,5,1,A,oracle,0.4978986521359404,0.8644156659633413
8.089286696036574,10.477654827201443,2.9141367499166755,25.74597121333817,-3.217585502160323,-124999999.99999999,-29.02367696935678,5.0,0.2111557934897313,0.3502684153178033,0.6322396776973497,690,1400,5,51.11692640153936,dumbbell,5,1,A,oracle,0.4996046794269402,1.1436163194820328
8.321778872966705,10.515931101764952,0.0063516536523204065,23.312840596348288,-2.5586902847204347,-62499999.99999999,-54.39013504364483,5.0,0.199125660703168,0.3448124566119918,0.6324596212842303,872,1400,5,51.763859115045385,dumbbell,5,1,A,oracle,0.4995488169483713,1.058434062735873
8.080603426867198,10.40101137014362,1.1345317069779879,21.6690783290977,-2.847080494460003,-0.0,-26.174614032370528,5.0,0.2035782357508081,0.3518275611784792,0.6164555158445171,209,1400,5,52.22040232750707,dumbbell,5,1,A,oracle,0.49747470010200945,0.7511863016928514
7.7386299005793315,10.064470876495761,2.452136498433197,26.705945599736552,-3.589554354182185,-62499999.99999999,-37.498308635109346,5.0,0.2101814263256856,0.3138912829780023,0.6194437253702259,1008,1400,5,52.53552591527858,dumbbell,5,1,A,oracle,0.49979565919460456,1.0187426896820762
7.4572441200841695,9.747972672652441,1.5746549257421265,23.99252529272178,-3.4380142709131096,-62499999.99999999,-39.08203954517348,5.0,0.2239543099966228,0.3323371295648352,0.6012339094693114,576,1400,5,52.62139560662185,dumbbell,5,1,A,oracle,0.4991385582985213,0.8326602628292528
-25.944736733468886,-15.60563009415256,-1.2538971044049918,7.143026952106963,2.6435611503436545,0.8261865812208637,-3.5798060981842355,6.0,0.0936560189554533,0.218845902493946,0.4828136130293364,139,1400,5,-18.648436104658742,dumbbell,5,1,B,diffdist_t4,-0.19951449149372374,-1.4529971767509435
-39.65850237670053,-26.028604103879342,-1.3784755576331866,8.629808113772201,1.6922295395556448,0.8261865812208637,-2.795904927170776,6.0,0.1113826670066261,0.174241679404805,0.4328399965299908,345,1400,5,-12.713530228899094,dumbbell,5,1,B,diffdist_t4,-0.3894881826057655,-1.1704326255624709
-40.641674885187584,-30.55753051069473,-1.1212212269462674,8.515656176077364,2.459382507900806,0.8261865812208637,-1.0716898327778306,6.0,0.0873693481192776,0.2084446050839043,0.4012805957669903,567,1400,5,0.1361111065941988,dumbbell,5,1,B,diffdist_t4,-0.3329653672650055,-1.248635820480044
-37.282246015813584,-52.703167678423995,-1.1175279171949282,10.071948710879285,1.6221788850340058,0.7037885691881431,-3.883415566155464,6.0,0.0980053136877227,0.1949106113815817,0.3600680499980734,957,1400,5,14.993673154711674,dumbbell,5,1,B,diffdist_t4,-0.4239299422445732,-1.4251241806889021
-26.14858741672713,-30.300685164952508,-0.7505109235354538,14.127960376800305,-0.6201091401488504,0.8261865812208637,9.425190722759165,6.0,0.1379110318037788,0.1489166887426241,0.2930520463074343,169,1400,5,22.341765314293752,dumbbell,5,1,B,diffdist_t4,-0.46906280525088856,-1.5830109927933602
-29.326868348002886,-24.82381500801993,-0.7802343111628129,14.13043839153411,-0.7241808996813499,0.8261865812208637,5.283201016739527,6.0,0.1490002456419528,0.1500709390061437,0.2912916056641242,1368,1400,5,25.02529101920981,dumbbell,5,1,B,diffdist_t4,-0.4844200456521549,-1.603338859492613
-17.858122051337702,-26.715404872431225,-0.8044572386741585,13.803187711809812,-1.0546742637497082,0.8261865812208637,4.2489153835508,6.0,0.1485780312397245,0.1523832052376819,0.2725275984113813,903,1400,5,27.73849062964975,dumbbell,5,1,B,diffdist_t4,-0.4851904916445925,-2.1056431861256857
-38.44785839394315,-44.31646728252377,-0.88299539685046,13.054271556327414,-0.3639902486578417,0.8261865812208637,7.026311489633119,6.0,0.1371620106189352,0.1384598967087392,0.3067357923062156,39,1400,5,30.760044039331625,dumbbell,5,1,B,diffdist_t4,-0.48376490646489345,-1.6642501594237462
-25.647024112284733,-25.406309998895097,-0.6027737882209122,12.783759152553296,-0.45628265527151685,0.8261865812208637,8.323980145248909,6.0,0.1333063131996085,0.1566791533176408,0.3082191832717877,140,1400,5,33.12776203089864,dumbbell,5,1,B,diffdist_t4,-0.4575228121703663,-1.5603438417128592
-43.372196611741174,-32.726363717617694,-1.0936354039620506,10.499996923081987,1.0130383569080177,0.8261865812208637,-3.5292385668882846,6.0,0.1125213077930625,0.1792059795415943,0.3634741112810874,531,1400,5,35.47080421059177,dumbbell,5,1,B,diffdist_t4,-0.4232490176210716,-1.082548250566485
-30.172654425668743,-27.603198257081374,-1.1020260051751871,10.325182256096394,0.343627286549291,0.8261865812208637,-1.0689979064984223,6.0,0.1181108409274183,0.1761649251120308,0.3126155314412231,386,1400,5,37.986850446928834,dumbbell,5,1,B,diffdist_t4,-0.44906762541389994,-1.2821004709171702
-13.75069511296076,-14.525145658901156,-1.0119674273074954,11.797017369877608,-1.2626713212313303,0.8261865812208637,1.6901799256279602,6.0,0.1437014109103197,0.1763210954950029,0.2784082967673699,885,1400,5,40.478276188156215,dumbbell,5,1,B,diffdist_t4,-0.4862460304131999,-2.1286143923405985
-24.404116657991406,-29.752241853765486,-1.446590565226814,9.132038122965952,1.0027744411920603,0.8261865812208637,-5.0658455387166414,6.0,0.1063096635355345,0.1996807894535146,0.3213014400322596,1096,1400,5,42.08098584554245,dumbbell,5,1,B,diffdist_t4,-0.4170165577187556,-1.3060838295816466
-23.607183001315196,-26.948860074020224,-1.2721698955423473,12.064503234037852,-0.11776351656869934,0.8261865812208637,6.507375831205571,6.0,0.1273033273776241,0.1436098327656141,0.2840094478700903,1141,1400,5,43.751403288728056,dumbbell,5,1,B,diffdist_t4,-0.47600908584681745,-1.5323975035224127
-20.66252941453751,-26.74168275174652,-1.02194990543241,10.214832722887117,0.2579072434476002,0.8261865812208637,-1.2409816161846632,6.0,0.1261989115982352,0.170718766705745,0.3095403901389119,674,1400,5,45.23916779765625,dumbbell,5,1,B,diffdist_t4,-0.41591343148147614,-1.3983028509981539
-33.01873747506787,-38.586658059809174,-1.0417002962695316,13.551399676749837,-0.05239042884513545,0.8261865812208637,4.263614440987899,6.0,0.1185622725146152,0.1447831068223181,0.3022706186081406,335,1400,5,46.60338607031162,dumbbell,5,1,B,diffdist_t4,-0.4839119244743478,-1.4108112702828735
-26.116324861442898,-28.995129341014536,-1.1308397222670403,12.71168748226786,-0.27788684436250244,0.8261865812208637,4.684967444576951,6.0,0.1357864220382665,0.1622650730514386,0.2986746951184316,285,1400,5,48.33464711807166,dumbbell,5,1,B,diffdist_t4,-0.47975150703936276,-1.6642501594237462
-15.847160974925517,-24.49498015194784,-1.0010603932628286,12.104226679930383,-0.7489241035703549,0.8261865812208637,5.659253389899786,6.0,0.1426088417234179,0.158320684224179,0.2830560028302925,1072,1400,5,49.35879749987033,dumbbell,5,1,B,diffdist_t4,-0.4805727675116608,-1.680424944313503
-14.183873452409257,-19.633729538140084,-1.3165065697200313,11.461597978726491,-0.45381441744017736,0.8261865812208637,4.8407034764968495,6.0,0.1341119318133301,0.1733832136072119,0.2857149031898608,958,1400,5,50.19884762666368,dumbbell,5,1,B,diffdist_t4,-0.4803903634088644,-1.6593023109391762
-17.492820288120797,-22.85899165753057,-1.360111468519287,11.544062621809086,-0.21513005672669758,0.8261865812208637,2.3298379059459444,6.0,0.1291599539241548,0.1715691524559648,0.3022584169713764,690,1400,5,51.11692640153936,dumbbell,5,1,B,diffdist_t4,-0.47600908584681745,-1.5297489122931107
-14.11945000814489,-18.198870570178336,-1.4637602896605395,11.275407891042072,0.07080857320720269,0.8261865812208637,2.880558197450003,6.0,0.1225784125443802,0.179859864711416,0.2884330467267336,872,1400,5,51.763859115045385,dumbbell,5,1,B,diffdist_t4,-0.45966148634526943,-1.4442611083993677
-18.420592133777117,-25.263566952657882,-1.1858457652368422,11.315972547200325,-0.007012148430376399,0.8261865812208637,1.3728359992057095,6.0,0.1271353281647993,0.157638836130027,0.2954176127813024,209,1400,5,52.22040232750707,dumbbell,5,1,B,diffdist_t4,-0.4583759819771822,-1.481579005787906
-25.80363747300478,-39.47925761960935,-0.9508802749434996,12.704093166510352,0.11924413913289454,0.8261865812208637,1.596528680758438,6.0,0.1260293275001782,0.1593539973173289,0.3173251629154762,1008,1400,5,52.53552591527858,dumbbell,5,1,B,diffdist_t4,-0.46508546876134976,-1.5323975035224127
-21.01336743492763,-25.834424931160253,-1.023219820563177,12.299421488992474,-0.05045361446386388,0.8261865812208637,2.4946625882914373,6.0,0.1314110106967312,0.1629639151384156,0.3127101599157054,576,1400,5,52.62139560662185,dumbbell,5,1,B,diffdist_t4,-0.4583759819771822,-1.481579005787906
-6.973327852175239,-0.0023959173791494523,-1.4314506299972416,87.27209886538613,1.4624205525181304,0.14572412681672292,-3.0274797488468765,6.0,0.0499136609426324,0.0556263329260242,0.4334795032992708,139,1400,5,-18.648436104658742,dumbbell,5,1,B,diffdist_t8,-0.4685992443379997,-1.7437045576105714
-24.980128213806882,-5.2623957816342175,-1.3808724450498753,81.13334352288521,0.45888019198603686,0.5828965072668917,-5.559058078760397,6.0,0.0530296683258852,0.0370691509934569,0.3375549003734756,345,1400,5,-12.713530228899094,dumbbell,5,1,B,diffdist_t8,-0.45134734821771716,-1.13998124521738
-31.812969232511296,-7.747004120895595,-1.3075735212026007,77.00430610619105,0.027045413418573076,0.43717238045016876,-5.54425247908343,6.0,0.0645100847254769,0.0485990903658886,0.3063039331911196,567,1400,5,0.1361111065941988,dumbbell,5,1,B,diffdist_t8,-0.47665636273891854,-1.13998124521738
-165.80848604469148,-42.92565561742461,-1.3464704413926247,61.53531800959621,-1.0259505961131652,0.7286206340836145,-3.333994924587969,6.0,0.0593385385945308,0.0362266718674862,0.1628952361885561,957,1400,5,14.993673154711674,dumbbell,5,1,B,diffdist_t8,-0.4853897277773426,-2.2251955175887166
-105.13390506659793,-81.94262023830109,-1.0909599524220603,69.2786502589367,-1.6104534998641618,0.7286206340836145,2.2261536652929395,6.0,0.0567067102796184,0.0264066421288906,0.1295114148498386,169,1400,5,22.341765314293752,dumbbell,5,1,B,diffdist_t8,-0.4914730107009834,-2.424831348596469
-175.03303675948632,-80.24270439799226,-1.1685397596269684,64.57816321791267,-1.7853797832572387,0.7286206340836145,2.1772022972494383,6.0,0.0540028474151061,0.0246973021486884,0.1049971839529036,1368,1400,5,25.02529101920981,dumbbell,5,1,B,diffdist_t8,-0.4914730107009834,-2.4175732295235
-407.8749873023812,-129.31030063556534,-1.2538170009577567,53.35799297925332,-2.2786889315801604,0.5828965072668917,-1.6880664506272092,6.0,0.0548139888231478,0.0246764394037867,0.0724561203995063,903,1400,5,27.73849062964975,dumbbell,5,1,B,diffdist_t8,-0.4909457460257686,-2.277407113199865
-333.21227725525756,-108.72918688886745,-1.1753500461946182,64.87596722200718,-1.929887958970567,0.7286206340836145,0.08357268916820922,6.0,0.0534009195421852,0.0211130908798711,0.0948425725081379,39,1400,5,30.760044039331625,dumbbell,5,1,B,diffdist_t8,-0.4914730107009834,-2.4404790871622963
-310.7045544657289,-139.3660910417175,-1.172350566517799,59.293691450933366,-2.12534754034202,0.7286206340836145,-0.6135389778513228,6.0,0.0558904485245618,0.0207126928327367,0.0807578601520366,140,1400,5,33.12776203089864,dumbbell,5,1,B,diffdist_t8,-0.4909457460257686,-2.4404790871622963
-236.10666040761234,-67.20225693977447,-1.2819847838443388,56.23030890658227,-1.4106743066873226,0.43717238045016876,-4.610310026006183,6.0,0.0676550378376935,0.0416473799741385,0.1343295219299994,531,1400,5,35.47080421059177,dumbbell,5,1,B,diffdist_t8,-0.4891580950205074,-2.303247366608155
-414.64886512641766,-110.19431463083318,-1.352864966996248,49.572545225911796,-1.8837336836754648,0.7286206340836145,-2.6524603233004473,6.0,0.0578505156845251,0.0268632271787332,0.1022718669022244,386,1400,5,37.986850446928834,dumbbell,5,1,B,diffdist_t8,-0.4909457460257686,-2.2453314603322916
-525.9901484717583,-235.848282435015,-1.3623351355521223,39.87198689384491,-2.80866079607369,0.7286206340836145,-2.5152049281349944,6.0,0.0603637776638667,0.0223331422757807,0.0697002184935377,885,1400,5,40.478276188156215,dumbbell,5,1,B,diffdist_t8,-0.4905975444396126,-2.5285503421576943
-107.76640376216122,-28.076241134403798,-1.4878223487745357,63.331422457042386,-0.9631902618596615,0.7286206340836145,-3.0642175052638314,6.0,0.055437054603802,0.028482659650385,0.1694860470153962,1096,1400,5,42.08098584554245,dumbbell,5,1,B,diffdist_t8,-0.4818581139914919,-1.909404106654558
-711.5379471000508,-208.91232967094246,-1.327003314624735,40.94688101152248,-2.8029217954673875,0.7286206340836145,-3.580472027046137,6.0,0.058740745473954,0.0198801589692564,0.0720894372362728,1141,1400,5,43.751403288728056,dumbbell,5,1,B,diffdist_t8,-0.49093901962887154,-2.497119601372403
-442.9078032268913,-110.45489180380211,-1.373978013182403,49.5436226690977,-1.8745906077630687,0.7286206340836145,-2.675180255568616,6.0,0.0565335013133589,0.0288034447112877,0.1010929836170283,674,1400,5,45.23916779765625,dumbbell,5,1,B,diffdist_t8,-0.4909457460257686,-2.2453314603322916
-403.844095247585,-193.0612856882271,-1.3117211574697007,42.68698118881595,-2.6657405451227967,0.7286206340836145,0.7017614055865803,6.0,0.0589215059292548,0.0252203169549627,0.0679823399847427,335,1400,5,46.60338607031162,dumbbell,5,1,B,diffdist_t8,-0.49313942014793327,-2.738585964343308
-364.0198616774032,-180.00762924314213,-1.3285688930331836,41.17937641233993,-2.5307028615387734,0.7286206340836145,-3.0923238857665627,6.0,0.0596847784731782,0.0241869520556222,0.0796073561455174,285,1400,5,48.33464711807166,dumbbell,5,1,B,diffdist_t8,-0.49313942014793327,-2.33628089093898
-585.359834517043,-215.13927904253188,-1.317662792058371,40.94032246827523,-2.7961592900114445,0.7286206340836145,-1.845896390635412,6.0,0.0609360423259637,0.0253776334530884,0.0710748485230829,1072,1400,5,49.35879749987033,dumbbell,5,1,B,diffdist_t8,-0.4905975444396126,-2.5167983147914996
-773.7314003060843,-230.2515692451096,-1.347488614667984,39.900045749866095,-2.6606177541257976,0.7286206340836145,-2.756485122537759,6.0,0.0588945378676758,0.0228638884315165,0.0759067110723304,958,1400,5,50.19884762666368,dumbbell,5,1,B,diffdist_t8,-0.49313942014793327,-2.456820480658938
-804.964954850908,-233.95176258951378,-1.3532727542968037,39.649572391655475,-2.6711793410476434,0.7286206340836145,-3.563309372167999,6.0,0.057334937987259,0.0253662464138739,0.0748417757032618,690,1400,5,51.11692640153936,dumbbell,5,1,B,diffdist_t8,-0.49338919642684226,-2.42434808568306
-551.6504895223061,-228.3254149897853,-1.3381049550966073,40.30090739591012,-2.5508051639072242,0.7286206340836145,-3.5043249692023686,6.0,0.0596395399039257,0.027364971370002,0.0733433620302066,872,1400,5,51.763859115045385,dumbbell,5,1,B,diffdist_t8,-0.49338919642684226,-2.333259459724644
-504.9915068095545,-222.37040353372234,-1.3407605022296378,40.44723990804531,-2.539405286135115,0.7286206340836145,-3.063960716208265,6.0,0.0601962365104246,0.0285342935404945,0.0755976544496739,209,1400,5,52.22040232750707,dumbbell,5,1,B,diffdist_t8,-0.49313942014793327,-2.333259459724644
-334.2265842856204,-153.8210988209453,-1.3291535138065416,41.99524956215465,-2.4193234135529544,0.5828965072668917,-0.0066642524503621944,6.0,0.0669168810946351,0.0335323509952489,0.0840788972589234,1008,1400,5,52.53552591527858,dumbbell,5,1,B,diffdist_t8,-0.49313942014793327,-2.520390340622908
-231.54866517891227,-96.680649241696,-1.3441002341159614,44.05504885516729,-2.345185146313998,0.7286206340836145,-1.9616733346459474,6.0,0.0653432004042796,0.0280348414100483,0.0949054452816691,576,1400,5,52.62139560662185,dumbbell,5,1,B,diffdist_t8,-0.49260764381752103,-2.3051748090750928
3.80323032097909,1.4793070535573871,-0.33112031054392876,0.4518510178592538,2.099766437524843,0.64549722151076,2.645667702290875,3.0,0.2336527506503668,0.2372418997807207,0.6282160263231853,139,1400,5,-18.648436104658742,dumbbell,5,1,B,fb_potential,0.11776773313884048,0.4556831589048453
0.7734430151889965,-1.1880799105161923,2.445426511839441,-0.7747036273987338,-0.2784627145695456,0.09221388878725147,1.5275377177433747,4.0,0.2377546367255998,0.1943841048151241,0.5477970960994446,345,1400,5,-12.713530228899094,dumbbell,5,1,B,fb_potential,0.12439487700808571,0.3722663355201698
0.23823907032835323,-0.7253044706464387,3.6494980678794877,0.26969315780203384,-0.6036773721501059,0.64549722151076,3.0587680968838535,5.0,0.2445907373761543,0.21174989307318,0.5576615254579528,567,1400,5,0.1361111065941988,dumbbell,5,1,B,fb_potential,0.3387356941518084,0.10598471684946714
-2.6461065408250755,-1.9499537977892343,3.370671451127867,-0.40868938286136286,-1.002428127819194,0.64549722151076,0.409128574245815,4.0,0.2403094373038249,0.1813199297977585,0.5216738537241103,957,1400,5,14.993673154711674,dumbbell,5,1,B,fb_potential,0.21716887561195453,-0.0534480235798702
-2.3994335078202105,-1.058258237745061,2.759668656490248,-0.7584057795183019,-4.517264317734079,0.64549722151076,3.2830292605625,3.0,0.2741780930380811,0.1839275252221548,0.485745393631158,169,1400,5,22.341765314293752,dumbbell,5,1,B,fb_potential,-0.48849679914860883,-1.5329730394507908
-5.2782457928626805,-2.756042902815494,2.7657158108351583,-0.4672807851887514,-3.520781352737531,0.64549722151076,3.0590524832700363,1.0,0.267394199526737,0.1841643717857156,0.4984461299307031,1368,1400,5,25.02529101920981,dumbbell,5,1,B,fb_potential,-0.451825317862037,-0.7758350688340185
-4.373445719171128,-2.300560100454492,2.511640223302664,-0.9583661126042837,-4.647299629404451,0.64549722151076,3.0828618704685558,6.0,0.2799128547476363,0.2010930154330634,0.4934117536071195,903,1400,5,27.73849062964975,dumbbell,5,1,B,fb_potential,-0.4836811217621494,-2.4953958617197416
-2.6497432727850248,-2.3263768392613717,0.2762256393913591,1.8473002632858693,-0.06322684695237828,0.64549722151076,3.5624569717503056,2.0,0.246512694739112,0.1915688204589563,0.563408758523005,39,1400,5,30.760044039331625,dumbbell,5,1,B,fb_potential,-0.30096371179619874,0.04415472573725692
-1.7588654359834608,0.3833002816096399,1.5929238085347712,3.600911254118269,0.6614296141694638,0.64549722151076,4.198851176826177,2.0,0.2284559401204617,0.1843530507533738,0.5539325958425648,140,1400,5,33.12776203089864,dumbbell,5,1,B,fb_potential,-0.2682939626003653,0.11153260618542161
-1.794876445275851,-0.7717515442620823,3.328887663632878,-0.46469165070110535,-1.5190711127040715,0.64549722151076,2.8668157115526465,3.0,0.2513999378547916,0.2044785817998502,0.5329982280311831,531,1400,5,35.47080421059177,dumbbell,5,1,B,fb_potential,0.2555140454471372,0.01111991525699104
-1.6569689502853073,-2.6513818760172065,3.5924817622367606,3.0490896290781166,1.8704810557745557,0.64549722151076,5.153618206148094,3.0,0.233882556565507,0.202660085926729,0.5994574684779194,386,1400,5,37.986850446928834,dumbbell,5,1,B,fb_potential,0.43709945331884204,0.5857592923756307
-2.2382798776247474,-0.4685142470491426,1.4815024870943636,2.192914261223313,0.015090119294749805,0.64549722151076,4.457053003053485,4.0,0.2515501752413484,0.2176760126065828,0.5708588209624498,885,1400,5,40.478276188156215,dumbbell,5,1,B,fb_potential,-0.1110764917528535,-0.00633650734190769
-3.3575762170240555,0.48361299441990385,-0.6057895508894335,1.3081419913803238,1.448699852536057,0.64549722151076,3.523065639691211,1.0,0.2445606962633742,0.241275276339172,0.629209144733089,1096,1400,5,42.08098584554245,dumbbell,5,1,B,fb_potential,-0.039346107533962726,-0.29802655693850666
-4.629600508500864,-2.089382975852904,2.8958996102757815,2.393953793836353,1.3298207962031663,0.64549722151076,1.4540726428543334,1.0,0.2301273736791108,0.1985172160340523,0.5703120477152805,1141,1400,5,43.751403288728056,dumbbell,5,1,B,fb_potential,0.39289842680949794,0.24561736081157018
-0.285938925391596,0.7130198083759361,-2.985051087936883,0.07117151417600515,0.639945285380253,-1.8442777757450284,-1.2402182601274871,1.0,0.2579980010819952,0.2423684507523624,0.6271353504540159,674,1400,5,45.23916779765625,dumbbell,5,1,B,fb_potential,-0.2627217392001834,-0.0884277509925368
-0.5884930652561672,0.2812427716594081,1.9736964102129353,-0.585463848360408,-1.8001286179221263,0.64549722151076,3.5534847072957136,5.0,0.2393704160863513,0.1987389425727757,0.5277229122514094,335,1400,5,46.60338607031162,dumbbell,5,1,B,fb_potential,-0.4714292072371369,-0.7288046944870598
-0.0923283939160206,-0.773275264801645,3.483908286250297,-0.2887790785708195,-2.5658204159215834,0.64549722151076,1.848578558326788,5.0,0.2645753385395349,0.200703378819859,0.5229829705054487,285,1400,5,48.33464711807166,dumbbell,5,1,B,fb_potential,-0.21974314362096292,-0.27517279557766244
-3.2014678871512334,-1.781466131566012,2.64531295438874,2.6969789134662303,0.5225047917385045,0.64549722151076,4.068688914680199,2.0,0.2380054746813881,0.1870288892428921,0.5652182567974533,1072,1400,5,49.35879749987033,dumbbell,5,1,B,fb_potential,0.15296026390858286,0.15694946333324195
0.08676428964700404,0.12777783848305663,-0.3252869669949263,0.9094646688639334,-1.626019509858273,0.64549722151076,0.7303742016463537,2.0,0.2771054315404123,0.2271908209880895,0.5782558449255074,958,1400,5,50.19884762666368,dumbbell,5,1,B,fb_potential,-0.40068711521775824,-0.470951245409971
-1.6359922455508997,-0.547404916312609,2.0080621600395623,2.1427711234044833,-0.23173766058079515,0.36885555514900575,3.235511655037524,3.0,0.2604456010434365,0.2094033971380905,0.5673527341292296,690,1400,5,51.11692640153936,dumbbell,5,1,B,fb_potential,-0.2936038189389375,0.2896404341799929
-0.5370470419771721,0.15418322978544854,-1.7757224458242633,3.1339328692964497,1.8247132509784159,0.64549722151076,-0.043083456027363895,4.0,0.2302612718959553,0.1994262948428183,0.5962638114196677,872,1400,5,51.763859115045385,dumbbell,5,1,B,fb_potential,-0.0025433957982554656,-0.12529907985559774
-4.443912212983081,-0.3951833139782225,2.7576521242702823,3.1273981283110786,2.044980054661237,0.64549722151076,3.4929067406837655,3.0,0.2320958983034742,0.2025454172819888,0.6049230530266205,209,1400,5,52.22040232750707,dumbbell,5,1,B,fb_potential,0.28305641718181807,0.19349384048298865
0.3715528440348185,-1.5754259318846704,2.6577686059743564,-0.33768365508128023,-1.1895031224189139,0.64549722151076,2.913786369899017,3.0,0.2452939377088471,0.1954215177944342,0.5422108219565153,1008,1400,5,52.53552591527858,dumbbell,5,1,B,fb_potential,0.17628903861753753,0.36108043848251054
-1.1131778225957785,-0.27941964235266975,2.4888916591649064,-0.3355890919928517,-0.5229511495080926,0.64549722151076,1.6600653202503477,1.0,0.2370835693355046,0.1985638445670241,0.5411580690862349,576,1400,5,52.62139560662185,dumbbell,5,1,B,fb_potential,-0.0838116474972938,0.48057862765657805
-1.475977053121466,-1.4588348009133303,-0.9046698864934086,-0.7783238484765811,0.6375239222904198,-124999999.99999999,-0.16998070163949408,5.0,0.0,0.8926833172519486,0.9256462135722138,139,1400,5,-18.648436104658742,dumbbell,5,1,B,heatgeo_4t,0.4968930586764023,1.204549009586773
-1.645878259622072,-1.8920885825161844,-0.866323880192606,-0.7387785983577654,0.6375239222904198,-187500000.0,-0.220066504474891,5.0,0.0,0.8933180541391804,0.9255474020931388,345,1400,5,-12.713530228899094,dumbbell,5,1,B,heatgeo_4t,0.4967100284806837,1.1223676867654158
-0.6449206344848829,-1.019980768501316,-0.8924232270692837,-0.7985620259341555,0.6375239222904198,-0.0,-0.11350533784895593,5.0,0.0,0.897305146930321,0.9257295963068174,567,1400,5,0.1361111065941988,dumbbell,5,1,B,heatgeo_4t,0.49343346215158634,1.4263758696401472
-1.720222847655817,-2.3574218276179426,-0.8452941917265473,-0.4474445029947249,0.6375239222904198,-0.0,-0.0740462698137235,5.0,0.0,0.8813795312029116,0.91995269309996,957,1400,5,14.993673154711674,dumbbell,5,1,B,heatgeo_4t,0.49343346215158634,1.504176069354287
-0.7957566337419164,-1.581175009469155,-0.8732129006631117,0.6806310735244495,0.6375239222904198,-0.0,-0.25688915787683314,5.0,0.0,0.8799075816914743,0.912872677329006,169,1400,5,22.341765314293752,dumbbell,5,1,B,heatgeo_4t,0.4938656892101104,1.6096461396236903
-1.2995850302091168,-2.1390857164531742,-0.8828632738836505,0.6914381383308236,0.6375239222904198,-0.0,-0.2423291195457136,5.0,0.0,0.8772153452385336,0.912294705853348,1368,1400,5,25.02529101920981,dumbbell,5,1,B,heatgeo_4t,0.4938656892101104,1.6096461396236903
-0.27960145491566785,-1.3787715836617978,-0.882402624940443,0.23198692392936646,0.6375239222904198,-0.0,-0.2333223636718033,5.0,0.0,0.8824995774318031,0.9123832318707236,903,1400,5,27.73849062964975,dumbbell,5,1,B,heatgeo_4t,0.49577113718820387,1.5474562661352558
-1.5129487516848592,-2.257913875328202,-0.8458423862554927,0.7855025865413036,0.5945083320236089,-0.0,-0.157022306185143,5.0,1.9965621339766673e-08,0.8685762023678401,0.916109259650608,39,1400,5,30.760044039331625,dumbbell,5,1,B,heatgeo_4t,0.4938656892101104,1.6096461396236903
-1.7382275620770806,-2.0236927835306138,-0.7281508637098285,0.6058279789619355,0.5483205445942424,-62499999.99999999,-0.21251746453509887,5.0,4.1464686393855385e-08,0.8689921860651754,0.9141139319594824,140,1400,5,33.12776203089864,dumbbell,5,1,B,heatgeo_4t,0.4959707818491993,1.7901010558630805
-1.453681636204112,-1.9560420828578202,-0.8606672141782828,-0.3613031287849687,0.6375239222904198,-0.0,-0.11932902180701545,5.0,0.0,0.8792408070213411,0.9215252937176752,531,1400,5,35.47080421059177,dumbbell,5,1,B,heatgeo_4t,0.49343346215158634,1.5316409321067876
-1.5087056083681005,-2.341053437998992,-0.8650322465702219,-0.39402238327881994,0.6375239222904198,-0.0,-0.1043757525351169,5.0,0.0,0.8833658695905082,0.9200446289410612,386,1400,5,37.986850446928834,dumbbell,5,1,B,heatgeo_4t,0.49343346215158634,1.5316409321067876
-0.4749145248787185,-1.4357220463337053,-0.8858963318393026,-0.12769751248821473,0.6375239222904198,-0.0,-0.17324639623616023,5.0,0.0,0.8793909381157827,0.9148325336405456,885,1400,5,40.478276188156215,dumbbell,5,1,B,heatgeo_4t,0.49577113718820387,1.5474562661352558
-0.8437845473255852,-0.9233216825092271,-0.852680879643911,-0.6452718027064887,0.6375239222904198,-249999999.99999997,-0.14912443947260362,5.0,0.0,0.889843571666658,0.922957066557238,1096,1400,5,42.08098584554245,dumbbell,5,1,B,heatgeo_4t,0.4967100284806837,1.11308905853214
-1.1770675738790493,-2.2333528906333227,-0.7546282933553372,0.021322290440908845,0.5986366203149354,-187500000.0,-0.17468986307158163,5.0,1.798817673101955e-08,0.8745590697577815,0.9153532314452176,1141,1400,5,43.751403288728056,dumbbell,5,1,B,heatgeo_4t,0.4959104776209201,1.7175671448857608
-0.7969442252081863,-1.9326634233949558,-0.900082582546954,-0.39225356464855166,0.6375239222904198,-62499999.99999999,-0.1630062648890088,5.0,0.0,0.8840488418019421,0.9182694337904862,674,1400,5,45.23916779765625,dumbbell,5,1,B,heatgeo_4t,0.4968930586764023,1.2584865349823569
-1.64541269269153,-2.6044456668283833,-0.7065048422271277,0.3959801700752644,0.46304954170803153,-62499999.99999999,-0.10704453140033086,5.0,7.554220779730294e-08,0.8662634606822736,0.9137530006591208,335,1400,5,46.60338607031162,dumbbell,5,1,B,heatgeo_4t,0.4956862370334828,1.7175671448857608
-1.5554753387096782,-2.3919250025725836,-0.874260821777776,-0.015306954845264105,0.6375239222904198,-0.0,-0.23326547773514567,5.0,0.0,0.8742456552671756,0.9155164152942667,285,1400,5,48.33464711807166,dumbbell,5,1,B,heatgeo_4t,0.49382628442595844,1.5474562661352558
-1.6222508283642016,-2.5029814413071643,-0.8853787439868168,0.18623195660233355,0.6375239222904198,-0.0,-0.1273659553045101,5.0,0.0,0.872790872884746,0.9142380101234666,1072,1400,5,49.35879749987033,dumbbell,5,1,B,heatgeo_4t,0.49382628442595844,1.5474562661352558
-0.9251989439895633,-2.182261016866124,-0.88849098948163,-0.1375008581071595,0.6375239222904198,-0.0,-0.15820166763309174,5.0,0.0,0.8800028800456178,0.915677344363006,958,1400,5,50.19884762666368,dumbbell,5,1,B,heatgeo_4t,0.49382628442595844,1.5474562661352558
-1.2936858032716116,-2.102243795268251,-0.7867624405098136,-0.023417271535096696,0.5959582592578865,-0.0,-0.10737446983294517,5.0,1.9270296634406083e-08,0.8718971094221083,0.915822494434714,690,1400,5,51.11692640153936,dumbbell,5,1,B,heatgeo_4t,0.4934584103079319,1.9229562518845391
-0.8403589611745655,-1.6158997903190144,-0.886133406184912,-0.042949669396575164,0.6375239222904198,-0.0,-0.13111203230607735,5.0,0.0,0.8724862643851903,0.9164094499595856,872,1400,5,51.763859115045385,dumbbell,5,1,B,heatgeo_4t,0.49382628442595844,1.5474562661352558
-1.1806395091885158,-2.274277137999202,-0.8410693388299068,-0.06322870822528857,0.6000132620182071,-62499999.99999999,-0.19272712331723016,4.0,1.733041085881523e-08,0.8729534398567683,0.916451288329316,209,1400,5,52.22040232750707,dumbbell,5,1,B,heatgeo_4t,0.4967420598816037,1.274301869010825
-2.2526944932498787,-2.8201778415511454,-0.8293895095726961,0.12879439340507523,0.593218067305077,-0.0,-0.25314396454030136,5.0,2.0585101862463983e-08,0.8729944147676009,0.920615060149146,1008,1400,5,52.53552591527858,dumbbell,5,1,B,heatgeo_4t,0.49384974937765314,1.5474562661352558
-1.2180544120396213,-1.9410288079683682,-0.8544054822855021,-0.04238613960248187,0.6375239222904198,-124999999.99999999,-0.1974800261685729,5.0,0.0,0.8720237230718496,0.9167064864700352,576,1400,5,52.62139560662185,dumbbell,5,1,B,heatgeo_4t,0.4968930586764023,1.274301869010825
-1.4721027040554935,-1.4642878543164346,-0.7837072120795869,-0.7695185617315098,0.5175176977085318,-0.0,-0.08233895034234834,5.0,0.0,0.902903898182953,0.93259635245743,139,1400,5,-18.648436104658742,dumbbell,5,1,B,heatgeo_t,0.4934584103079319,1.7196945325680735
-1.6615571290255102,-1.914764787440044,-0.7744608128633304,-0.7314990326577984,0.5175176977085318,-0.0,-0.10546870781410193,5.0,0.0,0.9034788538048124,0.9325003639559636,345,1400,5,-12.713530228899094,dumbbell,5,1,B,heatgeo_t,0.4914384735822539,1.7196945325680735
-0.6346195250454758,-1.0256967155130197,-0.7837072120795869,-0.7900301752673153,0.5175176977085318,-0.0,-0.05332086100331244,5.0,0.0,0.9070614307833472,0.93266585258518,567,1400,5,0.1361111065941988,dumbbell,5,1,B,heatgeo_t,0.4934584103079319,1.8018758553894307
-1.7621882498836074,-2.4204853879131427,-0.7745518886886991,-0.45240048272677086,0.5175176977085318,-0.0,-0.06704512705583086,5.0,0.0,0.8927578081304107,0.9274612043780665,957,1400,5,14.993673154711674,dumbbell,5,1,B,heatgeo_t,0.4914384735822539,1.8796760551035705
-0.8250971022521366,-1.6528353079696512,-0.7808982493785788,0.7074351160528299,0.5175176977085318,-0.0,-0.1266022366005252,5.0,0.0,0.891441146826742,0.9210856432635608,169,1400,5,22.341765314293752,dumbbell,5,1,B,heatgeo_t,0.49350014775429873,1.9851461253729727
-1.3401603738281982,-2.22774143506008,-0.7837072120795869,0.7212841891641087,0.5175176977085318,-0.0,-0.12017868239346281,5.0,0.0,0.8890270067310451,0.920559491788823,1368,1400,5,25.02529101920981,dumbbell,5,1,B,heatgeo_t,0.49350014775429873,1.9851461253729727
-0.29235237716768786,-1.443560266511324,-0.7741396346011122,0.21300958100424575,0.5175176977085318,-0.0,-0.0770249412879302,5.0,0.0,0.893766135600646,0.9206436038244136,903,1400,5,27.73849062964975,dumbbell,5,1,B,heatgeo_t,0.4941310958698618,1.9229562518845391
-1.5637094772234374,-2.3412216536663877,-0.7837072120795869,0.8242003223155133,0.5175176977085318,-0.0,-0.0823373996153705,5.0,0.0,0.8812846641087748,0.9240012104992372,39,1400,5,30.760044039331625,dumbbell,5,1,B,heatgeo_t,0.49350014775429873,1.9851461253729727
-1.799827485955642,-2.11171670907165,-0.7458219559904808,0.6117780171862174,0.5175176977085318,-0.0,-0.10354912934796194,5.0,0.0,0.8816584021654035,0.9222067299893574,140,1400,5,33.12776203089864,dumbbell,5,1,B,heatgeo_t,0.4914929885156749,1.9851461253729727
-1.49711645611548,-2.015771296314127,-0.7837072120795869,-0.3701989786884977,0.5175176977085318,-0.0,-0.056501955865924935,5.0,0.0,0.8908387152119411,0.9288707017662098,531,1400,5,35.47080421059177,dumbbell,5,1,B,heatgeo_t,0.4934584103079319,1.9071409178560712
-1.5491037743767742,-2.4100667443165356,-0.7837072120795869,-0.4008226665562718,0.5175176977085318,-0.0,-0.06561646444438979,5.0,0.0,0.8945467732620591,0.9275428072185368,386,1400,5,37.986850446928834,dumbbell,5,1,B,heatgeo_t,0.4934584103079319,1.9071409178560712
-0.4897978749729387,-1.4963165979761974,-0.7808738037004519,-0.1480932926080092,0.5175176977085318,-0.0,-0.08186254486151348,5.0,0.0,0.8909749465096121,0.922849069539643,885,1400,5,40.478276188156215,dumbbell,5,1,B,heatgeo_t,0.4955186287397332,1.9362550693271354
-0.8585198896011694,-0.9446741526113236,-0.7716222080359993,-0.642100734857873,0.5175176977085318,-0.0,-0.07045284958963334,5.0,0.0,0.9003576732105116,0.930160004100695,1096,1400,5,42.08098584554245,dumbbell,5,1,B,heatgeo_t,0.4914384735822539,1.7104159043347977
-1.2160459037859555,-2.314033713205204,-0.7523914237512201,-0.0055189564521658015,0.5175176977085318,-0.0,-0.09242310634681375,5.0,0.0,0.8866458997306534,0.9233237419652164,1141,1400,5,43.751403288728056,dumbbell,5,1,B,heatgeo_t,0.4914384735822539,1.9229562518845391
-0.8119827431902494,-1.9946569093456048,-0.7837072120795869,-0.39892303792218786,0.5175176977085318,-0.0,-0.07753734578789348,5.0,0.0,0.8951525290939326,0.9259401171436308,674,1400,5,45.23916779765625,dumbbell,5,1,B,heatgeo_t,0.4934584103079319,1.9071409178560712
-1.69723826594275,-2.697519529291662,-0.7679732973603908,0.37377587017823627,0.5175176977085318,-0.0,-0.07791328631380687,5.0,0.0,0.8792120921900621,0.921882105291204,335,1400,5,46.60338607031162,dumbbell,5,1,B,heatgeo_t,0.4914384735822539,1.9229562518845391
-1.5995207921212995,-2.480199563699316,-0.7837072120795869,-0.04196975321312299,0.5175176977085318,-0.0,-0.08795457579395628,5.0,0.0,0.8863634226797068,0.9234651133755616,285,1400,5,48.33464711807166,dumbbell,5,1,B,heatgeo_t,0.4934584103079319,1.9229562518845391
-1.6675741212573851,-2.5898507330879514,-0.7837072120795869,0.17206687493311607,0.5175176977085318,-0.0,-0.06204093109834252,5.0,0.0,0.8850590585775265,0.9223148329730332,1072,1400,5,49.35879749987033,dumbbell,5,1,B,heatgeo_t,0.4934584103079319,1.9229562518845391
-0.951304903785043,-2.264531250367084,-0.7837072120795869,-0.1554946330303864,0.5175176977085318,-0.0,-0.0678109646504582,5.0,0.0,0.8915240423980236,0.92360968828739,958,1400,5,50.19884762666368,dumbbell,5,1,B,heatgeo_t,0.4934584103079319,1.9362550693271354
-1.335775432012423,-2.177800550989705,-0.7616924560702503,-0.04398145904740471,0.5175176977085318,-0.0,-0.05052135574346118,5.0,0.0,0.8842581737612978,0.9237363750626516,690,1400,5,51.11692640153936,dumbbell,5,1,B,heatgeo_t,0.4914384735822539,1.9229562518845391
-0.8625687255452503,-1.6724203737036998,-0.7837072120795869,-0.06500348918539958,0.5175176977085318,-0.0,-0.062387740110315074,5.0,0.0,0.8847853423456306,0.9242720846023006,872,1400,5,51.763859115045385,dumbbell,5,1,B,heatgeo_t,0.4934584103079319,1.9229562518845391
-1.2142715946848288,-2.3520838635861128,-0.7837072120795869,-0.08591763909457005,0.5175176977085318,-0.0,-0.09124776606382404,4.0,0.0,0.8852051688421081,0.9242966170492412,209,1400,5,52.22040232750707,dumbbell,5,1,B,heatgeo_t,0.4934584103079319,1.9229562518845391
-2.3180905916578607,-2.9145875822286773,-0.7777148217878886,0.11084301775963885,0.5175176977085318,-0.0,-0.12007799590611595,5.0,0.0,0.8852428441390313,0.9280652855445424,1008,1400,5,52.53552591527858,dumbbell,5,1,B,heatgeo_t,0.4934584103079319,1.9229562518845391
-1.2607428623310546,-2.018384159221088,-0.7837072120795869,-0.06705530501211981,0.5175176977085318,-0.0,-0.09342531903934892,5.0,0.0,0.8843699656284641,0.9245328681353208,576,1400,5,52.62139560662185,dumbbell,5,1,B,heatgeo_t,0.4934584103079319,1.9229562518845391
-0.9563230079748546,-0.5880671364200599,-3.40399126505084,-0.27962647645790156,1.1027991389326135,-1.1424459479380302,-2.870526739721184,5.0,0.2090214980286767,0.2371359273753277,0.6070851158312995,139,1400,5,-18.648436104658742,dumbbell,5,1,B,pca_denoise,0.30687114281496863,-0.19270591037810125
0.5012865247363368,-0.10122565084713056,-2.354871630619988,-0.09751524244951923,0.3896925943194879,-0.8762449503602369,4.554481881017425,4.0,0.2365009859743835,0.2415138377666703,0.5801619832891731,345,1400,5,-12.713530228899094,dumbbell,5,1,B,pca_denoise,-0.18289261212953123,-0.3729390129297962
0.593440411816558,0.9844345468187821,-1.3276787958534801,0.863349049626283,-0.11686625406887574,0.1885590399509371,-5.363740035795747,5.0,0.2589420562235755,0.2399769325236602,0.5790283484341381,567,1400,5,0.1361111065941988,dumbbell,5,1,B,pca_denoise,-0.3863849511067979,-0.569227805827207
1.5488040035837443,1.2320918198000625,0.18639582036137803,2.366309969267216,0.37483866313333053,0.7209610351065241,-1.7299912752645745,5.0,0.2627978686163263,0.2256901446378555,0.5727371349235382,957,1400,5,14.993673154711674,dumbbell,5,1,B,pca_denoise,0.1274533259346884,-0.12004741830667931
0.9337203363807828,1.3107823276795978,0.8724492191478155,2.7579467933299147,-0.05268965394406765,0.7209610351065241,4.831322617143497,3.0,0.2575358134710681,0.2329632443018848,0.5515669597227981,169,1400,5,22.341765314293752,dumbbell,5,1,B,pca_denoise,-0.08036982807884807,0.09418225840136635
0.7641320330605961,0.9264419135437819,0.8093966012477876,2.8082177879396815,-0.2876890246157196,0.7209610351065241,4.4804710020427025,1.0,0.2755983798752059,0.2221850339854066,0.5385605962956392,1368,1400,5,25.02529101920981,dumbbell,5,1,B,pca_denoise,-0.2436363658370031,-0.02105408229121923
0.7508786576502465,1.2151966657474256,-0.4363776863333137,2.529455696665764,0.02690364272573865,0.7209610351065241,2.8042904687357666,2.0,0.2610662802597948,0.2443703054008466,0.5709126618485961,903,1400,5,27.73849062964975,dumbbell,5,1,B,pca_denoise,-0.09307229546771206,-0.04220838244870175
0.6582609769436597,1.0092954987529612,1.1706346472009013,2.5641451101753305,0.17685456481214373,0.7209610351065241,3.219125217307995,3.0,0.2565634297137789,0.2182198180295082,0.565062502730809,39,1400,5,30.760044039331625,dumbbell,5,1,B,pca_denoise,-0.07602270360578756,0.1597008042663804
1.2926765518373369,1.496567724541344,-0.02285215934417562,3.6107814921933987,0.7169180203154721,0.7209610351065241,5.124186896386817,4.0,0.2495494725643841,0.2160523051814827,0.5875322159073664,140,1400,5,33.12776203089864,dumbbell,5,1,B,pca_denoise,-0.15659625830309248,-0.1284989616054077
0.6825953742861905,1.2678123803762722,-0.8930234406075344,1.8411577311724066,0.3340992333778503,0.45476003752873057,-2.301010283364752,5.0,0.2468294910536468,0.2092375902532749,0.5557392563172431,531,1400,5,35.47080421059177,dumbbell,5,1,B,pca_denoise,-0.24318685867711348,-0.6340660859127046
0.5643588716950639,0.5867540893631753,-2.4068402903541393,1.5349736975931818,0.21312346853798536,0.45476003752873057,0.26853009360020863,5.0,0.2388393084792262,0.2305844475438047,0.5523511194800149,386,1400,5,37.986850446928834,dumbbell,5,1,B,pca_denoise,-0.07042870444073662,-0.7270751227129043
1.0799293116351112,1.4059330706558233,0.43188952388562474,2.3091656947735126,0.13630642404054868,0.7209610351065241,4.680495519848979,3.0,0.2564191507771057,0.2485208044135259,0.5756722144757308,885,1400,5,40.478276188156215,dumbbell,5,1,B,pca_denoise,-0.2023774195597386,0.23747578613549408
1.5496585155350102,1.572319473825408,-1.0641896480793123,1.7153777513853035,0.3220172845206723,0.7209610351065241,-0.32471994065807663,4.0,0.250709861962087,0.2517799930027873,0.5878033167448242,1096,1400,5,42.08098584554245,dumbbell,5,1,B,pca_denoise,-0.1798299123034554,-0.4766852387461403
0.9803941239397923,1.4456792024107161,1.0952993007663525,2.7603741983090253,0.909595557271199,0.7209610351065241,3.653321811651201,4.0,0.2288736544926568,0.2310916179711215,0.5967286654018811,1141,1400,5,43.751403288728056,dumbbell,5,1,B,pca_denoise,0.10076979874333425,0.10807305668779373
1.2013706124403005,1.061932235520496,0.20009495521409285,1.8712817966681976,0.3576593752368186,0.7209610351065241,-0.4356538930771924,4.0,0.2544145838814615,0.2271543947252433,0.5882583655381703,674,1400,5,45.23916779765625,dumbbell,5,1,B,pca_denoise,-0.002579874940147331,0.011165859991338255
1.3955708312301924,1.1423442004671993,0.5745315097370718,3.0631408735444747,0.8404949737487046,0.7209610351065241,5.084787627863406,3.0,0.2166300595380321,0.2078146069226347,0.5853671801305507,335,1400,5,46.60338607031162,dumbbell,5,1,B,pca_denoise,-0.09194012461558104,0.1100768180324483
0.4799628784357229,1.0017466175234082,0.5427838006801817,2.7413377474502516,0.16170857633809022,0.7209610351065241,3.0629995910927983,5.0,0.2562230354676369,0.2180807805113479,0.5607360093236422,285,1400,5,48.33464711807166,dumbbell,5,1,B,pca_denoise,-0.10042653436468835,-0.36296903419302157
0.8645234200510454,1.214510421474528,0.23556275130349744,2.12871323881407,-0.06801753774654773,0.7209610351065241,3.05734549950331,5.0,0.2632291132856157,0.2225962676094576,0.564028713541386,1072,1400,5,49.35879749987033,dumbbell,5,1,B,pca_denoise,-0.09578144121868559,-0.21349281620257649
1.1161681091160292,1.5398543904779345,1.0825109172585492,1.9525814621290494,-0.28956604777009315,0.7209610351065241,4.7663680194897164,3.0,0.2788231352363892,0.2312293583927487,0.5395944918711014,958,1400,5,50.19884762666368,dumbbell,5,1,B,pca_denoise,-0.2543332876191141,0.18536858327543415
0.8149685787424925,1.1590012687332947,0.36211603599432973,2.9271644653194837,0.46702116605508187,0.7209610351065241,4.324174495200126,3.0,0.256225695238377,0.2228211225408509,0.5683410915576962,690,1400,5,51.11692640153936,dumbbell,5,1,B,pca_denoise,0.11584520290112665,0.017994075792061404
0.5029771771853835,1.279664101178348,-0.0029557797663575247,2.592956751220533,0.7384961008726657,0.7209610351065241,5.314318809111511,4.0,0.2206484483483947,0.2062769935866409,0.5782054086375269,872,1400,5,51.763859115045385,dumbbell,5,1,B,pca_denoise,-0.16094399742824034,0.05230493934359866
0.6402423531588929,1.2888859574855474,-1.2492081877981134,2.5341265207426478,0.6112112154393012,0.7209610351065241,5.209207724564414,4.0,0.2412767054935042,0.2311674304178205,0.5819351729090941,209,1400,5,52.22040232750707,dumbbell,5,1,B,pca_denoise,-0.15922082906081453,-0.6149281738877977
0.8687130893899695,0.9490526057880848,-0.328653046277581,2.5273656970118714,0.37326736076570205,0.7209610351065241,3.6792961569749223,5.0,0.2359182831159572,0.2153744294810771,0.5558961379854848,1008,1400,5,52.53552591527858,dumbbell,5,1,B,pca_denoise,-0.1024242992518421,-0.5091287293181421
0.6021083983324134,1.575630807388804,-0.036693485817193096,2.606208034013668,0.6494339995005418,0.5878605363176274,3.5984107132287706,5.0,0.2336726589105292,0.2203592742668046,0.5760404263206007,576,1400,5,52.62139560662185,dumbbell,5,1,B,pca_denoise,0.05106566452873751,-0.3766005169387806
-0.8348057005827944,-0.8097104297459368,-1.5891289628185075,-0.6678409491336866,0.4018360289214861,-1.4086469455158237,-0.6905176610284892,2.0,0.2256534897119055,0.2220256700670342,0.5617150759856379,139,1400,5,-18.648436104658742,dumbbell,5,1,B,plain,0.23810940270088665,-0.337901611838753
-0.5455835185043811,-0.5394528353264607,-1.6428822139958688,-0.6251705985906426,-0.1643597220991258,-1.0093454491491336,0.8110446910570365,4.0,0.260435084609137,0.2267738013886278,0.5612062829593107,345,1400,5,-12.713530228899094,dumbbell,5,1,B,plain,-0.3073264544935822,-0.5732329364560472
-0.16538238823434026,-0.044211276828008475,-1.2835285558392058,-0.3113792136610017,-0.22590182885212046,-0.21074245641575312,-0.6158725411452627,3.0,0.2662421523660719,0.246780060238572,0.5826152220739189,567,1400,5,0.1361111065941988,dumbbell,5,1,B,plain,-0.4053721532444353,-0.39660286728844124
1.2771300556918388,1.178096948599615,1.3236617287854622,0.9541414815636096,0.35697022251362504,0.5878605363176274,-1.580397710868142,5.0,0.267809518234531,0.2239916551385986,0.588489648094483,957,1400,5,14.993673154711674,dumbbell,5,1,B,plain,-0.012652590614614545,-0.08958696449335306
0.22842476544311172,1.2635899517770013,0.45995987532409516,1.4169600416046029,-0.05204917743552344,0.7209610351065241,4.1480486312855405,4.0,0.2651755225752197,0.2408894429016741,0.5754274853543508,169,1400,5,22.341765314293752,dumbbell,5,1,B,plain,-0.22427631912052975,0.0834196603229733
0.43234964880293036,0.951843241114609,1.1627845956700482,1.455361960232446,-0.20541939010887655,0.7209610351065241,5.45314053351674,5.0,0.2833239765929414,0.2386866345815907,0.5627963822736687,1368,1400,5,25.02529101920981,dumbbell,5,1,B,plain,-0.27933343637417085,-0.2303530253229064
-0.03553377026361291,1.0391985784082063,-0.1132978779017299,1.2626517530381012,-0.05975282888029322,0.7209610351065241,6.029193204671013,1.0,0.2727652304287697,0.2553485195527645,0.588596709919968,903,1400,5,27.73849062964975,dumbbell,5,1,B,plain,-0.2156577868642926,0.04257508568400273
0.12763043490560294,0.8354560384929288,1.268577459625279,1.4966979859027048,0.3003862579054391,0.7209610351065241,4.300660153774038,1.0,0.2635634263143018,0.2253536063963234,0.5983764195336456,39,1400,5,30.760044039331625,dumbbell,5,1,B,plain,0.00906903180609031,0.1570677417371219
1.056821464649246,1.3347321224794593,-0.12522041633132316,2.123485519931938,0.4853080513270362,0.7209610351065241,5.901546987291836,6.0,0.2659067674356278,0.2330792026235735,0.6130690444841143,140,1400,5,33.12776203089864,dumbbell,5,1,B,plain,-0.1113073678226939,-0.47969082871119306
0.5588135482271013,0.897690552894722,-0.3365772586939689,0.18870770761146086,0.07447909174908077,0.45476003752873057,2.151958634573963,5.0,0.2636368863408717,0.2317635234324502,0.5780546002043091,531,1400,5,35.47080421059177,dumbbell,5,1,B,plain,-0.20085139571075794,-0.5126555356253182
0.3796775211581449,0.6049534024542521,0.7453809947715189,0.3407509902796507,0.11191366272047287,0.45476003752873057,-2.0046238870722863,5.0,0.2509130009836386,0.2382645552057375,0.5842688023337492,386,1400,5,37.986850446928834,dumbbell,5,1,B,plain,-0.23277438194701405,-0.24103680207583925
1.2415334616332994,1.58204054870864,0.25233110044039325,1.1657533408832719,0.43129624037716374,0.7209610351065241,1.8638191638049393,3.0,0.2586406575362502,0.2677163864300811,0.6351643919563665,885,1400,5,40.478276188156215,dumbbell,5,1,B,plain,0.042181264839858956,0.3355314142592458
1.0372638881532892,1.6012849497557444,-1.9542699627815852,0.21875070435167587,0.2696143505602629,0.7209610351065241,-1.6458345689543177,4.0,0.261758990521774,0.2721264739588666,0.6228436816857431,1096,1400,5,42.08098584554245,dumbbell,5,1,B,plain,-0.289813575639718,-0.23777574254164943
0.9461612661055829,1.0344877486083481,0.6187330521554498,1.5115707629249024,1.14024054165343,0.7209610351065241,4.51072141411502,4.0,0.2357496578849439,0.2591392145509877,0.6472851594811768,1141,1400,5,43.751403288728056,dumbbell,5,1,B,plain,0.331255031180244,0.5586915847613312
0.7290638941994066,0.5262396002436187,0.7770511913093969,0.4247779629056608,0.1863515504808373,0.45476003752873057,2.508205590498835,1.0,0.2667886136923203,0.243790013361307,0.5924180339116623,674,1400,5,45.23916779765625,dumbbell,5,1,B,plain,-0.009927432022486193,0.19666272296543844
0.8437765853284945,1.2654597213697698,0.5834719173406258,1.708534455792617,0.8733275075140371,0.7209610351065241,5.930450612722388,1.0,0.2236695859532098,0.2294950129404865,0.6184443737883957,335,1400,5,46.60338607031162,dumbbell,5,1,B,plain,-0.008217412836551918,0.28452308873035687
0.6880177730447232,1.1695842170904251,-1.2039696581364379,1.4461198540190137,0.39271137359642627,0.7209610351065241,1.9196496927390725,5.0,0.2624520427537546,0.250852012502323,0.6126922002266805,285,1400,5,48.33464711807166,dumbbell,5,1,B,plain,-0.2864367745224277,-0.6012813200429086
0.9227490348704723,0.8726774953948889,0.5107487872980232,1.0395119443635052,-0.03623453148654976,0.7209610351065241,3.9660478350598574,3.0,0.2764242699284573,0.2364191385274824,0.594235855673295,1072,1400,5,49.35879749987033,dumbbell,5,1,B,plain,-0.21628850279786355,0.3167170066595967
1.5308890135296225,1.713737198740293,1.1536484945134342,0.673183527651809,-0.22268578281055043,0.7209610351065241,0.6499322908114953,3.0,0.2880495705941476,0.2550084573112283,0.5808015880089543,958,1400,5,50.19884762666368,dumbbell,5,1,B,plain,-0.3149628052918564,0.35751622574908315
0.7198629455666806,1.2609781493697962,-0.42902997056331216,1.689997160279483,0.6100498180371395,0.7209610351065241,6.279436651397797,1.0,0.267130795335277,0.24478813520419,0.6275780994064993,690,1400,5,51.11692640153936,dumbbell,5,1,B,plain,-0.07372415290678358,-0.02402282619454368
0.7885730937757714,1.3308518227201032,-0.791284748323399,1.1548278894832196,0.7707838026213966,0.5878605363176274,4.046197275396199,4.0,0.2420408865287332,0.2435662169404997,0.6320070826361437,872,1400,5,51.763859115045385,dumbbell,5,1,B,plain,-0.21234656478226566,-0.5054845979932334
0.9691314571726658,1.2135618297857835,-0.7629903860874457,1.2601054798235511,0.6686115741037116,0.7209610351065241,2.425232600443015,6.0,0.2528011902520935,0.2455084535596709,0.6208703522577037,209,1400,5,52.22040232750707,dumbbell,5,1,B,plain,-0.202294566485276,-0.6023702080451383
1.137236664470328,1.150502582786539,0.30950401440706626,0.9872519957656807,0.3333306615675972,0.5878605363176274,3.4493739539554005,5.0,0.2472568766339826,0.2228851613061852,0.5832433165517894,1008,1400,5,52.53552591527858,dumbbell,5,1,B,plain,-0.04230107136549405,-0.13761314570212613
0.3077109561489041,1.453424466755931,1.2204193022921836,1.1376378808677374,0.42981545868940957,0.5878605363176274,1.283092587332737,3.0,0.249501766403542,0.2346290618981903,0.5991287898218907,576,1400,5,52.62139560662185,dumbbell,5,1,B,plain,0.00906903180609031,0.1645272592727851
-848.4700723334114,-928.8363772649604,-0.1004888974073607,9.366758361144832,-0.3680678923735885,0.8310021859978677,-4.14148027983792,6.0,0.1608570934845274,0.2147050617114951,0.3342573921087343,139,1400,5,-18.648436104658742,dumbbell,5,1,C05,diffdist_t4,-0.4390238118087965,-1.27072751110618
-614.8527101539448,-609.3150257834002,0.20021638821828236,13.799577293893286,-0.7039618535361489,1.0866951663049038,-3.672058886957438,6.0,0.1620886616440315,0.2087668471795455,0.3638649423339853,345,1400,5,-12.713530228899094,dumbbell,5,1,C05,diffdist_t4,-0.46075355191558653,-1.3022494263869417
-578.4291529810893,-641.6564160498378,0.1061986548033808,13.445304099811707,0.202584640101137,1.0866951663049038,-0.04350757544723737,6.0,0.156114307721446,0.1903251047431272,0.3825659711531056,567,1400,5,0.1361111065941988,dumbbell,5,1,C05,diffdist_t4,-0.29072161094080995,-1.062197958616705
-528.8802492944602,-512.284945567124,-0.0076242881036434835,9.081280690325347,1.063605979109677,0.8310021859978677,-1.3314722657274969,6.0,0.1299791961962345,0.2220372582275282,0.3949362134138021,957,1400,5,14.993673154711674,dumbbell,5,1,C05,diffdist_t4,-0.06719363666919548,-0.976806278809616
-695.041289633667,-824.997883470816,0.3199674590672415,28.297316353931738,-1.4157834535424303,1.0866951663049038,3.1187569327975164,6.0,0.1639902544360053,0.1689809676131609,0.3150917885701391,169,1400,5,22.341765314293752,dumbbell,5,1,C05,diffdist_t4,-0.45578550664511364,-2.2102643971201794
-582.4736134740003,-714.4365789848622,0.8828290453537969,29.812244216307832,-1.596809712602367,1.0866951663049038,4.811171519492866,6.0,0.178644962853734,0.1861210158154807,0.3326783738142595,1368,1400,5,25.02529101920981,dumbbell,5,1,C05,diffdist_t4,-0.46817484389172537,-2.204958020081004
-706.3644157646287,-811.9339879736004,-0.023068857914411028,21.396602714156106,-2.3995922757512953,1.0866951663049038,1.955597907477565,6.0,0.1946192807337297,0.1790188605822465,0.2891216085027215,903,1400,5,27.73849062964975,dumbbell,5,1,C05,diffdist_t4,-0.4817642022584941,-2.385176608243069
-512.8470550383649,-538.8266754959774,0.10871124541610003,18.661626429921146,0.15332735486032845,1.0866951663049038,-2.495246322962727,6.0,0.1369873949925485,0.2291340740423315,0.3642060022043874,39,1400,5,30.760044039331625,dumbbell,5,1,C05,diffdist_t4,-0.4224613928062268,-1.1724055131379212
-480.9058230891232,-565.6179586925689,0.7531242288073329,26.329180539442344,0.48360023205685604,1.0866951663049038,3.889774752615081,6.0,0.1417170238943978,0.2085827924582139,0.4093393626430278,140,1400,5,33.12776203089864,dumbbell,5,1,C05,diffdist_t4,-0.24759120218939107,-1.1422231716107996
-623.6297247847313,-918.6604844141751,0.23822149161750109,6.504044384216552,0.7123566196168297,0.7031556958443496,-1.8255249429596885,6.0,0.1278896307495097,0.2339851388243067,0.393025625022695,531,1400,5,35.47080421059177,dumbbell,5,1,C05,diffdist_t4,-0.19666438420046584,-0.9769253402310334
-543.9422299407308,-605.8158024341834,0.06940460961505572,9.648655514070347,1.3551473155210216,0.8310021859978677,-3.5258084772558105,6.0,0.125521332328614,0.2455576440550039,0.4104651551325601,386,1400,5,37.986850446928834,dumbbell,5,1,C05,diffdist_t4,-0.1452249463128572,-1.0293268425132933
-449.0384859374958,-553.3947595618419,0.2798236105620595,16.483277884398447,-1.042575907528426,1.0866951663049038,0.0029027217521673727,6.0,0.1708324968348083,0.2011090388135994,0.3490866279634123,885,1400,5,40.478276188156215,dumbbell,5,1,C05,diffdist_t4,-0.48592876766098153,-1.8416276408008667
-621.7923516841367,-689.0967688427529,-0.021856051395760943,8.896848169187017,1.1218260033155563,0.9588486761513858,-2.8757131178497444,6.0,0.1242863497552166,0.2205058303024671,0.3702048802792798,1096,1400,5,42.08098584554245,dumbbell,5,1,C05,diffdist_t4,-0.06719363666919548,-1.0357619939133864
-661.1211614821998,-736.8873883240118,0.47378397440921965,19.377336977882088,-1.4299111700724436,1.0866951663049038,-0.4400987597771106,6.0,0.1771597858607993,0.1843842032939075,0.349049651333836,1141,1400,5,43.751403288728056,dumbbell,5,1,C05,diffdist_t4,-0.49027680238676424,-1.9870986795792946
-690.9597342433956,-678.0805120763908,-0.03823184175494677,8.774894439935965,0.8771439465441262,0.8310021859978677,-3.6473096344790346,6.0,0.1348107701153214,0.2290700145351835,0.3829456966282499,674,1400,5,45.23916779765625,dumbbell,5,1,C05,diffdist_t4,-0.1293077215146567,-1.1174121694723433
-505.22545604205214,-603.4712845422656,0.3447154171374892,19.80662308535502,-1.272663110984204,1.0866951663049038,0.5337834080609791,6.0,0.1622267458024449,0.2116453504972144,0.3499215049714253,335,1400,5,46.60338607031162,dumbbell,5,1,C05,diffdist_t4,-0.47424366241004,-1.8090588539502306
-347.597041565861,-542.9277717211381,0.4891262811503463,26.853372107009825,-1.1715916973641913,1.0866951663049038,3.740123149955021,6.0,0.156781920238175,0.1993243146347453,0.3400872668498295,285,1400,5,48.33464711807166,dumbbell,5,1,C05,diffdist_t4,-0.435435887595477,-1.8018404880732501
-370.2890031999782,-510.07373288691946,0.4788685576416991,25.037817145213413,-1.3679182028316714,1.0866951663049038,1.796774937079091,6.0,0.167740996391817,0.2043165913538043,0.3487585401066812,1072,1400,5,49.35879749987033,dumbbell,5,1,C05,diffdist_t4,-0.48083365660719285,-2.0492216098546443
-516.1974273588487,-750.6775028325942,0.44698945282906616,9.157750414792815,-0.21039295740331307,0.8310021859978677,-1.4424985935413235,6.0,0.1587077675298994,0.2063242299422255,0.3903260618035136,958,1400,5,50.19884762666368,dumbbell,5,1,C05,diffdist_t4,-0.44156261225594884,-1.0876843976668127
-452.0027021847722,-496.869272571068,0.2852472336755734,22.322745374324345,-1.21489809014096,1.0866951663049038,2.843271127305175,6.0,0.1661893463966316,0.2059313466493665,0.3496276762576592,690,1400,5,51.11692640153936,dumbbell,5,1,C05,diffdist_t4,-0.47180403506044394,-1.9309165767548613
-391.3319025618337,-572.6206724314874,0.4390823824647989,18.414918806394937,-1.610714615364496,1.0866951663049038,-3.13632656145931,6.0,0.1720084355869299,0.2025384313158412,0.3368353098801292,872,1400,5,51.763859115045385,dumbbell,5,1,C05,diffdist_t4,-0.4932683944185694,-1.9817559475550113
-560.8747371230595,-645.3773899255747,0.3628714657796809,24.969292259628034,-1.0039827980693297,1.0866951663049038,2.3582263543173476,6.0,0.1714995093645591,0.2066668263551269,0.3444699589711002,209,1400,5,52.22040232750707,dumbbell,5,1,C05,diffdist_t4,-0.46947635689790984,-1.9419246708272628
-495.7794639364246,-680.1119322761987,-0.05407512100337419,11.661282571761584,0.15868591567410145,0.7031556958443496,-3.109211567526453,6.0,0.1364167392726674,0.2326689874973523,0.3696938735915613,1008,1400,5,52.53552591527858,dumbbell,5,1,C05,diffdist_t4,-0.365105171473596,-1.1091799555307165
-498.45091701115285,-539.0969845689673,-0.055270420399574104,14.646665730879842,-0.2736500067133697,1.0866951663049038,-2.20949393082719,6.0,0.1497458386201641,0.2168544793912812,0.3650719434242729,576,1400,5,52.62139560662185,dumbbell,5,1,C05,diffdist_t4,-0.4449807714794727,-1.2070374063777667
-25666.011706112262,-10097.222382047486,-1.2939111792097981,55.07933780490581,-1.6035733941996113,0.9006629249953877,-0.6635661821057206,6.0,0.0828252674327669,0.0417783232084136,0.185279332275485,139,1400,5,-18.648436104658742,dumbbell,5,1,C05,diffdist_t8,-0.4884596785921968,-2.498522001518248
-18782.100007217585,-10591.307177132838,-1.3577796798630826,50.48929107412418,-2.077833138292375,0.9006629249953877,-0.7225376620034808,6.0,0.0880342810019771,0.0435950768066935,0.16362466229671,345,1400,5,-12.713530228899094,dumbbell,5,1,C05,diffdist_t8,-0.49072692339637497,-2.4614609019780382
-26294.49160351399,-18092.96482210775,-1.2424688635022125,44.39273733511019,-2.4529040641650868,0.9006629249953877,0.038559244527567864,6.0,0.0932140011496018,0.0413208905996234,0.1396462083977392,567,1400,5,0.1361111065941988,dumbbell,5,1,C05,diffdist_t8,-0.492973238155348,-2.6009781163731334
-18390.5904564487,-9710.588032829402,-1.295517080246762,55.60928268226751,-1.5368163205561554,0.9006629249953877,-0.7187841023968949,6.0,0.0846083977415161,0.0438920479628187,0.1923576164639434,957,1400,5,14.993673154711674,dumbbell,5,1,C05,diffdist_t8,-0.4884596785921968,-2.498522001518248
-31991.61187453801,-13937.718590252849,-1.156153091357355,55.76956790779094,-2.174233803251228,0.9006629249953877,-1.0033634642351346,6.0,0.0775270305384823,0.0341034187233149,0.1381697532489778,169,1400,5,22.341765314293752,dumbbell,5,1,C05,diffdist_t8,-0.49072692339637497,-2.4805921624633167
-14894.024419577838,-8798.039422419912,-1.024746055759309,64.8583862645622,-1.9463160553427428,0.7546094776988383,-1.1311733611559207,6.0,0.0859922355513672,0.0403743546522701,0.1488620913714318,1368,1400,5,25.02529101920981,dumbbell,5,1,C05,diffdist_t8,-0.4909880171557934,-2.4533601570342607
-42195.62489009735,-26632.29240397063,-1.1678218411442611,43.39228723650096,-2.6499993241832867,0.9006629249953877,-0.601337876355851,6.0,0.0806169617886723,0.0345997527870858,0.1022914121972969,903,1400,5,27.73849062964975,dumbbell,5,1,C05,diffdist_t8,-0.492973238155348,-2.69206674233155
-34835.64429599971,-24844.39492940309,-1.1453213235585622,40.45284569647795,-2.6472895061333803,0.9006629249953877,-0.2512377760848967,6.0,0.0884719282093639,0.0429646646044989,0.1082587654689822,39,1400,5,30.760044039331625,dumbbell,5,1,C05,diffdist_t8,-0.492973238155348,-2.69206674233155
-9687.588280041944,-8488.897155212355,-0.9143917556911219,58.095498234399656,-2.253665707502135,0.608556030402289,-0.26098402544131283,6.0,0.0962915277627099,0.0448288603099034,0.138151321698041,140,1400,5,33.12776203089864,dumbbell,5,1,C05,diffdist_t8,-0.49072692339637497,-2.5622748667085395
-17124.582437500867,-6795.300983723276,-1.308728788151239,58.76151965991247,-1.3042651899649067,0.9006629249953877,-0.49071964462184753,6.0,0.0857333327055408,0.0469527906950726,0.2201859811202154,531,1400,5,35.47080421059177,dumbbell,5,1,C05,diffdist_t8,-0.4869377179296796,-2.3291350607474293
-22118.367799313288,-12507.965108006503,-1.217052340620726,49.758827804900406,-1.965599089638637,0.9006629249953877,-0.0783440316919612,6.0,0.0935775284130402,0.0464024676807988,0.1549139560142402,386,1400,5,37.986850446928834,dumbbell,5,1,C05,diffdist_t8,-0.4904310524376285,-2.491263882445279
-39300.67985494499,-20571.81990765358,-1.1200234071343556,41.81374064462698,-2.6710444171825807,0.9006629249953877,-0.6545743454696171,6.0,0.0881618741377249,0.0307994610344035,0.1138622039056317,885,1400,5,40.478276188156215,dumbbell,5,1,C05,diffdist_t8,-0.492973238155348,-2.69206674233155
-26017.69296580915,-9999.532666883375,-1.333643425194414,52.14066541317426,-1.7659787279329595,0.9006629249953877,-0.831549447555243,6.0,0.07875515731533,0.0361330130431001,0.1748997461115616,1096,1400,5,42.08098584554245,dumbbell,5,1,C05,diffdist_t8,-0.4904310524376285,-2.423557176567018
-38586.5306994871,-23166.665081954638,-1.2456812868513918,41.02389926769118,-2.643405627015455,0.9006629249953877,-0.8310358390413338,6.0,0.0805847644168402,0.0379593056961874,0.1040109747779035,1141,1400,5,43.751403288728056,dumbbell,5,1,C05,diffdist_t8,-0.492973238155348,-2.6140643820779217
-24388.82766570703,-10189.525641265234,-1.3435091955934337,52.29930705750523,-1.7511134127134318,0.9006629249953877,-0.28206391880397713,6.0,0.0821078884216091,0.0421626901130988,0.1742283817700113,674,1400,5,45.23916779765625,dumbbell,5,1,C05,diffdist_t8,-0.4904310524376285,-2.4614609019780382
-60246.78025007704,-32229.917018127773,-1.0919599973405212,43.285136263278595,-2.5751853289931597,0.9006629249953877,-0.837700323282137,6.0,0.0805730402466392,0.036597329233635,0.1132314676440909,335,1400,5,46.60338607031162,dumbbell,5,1,C05,diffdist_t8,-0.492973238155348,-2.522975756119506
-45856.94977423983,-16175.500255861309,-1.2492827876077746,53.021471498190174,-2.2683521089674756,0.9006629249953877,-0.8026610606267386,6.0,0.0772639760535815,0.0359919314755877,0.1244633958400294,285,1400,5,48.33464711807166,dumbbell,5,1,C05,diffdist_t8,-0.49072692339637497,-2.4805921624633167
-21057.5762666574,-11841.986139372504,-1.147185728634493,51.44699655358293,-2.37292381343513,0.9006629249953877,-0.7707896040996853,6.0,0.083415939275421,0.0379094803876566,0.1234605156764155,1072,1400,5,49.35879749987033,dumbbell,5,1,C05,diffdist_t8,-0.492973238155348,-2.560879481530525
-27760.719323810084,-10154.23805432455,-1.2873599911849618,52.12841619423137,-1.7632882519105324,0.9006629249953877,-0.446840107153222,6.0,0.0829993472465471,0.0396182913947568,0.1778707593742442,958,1400,5,50.19884762666368,dumbbell,5,1,C05,diffdist_t8,-0.4904310524376285,-2.491263882445279
-20064.55275703957,-14710.672550881834,-1.1596406170311042,42.46524070646627,-2.812423999944115,0.9006629249953877,-0.8060524894669299,6.0,0.0947499348249656,0.0463168434249593,0.1148050460386717,690,1400,5,51.11692640153936,dumbbell,5,1,C05,diffdist_t8,-0.49037038827324414,-2.7275934453871318
-39084.62499178299,-24727.503581944045,-1.176393881846125,40.878270610286144,-2.638702613033765,0.9006629249953877,-0.19128836621101855,6.0,0.083573467979742,0.0348899935094974,0.1067021760953059,872,1400,5,51.763859115045385,dumbbell,5,1,C05,diffdist_t8,-0.492973238155348,-2.69206674233155
-21175.00541307773,-12274.428797043929,-1.1817915800581094,51.120018019028315,-2.373115299507179,0.9006629249953877,-0.6272917771027668,6.0,0.0833038101056136,0.0336724550190394,0.1210241131287671,209,1400,5,52.22040232750707,dumbbell,5,1,C05,diffdist_t8,-0.492973238155348,-2.560879481530525
-25333.425866741396,-10242.423479510775,-1.3577815700729534,52.86366646002313,-1.844126321559214,0.9006629249953877,-0.3635022522367523,6.0,0.0868113564565322,0.0426458710710102,0.1766366281472711,1008,1400,5,52.53552591527858,dumbbell,5,1,C05,diffdist_t8,-0.4904310524376285,-2.4614609019780382
-21649.156443830012,-11895.664224570017,-1.3538695470618156,49.04401976256286,-2.2234950459379164,0.9006629249953877,-0.734032447724439,6.0,0.0887283411464363,0.0442354905739021,0.1514167017659536,576,1400,5,52.62139560662185,dumbbell,5,1,C05,diffdist_t8,-0.49072692339637497,-2.488692907407095
-1.6206384605751776,-4.716347238425118,0.6248502552439573,-1.4605632303234892,-2.1738586055834213,0.5761990196525003,1.8158925173691638,3.0,0.258673747371583,0.2115459350519926,0.5536379614322988,139,1400,5,-18.648436104658742,dumbbell,5,1,C05,fb_potential,-0.4365177507773259,-0.4994932655261715
-0.06458457426663763,-3.53060823819385,0.5006895835374484,-1.3644436435270275,-1.7854573568748697,0.5761990196525003,1.5598661090196855,4.0,0.2528344811985488,0.22124308243495,0.5623260993470555,345,1400,5,-12.713530228899094,dumbbell,5,1,C05,fb_potential,-0.34409556360693927,-0.7328614152912682
-0.7034096276478681,-2.341103642459761,0.8019808926896757,0.5249944091608983,3.836512956959008,0.5761990196525003,0.6916633276718588,5.0,0.2403606399802589,0.2078090221662405,0.6119301509500464,567,1400,5,0.1361111065941988,dumbbell,5,1,C05,fb_potential,0.00932081383005745,0.32524787521302817
-1.9061255506677086,-6.526418109428138,0.1866302540788934,-1.1812366453241663,1.4336426122569472,0.23047960786100014,0.7873993961416691,3.0,0.2247522434560921,0.2121810768223787,0.5683521533303894,957,1400,5,14.993673154711674,dumbbell,5,1,C05,fb_potential,0.2502600172624099,0.1776155206306737
-0.21873204986209946,-3.497109372611561,0.5337409340874931,-1.2621871738943113,-2.652283329774922,0.5761990196525003,2.50068575754498,5.0,0.2561484927941307,0.1926962652768153,0.531188018859929,169,1400,5,22.341765314293752,dumbbell,5,1,C05,fb_potential,-0.466092761355546,-1.3693159710363774
1.6452453239914726,-2.2799278832841723,0.3319715285805553,-1.6264749997566854,-4.771073403648468,0.5761990196525003,0.498680323555657,4.0,0.2873188875754219,0.2040791656500656,0.5469975237366553,1368,1400,5,25.02529101920981,dumbbell,5,1,C05,fb_potential,-0.48249923173814707,-0.874081889043802
-2.0643706542757685,-2.607310270374793,0.33600300359149304,-1.6415139300024182,-5.433275643719285,0.5761990196525003,1.680615201411001,3.0,0.2837044121886779,0.2049307427174091,0.5461858014557341,903,1400,5,27.73849062964975,dumbbell,5,1,C05,fb_potential,-0.4891090193312674,-1.1119961020410178
-0.9277684367412338,-2.778169070836807,0.219813568181834,-0.491081325046699,-1.2782128950630849,0.4033393137567502,2.5041023986375084,1.0,0.2663625962976909,0.2204130170185504,0.5705856313184426,39,1400,5,30.760044039331625,dumbbell,5,1,C05,fb_potential,-0.3865728462550178,-0.2801657808632554
-2.7298322963336563,-3.5516185268387925,0.2027040526536625,0.7561263059250831,1.2054309219992576,0.5761990196525003,1.386905196954749,2.0,0.2322847135550469,0.1824255138319444,0.5408164694021728,140,1400,5,33.12776203089864,dumbbell,5,1,C05,fb_potential,0.275819534289809,0.12856428008836565
-0.681525445748405,-1.9949974166366693,0.4350715308616464,-0.5386510613048089,2.9995359980228216,0.4033393137567502,2.387280615193526,1.0,0.2361221850031003,0.2201551854952144,0.615666721293586,531,1400,5,35.47080421059177,dumbbell,5,1,C05,fb_potential,0.19506530172520342,0.4072386949880652
-1.7659948500488112,0.9025919430167818,-0.6626228614816505,-0.6422664590387389,1.3206963885108276,-0.11523980393050003,2.38624258395184,4.0,0.2387063216940447,0.2364693578135921,0.6197569150901825,386,1400,5,37.986850446928834,dumbbell,5,1,C05,fb_potential,0.0026970336801396266,-0.4615050688646715
-1.4300268989593796,-5.02542703315115,1.269392404133524,0.22306753536484383,0.665762008036392,0.4033393137567502,1.02363523096609,1.0,0.2698770908909612,0.2193855273979862,0.6065062176678152,885,1400,5,40.478276188156215,dumbbell,5,1,C05,fb_potential,0.08007931462429208,0.1735031692991312
0.9962565124594182,-1.7175705411369109,0.4305626990902495,-1.3306575656606656,0.9788238241199899,-0.4609592157220002,3.4942945337075653,5.0,0.258194699513907,0.2387051137073584,0.6105594511596848,1096,1400,5,42.08098584554245,dumbbell,5,1,C05,fb_potential,0.23901938777874498,0.12565710118566623
1.01812689799001,-1.8698681402750206,0.5671340168098842,0.5602507611759769,2.3345740388473795,0.5761990196525003,2.5151037656769297,2.0,0.257488238273748,0.2225831075701837,0.6227144074256507,1141,1400,5,43.751403288728056,dumbbell,5,1,C05,fb_potential,0.28749828180596504,0.4762041141752908
-0.937424048701351,1.6275358039968164,-0.10783638281825508,-0.7347705731377739,1.067898927076757,-0.8066786275135003,0.8337339581422872,1.0,0.2668994957245446,0.239087596341817,0.6216094347566228,674,1400,5,45.23916779765625,dumbbell,5,1,C05,fb_potential,-0.09393384883170242,-0.18133769231359106
0.022758030290356245,0.3646416663924775,-0.8147069257912576,-1.416999564804101,-2.5664758421097873,0.4033393137567502,-0.12945294861097553,5.0,0.2786399036242,0.231454676839725,0.5869836922246574,335,1400,5,46.60338607031162,dumbbell,5,1,C05,fb_potential,-0.4565566330452005,-1.6366763358447365
-0.15286170558936701,-2.8894122614536317,0.5904574196679342,-1.488233995472135,-1.9211060907145727,0.5761990196525003,2.740371312763042,3.0,0.2589647618811813,0.2116079523195627,0.5723476342052343,285,1400,5,48.33464711807166,dumbbell,5,1,C05,fb_potential,-0.44563664354343424,-0.6373811504103379
-0.9439254794227693,-1.3715986398755071,0.5184500204457,-0.14021581622229115,-0.6394817513511454,0.5761990196525003,3.137426044660514,4.0,0.2743746566201331,0.2225591467424205,0.5942909397182311,1072,1400,5,49.35879749987033,dumbbell,5,1,C05,fb_potential,-0.37105267004650666,-0.005470131632684789
-0.8793692670557338,-0.4937003518069582,-0.5881180829965232,-1.1522566846098357,-2.7461137793321666,0.4033393137567502,0.17153523692391723,5.0,0.2814245855634867,0.2489289197420085,0.615120709006888,958,1400,5,50.19884762666368,dumbbell,5,1,C05,fb_potential,-0.4548940968609904,-1.2094946684069006
-0.8493080095899758,-3.0660419918186466,0.20783640900203734,0.8138748865294892,3.2692064000411944,0.4033393137567502,1.8908599462088147,4.0,0.2404360844736909,0.2016073639176772,0.6063533239512734,690,1400,5,51.11692640153936,dumbbell,5,1,C05,fb_potential,0.14023680357243806,0.37948132910115223
0.7031904794194241,-1.4678005873876745,-1.0739001505980594,-0.04696774777049218,1.2241961129794021,0.4033393137567502,2.6654372231039525,2.0,0.2615307413639596,0.2314550193819375,0.6057503982759713,872,1400,5,51.763859115045385,dumbbell,5,1,C05,fb_potential,0.018099583870316516,-0.4309745844448133
0.1828900157228801,-2.671737650321983,1.5160694555935552,1.5245484521665331,5.1555732904957585,0.5761990196525003,3.0981571204404976,4.0,0.2308005788492769,0.2092854989918169,0.6250411767852737,209,1400,5,52.22040232750707,dumbbell,5,1,C05,fb_potential,0.1215062823297508,0.5100352561760783
0.015767457916007713,-0.3881764909688011,0.009760678470455237,-1.4121311443942015,-1.674965215589866,0.5761990196525003,2.5713746848335344,3.0,0.2615334689502212,0.2283987721266105,0.5830058522737553,1008,1400,5,52.53552591527858,dumbbell,5,1,C05,fb_potential,-0.3857160596015571,-0.7331415489744323
0.28235259943349306,-0.3463955146479007,0.3848816936855034,-1.2748352111882852,-0.6946446708479868,0.23047960786100014,2.012297369717221,1.0,0.2673943544115007,0.2302811614739793,0.609742933287789,576,1400,5,52.62139560662185,dumbbell,5,1,C05,fb_potential,-0.33087186605815466,0.04552944258196702
-2.18905679887247,-2.6087712771382336,-0.9325298476138361,-1.0431366669678257,0.2872179680078335,0.6404849667297133,-0.005660980925919432,6.0,0.0,0.9233686181832382,0.9464426796714844,139,1400,5,-18.648436104658742,dumbbell,5,1,C05,heatgeo_4t,0.4901494258064496,0.788995400577629
-0.06171017709684331,-0.8394470462914831,-0.9325298476138361,-0.2816553261522459,0.2872179680078335,0.6404849667297133,-0.007510379745940958,5.0,0.0,0.9065784235871264,0.9371687925685014,345,1400,5,-12.713530228899094,dumbbell,5,1,C05,heatgeo_4t,0.4958194716348906,1.477930764175414
0.6452628417210277,-0.8413209119900308,-0.21328087382447722,0.19787991582937398,0.2872179680078335,0.6404849667297133,-0.0032358928933749987,5.0,0.0,0.8975053525892905,0.9350727269400078,567,1400,5,0.1361111065941988,dumbbell,5,1,C05,heatgeo_4t,0.49628589365753073,1.72501248878551
0.018242527625360185,0.2553693383765949,-0.4645535952068796,-0.1931933076990101,0.2872179680078335,0.6404849667297133,-0.005491027168809411,1.0,0.0,0.9014884432672028,0.938169132308659,957,1400,5,14.993673154711674,dumbbell,5,1,C05,heatgeo_4t,0.4953216203195122,2.438216221401973
-2.013288452671064,-1.9832991549708452,-0.555508687913338,0.584684304737804,0.2872179680078335,0.6404849667297133,-0.008454505614145224,6.0,0.0,0.8990171893102902,0.9334744953655454,169,1400,5,22.341765314293752,dumbbell,5,1,C05,heatgeo_4t,0.485946220007169,1.210787694572856
2.1064988247995053,1.0228642885106076,-0.6449994636676519,0.9119673833284176,0.2872179680078335,0.6404849667297133,-0.008144348333044374,5.0,0.0,0.8834905571284515,0.931682245326268,1368,1400,5,25.02529101920981,dumbbell,5,1,C05,heatgeo_4t,0.4910699896255356,1.9934165230916763
-1.0259972052995028,-2.635708431518894,-0.9325298476138361,-0.47224310663137564,0.2872179680078335,0.6404849667297133,-0.008954265127214667,6.0,0.0,0.9175333671451572,0.938979980199971,903,1400,5,27.73849062964975,dumbbell,5,1,C05,heatgeo_4t,0.4901494258064496,0.8345416795288956
1.7408623376159984,0.9419139484319541,-0.36506664056573,0.19282965325223753,0.2872179680078335,0.6404849667297133,-0.004395596943360886,5.0,0.0,0.897815299085266,0.9332998455630508,39,1400,5,30.760044039331625,dumbbell,5,1,C05,heatgeo_4t,0.495889232954443,1.8818057737616003
-1.0317482357473178,-0.808771487815336,4.239386548813565,1.5423633554721767,-11.919275972042675,0.6404849667297133,-0.00930860372466417,6.0,5.5433526298666696e-08,0.8791347037799941,0.9306365037432884,140,1400,5,33.12776203089864,dumbbell,5,1,C05,heatgeo_4t,0.30907607019044525,0.3406304110210083
0.9459663261364144,0.26465714546304697,-0.30842386934045307,-0.565877254792707,0.2872179680078335,0.6404849667297133,-0.005713043833878021,6.0,0.0,0.9109593718128411,0.9392877893559644,531,1400,5,35.47080421059177,dumbbell,5,1,C05,heatgeo_4t,0.4882657318748226,1.1497719535679731
2.2010284851891755,1.9710848215173877,-0.8617870537678451,0.061660390374667313,0.2872179680078335,0.6404849667297133,-0.00487914923988032,5.0,0.0,0.8991882663349101,0.9352530351667184,386,1400,5,37.986850446928834,dumbbell,5,1,C05,heatgeo_4t,0.49394560340026783,1.6619480358708316
1.0779533958778726,0.20094680727744607,0.282537792398206,0.0633192291224794,0.2872179680078335,0.6404849667297133,-0.0053914526945261386,6.0,0.0,0.9015626407683032,0.9332901212972136,885,1400,5,40.478276188156215,dumbbell,5,1,C05,heatgeo_4t,0.4901885335522572,1.3518196674935663
-0.005147324847735262,-0.23143947174164242,-0.9325298476138361,-0.602679469966756,0.2872179680078335,0.6404849667297133,-0.005139907813003402,6.0,0.0,0.9122683147171092,0.940206006832632,1096,1400,5,42.08098584554245,dumbbell,5,1,C05,heatgeo_4t,0.4864249044187383,0.9495795853460995
1.4608669608690166,0.1034032140722623,-0.49240120710941376,0.30348588854123637,0.2872179680078335,0.6404849667297133,-0.0097957082878247,5.0,0.0,0.8909935490002628,0.93421019281906,1141,1400,5,43.751403288728056,dumbbell,5,1,C05,heatgeo_4t,0.49039286774537194,1.848159918014538
-1.1061030824146307,-0.6794972422125405,-0.8603608922679608,-0.391517005812095,0.2872179680078335,0.6404849667297133,-0.005896651615889762,6.0,0.0,0.9067276234313508,0.9392300750899726,674,1400,5,45.23916779765625,dumbbell,5,1,C05,heatgeo_4t,0.4901494258064496,0.8527279140481204
0.37269349935937235,0.6220852852101956,-0.9325298476138361,0.38128526879508184,0.2872179680078335,0.6404849667297133,-0.009225791508593578,6.0,0.0,0.8911781247347376,0.934513921227621,335,1400,5,46.60338607031162,dumbbell,5,1,C05,heatgeo_4t,0.48178316520377584,1.005937253119855
0.6045934632991817,0.5399629584514439,-0.9325298476138361,0.8421259373261688,0.2872179680078335,0.6404849667297133,-0.006208807046976229,5.0,0.0,0.8938122256223102,0.928341512610198,285,1400,5,48.33464711807166,dumbbell,5,1,C05,heatgeo_4t,0.49221387825352503,1.5589176052104463
2.096791707408329,0.5072357009933957,-0.21926012452654103,0.7290169051820914,0.2872179680078335,0.6404849667297133,-0.006324144704479372,6.0,0.0,0.8947068151135305,0.9308982595516568,1072,1400,5,49.35879749987033,dumbbell,5,1,C05,heatgeo_4t,0.4891154588348101,1.440273058246156
0.5740114221332904,-0.022315231571006164,-0.9325298476138361,-0.23056228618890023,0.2872179680078335,0.6404849667297133,-0.005449066019111443,6.0,0.0,0.9045871707664088,0.9357687350459912,958,1400,5,50.19884762666368,dumbbell,5,1,C05,heatgeo_4t,0.48178316520377584,1.0091402330877943
1.307659191430608,0.7671086952962439,-0.1658991559837084,0.5402038270772763,0.2872179680078335,0.6404849667297133,-0.005752784816925302,5.0,0.0,0.8872571965181553,0.9341469603237208,690,1400,5,51.11692640153936,dumbbell,5,1,C05,heatgeo_4t,0.49560418800152195,1.8121555183106066
0.2835557606245192,0.06161294197310848,0.10282023833513187,0.21685557542141773,0.2872179680078335,0.6404849667297133,-0.007403589730042956,6.0,0.0,0.9015857803163004,0.93513082237667,872,1400,5,51.763859115045385,dumbbell,5,1,C05,heatgeo_4t,0.48774987648772594,1.2995751803433873
-0.2767141836658259,-1.0269951796407084,0.9848024186935832,0.6970919957141506,0.2872179680078335,0.6404849667297133,-0.008442627722564053,6.0,0.0,0.8947556904613162,0.9301990458064772,209,1400,5,52.22040232750707,dumbbell,5,1,C05,heatgeo_4t,0.4935319548277929,1.3817631953507963
0.20067228920714691,0.22623807865651283,-0.8626900499937823,-0.407923968827436,0.2872179680078335,0.6404849667297133,-0.007783127218977746,5.0,0.0,0.9102934038927932,0.9371621748945712,1008,1400,5,52.53552591527858,dumbbell,5,1,C05,heatgeo_4t,0.4921639464410791,1.491008235168201
1.1358469415594288,0.28211905907243734,-0.8610984715157419,-0.051978725965394684,0.2872179680078335,0.6404849667297133,-0.006757077201363162,6.0,0.0,0.9022120088438244,0.9340413826721834,576,1400,5,52.62139560662185,dumbbell,5,1,C05,heatgeo_4t,0.48178316520377584,1.0073015607717353
-2.1977734494169963,-2.619169880764357,-0.4407979793917963,-1.0419977331138208,0.0,0.5524374512398211,-0.0020900057255586854,6.0,0.0,0.9307210932128256,0.9515131396323908,139,1400,5,-18.648436104658742,dumbbell,5,1,C05,heatgeo_t,0.49002763887875966,1.1476230420225935
-0.07773165821269142,-0.8785203549225433,-0.4407979793917963,-0.27757360629757244,0.0,0.5524374512398211,-0.002773093223134516,5.0,0.0,0.9156351352891584,0.9431630944618308,345,1400,5,-12.713530228899094,dumbbell,5,1,C05,heatgeo_t,0.49664272739750515,1.8790925731066703
0.650887238336328,-0.8785488550174908,-0.4407979793917963,0.20478500598229193,0.0,0.5524374512398211,-0.0011872156182473484,5.0,0.0,0.9074946103510804,0.9412648356123944,567,1400,5,0.1361111065941988,dumbbell,5,1,C05,heatgeo_t,0.4956580869488644,1.831348362399578
0.023284071973570516,0.2701273884540959,-0.4407979793917963,-0.18787634252536853,0.0,0.5524374512398211,-0.002017733669501174,1.0,0.0,0.911068015909286,0.9440525412574824,957,1400,5,14.993673154711674,dumbbell,5,1,C05,heatgeo_t,0.4953216203195122,2.4638780445839457
-2.114486043906861,-2.079119709397205,-0.4407979793917963,0.5853525623603394,0.0,0.5524374512398211,-0.003115136548346792,6.0,0.0,0.9088558854584606,0.9398287620555742,169,1400,5,22.341765314293752,dumbbell,5,1,C05,heatgeo_t,0.49009104742086884,1.2364495177548287
2.1352005572660504,1.0143633536219772,-0.4407979793917963,0.9007151075584788,0.0,0.5524374512398211,-0.00298646786482812,5.0,0.0,0.8949415841615184,0.9382224668129115,1368,1400,5,25.02529101920981,dumbbell,5,1,C05,heatgeo_t,0.49522541346504145,2.019078346273649
-1.0561966876258044,-2.712758485277268,-0.4407979793917963,-0.4693150220455874,0.0,0.5524374512398211,-0.0033043094877047013,6.0,0.0,0.9254803286302408,0.9447879189507934,903,1400,5,27.73849062964975,dumbbell,5,1,C05,heatgeo_t,0.49002763887875966,1.1931693209738599
1.777151619822528,0.9469944706203505,-0.4407979793917963,0.193599437041135,0.0,0.5524374512398211,-0.0016151860884496606,5.0,0.0,0.9077760157122454,0.9396693613000924,39,1400,5,30.760044039331625,dumbbell,5,1,C05,heatgeo_t,0.495194700869347,1.9568884727852156
-1.1127841505679128,-0.8765166261005742,0.8067231249141872,1.5355017326326768,0.0,0.5524374512398211,-0.0034306468145763568,6.0,0.0,0.8910440633525137,0.9372814499728296,140,1400,5,33.12776203089864,dumbbell,5,1,C05,heatgeo_t,0.49367319550580313,1.3553926185775993
0.9947060195852281,0.28449299817988016,-0.4407979793917963,-0.5607736243315995,0.0,0.5524374512398211,-0.002105548103205462,6.0,0.0,0.9195720125353652,0.9450630004884228,531,1400,5,35.47080421059177,dumbbell,5,1,C05,heatgeo_t,0.4863008935235825,1.2561078271820412
2.272207495917751,2.0387578667083006,-0.4407979793917963,0.06771311605357294,0.0,0.5524374512398211,-0.002275182053521709,5.0,0.0,0.9090046588544496,0.9414356283413616,386,1400,5,37.986850446928834,dumbbell,5,1,C05,heatgeo_t,0.49546102296718875,1.9846122976485692
1.0997973949489128,0.18966578496329048,0.890934857533826,0.06792948092832736,0.0,0.5524374512398211,-0.001983540438678266,6.0,0.0,0.9111390416734896,0.9396593699933398,885,1400,5,40.478276188156215,dumbbell,5,1,C05,heatgeo_t,0.49250274622870804,1.4164630320940446
0.01712099402658941,-0.22604538170045665,-0.4407979793917963,-0.5979078845223507,0.0,0.5524374512398211,-0.002190698129313159,6.0,0.0,0.9207433466040992,0.9458936386769564,1096,1400,5,42.08098584554245,dumbbell,5,1,C05,heatgeo_t,0.4890779059439053,1.3082072267910638
1.4744339702769342,0.0760435130645347,-0.4407979793917963,0.3024772905746569,0.0,0.5524374512398211,-0.0036000587309262216,5.0,0.0,0.9016587793713772,0.9404972804749958,1141,1400,5,43.751403288728056,dumbbell,5,1,C05,heatgeo_t,0.4948617448017041,1.8738217411965108
-1.1431092807312042,-0.6986644946998638,-0.4407979793917963,-0.3862531105185004,0.0,0.5524374512398211,-0.0021513981172634525,6.0,0.0,0.915770766946316,0.9450158827118345,674,1400,5,45.23916779765625,dumbbell,5,1,C05,heatgeo_t,0.49002763887875966,1.2113555554930848
0.35510119661667594,0.6209665076574088,-0.4407979793917963,0.38055615800460624,0.0,0.5524374512398211,-0.0033906807006275027,6.0,0.0,0.9018252270336656,0.9407716225819416,335,1400,5,46.60338607031162,dumbbell,5,1,C05,heatgeo_t,0.4863008935235825,1.3645648945648197
0.5889810753531103,0.5173561215622624,-0.4407979793917963,0.8426810508540584,0.0,0.5524374512398211,-0.0022919456179835897,5.0,0.0,0.9041861680588932,0.9352106800298108,285,1400,5,48.33464711807166,dumbbell,5,1,C05,heatgeo_t,0.4941602031066421,1.8935382358880128
2.1321712109846502,0.48490078679580123,-0.4407979793917963,0.729500243915149,0.0,0.5524374512398211,-0.0023275820695879846,6.0,0.0,0.9049888284303468,0.937512828125756,1072,1400,5,49.35879749987033,dumbbell,5,1,C05,heatgeo_t,0.48729107284413087,1.5153557572697711
0.5964495820385919,-0.021004491720602078,-0.4407979793917963,-0.2232991073567051,0.0,0.5524374512398211,-0.0020024133258207803,6.0,0.0,0.9138478227559348,0.9418942008576988,958,1400,5,50.19884762666368,dumbbell,5,1,C05,heatgeo_t,0.4863008935235825,1.301226696279069
1.3307147630932201,0.7698352188292811,-0.4407979793917963,0.5361718543265427,0.0,0.5524374512398211,-0.0021231998035328723,5.0,0.0,0.8983145694294199,0.9404362716026912,690,1400,5,51.11692640153936,dumbbell,5,1,C05,heatgeo_t,0.4948617448017041,1.867057829470778
0.28051262429232954,0.04382585523433369,0.8711886412328372,0.22318041873131547,0.0,0.5524374512398211,-0.002726910158126951,6.0,0.0,0.91115646770489,0.9413175449803188,872,1400,5,51.763859115045385,dumbbell,5,1,C05,heatgeo_t,0.49250274622870804,1.4005108821171675
-0.31544748768972125,-1.0945702321284154,1.5416161055366913,0.6979975043894071,0.0,0.5524374512398211,-0.003109141631254464,6.0,0.0,0.9050330422370316,0.9368810320174016,209,1400,5,52.22040232750707,dumbbell,5,1,C05,heatgeo_t,0.4932246666434694,1.4448467750312088
0.21406149009736028,0.23739190350569714,-0.4407979793917963,-0.40362316022769257,0.0,0.5524374512398211,-0.0025719304495919505,5.0,0.0,0.9189694379175009,0.94314668353416,1008,1400,5,52.53552591527858,dumbbell,5,1,C05,heatgeo_t,0.4941226789946811,1.892170044099457
1.1655529708062928,0.2739594954585898,-0.4407979793917963,-0.04844997932353708,0.0,0.5524374512398211,-0.0024877795763329743,6.0,0.0,0.9117179880436403,0.9403367598093418,576,1400,5,52.62139560662185,dumbbell,5,1,C05,heatgeo_t,0.4863008935235825,1.3093622185789913
-1.2755867986573008,-1.7660511170255024,-1.2716786379783602,-0.8689373895576731,-0.6943164322760301,-1.0954779248595345,0.8276275401485443,3.0,0.2734612313541099,0.2325676416537083,0.5492556903481741,139,1400,5,-18.648436104658742,dumbbell,5,1,C05,pca_denoise,-0.3834075914467316,-0.6693947187843042
-0.5404514176413667,-0.4792690900490444,-1.949820607844344,0.519151778007688,0.2114064918358731,0.5307985821484343,0.760567978359036,2.0,0.2557299836853088,0.2345458223995677,0.5846175145114568,345,1400,5,-12.713530228899094,dumbbell,5,1,C05,pca_denoise,-0.1229423668758331,-0.33508464112146596
0.7497832933908988,0.3741250220002532,1.2220313259495554,0.8231088911829828,1.2700354663290105,0.5307985821484343,1.2482004433738112,6.0,0.2330876535689738,0.2938531485248306,0.678436582432088,567,1400,5,0.1361111065941988,dumbbell,5,1,C05,pca_denoise,0.45803478181180557,0.14898794047442027
0.4318307376685402,0.12301188906684875,-1.4476306306210178,-0.10311788247452924,0.8996293391266077,-0.9599548826088705,2.5491847037876894,1.0,0.2026851024486357,0.2725632667703656,0.6380393567484476,957,1400,5,14.993673154711674,dumbbell,5,1,C05,pca_denoise,0.34129943483268677,0.3129715101059786
-0.9451058449349468,-0.24634698413767955,-0.14662129897191906,1.1657542181141536,0.2627131039593256,0.6663216243990985,-0.619615002724514,3.0,0.2359317083126969,0.2222604918680792,0.5646200992444793,169,1400,5,22.341765314293752,dumbbell,5,1,C05,pca_denoise,-0.017368612346222667,0.07428645355594832
2.5184970343181305,1.5916369465491687,1.202902639077136,1.5009171913465744,1.1329438845207782,0.6663216243990985,2.9552066671198753,5.0,0.2354741934973997,0.3160679449498937,0.7164196596207132,1368,1400,5,25.02529101920981,dumbbell,5,1,C05,pca_denoise,0.41040118413595505,0.841636801196669
-0.7487155316416148,-0.8733607049033995,0.4014965509713398,0.11414624858487857,-0.5246488237793319,0.5307985821484343,-0.2878976508137178,6.0,0.2763086660762961,0.2276919519665638,0.5457828863605464,903,1400,5,27.73849062964975,dumbbell,5,1,C05,pca_denoise,-0.3949614142794608,-1.1641074905159838
1.6094319598955842,0.37471105342948474,0.22268802915335525,0.3437615587573003,0.4710320443629298,0.5307985821484343,-1.3767664261188646,5.0,0.26969940925303,0.2603832107281359,0.6238784000774669,39,1400,5,30.760044039331625,dumbbell,5,1,C05,pca_denoise,-0.13433233723152155,0.10287143865648592
-0.02503959355767028,-0.6919241506687827,3.2412738823582243,1.6964177087392185,1.6359773780354552,0.6663216243990985,2.5505881166874818,2.0,0.2340651028609283,0.3111792159980209,0.761197937435346,140,1400,5,33.12776203089864,dumbbell,5,1,C05,pca_denoise,0.4952612739789324,1.5598072493282409
-0.019943036391233404,-0.18522017237791732,-2.1679645520109356,-0.7344514805367368,-0.11296500681516465,-1.2310009671101985,0.970669544714201,6.0,0.2664812403699088,0.2620673787065457,0.5682783221493537,531,1400,5,35.47080421059177,dumbbell,5,1,C05,pca_denoise,-0.40045869901331144,-0.9903398227448058
1.094558187451712,-0.06605214591686868,-0.38130920322972284,-0.3720892345439579,0.4223717990283343,-0.5533857558568783,1.4988818994073922,1.0,0.2538168404141104,0.303130099428306,0.6530000116491893,386,1400,5,37.986850446928834,dumbbell,5,1,C05,pca_denoise,0.21703210446629106,0.9897397781116732
0.8889351559755191,0.2379791493966605,1.3298625440166754,0.5954815680860187,0.5607721133342197,0.5307985821484343,1.3054316586276256,6.0,0.2644123789259049,0.2968727800076628,0.6570207941863471,885,1400,5,40.478276188156215,dumbbell,5,1,C05,pca_denoise,0.15538224697831693,0.01565540239667391
0.5229989481432662,0.13151472616030577,-1.7598428000540913,-0.39589583090826064,0.012488786123791708,-0.8244318403582065,-1.9497158170859563,3.0,0.2587689992074886,0.2544330785571843,0.5948736805527486,1096,1400,5,42.08098584554245,dumbbell,5,1,C05,pca_denoise,-0.3647940033603464,-0.026722809184128626
1.015934898288676,0.3377622998070705,2.7315068172796733,0.385847210020438,1.9518739815318162,0.6663216243990985,1.1117571040108418,3.0,0.2043221811906429,0.3678741064078749,0.7641937879891851,1141,1400,5,43.751403288728056,dumbbell,5,1,C05,pca_denoise,0.4959720623245797,1.9243250682113133
-0.7995771672555188,-0.5510398551587065,-2.4834230998425513,-0.3456372884210692,-0.11499109665014826,-0.8244318403582065,-3.6577737863671524,4.0,0.2788662741106986,0.2491577305773679,0.576175350570544,674,1400,5,45.23916779765625,dumbbell,5,1,C05,pca_denoise,-0.43707906130860064,-0.06383229699055035
1.2769432288742235,0.8393915164336904,0.44327632984730064,0.6490744935213185,1.3581977938011478,0.5307985821484343,0.611024582253751,6.0,0.2273285114965167,0.333471426328653,0.7244258218475269,335,1400,5,46.60338607031162,dumbbell,5,1,C05,pca_denoise,0.46176798668734076,0.4640332994663721
0.19601029361499878,0.20276986265497132,-0.24037191691263374,0.9825941786517598,0.32428059386448926,0.6663216243990985,6.642308505043165,3.0,0.2406817909154495,0.2607858769134805,0.5949172652421649,285,1400,5,48.33464711807166,dumbbell,5,1,C05,pca_denoise,-0.07075149708408807,-0.10998324111925377
0.6442889017480885,-0.024566249547347357,0.7167268316020554,0.7820462294027926,0.602374392469694,0.6663216243990985,2.3167736546197712,2.0,0.2460352376759202,0.2527064075483075,0.6240842664550574,1072,1400,5,49.35879749987033,dumbbell,5,1,C05,pca_denoise,-0.16470842912548306,0.1235816171909236
0.6526062378780664,0.01714738113983492,-0.6635231548326246,-0.4264693281069169,-0.28779862564093406,-0.2823396713555501,-2.0958231915459247,4.0,0.2706885438363377,0.2422510063271144,0.5597182773624868,958,1400,5,50.19884762666368,dumbbell,5,1,C05,pca_denoise,-0.2941577087100703,-0.09165313982922016
0.5444828773386726,0.9255651343701817,0.8556077241179553,0.4539811915092102,3.295821461945909,0.5307985821484343,5.104764136013444,2.0,0.1439225740917323,0.3953263625501151,0.8263636199324806,690,1400,5,51.11692640153936,dumbbell,5,1,C05,pca_denoise,0.49740458939667076,2.1131664562328227
0.6615820889977306,0.25362669216310446,-2.418686898789927,0.39202780327805115,0.8861966747707416,0.2597524976471062,-1.2397304245152838,4.0,0.2463478383726503,0.259063563888271,0.6470946205020832,872,1400,5,51.763859115045385,dumbbell,5,1,C05,pca_denoise,0.23430715308917216,0.24549852597201008
1.2856764754327579,0.8154524222394296,-3.031582636838713,1.2672985865172943,1.3160693538087462,0.6663216243990985,0.3380970645148692,5.0,0.2232718944319158,0.2636805073168117,0.6328067849402821,209,1400,5,52.22040232750707,dumbbell,5,1,C05,pca_denoise,0.08099456920092407,-0.19266126512452786
-0.06427224377967294,-0.5195817409821284,-2.470082111356635,-0.3067747911898395,-0.18052924834603962,0.12422945539644212,-2.377201879850821,4.0,0.2541165821748288,0.2364179631625358,0.553591097941277,1008,1400,5,52.53552591527858,dumbbell,5,1,C05,pca_denoise,-0.2764891474613027,-0.2736485686516269
1.6179215345199451,0.7863674239529578,0.9373103732537648,0.38173792783774335,1.1269441686085477,0.12422945539644212,1.0103397423343308,4.0,0.2406012856347052,0.3027949047378721,0.6973528336746564,576,1400,5,52.62139560662185,dumbbell,5,1,C05,pca_denoise,0.45990179984758794,0.9068310394353145
-1.3807746998518498,-2.1590335692745906,-1.2927189837195026,-1.1705305429605746,-0.9942130257342097,-0.969562579589957,-5.538550149293803,1.0,0.2935924795934825,0.2275296918101412,0.4897149938832827,139,1400,5,-18.648436104658742,dumbbell,5,1,C05,plain,-0.4680336242842364,-1.1651570690596509
-0.19279220259962462,-0.3418651421894146,-0.6200847838233965,0.1378760854906429,0.11063026098044314,0.5646902936073376,-0.3873319262068934,1.0,0.2670746528247095,0.265755936027981,0.5904056471592838,345,1400,5,-12.713530228899094,dumbbell,5,1,C05,plain,-0.3317560376017116,-0.0252577679724208
0.3416394231091209,0.8100990328382013,-0.26149636256020226,0.5183702865853098,0.687184460716943,0.3089814814077885,2.705623832228656,5.0,0.2649195228169269,0.2732136458334053,0.6376076909778517,567,1400,5,0.1361111065941988,dumbbell,5,1,C05,plain,0.0435640287038398,-0.20280675817371493
1.0236115738062415,-0.04352266097429144,-1.6695425903874628,-0.2143873341605558,0.5031015422506364,-0.45814495519085874,-2.292829956732202,2.0,0.236251323287298,0.2604318612123749,0.6006939780557408,957,1400,5,14.993673154711674,dumbbell,5,1,C05,plain,-0.22141281495143705,0.010051292937812976
-1.7729281158238581,-1.2347789576270587,-0.13839943776671637,1.1260862150806694,0.3194588374246606,0.6925446997071122,3.66197515635936,5.0,0.2409760074412654,0.2212351811316012,0.5639700442817297,169,1400,5,22.341765314293752,dumbbell,5,1,C05,plain,0.041281220039459665,-0.4915234293927008
1.854551172921224,1.7054800514877988,0.21644758653300689,1.5354450583270354,3.0099211688412963,0.6925446997071122,3.405109843073098,5.0,0.147269110011473,0.3663111068028547,0.789340788702239,1368,1400,5,25.02529101920981,dumbbell,5,1,C05,plain,0.4959360023526408,1.9500108462009216
-1.6097079579912454,-1.155117747129055,1.110824202539961,-0.12868107860048233,-0.6584460204049857,0.3089814814077885,0.02978369013437401,1.0,0.2901792881940654,0.2343901559596634,0.5441582083214627,903,1400,5,27.73849062964975,dumbbell,5,1,C05,plain,-0.3720403546936469,0.046448281860099236
1.69181384581221,1.3854910960792457,0.02342060253466909,0.5508747802258295,1.2732694344874258,0.6925446997071122,2.27690462269714,3.0,0.2284655918848336,0.3022058578187757,0.6774138840761533,39,1400,5,30.760044039331625,dumbbell,5,1,C05,plain,0.4293520259917484,1.145256920133713
-1.4105653714928386,-0.8206532739849338,4.152807617642908,1.9322005320573534,1.5263952520940367,0.6925446997071122,4.026125168287705,2.0,0.2462682083217339,0.2991947117258496,0.7468908663141054,140,1400,5,33.12776203089864,dumbbell,5,1,C05,plain,0.4963007998686213,1.600539584097395
0.6732449887796396,0.5668002084874614,-0.01615670112057156,-0.9382268336962452,-0.4106206129812747,-1.3531257978892806,-0.5241679369186548,1.0,0.2881628598512361,0.2624406122245598,0.5645113837551182,531,1400,5,35.47080421059177,dumbbell,5,1,C05,plain,-0.315469024239155,0.03746019589467747
-0.40020076283082034,-0.6420344187946687,0.525338265670123,-0.5063102752392877,0.45042165181890603,-0.5859993612906333,2.9710424853443222,1.0,0.2606711866088175,0.294542077659753,0.645496052960901,386,1400,5,37.986850446928834,dumbbell,5,1,C05,plain,0.18472349233857244,1.0806839599988076
0.9739829553669166,0.033313331052242705,1.0335652568661071,0.7249252133947103,0.6758467286660622,0.4368358875075631,5.872452556825626,4.0,0.2603271104447946,0.2984054156634435,0.6911084674968282,885,1400,5,40.478276188156215,dumbbell,5,1,C05,plain,0.39307646947230623,0.8459710395846087
-0.6933030604140454,-0.7890993046063625,-2.41713590753783,-0.6053268490521198,-0.1661957072082936,-0.7138537673904078,2.853165613607068,4.0,0.2725427987025898,0.2481625347797213,0.5837928334856615,1096,1400,5,42.08098584554245,dumbbell,5,1,C05,plain,-0.38954363091239425,-0.4102798691695942
1.8841834199486216,0.7547761447729693,2.136575276210622,0.30828846267849114,2.2180303693832584,0.6925446997071122,5.211018860818119,1.0,0.1890059709966205,0.3666329438861556,0.7681412621731281,1141,1400,5,43.751403288728056,dumbbell,5,1,C05,plain,0.4902235817376276,1.8885077183229602
-2.594679422841183,-0.6625140192217243,-3.162283538342475,-0.339447260616639,-0.08517037124317814,-0.5859993612906333,-2.164733340287633,2.0,0.2812918491007982,0.2473761417754366,0.5818310270180559,674,1400,5,45.23916779765625,dumbbell,5,1,C05,plain,-0.3390649642100231,-0.08617911400201696
0.12098089579997844,-0.003266745677802327,-0.8589063219022903,0.6274667575509962,1.9333805704230034,0.4368358875075631,1.698968592969223,1.0,0.2132115956907882,0.3338693892543709,0.7435621205329176,335,1400,5,46.60338607031162,dumbbell,5,1,C05,plain,0.4617413670280448,1.3441357145259412
-0.28186254871344435,0.1392108187876984,-0.4452660727910329,1.2627292861667465,0.6371332108571194,0.6925446997071122,5.19895080567698,6.0,0.2501531463841959,0.2709238644631889,0.6516321923764412,285,1400,5,48.33464711807166,dumbbell,5,1,C05,plain,0.07636030235815094,-0.12818095922140513
0.5620612293090721,0.040323760925864954,1.1252714641641017,0.6506772690064683,0.922036950625099,0.6925446997071122,1.3415012678408453,2.0,0.2451665632393275,0.3041569783197365,0.6845471146093118,1072,1400,5,49.35879749987033,dumbbell,5,1,C05,plain,0.45010269208560116,1.240155889847167
0.9945005744625843,0.5002870898365402,0.9721475283238182,-0.4055883304568525,-0.04269496018012591,0.053272669208239434,-2.02875920202325,5.0,0.2771381331692469,0.2723115881176898,0.6053388037713929,958,1400,5,50.19884762666368,dumbbell,5,1,C05,plain,-0.3214548447604747,0.2664042181035288
0.39821842794589013,0.4602663764705408,2.099402783424611,1.102305521599078,2.6286113854450273,0.5646902936073376,8.067189887220291,6.0,0.1770957399191421,0.3578410871778549,0.7974802544330157,690,1400,5,51.11692640153936,dumbbell,5,1,C05,plain,0.48769246579406433,1.1617112897597837
1.1709081722308152,0.6075106695236486,-2.3653718431417756,0.15944388576731716,0.8079056155363998,0.5646902936073376,1.8269883039629746,5.0,0.253240397379552,0.2790562032925317,0.6483254510191612,872,1400,5,51.763859115045385,dumbbell,5,1,C05,plain,0.025519164940545402,0.11518370768540921
0.10629876240059345,0.06864714221847665,-2.5543075525648122,1.4016659781441185,0.9344826528180282,0.6925446997071122,1.8370394150261689,6.0,0.2694691731916496,0.2652454636736084,0.6550522109918688,209,1400,5,52.22040232750707,dumbbell,5,1,C05,plain,0.29665786156125107,-0.18473540530961177
-0.56228029214953,-0.2353243348393696,-0.941510788732981,-0.30456233747432365,0.06697995540434627,0.18112707530801397,0.7816611820790144,3.0,0.256471388052108,0.2520401751165274,0.57537901063202,1008,1400,5,52.53552591527858,dumbbell,5,1,C05,plain,-0.3733477709855694,-0.3970774729962982
1.3640694914087874,0.5248817395614112,-0.1847761138865128,0.02118207336666267,0.9535486625107271,0.3089814814077885,2.3184134018882196,7.0,0.2512348500288641,0.3124860496662955,0.6895248446937032,576,1400,5,52.62139560662185,dumbbell,5,1,C05,plain,0.475778685468641,0.36315060640219493
-135.2908517336801,-164.10036048706888,0.16156041294844764,-1.2435940941212078,-0.8936536790047122,0.2886751185948137,-0.7390948475176227,6.0,0.1198960704057934,0.0506275098109947,0.1690555716587276,139,1400,5,-18.648436104658742,dumbbell,5,1,D,diffdist_t4,-0.4873869372810925,-2.2775614091380643
-88.42623985686461,-113.4934588131255,0.9879716684366766,-1.0792024736788675,-0.6832980838598491,0.2886751185948137,-1.0524226273084853,6.0,0.1221350816267774,0.0515724165942796,0.2210704797812723,345,1400,5,-12.713530228899094,dumbbell,5,1,D,diffdist_t4,-0.4799734402384667,-1.8125648405664947
-51.031812439692,-43.540059866313236,-1.5107760350672028,0.20088768209826693,1.5706582072940962,0.2886751185948137,-0.6590589026845444,6.0,0.1226420993819142,0.112067242381487,0.3795864627867812,567,1400,5,0.1361111065941988,dumbbell,5,1,D,diffdist_t4,-0.14709753604352416,-1.640796827073163
-94.31231508648828,-104.74362236876519,0.5502852812647966,-0.4590199887392062,-0.5673275814918448,0.2886751185948137,-0.5607884180341981,6.0,0.1208656988683514,0.0578961005052111,0.2179386070695939,957,1400,5,14.993673154711674,dumbbell,5,1,D,diffdist_t4,-0.457143261470911,-1.535803304866465
-125.84065872046487,-135.72248317878703,1.7166968481461469,-1.0116156769614857,-1.2066557378588303,-3.175426304542951,-0.16955184251895247,6.0,0.131881855211972,0.0634932779820098,0.1636455576226651,169,1400,5,22.341765314293752,dumbbell,5,1,D,diffdist_t4,-0.4537231412257173,-2.2075470351963093
-33.7407656255593,-74.63897860745041,2.3887216698192097,-0.10954380627412576,-0.4527521339892498,-10.103629150818481,0.28667006690573393,6.0,0.1314296895903054,0.0693780270227939,0.2161559725130748,1368,1400,5,25.02529101920981,dumbbell,5,1,D,diffdist_t4,-0.2480437381195082,-1.0661911838094287
-123.00122953988601,-125.08276634306408,0.27662519003943326,-1.1910193947185455,-0.9018790547976244,0.2886751185948137,-0.589798534081708,6.0,0.1231399884469099,0.0661480941269185,0.1909989262564534,903,1400,5,27.73849062964975,dumbbell,5,1,D,diffdist_t4,-0.478977233689839,-2.310851666046498
-19.38602542348194,-10.534804343377102,3.618931916809322,2.0763587707597035,2.9266564006800264,-3.175426304542951,-0.5490650980743842,6.0,0.1069115796093323,0.1027204265490439,0.7983383400891316,39,1400,5,30.760044039331625,dumbbell,5,1,D,diffdist_t4,0.4995836766600934,1.4773541211776755
-117.33138525709981,-159.02232387662994,-0.36598144356403883,-1.2391656993403932,-0.8398730492490917,0.2886751185948137,-0.39178677215883667,6.0,0.135471992953136,0.069895007293405,0.1889940656310176,140,1400,5,33.12776203089864,dumbbell,5,1,D,diffdist_t4,-0.47286917399321954,-2.53004079717195
-49.71341686793271,-43.84165701424912,0.9578005624583827,0.4737178006943314,1.6196417550822597,0.2886751185948137,0.04938092242748742,6.0,0.1280624417187795,0.104601841535732,0.4074477352138608,531,1400,5,35.47080421059177,dumbbell,5,1,D,diffdist_t4,-0.17075834262528616,-1.50924188576352
-15.935181271891606,-13.749733158789546,-3.5515005957069654,1.291667239949212,2.770907377815702,0.2886751185948137,-1.3954756217668558,6.0,0.1273366016751511,0.1374359435273146,0.518126146660957,386,1400,5,37.986850446928834,dumbbell,5,1,D,diffdist_t4,0.4027818397045181,-0.7640351420146559
-105.1294583627019,-122.39978764621006,0.3533155094469835,-0.7500439545734295,-1.1132357039567875,-6.639527727680716,-0.6876514981170997,6.0,0.132649550030115,0.0590024718200538,0.1677894373483002,885,1400,5,40.478276188156215,dumbbell,5,1,D,diffdist_t4,-0.46204536350268594,-2.7374033285270563
-69.12379876983292,-90.41842867356915,-0.07086720988213256,-1.1850869109488398,-0.5226488578176537,0.2886751185948137,-0.7224565233401152,6.0,0.129135316254135,0.0700552303625311,0.2247856662831213,1096,1400,5,42.08098584554245,dumbbell,5,1,D,diffdist_t4,-0.47286917399321954,-2.151780075729097
-19.283247769651066,-9.641154734660116,1.7067320553717162,2.159257771048689,2.79236631799785,0.2886751185948137,0.13248311350651093,6.0,0.1140252276315091,0.1205436299389099,0.86048962970905,1141,1400,5,43.751403288728056,dumbbell,5,1,D,diffdist_t4,0.49880848268027234,1.1327942538489995
-68.12509275908575,-87.5746775171129,-0.7729893027997893,-0.7231106520164652,0.6902861672680648,0.2886751185948137,-0.27424083021027756,6.0,0.1170777899411786,0.0740883100997232,0.2895621718139204,674,1400,5,45.23916779765625,dumbbell,5,1,D,diffdist_t4,-0.4415224139243108,-1.9432044026955484
-42.636618557134824,-71.44410715141082,3.579891650594659,-0.17443015826404581,-0.11377520421014577,0.2886751185948137,1.1449147164763105,6.0,0.1352104333910684,0.0896167289399369,0.2698821478299271,335,1400,5,46.60338607031162,dumbbell,5,1,D,diffdist_t4,-0.36312051746332014,-0.7914777038701786
-69.6442171472476,-102.45960050419903,1.3004938183760042,-0.3649841793163836,-0.7562689871685153,0.2886751185948137,-0.48062728937104604,6.0,0.1213471429865572,0.0559488461005564,0.1725076613641324,285,1400,5,48.33464711807166,dumbbell,5,1,D,diffdist_t4,-0.4564061091682212,-1.427713288711452
-39.507953759896616,-36.6906813546654,0.613722980183422,0.6139683323188208,1.961684108767155,0.2886751185948137,-1.0738461026584778,6.0,0.1111315947680018,0.0954719823029088,0.4612118428643171,1072,1400,5,49.35879749987033,dumbbell,5,1,D,diffdist_t4,-0.08230423623460059,-0.8895538093444902
-23.583990085025846,-22.881670356940123,-1.3225466802151935,0.8794802542524702,2.734852408572767,-6.639527727680716,-0.6797965659322083,6.0,0.1183102848833477,0.1324008462106374,0.5128354128891478,958,1400,5,50.19884762666368,dumbbell,5,1,D,diffdist_t4,0.32237971353305517,-0.979186047501832
-161.21494565029658,-150.60477529181517,-0.7783170362036517,-1.279084399653914,-1.257519788474634,0.2886751185948137,-0.8400640026812899,6.0,0.1300404287738226,0.06050513854705,0.1763244035417761,690,1400,5,51.11692640153936,dumbbell,5,1,D,diffdist_t4,-0.4782460585897973,-2.877842569812549
-68.11885521475489,-73.9255586212535,-1.7978788072764618,-1.1070778929123297,-0.09432420910624437,0.2886751185948137,0.4378458151201532,6.0,0.1361155767802358,0.0891422899631241,0.2796693271103478,872,1400,5,51.763859115045385,dumbbell,5,1,D,diffdist_t4,-0.43750235543630245,-2.0777144167975967
-56.238659163737665,-76.46418510195825,1.6964703297501618,-1.0816845982048877,0.2102968192977332,-3.175426304542951,-0.4416211899246123,6.0,0.1311328441372736,0.0832511740992983,0.2898918741408847,209,1400,5,52.22040232750707,dumbbell,5,1,D,diffdist_t4,-0.3664629463766499,-1.5195082408985774
-70.38809358700907,-97.80631649498592,0.3295333037378105,-0.3803460909611602,-0.7904361572717505,0.2886751185948137,0.2228395041404825,6.0,0.1198719997489444,0.0477972912943228,0.1688686302278574,1008,1400,5,52.53552591527858,dumbbell,5,1,D,diffdist_t4,-0.47221880522255366,-1.6885097173998063
-117.24095513812544,-125.2724194199419,0.16488662392712436,-1.1238386772204587,-0.9784504448963028,0.2886751185948137,-0.40863851937660994,6.0,0.1265153891137366,0.0598729550704541,0.1856891170126319,576,1400,5,52.62139560662185,dumbbell,5,1,D,diffdist_t4,-0.4786144589397352,-2.704600408042911
-29.339518732052095,-8.976457588609884,0.7706775896388963,-2.118149553255212,-0.875328545376572,0.5822723481906064,-0.7649558001074247,2.0,0.0734276199502866,0.015958213508498,0.0963190444586591,139,1400,5,-18.648436104658742,dumbbell,5,1,D,diffdist_t8,-0.46848573703547153,-1.1188328085433394
-21.442674851976577,-7.77700380267836,-0.20136362608870176,-1.9242718951874458,-0.9932918307803196,0.5822723481906064,0.9931306293057746,6.0,0.0845223109886904,0.0231816929418245,0.1076350305685099,345,1400,5,-12.713530228899094,dumbbell,5,1,D,diffdist_t8,-0.4882927718597368,-2.798935500462437
-3.6805097742957247,-0.9055644543349589,-0.2919288266215412,-0.1204849944117889,1.41895265178836,-0.1940907827302021,-0.040084420982098516,6.0,0.0868183772602927,0.045794368072289,0.3487347068296602,567,1400,5,0.1361111065941988,dumbbell,5,1,D,diffdist_t8,-0.3911452611170641,-2.1393415116895196
-17.887641773038723,-7.177293369954788,0.1336497041212771,-1.771304598995923,-0.779557767779417,0.5822723481906064,0.9213289488335404,2.0,0.0766085561044739,0.0182894455682151,0.1046751751616472,957,1400,5,14.993673154711674,dumbbell,5,1,D,diffdist_t8,-0.47249393319927596,-0.5925056007336813
-30.108162892312905,-9.687646882126185,0.7173293471694211,-1.990414563337357,-1.0010347224449694,0.5822723481906064,0.47231513401183906,2.0,0.0754661302665826,0.0170752002098141,0.0935851815115015,169,1400,5,22.341765314293752,dumbbell,5,1,D,diffdist_t8,-0.46848573703547153,-1.2607411447156573
-6.759682323556654,-2.8125993581020308,1.3661639638279361,-1.2324257351331427,-0.3439269889531203,0.5822723481906064,0.3782253237280051,2.0,0.0813906523027219,0.0264889584387645,0.1277075255421562,1368,1400,5,25.02529101920981,dumbbell,5,1,D,diffdist_t8,-0.4798613176270747,-0.36285328500137365
-22.02648353181377,-7.817816594071452,-0.7464574763478286,-1.9304445558969212,-0.9712354617282704,0.5822723481906064,1.124331092571536,6.0,0.0809694859991508,0.0189384580190488,0.0985388710646425,903,1400,5,27.73849062964975,dumbbell,5,1,D,diffdist_t8,-0.491751329679992,-2.751829563545103
-1.0059385001963659,-0.17012960745397848,1.59425164074102,1.106534335404696,2.603014269684571,-10.286811484700712,-1.7323673797542,2.0,0.0724431215233326,0.0453509460097834,0.7988182981956609,39,1400,5,30.760044039331625,dumbbell,5,1,D,diffdist_t8,0.49497634700076454,2.230160418249634
-23.21211012263257,-9.247230130909182,-0.32082336345246787,-1.9332973062481726,-0.7282580379250541,0.5822723481906064,-0.11451674787757317,6.0,0.0753329721148194,0.0161490420750252,0.1108638820840974,140,1400,5,33.12776203089864,dumbbell,5,1,D,diffdist_t8,-0.48343434828393167,-2.555296953702186
-2.793526910796409,-0.8522917496848897,0.9621276998592179,-0.22184906370550028,1.5494265214898255,-0.1940907827302021,-0.5804586635524601,6.0,0.0858898634917487,0.0423512725092965,0.3735158456485288,531,1400,5,35.47080421059177,dumbbell,5,1,D,diffdist_t8,-0.4006388762927381,-1.7560118305782493
-0.6928485110975261,-0.24814516072270687,-0.9133815043393683,0.4282547310086611,2.852279602213256,-0.9704539136510106,-0.011095636317164759,6.0,0.0741349200461243,0.0646816697358336,0.513136060529483,386,1400,5,37.986850446928834,dumbbell,5,1,D,diffdist_t8,0.03647361203100685,-1.1536195327731067
-22.327803483888037,-6.9054791371113895,0.5753323759611403,-1.8380593213136458,-0.9593365564179811,0.5822723481906064,-0.023191174679365458,2.0,0.0800753537459382,0.0157113413147678,0.0993302187179097,885,1400,5,40.478276188156215,dumbbell,5,1,D,diffdist_t8,-0.47879917546411466,-0.9606254630625102
-26.095062523051414,-9.224818403439063,1.2667870790587328,-2.179980358018459,-0.8687929397504762,0.5822723481906064,0.3528463470191225,6.0,0.0784587705760098,0.0211229327752778,0.1001553192835168,1096,1400,5,42.08098584554245,dumbbell,5,1,D,diffdist_t8,-0.48759020749340914,-2.158373853465423
-0.8396771082382677,-0.16115362260303706,1.4064466258135964,1.5498495439949116,2.749057118620891,-8.734085222859095,-1.5836532811204256,2.0,0.0746915662488374,0.0523251173508657,0.8636384708222054,1141,1400,5,43.751403288728056,dumbbell,5,1,D,diffdist_t8,0.495463685047006,2.238910077523068
-11.53953831405252,-4.053201748414874,-0.8306375566551367,-1.2498721733191458,0.0573703523037716,0.5822723481906064,0.38707090094887675,6.0,0.0845166733218051,0.0326106568565355,0.1840725390323239,674,1400,5,45.23916779765625,dumbbell,5,1,D,diffdist_t8,-0.4780593239818104,-2.386593284456375
-9.360904576817646,-3.267291285780323,1.3892361825645956,-1.3395001217361524,-0.4542343602298427,0.5822723481906064,1.4291995941031919,2.0,0.084488700994017,0.0315760390918722,0.1238883686664733,335,1400,5,46.60338607031162,dumbbell,5,1,D,diffdist_t8,-0.4798751343370201,0.018031226914910603
-15.251340378735286,-4.60803804702593,0.7676131872033366,-1.4696108210195242,-0.5674989677858112,0.5822723481906064,-0.0675500337244541,2.0,0.0726197972875239,0.018471396333013,0.1134082705980414,285,1400,5,48.33464711807166,dumbbell,5,1,D,diffdist_t8,-0.47992684308830613,-0.4598606894141389
-2.742034147817058,-0.6343560364035516,0.5653527311638443,-0.25854805883615395,1.9921686594249741,0.5822723481906064,-0.9922465513668756,6.0,0.0588412202435215,0.0250117772276273,0.4510388722981252,1072,1400,5,49.35879749987033,dumbbell,5,1,D,diffdist_t8,-0.36837631906779755,-1.4976406062896832
-1.5225051235725409,-0.39311810955537535,-1.2321782496692602,0.26910862086997067,2.336400227327784,0.5822723481906064,-0.5100164595150283,6.0,0.072271950626297,0.0482237199291191,0.4836445862126447,958,1400,5,50.19884762666368,dumbbell,5,1,D,diffdist_t8,-0.3308643602174901,-1.4818483752639224
-22.372491744483117,-7.265611797410754,-1.1743713513254008,-1.8923083544008314,-1.11480795951444,0.5822723481906064,0.40023822396949466,6.0,0.0832872598387678,0.022884136027622,0.1147237697574514,690,1400,5,51.11692640153936,dumbbell,5,1,D,diffdist_t8,-0.4867044307851219,-3.0740141125973
-26.525006491919683,-6.960758155919706,-0.4482615218909758,-1.9908359250009526,-1.07932017875547,-0.9704539136510106,0.5113467294482543,6.0,0.0909326339716506,0.0332489166299151,0.1195350633469202,872,1400,5,51.763859115045385,dumbbell,5,1,D,diffdist_t8,-0.48809149257375994,-2.8069111761313894
-24.27806046863756,-8.314370187127244,1.546111195970217,-2.1108521181692184,-0.8745448021299305,0.5822723481906064,1.3719203403342755,6.0,0.083520804261078,0.0266626109041537,0.1047323235013985,209,1400,5,52.22040232750707,dumbbell,5,1,D,diffdist_t8,-0.48521867605855534,-1.7931148588524657
-16.153469812533416,-4.8224038343040005,0.6034142263872985,-1.5076890133168208,-0.5887479583907771,0.5822723481906064,-0.24109292946261998,2.0,0.0721111123812172,0.0161858002063206,0.1097752469155832,1008,1400,5,52.53552591527858,dumbbell,5,1,D,diffdist_t8,-0.47992684308830613,-0.4598606894141389
-22.610732099225007,-6.3597054192309574,-0.056742931211929144,-1.8722508133143492,-1.1189176481672156,-0.1940907827302021,0.03110052212522277,6.0,0.0867621963175444,0.0220057434587598,0.1110609601205371,576,1400,5,52.62139560662185,dumbbell,5,1,D,diffdist_t8,-0.488720916389558,-2.721948280618606
-2.868901582516006,-1.9811145019035798,1.0407524671858677,-0.9263553018019458,0.27524270742905466,0.9392599109337845,0.9857668202168276,3.0,0.2708377275026074,0.2155763795068443,0.5786507694597832,139,1400,5,-18.648436104658742,dumbbell,5,1,D,fb_potential,-0.28749254002848423,-0.01802064918734873
-3.0249026571195072,-3.0253566155862908,1.733782540687414,-0.8352285383512559,-0.6774466940314628,0.9392599109337845,2.132709773808708,2.0,0.2538078869223336,0.1783015501009228,0.515947808291918,345,1400,5,-12.713530228899094,dumbbell,5,1,D,fb_potential,-0.42039871682033925,-0.043987601029376384
0.02452230130710247,1.1870880144457137,1.7304550433445356,-0.031818244256188975,-1.993944090427318,0.9392599109337845,-0.12475393357463078,1.0,0.2607104930861476,0.1708775496517388,0.4252879469654806,567,1400,5,0.1361111065941988,dumbbell,5,1,D,fb_potential,-0.49050919267349424,-0.9976858986240351
-2.1243964979623584,-1.8628448802746171,2.0307119481389853,-0.39748830873818475,1.4419149465749876,0.9392599109337845,2.008238617996941,3.0,0.2560578316265838,0.1856086637475364,0.5397547600967628,957,1400,5,14.993673154711674,dumbbell,5,1,D,fb_potential,0.1549367681114765,0.4797692728919796
-0.656590455017227,-1.3626160620033014,0.9893473283769829,-1.1864166634514393,-2.0293322759705137,0.6426515180073261,1.02641839329414,4.0,0.2664311315652542,0.1989289505570303,0.5390923444878943,169,1400,5,22.341765314293752,dumbbell,5,1,D,fb_potential,-0.45995193494583664,-0.7557907255500982
-2.107316693549418,-4.053882528974782,1.908308631196942,-1.1746971897296687,-3.5966002926437945,0.9392599109337845,1.03514427420769,1.0,0.2728799192208377,0.1797084557424057,0.5070236542021829,1368,1400,5,25.02529101920981,dumbbell,5,1,D,fb_potential,-0.4863836469925564,-0.7932602967176483
-0.14614664788195134,-1.6144913377112267,1.1745319961789815,-1.20050171644278,-3.027165319910679,0.9392599109337845,0.8811462056153798,1.0,0.2769901028897321,0.1964880845840896,0.5229633974447823,903,1400,5,27.73849062964975,dumbbell,5,1,D,fb_potential,-0.4904196153121278,-0.7496219563571654
-0.997521696247487,-0.6982220222981678,1.5854693780240023,0.19985473712594842,-1.2524648831761092,0.9392599109337845,1.266525590402664,2.0,0.2265527896092392,0.1332420222948153,0.4045156557391253,39,1400,5,30.760044039331625,dumbbell,5,1,D,fb_potential,-0.4891831581921163,-0.8491236314732153
-0.6252895241088857,-0.531990383726535,-3.612523230118844,-1.0713384314498227,1.29831022065313,-1.1369988395514234,-0.8693013648293331,5.0,0.2486602182424775,0.229128136733251,0.6107527781643874,140,1400,5,33.12776203089864,dumbbell,5,1,D,fb_potential,0.011210577021130153,-0.40764113454035467
-1.5082401880294045,-1.2308947666581749,0.7901345515850939,-0.35490506686881795,-2.0403394050644423,0.9392599109337845,0.3753038931184851,3.0,0.2593004338126969,0.1711867993575941,0.4293111110320903,531,1400,5,35.47080421059177,dumbbell,5,1,D,fb_potential,-0.4954440251414542,-1.3260573932833997
0.6253324204151625,0.22588731110202678,1.6967997440902554,0.4692726581529339,0.5100753689012811,0.9392599109337845,0.4121932515970458,5.0,0.223534272762821,0.1368288955940888,0.4465733044937856,386,1400,5,37.986850446928834,dumbbell,5,1,D,fb_potential,-0.46189777403602283,-0.7650275652820431
1.3006168797550608,0.45732280704045525,1.6578925956629578,-0.9107388827526252,-1.0262346230770838,0.9392599109337845,1.2454796125989336,3.0,0.2712715001283737,0.2228134482195783,0.571874867503456,885,1400,5,40.478276188156215,dumbbell,5,1,D,fb_potential,-0.17160683557829637,0.128886939403956
0.6173317465737407,0.5778759863262395,0.44534459152636413,-0.70469365092344,0.5650806708034702,0.9392599109337845,0.1642839503759278,4.0,0.258814685238858,0.2041065799418776,0.579901509602159,1096,1400,5,42.08098584554245,dumbbell,5,1,D,fb_potential,-0.23152689188948988,-0.09202104718137066
-0.5570253192453548,0.2664748343910534,1.243581616893064,0.36329629062261154,-0.3815362242203211,0.9392599109337845,1.4375420146258835,1.0,0.2283055841002942,0.1310535110536655,0.4125916062966147,1141,1400,5,43.751403288728056,dumbbell,5,1,D,fb_potential,-0.49475665824496257,-0.6255555869794027
-0.11348103211458338,-0.7484772485702962,-0.20111520263965385,-0.6960034347053258,1.2314026544171204,0.04943473215440967,-0.29230670293656646,2.0,0.2628541939357183,0.2135793441302699,0.5885082594547453,674,1400,5,45.23916779765625,dumbbell,5,1,D,fb_potential,-0.02707487143508347,-0.1279079447006826
-3.5171265282574176,-5.666891489630832,1.3536390214693208,-1.0928532890284288,-2.8014167639449856,0.9392599109337845,1.6857374392281954,1.0,0.2618351151322076,0.1770640066046101,0.401013191175991,335,1400,5,46.60338607031162,dumbbell,5,1,D,fb_potential,-0.496088940587111,-1.5267835631544218
-3.386572091260452,-4.005943797416316,3.016584389043527,-0.9731293508974194,-1.2858162567539568,0.9392599109337845,1.522977315115614,1.0,0.2830797622790041,0.2175884789793963,0.5579533396318788,285,1400,5,48.33464711807166,dumbbell,5,1,D,fb_potential,0.06575429087563667,-0.055774752558583524
-0.5617728664177574,-0.3932704736023263,1.7610145553791678,-0.018572571889185048,-1.293390769779655,0.9392599109337845,1.436644027443893,4.0,0.2575095322634067,0.1564848952908772,0.4397062398574612,1072,1400,5,49.35879749987033,dumbbell,5,1,D,fb_potential,-0.4922994772506941,-0.7502947164007889
-1.5415179739549318,-0.8224242185202641,1.7581896096091494,0.2999566327451689,-0.3622187505899357,0.9392599109337845,1.8359739888570654,1.0,0.229509708970795,0.1478992476223258,0.4542162011971241,958,1400,5,50.19884762666368,dumbbell,5,1,D,fb_potential,-0.48708029391304836,-0.43794157782759624
-1.1911564413955427,0.7180747707955648,-0.49109478245234317,-1.387363096236529,-2.877742214929522,-1.1369988395514234,0.8080130941322154,4.0,0.2680227488333591,0.2236773149879826,0.5967278713779555,690,1400,5,51.11692640153936,dumbbell,5,1,D,fb_potential,-0.4549691160885357,-1.2604060993048884
0.8268319623131818,0.1444618892279923,0.20340673711822407,-0.4228554394804737,1.5600386617273718,0.9392599109337845,1.2407897132862244,4.0,0.2444385738250363,0.1933544258170033,0.5566574850119832,872,1400,5,51.763859115045385,dumbbell,5,1,D,fb_potential,0.10758428547256538,0.02464423447519917
0.03120404225124698,0.6684226669020125,0.34969166877633634,-0.35420106521250433,3.2322081840349677,0.9392599109337845,1.5205031691405417,2.0,0.2272910122661563,0.1921054441899637,0.567273719907241,209,1400,5,52.22040232750707,dumbbell,5,1,D,fb_potential,0.24664617973248493,0.6052693092088643
-2.991215445615241,-2.8722682214751694,2.614144708907044,-1.1215776733266596,-2.999882659823626,0.9392599109337845,0.239367191433493,2.0,0.2788800301071124,0.190921683251191,0.5210073214696679,1008,1400,5,52.53552591527858,dumbbell,5,1,D,fb_potential,-0.47168552996966107,-0.7690758293984462
-2.680233436631492,-4.010935554833183,2.31581818315757,-1.3065515687802263,-3.518230443802046,0.9392599109337845,-0.4805138963167457,4.0,0.2833327235398637,0.1980118147798125,0.4648933927700104,576,1400,5,52.62139560662185,dumbbell,5,1,D,fb_potential,-0.4919375223115423,-1.1603384080077623
-1.8822361829136627,-1.8806695949116108,0.0,-0.6265093988917024,0.0,-0.0,0.0,4.0,0.0,0.9868223975567952,0.9920716220612388,139,1400,5,-18.648436104658742,dumbbell,5,1,D,heatgeo_4t,0.49426991419309185,1.6861672936272218
-1.1680331545981804,-2.3198207626671654,0.0,-0.06869455702650408,0.0,-0.0,0.0,1.0,0.0,0.9815001233513462,0.9881807169901424,345,1400,5,-12.713530228899094,dumbbell,5,1,D,heatgeo_4t,0.49426991419309185,2.568640995320944
0.052010264564189335,0.4526252653596417,0.0,0.4015628298803353,0.0,-0.0,0.0,1.0,0.0,0.976128139862596,0.984970315527343,567,1400,5,0.1361111065941988,dumbbell,5,1,D,heatgeo_4t,0.4957934275292122,2.58841297026806
-2.7212040371046093,-2.6579144042469327,0.0,0.04338082437661698,0.0,-0.0,0.0,1.0,0.0,0.9805568954692506,0.9880198250277096,957,1400,5,14.993673154711674,dumbbell,5,1,D,heatgeo_4t,0.4936317797639028,2.4954650594114893
-2.2030011043297533,-2.2275824435683225,0.0,-0.5443916374597327,0.0,-0.0,0.0,1.0,0.0,0.9863953610494096,0.9912635306808352,169,1400,5,22.341765314293752,dumbbell,5,1,D,heatgeo_4t,0.49426991419309185,2.525360798539975
-2.8318206452449317,-2.878713276144938,0.0,-0.006806935790436474,0.0,-0.0,0.0,1.0,0.0,0.9813707680882726,0.9886119273400188,1368,1400,5,25.02529101920981,dumbbell,5,1,D,heatgeo_4t,0.4936317797639028,2.4954650594114893
-2.46012612630551,-2.395362150581851,0.0,-0.43516616645727674,0.0,-0.0,0.0,2.0,0.0,0.9850680471738514,0.990622148794528,903,1400,5,27.73849062964975,dumbbell,5,1,D,heatgeo_4t,0.4936317797639028,2.4521848626305203
-1.4234729208599863,-0.5273818026185954,0.0,2.0138630908335378,0.0,-0.0,0.0,2.0,0.0,0.9626574388787308,0.9772876902712602,39,1400,5,30.760044039331625,dumbbell,5,1,D,heatgeo_4t,0.49411934016331804,2.684126225226451
-0.10481298556500344,0.6431280956290405,0.0,-0.2297744644307497,0.0,-0.0,0.0,1.0,0.0,0.982597456091974,0.989497942998738,140,1400,5,33.12776203089864,dumbbell,5,1,D,heatgeo_4t,0.4917306472512055,2.6017117877106566
-0.08095135739049132,0.4419903604418311,0.0,0.592962834111907,0.0,-0.0,0.0,2.0,0.0,0.9746047665255496,0.9844744602659464,531,1400,5,35.47080421059177,dumbbell,5,1,D,heatgeo_4t,0.4958203294940655,2.6506028437564946
-1.098928399955873,-0.11971665149301518,0.0,1.2775298126501333,0.0,-0.0,0.0,1.0,0.0,0.968720493520098,0.9800594097873332,386,1400,5,37.986850446928834,dumbbell,5,1,D,heatgeo_4t,0.4880265197964061,2.670771002477772
-0.050660786226401563,0.29181239232026795,0.0,0.05833922043280725,0.0,-0.0,0.0,2.0,0.0,0.9805225323087888,0.987428630554466,885,1400,5,40.478276188156215,dumbbell,5,1,D,heatgeo_4t,0.4957934275292122,2.58841297026806
-0.2843431722513491,-0.5703423557148768,0.0,-0.12683445807435104,0.0,-0.0,0.0,2.0,0.0,0.9816048081258965,0.9888848188837116,1096,1400,5,42.08098584554245,dumbbell,5,1,D,heatgeo_4t,0.4960755659258539,2.563904972990865
-0.5857051549230108,-0.007604007194094176,0.0,2.0837830412523046,0.0,-0.0,0.0,1.0,0.0,0.962096058786383,0.9765289001166436,1141,1400,5,43.751403288728056,dumbbell,5,1,D,heatgeo_4t,0.4876354802706042,2.6753136083809683
0.005341010111038399,0.3098850511637299,0.0,-0.08002202988527873,0.0,-0.0,0.0,1.0,0.0,0.9809372359987798,0.9884630352433692,674,1400,5,45.23916779765625,dumbbell,5,1,D,heatgeo_4t,0.4957934275292122,2.58841297026806
-3.330852994770995,-3.7361930001545294,0.0,0.153710807538995,0.0,-0.0,0.0,1.0,0.0,0.9803510134830616,0.9864353446643506,335,1400,5,46.60338607031162,dumbbell,5,1,D,heatgeo_4t,0.4967209643813406,2.4371690106850976
-2.249272808009723,-2.771359876716359,0.0,-0.13323182030097663,0.0,-0.0,0.0,1.0,0.0,0.9825435227780988,0.989367661988425,285,1400,5,48.33464711807166,dumbbell,5,1,D,heatgeo_4t,0.49426991419309185,2.568640995320944
-0.2462989740868026,0.02265492441998176,0.0,0.7760745534668777,0.0,-0.0,0.0,1.0,0.0,0.972417176276476,0.983474955325472,1072,1400,5,49.35879749987033,dumbbell,5,1,D,heatgeo_4t,0.4917833172070756,2.612739623730621
0.0949736478805842,0.9026695303743265,0.0,1.4689328228162908,0.0,-0.0,0.0,2.0,0.0,0.9666732609231302,0.981354808358362,958,1400,5,50.19884762666368,dumbbell,5,1,D,heatgeo_4t,0.495507249047879,2.726254299399629
-0.7383835395482636,-0.4645898103231809,0.0,-0.5019271881138949,0.0,-0.0,0.0,1.0,0.0,0.9856661037285236,0.9910945401126486,690,1400,5,51.11692640153936,dumbbell,5,1,D,heatgeo_4t,0.49426991419309185,2.5160821703067
-1.6022341254780597,-0.8552169263236667,0.0,0.5299758447887382,0.0,-0.0,0.0,1.0,0.0,0.9753541900977232,0.9865449714875828,872,1400,5,51.763859115045385,dumbbell,5,1,D,heatgeo_4t,0.49426991419309185,2.559362367087669
-0.38781742201646463,-0.7523718161881431,0.0,0.30501974737343784,0.0,-0.0,0.0,1.0,0.0,0.9776575574039872,0.9865841853544894,209,1400,5,52.22040232750707,dumbbell,5,1,D,heatgeo_4t,0.4960755659258539,2.563904972990865
-3.1544327277117987,-3.0353358177130687,0.0,-0.1391499775444619,0.0,-0.0,0.0,2.0,0.0,0.9824038804984524,0.9892559685668176,1008,1400,5,52.53552591527858,dumbbell,5,1,D,heatgeo_4t,0.49595059504709993,2.4954650594114893
-3.398564695127908,-2.910948297742901,0.0,-0.32826553923487084,0.0,-0.0,0.0,1.0,0.0,0.9840397184721582,0.9899752759699556,576,1400,5,52.62139560662185,dumbbell,5,1,D,heatgeo_4t,0.4936317797639028,2.4213536766566293
-1.8741224556407412,-1.8671030730584486,0.0,-0.6256402291023818,0.0,-0.0,0.0,4.0,0.0,0.9881022372607554,0.9928391777145088,139,1400,5,-18.648436104658742,dumbbell,5,1,D,heatgeo_t,0.49426991419309185,1.6861672936272218
-1.1640332100407633,-2.3059030176117927,0.0,-0.06566277268483385,0.0,-0.0,0.0,1.0,0.0,0.9833029440719756,0.989327611184998,345,1400,5,-12.713530228899094,dumbbell,5,1,D,heatgeo_t,0.49426991419309185,2.568640995320944
0.031955672609188086,0.43893295536113375,0.0,0.40464211626629326,0.0,-0.0,0.0,1.0,0.0,0.9784650371678718,0.9864331091776448,567,1400,5,0.1361111065941988,dumbbell,5,1,D,heatgeo_t,0.4957934275292122,2.58841297026806
-2.719897317266432,-2.643900370982006,0.0,0.04649459761800616,0.0,-0.0,0.0,1.0,0.0,0.982453190180743,0.9891829395192028,957,1400,5,14.993673154711674,dumbbell,5,1,D,heatgeo_t,0.4936317797639028,2.4954650594114893
-2.197670782827804,-2.2135594894583037,0.0,-0.543371023094761,0.0,-0.0,0.0,1.0,0.0,0.9877173028548356,0.9921102737543944,169,1400,5,22.341765314293752,dumbbell,5,1,D,heatgeo_t,0.49426991419309185,2.525360798539975
-2.825124895420258,-2.858132778026183,0.0,-0.003942957176719623,0.0,-0.0,0.0,1.0,0.0,0.9831867418140804,0.9897171564978168,1368,1400,5,25.02529101920981,dumbbell,5,1,D,heatgeo_t,0.4936317797639028,2.4954650594114893
-2.4522289454712105,-2.377965779026115,0.0,-0.43341286971927057,0.0,-0.0,0.0,2.0,0.0,0.9865199520056616,0.9915309754287536,903,1400,5,27.73849062964975,dumbbell,5,1,D,heatgeo_t,0.4936317797639028,2.4521848626305203
-1.4528226687092476,-0.5506848656864799,0.0,2.0102956937578784,0.0,-0.0,0.0,2.0,0.0,0.966339731001178,0.9795108086594452,39,1400,5,30.760044039331625,dumbbell,5,1,D,heatgeo_t,0.49411934016331804,2.684126225226451
-0.09708426019244837,0.6520284127127693,0.0,-0.2271282202766192,0.0,-0.0,0.0,1.0,0.0,0.9842921019113554,0.9905163361127506,140,1400,5,33.12776203089864,dumbbell,5,1,D,heatgeo_t,0.4917306472512055,2.6017117877106566
-0.09886419933338561,0.42675553422203744,0.0,0.5959232107578679,0.0,-0.0,0.0,2.0,0.0,0.9770922646879656,0.9859859428330062,531,1400,5,35.47080421059177,dumbbell,5,1,D,heatgeo_t,0.4917833172070756,2.6506028437564946
-1.1282364208006728,-0.14197124577465742,0.0,1.2784925212094973,0.0,-0.0,0.0,1.0,0.0,0.9717939506156706,0.9820064715320946,386,1400,5,37.986850446928834,dumbbell,5,1,D,heatgeo_t,0.4880265197964061,2.670771002477772
-0.04397034220824084,0.2971222191468447,0.0,0.06147851677093331,0.0,-0.0,0.0,2.0,0.0,0.9824221081330156,0.9886494913438262,885,1400,5,40.478276188156215,dumbbell,5,1,D,heatgeo_t,0.4957934275292122,2.58841297026806
-0.2814878222852104,-0.5683928803381083,0.0,-0.12385480888063585,0.0,-0.0,0.0,2.0,0.0,0.9833975524800742,0.9899629483028282,1096,1400,5,42.08098584554245,dumbbell,5,1,D,heatgeo_t,0.4960755659258539,2.563904972990865
-0.6158074883595357,-0.03065083161067412,0.0,2.0796428097412165,0.0,-0.0,0.0,1.0,0.0,0.9658353771592586,0.9788242128858492,1141,1400,5,43.751403288728056,dumbbell,5,1,D,heatgeo_t,0.4876354802706042,2.670771002477772
0.009162714790124545,0.3124281878233444,0.0,-0.07695816432415525,0.0,-0.0,0.0,1.0,0.0,0.9827958351547458,0.9895833433956656,674,1400,5,45.23916779765625,dumbbell,5,1,D,heatgeo_t,0.4957934275292122,2.58841297026806
-3.322402875495194,-3.702532961229261,0.0,0.15682611056645923,0.0,-0.0,0.0,1.0,0.0,0.9822671046849628,0.9877532660396762,335,1400,5,46.60338607031162,dumbbell,5,1,D,heatgeo_t,0.4967209643813406,2.4371690106850976
-2.245447551276083,-2.752131521144363,0.0,-0.13060060624376668,0.0,-0.0,0.0,1.0,0.0,0.9842436592376193,0.990399002945771,285,1400,5,48.33464711807166,dumbbell,5,1,D,heatgeo_t,0.49426991419309185,2.568640995320944
-0.27530014490527394,-0.000286927320377,0.0,0.7786725117107539,0.0,-0.0,0.0,1.0,0.0,0.9751223354417908,0.9850860720132096,1072,1400,5,49.35879749987033,dumbbell,5,1,D,heatgeo_t,0.4917833172070756,2.612739623730621
0.07579669156775493,0.8907587980214191,0.0,1.4691729108441398,0.0,-0.0,0.0,2.0,0.0,0.969951409306844,0.9831731099728072,958,1400,5,50.19884762666368,dumbbell,5,1,D,heatgeo_t,0.4958203294940655,2.726254299399629
-0.7302306976051277,-0.45724712096087045,0.0,-0.5005225024203133,0.0,-0.0,0.0,1.0,0.0,0.9870592219354636,0.9919576834691072,690,1400,5,51.11692640153936,dumbbell,5,1,D,heatgeo_t,0.49426991419309185,2.5160821703067
-1.6055364940482064,-0.8557092824009396,0.0,0.5336714894626466,0.0,-0.0,0.0,1.0,0.0,0.9777649647090472,0.9878534252311894,872,1400,5,51.763859115045385,dumbbell,5,1,D,heatgeo_t,0.49426991419309185,2.559362367087669
-0.38776734964142123,-0.7525495853903009,0.0,0.30862814038036734,0.0,-0.0,0.0,1.0,0.0,0.979840303770744,0.987888150274184,209,1400,5,52.22040232750707,dumbbell,5,1,D,heatgeo_t,0.4960755659258539,2.563904972990865
-3.147104073034062,-3.0130836210660967,0.0,-0.13652226769122722,0.0,-0.0,0.0,2.0,0.0,0.9841178927237704,0.9902981294354944,1008,1400,5,52.53552591527858,dumbbell,5,1,D,heatgeo_t,0.49595059504709993,2.4954650594114893
-3.387538977291696,-2.889281341294262,0.0,-0.3261148216762936,0.0,-0.0,0.0,1.0,0.0,0.9855925853044256,0.9909479976067984,576,1400,5,52.62139560662185,dumbbell,5,1,D,heatgeo_t,0.4936317797639028,2.4213536766566293
-0.15075971679914238,-0.9898601014460282,0.7748493750130446,-0.7019674733098775,0.031072412607008278,0.17983617807486355,0.08219446744946655,2.0,0.2665641561931181,0.2173691202951919,0.5664528443094575,139,1400,5,-18.648436104658742,dumbbell,5,1,D,pca_denoise,-0.22770444996772765,-0.10596465976945879
0.2617064608467772,-0.26899797069281084,-0.6047551609714978,-0.6198381030869318,0.1388379142415167,-1.1689351574866134,0.3480623051097702,3.0,0.2772920954611321,0.2465389142652404,0.5963775834877356,345,1400,5,-12.713530228899094,dumbbell,5,1,D,pca_denoise,-0.29377058141186446,-0.024682956701949036
1.178271207086229,1.9243998567382652,-0.17024062147330937,0.2015118440803511,5.832857092952169,0.4495904451871589,1.9298215673148387,2.0,0.097545570546289,0.3797003880011089,0.805424662104084,567,1400,5,0.1361111065941988,dumbbell,5,1,D,pca_denoise,0.49584711615631405,1.968391074502304
1.9683060020803156,1.0007580790400779,1.0758045763835193,-0.38316733942382475,0.00795359665933174,0.9890989794117496,1.2969423791147878,4.0,0.2892595000053683,0.2501701225953889,0.5960545720410738,957,1400,5,14.993673154711674,dumbbell,5,1,D,pca_denoise,-0.2613957257006302,0.3709357373421959
-0.8380033938976902,-2.1618591990002782,1.4784323446707013,-0.8800540760995028,-1.0034815320506505,0.9890989794117496,0.5496137173870153,2.0,0.2909213940596201,0.2074816789139913,0.4320385212512714,169,1400,5,22.341765314293752,dumbbell,5,1,D,pca_denoise,-0.4920724032948814,-0.866394662789958
-0.036210597638255786,-1.853415825981388,1.562845867271231,-0.861934225706752,-0.1617076794179663,0.9890989794117496,0.3472577318767838,1.0,0.2777239283877464,0.2585441899776722,0.4937920236431992,1368,1400,5,25.02529101920981,dumbbell,5,1,D,pca_denoise,-0.4352574822716766,-0.27296559045426955
-0.8527404681727151,-0.3882766116881177,0.8080650147459043,-0.8758743396583449,-1.003931302948391,0.17983617807486355,-0.575114086502724,1.0,0.2994301385365627,0.2142475346814405,0.4479536542938938,903,1400,5,27.73849062964975,dumbbell,5,1,D,pca_denoise,-0.49487072585549663,-0.9670510033496981
1.8509083332150775,2.397788464506285,1.4941733671550985,2.3713955836711187,1.5415914781001525,0.9890989794117496,2.141720288102301,1.0,0.2617639985619787,0.2482604883504574,0.6846224820755192,39,1400,5,30.760044039331625,dumbbell,5,1,D,pca_denoise,0.4573723778101736,1.0751062776379947
0.726654031904744,0.808873455869407,-1.6150053021380744,-0.27286210764548374,1.3844093717557784,-1.0340580239304658,0.4370024219141968,2.0,0.2256408165383385,0.2281999946041432,0.6223983702439223,140,1400,5,33.12776203089864,dumbbell,5,1,D,pca_denoise,0.12338699498411598,-0.2046536577880999
1.2132482140691032,1.7097107990514546,-0.20516518483663063,0.750462306599919,1.2314300588220894,0.9890989794117496,1.2549389728391906,3.0,0.2567749540817453,0.2481773231821436,0.6522333154702987,531,1400,5,35.47080421059177,dumbbell,5,1,D,pca_denoise,0.33897176289297926,0.6237691021931188
0.3157026054397255,2.348991625449622,0.09712857953734443,2.140565331865186,2.220422014270694,0.9890989794117496,2.373610006622163,4.0,0.2396471382517999,0.2384643831288654,0.6846867192042617,386,1400,5,37.986850446928834,dumbbell,5,1,D,pca_denoise,0.4695753812712009,0.9560856973898325
1.3399369998458055,1.83479476856611,-0.41251186320216304,-0.54254375400682,0.5281609842012908,0.31471331163101124,0.5640283866638381,4.0,0.2594261196732791,0.2618802753647585,0.6387557832790592,885,1400,5,40.478276188156215,dumbbell,5,1,D,pca_denoise,0.0781054275210794,-0.07202472851998816
0.6676613439573534,1.1516543269790411,0.9522701215790269,-0.20110962069388155,0.36017944461270357,0.9890989794117496,0.28669710914675867,1.0,0.2691360849752822,0.2337644397336646,0.5965282092470162,1096,1400,5,42.08098584554245,dumbbell,5,1,D,pca_denoise,-0.009927432022486193,0.1762642945191847
1.6475651774817166,2.3951473446127807,0.12272481194012559,2.389574824504616,2.003046555785066,0.9890989794117496,2.583022470637009,1.0,0.2469650779452251,0.2399453984954077,0.6673804608701029,1141,1400,5,43.751403288728056,dumbbell,5,1,D,pca_denoise,0.4690153500486217,1.2248348189740617
-0.12652506345224196,-0.14540619609209599,-0.21849297640273685,-0.03293557067014616,1.055298394391331,-0.08991808903743183,0.7146098058864708,2.0,0.2639164910518692,0.2677882949415489,0.6657288386724425,674,1400,5,45.23916779765625,dumbbell,5,1,D,pca_denoise,0.4176452830447509,0.6444915091778131
-0.9696451347239157,-2.2080014622725908,1.8670286432879297,-0.6263685152545808,-0.14239810734545197,0.7193447122994543,-0.34732537186409707,1.0,0.2665027122828112,0.2031730419171108,0.5197578985181507,335,1400,5,46.60338607031162,dumbbell,5,1,D,pca_denoise,-0.42927059169136805,0.10456631102142723
-0.22821734704342048,-1.9824256237594717,1.0812410821183132,-0.8546732440778937,-0.4914084879158542,0.5844675787433066,1.1600295724094274,3.0,0.2828388296068426,0.2447088427653098,0.5784547286962745,285,1400,5,48.33464711807166,dumbbell,5,1,D,pca_denoise,-0.39397617220037984,0.05289560971952589
1.6254710383842326,1.949355701251668,0.7724784540676947,2.0603301804149567,1.6510663064140128,0.9890989794117496,1.0812097633415871,4.0,0.2606861658720504,0.251089942964331,0.6908308570135608,1072,1400,5,49.35879749987033,dumbbell,5,1,D,pca_denoise,0.4517630056479285,1.021600236657019
0.9948934203179607,2.2189448440020283,-1.0507118274965583,1.8073002662587077,2.4973940893863196,0.9890989794117496,2.041494048081231,1.0,0.2206649626565803,0.2623996043119709,0.688362717509542,958,1400,5,50.19884762666368,dumbbell,5,1,D,pca_denoise,0.4596443735597332,1.0701722474775637
0.7032640960464684,0.23977201189777608,-0.4698578816867226,-0.6250836021459437,-0.14057041990353702,0.31471331163101124,0.7380917254494991,3.0,0.2796022226366994,0.2349381117675938,0.6119857631496703,690,1400,5,51.11692640153936,dumbbell,5,1,D,pca_denoise,-0.34257917898038637,-0.22114898361161242
0.5668100330437764,1.2944606900450293,-0.32890881451618664,0.31499291495617354,1.2009482171032877,0.9890989794117496,1.380471127766687,4.0,0.2467124540960301,0.2299746820222757,0.6327543316240241,872,1400,5,51.763859115045385,dumbbell,5,1,D,pca_denoise,0.02065997072356407,-0.24940080871716166
1.7410469921700067,1.61531233069404,0.9797970062360883,-0.08368303375512733,0.7331085626177726,0.854221845855602,1.7836880149716987,3.0,0.2611496300933009,0.2710876133452194,0.6530641827004156,209,1400,5,52.22040232750707,dumbbell,5,1,D,pca_denoise,0.25194404940674353,0.8637239386731341
-0.8102523917127605,-1.8752661643784774,3.0199954895513943,-0.6453918040072791,-0.2217589986441445,0.854221845855602,0.7155095420041211,2.0,0.2812329103194392,0.2273584505078604,0.5770451643241878,1008,1400,5,52.53552591527858,dumbbell,5,1,D,pca_denoise,0.21190662546850103,0.42309014358416075
-1.9957104563400427,-1.8994845149993884,1.0458322555287425,-0.755156014021587,-0.29566247244898086,0.9890989794117496,0.16332096247011002,2.0,0.2621672539586305,0.196084534010213,0.4495526563239557,576,1400,5,52.62139560662185,dumbbell,5,1,D,pca_denoise,-0.4919481270139228,-0.772519966380736
0.4145748701628164,-0.7157742044710559,0.09146077508483036,-0.8009877371199876,-0.3670978134400036,-0.8065766116786017,1.3658046272631974,1.0,0.3312398307988479,0.3123570266085654,0.6147306713024513,139,1400,5,-18.648436104658742,dumbbell,5,1,D,plain,-0.3926330450276152,0.2734246216571426
0.5508972348206792,0.034441204549829955,0.8862507630517873,-0.4694149218842961,0.635869233790129,-0.8065766116786017,1.357487712699544,2.0,0.259274834678434,0.3374401505474282,0.6598474133504214,345,1400,5,-12.713530228899094,dumbbell,5,1,D,plain,0.4476191616371962,1.2108366651401679
0.8220453093939128,1.6318655473236838,-2.806510673529886,0.7496757384847526,1.7058325486409547,1.4148147122886945,0.9979430182953325,2.0,0.1925164872003937,0.3710776952698201,0.7462718877267771,567,1400,5,0.1361111065941988,dumbbell,5,1,D,plain,0.46059711560664585,1.2473958257700175
0.6281175862629619,-0.21942385363899736,1.5667041428959143,-0.3790492406665639,0.344996265881524,-0.8065766116786017,0.7103417379827784,2.0,0.2805306295015369,0.3271181988970914,0.6424325724703719,957,1400,5,14.993673154711674,dumbbell,5,1,D,plain,0.17005218529454635,1.3188072643585418
0.3963833245689566,-0.4487312431031418,1.761316212916852,-0.8281381253830812,-0.737531165015761,-0.8065766116786017,-0.3468614276726529,2.0,0.3643543527485857,0.2952769508118127,0.5980582509732625,169,1400,5,22.341765314293752,dumbbell,5,1,D,plain,-0.2728978607724641,0.7269707750797777
0.5151172431474149,-0.8856584879869598,1.9623663367031157,-0.8231863678249602,0.9657297255031543,-0.8065766116786017,0.5571838505548156,1.0,0.2261674438821449,0.3604283395321952,0.6643567903902438,1368,1400,5,25.02529101920981,dumbbell,5,1,D,plain,0.48025472866063756,1.3465244240210354
0.4540570456637719,-0.4841173982499189,1.5776373488311572,-0.8494001947531247,-0.8886517143556916,-0.8065766116786017,1.984385728220758,1.0,0.3735967948749768,0.2943900216206477,0.5910592632258151,903,1400,5,27.73849062964975,dumbbell,5,1,D,plain,-0.29916273030965457,0.40483049447086733
0.6621774315513251,1.2637092042118945,-1.3115565649701544,3.119274837420513,1.37275007943725,1.5734855211435015,1.0891963152845274,1.0,0.2341399588840484,0.3469976344463311,0.6937449133093022,39,1400,5,30.760044039331625,dumbbell,5,1,D,plain,0.4639695501013914,1.0141469566045807
0.7053864186195881,1.5376340171139988,-1.611212142398869,-0.0787754568691468,0.8670159055816928,-0.8065766116786017,0.9245108737343234,1.0,0.2617316556090865,0.332937518706886,0.6909189794664868,140,1400,5,33.12776203089864,dumbbell,5,1,D,plain,0.3664603571503947,1.2238526564269683
0.5966424054903354,0.8600106454119276,1.0667668351862927,1.2782996333056582,1.4371520053098747,1.7321563299983083,1.2095354259094615,4.0,0.2181536594202111,0.3536096903711154,0.6992936958390077,531,1400,5,35.47080421059177,dumbbell,5,1,D,plain,0.47519670330555963,0.883260772048977
0.5436444179199863,0.6189026630108717,3.3219589814002055,3.4398887907265996,1.5168044536204706,1.7321563299983083,2.136396360112799,1.0,0.2375575164711686,0.3465113723679077,0.9347976233082692,386,1400,5,37.986850446928834,dumbbell,5,1,D,plain,0.4983588478416764,1.4854294597719666
0.6651839932261119,0.599924354685513,-1.491328007134422,-0.5326553294870495,1.2045522513131195,-0.8065766116786017,0.8064653425029792,5.0,0.2138823934503119,0.353180232850334,0.6726978062326722,885,1400,5,40.478276188156215,dumbbell,5,1,D,plain,0.47949613761932397,0.5699033639694497
0.6669208543822683,0.5035295084828469,0.5973841346765847,-0.4740273671049302,0.5527516775218014,-0.8065766116786017,0.8798639900523499,3.0,0.2621472449113164,0.3436109394193136,0.6595220098569835,1096,1400,5,42.08098584554245,dumbbell,5,1,D,plain,0.41964631772870387,1.1987409123972674
0.5019066209857015,1.0793308534922677,-0.6880891660937717,3.0463657739607672,0.32092891491212977,1.7321563299983083,1.6379880699492368,2.0,0.333062961756658,0.3008951875423541,0.6418574946196798,1141,1400,5,43.751403288728056,dumbbell,5,1,D,plain,0.07130974786681044,0.8091060117178643
0.6051792585147506,0.5138350039692782,0.9806796548138321,-0.30483352227849575,0.6681135212645327,-0.8065766116786017,1.1758764695148285,1.0,0.2611389983832024,0.3412776824538763,0.6545009725218618,674,1400,5,45.23916779765625,dumbbell,5,1,D,plain,0.4149991883058872,1.2602568284152005
0.5182169686653487,-0.3080154754087814,2.5975110737078033,-0.7175481033257722,-0.4381301038197228,-0.8065766116786017,0.5704861428863165,2.0,0.3490952956627338,0.2958382504281657,0.596463842838745,335,1400,5,46.60338607031162,dumbbell,5,1,D,plain,0.16750888923329044,0.9789958836867207
0.6039331532045765,0.036803445856749356,-0.8250434821439364,-0.7229039124914105,-0.008308501535977968,-0.8065766116786017,0.8696693620496342,3.0,0.3023684119620019,0.3148463738996864,0.6267754797725255,285,1400,5,48.33464711807166,dumbbell,5,1,D,plain,-0.4000108219861376,-0.1155702190763116
0.82753823378063,2.1081305054492403,-0.6054262141427093,2.5000707453256275,1.9216007195892648,1.7321563299983083,1.9260725203752989,4.0,0.1850270811764318,0.3728684332050173,0.7094587994880971,1072,1400,5,49.35879749987033,dumbbell,5,1,D,plain,0.47805884102031326,1.1495296767338983
0.7138826736534426,1.8965764834889278,-2.670945005516979,2.5064126141890553,1.0643340939599641,1.7321563299983083,1.5963153139847481,1.0,0.278091342413878,0.3273335117803137,0.9045172719975324,958,1400,5,50.19884762666368,dumbbell,5,1,D,plain,0.35193248151165524,1.020069730837181
0.4970057235574745,-0.5910786827183561,0.3976421595499216,-0.7631679566984435,-0.2513471889738747,-0.8065766116786017,1.075968551046845,1.0,0.3121935236919688,0.3190119902454075,0.6233795058645515,690,1400,5,51.11692640153936,dumbbell,5,1,D,plain,-0.32756010090285104,0.33329595519732663
0.6863807603767951,0.9414918051027547,0.07448804914308758,0.047472205998550676,1.3470626187671284,-0.8065766116786017,1.0560995702635878,3.0,0.2260971820233719,0.3527206659032756,0.6920181778885807,872,1400,5,51.763859115045385,dumbbell,5,1,D,plain,0.47862917522459425,1.5198850174246226
0.6815431978725845,1.2781636478919605,-0.6633195745295422,0.013269985624587236,0.5233599688448789,-0.8065766116786017,1.84107724317174,1.0,0.2726780025980608,0.3325191279176763,0.653205198461412,209,1400,5,52.22040232750707,dumbbell,5,1,D,plain,0.15672303141196742,1.0065468818717445
0.5899217201194301,-0.3585268799882692,1.6734085363436293,-0.7986853084777351,0.6559815104795627,-0.8065766116786017,-0.6449166013453075,1.0,0.2409895661338282,0.3469702175325169,0.6513329345984069,1008,1400,5,52.53552591527858,dumbbell,5,1,D,plain,0.35252319722711056,1.0901223454912687
0.6046261227650639,0.40376610201100993,0.12078515045378761,-0.688774729178835,0.13114349556461652,-0.8065766116786017,1.392579330934435,2.0,0.2939269229969745,0.323026605979857,0.6308991692527746,576,1400,5,52.62139560662185,dumbbell,5,1,D,plain,-0.28728258124608974,0.27747782427457873
