anchor,ks,gamma,V,goal_acc,kappa0,frac0,ent0,kappaw,fracw,entw,kind,dim,seed,mode
676,-123.73268824969645,0.95,0.458592738495339,1.0,0.13777616890441358,0.9375,5.982611656188965,0.30462248034567563,0.5625,3.118722677230835,dumbbell,3,0,proxy
535,-52.756128616739964,0.95,0.5518087780194214,1.0,0.17504074280061066,0.6875,5.554250240325928,0.36317461272995377,0.4375,3.418867588043213,dumbbell,3,0,proxy
612,-14.869072970510835,0.95,0.5181981869065201,1.0,-0.22016146408990184,0.4375,5.534523010253906,0.12521633910613225,0.1875,3.904322624206543,dumbbell,3,0,proxy
894,5.431549965527312,0.95,0.6678007476109521,1.0,0.011712620049715503,0.25,5.281321048736572,0.533138994464543,0.25,3.7459475994110107,dumbbell,3,0,proxy
1380,9.298448521830508,0.95,0.6622322018237983,1.0,0.5344446413219259,0.0,5.10643196105957,0.6395940473675076,0.0,4.923269271850586,dumbbell,3,0,proxy
1044,9.734029362206519,0.95,0.4559243613517161,1.0,0.4351388675471567,0.0,5.132402420043945,0.7760852578059025,0.0,5.424804210662842,dumbbell,3,0,proxy
545,10.187353512545416,0.95,0.58059384114863,1.0,0.4474960306334227,0.0,5.062822341918945,0.7441409739901919,0.0,4.900374412536621,dumbbell,3,0,proxy
539,10.727248684091858,0.95,0.40532101329727954,1.0,0.564736115106419,0.0,5.082959175109863,0.39435675353022426,0.0,5.478123664855957,dumbbell,3,0,proxy
308,11.290719418418739,0.95,0.46957320977706846,1.0,0.5058837087712185,0.0,5.2476067543029785,0.6109414518387555,0.0,5.441167831420898,dumbbell,3,0,proxy
1211,11.816860442950112,0.95,0.32477754635568257,1.0,0.5040453527046498,0.0,5.170158386230469,0.3835469650330456,0.0,4.615131855010986,dumbbell,3,0,proxy
592,12.353508287602647,0.95,0.2998028214324421,1.0,0.5066326787840767,0.0,5.149140357971191,0.16240562794066882,0.0,4.797499179840088,dumbbell,3,0,proxy
922,13.08481043363165,0.95,0.5715625405539535,1.0,0.5640620003401472,0.0,5.072137355804443,0.8172896328715697,0.0,4.5216546058654785,dumbbell,3,0,proxy
623,13.896615576072982,0.95,0.46771346765531285,1.0,0.4960865641787035,0.0,5.1881818771362305,0.45060095573536585,0.0,4.600100994110107,dumbbell,3,0,proxy
31,14.795506979544653,0.95,0.3907897952497881,1.0,0.5516928773770023,0.0,5.138279914855957,0.26715765880161413,0.0,5.167682647705078,dumbbell,3,0,proxy
978,15.885198393084211,0.95,0.6048282823678925,1.0,0.512302774730724,0.0,5.201153755187988,0.6095515534750157,0.0,4.563004493713379,dumbbell,3,0,proxy
1224,17.139955319129093,0.95,0.41490648138931535,1.0,0.5052806511365759,0.0,5.097555637359619,0.6000444604545347,0.0,4.845108509063721,dumbbell,3,0,proxy
1356,17.86444450248348,0.95,0.19221919052507727,1.0,0.45332387503923216,0.0,5.09396505355835,0.3607254102308755,0.0,4.62967586517334,dumbbell,3,0,proxy
183,18.790907677459302,0.95,0.31640095235067456,1.0,0.5582445656517151,0.0,5.183116912841797,0.3196570480397366,0.0625,4.57277774810791,dumbbell,3,0,proxy
770,19.693368211359815,0.95,0.35036094392689604,1.0,0.4946939059784734,0.0,5.06705379486084,0.23716208015224444,0.0,4.4549407958984375,dumbbell,3,0,proxy
1450,21.192398490167747,0.95,0.5112984480166831,1.0,0.4312964313687968,0.0,4.975444316864014,0.5699204828028598,0.0,4.8293046951293945,dumbbell,3,0,proxy
1297,22.183995958877667,0.95,0.14817821752565163,1.0,0.4102029863763449,0.0,5.025828838348389,0.4476934045953538,0.0,4.458432674407959,dumbbell,3,0,proxy
329,23.563035656854442,0.95,0.29773393512043345,1.0,0.5258972226305196,0.0,5.224118709564209,0.05728529620279636,0.0,4.768455505371094,dumbbell,3,0,proxy
1154,25.370971992037134,0.95,0.0,1.0,0.5248258847434717,0.0,4.913895606994629,0.5937542349367706,0.0,4.317416191101074,dumbbell,3,0,proxy
1249,26.638318248049746,0.95,0.3186235653840446,1.0,0.5130776187516054,0.0,5.192132949829102,0.335438216961813,0.0,3.9678266048431396,dumbbell,3,0,proxy
1117,27.884008918879832,0.95,0.3748447253920559,1.0,0.012866602667449156,0.25,5.153010845184326,0.337695387569171,0.0625,4.132209777832031,dumbbell,3,0,proxy
229,29.282661796048142,0.95,0.4824755190388893,1.0,0.20649551581557657,0.3125,5.437863349914551,0.3847107058476902,0.0625,3.6028642654418945,dumbbell,3,0,proxy
663,30.171477332536107,0.95,0.7327573080386885,1.0,0.2130348288065404,0.125,5.158254623413086,0.5616623824466882,0.125,3.7232370376586914,dumbbell,3,0,proxy
518,31.158070337016014,0.95,0.2888286663493696,1.0,0.41734675467910276,0.0,5.088789939880371,0.10141798936838928,0.0625,4.658185958862305,dumbbell,3,0,proxy
1190,32.52797648270132,0.95,0.6007863327022936,1.0,0.38096557491178706,0.0,5.045560836791992,0.6556462439036199,0.0,4.457795143127441,dumbbell,3,0,proxy
170,33.93425705374371,0.95,0.34446103654880356,1.0,0.3975856354697153,0.0,5.0581159591674805,0.2895884865178467,0.0,4.930819511413574,dumbbell,3,0,proxy
1124,35.17052208313692,0.95,0.0849592417784187,1.0,0.4806489105570547,0.0,4.952242851257324,0.5130704053828601,0.0,4.2919392585754395,dumbbell,3,0,proxy
1410,36.16632769128221,0.95,0.3673600939182115,1.0,0.5254645875879533,0.0,5.052696228027344,0.40056522400492045,0.0625,4.98565673828125,dumbbell,3,0,proxy
107,37.095283943089456,0.95,0.2964315519095524,1.0,0.39539070113777924,0.0,5.083843231201172,0.2232012735533755,0.0,4.265108108520508,dumbbell,3,0,proxy
8,38.02496510354766,0.95,0.8782634236595956,1.0,0.05994326899020805,0.0625,5.230481147766113,0.5154291362785319,0.0,3.7039246559143066,dumbbell,3,0,proxy
1100,39.30184026927018,0.95,0.33807702596967226,1.0,0.4086112131782993,0.0625,5.011948108673096,0.3951937642266569,0.0,4.549864768981934,dumbbell,3,0,proxy
610,40.26435430885271,0.95,0.7195162356758146,1.0,0.1379174217058739,0.125,5.370110511779785,0.10587998912937525,0.125,3.341930389404297,dumbbell,3,0,proxy
365,41.172919210791385,0.95,0.5463341526163246,1.0,0.44968593060328177,0.1875,5.330501556396484,0.4025879837282452,0.0,4.107332706451416,dumbbell,3,0,proxy
725,41.995526232768704,0.95,0.4915390269637263,1.0,0.4381553874853372,0.0,4.967750072479248,0.6010600629728637,0.0,4.696765899658203,dumbbell,3,0,proxy
1439,42.81210292124083,0.95,0.2947020512443602,1.0,0.42357287068011623,0.0,5.195257186889648,0.036718036808241886,0.0,4.730655670166016,dumbbell,3,0,proxy
1003,43.6569644178917,0.95,0.3349214659511096,1.0,0.2693230468846303,0.0,5.065152168273926,0.2769542241321806,0.0,4.870002746582031,dumbbell,3,0,proxy
42,44.312955863146314,0.95,0.4073756786897062,1.0,0.28730218867797536,0.0,5.071758270263672,0.5174377501664414,0.0,4.40831184387207,dumbbell,3,0,proxy
836,44.89688883831238,0.95,0.0,1.0,0.1700271816921612,0.0,4.903633117675781,0.18251518452090587,0.0,3.2319657802581787,dumbbell,3,0,proxy
198,45.49239635782935,0.95,0.41160570654733214,1.0,0.44555002993382936,0.25,5.026820182800293,0.38338784922641983,0.0,4.891352653503418,dumbbell,3,0,proxy
724,45.81502293129721,0.95,0.8038589625851034,1.0,0.15295426651126304,0.0625,5.154259204864502,0.14193256348059408,0.0625,3.5312302112579346,dumbbell,3,0,proxy
439,46.19172058564673,0.95,0.17831252415513457,1.0,-0.27227084799466184,0.0,4.9770402908325195,0.364638443656227,0.0,4.371368408203125,dumbbell,3,0,proxy
1459,46.49110298165155,0.95,0.38230917431000117,1.0,-0.08209858555141375,0.125,5.268154144287109,0.5881675102324309,0.0,5.1154985427856445,dumbbell,3,0,proxy
813,46.73060276940405,0.95,0.44482790304986475,1.0,0.17572028194770303,0.0,5.124312400817871,0.3877847258948284,0.0,4.866219520568848,dumbbell,3,0,proxy
384,46.86483530289183,0.95,0.7306345661733292,1.0,0.2608816067937887,0.125,5.226502418518066,0.34557566863220757,0.125,3.8556854724884033,dumbbell,3,0,proxy
676,-123.73268824969645,0.99,0.458592738495339,1.0,0.13777616890441358,0.9375,5.982611656188965,0.038011616162952816,0.3125,2.3787755966186523,dumbbell,3,0,proxy
535,-52.756128616739964,0.99,0.5518087780194214,1.0,0.17504074280061066,0.6875,5.554250240325928,0.32101742265033867,0.1875,3.906672239303589,dumbbell,3,0,proxy
612,-14.869072970510835,0.99,0.5181981869065201,1.0,-0.22016146408990184,0.4375,5.534523010253906,0.275041481883305,0.0,5.1659979820251465,dumbbell,3,0,proxy
894,5.431549965527312,0.99,0.6678007476109521,1.0,0.011712620049715503,0.25,5.281321048736572,0.2504464101754541,0.0625,4.021505832672119,dumbbell,3,0,proxy
1380,9.298448521830508,0.99,0.6622322018237983,1.0,0.5344446413219259,0.0,5.10643196105957,0.6009768179189949,0.0,5.287856101989746,dumbbell,3,0,proxy
1044,9.734029362206519,0.99,0.4559243613517161,1.0,0.4351388675471567,0.0,5.132402420043945,0.39760329287846996,0.0,5.375899314880371,dumbbell,3,0,proxy
545,10.187353512545416,0.99,0.58059384114863,1.0,0.4474960306334227,0.0,5.062822341918945,0.7623317216795144,0.0,5.2557573318481445,dumbbell,3,0,proxy
539,10.727248684091858,0.99,0.40532101329727954,1.0,0.564736115106419,0.0,5.082959175109863,0.2985368737227343,0.0,5.336230754852295,dumbbell,3,0,proxy
308,11.290719418418739,0.99,0.46957320977706846,1.0,0.5058837087712185,0.0,5.2476067543029785,0.4681547774398751,0.0,5.414708137512207,dumbbell,3,0,proxy
1211,11.816860442950112,0.99,0.32477754635568257,1.0,0.5040453527046498,0.0,5.170158386230469,0.38256843806442103,0.0,4.940974712371826,dumbbell,3,0,proxy
592,12.353508287602647,0.99,0.2998028214324421,1.0,0.5066326787840767,0.0,5.149140357971191,0.16490698327961786,0.0,4.923642158508301,dumbbell,3,0,proxy
922,13.08481043363165,0.99,0.5715625405539535,1.0,0.5640620003401472,0.0,5.072137355804443,0.6458381456937087,0.0,5.118066787719727,dumbbell,3,0,proxy
623,13.896615576072982,0.99,0.46771346765531285,1.0,0.4960865641787035,0.0,5.1881818771362305,0.5506977391288177,0.0,5.241988658905029,dumbbell,3,0,proxy
31,14.795506979544653,0.99,0.3907897952497881,1.0,0.5516928773770023,0.0,5.138279914855957,0.020352721627167572,0.0,5.12600040435791,dumbbell,3,0,proxy
978,15.885198393084211,0.99,0.6048282823678925,1.0,0.512302774730724,0.0,5.201153755187988,0.6795375027410789,0.0,4.591156005859375,dumbbell,3,0,proxy
1224,17.139955319129093,0.99,0.41490648138931535,1.0,0.5052806511365759,0.0,5.097555637359619,0.058235285771259665,0.0,4.9810285568237305,dumbbell,3,0,proxy
1356,17.86444450248348,0.99,0.19221919052507727,1.0,0.45332387503923216,0.0,5.09396505355835,0.3091644765149172,0.0,4.643479347229004,dumbbell,3,0,proxy
183,18.790907677459302,0.99,0.31640095235067456,1.0,0.5582445656517151,0.0,5.183116912841797,0.22423500200325716,0.0,4.642764091491699,dumbbell,3,0,proxy
770,19.693368211359815,0.99,0.35036094392689604,1.0,0.4946939059784734,0.0,5.06705379486084,0.006497834567561686,0.0,4.428852081298828,dumbbell,3,0,proxy
1450,21.192398490167747,0.99,0.5112984480166831,1.0,0.4312964313687968,0.0,4.975444316864014,0.7736451865945657,0.0,5.6262359619140625,dumbbell,3,0,proxy
1297,22.183995958877667,0.99,0.14817821752565163,1.0,0.4102029863763449,0.0,5.025828838348389,0.36459495476411086,0.0,4.540194511413574,dumbbell,3,0,proxy
329,23.563035656854442,0.99,0.29773393512043345,1.0,0.5258972226305196,0.0,5.224118709564209,0.21753993049117154,0.0,4.502912998199463,dumbbell,3,0,proxy
1154,25.370971992037134,0.99,0.0,1.0,0.5248258847434717,0.0,4.913895606994629,0.5050822744470609,0.0,4.665233612060547,dumbbell,3,0,proxy
1249,26.638318248049746,0.99,0.3186235653840446,1.0,0.5130776187516054,0.0,5.192132949829102,0.30654951683559617,0.125,3.931993007659912,dumbbell,3,0,proxy
1117,27.884008918879832,0.99,0.3748447253920559,1.0,0.012866602667449156,0.25,5.153010845184326,0.05417477800819831,0.0625,4.617837905883789,dumbbell,3,0,proxy
229,29.282661796048142,0.99,0.4824755190388893,1.0,0.20649551581557657,0.3125,5.437863349914551,0.43981197114363746,0.0,4.322105407714844,dumbbell,3,0,proxy
663,30.171477332536107,0.99,0.7327573080386885,1.0,0.2130348288065404,0.125,5.158254623413086,0.48331197421971095,0.0,3.9351463317871094,dumbbell,3,0,proxy
518,31.158070337016014,0.99,0.2888286663493696,1.0,0.41734675467910276,0.0,5.088789939880371,0.14393337628741426,0.0,4.616509437561035,dumbbell,3,0,proxy
1190,32.52797648270132,0.99,0.6007863327022936,1.0,0.38096557491178706,0.0,5.045560836791992,0.7580303357343439,0.0,4.524727821350098,dumbbell,3,0,proxy
170,33.93425705374371,0.99,0.34446103654880356,1.0,0.3975856354697153,0.0,5.0581159591674805,-0.0251108193082987,0.0,5.070980072021484,dumbbell,3,0,proxy
1124,35.17052208313692,0.99,0.0849592417784187,1.0,0.4806489105570547,0.0,4.952242851257324,0.45844780342792757,0.0,4.463495254516602,dumbbell,3,0,proxy
1410,36.16632769128221,0.99,0.3673600939182115,1.0,0.5254645875879533,0.0,5.052696228027344,0.07208037599447968,0.0,5.117400646209717,dumbbell,3,0,proxy
107,37.095283943089456,0.99,0.2964315519095524,1.0,0.39539070113777924,0.0,5.083843231201172,0.1627512113947684,0.0,3.9437265396118164,dumbbell,3,0,proxy
8,38.02496510354766,0.99,0.8782634236595956,1.0,0.05994326899020805,0.0625,5.230481147766113,0.5447777532163174,0.0,3.9210519790649414,dumbbell,3,0,proxy
1100,39.30184026927018,0.99,0.33807702596967226,1.0,0.4086112131782993,0.0625,5.011948108673096,0.170303120492026,0.0,4.651534080505371,dumbbell,3,0,proxy
610,40.26435430885271,0.99,0.7195162356758146,1.0,0.1379174217058739,0.125,5.370110511779785,0.6368028542136195,0.0,3.330005168914795,dumbbell,3,0,proxy
365,41.172919210791385,0.99,0.5463341526163246,1.0,0.44968593060328177,0.1875,5.330501556396484,0.45573565065024213,0.0,4.43251895904541,dumbbell,3,0,proxy
725,41.995526232768704,0.99,0.4915390269637263,1.0,0.4381553874853372,0.0,4.967750072479248,0.7336572950945777,0.0,5.247738838195801,dumbbell,3,0,proxy
1439,42.81210292124083,0.99,0.2947020512443602,1.0,0.42357287068011623,0.0,5.195257186889648,0.2226589956615102,0.0,4.7811689376831055,dumbbell,3,0,proxy
1003,43.6569644178917,0.99,0.3349214659511096,1.0,0.2693230468846303,0.0,5.065152168273926,0.12075564478632143,0.0,4.64674186706543,dumbbell,3,0,proxy
42,44.312955863146314,0.99,0.4073756786897062,1.0,0.28730218867797536,0.0,5.071758270263672,0.3960209598853423,0.0625,4.397947311401367,dumbbell,3,0,proxy
836,44.89688883831238,0.99,0.0,1.0,0.1700271816921612,0.0,4.903633117675781,-0.1272692175881585,0.0,3.016353130340576,dumbbell,3,0,proxy
198,45.49239635782935,0.99,0.41160570654733214,1.0,0.44555002993382936,0.25,5.026820182800293,0.21385148927209569,0.0,4.849913597106934,dumbbell,3,0,proxy
724,45.81502293129721,0.99,0.8038589625851034,1.0,0.15295426651126304,0.0625,5.154259204864502,0.666043459381074,0.0,3.5063724517822266,dumbbell,3,0,proxy
439,46.19172058564673,0.99,0.17831252415513457,1.0,-0.27227084799466184,0.0,4.9770402908325195,0.26548262841179715,0.0,4.787431716918945,dumbbell,3,0,proxy
1459,46.49110298165155,0.99,0.38230917431000117,1.0,-0.08209858555141375,0.125,5.268154144287109,0.22749114718612695,0.0,5.25432014465332,dumbbell,3,0,proxy
813,46.73060276940405,0.99,0.44482790304986475,1.0,0.17572028194770303,0.0,5.124312400817871,0.26995070513785613,0.0,4.9647674560546875,dumbbell,3,0,proxy
384,46.86483530289183,0.99,0.7306345661733292,1.0,0.2608816067937887,0.125,5.226502418518066,0.5352609786249425,0.0,4.929412841796875,dumbbell,3,0,proxy
676,-123.73268824969645,0.95,0.3545935733754987,0.9,0.13777616890441358,0.9375,5.982611656188965,-0.03211724730804413,0.875,4.494564056396484,dumbbell,3,0,random
535,-52.756128616739964,0.95,0.338302532168296,0.9,0.17504074280061066,0.6875,5.554250240325928,-0.013556544174641916,0.0,5.1333441734313965,dumbbell,3,0,random
612,-14.869072970510835,0.95,0.2594891915866109,0.9,-0.22016146408990184,0.4375,5.534523010253906,-0.2617087847202856,0.875,4.033657550811768,dumbbell,3,0,random
894,5.431549965527312,0.95,0.2882380099646803,0.9,0.011712620049715503,0.25,5.281321048736572,0.35216013303213106,0.0625,4.794381141662598,dumbbell,3,0,random
1380,9.298448521830508,0.95,0.0,0.9,0.5344446413219259,0.0,5.10643196105957,0.8040611713275678,0.0,3.8180742263793945,dumbbell,3,0,random
1044,9.734029362206519,0.95,0.37709389740531746,0.9,0.4351388675471567,0.0,5.132402420043945,0.7814299036042844,0.0,5.17680549621582,dumbbell,3,0,random
545,10.187353512545416,0.95,0.1469074325121467,0.9,0.4474960306334227,0.0,5.062822341918945,0.667186787572334,0.0,4.23085355758667,dumbbell,3,0,random
539,10.727248684091858,0.95,0.23661553292500642,0.9,0.564736115106419,0.0,5.082959175109863,0.32084959406759156,0.0,4.158835411071777,dumbbell,3,0,random
308,11.290719418418739,0.95,0.39160329151602546,0.9,0.5058837087712185,0.0,5.2476067543029785,0.6916754047418898,0.0,5.224422454833984,dumbbell,3,0,random
1211,11.816860442950112,0.95,0.4027237273050942,0.9,0.5040453527046498,0.0,5.170158386230469,0.5689313206455173,0.0,5.246949195861816,dumbbell,3,0,random
592,12.353508287602647,0.95,0.18859471379754686,0.9,0.5066326787840767,0.0,5.149140357971191,0.15284624241621989,0.0,4.59970760345459,dumbbell,3,0,random
922,13.08481043363165,0.95,0.25044042596347393,0.9,0.5640620003401472,0.0,5.072137355804443,0.23547827875663646,0.125,4.536820411682129,dumbbell,3,0,random
623,13.896615576072982,0.95,0.39963214687419735,0.9,0.4960865641787035,0.0,5.1881818771362305,0.6243390678096821,0.0,5.1193132400512695,dumbbell,3,0,random
31,14.795506979544653,0.95,0.14196980294626,0.9,0.5516928773770023,0.0,5.138279914855957,0.5681866514024119,0.0,4.473358154296875,dumbbell,3,0,random
978,15.885198393084211,0.95,0.09019374694506391,0.9,0.512302774730724,0.0,5.201153755187988,0.5341771987471486,0.0,4.660056114196777,dumbbell,3,0,random
1224,17.139955319129093,0.95,0.41690906365179614,0.9,0.5052806511365759,0.0,5.097555637359619,0.6728067322827651,0.0,4.880218505859375,dumbbell,3,0,random
1356,17.86444450248348,0.95,0.21547179823613208,0.9,0.45332387503923216,0.0,5.09396505355835,0.062500634951703,0.1875,4.678457260131836,dumbbell,3,0,random
183,18.790907677459302,0.95,0.19564439530297748,0.9,0.5582445656517151,0.0,5.183116912841797,0.4780734189516681,0.0,4.742559909820557,dumbbell,3,0,random
770,19.693368211359815,0.95,0.30171083655263187,0.9,0.4946939059784734,0.0,5.06705379486084,0.3289836057760276,0.0,4.919281959533691,dumbbell,3,0,random
1450,21.192398490167747,0.95,0.05298150211472449,0.9,0.4312964313687968,0.0,4.975444316864014,0.6672535083174852,0.0,3.9875717163085938,dumbbell,3,0,random
1297,22.183995958877667,0.95,0.29270702656792136,0.9,0.4102029863763449,0.0,5.025828838348389,0.4450851197643488,0.0,4.984506607055664,dumbbell,3,0,random
329,23.563035656854442,0.95,0.4629465947309814,0.9,0.5258972226305196,0.0,5.224118709564209,0.7442921311488807,0.0,4.910989284515381,dumbbell,3,0,random
1154,25.370971992037134,0.95,0.35656356604640743,0.9,0.5248258847434717,0.0,4.913895606994629,0.668965786568792,0.0,5.1020894050598145,dumbbell,3,0,random
1249,26.638318248049746,0.95,0.060495345242699713,0.9,0.5130776187516054,0.0,5.192132949829102,0.546628332997104,0.0,3.347066879272461,dumbbell,3,0,random
1117,27.884008918879832,0.95,0.2897969019926767,0.9,0.012866602667449156,0.25,5.153010845184326,0.4142102272139139,0.0,4.69215202331543,dumbbell,3,0,random
229,29.282661796048142,0.95,0.28217995508995874,0.9,0.20649551581557657,0.3125,5.437863349914551,0.13860611952784674,0.0625,4.7467803955078125,dumbbell,3,0,random
663,30.171477332536107,0.95,0.1363671758268188,0.9,0.2130348288065404,0.125,5.158254623413086,0.3795653409598351,0.0,4.088509559631348,dumbbell,3,0,random
518,31.158070337016014,0.95,0.13357560080861056,0.9,0.41734675467910276,0.0,5.088789939880371,0.502721550155586,0.0,4.9713850021362305,dumbbell,3,0,random
1190,32.52797648270132,0.95,0.34385773846111634,0.9,0.38096557491178706,0.0,5.045560836791992,0.6896609826144104,0.0,4.958471775054932,dumbbell,3,0,random
170,33.93425705374371,0.95,0.08897074232415579,0.9,0.3975856354697153,0.0,5.0581159591674805,0.7497691680247938,0.0,3.794506549835205,dumbbell,3,0,random
1124,35.17052208313692,0.95,0.33744502537956145,0.9,0.4806489105570547,0.0,4.952242851257324,0.7153630031797984,0.0,4.930177211761475,dumbbell,3,0,random
1410,36.16632769128221,0.95,0.20126526550087698,0.9,0.5254645875879533,0.0,5.052696228027344,0.29146628170630867,0.1875,3.795271396636963,dumbbell,3,0,random
107,37.095283943089456,0.95,0.39598221308646736,0.9,0.39539070113777924,0.0,5.083843231201172,0.7830078634158919,0.0,4.84153938293457,dumbbell,3,0,random
8,38.02496510354766,0.95,0.3240972332759675,0.9,0.05994326899020805,0.0625,5.230481147766113,0.3008329405152741,0.0,5.192043781280518,dumbbell,3,0,random
1100,39.30184026927018,0.95,0.3649116735423036,0.9,0.4086112131782993,0.0625,5.011948108673096,0.22576336182684564,0.0,5.186224937438965,dumbbell,3,0,random
610,40.26435430885271,0.95,0.2016193878991558,0.9,0.1379174217058739,0.125,5.370110511779785,0.02291345600387111,0.0,4.925758361816406,dumbbell,3,0,random
365,41.172919210791385,0.95,0.3137740816412417,0.9,0.44968593060328177,0.1875,5.330501556396484,0.015791377965556783,0.0625,4.509366035461426,dumbbell,3,0,random
725,41.995526232768704,0.95,0.43184353320640123,0.9,0.4381553874853372,0.0,4.967750072479248,0.6924553909221016,0.0,5.17132043838501,dumbbell,3,0,random
1439,42.81210292124083,0.95,0.46569106956526046,0.9,0.42357287068011623,0.0,5.195257186889648,0.23814004131088962,0.0,4.927613258361816,dumbbell,3,0,random
1003,43.6569644178917,0.95,0.29032686814033126,0.9,0.2693230468846303,0.0,5.065152168273926,0.46874824684378247,0.0,5.026515483856201,dumbbell,3,0,random
42,44.312955863146314,0.95,0.31805058445890166,0.9,0.28730218867797536,0.0,5.071758270263672,0.6210108680347286,0.0,4.798108100891113,dumbbell,3,0,random
836,44.89688883831238,0.95,0.272481922776891,0.9,0.1700271816921612,0.0,4.903633117675781,0.1574022030242311,0.0,4.537078857421875,dumbbell,3,0,random
198,45.49239635782935,0.95,0.3671944962445471,0.9,0.44555002993382936,0.25,5.026820182800293,0.6176691240024293,0.0,5.136990070343018,dumbbell,3,0,random
724,45.81502293129721,0.95,0.16989274702650933,0.9,0.15295426651126304,0.0625,5.154259204864502,0.24876480165918094,0.0,4.979648590087891,dumbbell,3,0,random
439,46.19172058564673,0.95,0.0,0.9,-0.27227084799466184,0.0,4.9770402908325195,0.6689256663199499,0.0,3.5105478763580322,dumbbell,3,0,random
1459,46.49110298165155,0.95,0.18655099928703184,0.9,-0.08209858555141375,0.125,5.268154144287109,0.45039902587571246,0.0,4.672101020812988,dumbbell,3,0,random
813,46.73060276940405,0.95,0.1133101094851906,0.9,0.17572028194770303,0.0,5.124312400817871,0.26824413918951084,0.0,3.6728250980377197,dumbbell,3,0,random
384,46.86483530289183,0.95,0.27978813172046546,0.9,0.2608816067937887,0.125,5.226502418518066,0.0850490874645305,0.0,4.826425552368164,dumbbell,3,0,random
676,-123.73268824969645,0.99,0.3545935733754987,0.9,0.13777616890441358,0.9375,5.982611656188965,0.14713763698979176,0.0,4.979002952575684,dumbbell,3,0,random
535,-52.756128616739964,0.99,0.338302532168296,0.9,0.17504074280061066,0.6875,5.554250240325928,0.14064346924190774,0.0,5.0947794914245605,dumbbell,3,0,random
612,-14.869072970510835,0.99,0.2594891915866109,0.9,-0.22016146408990184,0.4375,5.534523010253906,0.4865085218005343,0.0625,4.7485222816467285,dumbbell,3,0,random
894,5.431549965527312,0.99,0.2882380099646803,0.9,0.011712620049715503,0.25,5.281321048736572,-0.10191261995291676,0.0,4.814776420593262,dumbbell,3,0,random
1380,9.298448521830508,0.99,0.0,0.9,0.5344446413219259,0.0,5.10643196105957,0.6106947402627011,0.0,3.6396899223327637,dumbbell,3,0,random
1044,9.734029362206519,0.99,0.37709389740531746,0.9,0.4351388675471567,0.0,5.132402420043945,0.08283241422300498,0.0,5.122196197509766,dumbbell,3,0,random
545,10.187353512545416,0.99,0.1469074325121467,0.9,0.4474960306334227,0.0,5.062822341918945,0.28038101301158935,0.0,4.682346343994141,dumbbell,3,0,random
539,10.727248684091858,0.99,0.23661553292500642,0.9,0.564736115106419,0.0,5.082959175109863,0.18597456578202087,0.1875,4.313072204589844,dumbbell,3,0,random
308,11.290719418418739,0.99,0.39160329151602546,0.9,0.5058837087712185,0.0,5.2476067543029785,-0.18477917157469703,0.0,5.194463729858398,dumbbell,3,0,random
1211,11.816860442950112,0.99,0.4027237273050942,0.9,0.5040453527046498,0.0,5.170158386230469,-0.015168563172217958,0.0,5.318368434906006,dumbbell,3,0,random
592,12.353508287602647,0.99,0.18859471379754686,0.9,0.5066326787840767,0.0,5.149140357971191,0.23341712861925343,0.0,4.72508430480957,dumbbell,3,0,random
922,13.08481043363165,0.99,0.25044042596347393,0.9,0.5640620003401472,0.0,5.072137355804443,0.15658882882702205,0.0,4.464897155761719,dumbbell,3,0,random
623,13.896615576072982,0.99,0.39963214687419735,0.9,0.4960865641787035,0.0,5.1881818771362305,0.14951337919388902,0.0,4.7983503341674805,dumbbell,3,0,random
31,14.795506979544653,0.99,0.14196980294626,0.9,0.5516928773770023,0.0,5.138279914855957,0.2210273905276522,0.0,4.732754230499268,dumbbell,3,0,random
978,15.885198393084211,0.99,0.09019374694506391,0.9,0.512302774730724,0.0,5.201153755187988,0.44536684865430193,0.0,4.759562015533447,dumbbell,3,0,random
1224,17.139955319129093,0.99,0.41690906365179614,0.9,0.5052806511365759,0.0,5.097555637359619,0.19393599202746956,0.0,4.521340370178223,dumbbell,3,0,random
1356,17.86444450248348,0.99,0.21547179823613208,0.9,0.45332387503923216,0.0,5.09396505355835,0.26800869169974084,0.0,4.530422210693359,dumbbell,3,0,random
183,18.790907677459302,0.99,0.19564439530297748,0.9,0.5582445656517151,0.0,5.183116912841797,0.2120394687601218,0.0,4.687814712524414,dumbbell,3,0,random
770,19.693368211359815,0.99,0.30171083655263187,0.9,0.4946939059784734,0.0,5.06705379486084,0.2189743159895156,0.0,4.861940383911133,dumbbell,3,0,random
1450,21.192398490167747,0.99,0.05298150211472449,0.9,0.4312964313687968,0.0,4.975444316864014,0.5196758698446329,0.0,4.090882778167725,dumbbell,3,0,random
1297,22.183995958877667,0.99,0.29270702656792136,0.9,0.4102029863763449,0.0,5.025828838348389,0.5144699091965949,0.0,4.956668853759766,dumbbell,3,0,random
329,23.563035656854442,0.99,0.4629465947309814,0.9,0.5258972226305196,0.0,5.224118709564209,0.5023679170592499,0.0,4.476439952850342,dumbbell,3,0,random
1154,25.370971992037134,0.99,0.35656356604640743,0.9,0.5248258847434717,0.0,4.913895606994629,0.2912298631621263,0.0,4.864920616149902,dumbbell,3,0,random
1249,26.638318248049746,0.99,0.060495345242699713,0.9,0.5130776187516054,0.0,5.192132949829102,0.4238042690642176,0.0,4.175018310546875,dumbbell,3,0,random
1117,27.884008918879832,0.99,0.2897969019926767,0.9,0.012866602667449156,0.25,5.153010845184326,0.24823836190140786,0.0,4.906494140625,dumbbell,3,0,random
229,29.282661796048142,0.99,0.28217995508995874,0.9,0.20649551581557657,0.3125,5.437863349914551,0.2611778278649554,0.0,4.892748832702637,dumbbell,3,0,random
663,30.171477332536107,0.99,0.1363671758268188,0.9,0.2130348288065404,0.125,5.158254623413086,0.3807952113300528,0.0,4.51800537109375,dumbbell,3,0,random
518,31.158070337016014,0.99,0.13357560080861056,0.9,0.41734675467910276,0.0,5.088789939880371,0.3149132226439107,0.0,4.952764511108398,dumbbell,3,0,random
1190,32.52797648270132,0.99,0.34385773846111634,0.9,0.38096557491178706,0.0,5.045560836791992,0.13120195350854452,0.0,4.606339931488037,dumbbell,3,0,random
170,33.93425705374371,0.99,0.08897074232415579,0.9,0.3975856354697153,0.0,5.0581159591674805,0.45486158069969673,0.0,4.2071027755737305,dumbbell,3,0,random
1124,35.17052208313692,0.99,0.33744502537956145,0.9,0.4806489105570547,0.0,4.952242851257324,0.2506360395854857,0.0,4.973923683166504,dumbbell,3,0,random
1410,36.16632769128221,0.99,0.20126526550087698,0.9,0.5254645875879533,0.0,5.052696228027344,0.38752951509963474,0.125,4.062082290649414,dumbbell,3,0,random
107,37.095283943089456,0.99,0.39598221308646736,0.9,0.39539070113777924,0.0,5.083843231201172,0.02385141870696357,0.0,4.505397796630859,dumbbell,3,0,random
8,38.02496510354766,0.99,0.3240972332759675,0.9,0.05994326899020805,0.0625,5.230481147766113,0.40901171442655393,0.0,5.047821521759033,dumbbell,3,0,random
1100,39.30184026927018,0.99,0.3649116735423036,0.9,0.4086112131782993,0.0625,5.011948108673096,0.16804618452953068,0.0,5.039170742034912,dumbbell,3,0,random
610,40.26435430885271,0.99,0.2016193878991558,0.9,0.1379174217058739,0.125,5.370110511779785,0.33302337908422563,0.0,4.742743968963623,dumbbell,3,0,random
365,41.172919210791385,0.99,0.3137740816412417,0.9,0.44968593060328177,0.1875,5.330501556396484,0.1043151500977975,0.0,4.920234680175781,dumbbell,3,0,random
725,41.995526232768704,0.99,0.43184353320640123,0.9,0.4381553874853372,0.0,4.967750072479248,0.43898010603285986,0.0,5.180393695831299,dumbbell,3,0,random
1439,42.81210292124083,0.99,0.46569106956526046,0.9,0.42357287068011623,0.0,5.195257186889648,0.1358514168875855,0.0,4.845927715301514,dumbbell,3,0,random
1003,43.6569644178917,0.99,0.29032686814033126,0.9,0.2693230468846303,0.0,5.065152168273926,0.2674685340397901,0.0,4.922530174255371,dumbbell,3,0,random
42,44.312955863146314,0.99,0.31805058445890166,0.9,0.28730218867797536,0.0,5.071758270263672,0.1544848017219919,0.0,4.428323745727539,dumbbell,3,0,random
836,44.89688883831238,0.99,0.272481922776891,0.9,0.1700271816921612,0.0,4.903633117675781,0.14981379850858717,0.0,4.791238784790039,dumbbell,3,0,random
198,45.49239635782935,0.99,0.3671944962445471,0.9,0.44555002993382936,0.25,5.026820182800293,0.2849469712282571,0.0,5.009289264678955,dumbbell,3,0,random
724,45.81502293129721,0.99,0.16989274702650933,0.9,0.15295426651126304,0.0625,5.154259204864502,0.19994271014015652,0.0,4.995654582977295,dumbbell,3,0,random
439,46.19172058564673,0.99,0.0,0.9,-0.27227084799466184,0.0,4.9770402908325195,0.5716877096623753,0.0,3.8810505867004395,dumbbell,3,0,random
1459,46.49110298165155,0.99,0.18655099928703184,0.9,-0.08209858555141375,0.125,5.268154144287109,0.22767802916255542,0.0,4.896214485168457,dumbbell,3,0,random
813,46.73060276940405,0.99,0.1133101094851906,0.9,0.17572028194770303,0.0,5.124312400817871,0.33011936323324814,0.0,5.175283432006836,dumbbell,3,0,random
384,46.86483530289183,0.99,0.27978813172046546,0.9,0.2608816067937887,0.125,5.226502418518066,-0.023652118264768027,0.0,4.698917865753174,dumbbell,3,0,random
518,-129.27976579480693,0.95,0.6383267120210211,1.0,-0.36856695798155914,0.9375,5.785560607910156,-0.23211512119169692,0.5625,3.773359775543213,dumbbell,3,1,proxy
771,-60.29774119015027,0.95,0.4911701174899457,1.0,0.17440652679209534,0.75,5.526933193206787,-0.07663690871676704,0.875,4.347082614898682,dumbbell,3,1,proxy
422,-26.163006228925056,0.95,0.43055311254829787,1.0,0.1382051573197569,0.4375,5.547611236572266,-0.022499615749953364,0.25,3.432737350463867,dumbbell,3,1,proxy
1186,3.4814826953899036,0.95,0.4735141686768116,1.0,-0.028208514701140774,0.1875,5.333121299743652,0.2206496234458074,0.1875,4.842892169952393,dumbbell,3,1,proxy
386,9.150050099113331,0.95,0.8239239790477927,1.0,0.49041755559519723,0.0,5.276065826416016,0.5760373954237208,0.0,4.710079669952393,dumbbell,3,1,proxy
1155,9.479295147836876,0.95,0.5566330978851043,1.0,0.46190299175732397,0.0,5.349752426147461,0.5565890179024883,0.0,4.762303352355957,dumbbell,3,1,proxy
862,9.817485823556025,0.95,0.9418503641047343,1.0,0.5514651806802711,0.0,5.2965521812438965,0.6046167042128597,0.0,4.728726387023926,dumbbell,3,1,proxy
451,10.282687225740652,0.95,1.0671348435358254,1.0,0.5450363897744743,0.0,5.166604042053223,0.5404748231222464,0.0,4.674261569976807,dumbbell,3,1,proxy
63,10.70158306126052,0.95,0.4531793875252598,1.0,0.5200713792825271,0.0,5.047718048095703,0.5580881943112495,0.0,5.06787109375,dumbbell,3,1,proxy
730,11.688996802134785,0.95,0.3363069019880309,1.0,0.505386885938534,0.0,5.247950553894043,0.05527638562200422,0.0,5.389076232910156,dumbbell,3,1,proxy
420,12.303102055323818,0.95,0.8858987661185767,1.0,0.23042010852222816,0.375,5.335434436798096,0.21450213576030358,0.0625,3.9998626708984375,dumbbell,3,1,proxy
328,13.168196042602606,0.95,0.702011358500124,1.0,0.3964534252661145,0.0625,5.336904525756836,0.30366695028298096,0.0,4.29637336730957,dumbbell,3,1,proxy
236,13.987736289975153,0.95,0.48817497316327624,1.0,0.5133708053736787,0.0,5.184648036956787,0.2754612905637427,0.0,5.1368913650512695,dumbbell,3,1,proxy
936,14.743058696547628,0.95,0.47235867387035285,1.0,0.4164851960985503,0.0,5.194746017456055,0.5609316038739114,0.0,4.993467807769775,dumbbell,3,1,proxy
304,15.649471483080921,0.95,0.4953115137455969,1.0,0.4711005090311683,0.0,5.157517910003662,0.4696458386264449,0.0,4.766026020050049,dumbbell,3,1,proxy
1255,16.670580130392466,0.95,0.41883557356722523,1.0,0.529654635536531,0.0,5.2312397956848145,0.3619843293114827,0.0,5.138896942138672,dumbbell,3,1,proxy
1317,17.68259354168012,0.95,0.8104547911223363,1.0,0.5095333041891545,0.0,5.131965637207031,0.7532385294708522,0.0,4.805814743041992,dumbbell,3,1,proxy
1466,18.770484998828806,0.95,0.8035956225871499,1.0,0.5727051855249035,0.0,5.212405204772949,0.6492738797773414,0.0,4.588282108306885,dumbbell,3,1,proxy
475,20.047681029643805,0.95,0.08542246981457463,1.0,0.51641136861122,0.0,4.902222633361816,0.6574391868720478,0.0,5.032070636749268,dumbbell,3,1,proxy
364,21.452717269843408,0.95,0.5852348310339814,1.0,0.15309501511021611,0.125,5.1271843910217285,0.6166887902651526,0.0,4.466609477996826,dumbbell,3,1,proxy
1381,22.450341885123233,0.95,1.2930757640407193,1.0,0.44603605839342075,0.0,5.004818916320801,0.5510149281669745,0.0,4.300661563873291,dumbbell,3,1,proxy
215,23.24833994165201,0.95,0.35642839350290106,1.0,0.5149712307285552,0.0,5.221871852874756,0.3843337194640346,0.0,4.575254917144775,dumbbell,3,1,proxy
257,24.134117788674768,0.95,0.6571938260704627,1.0,0.6094143442115061,0.0,4.990075588226318,0.6411616376071487,0.0,4.456838607788086,dumbbell,3,1,proxy
1123,25.55126465939824,0.95,0.5525646223086904,1.0,0.5463362978680599,0.0,5.2115583419799805,0.6200287732870994,0.0,4.502871036529541,dumbbell,3,1,proxy
1068,26.863457037200046,0.95,0.05831422241205157,1.0,0.5134271269691194,0.0,4.840622901916504,0.23546207432583852,0.0,3.888235569000244,dumbbell,3,1,proxy
1135,28.282722773482444,0.95,0.3756662552179538,1.0,0.2831009804380009,0.0,4.923259735107422,0.37783269556016474,0.0,4.855707168579102,dumbbell,3,1,proxy
159,29.145116165998843,0.95,1.0905347073265668,1.0,0.2752039401685835,0.1875,5.3443756103515625,-0.02536254081669552,0.25,4.18170166015625,dumbbell,3,1,proxy
656,30.059747519270065,0.95,0.6663648422992785,1.0,0.2835429535824107,0.0,5.092437744140625,0.660749904870503,0.0,4.775111675262451,dumbbell,3,1,proxy
1034,31.528142474202845,0.95,0.5493708903963985,1.0,0.38323607641423013,0.0,5.126045227050781,0.03991254127585182,0.0,5.231348037719727,dumbbell,3,1,proxy
273,32.88698110356113,0.95,0.4915844028065624,1.0,0.3854151555546925,0.0,5.087460517883301,0.1054585342959246,0.0625,5.057826042175293,dumbbell,3,1,proxy
1276,34.1843108755044,0.95,0.2933787999606854,1.0,0.4354622583560092,0.0,4.956424713134766,0.18535017336612863,0.0,5.424952507019043,dumbbell,3,1,proxy
1383,35.206993937883354,0.95,0.833938708653719,1.0,0.24396004981088343,0.0,5.150204658508301,0.5722815556780048,0.0,4.600929260253906,dumbbell,3,1,proxy
1192,36.345127268084376,0.95,0.9686176563008015,1.0,0.38706432614152964,0.0,5.009932518005371,0.5180167034422165,0.0,4.211956024169922,dumbbell,3,1,proxy
1321,37.634705758685435,0.95,1.1710391783642597,1.0,0.43684092952591613,0.0625,5.107592582702637,0.40211549538541386,0.1875,3.677885055541992,dumbbell,3,1,proxy
760,38.54055118037615,0.95,1.0105488100290363,1.0,0.37403730508625127,0.1875,5.229092597961426,0.25013524289158784,0.0,4.406984329223633,dumbbell,3,1,proxy
1041,39.397805857426825,0.95,0.0,1.0,0.42114121055524134,0.0,4.742809295654297,0.5551100362288,0.0,4.905946731567383,dumbbell,3,1,proxy
653,40.04371910936756,0.95,0.943472368246421,1.0,0.40150068081963297,0.0,5.016009330749512,0.5087525674020208,0.0,4.476017951965332,dumbbell,3,1,proxy
165,41.03326909941983,0.95,0.5709691225575508,1.0,0.3117910323976544,0.0,5.0736403465271,0.6421095316278684,0.0,5.284054756164551,dumbbell,3,1,proxy
532,41.9896765497902,0.95,1.0052257879606272,1.0,0.21836421686139895,0.0625,4.897742748260498,0.545757141038417,0.0,3.9460971355438232,dumbbell,3,1,proxy
521,42.771220424279555,0.95,0.6545239003207727,1.0,0.28225698825271545,0.0,5.249641418457031,0.5739999356800999,0.0,4.780605792999268,dumbbell,3,1,proxy
623,43.50585249952724,0.95,1.0809890250570193,1.0,0.1243231136391249,0.0,5.305243968963623,0.0200959595195756,0.0,4.304189682006836,dumbbell,3,1,proxy
536,44.24575358006882,0.95,0.8486366049495031,1.0,0.14866418866254852,0.125,5.321904182434082,0.11375223372497664,0.0,4.55565071105957,dumbbell,3,1,proxy
980,44.96186263767312,0.95,0.9410433128817031,1.0,0.08422836163033896,0.0,4.9931721687316895,0.2737307745392373,0.0,4.004002571105957,dumbbell,3,1,proxy
1306,45.48967007340306,0.95,0.5845618312644896,1.0,0.27895857418213943,0.0625,5.08075475692749,0.45225493834366715,0.0,4.112425804138184,dumbbell,3,1,proxy
314,45.874420822177264,0.95,0.4673267054641802,1.0,0.18427977149876773,0.0,5.088086128234863,0.28908499737706994,0.0,4.652568340301514,dumbbell,3,1,proxy
1316,46.088318271334096,0.95,0.9725222267359348,1.0,0.14333072250604276,0.0,5.214476585388184,0.38155157018913155,0.0,4.4852142333984375,dumbbell,3,1,proxy
526,46.35438296761231,0.95,1.121470679088524,1.0,0.41806102369351295,0.0625,5.077828407287598,0.48165758658045016,0.0625,4.052319526672363,dumbbell,3,1,proxy
1074,46.48800132041069,0.95,0.6347529911529145,1.0,0.1654433346867677,0.0625,5.078457832336426,0.3347907359608534,0.0,4.354668617248535,dumbbell,3,1,proxy
518,-129.27976579480693,0.99,0.6383267120210211,1.0,-0.36856695798155914,0.9375,5.785560607910156,-0.11904977046402622,0.5625,3.5162432193756104,dumbbell,3,1,proxy
771,-60.29774119015027,0.99,0.4911701174899457,1.0,0.17440652679209534,0.75,5.526933193206787,0.11740714836460106,0.5625,5.049091339111328,dumbbell,3,1,proxy
422,-26.163006228925056,0.99,0.43055311254829787,1.0,0.1382051573197569,0.4375,5.547611236572266,0.2583763888336291,0.0,4.2020487785339355,dumbbell,3,1,proxy
1186,3.4814826953899036,0.99,0.4735141686768116,1.0,-0.028208514701140774,0.1875,5.333121299743652,0.18472214364503886,0.0625,5.275820255279541,dumbbell,3,1,proxy
386,9.150050099113331,0.99,0.8239239790477927,1.0,0.49041755559519723,0.0,5.276065826416016,0.7081562472616534,0.0,4.709609031677246,dumbbell,3,1,proxy
1155,9.479295147836876,0.99,0.5566330978851043,1.0,0.46190299175732397,0.0,5.349752426147461,0.5018469153158731,0.0,4.401497840881348,dumbbell,3,1,proxy
862,9.817485823556025,0.99,0.9418503641047343,1.0,0.5514651806802711,0.0,5.2965521812438965,0.6959267358045478,0.0,4.720032691955566,dumbbell,3,1,proxy
451,10.282687225740652,0.99,1.0671348435358254,1.0,0.5450363897744743,0.0,5.166604042053223,0.5813008804893531,0.0,4.64801025390625,dumbbell,3,1,proxy
63,10.70158306126052,0.99,0.4531793875252598,1.0,0.5200713792825271,0.0,5.047718048095703,0.21856014226212234,0.0,5.263759613037109,dumbbell,3,1,proxy
730,11.688996802134785,0.99,0.3363069019880309,1.0,0.505386885938534,0.0,5.247950553894043,0.16995358327851076,0.0,5.1574296951293945,dumbbell,3,1,proxy
420,12.303102055323818,0.99,0.8858987661185767,1.0,0.23042010852222816,0.375,5.335434436798096,0.3382832185575902,0.0,3.88154935836792,dumbbell,3,1,proxy
328,13.168196042602606,0.99,0.702011358500124,1.0,0.3964534252661145,0.0625,5.336904525756836,0.5141300086884364,0.0,4.094243049621582,dumbbell,3,1,proxy
236,13.987736289975153,0.99,0.48817497316327624,1.0,0.5133708053736787,0.0,5.184648036956787,0.22704723693846351,0.0,5.309755325317383,dumbbell,3,1,proxy
936,14.743058696547628,0.99,0.47235867387035285,1.0,0.4164851960985503,0.0,5.194746017456055,0.18678947953049296,0.0625,5.389652729034424,dumbbell,3,1,proxy
304,15.649471483080921,0.99,0.4953115137455969,1.0,0.4711005090311683,0.0,5.157517910003662,0.27532024037139047,0.0,4.527104377746582,dumbbell,3,1,proxy
1255,16.670580130392466,0.99,0.41883557356722523,1.0,0.529654635536531,0.0,5.2312397956848145,0.008947794234949874,0.0,5.121343612670898,dumbbell,3,1,proxy
1317,17.68259354168012,0.99,0.8104547911223363,1.0,0.5095333041891545,0.0,5.131965637207031,0.7908589526137008,0.0,4.906834125518799,dumbbell,3,1,proxy
1466,18.770484998828806,0.99,0.8035956225871499,1.0,0.5727051855249035,0.0,5.212405204772949,0.647219143990508,0.0,4.575289726257324,dumbbell,3,1,proxy
475,20.047681029643805,0.99,0.08542246981457463,1.0,0.51641136861122,0.0,4.902222633361816,0.5096933795683884,0.0,5.031881332397461,dumbbell,3,1,proxy
364,21.452717269843408,0.99,0.5852348310339814,1.0,0.15309501511021611,0.125,5.1271843910217285,0.11847445257252807,0.0,5.113091945648193,dumbbell,3,1,proxy
1381,22.450341885123233,0.99,1.2930757640407193,1.0,0.44603605839342075,0.0,5.004818916320801,0.4992148100241839,0.0,4.193914413452148,dumbbell,3,1,proxy
215,23.24833994165201,0.99,0.35642839350290106,1.0,0.5149712307285552,0.0,5.221871852874756,0.031243751258196686,0.0,4.29434871673584,dumbbell,3,1,proxy
257,24.134117788674768,0.99,0.6571938260704627,1.0,0.6094143442115061,0.0,4.990075588226318,0.44659265255368136,0.0,4.444530963897705,dumbbell,3,1,proxy
1123,25.55126465939824,0.99,0.5525646223086904,1.0,0.5463362978680599,0.0,5.2115583419799805,0.24154999137548666,0.0,4.463376045227051,dumbbell,3,1,proxy
1068,26.863457037200046,0.99,0.05831422241205157,1.0,0.5134271269691194,0.0,4.840622901916504,-0.2518788735242673,0.0,3.6541361808776855,dumbbell,3,1,proxy
1135,28.282722773482444,0.99,0.3756662552179538,1.0,0.2831009804380009,0.0,4.923259735107422,0.08210944356390068,0.0,5.112060546875,dumbbell,3,1,proxy
159,29.145116165998843,0.99,1.0905347073265668,1.0,0.2752039401685835,0.1875,5.3443756103515625,0.3261569192374385,0.25,4.1317620277404785,dumbbell,3,1,proxy
656,30.059747519270065,0.99,0.6663648422992785,1.0,0.2835429535824107,0.0,5.092437744140625,0.7160305914046491,0.0,5.01273250579834,dumbbell,3,1,proxy
1034,31.528142474202845,0.99,0.5493708903963985,1.0,0.38323607641423013,0.0,5.126045227050781,0.22331486084929536,0.0,5.431968688964844,dumbbell,3,1,proxy
273,32.88698110356113,0.99,0.4915844028065624,1.0,0.3854151555546925,0.0,5.087460517883301,0.32117624395099553,0.0,5.366668224334717,dumbbell,3,1,proxy
1276,34.1843108755044,0.99,0.2933787999606854,1.0,0.4354622583560092,0.0,4.956424713134766,0.04243696746803502,0.0,5.2896728515625,dumbbell,3,1,proxy
1383,35.206993937883354,0.99,0.833938708653719,1.0,0.24396004981088343,0.0,5.150204658508301,0.5770348136461054,0.0,4.606904029846191,dumbbell,3,1,proxy
1192,36.345127268084376,0.99,0.9686176563008015,1.0,0.38706432614152964,0.0,5.009932518005371,0.6420676776941372,0.0,4.236406326293945,dumbbell,3,1,proxy
1321,37.634705758685435,0.99,1.1710391783642597,1.0,0.43684092952591613,0.0625,5.107592582702637,0.12157575234500334,0.25,3.5307564735412598,dumbbell,3,1,proxy
760,38.54055118037615,0.99,1.0105488100290363,1.0,0.37403730508625127,0.1875,5.229092597961426,-0.09262045154363405,0.0,4.250237464904785,dumbbell,3,1,proxy
1041,39.397805857426825,0.99,0.0,1.0,0.42114121055524134,0.0,4.742809295654297,0.14062489236532794,0.0,4.990143775939941,dumbbell,3,1,proxy
653,40.04371910936756,0.99,0.943472368246421,1.0,0.40150068081963297,0.0,5.016009330749512,0.3155225180975533,0.0,4.4457478523254395,dumbbell,3,1,proxy
165,41.03326909941983,0.99,0.5709691225575508,1.0,0.3117910323976544,0.0,5.0736403465271,0.28578138328857594,0.0,5.432610511779785,dumbbell,3,1,proxy
532,41.9896765497902,0.99,1.0052257879606272,1.0,0.21836421686139895,0.0625,4.897742748260498,0.3891471249600471,0.0,4.0107622146606445,dumbbell,3,1,proxy
521,42.771220424279555,0.99,0.6545239003207727,1.0,0.28225698825271545,0.0,5.249641418457031,0.6410009311791407,0.0,4.674704074859619,dumbbell,3,1,proxy
623,43.50585249952724,0.99,1.0809890250570193,1.0,0.1243231136391249,0.0,5.305243968963623,0.22391053823785562,0.0625,4.185309410095215,dumbbell,3,1,proxy
536,44.24575358006882,0.99,0.8486366049495031,1.0,0.14866418866254852,0.125,5.321904182434082,0.5708252854560785,0.0,4.402022361755371,dumbbell,3,1,proxy
980,44.96186263767312,0.99,0.9410433128817031,1.0,0.08422836163033896,0.0,4.9931721687316895,0.345255542483283,0.0,4.003852844238281,dumbbell,3,1,proxy
1306,45.48967007340306,0.99,0.5845618312644896,1.0,0.27895857418213943,0.0625,5.08075475692749,0.4535382724532657,0.125,3.968928813934326,dumbbell,3,1,proxy
314,45.874420822177264,0.99,0.4673267054641802,1.0,0.18427977149876773,0.0,5.088086128234863,0.11021946052008073,0.0,4.324465274810791,dumbbell,3,1,proxy
1316,46.088318271334096,0.99,0.9725222267359348,1.0,0.14333072250604276,0.0,5.214476585388184,0.0828999311574558,0.0,4.3201704025268555,dumbbell,3,1,proxy
526,46.35438296761231,0.99,1.121470679088524,1.0,0.41806102369351295,0.0625,5.077828407287598,0.30772137654332776,0.0,4.022806167602539,dumbbell,3,1,proxy
1074,46.48800132041069,0.99,0.6347529911529145,1.0,0.1654433346867677,0.0625,5.078457832336426,0.41831231032149985,0.0,4.305734634399414,dumbbell,3,1,proxy
518,-129.27976579480693,0.95,0.07894804011328614,0.9,-0.36856695798155914,0.9375,5.785560607910156,0.2237986205451316,0.4375,3.1908345222473145,dumbbell,3,1,random
771,-60.29774119015027,0.95,0.1802438426516282,0.9,0.17440652679209534,0.75,5.526933193206787,0.2531538227645498,0.0625,4.972925186157227,dumbbell,3,1,random
422,-26.163006228925056,0.95,0.33703075754432854,0.9,0.1382051573197569,0.4375,5.547611236572266,-0.3835565077288088,0.1875,4.957176208496094,dumbbell,3,1,random
1186,3.4814826953899036,0.95,0.23619611727319906,0.9,-0.028208514701140774,0.1875,5.333121299743652,0.12105626025640037,0.125,4.730489730834961,dumbbell,3,1,random
386,9.150050099113331,0.95,0.24072830478539486,0.9,0.49041755559519723,0.0,5.276065826416016,0.14509808260912513,0.0625,4.873831272125244,dumbbell,3,1,random
1155,9.479295147836876,0.95,0.21467852692895348,0.9,0.46190299175732397,0.0,5.349752426147461,0.17058729804984835,0.25,4.746321201324463,dumbbell,3,1,random
862,9.817485823556025,0.95,0.16410216117022228,0.9,0.5514651806802711,0.0,5.2965521812438965,0.2976720913890521,0.0,5.0830817222595215,dumbbell,3,1,random
451,10.282687225740652,0.95,0.11446154834421664,0.9,0.5450363897744743,0.0,5.166604042053223,0.7133329304492959,0.0,4.737821578979492,dumbbell,3,1,random
63,10.70158306126052,0.95,0.19107230907308648,0.9,0.5200713792825271,0.0,5.047718048095703,0.5599512101556547,0.0,4.100727081298828,dumbbell,3,1,random
730,11.688996802134785,0.95,0.4364893567793816,0.9,0.505386885938534,0.0,5.247950553894043,0.7051325854407977,0.0,5.147524833679199,dumbbell,3,1,random
420,12.303102055323818,0.95,0.33495669453359656,0.9,0.23042010852222816,0.375,5.335434436798096,0.4688016629794319,0.0,4.9395904541015625,dumbbell,3,1,random
328,13.168196042602606,0.95,0.2602587209580535,0.9,0.3964534252661145,0.0625,5.336904525756836,-0.05286175651201758,0.3125,4.544882774353027,dumbbell,3,1,random
236,13.987736289975153,0.95,0.21376797408268103,0.9,0.5133708053736787,0.0,5.184648036956787,0.5346543723338641,0.0625,4.496885776519775,dumbbell,3,1,random
936,14.743058696547628,0.95,0.3683034696052272,0.9,0.4164851960985503,0.0,5.194746017456055,0.4555766732046735,0.0,5.090709686279297,dumbbell,3,1,random
304,15.649471483080921,0.95,0.2981312073743814,0.9,0.4711005090311683,0.0,5.157517910003662,0.3926141436357572,0.0,4.970803260803223,dumbbell,3,1,random
1255,16.670580130392466,0.95,0.2516218205870462,0.9,0.529654635536531,0.0,5.2312397956848145,0.3110933615190098,0.125,4.123166561126709,dumbbell,3,1,random
1317,17.68259354168012,0.95,0.41529664666394506,0.9,0.5095333041891545,0.0,5.131965637207031,0.6700795266831217,0.0,5.087701797485352,dumbbell,3,1,random
1466,18.770484998828806,0.95,0.18185281742031373,0.9,0.5727051855249035,0.0,5.212405204772949,0.37276877568170097,0.0,4.413633346557617,dumbbell,3,1,random
475,20.047681029643805,0.95,0.21881711580804106,0.9,0.51641136861122,0.0,4.902222633361816,0.368713755302163,0.0,4.466465950012207,dumbbell,3,1,random
364,21.452717269843408,0.95,0.14066851763149252,0.9,0.15309501511021611,0.125,5.1271843910217285,0.7105479315529584,0.0,4.754643440246582,dumbbell,3,1,random
1381,22.450341885123233,0.95,0.22708172878766297,0.9,0.44603605839342075,0.0,5.004818916320801,0.4144548721084874,0.0,4.404421329498291,dumbbell,3,1,random
215,23.24833994165201,0.95,0.4000853922625469,0.9,0.5149712307285552,0.0,5.221871852874756,0.6025377755960886,0.0,5.100775241851807,dumbbell,3,1,random
257,24.134117788674768,0.95,0.3030509320925438,0.9,0.6094143442115061,0.0,4.990075588226318,0.737683745516791,0.0,5.525055885314941,dumbbell,3,1,random
1123,25.55126465939824,0.95,0.19851578899285616,0.9,0.5463362978680599,0.0,5.2115583419799805,-0.01898788040263183,0.125,4.6398115158081055,dumbbell,3,1,random
1068,26.863457037200046,0.95,0.35398678223103813,0.9,0.5134271269691194,0.0,4.840622901916504,0.8480211404044962,0.0,5.070713996887207,dumbbell,3,1,random
1135,28.282722773482444,0.95,0.2721355706326368,0.9,0.2831009804380009,0.0,4.923259735107422,0.29823026974628053,0.125,4.952998161315918,dumbbell,3,1,random
159,29.145116165998843,0.95,0.3893108832658798,0.9,0.2752039401685835,0.1875,5.3443756103515625,0.7589967357679523,0.0,5.072319030761719,dumbbell,3,1,random
656,30.059747519270065,0.95,0.2572340722447985,0.9,0.2835429535824107,0.0,5.092437744140625,0.453126494933739,0.0,4.318405628204346,dumbbell,3,1,random
1034,31.528142474202845,0.95,0.35865296096292204,0.9,0.38323607641423013,0.0,5.126045227050781,0.8155801362084069,0.0,5.437043190002441,dumbbell,3,1,random
273,32.88698110356113,0.95,0.2760282843087174,0.9,0.3854151555546925,0.0,5.087460517883301,0.4928954487297377,0.0,4.495815753936768,dumbbell,3,1,random
1276,34.1843108755044,0.95,0.2885462251783243,0.9,0.4354622583560092,0.0,4.956424713134766,0.29333241537020033,0.0625,4.850991249084473,dumbbell,3,1,random
1383,35.206993937883354,0.95,0.3316391413326721,0.9,0.24396004981088343,0.0,5.150204658508301,0.7294476157395495,0.0,5.1484551429748535,dumbbell,3,1,random
1192,36.345127268084376,0.95,0.0,0.9,0.38706432614152964,0.0,5.009932518005371,0.6370040932846022,0.0,3.5404891967773438,dumbbell,3,1,random
1321,37.634705758685435,0.95,0.17546350641018602,0.9,0.43684092952591613,0.0625,5.107592582702637,0.34548251479702197,0.0,4.799472808837891,dumbbell,3,1,random
760,38.54055118037615,0.95,0.18807926390573235,0.9,0.37403730508625127,0.1875,5.229092597961426,0.011604138223410568,0.0,4.528491497039795,dumbbell,3,1,random
1041,39.397805857426825,0.95,0.26097729142870124,0.9,0.42114121055524134,0.0,4.742809295654297,0.16705271465706378,0.1875,4.892858982086182,dumbbell,3,1,random
653,40.04371910936756,0.95,0.4837247828108916,0.9,0.40150068081963297,0.0,5.016009330749512,0.4648171953278316,0.0,4.926510810852051,dumbbell,3,1,random
165,41.03326909941983,0.95,0.4443938478329894,0.9,0.3117910323976544,0.0,5.0736403465271,0.5169142042724005,0.0,5.005129337310791,dumbbell,3,1,random
532,41.9896765497902,0.95,0.056723497649548045,0.9,0.21836421686139895,0.0625,4.897742748260498,0.6160084877321694,0.0,3.6822879314422607,dumbbell,3,1,random
521,42.771220424279555,0.95,0.4751054717916978,0.9,0.28225698825271545,0.0,5.249641418457031,0.7543877914638568,0.0,5.277586460113525,dumbbell,3,1,random
623,43.50585249952724,0.95,0.20485791117309163,0.9,0.1243231136391249,0.0,5.305243968963623,0.13084951657005997,0.0625,4.810206413269043,dumbbell,3,1,random
536,44.24575358006882,0.95,0.18571497322407296,0.9,0.14866418866254852,0.125,5.321904182434082,0.184364308554481,0.0,4.369096755981445,dumbbell,3,1,random
980,44.96186263767312,0.95,0.2973426510820699,0.9,0.08422836163033896,0.0,4.9931721687316895,0.7545302791851944,0.0,5.398659706115723,dumbbell,3,1,random
1306,45.48967007340306,0.95,0.19299902467437624,0.9,0.27895857418213943,0.0625,5.08075475692749,0.4486485865367127,0.0,4.256682395935059,dumbbell,3,1,random
314,45.874420822177264,0.95,0.38590778424168226,0.9,0.18427977149876773,0.0,5.088086128234863,0.8438818617696158,0.0,5.139202117919922,dumbbell,3,1,random
1316,46.088318271334096,0.95,0.439407716650713,0.9,0.14333072250604276,0.0,5.214476585388184,0.1809643612483839,0.0,5.1063642501831055,dumbbell,3,1,random
526,46.35438296761231,0.95,0.0725611183951406,0.9,0.41806102369351295,0.0625,5.077828407287598,0.5721735936554098,0.0,4.298961162567139,dumbbell,3,1,random
1074,46.48800132041069,0.95,0.24319018456280111,0.9,0.1654433346867677,0.0625,5.078457832336426,-0.025123311579462404,0.4375,4.313735008239746,dumbbell,3,1,random
518,-129.27976579480693,0.99,0.07894804011328614,0.9,-0.36856695798155914,0.9375,5.785560607910156,0.1859622210027618,0.5,4.983835697174072,dumbbell,3,1,random
771,-60.29774119015027,0.99,0.1802438426516282,0.9,0.17440652679209534,0.75,5.526933193206787,-0.02972356732730652,0.0,5.127280235290527,dumbbell,3,1,random
422,-26.163006228925056,0.99,0.33703075754432854,0.9,0.1382051573197569,0.4375,5.547611236572266,-0.1248801519190861,0.0,5.52365779876709,dumbbell,3,1,random
1186,3.4814826953899036,0.99,0.23619611727319906,0.9,-0.028208514701140774,0.1875,5.333121299743652,0.30949499416627557,0.0,4.866556167602539,dumbbell,3,1,random
386,9.150050099113331,0.99,0.24072830478539486,0.9,0.49041755559519723,0.0,5.276065826416016,0.21594611882996714,0.0,4.655666351318359,dumbbell,3,1,random
1155,9.479295147836876,0.99,0.21467852692895348,0.9,0.46190299175732397,0.0,5.349752426147461,0.17852802775736842,0.0,4.688382148742676,dumbbell,3,1,random
862,9.817485823556025,0.99,0.16410216117022228,0.9,0.5514651806802711,0.0,5.2965521812438965,0.11992733612050242,0.0,5.045278549194336,dumbbell,3,1,random
451,10.282687225740652,0.99,0.11446154834421664,0.9,0.5450363897744743,0.0,5.166604042053223,0.4237478409886822,0.0,4.89352560043335,dumbbell,3,1,random
63,10.70158306126052,0.99,0.19107230907308648,0.9,0.5200713792825271,0.0,5.047718048095703,0.37249863688957136,0.0,4.896031856536865,dumbbell,3,1,random
730,11.688996802134785,0.99,0.4364893567793816,0.9,0.505386885938534,0.0,5.247950553894043,0.26883688363660996,0.0,5.403027534484863,dumbbell,3,1,random
420,12.303102055323818,0.99,0.33495669453359656,0.9,0.23042010852222816,0.375,5.335434436798096,0.43955336002970613,0.0,5.642631530761719,dumbbell,3,1,random
328,13.168196042602606,0.99,0.2602587209580535,0.9,0.3964534252661145,0.0625,5.336904525756836,0.19542163524320172,0.0,4.6830244064331055,dumbbell,3,1,random
236,13.987736289975153,0.99,0.21376797408268103,0.9,0.5133708053736787,0.0,5.184648036956787,0.2842038783386638,0.0,4.989900588989258,dumbbell,3,1,random
936,14.743058696547628,0.99,0.3683034696052272,0.9,0.4164851960985503,0.0,5.194746017456055,0.16856942864896338,0.0,5.347475051879883,dumbbell,3,1,random
304,15.649471483080921,0.99,0.2981312073743814,0.9,0.4711005090311683,0.0,5.157517910003662,0.11477996862007138,0.0,5.0458269119262695,dumbbell,3,1,random
1255,16.670580130392466,0.99,0.2516218205870462,0.9,0.529654635536531,0.0,5.2312397956848145,0.16374651254649897,0.0625,4.4791154861450195,dumbbell,3,1,random
1317,17.68259354168012,0.99,0.41529664666394506,0.9,0.5095333041891545,0.0,5.131965637207031,0.17836276743360674,0.0,5.311192989349365,dumbbell,3,1,random
1466,18.770484998828806,0.99,0.18185281742031373,0.9,0.5727051855249035,0.0,5.212405204772949,0.11163607417506548,0.0,4.922284126281738,dumbbell,3,1,random
475,20.047681029643805,0.99,0.21881711580804106,0.9,0.51641136861122,0.0,4.902222633361816,0.2614565247449585,0.0,4.789365768432617,dumbbell,3,1,random
364,21.452717269843408,0.99,0.14066851763149252,0.9,0.15309501511021611,0.125,5.1271843910217285,0.24364900681725454,0.0,4.856534481048584,dumbbell,3,1,random
1381,22.450341885123233,0.99,0.22708172878766297,0.9,0.44603605839342075,0.0,5.004818916320801,0.15305461368482765,0.0,4.429267406463623,dumbbell,3,1,random
215,23.24833994165201,0.99,0.4000853922625469,0.9,0.5149712307285552,0.0,5.221871852874756,0.26540034426082826,0.0,5.367547035217285,dumbbell,3,1,random
257,24.134117788674768,0.99,0.3030509320925438,0.9,0.6094143442115061,0.0,4.990075588226318,0.04260805654677348,0.0,5.418858051300049,dumbbell,3,1,random
1123,25.55126465939824,0.99,0.19851578899285616,0.9,0.5463362978680599,0.0,5.2115583419799805,0.14110379711710813,0.0,4.699121475219727,dumbbell,3,1,random
1068,26.863457037200046,0.99,0.35398678223103813,0.9,0.5134271269691194,0.0,4.840622901916504,0.21580444816840283,0.0,5.409759998321533,dumbbell,3,1,random
1135,28.282722773482444,0.99,0.2721355706326368,0.9,0.2831009804380009,0.0,4.923259735107422,0.2734323791819823,0.0,4.944839954376221,dumbbell,3,1,random
159,29.145116165998843,0.99,0.3893108832658798,0.9,0.2752039401685835,0.1875,5.3443756103515625,0.11857891529270158,0.0,5.431436538696289,dumbbell,3,1,random
656,30.059747519270065,0.99,0.2572340722447985,0.9,0.2835429535824107,0.0,5.092437744140625,0.2751429703352153,0.0,4.425811290740967,dumbbell,3,1,random
1034,31.528142474202845,0.99,0.35865296096292204,0.9,0.38323607641423013,0.0,5.126045227050781,0.1316455184285405,0.0,5.464812755584717,dumbbell,3,1,random
273,32.88698110356113,0.99,0.2760282843087174,0.9,0.3854151555546925,0.0,5.087460517883301,0.13869633174716517,0.0,4.588743209838867,dumbbell,3,1,random
1276,34.1843108755044,0.99,0.2885462251783243,0.9,0.4354622583560092,0.0,4.956424713134766,0.26525745929233213,0.0,4.70249605178833,dumbbell,3,1,random
1383,35.206993937883354,0.99,0.3316391413326721,0.9,0.24396004981088343,0.0,5.150204658508301,0.06488517731108491,0.0,5.347588062286377,dumbbell,3,1,random
1192,36.345127268084376,0.99,0.0,0.9,0.38706432614152964,0.0,5.009932518005371,0.4824647328692918,0.0,4.139708042144775,dumbbell,3,1,random
1321,37.634705758685435,0.99,0.17546350641018602,0.9,0.43684092952591613,0.0625,5.107592582702637,0.2492347050858441,0.0,4.8164215087890625,dumbbell,3,1,random
760,38.54055118037615,0.99,0.18807926390573235,0.9,0.37403730508625127,0.1875,5.229092597961426,-0.045870465911831526,0.0,5.0687713623046875,dumbbell,3,1,random
1041,39.397805857426825,0.99,0.26097729142870124,0.9,0.42114121055524134,0.0,4.742809295654297,0.11840213124518773,0.0,4.797267913818359,dumbbell,3,1,random
653,40.04371910936756,0.99,0.4837247828108916,0.9,0.40150068081963297,0.0,5.016009330749512,0.2606800648043744,0.0,5.056539535522461,dumbbell,3,1,random
165,41.03326909941983,0.99,0.4443938478329894,0.9,0.3117910323976544,0.0,5.0736403465271,0.31566857623519595,0.0,5.214906692504883,dumbbell,3,1,random
532,41.9896765497902,0.99,0.056723497649548045,0.9,0.21836421686139895,0.0625,4.897742748260498,0.389153084583977,0.0,4.498660087585449,dumbbell,3,1,random
521,42.771220424279555,0.99,0.4751054717916978,0.9,0.28225698825271545,0.0,5.249641418457031,0.26019956602686906,0.0,5.3108930587768555,dumbbell,3,1,random
623,43.50585249952724,0.99,0.20485791117309163,0.9,0.1243231136391249,0.0,5.305243968963623,0.14944290005469008,0.0,4.669699668884277,dumbbell,3,1,random
536,44.24575358006882,0.99,0.18571497322407296,0.9,0.14866418866254852,0.125,5.321904182434082,0.14981424900303233,0.0,4.729925155639648,dumbbell,3,1,random
980,44.96186263767312,0.99,0.2973426510820699,0.9,0.08422836163033896,0.0,4.9931721687316895,0.12087710962832439,0.0,5.149782180786133,dumbbell,3,1,random
1306,45.48967007340306,0.99,0.19299902467437624,0.9,0.27895857418213943,0.0625,5.08075475692749,-0.013708460282571874,0.0,4.716071128845215,dumbbell,3,1,random
314,45.874420822177264,0.99,0.38590778424168226,0.9,0.18427977149876773,0.0,5.088086128234863,0.28176256232704056,0.0,5.449422836303711,dumbbell,3,1,random
1316,46.088318271334096,0.99,0.439407716650713,0.9,0.14333072250604276,0.0,5.214476585388184,0.4004331160888952,0.0,5.319007873535156,dumbbell,3,1,random
526,46.35438296761231,0.99,0.0725611183951406,0.9,0.41806102369351295,0.0625,5.077828407287598,0.4761670981155698,0.0,4.614886283874512,dumbbell,3,1,random
1074,46.48800132041069,0.99,0.24319018456280111,0.9,0.1654433346867677,0.0625,5.078457832336426,0.10551442557045669,0.1875,4.301951885223389,dumbbell,3,1,random
338,-100.4865205510218,0.95,0.34928359469953985,1.0,-0.05771011361272915,0.875,5.673042297363281,0.17424035348848846,0.0625,5.296487808227539,dumbbell,3,2,proxy
1340,-45.64175449353797,0.95,0.6291883399897542,1.0,0.11082051840348509,0.6875,5.603269100189209,-0.13456473426235505,0.75,3.2672300338745117,dumbbell,3,2,proxy
794,-17.021994135603165,0.95,0.8345199716837316,1.0,0.0655725753064082,0.25,5.673480987548828,0.12859251379278555,0.0,4.369756698608398,dumbbell,3,2,proxy
1232,2.8282630004963543,0.95,0.6565980705547702,1.0,0.2697069888488751,0.25,5.256818771362305,0.20765640556545278,0.125,4.173121452331543,dumbbell,3,2,proxy
1177,9.040940704596613,0.95,0.7315670387933806,1.0,0.5417795649827861,0.0,5.3712663650512695,0.6038786341901914,0.0,5.121429443359375,dumbbell,3,2,proxy
738,9.465931633652058,0.95,0.416937553134763,1.0,0.5496652073809571,0.0,5.175664901733398,0.319687717221965,0.0,5.207263946533203,dumbbell,3,2,proxy
788,9.909061578479333,0.95,0.7972037979312773,1.0,0.4918282369996792,0.0,5.225834369659424,0.5155351415676542,0.0,4.751715660095215,dumbbell,3,2,proxy
1368,10.49659367764139,0.95,0.8348332946677511,1.0,0.48993350250026135,0.0,5.019697189331055,0.9362302024834495,0.0,4.704547882080078,dumbbell,3,2,proxy
341,11.252825018720136,0.95,0.6553230839537545,1.0,0.513272913224755,0.0,5.277667999267578,0.7635654255401745,0.0,5.031062602996826,dumbbell,3,2,proxy
1286,11.992224735191686,0.95,0.9408278224647166,1.0,0.48780486500483206,0.0,5.345025062561035,0.9233214032456849,0.0,5.236730575561523,dumbbell,3,2,proxy
449,12.82042931327384,0.95,0.7162178357420299,1.0,0.5343520072750363,0.0,5.175223350524902,0.6571634984278711,0.0,4.673935413360596,dumbbell,3,2,proxy
101,13.714708028124635,0.95,0.8866427489922861,1.0,0.47697266857467746,0.0,5.014705657958984,0.8815069606315388,0.0,4.683518886566162,dumbbell,3,2,proxy
831,14.725174522212512,0.95,0.48465564979268283,1.0,0.48810192657018175,0.0,5.112078666687012,0.08480456962726506,0.0,5.080406665802002,dumbbell,3,2,proxy
1299,15.840421206216279,0.95,0.8239958383318724,1.0,0.4976618834061573,0.0,4.997984886169434,0.7325868461776694,0.0,4.661935329437256,dumbbell,3,2,proxy
792,16.63718415692145,0.95,0.5838092383258531,1.0,0.49731621898742234,0.0,5.079552173614502,0.6669919298676867,0.0,4.655638694763184,dumbbell,3,2,proxy
1405,17.635985366943924,0.95,0.8073173521919622,1.0,0.5012176941814163,0.0,5.211329460144043,0.46952089550321296,0.0,4.682097434997559,dumbbell,3,2,proxy
900,18.34590721736632,0.95,0.3565954351165053,1.0,0.5679321835455768,0.0,4.878347396850586,0.18409509151999043,0.0,4.967991352081299,dumbbell,3,2,proxy
1326,19.52390372753703,0.95,0.30923037761230804,1.0,0.3768324776249248,0.0,5.122715950012207,0.2696954161741114,0.0,5.204617023468018,dumbbell,3,2,proxy
396,20.6871572175587,0.95,0.6304161722192407,1.0,0.41015132165350554,0.0,5.036266803741455,0.7983368431189196,0.0,4.71785831451416,dumbbell,3,2,proxy
284,21.91585625197931,0.95,0.6102551047361482,1.0,0.5456351571485245,0.0,5.091931343078613,0.598713280188228,0.0,4.656782150268555,dumbbell,3,2,proxy
901,23.44585625186358,0.95,0.5082675590745249,1.0,0.5331001924602287,0.0,5.140552520751953,0.36699863778057906,0.0,4.993130683898926,dumbbell,3,2,proxy
1458,24.549714546895707,0.95,0.6972535050874872,1.0,0.5075581463533486,0.0,5.044361114501953,0.49439923764544197,0.0,4.344082832336426,dumbbell,3,2,proxy
1284,25.55038957726139,0.95,0.6514219862655042,1.0,0.4220437836723094,0.0,5.06535530090332,0.6969099478926137,0.0,4.736783981323242,dumbbell,3,2,proxy
1388,26.561196047542655,0.95,0.3983477560315827,1.0,0.20613015031605403,0.3125,5.246687889099121,0.37487152504232607,0.0,5.218684196472168,dumbbell,3,2,proxy
127,27.768742746266398,0.95,0.30597540531788275,1.0,0.10544567466049279,0.125,5.232753753662109,0.4727691623769669,0.0,5.274589538574219,dumbbell,3,2,proxy
111,29.882253016076113,0.95,0.9187766179948343,1.0,0.5288273539956996,0.0,5.114377975463867,0.8656177961477727,0.0,4.8345255851745605,dumbbell,3,2,proxy
1417,30.937341936615745,0.95,0.0,1.0,0.4152088286456681,0.0,4.859409332275391,0.608944740267652,0.0,4.946203231811523,dumbbell,3,2,proxy
1462,32.120047420248305,0.95,0.38991240559660345,1.0,0.550464790264839,0.0,5.027709007263184,0.24449190313566788,0.0,5.266692161560059,dumbbell,3,2,proxy
728,33.36074304377957,0.95,0.5721877276308591,1.0,0.3943169075208005,0.0,5.021546363830566,0.398788470123063,0.0,4.912957668304443,dumbbell,3,2,proxy
1346,34.71664022590806,0.95,0.983190671610328,1.0,0.47986892517731533,0.0,5.154733657836914,0.5020266873792781,0.0,4.476286888122559,dumbbell,3,2,proxy
328,36.131382873626684,0.95,0.8580219828519529,1.0,0.26178537838609306,0.0,5.166213035583496,0.48086610048924067,0.0,4.530326843261719,dumbbell,3,2,proxy
1068,37.14718994756327,0.95,0.663500173340088,1.0,0.4936198522709247,0.0,4.973822593688965,0.8060797219912761,0.0,4.53558349609375,dumbbell,3,2,proxy
1206,38.100170918530225,0.95,0.1653213468984623,1.0,0.4285855305370605,0.0,4.9708147048950195,0.6970032618833724,0.0,5.139223098754883,dumbbell,3,2,proxy
262,39.19645508582031,0.95,0.5869745297377524,1.0,-0.06782994576581669,0.0625,5.109298229217529,0.5376947820987965,0.0625,4.366564750671387,dumbbell,3,2,proxy
1456,39.88582782178432,0.95,0.31009513318899207,1.0,0.45632109053201186,0.0,5.0246262550354,0.050830732995109026,0.0,5.174917221069336,dumbbell,3,2,proxy
365,40.4846184228996,0.95,0.5994761537792614,1.0,0.3794478486295297,0.0,5.056161880493164,0.4565711742095687,0.0,4.659245491027832,dumbbell,3,2,proxy
640,41.322663792160135,0.95,0.792458814157699,1.0,0.12709639403054843,0.0625,5.147924900054932,0.8246137655344172,0.0,4.421840667724609,dumbbell,3,2,proxy
740,41.816268497392144,0.95,0.8196371553918186,1.0,0.3069103190400277,0.0,5.117671489715576,0.49351743370155093,0.0,4.266380786895752,dumbbell,3,2,proxy
669,42.55309436516004,0.95,0.855345517694568,1.0,-0.053492022396025546,0.0625,5.309185981750488,0.6226976438384146,0.0,4.284081935882568,dumbbell,3,2,proxy
849,43.30804105347824,0.95,0.7634599292030817,1.0,0.42577891765669523,0.0,5.103464603424072,0.8831278373863245,0.0,4.569099426269531,dumbbell,3,2,proxy
1469,43.935730350503356,0.95,0.3617317020880567,1.0,0.41350828523028393,0.0,5.099287509918213,0.1161477497852635,0.0,4.969665050506592,dumbbell,3,2,proxy
810,44.51833485119414,0.95,0.45585541768355986,1.0,0.21785342365583166,0.0,5.020513534545898,0.4610343843348304,0.0,4.952263355255127,dumbbell,3,2,proxy
1160,44.9934201443465,0.95,0.9191602700325693,1.0,0.4151371610707987,0.0625,5.057336807250977,0.6543680197243635,0.0,4.383838653564453,dumbbell,3,2,proxy
1413,45.44253688655823,0.95,1.057487521377804,1.0,0.4014582018378156,0.0625,5.07663631439209,0.5916574194779771,0.0,4.196094512939453,dumbbell,3,2,proxy
572,45.80301317641556,0.95,0.9271398643062388,1.0,0.13428601968644902,0.0625,5.184471607208252,0.8317966939839682,0.0,4.467691421508789,dumbbell,3,2,proxy
1001,45.99990059097455,0.95,1.0441448820406956,1.0,0.0627762063106004,0.0,5.034671783447266,0.4719274218309485,0.0,4.04948616027832,dumbbell,3,2,proxy
1341,46.119206786426425,0.95,0.6913851555453671,1.0,0.28885421198954087,0.25,5.246635437011719,0.5419402332230829,0.0,4.735116958618164,dumbbell,3,2,proxy
599,46.18157932334591,0.95,0.05335776505574038,1.0,0.33453027099019045,0.0,4.877215385437012,0.4179534368926566,0.0,4.240218162536621,dumbbell,3,2,proxy
338,-100.4865205510218,0.99,0.34928359469953985,1.0,-0.05771011361272915,0.875,5.673042297363281,0.15965319047312615,0.0,5.085707664489746,dumbbell,3,2,proxy
1340,-45.64175449353797,0.99,0.6291883399897542,1.0,0.11082051840348509,0.6875,5.603269100189209,0.1389663322147997,0.5625,4.453036785125732,dumbbell,3,2,proxy
794,-17.021994135603165,0.99,0.8345199716837316,1.0,0.0655725753064082,0.25,5.673480987548828,0.3405102728510023,0.0,4.351841449737549,dumbbell,3,2,proxy
1232,2.8282630004963543,0.99,0.6565980705547702,1.0,0.2697069888488751,0.25,5.256818771362305,0.591200404464399,0.0,4.58363151550293,dumbbell,3,2,proxy
1177,9.040940704596613,0.99,0.7315670387933806,1.0,0.5417795649827861,0.0,5.3712663650512695,0.7130506575272766,0.0,5.202231407165527,dumbbell,3,2,proxy
738,9.465931633652058,0.99,0.416937553134763,1.0,0.5496652073809571,0.0,5.175664901733398,0.008190887712455339,0.0,5.02246618270874,dumbbell,3,2,proxy
788,9.909061578479333,0.99,0.7972037979312773,1.0,0.4918282369996792,0.0,5.225834369659424,0.6514908154445292,0.0,4.842981338500977,dumbbell,3,2,proxy
1368,10.49659367764139,0.99,0.8348332946677511,1.0,0.48993350250026135,0.0,5.019697189331055,0.9202021451335075,0.0,4.854999542236328,dumbbell,3,2,proxy
341,11.252825018720136,0.99,0.6553230839537545,1.0,0.513272913224755,0.0,5.277667999267578,0.8286092249473784,0.0,5.3140411376953125,dumbbell,3,2,proxy
1286,11.992224735191686,0.99,0.9408278224647166,1.0,0.48780486500483206,0.0,5.345025062561035,0.6703618922693627,0.0,5.298013687133789,dumbbell,3,2,proxy
449,12.82042931327384,0.99,0.7162178357420299,1.0,0.5343520072750363,0.0,5.175223350524902,0.6123448104319491,0.0,4.749077796936035,dumbbell,3,2,proxy
101,13.714708028124635,0.99,0.8866427489922861,1.0,0.47697266857467746,0.0,5.014705657958984,0.8706856654856843,0.0,4.8473734855651855,dumbbell,3,2,proxy
831,14.725174522212512,0.99,0.48465564979268283,1.0,0.48810192657018175,0.0,5.112078666687012,0.5278782491680176,0.0,5.1710638999938965,dumbbell,3,2,proxy
1299,15.840421206216279,0.99,0.8239958383318724,1.0,0.4976618834061573,0.0,4.997984886169434,0.8070802306045878,0.0,4.812275409698486,dumbbell,3,2,proxy
792,16.63718415692145,0.99,0.5838092383258531,1.0,0.49731621898742234,0.0,5.079552173614502,0.6796011654027367,0.0,4.884895324707031,dumbbell,3,2,proxy
1405,17.635985366943924,0.99,0.8073173521919622,1.0,0.5012176941814163,0.0,5.211329460144043,0.7130725668186833,0.0,4.7552289962768555,dumbbell,3,2,proxy
900,18.34590721736632,0.99,0.3565954351165053,1.0,0.5679321835455768,0.0,4.878347396850586,0.022583072030235796,0.0,4.637558460235596,dumbbell,3,2,proxy
1326,19.52390372753703,0.99,0.30923037761230804,1.0,0.3768324776249248,0.0,5.122715950012207,-0.0020492482586542266,0.0,5.084890365600586,dumbbell,3,2,proxy
396,20.6871572175587,0.99,0.6304161722192407,1.0,0.41015132165350554,0.0,5.036266803741455,0.5952565481745029,0.0,4.98538064956665,dumbbell,3,2,proxy
284,21.91585625197931,0.99,0.6102551047361482,1.0,0.5456351571485245,0.0,5.091931343078613,0.8286580621347065,0.0,4.961028099060059,dumbbell,3,2,proxy
901,23.44585625186358,0.99,0.5082675590745249,1.0,0.5331001924602287,0.0,5.140552520751953,0.20768473853674527,0.0,4.869441032409668,dumbbell,3,2,proxy
1458,24.549714546895707,0.99,0.6972535050874872,1.0,0.5075581463533486,0.0,5.044361114501953,0.550419732972578,0.0,4.517749786376953,dumbbell,3,2,proxy
1284,25.55038957726139,0.99,0.6514219862655042,1.0,0.4220437836723094,0.0,5.06535530090332,0.655043036557882,0.0,4.9512176513671875,dumbbell,3,2,proxy
1388,26.561196047542655,0.99,0.3983477560315827,1.0,0.20613015031605403,0.3125,5.246687889099121,0.06963941849590045,0.0,5.015449047088623,dumbbell,3,2,proxy
127,27.768742746266398,0.99,0.30597540531788275,1.0,0.10544567466049279,0.125,5.232753753662109,0.0063944643209011415,0.0,5.240276336669922,dumbbell,3,2,proxy
111,29.882253016076113,0.99,0.9187766179948343,1.0,0.5288273539956996,0.0,5.114377975463867,0.7272445766171001,0.0,4.935800075531006,dumbbell,3,2,proxy
1417,30.937341936615745,0.99,0.0,1.0,0.4152088286456681,0.0,4.859409332275391,-0.07688422784297852,0.0,5.111765384674072,dumbbell,3,2,proxy
1462,32.120047420248305,0.99,0.38991240559660345,1.0,0.550464790264839,0.0,5.027709007263184,0.06399492842648649,0.0,5.011711120605469,dumbbell,3,2,proxy
728,33.36074304377957,0.99,0.5721877276308591,1.0,0.3943169075208005,0.0,5.021546363830566,0.42025201453119054,0.0,5.100813865661621,dumbbell,3,2,proxy
1346,34.71664022590806,0.99,0.983190671610328,1.0,0.47986892517731533,0.0,5.154733657836914,0.7568492829044515,0.0,4.533593654632568,dumbbell,3,2,proxy
328,36.131382873626684,0.99,0.8580219828519529,1.0,0.26178537838609306,0.0,5.166213035583496,0.6048312787725605,0.0,4.534811973571777,dumbbell,3,2,proxy
1068,37.14718994756327,0.99,0.663500173340088,1.0,0.4936198522709247,0.0,4.973822593688965,0.6850340178929022,0.0,4.68977165222168,dumbbell,3,2,proxy
1206,38.100170918530225,0.99,0.1653213468984623,1.0,0.4285855305370605,0.0,4.9708147048950195,0.36160457152925846,0.0,5.193066596984863,dumbbell,3,2,proxy
262,39.19645508582031,0.99,0.5869745297377524,1.0,-0.06782994576581669,0.0625,5.109298229217529,0.4489151705084662,0.0,4.6393632888793945,dumbbell,3,2,proxy
1456,39.88582782178432,0.99,0.31009513318899207,1.0,0.45632109053201186,0.0,5.0246262550354,0.11103683303041174,0.0,5.031963348388672,dumbbell,3,2,proxy
365,40.4846184228996,0.99,0.5994761537792614,1.0,0.3794478486295297,0.0,5.056161880493164,0.4251792129776463,0.0,5.035277843475342,dumbbell,3,2,proxy
640,41.322663792160135,0.99,0.792458814157699,1.0,0.12709639403054843,0.0625,5.147924900054932,0.7359994628201909,0.0,4.635560512542725,dumbbell,3,2,proxy
740,41.816268497392144,0.99,0.8196371553918186,1.0,0.3069103190400277,0.0,5.117671489715576,0.3754747188371715,0.0,4.307901382446289,dumbbell,3,2,proxy
669,42.55309436516004,0.99,0.855345517694568,1.0,-0.053492022396025546,0.0625,5.309185981750488,0.4484928181054957,0.0,4.4141340255737305,dumbbell,3,2,proxy
849,43.30804105347824,0.99,0.7634599292030817,1.0,0.42577891765669523,0.0,5.103464603424072,0.6862246008339197,0.0,4.714561462402344,dumbbell,3,2,proxy
1469,43.935730350503356,0.99,0.3617317020880567,1.0,0.41350828523028393,0.0,5.099287509918213,-0.024903485894819055,0.0,4.647327423095703,dumbbell,3,2,proxy
810,44.51833485119414,0.99,0.45585541768355986,1.0,0.21785342365583166,0.0,5.020513534545898,0.2243560868785381,0.0,5.03803825378418,dumbbell,3,2,proxy
1160,44.9934201443465,0.99,0.9191602700325693,1.0,0.4151371610707987,0.0625,5.057336807250977,0.8686074270085498,0.0,4.719649791717529,dumbbell,3,2,proxy
1413,45.44253688655823,0.99,1.057487521377804,1.0,0.4014582018378156,0.0625,5.07663631439209,0.5212158597155097,0.0,4.118089199066162,dumbbell,3,2,proxy
572,45.80301317641556,0.99,0.9271398643062388,1.0,0.13428601968644902,0.0625,5.184471607208252,0.4859323844751074,0.0,4.7187957763671875,dumbbell,3,2,proxy
1001,45.99990059097455,0.99,1.0441448820406956,1.0,0.0627762063106004,0.0,5.034671783447266,0.3388733013842085,0.0,3.9360599517822266,dumbbell,3,2,proxy
1341,46.119206786426425,0.99,0.6913851555453671,1.0,0.28885421198954087,0.25,5.246635437011719,0.6800918409692928,0.0,4.991504192352295,dumbbell,3,2,proxy
599,46.18157932334591,0.99,0.05335776505574038,1.0,0.33453027099019045,0.0,4.877215385437012,0.2533191353614994,0.0,4.083024024963379,dumbbell,3,2,proxy
338,-100.4865205510218,0.95,0.24539920205218224,0.9666666666666667,-0.05771011361272915,0.875,5.673042297363281,0.2151993704744338,0.875,2.909491777420044,dumbbell,3,2,random
1340,-45.64175449353797,0.95,0.173789367862249,0.9666666666666667,0.11082051840348509,0.6875,5.603269100189209,0.47929039636289184,0.0,4.826357364654541,dumbbell,3,2,random
794,-17.021994135603165,0.95,0.200748356806386,0.9666666666666667,0.0655725753064082,0.25,5.673480987548828,0.365968084919591,0.0625,4.5316290855407715,dumbbell,3,2,random
1232,2.8282630004963543,0.95,0.2769360279158468,0.9666666666666667,0.2697069888488751,0.25,5.256818771362305,0.3695277499567915,0.1875,4.368131637573242,dumbbell,3,2,random
1177,9.040940704596613,0.95,0.0,0.9666666666666667,0.5417795649827861,0.0,5.3712663650512695,0.7826102781233574,0.0,4.457152843475342,dumbbell,3,2,random
738,9.465931633652058,0.95,0.3132260548328401,0.9666666666666667,0.5496652073809571,0.0,5.175664901733398,0.6821054486383664,0.0,5.221759796142578,dumbbell,3,2,random
788,9.909061578479333,0.95,0.32891901451305994,0.9666666666666667,0.4918282369996792,0.0,5.225834369659424,0.5025002344896098,0.0,5.484050273895264,dumbbell,3,2,random
1368,10.49659367764139,0.95,0.0908734336109548,0.9666666666666667,0.48993350250026135,0.0,5.019697189331055,0.761114291150409,0.0,4.691380500793457,dumbbell,3,2,random
341,11.252825018720136,0.95,0.2317388200152033,0.9666666666666667,0.513272913224755,0.0,5.277667999267578,0.04581407970943707,0.0,4.98708438873291,dumbbell,3,2,random
1286,11.992224735191686,0.95,0.16936623465044598,0.9666666666666667,0.48780486500483206,0.0,5.345025062561035,0.5235089019995376,0.0,5.035181045532227,dumbbell,3,2,random
449,12.82042931327384,0.95,0.194327676634597,0.9666666666666667,0.5343520072750363,0.0,5.175223350524902,0.5989003793547722,0.0,4.622292995452881,dumbbell,3,2,random
101,13.714708028124635,0.95,0.11713364685159476,0.9666666666666667,0.47697266857467746,0.0,5.014705657958984,0.7371336063389177,0.0,4.8436503410339355,dumbbell,3,2,random
831,14.725174522212512,0.95,0.28988300962294083,0.9666666666666667,0.48810192657018175,0.0,5.112078666687012,0.4683232057257711,0.0,5.030071258544922,dumbbell,3,2,random
1299,15.840421206216279,0.95,0.1945415754040083,0.9666666666666667,0.4976618834061573,0.0,4.997984886169434,0.17276309364018855,0.0,5.0146002769470215,dumbbell,3,2,random
792,16.63718415692145,0.95,0.37572189771384923,0.9666666666666667,0.49731621898742234,0.0,5.079552173614502,0.82237002397561,0.0,5.22552490234375,dumbbell,3,2,random
1405,17.635985366943924,0.95,0.3241568548751332,0.9666666666666667,0.5012176941814163,0.0,5.211329460144043,0.43482568655431336,0.0,5.531016826629639,dumbbell,3,2,random
900,18.34590721736632,0.95,0.1944883333716207,0.9666666666666667,0.5679321835455768,0.0,4.878347396850586,0.4724885218534119,0.0,4.996823310852051,dumbbell,3,2,random
1326,19.52390372753703,0.95,0.3548348076253251,0.9666666666666667,0.3768324776249248,0.0,5.122715950012207,0.5288991514904318,0.0,5.369525909423828,dumbbell,3,2,random
396,20.6871572175587,0.95,0.26195431802078467,0.9666666666666667,0.41015132165350554,0.0,5.036266803741455,0.22231773049053885,0.125,5.00935173034668,dumbbell,3,2,random
284,21.91585625197931,0.95,0.4915151234674421,0.9666666666666667,0.5456351571485245,0.0,5.091931343078613,0.9065605584286829,0.0,5.349359512329102,dumbbell,3,2,random
901,23.44585625186358,0.95,0.4784734143995902,0.9666666666666667,0.5331001924602287,0.0,5.140552520751953,0.9014319878206399,0.0,5.301279544830322,dumbbell,3,2,random
1458,24.549714546895707,0.95,0.23713434969670666,0.9666666666666667,0.5075581463533486,0.0,5.044361114501953,0.1698769553496252,0.0,4.715287208557129,dumbbell,3,2,random
1284,25.55038957726139,0.95,0.28044308319816724,0.9666666666666667,0.4220437836723094,0.0,5.06535530090332,0.468571647700919,0.0,5.230417251586914,dumbbell,3,2,random
1388,26.561196047542655,0.95,0.2059898022385381,0.9666666666666667,0.20613015031605403,0.3125,5.246687889099121,0.35223132163941506,0.0,3.8311221599578857,dumbbell,3,2,random
127,27.768742746266398,0.95,0.11146733432723722,0.9666666666666667,0.10544567466049279,0.125,5.232753753662109,0.7457134135521808,0.0,4.491114616394043,dumbbell,3,2,random
111,29.882253016076113,0.95,0.16945160628983102,0.9666666666666667,0.5288273539956996,0.0,5.114377975463867,0.5751008680827918,0.0,4.9713215827941895,dumbbell,3,2,random
1417,30.937341936615745,0.95,0.5274776592143211,0.9666666666666667,0.4152088286456681,0.0,4.859409332275391,0.6192550539635561,0.0,5.2112202644348145,dumbbell,3,2,random
1462,32.120047420248305,0.95,0.19473175647687518,0.9666666666666667,0.550464790264839,0.0,5.027709007263184,0.371476900208208,0.0,4.948409080505371,dumbbell,3,2,random
728,33.36074304377957,0.95,0.1635182359181388,0.9666666666666667,0.3943169075208005,0.0,5.021546363830566,0.6702941345217139,0.0,4.5939040184021,dumbbell,3,2,random
1346,34.71664022590806,0.95,0.4084671415039647,0.9666666666666667,0.47986892517731533,0.0,5.154733657836914,0.5364307444434158,0.0,5.316256523132324,dumbbell,3,2,random
328,36.131382873626684,0.95,0.3979028274611723,0.9666666666666667,0.26178537838609306,0.0,5.166213035583496,0.5507322299831989,0.0,5.362255096435547,dumbbell,3,2,random
1068,37.14718994756327,0.95,0.301290260424959,0.9666666666666667,0.4936198522709247,0.0,4.973822593688965,0.6607145296024521,0.0,5.063169479370117,dumbbell,3,2,random
1206,38.100170918530225,0.95,0.41267938141390714,0.9666666666666667,0.4285855305370605,0.0,4.9708147048950195,0.7517489060147389,0.0,5.1719136238098145,dumbbell,3,2,random
262,39.19645508582031,0.95,0.3183502518838377,0.9666666666666667,-0.06782994576581669,0.0625,5.109298229217529,0.6065150289748269,0.0,5.210962295532227,dumbbell,3,2,random
1456,39.88582782178432,0.95,0.150736719736691,0.9666666666666667,0.45632109053201186,0.0,5.0246262550354,0.5795903789644428,0.0,3.962751865386963,dumbbell,3,2,random
365,40.4846184228996,0.95,0.15121806962020343,0.9666666666666667,0.3794478486295297,0.0,5.056161880493164,0.7939129453305978,0.0,4.740644454956055,dumbbell,3,2,random
640,41.322663792160135,0.95,0.3660712100427269,0.9666666666666667,0.12709639403054843,0.0625,5.147924900054932,0.771504418437343,0.0,5.269650459289551,dumbbell,3,2,random
740,41.816268497392144,0.95,0.23434570608484334,0.9666666666666667,0.3069103190400277,0.0,5.117671489715576,0.3940083919636096,0.25,5.177325248718262,dumbbell,3,2,random
669,42.55309436516004,0.95,0.07076060827977289,0.9666666666666667,-0.053492022396025546,0.0625,5.309185981750488,0.803608886666424,0.0,4.511508464813232,dumbbell,3,2,random
849,43.30804105347824,0.95,0.36728339507251695,0.9666666666666667,0.42577891765669523,0.0,5.103464603424072,0.8776379431326632,0.0,5.103463172912598,dumbbell,3,2,random
1469,43.935730350503356,0.95,0.2277256796310131,0.9666666666666667,0.41350828523028393,0.0,5.099287509918213,0.516553407978466,0.0625,4.91025447845459,dumbbell,3,2,random
810,44.51833485119414,0.95,0.15105848019626694,0.9666666666666667,0.21785342365583166,0.0,5.020513534545898,0.46838100936361104,0.0,3.9741218090057373,dumbbell,3,2,random
1160,44.9934201443465,0.95,0.2408351079597323,0.9666666666666667,0.4151371610707987,0.0625,5.057336807250977,0.13647203477356207,0.1875,4.720098972320557,dumbbell,3,2,random
1413,45.44253688655823,0.95,0.2781275729696853,0.9666666666666667,0.4014582018378156,0.0625,5.07663631439209,0.3210890641962731,0.0,4.740978717803955,dumbbell,3,2,random
572,45.80301317641556,0.95,0.48381506502123306,0.9666666666666667,0.13428601968644902,0.0625,5.184471607208252,0.8459581160863594,0.0,5.150792598724365,dumbbell,3,2,random
1001,45.99990059097455,0.95,0.0,0.9666666666666667,0.0627762063106004,0.0,5.034671783447266,0.7720850631380561,0.0,3.8970141410827637,dumbbell,3,2,random
1341,46.119206786426425,0.95,0.48244767695898927,0.9666666666666667,0.28885421198954087,0.25,5.246635437011719,0.7593636240835281,0.0,5.388014316558838,dumbbell,3,2,random
599,46.18157932334591,0.95,0.1627237801634519,0.9666666666666667,0.33453027099019045,0.0,4.877215385437012,0.5474453129213144,0.0,4.838381290435791,dumbbell,3,2,random
338,-100.4865205510218,0.99,0.24539920205218224,0.9666666666666667,-0.05771011361272915,0.875,5.673042297363281,-0.05719294312380248,0.0,5.1714768409729,dumbbell,3,2,random
1340,-45.64175449353797,0.99,0.173789367862249,0.9666666666666667,0.11082051840348509,0.6875,5.603269100189209,0.491386685449684,0.0,5.255168437957764,dumbbell,3,2,random
794,-17.021994135603165,0.99,0.200748356806386,0.9666666666666667,0.0655725753064082,0.25,5.673480987548828,0.26706634740243346,0.0,5.142847061157227,dumbbell,3,2,random
1232,2.8282630004963543,0.99,0.2769360279158468,0.9666666666666667,0.2697069888488751,0.25,5.256818771362305,-0.165902026520164,0.125,5.439454078674316,dumbbell,3,2,random
1177,9.040940704596613,0.99,0.0,0.9666666666666667,0.5417795649827861,0.0,5.3712663650512695,0.4088322890382844,0.0,4.651843070983887,dumbbell,3,2,random
738,9.465931633652058,0.99,0.3132260548328401,0.9666666666666667,0.5496652073809571,0.0,5.175664901733398,0.5709118515122993,0.0,5.550473213195801,dumbbell,3,2,random
788,9.909061578479333,0.99,0.32891901451305994,0.9666666666666667,0.4918282369996792,0.0,5.225834369659424,0.4468440034670873,0.0,5.675520896911621,dumbbell,3,2,random
1368,10.49659367764139,0.99,0.0908734336109548,0.9666666666666667,0.48993350250026135,0.0,5.019697189331055,0.3397105829629649,0.0,4.955775260925293,dumbbell,3,2,random
341,11.252825018720136,0.99,0.2317388200152033,0.9666666666666667,0.513272913224755,0.0,5.277667999267578,0.5437742573369642,0.0,5.190614700317383,dumbbell,3,2,random
1286,11.992224735191686,0.99,0.16936623465044598,0.9666666666666667,0.48780486500483206,0.0,5.345025062561035,0.3209918566063787,0.0,5.361732482910156,dumbbell,3,2,random
449,12.82042931327384,0.99,0.194327676634597,0.9666666666666667,0.5343520072750363,0.0,5.175223350524902,0.30838396202339935,0.0,5.269232273101807,dumbbell,3,2,random
101,13.714708028124635,0.99,0.11713364685159476,0.9666666666666667,0.47697266857467746,0.0,5.014705657958984,0.2906460793653124,0.0,5.1389265060424805,dumbbell,3,2,random
831,14.725174522212512,0.99,0.28988300962294083,0.9666666666666667,0.48810192657018175,0.0,5.112078666687012,0.29736096620336777,0.0,5.376310348510742,dumbbell,3,2,random
1299,15.840421206216279,0.99,0.1945415754040083,0.9666666666666667,0.4976618834061573,0.0,4.997984886169434,0.24184088188287028,0.0,5.249626159667969,dumbbell,3,2,random
792,16.63718415692145,0.99,0.37572189771384923,0.9666666666666667,0.49731621898742234,0.0,5.079552173614502,0.8033942581809211,0.0,5.646975517272949,dumbbell,3,2,random
1405,17.635985366943924,0.99,0.3241568548751332,0.9666666666666667,0.5012176941814163,0.0,5.211329460144043,0.1313993389174063,0.0,5.5467448234558105,dumbbell,3,2,random
900,18.34590721736632,0.99,0.1944883333716207,0.9666666666666667,0.5679321835455768,0.0,4.878347396850586,0.3321730315126026,0.0,5.272848129272461,dumbbell,3,2,random
1326,19.52390372753703,0.99,0.3548348076253251,0.9666666666666667,0.3768324776249248,0.0,5.122715950012207,0.7538131846700512,0.0,5.709097385406494,dumbbell,3,2,random
396,20.6871572175587,0.99,0.26195431802078467,0.9666666666666667,0.41015132165350554,0.0,5.036266803741455,0.18392720752445202,0.0,5.230720520019531,dumbbell,3,2,random
284,21.91585625197931,0.99,0.4915151234674421,0.9666666666666667,0.5456351571485245,0.0,5.091931343078613,0.8554571032982576,0.0,5.463989734649658,dumbbell,3,2,random
901,23.44585625186358,0.99,0.4784734143995902,0.9666666666666667,0.5331001924602287,0.0,5.140552520751953,0.8262477038998145,0.0,5.671739101409912,dumbbell,3,2,random
1458,24.549714546895707,0.99,0.23713434969670666,0.9666666666666667,0.5075581463533486,0.0,5.044361114501953,0.10983734913730572,0.0,5.261721611022949,dumbbell,3,2,random
1284,25.55038957726139,0.99,0.28044308319816724,0.9666666666666667,0.4220437836723094,0.0,5.06535530090332,0.3322337753382376,0.0,5.458637237548828,dumbbell,3,2,random
1388,26.561196047542655,0.99,0.2059898022385381,0.9666666666666667,0.20613015031605403,0.3125,5.246687889099121,0.5314316290270819,0.0,5.115714073181152,dumbbell,3,2,random
127,27.768742746266398,0.99,0.11146733432723722,0.9666666666666667,0.10544567466049279,0.125,5.232753753662109,0.3958238001936965,0.0,5.0891194343566895,dumbbell,3,2,random
111,29.882253016076113,0.99,0.16945160628983102,0.9666666666666667,0.5288273539956996,0.0,5.114377975463867,0.3233502959699053,0.0,5.358850002288818,dumbbell,3,2,random
1417,30.937341936615745,0.99,0.5274776592143211,0.9666666666666667,0.4152088286456681,0.0,4.859409332275391,0.7609474049055014,0.0,5.439694404602051,dumbbell,3,2,random
1462,32.120047420248305,0.99,0.19473175647687518,0.9666666666666667,0.550464790264839,0.0,5.027709007263184,0.394311444320703,0.0,5.256515979766846,dumbbell,3,2,random
728,33.36074304377957,0.99,0.1635182359181388,0.9666666666666667,0.3943169075208005,0.0,5.021546363830566,0.44528012875348705,0.0,5.328182220458984,dumbbell,3,2,random
1346,34.71664022590806,0.99,0.4084671415039647,0.9666666666666667,0.47986892517731533,0.0,5.154733657836914,0.4414422375899618,0.0,5.763467788696289,dumbbell,3,2,random
328,36.131382873626684,0.99,0.3979028274611723,0.9666666666666667,0.26178537838609306,0.0,5.166213035583496,0.49465037144121604,0.0,5.770811080932617,dumbbell,3,2,random
1068,37.14718994756327,0.99,0.301290260424959,0.9666666666666667,0.4936198522709247,0.0,4.973822593688965,0.5779910128303054,0.0,5.587743282318115,dumbbell,3,2,random
1206,38.100170918530225,0.99,0.41267938141390714,0.9666666666666667,0.4285855305370605,0.0,4.9708147048950195,0.7787717133449863,0.0,5.5002031326293945,dumbbell,3,2,random
262,39.19645508582031,0.99,0.3183502518838377,0.9666666666666667,-0.06782994576581669,0.0625,5.109298229217529,0.35956090593299955,0.0,5.593302249908447,dumbbell,3,2,random
1456,39.88582782178432,0.99,0.150736719736691,0.9666666666666667,0.45632109053201186,0.0,5.0246262550354,0.46252640333780437,0.0625,5.362580299377441,dumbbell,3,2,random
365,40.4846184228996,0.99,0.15121806962020343,0.9666666666666667,0.3794478486295297,0.0,5.056161880493164,0.46459847702291246,0.0,5.256302356719971,dumbbell,3,2,random
640,41.322663792160135,0.99,0.3660712100427269,0.9666666666666667,0.12709639403054843,0.0625,5.147924900054932,0.8680316658865317,0.0,5.636449813842773,dumbbell,3,2,random
740,41.816268497392144,0.99,0.23434570608484334,0.9666666666666667,0.3069103190400277,0.0,5.117671489715576,0.25247979803826043,0.0,5.326547145843506,dumbbell,3,2,random
669,42.55309436516004,0.99,0.07076060827977289,0.9666666666666667,-0.053492022396025546,0.0625,5.309185981750488,0.4129297416276886,0.0,4.9866228103637695,dumbbell,3,2,random
849,43.30804105347824,0.99,0.36728339507251695,0.9666666666666667,0.42577891765669523,0.0,5.103464603424072,0.6717745879466757,0.0,5.710434436798096,dumbbell,3,2,random
1469,43.935730350503356,0.99,0.2277256796310131,0.9666666666666667,0.41350828523028393,0.0,5.099287509918213,0.2114725873025019,0.0,5.236961364746094,dumbbell,3,2,random
810,44.51833485119414,0.99,0.15105848019626694,0.9666666666666667,0.21785342365583166,0.0,5.020513534545898,0.4238630298003628,0.0,5.374178886413574,dumbbell,3,2,random
1160,44.9934201443465,0.99,0.2408351079597323,0.9666666666666667,0.4151371610707987,0.0625,5.057336807250977,0.13406229805434278,0.0,5.236419677734375,dumbbell,3,2,random
1413,45.44253688655823,0.99,0.2781275729696853,0.9666666666666667,0.4014582018378156,0.0625,5.07663631439209,0.05513031537280559,0.0,5.37431001663208,dumbbell,3,2,random
572,45.80301317641556,0.99,0.48381506502123306,0.9666666666666667,0.13428601968644902,0.0625,5.184471607208252,0.9177973663035901,0.0,5.44251823425293,dumbbell,3,2,random
1001,45.99990059097455,0.99,0.0,0.9666666666666667,0.0627762063106004,0.0,5.034671783447266,0.4779442202921861,0.0,4.796399116516113,dumbbell,3,2,random
1341,46.119206786426425,0.99,0.48244767695898927,0.9666666666666667,0.28885421198954087,0.25,5.246635437011719,0.8412317079910847,0.0,5.476437568664551,dumbbell,3,2,random
599,46.18157932334591,0.99,0.1627237801634519,0.9666666666666667,0.33453027099019045,0.0,4.877215385437012,0.3386071209454082,0.0,5.311760902404785,dumbbell,3,2,random
1429,-124.22097461094185,0.95,0.4413883482312845,1.0,-0.14784408352246675,0.625,5.376810550689697,0.02143220187867355,0.0625,5.221755027770996,dumbbell,4,0,proxy
658,-41.26833952783466,0.95,0.3557873328626,1.0,0.43458010834432187,0.5,5.183999061584473,0.17138501221695945,0.4375,4.087165355682373,dumbbell,4,0,proxy
858,-2.5063014294922756,0.95,0.708265056941858,1.0,0.25285028854437647,0.4375,5.271512985229492,0.07477894087668802,0.0,4.627969741821289,dumbbell,4,0,proxy
259,18.77073292870703,0.95,0.5949296442535204,1.0,0.7916279884553141,0.0,4.591825485229492,0.17984588966027576,0.0,5.406663417816162,dumbbell,4,0,proxy
287,19.86177820867767,0.95,0.34580297368348273,1.0,0.145703615743561,0.3125,5.17436408996582,0.3529138118635843,0.1875,3.7131800651550293,dumbbell,4,0,proxy
309,21.018974740731277,0.95,0.9021232131682014,1.0,0.7660113106592882,0.0,4.958577632904053,0.8358591239979889,0.0,4.921627044677734,dumbbell,4,0,proxy
16,22.41873702949533,0.95,0.7926757321566233,1.0,0.7219872484987112,0.0,4.966938018798828,0.3808077374066727,0.0,5.088074207305908,dumbbell,4,0,proxy
617,23.786151005642594,0.95,0.5160442989644876,1.0,0.7335044855592997,0.0,5.1320695877075195,0.26748359502621444,0.0,5.326567649841309,dumbbell,4,0,proxy
1183,25.20575650968239,0.95,0.8221319001067955,1.0,0.7502558424922405,0.0,4.873773574829102,0.41646866171619895,0.0,5.0673933029174805,dumbbell,4,0,proxy
548,27.18211491458461,0.95,0.5135391741009783,1.0,-0.03979749134794659,0.5625,4.9989213943481445,-0.2558802843765813,0.25,4.2917633056640625,dumbbell,4,0,proxy
76,29.00249346829463,0.95,0.5217586929694996,1.0,0.764016134489326,0.0,5.067299842834473,0.7149512369970266,0.0,5.53879451751709,dumbbell,4,0,proxy
532,30.41647193639673,0.95,0.48635266740586375,1.0,0.4877841066615177,0.0,4.780978202819824,0.34748933538893495,0.0,5.308383941650391,dumbbell,4,0,proxy
723,32.11862276613711,0.95,0.512832808141116,1.0,0.7614241200052139,0.0,5.043797969818115,0.3240050364513255,0.0,5.318214416503906,dumbbell,4,0,proxy
260,33.88239941385354,0.95,0.26242951407490706,1.0,0.4651576211801814,0.0,4.769115924835205,0.5982022197978089,0.0,5.178092002868652,dumbbell,4,0,proxy
457,35.45114581424134,0.95,0.7350163089319037,1.0,0.7216570627032397,0.0,4.641841888427734,0.8878192642299536,0.0,5.101308345794678,dumbbell,4,0,proxy
453,37.05621836307845,0.95,0.39886906807563915,1.0,0.0412267120073633,0.125,4.871736526489258,0.03491799557530503,0.125,5.072736740112305,dumbbell,4,0,proxy
191,38.87980650917191,0.95,0.4141707038109165,1.0,0.3346683599044208,0.0,4.686025619506836,0.2545470868070184,0.0,5.227411270141602,dumbbell,4,0,proxy
729,40.7086271456449,0.95,0.755270003808936,1.0,0.5710906922151301,0.0,4.572032451629639,0.46428807259326843,0.0,4.92996072769165,dumbbell,4,0,proxy
315,42.70837749959867,0.95,0.2522867173348337,1.0,0.47563679423431904,0.0,4.712863922119141,0.5193676035978123,0.0,5.101668357849121,dumbbell,4,0,proxy
795,44.36567792070182,0.95,0.9304122287132125,1.0,0.5661816795012983,0.0,5.105777263641357,0.5720307863133574,0.0,4.950343132019043,dumbbell,4,0,proxy
683,46.66510615905435,0.95,0.3820139159089477,1.0,0.7513299305638858,0.0,4.580943584442139,0.35585722676261544,0.0,4.4779205322265625,dumbbell,4,0,proxy
45,48.44291997521592,0.95,0.38381315341434086,1.0,0.46456789080457084,0.0,4.852650165557861,0.11066936119881263,0.0625,5.147593975067139,dumbbell,4,0,proxy
347,50.393065993904266,0.95,0.43178537868298816,1.0,0.7399306614671798,0.0,4.573781490325928,0.28436714275553415,0.0,4.503484725952148,dumbbell,4,0,proxy
587,52.21490931669625,0.95,0.732184601157631,1.0,0.33838291758610206,0.0625,4.757001876831055,0.28214209348944164,0.0,5.052460193634033,dumbbell,4,0,proxy
711,53.661867570734216,0.95,0.37258250563804995,1.0,0.31323194809099825,0.0,4.686071872711182,0.26695853833743904,0.0,5.031511306762695,dumbbell,4,0,proxy
445,55.53204122592698,0.95,0.7406683307759959,1.0,0.367367103908156,0.0,5.063758850097656,0.7321989224973595,0.0,5.061030864715576,dumbbell,4,0,proxy
825,56.933720278313174,0.95,0.5058951277211183,1.0,0.7540188299799172,0.0625,4.835931777954102,0.13171238473363678,0.0,4.876285552978516,dumbbell,4,0,proxy
937,58.177177523815786,0.95,0.543228894572126,1.0,0.5668446948260957,0.0625,4.901421546936035,0.20167143524532605,0.125,3.8060975074768066,dumbbell,4,0,proxy
1281,59.71348852756927,0.95,0.7587683695820964,1.0,0.44211260406769765,0.0,4.710536956787109,0.4384856748750035,0.0,5.027999401092529,dumbbell,4,0,proxy
1052,61.3815811776446,0.95,0.4578476428903022,1.0,0.3463297396409011,0.0,4.693831443786621,0.16350054272353337,0.0,4.7432074546813965,dumbbell,4,0,proxy
663,63.026919728047105,0.95,0.903940774531319,1.0,0.42162230486207375,0.0625,4.982019424438477,0.6111444322487865,0.0,4.846856594085693,dumbbell,4,0,proxy
232,64.23072613329994,0.95,0.8291439789275956,1.0,0.7500030232421746,0.0,4.592935562133789,0.5894244285666623,0.0,5.066851615905762,dumbbell,4,0,proxy
1228,65.5373806157595,0.95,1.054069754811696,1.0,0.3808120481431592,0.1875,4.614413738250732,0.6400641586474918,0.0,3.983670234680176,dumbbell,4,0,proxy
208,66.99517712153488,0.95,0.8729126755725,1.0,0.40719557118385474,0.0,4.59881067276001,0.4334450662922104,0.0,4.520905017852783,dumbbell,4,0,proxy
632,68.6399431002526,0.95,0.5447190566303703,1.0,0.17891130127289093,0.125,4.690051555633545,0.19225165775015918,0.0,4.830243110656738,dumbbell,4,0,proxy
1003,70.0240792685493,0.95,0.36362010149718826,1.0,0.09254183933943678,0.0625,4.694287300109863,0.21953372346595515,0.0,5.0289435386657715,dumbbell,4,0,proxy
218,71.32024137860758,0.95,0.310143975517294,1.0,0.49801438472482096,0.0625,4.583282470703125,0.38649903169693633,0.0,5.125382423400879,dumbbell,4,0,proxy
185,72.15227538141214,0.95,0.28433545674456656,1.0,0.007814774255518617,0.0625,4.527583122253418,0.3752163577802409,0.0625,5.086826801300049,dumbbell,4,0,proxy
157,73.35409518317233,0.95,0.8099150963058265,1.0,0.0010794886570085899,0.0625,4.527895927429199,0.618048691467185,0.0,4.644712448120117,dumbbell,4,0,proxy
266,74.30845590672851,0.95,0.6903548674672275,1.0,-0.1681047924090545,0.0,4.598704814910889,0.4460657872406163,0.0,5.436112403869629,dumbbell,4,0,proxy
826,75.16876133231663,0.95,0.0,1.0,0.2065956058794136,0.125,4.421100616455078,0.5451832785183661,0.0,4.751535415649414,dumbbell,4,0,proxy
284,75.57300477880315,0.95,0.0,1.0,0.7263642242379744,0.0,4.37198543548584,0.7040325480305478,0.0,2.8324050903320312,dumbbell,4,0,proxy
1330,76.14862705922984,0.95,0.7419210460625514,1.0,0.2758524165532103,0.0625,4.623170852661133,0.6606282794289693,0.0,5.174458026885986,dumbbell,4,0,proxy
484,76.78270529710801,0.95,0.6677878224535263,1.0,0.31926620594529553,0.0625,5.0180158615112305,0.3593129861929322,0.0,3.9412431716918945,dumbbell,4,0,proxy
618,77.0953745690754,0.95,0.5501277510760023,1.0,0.31708344759607754,0.0625,4.769083023071289,0.7580693889057737,0.0,5.4082818031311035,dumbbell,4,0,proxy
1479,77.39583562834444,0.95,0.4793088085506778,1.0,0.4449561583170195,0.0625,4.869042873382568,0.16216261302666618,0.0,4.909698486328125,dumbbell,4,0,proxy
1392,77.58133894518299,0.95,0.36656561265993076,1.0,0.496571190365299,0.25,4.78814697265625,0.41445299175341,0.0,4.506734848022461,dumbbell,4,0,proxy
670,77.72251132236879,0.95,0.0,1.0,0.23115485144097864,0.0625,4.404974460601807,0.5636459922180999,0.0,4.6711320877075195,dumbbell,4,0,proxy
1429,-124.22097461094185,0.99,0.4413883482312845,1.0,-0.14784408352246675,0.625,5.376810550689697,0.2954332474934105,0.0,5.256017208099365,dumbbell,4,0,proxy
658,-41.26833952783466,0.99,0.3557873328626,1.0,0.43458010834432187,0.5,5.183999061584473,-0.005859945229379049,0.0,4.9391350746154785,dumbbell,4,0,proxy
858,-2.5063014294922756,0.99,0.708265056941858,1.0,0.25285028854437647,0.4375,5.271512985229492,-0.22665915614763277,0.0,6.119818210601807,dumbbell,4,0,proxy
259,18.77073292870703,0.99,0.5949296442535204,1.0,0.7916279884553141,0.0,4.591825485229492,0.2898509007763774,0.0,5.469404220581055,dumbbell,4,0,proxy
287,19.86177820867767,0.99,0.34580297368348273,1.0,0.145703615743561,0.3125,5.17436408996582,0.09727931752710334,0.0,4.34229850769043,dumbbell,4,0,proxy
309,21.018974740731277,0.99,0.9021232131682014,1.0,0.7660113106592882,0.0,4.958577632904053,0.2158086582622769,0.0,5.776861667633057,dumbbell,4,0,proxy
16,22.41873702949533,0.99,0.7926757321566233,1.0,0.7219872484987112,0.0,4.966938018798828,0.1070774788167486,0.0,5.8580193519592285,dumbbell,4,0,proxy
617,23.786151005642594,0.99,0.5160442989644876,1.0,0.7335044855592997,0.0,5.1320695877075195,-0.09203964925226953,0.0,5.249210834503174,dumbbell,4,0,proxy
1183,25.20575650968239,0.99,0.8221319001067955,1.0,0.7502558424922405,0.0,4.873773574829102,0.16626234281447677,0.0,5.840351104736328,dumbbell,4,0,proxy
548,27.18211491458461,0.99,0.5135391741009783,1.0,-0.03979749134794659,0.5625,4.9989213943481445,0.07784711435230958,0.0625,4.912930488586426,dumbbell,4,0,proxy
76,29.00249346829463,0.99,0.5217586929694996,1.0,0.764016134489326,0.0,5.067299842834473,0.20309232614327777,0.0,5.409505844116211,dumbbell,4,0,proxy
532,30.41647193639673,0.99,0.48635266740586375,1.0,0.4877841066615177,0.0,4.780978202819824,0.14360454630100628,0.0,5.246936798095703,dumbbell,4,0,proxy
723,32.11862276613711,0.99,0.512832808141116,1.0,0.7614241200052139,0.0,5.043797969818115,-0.026986247720259343,0.0,5.235906600952148,dumbbell,4,0,proxy
260,33.88239941385354,0.99,0.26242951407490706,1.0,0.4651576211801814,0.0,4.769115924835205,0.4505905856197301,0.0,5.210475921630859,dumbbell,4,0,proxy
457,35.45114581424134,0.99,0.7350163089319037,1.0,0.7216570627032397,0.0,4.641841888427734,0.26787392986102765,0.0,5.944891929626465,dumbbell,4,0,proxy
453,37.05621836307845,0.99,0.39886906807563915,1.0,0.0412267120073633,0.125,4.871736526489258,0.3987383443750858,0.0,5.108119010925293,dumbbell,4,0,proxy
191,38.87980650917191,0.99,0.4141707038109165,1.0,0.3346683599044208,0.0,4.686025619506836,0.3258901224032228,0.0,5.197722434997559,dumbbell,4,0,proxy
729,40.7086271456449,0.99,0.755270003808936,1.0,0.5710906922151301,0.0,4.572032451629639,0.41471848249717724,0.0,5.286725044250488,dumbbell,4,0,proxy
315,42.70837749959867,0.99,0.2522867173348337,1.0,0.47563679423431904,0.0,4.712863922119141,0.21982284267542054,0.0,5.090932369232178,dumbbell,4,0,proxy
795,44.36567792070182,0.99,0.9304122287132125,1.0,0.5661816795012983,0.0,5.105777263641357,0.4557200779828065,0.0,5.826688289642334,dumbbell,4,0,proxy
683,46.66510615905435,0.99,0.3820139159089477,1.0,0.7513299305638858,0.0,4.580943584442139,0.09686134502242602,0.0,4.351934909820557,dumbbell,4,0,proxy
45,48.44291997521592,0.99,0.38381315341434086,1.0,0.46456789080457084,0.0,4.852650165557861,0.2860083533348041,0.0,5.039265155792236,dumbbell,4,0,proxy
347,50.393065993904266,0.99,0.43178537868298816,1.0,0.7399306614671798,0.0,4.573781490325928,0.07267866636414953,0.0,4.3690385818481445,dumbbell,4,0,proxy
587,52.21490931669625,0.99,0.732184601157631,1.0,0.33838291758610206,0.0625,4.757001876831055,0.49423107174344205,0.0,5.9415693283081055,dumbbell,4,0,proxy
711,53.661867570734216,0.99,0.37258250563804995,1.0,0.31323194809099825,0.0,4.686071872711182,0.01460778792391304,0.0,4.9252753257751465,dumbbell,4,0,proxy
445,55.53204122592698,0.99,0.7406683307759959,1.0,0.367367103908156,0.0,5.063758850097656,0.364165626613172,0.0,5.930581569671631,dumbbell,4,0,proxy
825,56.933720278313174,0.99,0.5058951277211183,1.0,0.7540188299799172,0.0625,4.835931777954102,0.3194594013088083,0.0,4.800896644592285,dumbbell,4,0,proxy
937,58.177177523815786,0.99,0.543228894572126,1.0,0.5668446948260957,0.0625,4.901421546936035,-0.11954962784067724,0.0,5.140553951263428,dumbbell,4,0,proxy
1281,59.71348852756927,0.99,0.7587683695820964,1.0,0.44211260406769765,0.0,4.710536956787109,0.25412594187250065,0.0,5.206518650054932,dumbbell,4,0,proxy
1052,61.3815811776446,0.99,0.4578476428903022,1.0,0.3463297396409011,0.0,4.693831443786621,0.4055844708393479,0.0,4.791762828826904,dumbbell,4,0,proxy
663,63.026919728047105,0.99,0.903940774531319,1.0,0.42162230486207375,0.0625,4.982019424438477,0.15434843998887604,0.0,5.849719524383545,dumbbell,4,0,proxy
232,64.23072613329994,0.99,0.8291439789275956,1.0,0.7500030232421746,0.0,4.592935562133789,0.41367762620127946,0.0,5.1420745849609375,dumbbell,4,0,proxy
1228,65.5373806157595,0.99,1.054069754811696,1.0,0.3808120481431592,0.1875,4.614413738250732,0.20010119671653626,0.0,5.838409423828125,dumbbell,4,0,proxy
208,66.99517712153488,0.99,0.8729126755725,1.0,0.40719557118385474,0.0,4.59881067276001,0.17845242536909683,0.0,5.791481971740723,dumbbell,4,0,proxy
632,68.6399431002526,0.99,0.5447190566303703,1.0,0.17891130127289093,0.125,4.690051555633545,-0.10481343028674131,0.0,5.0279011726379395,dumbbell,4,0,proxy
1003,70.0240792685493,0.99,0.36362010149718826,1.0,0.09254183933943678,0.0625,4.694287300109863,0.15618965728771966,0.0,4.932730674743652,dumbbell,4,0,proxy
218,71.32024137860758,0.99,0.310143975517294,1.0,0.49801438472482096,0.0625,4.583282470703125,0.204713032304779,0.0,5.087615966796875,dumbbell,4,0,proxy
185,72.15227538141214,0.99,0.28433545674456656,1.0,0.007814774255518617,0.0625,4.527583122253418,0.02082264290478822,0.0,5.161706924438477,dumbbell,4,0,proxy
157,73.35409518317233,0.99,0.8099150963058265,1.0,0.0010794886570085899,0.0625,4.527895927429199,0.26840091118705345,0.0,5.87753963470459,dumbbell,4,0,proxy
266,74.30845590672851,0.99,0.6903548674672275,1.0,-0.1681047924090545,0.0,4.598704814910889,0.3133970262526538,0.0,5.489752769470215,dumbbell,4,0,proxy
826,75.16876133231663,0.99,0.0,1.0,0.2065956058794136,0.125,4.421100616455078,0.1709957682777778,0.0,4.757725238800049,dumbbell,4,0,proxy
284,75.57300477880315,0.99,0.0,1.0,0.7263642242379744,0.0,4.37198543548584,0.6440671272465956,0.5625,4.770895957946777,dumbbell,4,0,proxy
1330,76.14862705922984,0.99,0.7419210460625514,1.0,0.2758524165532103,0.0625,4.623170852661133,0.5261460185156466,0.0,5.271664619445801,dumbbell,4,0,proxy
484,76.78270529710801,0.99,0.6677878224535263,1.0,0.31926620594529553,0.0625,5.0180158615112305,0.211474340774766,0.0,5.966784477233887,dumbbell,4,0,proxy
618,77.0953745690754,0.99,0.5501277510760023,1.0,0.31708344759607754,0.0625,4.769083023071289,0.11322306636147207,0.0,5.408113479614258,dumbbell,4,0,proxy
1479,77.39583562834444,0.99,0.4793088085506778,1.0,0.4449561583170195,0.0625,4.869042873382568,0.2887463743063161,0.0,4.81970739364624,dumbbell,4,0,proxy
1392,77.58133894518299,0.99,0.36656561265993076,1.0,0.496571190365299,0.25,4.78814697265625,-0.05675037498721636,0.0,4.357714653015137,dumbbell,4,0,proxy
670,77.72251132236879,0.99,0.0,1.0,0.23115485144097864,0.0625,4.404974460601807,0.16997061233967217,0.0,4.7022809982299805,dumbbell,4,0,proxy
1429,-124.22097461094185,0.95,0.3630340794937831,0.8833333333333333,-0.14784408352246675,0.625,5.376810550689697,-0.326176975647972,0.625,4.756134033203125,dumbbell,4,0,random
658,-41.26833952783466,0.95,0.1486540653717925,0.8833333333333333,0.43458010834432187,0.5,5.183999061584473,0.33866559659762296,0.0,4.806928634643555,dumbbell,4,0,random
858,-2.5063014294922756,0.95,0.23330594905137264,0.8833333333333333,0.25285028854437647,0.4375,5.271512985229492,0.35975437935234006,0.0,5.048883438110352,dumbbell,4,0,random
259,18.77073292870703,0.95,0.2004503832893162,0.8833333333333333,0.7916279884553141,0.0,4.591825485229492,0.511062425005606,0.0,5.133908271789551,dumbbell,4,0,random
287,19.86177820867767,0.95,0.2756947909661841,0.8833333333333333,0.145703615743561,0.3125,5.17436408996582,0.05784859552143326,0.0625,4.805245876312256,dumbbell,4,0,random
309,21.018974740731277,0.95,0.18038933734456536,0.8833333333333333,0.7660113106592882,0.0,4.958577632904053,0.5240892829838844,0.0,4.670357704162598,dumbbell,4,0,random
16,22.41873702949533,0.95,0.4493983526725382,0.8833333333333333,0.7219872484987112,0.0,4.966938018798828,0.4847708095980615,0.0,5.2544050216674805,dumbbell,4,0,random
617,23.786151005642594,0.95,0.26437114294727715,0.8833333333333333,0.7335044855592997,0.0,5.1320695877075195,-0.11520119177747452,0.0,5.028570175170898,dumbbell,4,0,random
1183,25.20575650968239,0.95,0.0,0.8833333333333333,0.7502558424922405,0.0,4.873773574829102,0.5628020316605533,0.0,3.319098949432373,dumbbell,4,0,random
548,27.18211491458461,0.95,0.3746352808555059,0.8833333333333333,-0.03979749134794659,0.5625,4.9989213943481445,-0.04597661231887888,0.25,4.1167216300964355,dumbbell,4,0,random
76,29.00249346829463,0.95,0.41508615905892593,0.8833333333333333,0.764016134489326,0.0,5.067299842834473,0.14154408657900308,0.0,5.415740966796875,dumbbell,4,0,random
532,30.41647193639673,0.95,0.6244457720094855,0.8833333333333333,0.4877841066615177,0.0,4.780978202819824,0.5508624973209639,0.0,3.3798487186431885,dumbbell,4,0,random
723,32.11862276613711,0.95,0.38311407683009024,0.8833333333333333,0.7614241200052139,0.0,5.043797969818115,-0.11374055876976097,0.0,5.230863571166992,dumbbell,4,0,random
260,33.88239941385354,0.95,0.4823501298744637,0.8833333333333333,0.4651576211801814,0.0,4.769115924835205,0.05250930924224806,0.0,5.289347171783447,dumbbell,4,0,random
457,35.45114581424134,0.95,0.4009390140741274,0.8833333333333333,0.7216570627032397,0.0,4.641841888427734,0.2309816092267269,0.0,4.739919662475586,dumbbell,4,0,random
453,37.05621836307845,0.95,0.0,0.8833333333333333,0.0412267120073633,0.125,4.871736526489258,0.4664988570427736,0.0,4.198441982269287,dumbbell,4,0,random
191,38.87980650917191,0.95,0.46213996892139986,0.8833333333333333,0.3346683599044208,0.0,4.686025619506836,-0.1279638063944445,0.0,5.421890735626221,dumbbell,4,0,random
729,40.7086271456449,0.95,0.0,0.8833333333333333,0.5710906922151301,0.0,4.572032451629639,0.5332190877290405,0.0,4.243582248687744,dumbbell,4,0,random
315,42.70837749959867,0.95,0.40686235654326136,0.8833333333333333,0.47563679423431904,0.0,4.712863922119141,0.5129245416265955,0.0,5.398326396942139,dumbbell,4,0,random
795,44.36567792070182,0.95,0.12752366936107462,0.8833333333333333,0.5661816795012983,0.0,5.105777263641357,0.6005123010523987,0.0,4.354881286621094,dumbbell,4,0,random
683,46.66510615905435,0.95,0.4561371474126855,0.8833333333333333,0.7513299305638858,0.0,4.580943584442139,0.11481701065839216,0.0,5.123507499694824,dumbbell,4,0,random
45,48.44291997521592,0.95,0.39160207207588776,0.8833333333333333,0.46456789080457084,0.0,4.852650165557861,-0.10525949252124633,0.0,5.307201385498047,dumbbell,4,0,random
347,50.393065993904266,0.95,0.42598504300423523,0.8833333333333333,0.7399306614671798,0.0,4.573781490325928,0.27220908844735947,0.0,4.462474822998047,dumbbell,4,0,random
587,52.21490931669625,0.95,0.26452407885632956,0.8833333333333333,0.33838291758610206,0.0625,4.757001876831055,0.20830525711825232,0.0,4.677478313446045,dumbbell,4,0,random
711,53.661867570734216,0.95,0.3585485762098226,0.8833333333333333,0.31323194809099825,0.0,4.686071872711182,-0.16704707197711918,0.0625,5.049881458282471,dumbbell,4,0,random
445,55.53204122592698,0.95,0.21072875633858087,0.8833333333333333,0.367367103908156,0.0,5.063758850097656,0.36772971377175606,0.0,4.96369743347168,dumbbell,4,0,random
825,56.933720278313174,0.95,0.0,0.8833333333333333,0.7540188299799172,0.0625,4.835931777954102,0.665529257485472,0.0,3.8727211952209473,dumbbell,4,0,random
937,58.177177523815786,0.95,0.4840350217108354,0.8833333333333333,0.5668446948260957,0.0625,4.901421546936035,0.21507535557695787,0.0,5.236973762512207,dumbbell,4,0,random
1281,59.71348852756927,0.95,0.23448823271125113,0.8833333333333333,0.44211260406769765,0.0,4.710536956787109,0.25412691273093335,0.0,5.371173858642578,dumbbell,4,0,random
1052,61.3815811776446,0.95,0.5132264246423129,0.8833333333333333,0.3463297396409011,0.0,4.693831443786621,0.41462861423832525,0.0,4.129322528839111,dumbbell,4,0,random
663,63.026919728047105,0.95,0.3577774564093324,0.8833333333333333,0.42162230486207375,0.0625,4.982019424438477,0.008406252621595417,0.125,4.752812385559082,dumbbell,4,0,random
232,64.23072613329994,0.95,0.26224273083031,0.8833333333333333,0.7500030232421746,0.0,4.592935562133789,0.2520939220421053,0.0,5.251216888427734,dumbbell,4,0,random
1228,65.5373806157595,0.95,0.491442575223472,0.8833333333333333,0.3808120481431592,0.1875,4.614413738250732,0.24271241861328202,0.0,5.052932262420654,dumbbell,4,0,random
208,66.99517712153488,0.95,0.16275382145584136,0.8833333333333333,0.40719557118385474,0.0,4.59881067276001,0.37712281969290956,0.0,4.172524452209473,dumbbell,4,0,random
632,68.6399431002526,0.95,0.6610641735356804,0.8833333333333333,0.17891130127289093,0.125,4.690051555633545,0.43816404030097666,0.0,3.189204454421997,dumbbell,4,0,random
1003,70.0240792685493,0.95,0.36362010149718826,0.8833333333333333,0.09254183933943678,0.0625,4.694287300109863,0.03916846985825975,0.25,4.654415607452393,dumbbell,4,0,random
218,71.32024137860758,0.95,0.4118318362479376,0.8833333333333333,0.49801438472482096,0.0625,4.583282470703125,-0.010533663642024904,0.0,5.381347179412842,dumbbell,4,0,random
185,72.15227538141214,0.95,0.562987353865277,0.8833333333333333,0.007814774255518617,0.0625,4.527583122253418,0.6586182960393365,0.0,4.461953163146973,dumbbell,4,0,random
157,73.35409518317233,0.95,0.25171846174810103,0.8833333333333333,0.0010794886570085899,0.0625,4.527895927429199,0.30777116170851254,0.0,4.856732368469238,dumbbell,4,0,random
266,74.30845590672851,0.95,0.21506595790622843,0.8833333333333333,-0.1681047924090545,0.0,4.598704814910889,0.2494903022608025,0.0,5.290212631225586,dumbbell,4,0,random
826,75.16876133231663,0.95,0.14751338449932885,0.8833333333333333,0.2065956058794136,0.125,4.421100616455078,0.3103394989741281,0.0,4.905005931854248,dumbbell,4,0,random
284,75.57300477880315,0.95,0.16610650321090842,0.8833333333333333,0.7263642242379744,0.0,4.37198543548584,0.24347572819705526,0.0,4.949484825134277,dumbbell,4,0,random
1330,76.14862705922984,0.95,0.1771714460000303,0.8833333333333333,0.2758524165532103,0.0625,4.623170852661133,0.34027634254068995,0.0,5.14490270614624,dumbbell,4,0,random
484,76.78270529710801,0.95,0.42492291336696963,0.8833333333333333,0.31926620594529553,0.0625,5.0180158615112305,0.08823110309052185,0.0,5.005032539367676,dumbbell,4,0,random
618,77.0953745690754,0.95,0.19772352477620964,0.8833333333333333,0.31708344759607754,0.0625,4.769083023071289,0.3987071383610397,0.0,5.177700042724609,dumbbell,4,0,random
1479,77.39583562834444,0.95,0.35940770864374383,0.8833333333333333,0.4449561583170195,0.0625,4.869042873382568,-0.08916899178093343,0.5625,4.391088485717773,dumbbell,4,0,random
1392,77.58133894518299,0.95,0.4901280501284043,0.8833333333333333,0.496571190365299,0.25,4.78814697265625,0.2173415564541927,0.0,3.195452928543091,dumbbell,4,0,random
670,77.72251132236879,0.95,0.45502791132762294,0.8833333333333333,0.23115485144097864,0.0625,4.404974460601807,-0.05169964088178751,0.0,5.462971210479736,dumbbell,4,0,random
1429,-124.22097461094185,0.99,0.3630340794937831,0.8833333333333333,-0.14784408352246675,0.625,5.376810550689697,-0.02052965260487015,0.0,4.772052764892578,dumbbell,4,0,random
658,-41.26833952783466,0.99,0.1486540653717925,0.8833333333333333,0.43458010834432187,0.5,5.183999061584473,0.2791309669332091,0.0,5.118240833282471,dumbbell,4,0,random
858,-2.5063014294922756,0.99,0.23330594905137264,0.8833333333333333,0.25285028854437647,0.4375,5.271512985229492,0.2143464495456182,0.0,5.38388204574585,dumbbell,4,0,random
259,18.77073292870703,0.99,0.2004503832893162,0.8833333333333333,0.7916279884553141,0.0,4.591825485229492,0.40636314115533345,0.0,5.1263837814331055,dumbbell,4,0,random
287,19.86177820867767,0.99,0.2756947909661841,0.8833333333333333,0.145703615743561,0.3125,5.17436408996582,0.3697057313648494,0.0,4.894680500030518,dumbbell,4,0,random
309,21.018974740731277,0.99,0.18038933734456536,0.8833333333333333,0.7660113106592882,0.0,4.958577632904053,0.4058829819909696,0.0,5.025815486907959,dumbbell,4,0,random
16,22.41873702949533,0.99,0.4493983526725382,0.8833333333333333,0.7219872484987112,0.0,4.966938018798828,0.4632071841564003,0.0,3.8545989990234375,dumbbell,4,0,random
617,23.786151005642594,0.99,0.26437114294727715,0.8833333333333333,0.7335044855592997,0.0,5.1320695877075195,0.6841583491604737,0.0,5.092272758483887,dumbbell,4,0,random
1183,25.20575650968239,0.99,0.0,0.8833333333333333,0.7502558424922405,0.0,4.873773574829102,0.6127922331097797,0.0,3.9637608528137207,dumbbell,4,0,random
548,27.18211491458461,0.99,0.3746352808555059,0.8833333333333333,-0.03979749134794659,0.5625,4.9989213943481445,-0.06222541796238605,0.0,4.7967848777771,dumbbell,4,0,random
76,29.00249346829463,0.99,0.41508615905892593,0.8833333333333333,0.764016134489326,0.0,5.067299842834473,0.06360356633661778,0.0,4.904355049133301,dumbbell,4,0,random
532,30.41647193639673,0.99,0.6244457720094855,0.8833333333333333,0.4877841066615177,0.0,4.780978202819824,0.503121724255222,0.0,0.33280816674232483,dumbbell,4,0,random
723,32.11862276613711,0.99,0.38311407683009024,0.8833333333333333,0.7614241200052139,0.0,5.043797969818115,0.12495043107023357,0.0,4.716641902923584,dumbbell,4,0,random
260,33.88239941385354,0.99,0.4823501298744637,0.8833333333333333,0.4651576211801814,0.0,4.769115924835205,0.5216380224341604,0.0,2.7084460258483887,dumbbell,4,0,random
457,35.45114581424134,0.99,0.4009390140741274,0.8833333333333333,0.7216570627032397,0.0,4.641841888427734,0.19351502205721827,0.0,4.1451311111450195,dumbbell,4,0,random
453,37.05621836307845,0.99,0.0,0.8833333333333333,0.0412267120073633,0.125,4.871736526489258,0.4560940528643136,0.0,4.113623142242432,dumbbell,4,0,random
191,38.87980650917191,0.99,0.46213996892139986,0.8833333333333333,0.3346683599044208,0.0,4.686025619506836,-0.032967608957345115,0.0,4.6141862869262695,dumbbell,4,0,random
729,40.7086271456449,0.99,0.0,0.8833333333333333,0.5710906922151301,0.0,4.572032451629639,0.5297720068327392,0.0,4.040637016296387,dumbbell,4,0,random
315,42.70837749959867,0.99,0.40686235654326136,0.8833333333333333,0.47563679423431904,0.0,4.712863922119141,0.11463500033219122,0.0,4.911674499511719,dumbbell,4,0,random
795,44.36567792070182,0.99,0.12752366936107462,0.8833333333333333,0.5661816795012983,0.0,5.105777263641357,0.4473211376144618,0.0,4.723514556884766,dumbbell,4,0,random
683,46.66510615905435,0.99,0.4561371474126855,0.8833333333333333,0.7513299305638858,0.0,4.580943584442139,0.7921591961871239,0.0,3.535473346710205,dumbbell,4,0,random
45,48.44291997521592,0.99,0.39160207207588776,0.8833333333333333,0.46456789080457084,0.0,4.852650165557861,0.12986032447450396,0.0,4.749399662017822,dumbbell,4,0,random
347,50.393065993904266,0.99,0.42598504300423523,0.8833333333333333,0.7399306614671798,0.0,4.573781490325928,0.19247079688145224,0.0,2.646841526031494,dumbbell,4,0,random
587,52.21490931669625,0.99,0.26452407885632956,0.8833333333333333,0.33838291758610206,0.0625,4.757001876831055,0.48391420737992347,0.0,5.111190319061279,dumbbell,4,0,random
711,53.661867570734216,0.99,0.3585485762098226,0.8833333333333333,0.31323194809099825,0.0,4.686071872711182,0.241314340478205,0.0,4.588258743286133,dumbbell,4,0,random
445,55.53204122592698,0.99,0.21072875633858087,0.8833333333333333,0.367367103908156,0.0,5.063758850097656,0.12625737679759713,0.0,5.155064582824707,dumbbell,4,0,random
825,56.933720278313174,0.99,0.0,0.8833333333333333,0.7540188299799172,0.0625,4.835931777954102,0.5930660291371137,0.0,4.119637966156006,dumbbell,4,0,random
937,58.177177523815786,0.99,0.4840350217108354,0.8833333333333333,0.5668446948260957,0.0625,4.901421546936035,0.6581771264558776,0.0,3.3903465270996094,dumbbell,4,0,random
1281,59.71348852756927,0.99,0.23448823271125113,0.8833333333333333,0.44211260406769765,0.0,4.710536956787109,0.6327209970370883,0.0,5.296227931976318,dumbbell,4,0,random
1052,61.3815811776446,0.99,0.5132264246423129,0.8833333333333333,0.3463297396409011,0.0,4.693831443786621,0.48570726299397315,0.0,0.8186759948730469,dumbbell,4,0,random
663,63.026919728047105,0.99,0.3577774564093324,0.8833333333333333,0.42162230486207375,0.0625,4.982019424438477,0.31418892886241034,0.0,4.366508960723877,dumbbell,4,0,random
232,64.23072613329994,0.99,0.26224273083031,0.8833333333333333,0.7500030232421746,0.0,4.592935562133789,0.7255339474389286,0.0,5.20670223236084,dumbbell,4,0,random
1228,65.5373806157595,0.99,0.491442575223472,0.8833333333333333,0.3808120481431592,0.1875,4.614413738250732,0.3239212354837494,0.0,2.4874444007873535,dumbbell,4,0,random
208,66.99517712153488,0.99,0.16275382145584136,0.8833333333333333,0.40719557118385474,0.0,4.59881067276001,0.45740299260089873,0.0625,4.850533485412598,dumbbell,4,0,random
632,68.6399431002526,0.99,0.6610641735356804,0.8833333333333333,0.17891130127289093,0.125,4.690051555633545,0.5635663445996891,0.0,0.4254860281944275,dumbbell,4,0,random
1003,70.0240792685493,0.99,0.36362010149718826,0.8833333333333333,0.09254183933943678,0.0625,4.694287300109863,0.09937810234104695,0.0,4.227840900421143,dumbbell,4,0,random
218,71.32024137860758,0.99,0.4118318362479376,0.8833333333333333,0.49801438472482096,0.0625,4.583282470703125,0.15448949411332172,0.0,4.8772807121276855,dumbbell,4,0,random
185,72.15227538141214,0.99,0.562987353865277,0.8833333333333333,0.007814774255518617,0.0625,4.527583122253418,0.6089608515804614,0.0,0.896048367023468,dumbbell,4,0,random
157,73.35409518317233,0.99,0.25171846174810103,0.8833333333333333,0.0010794886570085899,0.0625,4.527895927429199,0.2970649244438456,0.0,5.116150856018066,dumbbell,4,0,random
266,74.30845590672851,0.99,0.21506595790622843,0.8833333333333333,-0.1681047924090545,0.0,4.598704814910889,0.30893568695621243,0.0,5.288958549499512,dumbbell,4,0,random
826,75.16876133231663,0.99,0.14751338449932885,0.8833333333333333,0.2065956058794136,0.125,4.421100616455078,0.3839934447394443,0.0,4.878301620483398,dumbbell,4,0,random
284,75.57300477880315,0.99,0.16610650321090842,0.8833333333333333,0.7263642242379744,0.0,4.37198543548584,0.3537008852585396,0.0,5.166435718536377,dumbbell,4,0,random
1330,76.14862705922984,0.99,0.1771714460000303,0.8833333333333333,0.2758524165532103,0.0625,4.623170852661133,0.3461451316785222,0.0,5.097508430480957,dumbbell,4,0,random
484,76.78270529710801,0.99,0.42492291336696963,0.8833333333333333,0.31926620594529553,0.0625,5.0180158615112305,0.3315348532835035,0.0,4.010195732116699,dumbbell,4,0,random
618,77.0953745690754,0.99,0.19772352477620964,0.8833333333333333,0.31708344759607754,0.0625,4.769083023071289,0.1101145625383558,0.0,5.139621734619141,dumbbell,4,0,random
1479,77.39583562834444,0.99,0.35940770864374383,0.8833333333333333,0.4449561583170195,0.0625,4.869042873382568,0.2391901997406396,0.0,4.273219585418701,dumbbell,4,0,random
1392,77.58133894518299,0.99,0.4901280501284043,0.8833333333333333,0.496571190365299,0.25,4.78814697265625,0.584031056682405,0.0,1.3367247581481934,dumbbell,4,0,random
670,77.72251132236879,0.99,0.45502791132762294,0.8833333333333333,0.23115485144097864,0.0625,4.404974460601807,0.3431429240186933,0.0,4.298172473907471,dumbbell,4,0,random
1145,-101.75821013469202,0.95,0.6463771357035083,1.0,0.06017141936456001,0.6875,5.297884464263916,0.2601956600253302,0.0625,5.212472915649414,dumbbell,4,1,proxy
1120,-25.02363663815223,0.95,0.6373420066088388,1.0,0.2831859905747344,0.3125,5.257693290710449,0.12611646434808227,0.0,5.555133819580078,dumbbell,4,1,proxy
1073,9.529215295097089,0.95,0.8339015429055294,1.0,0.5484215228177638,0.0625,4.980315208435059,0.33757696848996255,0.125,3.460857391357422,dumbbell,4,1,proxy
7,18.896641273675158,0.95,0.5434145356584761,1.0,0.8090631938410047,0.0,4.696891784667969,0.521215842412708,0.0,5.497328281402588,dumbbell,4,1,proxy
275,19.734391664184674,0.95,0.5255812893666402,1.0,0.7822655454671222,0.0,4.6809539794921875,0.3163015411589928,0.0,5.462307929992676,dumbbell,4,1,proxy
934,20.983366895129947,0.95,0.459176621862207,1.0,0.7423415931092892,0.0,4.9423112869262695,0.09737860549174066,0.0,4.180335998535156,dumbbell,4,1,proxy
1070,22.513675367806055,0.95,0.7796768327531399,1.0,0.4618995163316832,0.0625,4.747791290283203,0.3511797778741098,0.0,4.4000139236450195,dumbbell,4,1,proxy
220,24.08244545312524,0.95,0.903980586381042,1.0,0.7448619831802056,0.0,4.940630912780762,0.9043256484438145,0.0,3.9670534133911133,dumbbell,4,1,proxy
410,25.364717166745777,0.95,0.5270237205865981,1.0,0.5648530893782173,0.25,5.014925003051758,0.2713436600091483,0.5,2.9130334854125977,dumbbell,4,1,proxy
316,26.852251252055584,0.95,0.20971088859839773,1.0,0.7746257587523985,0.0,4.871379852294922,0.7432648540763369,0.0,4.953454971313477,dumbbell,4,1,proxy
296,28.59699624854496,0.95,0.7440400162392223,1.0,0.7370751758432503,0.0,4.572147846221924,0.699126289354244,0.0,4.208062171936035,dumbbell,4,1,proxy
339,29.93927203842097,0.95,0.739659913576307,1.0,0.613194686638084,0.0,4.931710243225098,0.5357528810518325,0.0,5.1506571769714355,dumbbell,4,1,proxy
1092,31.734101218547913,0.95,0.7425113348038168,1.0,0.5686629050868287,0.0,4.536017894744873,0.8502399244372856,0.0,4.15059757232666,dumbbell,4,1,proxy
951,33.50678589672378,0.95,0.46418472486226026,1.0,0.5562250777450843,0.0,4.8593549728393555,0.2357683533693168,0.0,3.2453341484069824,dumbbell,4,1,proxy
881,35.278585206284205,0.95,0.21037952310923225,1.0,0.735352816026178,0.0625,4.937254905700684,0.17792523299200452,0.0,4.144404411315918,dumbbell,4,1,proxy
395,37.720727593205254,0.95,0.6733932896767432,1.0,0.7997246718805002,0.0,4.810805320739746,0.5196595424796144,0.0,5.3807172775268555,dumbbell,4,1,proxy
1036,39.279572726370986,0.95,0.5219209891460174,1.0,0.1736377558206018,0.0625,5.068020820617676,-0.09773459850510083,0.0,5.463730812072754,dumbbell,4,1,proxy
732,41.23069263666887,0.95,0.6594661499585528,1.0,0.7545536707580864,0.0,4.6977643966674805,0.4786342525052076,0.0,5.087432861328125,dumbbell,4,1,proxy
904,43.0329860406152,0.95,0.5501850551551101,1.0,0.8221121283656894,0.0,4.712092399597168,0.3656340430311622,0.0,5.497584342956543,dumbbell,4,1,proxy
670,45.14192984402593,0.95,0.2478828553092573,1.0,0.35669615350191053,0.5,5.0598344802856445,0.2591454994641662,0.0,4.134677410125732,dumbbell,4,1,proxy
1373,46.9826191611045,0.95,0.5231192535532263,1.0,0.5899784091478774,0.0,4.942319869995117,0.222532953909309,0.0625,4.141123294830322,dumbbell,4,1,proxy
619,49.01152045874951,0.95,0.46190178300905604,1.0,0.6143415095847351,0.0,4.6890788078308105,0.36341185940683973,0.0,5.3835272789001465,dumbbell,4,1,proxy
1146,50.87801871286378,0.95,0.4215788667138173,1.0,0.7079847896806538,0.0,4.840405464172363,0.23939131483986814,0.0,3.197305679321289,dumbbell,4,1,proxy
1132,52.29986254796569,0.95,0.29871287354970155,1.0,0.7837834496499156,0.0,4.679762840270996,0.30288851078148404,0.0,4.79633903503418,dumbbell,4,1,proxy
169,54.292600041282505,0.95,0.7875312243727731,1.0,0.5758973687496396,0.0,4.863251209259033,0.5579314654104075,0.0,3.6083037853240967,dumbbell,4,1,proxy
12,55.52715987630257,0.95,0.6683817686326594,1.0,0.1628375300521107,0.125,5.146010875701904,0.6869931404744324,0.0,4.264946937561035,dumbbell,4,1,proxy
1028,57.08293710243669,0.95,0.786147060017518,1.0,0.5973805507105916,0.0,4.783095359802246,0.8089355660027057,0.0,3.3658194541931152,dumbbell,4,1,proxy
633,58.758502143973246,0.95,0.6761379283907993,1.0,0.31698188369817576,0.0625,4.690984725952148,0.09464726607999281,0.0,5.310550689697266,dumbbell,4,1,proxy
1296,59.87372278091335,0.95,0.7479769595476043,1.0,0.4385138650730428,0.0,4.9232635498046875,0.7197556939858574,0.0,4.314440727233887,dumbbell,4,1,proxy
1304,61.21894267751049,0.95,0.45267781632286097,1.0,0.7587961376834296,0.0,4.5188093185424805,0.07722662807807722,0.0,5.452805042266846,dumbbell,4,1,proxy
229,62.515481545064894,0.95,0.2846677018303762,1.0,-0.08250519644721378,0.125,4.738278388977051,0.4799950023661557,0.0,4.873012542724609,dumbbell,4,1,proxy
133,63.61510044719184,0.95,0.6418817011169725,1.0,0.7970614725125266,0.0625,4.900272369384766,0.5670295224569297,0.0,5.553194999694824,dumbbell,4,1,proxy
703,64.83670509965583,0.95,0.564184266453137,1.0,0.6371992206366175,0.0,4.812496185302734,0.2940290489644452,0.0,5.483053207397461,dumbbell,4,1,proxy
943,66.42589692040637,0.95,0.5300540739482538,1.0,0.6016749486372397,0.125,4.839579105377197,0.12472622643768136,0.0,5.491292953491211,dumbbell,4,1,proxy
307,67.72148955355694,0.95,0.0,1.0,0.6096656246475591,0.0,4.318679332733154,0.6921621148259738,0.0,4.472938060760498,dumbbell,4,1,proxy
579,68.68453028204311,0.95,0.1391193763232422,1.0,0.04954781574131112,0.0625,4.526491165161133,0.662882324758558,0.0,4.787933349609375,dumbbell,4,1,proxy
260,69.6944167376354,0.95,0.8522029844297976,1.0,0.21230913518791755,0.0,4.791300296783447,0.5935168909039175,0.0,3.567117691040039,dumbbell,4,1,proxy
221,70.39349018194828,0.95,0.736514097220556,1.0,0.3676302290347664,0.0,5.009936332702637,0.8303412083862357,0.0,4.096508979797363,dumbbell,4,1,proxy
1154,71.35688760677772,0.95,0.209677838557063,1.0,0.7440426871922179,0.0625,4.6541619300842285,0.15480603623077316,0.0,4.0145697593688965,dumbbell,4,1,proxy
726,72.15547401719849,0.95,0.5722344057693656,1.0,0.4861554986424147,0.0,4.672271728515625,0.006159551916907063,0.0,5.670348167419434,dumbbell,4,1,proxy
960,73.06525045320939,0.95,0.9252640233755304,1.0,-0.06885369067382748,0.0625,4.761714458465576,0.7928075967875318,0.0625,3.340847969055176,dumbbell,4,1,proxy
723,73.7010809520281,0.95,0.5621591300871127,1.0,0.5823599788424311,0.0,4.916182518005371,0.547319765057322,0.0,5.601311206817627,dumbbell,4,1,proxy
1429,74.31099803808569,0.95,0.44391194962682684,1.0,0.4941498744280691,0.0,4.6960601806640625,0.11192507007736692,0.0,5.2029924392700195,dumbbell,4,1,proxy
325,75.09151034751498,0.95,0.20775745044018712,1.0,0.6199257178666491,0.0625,4.568793296813965,0.7480417310094545,0.0,4.997425079345703,dumbbell,4,1,proxy
688,75.62031464520665,0.95,0.5348357596146687,1.0,0.23301930068628135,0.125,4.704857349395752,0.1749362899239504,0.125,3.807629346847534,dumbbell,4,1,proxy
367,75.84758566728313,0.95,0.5028009296404252,1.0,0.6473145074849274,0.0,4.620184898376465,0.3403651370733708,0.0,5.437767028808594,dumbbell,4,1,proxy
1397,76.15564788575453,0.95,0.746501332525244,1.0,0.4065288480010562,0.0625,5.041872024536133,0.8206730873704355,0.0,2.8676648139953613,dumbbell,4,1,proxy
573,76.32380482831442,0.95,0.6225176180218877,1.0,0.5698136360470405,0.0,4.893465995788574,0.6892160350344854,0.0,4.418050289154053,dumbbell,4,1,proxy
1145,-101.75821013469202,0.99,0.6463771357035083,1.0,0.06017141936456001,0.6875,5.297884464263916,-0.140279859619976,0.0,5.375248432159424,dumbbell,4,1,proxy
1120,-25.02363663815223,0.99,0.6373420066088388,1.0,0.2831859905747344,0.3125,5.257693290710449,-0.11401627751306373,0.0,5.37689208984375,dumbbell,4,1,proxy
1073,9.529215295097089,0.99,0.8339015429055294,1.0,0.5484215228177638,0.0625,4.980315208435059,0.3392943724733917,0.0,4.490644454956055,dumbbell,4,1,proxy
7,18.896641273675158,0.99,0.5434145356584761,1.0,0.8090631938410047,0.0,4.696891784667969,0.07970144146964317,0.0,5.269587516784668,dumbbell,4,1,proxy
275,19.734391664184674,0.99,0.5255812893666402,1.0,0.7822655454671222,0.0,4.6809539794921875,-0.2706383622902698,0.0,5.308730602264404,dumbbell,4,1,proxy
934,20.983366895129947,0.99,0.459176621862207,1.0,0.7423415931092892,0.0,4.9423112869262695,0.21682859915172614,0.0,3.964130401611328,dumbbell,4,1,proxy
1070,22.513675367806055,0.99,0.7796768327531399,1.0,0.4618995163316832,0.0625,4.747791290283203,0.2973927725090771,0.0,4.9609375,dumbbell,4,1,proxy
220,24.08244545312524,0.99,0.903980586381042,1.0,0.7448619831802056,0.0,4.940630912780762,0.32243279780189943,0.0,5.20591926574707,dumbbell,4,1,proxy
410,25.364717166745777,0.99,0.5270237205865981,1.0,0.5648530893782173,0.25,5.014925003051758,-0.24916892419536626,0.0625,4.277898788452148,dumbbell,4,1,proxy
316,26.852251252055584,0.99,0.20971088859839773,1.0,0.7746257587523985,0.0,4.871379852294922,0.19469569376006643,0.0,5.001901626586914,dumbbell,4,1,proxy
296,28.59699624854496,0.99,0.7440400162392223,1.0,0.7370751758432503,0.0,4.572147846221924,0.1378630947082197,0.0,5.441890716552734,dumbbell,4,1,proxy
339,29.93927203842097,0.99,0.739659913576307,1.0,0.613194686638084,0.0,4.931710243225098,0.2533903389767744,0.0,5.149423599243164,dumbbell,4,1,proxy
1092,31.734101218547913,0.99,0.7425113348038168,1.0,0.5686629050868287,0.0,4.536017894744873,0.6955232645185044,0.0,5.387362480163574,dumbbell,4,1,proxy
951,33.50678589672378,0.99,0.46418472486226026,1.0,0.5562250777450843,0.0,4.8593549728393555,0.21145120092925979,0.0,3.1129698753356934,dumbbell,4,1,proxy
881,35.278585206284205,0.99,0.21037952310923225,1.0,0.735352816026178,0.0625,4.937254905700684,0.15546382947169235,0.0,3.947667121887207,dumbbell,4,1,proxy
395,37.720727593205254,0.99,0.6733932896767432,1.0,0.7997246718805002,0.0,4.810805320739746,0.06552215473210068,0.0,5.347925186157227,dumbbell,4,1,proxy
1036,39.279572726370986,0.99,0.5219209891460174,1.0,0.1736377558206018,0.0625,5.068020820617676,-0.2158896198203941,0.0,5.36587381362915,dumbbell,4,1,proxy
732,41.23069263666887,0.99,0.6594661499585528,1.0,0.7545536707580864,0.0,4.6977643966674805,0.1340336822653438,0.0,5.296189785003662,dumbbell,4,1,proxy
904,43.0329860406152,0.99,0.5501850551551101,1.0,0.8221121283656894,0.0,4.712092399597168,-0.06620595320949292,0.0,5.28695011138916,dumbbell,4,1,proxy
670,45.14192984402593,0.99,0.2478828553092573,1.0,0.35669615350191053,0.5,5.0598344802856445,0.1842276000611414,0.0,3.848294973373413,dumbbell,4,1,proxy
1373,46.9826191611045,0.99,0.5231192535532263,1.0,0.5899784091478774,0.0,4.942319869995117,-0.12122317273098003,0.0,4.626108169555664,dumbbell,4,1,proxy
619,49.01152045874951,0.99,0.46190178300905604,1.0,0.6143415095847351,0.0,4.6890788078308105,0.05927126389877521,0.0,5.276482105255127,dumbbell,4,1,proxy
1146,50.87801871286378,0.99,0.4215788667138173,1.0,0.7079847896806538,0.0,4.840405464172363,0.25755017274597586,0.0,2.966921329498291,dumbbell,4,1,proxy
1132,52.29986254796569,0.99,0.29871287354970155,1.0,0.7837834496499156,0.0,4.679762840270996,0.03891815445817971,0.0,4.7748847007751465,dumbbell,4,1,proxy
169,54.292600041282505,0.99,0.7875312243727731,1.0,0.5758973687496396,0.0,4.863251209259033,0.22162603046561863,0.0,4.846102714538574,dumbbell,4,1,proxy
12,55.52715987630257,0.99,0.6683817686326594,1.0,0.1628375300521107,0.125,5.146010875701904,0.35246845913375896,0.0,5.553410053253174,dumbbell,4,1,proxy
1028,57.08293710243669,0.99,0.786147060017518,1.0,0.5973805507105916,0.0,4.783095359802246,0.3780975312471924,0.0,4.759804725646973,dumbbell,4,1,proxy
633,58.758502143973246,0.99,0.6761379283907993,1.0,0.31698188369817576,0.0625,4.690984725952148,-0.0901017204494513,0.0,5.360191822052002,dumbbell,4,1,proxy
1296,59.87372278091335,0.99,0.7479769595476043,1.0,0.4385138650730428,0.0,4.9232635498046875,0.2571098175106367,0.0,5.335046768188477,dumbbell,4,1,proxy
1304,61.21894267751049,0.99,0.45267781632286097,1.0,0.7587961376834296,0.0,4.5188093185424805,0.2439488115871088,0.0,5.305646896362305,dumbbell,4,1,proxy
229,62.515481545064894,0.99,0.2846677018303762,1.0,-0.08250519644721378,0.125,4.738278388977051,0.04522442728542758,0.0,4.813417434692383,dumbbell,4,1,proxy
133,63.61510044719184,0.99,0.6418817011169725,1.0,0.7970614725125266,0.0625,4.900272369384766,-0.08411260336464979,0.0,5.360159873962402,dumbbell,4,1,proxy
703,64.83670509965583,0.99,0.564184266453137,1.0,0.6371992206366175,0.0,4.812496185302734,-0.015260400371458316,0.0,5.33577823638916,dumbbell,4,1,proxy
943,66.42589692040637,0.99,0.5300540739482538,1.0,0.6016749486372397,0.125,4.839579105377197,-0.023518178840762113,0.0,5.295616149902344,dumbbell,4,1,proxy
307,67.72148955355694,0.99,0.0,1.0,0.6096656246475591,0.0,4.318679332733154,0.13642879173964506,0.0,4.443173885345459,dumbbell,4,1,proxy
579,68.68453028204311,0.99,0.1391193763232422,1.0,0.04954781574131112,0.0625,4.526491165161133,0.19501428862461517,0.0,4.913169860839844,dumbbell,4,1,proxy
260,69.6944167376354,0.99,0.8522029844297976,1.0,0.21230913518791755,0.0,4.791300296783447,0.25964854875638643,0.0,5.144875526428223,dumbbell,4,1,proxy
221,70.39349018194828,0.99,0.736514097220556,1.0,0.3676302290347664,0.0,5.009936332702637,0.6005410682410216,0.0,4.997113227844238,dumbbell,4,1,proxy
1154,71.35688760677772,0.99,0.209677838557063,1.0,0.7440426871922179,0.0625,4.6541619300842285,0.13501191247745997,0.0,3.881282091140747,dumbbell,4,1,proxy
726,72.15547401719849,0.99,0.5722344057693656,1.0,0.4861554986424147,0.0,4.672271728515625,-0.20781954976278053,0.0,5.317438125610352,dumbbell,4,1,proxy
960,73.06525045320939,0.99,0.9252640233755304,1.0,-0.06885369067382748,0.0625,4.761714458465576,0.2545649029816255,0.0,4.603091716766357,dumbbell,4,1,proxy
723,73.7010809520281,0.99,0.5621591300871127,1.0,0.5823599788424311,0.0,4.916182518005371,-0.08144127984341441,0.0,5.325099945068359,dumbbell,4,1,proxy
1429,74.31099803808569,0.99,0.44391194962682684,1.0,0.4941498744280691,0.0,4.6960601806640625,0.1946538430202347,0.0,5.069699287414551,dumbbell,4,1,proxy
325,75.09151034751498,0.99,0.20775745044018712,1.0,0.6199257178666491,0.0625,4.568793296813965,0.169794876665004,0.0,5.014718055725098,dumbbell,4,1,proxy
688,75.62031464520665,0.99,0.5348357596146687,1.0,0.23301930068628135,0.125,4.704857349395752,-0.18368999625953303,0.125,4.433377742767334,dumbbell,4,1,proxy
367,75.84758566728313,0.99,0.5028009296404252,1.0,0.6473145074849274,0.0,4.620184898376465,-0.18170571721273637,0.0,5.262831687927246,dumbbell,4,1,proxy
1397,76.15564788575453,0.99,0.746501332525244,1.0,0.4065288480010562,0.0625,5.041872024536133,0.4567093909909426,0.0,5.078118324279785,dumbbell,4,1,proxy
573,76.32380482831442,0.99,0.6225176180218877,1.0,0.5698136360470405,0.0,4.893465995788574,0.2562855231642021,0.0,4.958283424377441,dumbbell,4,1,proxy
1145,-101.75821013469202,0.95,0.3773312814683305,0.9833333333333333,0.06017141936456001,0.6875,5.297884464263916,0.11911972734393976,0.75,4.528984069824219,dumbbell,4,1,random
1120,-25.02363663815223,0.95,0.43577051297286185,0.9833333333333333,0.2831859905747344,0.3125,5.257693290710449,-0.14290464564108196,0.0,5.150008201599121,dumbbell,4,1,random
1073,9.529215295097089,0.95,0.2619349226308877,0.9833333333333333,0.5484215228177638,0.0625,4.980315208435059,0.31178965206910103,0.0,5.308852195739746,dumbbell,4,1,random
7,18.896641273675158,0.95,0.256223110782807,0.9833333333333333,0.8090631938410047,0.0,4.696891784667969,0.21354277274289557,0.0,5.090340614318848,dumbbell,4,1,random
275,19.734391664184674,0.95,0.15458454187261247,0.9833333333333333,0.7822655454671222,0.0,4.6809539794921875,0.47631863571462585,0.0,4.802111625671387,dumbbell,4,1,random
934,20.983366895129947,0.95,0.28365898157831687,0.9833333333333333,0.7423415931092892,0.0,4.9423112869262695,0.014612122925697621,0.1875,5.0818939208984375,dumbbell,4,1,random
1070,22.513675367806055,0.95,0.22832414369977846,0.9833333333333333,0.4618995163316832,0.0625,4.747791290283203,0.5203942859986277,0.0,5.074466705322266,dumbbell,4,1,random
220,24.08244545312524,0.95,0.41903296796957057,0.9833333333333333,0.7448619831802056,0.0,4.940630912780762,0.23810900075037156,0.0,5.54947566986084,dumbbell,4,1,random
410,25.364717166745777,0.95,0.4717044802664977,0.9833333333333333,0.5648530893782173,0.25,5.014925003051758,0.04752442684944841,0.0,5.732783794403076,dumbbell,4,1,random
316,26.852251252055584,0.95,0.24331592814845487,0.9833333333333333,0.7746257587523985,0.0,4.871379852294922,0.5825290042157046,0.0,5.135284900665283,dumbbell,4,1,random
296,28.59699624854496,0.95,0.4927755925037091,0.9833333333333333,0.7370751758432503,0.0,4.572147846221924,0.43419163101040065,0.0,5.476408004760742,dumbbell,4,1,random
339,29.93927203842097,0.95,0.17090526267563816,0.9833333333333333,0.613194686638084,0.0,4.931710243225098,0.49579825271381006,0.0,5.043177604675293,dumbbell,4,1,random
1092,31.734101218547913,0.95,0.4102231355559171,0.9833333333333333,0.5686629050868287,0.0,4.536017894744873,0.7586663495836512,0.0,5.507288932800293,dumbbell,4,1,random
951,33.50678589672378,0.95,0.3109470858938487,0.9833333333333333,0.5562250777450843,0.0,4.8593549728393555,0.10196290324410798,0.4375,4.857633590698242,dumbbell,4,1,random
881,35.278585206284205,0.95,0.0,0.9833333333333333,0.735352816026178,0.0625,4.937254905700684,0.5093909905557333,0.0,3.9795143604278564,dumbbell,4,1,random
395,37.720727593205254,0.95,0.486397773842292,0.9833333333333333,0.7997246718805002,0.0,4.810805320739746,0.301512187568874,0.0,5.5119171142578125,dumbbell,4,1,random
1036,39.279572726370986,0.95,0.3904145429493016,0.9833333333333333,0.1736377558206018,0.0625,5.068020820617676,0.1964811922796067,0.0,5.115327835083008,dumbbell,4,1,random
732,41.23069263666887,0.95,0.14948781334612568,0.9833333333333333,0.7545536707580864,0.0,4.6977643966674805,0.5094211397876494,0.0,4.706305027008057,dumbbell,4,1,random
904,43.0329860406152,0.95,0.44367015560432993,0.9833333333333333,0.8221121283656894,0.0,4.712092399597168,0.4901458247538026,0.0,5.539196968078613,dumbbell,4,1,random
670,45.14192984402593,0.95,0.24914466902434865,0.9833333333333333,0.35669615350191053,0.5,5.0598344802856445,0.4111410387143728,0.0,5.4246416091918945,dumbbell,4,1,random
1373,46.9826191611045,0.95,0.5254267512484742,0.9833333333333333,0.5899784091478774,0.0,4.942319869995117,0.4195339078524481,0.0,5.5642242431640625,dumbbell,4,1,random
619,49.01152045874951,0.95,0.19744323507587072,0.9833333333333333,0.6143415095847351,0.0,4.6890788078308105,0.5671394102582988,0.0,5.054176330566406,dumbbell,4,1,random
1146,50.87801871286378,0.95,0.33359477190451586,0.9833333333333333,0.7079847896806538,0.0,4.840405464172363,-0.049723668436035304,0.5625,4.9447784423828125,dumbbell,4,1,random
1132,52.29986254796569,0.95,0.26240981693003423,0.9833333333333333,0.7837834496499156,0.0,4.679762840270996,0.20745103822284933,0.0,5.118535995483398,dumbbell,4,1,random
169,54.292600041282505,0.95,0.2252115722064277,0.9833333333333333,0.5758973687496396,0.0,4.863251209259033,0.72924789885276,0.0,5.257542133331299,dumbbell,4,1,random
12,55.52715987630257,0.95,0.2523869804059748,0.9833333333333333,0.1628375300521107,0.125,5.146010875701904,0.1736446306734828,0.0,5.42106819152832,dumbbell,4,1,random
1028,57.08293710243669,0.95,0.47782763583846405,0.9833333333333333,0.5973805507105916,0.0,4.783095359802246,0.5628278053432136,0.0,5.698827743530273,dumbbell,4,1,random
633,58.758502143973246,0.95,0.2970683329584783,0.9833333333333333,0.31698188369817576,0.0625,4.690984725952148,0.19881326620253614,0.0625,4.934866905212402,dumbbell,4,1,random
1296,59.87372278091335,0.95,0.43608834618032033,0.9833333333333333,0.4385138650730428,0.0,4.9232635498046875,0.25596467991874583,0.0,5.5985517501831055,dumbbell,4,1,random
1304,61.21894267751049,0.95,0.38738705014582747,0.9833333333333333,0.7587961376834296,0.0,4.5188093185424805,0.524491433535358,0.0,5.242404937744141,dumbbell,4,1,random
229,62.515481545064894,0.95,0.254040385076939,0.9833333333333333,-0.08250519644721378,0.125,4.738278388977051,0.207855749375754,0.0,5.187350273132324,dumbbell,4,1,random
133,63.61510044719184,0.95,0.2197829661806829,0.9833333333333333,0.7970614725125266,0.0625,4.900272369384766,0.09970544325943118,0.0,5.063473701477051,dumbbell,4,1,random
703,64.83670509965583,0.95,0.3675576980688299,0.9833333333333333,0.6371992206366175,0.0,4.812496185302734,0.298806212728123,0.0,5.231584548950195,dumbbell,4,1,random
943,66.42589692040637,0.95,0.2224346984202804,0.9833333333333333,0.6016749486372397,0.125,4.839579105377197,-0.2980166119349084,0.0625,4.988306999206543,dumbbell,4,1,random
307,67.72148955355694,0.95,0.46371834030813947,0.9833333333333333,0.6096656246475591,0.0,4.318679332733154,0.3662045263747206,0.0,5.5980544090271,dumbbell,4,1,random
579,68.68453028204311,0.95,0.16760568491579994,0.9833333333333333,0.04954781574131112,0.0625,4.526491165161133,0.4659733664673497,0.0,4.941620826721191,dumbbell,4,1,random
260,69.6944167376354,0.95,0.11467647923100949,0.9833333333333333,0.21230913518791755,0.0,4.791300296783447,0.570301048804863,0.0,4.891716003417969,dumbbell,4,1,random
221,70.39349018194828,0.95,0.1792629241120343,0.9833333333333333,0.3676302290347664,0.0,5.009936332702637,0.48419664989981204,0.0,5.14288330078125,dumbbell,4,1,random
1154,71.35688760677772,0.95,0.5348750388028494,0.9833333333333333,0.7440426871922179,0.0625,4.6541619300842285,0.3373161568199069,0.0,5.581005096435547,dumbbell,4,1,random
726,72.15547401719849,0.95,0.43528964948494797,0.9833333333333333,0.4861554986424147,0.0,4.672271728515625,0.2588393516872388,0.0,5.548350811004639,dumbbell,4,1,random
960,73.06525045320939,0.95,0.18997206711246992,0.9833333333333333,-0.06885369067382748,0.0625,4.761714458465576,0.6814469098313893,0.0,5.337654113769531,dumbbell,4,1,random
723,73.7010809520281,0.95,0.3993067833985464,0.9833333333333333,0.5823599788424311,0.0,4.916182518005371,0.01040120467251103,0.0,5.2808990478515625,dumbbell,4,1,random
1429,74.31099803808569,0.95,0.49304354482334256,0.9833333333333333,0.4941498744280691,0.0,4.6960601806640625,0.4388699437640924,0.0,5.648031234741211,dumbbell,4,1,random
325,75.09151034751498,0.95,0.48120444102259063,0.9833333333333333,0.6199257178666491,0.0625,4.568793296813965,-0.1494479876521943,0.0,5.661838531494141,dumbbell,4,1,random
688,75.62031464520665,0.95,0.3930429797221139,0.9833333333333333,0.23301930068628135,0.125,4.704857349395752,0.22984207875041957,0.0,5.428615570068359,dumbbell,4,1,random
367,75.84758566728313,0.95,0.5241151771882802,0.9833333333333333,0.6473145074849274,0.0,4.620184898376465,0.4271725807811787,0.0,5.491229057312012,dumbbell,4,1,random
1397,76.15564788575453,0.95,0.2829278213479101,0.9833333333333333,0.4065288480010562,0.0625,5.041872024536133,-0.05333884823232013,0.0,5.2663116455078125,dumbbell,4,1,random
573,76.32380482831442,0.95,0.42257664093842207,0.9833333333333333,0.5698136360470405,0.0,4.893465995788574,0.2486735784507165,0.0,5.574830055236816,dumbbell,4,1,random
1145,-101.75821013469202,0.99,0.3773312814683305,0.9833333333333333,0.06017141936456001,0.6875,5.297884464263916,0.0641002590700833,0.0,4.660496711730957,dumbbell,4,1,random
1120,-25.02363663815223,0.99,0.43577051297286185,0.9833333333333333,0.2831859905747344,0.3125,5.257693290710449,0.2170549804969838,0.0,4.596499443054199,dumbbell,4,1,random
1073,9.529215295097089,0.99,0.2619349226308877,0.9833333333333333,0.5484215228177638,0.0625,4.980315208435059,0.3273990055967455,0.0,4.828763961791992,dumbbell,4,1,random
7,18.896641273675158,0.99,0.256223110782807,0.9833333333333333,0.8090631938410047,0.0,4.696891784667969,0.2701579077919168,0.0,4.655989646911621,dumbbell,4,1,random
275,19.734391664184674,0.99,0.15458454187261247,0.9833333333333333,0.7822655454671222,0.0,4.6809539794921875,0.1797222581065701,0.0,4.427212715148926,dumbbell,4,1,random
934,20.983366895129947,0.99,0.28365898157831687,0.9833333333333333,0.7423415931092892,0.0,4.9423112869262695,0.16957385424041077,0.0,4.424416542053223,dumbbell,4,1,random
1070,22.513675367806055,0.99,0.22832414369977846,0.9833333333333333,0.4618995163316832,0.0625,4.747791290283203,0.39671970397156375,0.0,4.923286437988281,dumbbell,4,1,random
220,24.08244545312524,0.99,0.41903296796957057,0.9833333333333333,0.7448619831802056,0.0,4.940630912780762,0.06766853898678586,0.0,4.942905426025391,dumbbell,4,1,random
410,25.364717166745777,0.99,0.4717044802664977,0.9833333333333333,0.5648530893782173,0.25,5.014925003051758,0.1949438536235738,0.0,4.496132850646973,dumbbell,4,1,random
316,26.852251252055584,0.99,0.24331592814845487,0.9833333333333333,0.7746257587523985,0.0,4.871379852294922,0.25761858155992584,0.0,4.853508949279785,dumbbell,4,1,random
296,28.59699624854496,0.99,0.4927755925037091,0.9833333333333333,0.7370751758432503,0.0,4.572147846221924,0.3860831411589254,0.0,2.122670888900757,dumbbell,4,1,random
339,29.93927203842097,0.99,0.17090526267563816,0.9833333333333333,0.613194686638084,0.0,4.931710243225098,0.13033940926746343,0.0,4.629054069519043,dumbbell,4,1,random
1092,31.734101218547913,0.99,0.4102231355559171,0.9833333333333333,0.5686629050868287,0.0,4.536017894744873,0.12058906979656042,0.0,3.5064656734466553,dumbbell,4,1,random
951,33.50678589672378,0.99,0.3109470858938487,0.9833333333333333,0.5562250777450843,0.0,4.8593549728393555,0.2722038035575101,0.0,4.08974552154541,dumbbell,4,1,random
881,35.278585206284205,0.99,0.0,0.9833333333333333,0.735352816026178,0.0625,4.937254905700684,0.14185401090847136,0.0,3.6871306896209717,dumbbell,4,1,random
395,37.720727593205254,0.99,0.486397773842292,0.9833333333333333,0.7997246718805002,0.0,4.810805320739746,0.5242754915261381,0.0,3.325528144836426,dumbbell,4,1,random
1036,39.279572726370986,0.99,0.3904145429493016,0.9833333333333333,0.1736377558206018,0.0625,5.068020820617676,0.2534465982584784,0.0,4.577633380889893,dumbbell,4,1,random
732,41.23069263666887,0.99,0.14948781334612568,0.9833333333333333,0.7545536707580864,0.0,4.6977643966674805,0.18312085407678869,0.0,4.435454368591309,dumbbell,4,1,random
904,43.0329860406152,0.99,0.44367015560432993,0.9833333333333333,0.8221121283656894,0.0,4.712092399597168,0.339180387556353,0.0,4.778702735900879,dumbbell,4,1,random
670,45.14192984402593,0.99,0.24914466902434865,0.9833333333333333,0.35669615350191053,0.5,5.0598344802856445,0.18470751145257308,0.0,5.1640472412109375,dumbbell,4,1,random
1373,46.9826191611045,0.99,0.5254267512484742,0.9833333333333333,0.5899784091478774,0.0,4.942319869995117,0.6545312397765147,0.0,2.6822197437286377,dumbbell,4,1,random
619,49.01152045874951,0.99,0.19744323507587072,0.9833333333333333,0.6143415095847351,0.0,4.6890788078308105,0.06811545330571536,0.0,4.793912887573242,dumbbell,4,1,random
1146,50.87801871286378,0.99,0.33359477190451586,0.9833333333333333,0.7079847896806538,0.0,4.840405464172363,0.3400658419927556,0.0,4.134588241577148,dumbbell,4,1,random
1132,52.29986254796569,0.99,0.26240981693003423,0.9833333333333333,0.7837834496499156,0.0,4.679762840270996,0.44229942674715683,0.0,4.756237030029297,dumbbell,4,1,random
169,54.292600041282505,0.99,0.2252115722064277,0.9833333333333333,0.5758973687496396,0.0,4.863251209259033,0.15724263928641902,0.0,5.080178260803223,dumbbell,4,1,random
12,55.52715987630257,0.99,0.2523869804059748,0.9833333333333333,0.1628375300521107,0.125,5.146010875701904,0.23516921727709728,0.0,5.162059783935547,dumbbell,4,1,random
1028,57.08293710243669,0.99,0.47782763583846405,0.9833333333333333,0.5973805507105916,0.0,4.783095359802246,-0.023268370410382502,0.0,4.173445701599121,dumbbell,4,1,random
633,58.758502143973246,0.99,0.2970683329584783,0.9833333333333333,0.31698188369817576,0.0625,4.690984725952148,0.31850793102947916,0.0,4.457300186157227,dumbbell,4,1,random
1296,59.87372278091335,0.99,0.43608834618032033,0.9833333333333333,0.4385138650730428,0.0,4.9232635498046875,0.17711161449627028,0.0,4.8138580322265625,dumbbell,4,1,random
1304,61.21894267751049,0.99,0.38738705014582747,0.9833333333333333,0.7587961376834296,0.0,4.5188093185424805,0.38567378003606223,0.0,4.2314910888671875,dumbbell,4,1,random
229,62.515481545064894,0.99,0.254040385076939,0.9833333333333333,-0.08250519644721378,0.125,4.738278388977051,0.2882089418184717,0.0,4.9356584548950195,dumbbell,4,1,random
133,63.61510044719184,0.99,0.2197829661806829,0.9833333333333333,0.7970614725125266,0.0625,4.900272369384766,0.13939468274720873,0.0,4.805202007293701,dumbbell,4,1,random
703,64.83670509965583,0.99,0.3675576980688299,0.9833333333333333,0.6371992206366175,0.0,4.812496185302734,-0.09389071767989687,0.0,4.5513200759887695,dumbbell,4,1,random
943,66.42589692040637,0.99,0.2224346984202804,0.9833333333333333,0.6016749486372397,0.125,4.839579105377197,0.15912531224854656,0.0,4.980076313018799,dumbbell,4,1,random
307,67.72148955355694,0.99,0.46371834030813947,0.9833333333333333,0.6096656246475591,0.0,4.318679332733154,0.330200457788396,0.0,4.567984104156494,dumbbell,4,1,random
579,68.68453028204311,0.99,0.16760568491579994,0.9833333333333333,0.04954781574131112,0.0625,4.526491165161133,0.1310054258427628,0.0,4.630958557128906,dumbbell,4,1,random
260,69.6944167376354,0.99,0.11467647923100949,0.9833333333333333,0.21230913518791755,0.0,4.791300296783447,0.13334842967054575,0.0625,4.452606201171875,dumbbell,4,1,random
221,70.39349018194828,0.99,0.1792629241120343,0.9833333333333333,0.3676302290347664,0.0,5.009936332702637,0.10609814884650277,0.0,4.825717926025391,dumbbell,4,1,random
1154,71.35688760677772,0.99,0.5348750388028494,0.9833333333333333,0.7440426871922179,0.0625,4.6541619300842285,0.41941101617887727,0.0,2.830009698867798,dumbbell,4,1,random
726,72.15547401719849,0.99,0.43528964948494797,0.9833333333333333,0.4861554986424147,0.0,4.672271728515625,0.24734847308191277,0.0,4.741314888000488,dumbbell,4,1,random
960,73.06525045320939,0.99,0.18997206711246992,0.9833333333333333,-0.06885369067382748,0.0625,4.761714458465576,0.31560904602676126,0.0,5.052867889404297,dumbbell,4,1,random
723,73.7010809520281,0.99,0.3993067833985464,0.9833333333333333,0.5823599788424311,0.0,4.916182518005371,0.16902772505521507,0.0,4.605353355407715,dumbbell,4,1,random
1429,74.31099803808569,0.99,0.49304354482334256,0.9833333333333333,0.4941498744280691,0.0,4.6960601806640625,0.06622922488501908,0.0,3.916637659072876,dumbbell,4,1,random
325,75.09151034751498,0.99,0.48120444102259063,0.9833333333333333,0.6199257178666491,0.0625,4.568793296813965,-0.0025871845051074344,0.0,4.104457855224609,dumbbell,4,1,random
688,75.62031464520665,0.99,0.3930429797221139,0.9833333333333333,0.23301930068628135,0.125,4.704857349395752,0.045949006283207264,0.0,4.860348701477051,dumbbell,4,1,random
367,75.84758566728313,0.99,0.5241151771882802,0.9833333333333333,0.6473145074849274,0.0,4.620184898376465,0.6828795836672856,0.0,3.228360176086426,dumbbell,4,1,random
1397,76.15564788575453,0.99,0.2829278213479101,0.9833333333333333,0.4065288480010562,0.0625,5.041872024536133,0.21255639117694422,0.0,4.723121643066406,dumbbell,4,1,random
573,76.32380482831442,0.99,0.42257664093842207,0.9833333333333333,0.5698136360470405,0.0,4.893465995788574,0.13416486181208165,0.0,4.8782958984375,dumbbell,4,1,random
573,-89.4743309567106,0.95,0.4510437826915792,1.0,0.2826787642887245,0.625,5.0831780433654785,-0.35265102411326554,0.9375,3.1644833087921143,dumbbell,4,2,proxy
1217,-8.538751052468937,0.95,0.2857878453945886,1.0,0.2707946144338145,0.25,5.060062408447266,0.6321150031428185,0.0,4.517665386199951,dumbbell,4,2,proxy
1385,18.412053608732315,0.95,0.839855011839542,1.0,0.7704617399107503,0.0,5.224226474761963,0.6977258457263573,0.0,4.884674549102783,dumbbell,4,2,proxy
946,19.339784927696368,0.95,0.5132903654287024,1.0,0.7721652116429416,0.0,5.014490127563477,0.43937358610411426,0.0,4.683619499206543,dumbbell,4,2,proxy
1301,20.303473828641938,0.95,0.5262665025772553,1.0,0.7283834352574123,0.0,4.889213562011719,0.4944678615266074,0.0,4.389703750610352,dumbbell,4,2,proxy
1230,21.448751686455616,0.95,0.6597249465483517,1.0,0.6724577074973865,0.0,4.718332290649414,0.6952466070386147,0.0,5.355764389038086,dumbbell,4,2,proxy
1457,22.57358946536933,0.95,0.9042762579888615,1.0,0.7198496748638323,0.0,4.985184192657471,0.5449776344589943,0.0,5.037532806396484,dumbbell,4,2,proxy
571,23.666984253330767,0.95,0.583494124205546,1.0,0.754302613317709,0.0,4.8935346603393555,0.14769262563155927,0.0,5.335154056549072,dumbbell,4,2,proxy
924,24.527533101792898,0.95,0.8059986878215379,1.0,0.7652958179165774,0.0,4.915814399719238,0.7780866921819902,0.0,4.3045125007629395,dumbbell,4,2,proxy
823,25.554319107638825,0.95,0.824927722350944,1.0,0.7457815567926647,0.0,4.787815093994141,0.39012423413483854,0.0,4.752685546875,dumbbell,4,2,proxy
994,26.98560099700515,0.95,0.49898239614690015,1.0,0.7456173317363938,0.0,4.869571208953857,0.2918305000546455,0.0,3.700608253479004,dumbbell,4,2,proxy
1163,29.60507488970316,0.95,0.640532972006004,1.0,0.7246357596470575,0.0,4.870100498199463,0.34919728761024715,0.0,5.269777774810791,dumbbell,4,2,proxy
390,31.576907604196748,0.95,0.7413170857149738,1.0,0.7226014962789353,0.0,4.933579444885254,0.5302953056509999,0.0,3.990394115447998,dumbbell,4,2,proxy
1295,34.08232543169007,0.95,0.3692661375745195,1.0,0.7313675860080167,0.0,4.745574951171875,0.32661397479421683,0.0,4.933401107788086,dumbbell,4,2,proxy
586,36.4980160372494,0.95,0.5445867648391591,1.0,0.732625245786858,0.0,4.6906538009643555,0.47681748427252685,0.0,3.6649208068847656,dumbbell,4,2,proxy
217,39.23634755585502,0.95,0.5266713899508408,1.0,0.737352866538525,0.0,4.833955764770508,0.08783454376565147,0.0,5.037476539611816,dumbbell,4,2,proxy
1261,41.50045402102744,0.95,0.15031302234133226,1.0,0.609067528087841,0.0,4.495957374572754,0.538799594702004,0.0,4.755545616149902,dumbbell,4,2,proxy
871,43.443978078512544,0.95,0.3551725957193437,1.0,0.7722757395205557,0.0,4.658595085144043,0.30795054637417874,0.0,4.627026081085205,dumbbell,4,2,proxy
597,45.14430565293006,0.95,0.21929450688534471,1.0,0.5713767655124753,0.0,4.622583389282227,0.4978914515754577,0.0,4.540224075317383,dumbbell,4,2,proxy
593,47.05520546807825,0.95,0.0,1.0,0.7538350448063775,0.0,4.238040924072266,0.5237907144331185,0.0,4.312655448913574,dumbbell,4,2,proxy
342,48.43388593624251,0.95,0.3980267144702879,1.0,0.7124085408740738,0.0,4.898397445678711,0.25019397458365655,0.0,4.7102203369140625,dumbbell,4,2,proxy
1176,50.57230846924685,0.95,0.5227630725448723,1.0,0.6722228901098584,0.0,4.714434623718262,0.2869760758957033,0.0,4.906306266784668,dumbbell,4,2,proxy
125,52.12188627860323,0.95,0.695460376136481,1.0,0.5935605997158344,0.0,5.022850036621094,0.4604991251018785,0.0,5.030710220336914,dumbbell,4,2,proxy
346,53.97470017817947,0.95,0.5408484230935476,1.0,0.42252541543020505,0.0,4.940023422241211,0.40832621642538347,0.0,4.048503875732422,dumbbell,4,2,proxy
109,55.46790113160581,0.95,0.433627541609781,1.0,0.7205252561116178,0.0,4.778926849365234,0.2525591060497452,0.0,4.977647304534912,dumbbell,4,2,proxy
968,57.735541290236945,0.95,0.7557072262560104,1.0,0.5458201234415427,0.0,4.712366580963135,0.39100824714386606,0.0,4.5039777755737305,dumbbell,4,2,proxy
1432,58.76129588105154,0.95,0.7145884803892751,1.0,0.4018789132189906,0.0,4.8797454833984375,0.6489872772782438,0.0,3.9652745723724365,dumbbell,4,2,proxy
470,59.89871874662367,0.95,0.10667228728105939,1.0,0.6964799693200772,0.125,4.4332170486450195,0.7688113792483047,0.0,3.930865526199341,dumbbell,4,2,proxy
1423,61.17976425858673,0.95,0.24025586884365505,1.0,0.5786340372287007,0.0,4.804627895355225,0.8145497822753371,0.0,3.5384912490844727,dumbbell,4,2,proxy
221,63.08420225925783,0.95,0.5681054503292349,1.0,0.08309451884245314,0.25,5.02224063873291,0.5458351652838541,0.0,5.046098709106445,dumbbell,4,2,proxy
423,64.38947073839796,0.95,0.5863800159758382,1.0,0.7395977450464112,0.0,4.749093055725098,0.3799082638536938,0.0,3.4702062606811523,dumbbell,4,2,proxy
1266,65.50748911630936,0.95,0.8960861944073564,1.0,0.2900456292700264,0.0,4.945085525512695,0.3241624821935194,0.0,4.121049880981445,dumbbell,4,2,proxy
1031,66.89016130566024,0.95,0.832959521517397,1.0,0.7244077053585423,0.0625,4.78364896774292,0.5913062259256382,0.0,3.7173879146575928,dumbbell,4,2,proxy
1292,68.40600633253119,0.95,0.6900165951200752,1.0,0.37891025605395484,0.0625,5.152695655822754,0.7328539132083207,0.0,3.5646917819976807,dumbbell,4,2,proxy
753,69.43811993587649,0.95,0.518064218697192,1.0,0.5591077895454022,0.0625,4.779029369354248,0.10339548261417779,0.0,5.0915446281433105,dumbbell,4,2,proxy
442,70.30348423992518,0.95,0.7561020918586753,1.0,0.5504086431446489,0.0,4.8194499015808105,0.6469227285353896,0.0,4.088099479675293,dumbbell,4,2,proxy
1308,70.95204058539039,0.95,0.0,1.0,0.6115003603840125,0.0,4.359780788421631,0.4905725125405972,0.0,4.205168724060059,dumbbell,4,2,proxy
399,72.00565368072074,0.95,0.29329483448315985,1.0,0.7233978232256835,0.0,4.531169891357422,0.580855895312341,0.0,4.492463111877441,dumbbell,4,2,proxy
1194,72.97015981071209,0.95,0.0,1.0,0.606691093484852,0.0625,4.395634651184082,0.5376807291786494,0.0,4.255831718444824,dumbbell,4,2,proxy
1483,73.662748301451,0.95,0.3014722058318084,1.0,0.5449492739894428,0.0,4.620689392089844,0.6444779109961614,0.0,4.584927558898926,dumbbell,4,2,proxy
1310,74.41341960154406,0.95,0.3291201363930042,1.0,0.26700496267774587,0.0,4.67421817779541,0.5112527570469766,0.125,4.675592422485352,dumbbell,4,2,proxy
1378,74.9962910708659,0.95,0.729261731069071,1.0,0.36725641611724635,0.0625,4.64408540725708,0.8456408782236542,0.0,4.77723503112793,dumbbell,4,2,proxy
30,75.57346365311768,0.95,0.5904596528896857,1.0,0.3178025976257509,0.0625,4.725564956665039,0.4879697192657065,0.0,4.936319351196289,dumbbell,4,2,proxy
979,76.18457645327706,0.95,0.4202852739323154,1.0,0.5259085784301287,0.0,4.855618000030518,0.4691204619295506,0.0,4.71512508392334,dumbbell,4,2,proxy
100,76.58279125028083,0.95,0.2116279370560909,1.0,0.6809837219046831,0.0625,4.78867244720459,0.8038060120361761,0.0,4.261206150054932,dumbbell,4,2,proxy
850,76.97801057619286,0.95,0.0,1.0,0.7315201446478299,0.0,4.101715087890625,0.4800388960874877,0.0,4.196447372436523,dumbbell,4,2,proxy
624,77.1608957889727,0.95,0.8746452318680042,1.0,0.28274023091158973,0.0,4.706137180328369,0.554771667742035,0.0,4.089902877807617,dumbbell,4,2,proxy
899,77.25469201242424,0.95,0.20177944760363417,1.0,0.7245758392312416,0.0,4.7453718185424805,0.747727483684943,0.0,4.002551078796387,dumbbell,4,2,proxy
573,-89.4743309567106,0.99,0.4510437826915792,1.0,0.2826787642887245,0.625,5.0831780433654785,0.4380565525764267,0.0,4.497281551361084,dumbbell,4,2,proxy
1217,-8.538751052468937,0.99,0.2857878453945886,1.0,0.2707946144338145,0.25,5.060062408447266,-0.034800722493068176,0.0,4.239957809448242,dumbbell,4,2,proxy
1385,18.412053608732315,0.99,0.839855011839542,1.0,0.7704617399107503,0.0,5.224226474761963,0.16306859735185683,0.0,4.243031978607178,dumbbell,4,2,proxy
946,19.339784927696368,0.99,0.5132903654287024,1.0,0.7721652116429416,0.0,5.014490127563477,-0.1423536401606536,0.0,4.8643059730529785,dumbbell,4,2,proxy
1301,20.303473828641938,0.99,0.5262665025772553,1.0,0.7283834352574123,0.0,4.889213562011719,-0.019138510156302482,0.0,4.553339958190918,dumbbell,4,2,proxy
1230,21.448751686455616,0.99,0.6597249465483517,1.0,0.6724577074973865,0.0,4.718332290649414,0.17989622188615995,0.0,5.081448554992676,dumbbell,4,2,proxy
1457,22.57358946536933,0.99,0.9042762579888615,1.0,0.7198496748638323,0.0,4.985184192657471,0.38330220217683736,0.0,4.435913562774658,dumbbell,4,2,proxy
571,23.666984253330767,0.99,0.583494124205546,1.0,0.754302613317709,0.0,4.8935346603393555,-0.07179993980771625,0.0,5.035844802856445,dumbbell,4,2,proxy
924,24.527533101792898,0.99,0.8059986878215379,1.0,0.7652958179165774,0.0,4.915814399719238,0.30210422297048234,0.0,4.328105926513672,dumbbell,4,2,proxy
823,25.554319107638825,0.99,0.824927722350944,1.0,0.7457815567926647,0.0,4.787815093994141,0.7400125105546027,0.0,4.323631286621094,dumbbell,4,2,proxy
994,26.98560099700515,0.99,0.49898239614690015,1.0,0.7456173317363938,0.0,4.869571208953857,0.1081336040148904,0.0,4.221867084503174,dumbbell,4,2,proxy
1163,29.60507488970316,0.99,0.640532972006004,1.0,0.7246357596470575,0.0,4.870100498199463,-0.18547328396406976,0.0,4.956546306610107,dumbbell,4,2,proxy
390,31.576907604196748,0.99,0.7413170857149738,1.0,0.7226014962789353,0.0,4.933579444885254,0.1607248927812282,0.0,3.7843434810638428,dumbbell,4,2,proxy
1295,34.08232543169007,0.99,0.3692661375745195,1.0,0.7313675860080167,0.0,4.745574951171875,-0.004288852855649367,0.0,4.699789524078369,dumbbell,4,2,proxy
586,36.4980160372494,0.99,0.5445867648391591,1.0,0.732625245786858,0.0,4.6906538009643555,0.0947380467048396,0.0625,4.153360366821289,dumbbell,4,2,proxy
217,39.23634755585502,0.99,0.5266713899508408,1.0,0.737352866538525,0.0,4.833955764770508,0.2354998030286975,0.0,4.947797775268555,dumbbell,4,2,proxy
1261,41.50045402102744,0.99,0.15031302234133226,1.0,0.609067528087841,0.0,4.495957374572754,-2.189702500949435,0.0,4.597771167755127,dumbbell,4,2,proxy
871,43.443978078512544,0.99,0.3551725957193437,1.0,0.7722757395205557,0.0,4.658595085144043,0.034734637763118414,0.0,4.218533515930176,dumbbell,4,2,proxy
597,45.14430565293006,0.99,0.21929450688534471,1.0,0.5713767655124753,0.0,4.622583389282227,-0.41300744706917003,0.0,4.498103618621826,dumbbell,4,2,proxy
593,47.05520546807825,0.99,0.0,1.0,0.7538350448063775,0.0,4.238040924072266,-0.14250254297908627,0.0,4.164618492126465,dumbbell,4,2,proxy
342,48.43388593624251,0.99,0.3980267144702879,1.0,0.7124085408740738,0.0,4.898397445678711,0.21944969299890354,0.0,4.704068183898926,dumbbell,4,2,proxy
1176,50.57230846924685,0.99,0.5227630725448723,1.0,0.6722228901098584,0.0,4.714434623718262,0.1764498653423101,0.0,4.962412357330322,dumbbell,4,2,proxy
125,52.12188627860323,0.99,0.695460376136481,1.0,0.5935605997158344,0.0,5.022850036621094,0.010953020290587034,0.0,5.022799491882324,dumbbell,4,2,proxy
346,53.97470017817947,0.99,0.5408484230935476,1.0,0.42252541543020505,0.0,4.940023422241211,0.17370576218826358,0.0,4.305699825286865,dumbbell,4,2,proxy
109,55.46790113160581,0.99,0.433627541609781,1.0,0.7205252561116178,0.0,4.778926849365234,0.28615747961969223,0.0,4.7672648429870605,dumbbell,4,2,proxy
968,57.735541290236945,0.99,0.7557072262560104,1.0,0.5458201234415427,0.0,4.712366580963135,0.5470575485092113,0.0,4.5021491050720215,dumbbell,4,2,proxy
1432,58.76129588105154,0.99,0.7145884803892751,1.0,0.4018789132189906,0.0,4.8797454833984375,0.49332017629715097,0.0,3.709765672683716,dumbbell,4,2,proxy
470,59.89871874662367,0.99,0.10667228728105939,1.0,0.6964799693200772,0.125,4.4332170486450195,-0.4830149335900331,0.0,4.341304779052734,dumbbell,4,2,proxy
1423,61.17976425858673,0.99,0.24025586884365505,1.0,0.5786340372287007,0.0,4.804627895355225,-0.007101851848707499,0.0,4.220132827758789,dumbbell,4,2,proxy
221,63.08420225925783,0.99,0.5681054503292349,1.0,0.08309451884245314,0.25,5.02224063873291,-0.0790853225740624,0.0,4.985177040100098,dumbbell,4,2,proxy
423,64.38947073839796,0.99,0.5863800159758382,1.0,0.7395977450464112,0.0,4.749093055725098,-0.17189980248330614,0.0,3.371765613555908,dumbbell,4,2,proxy
1266,65.50748911630936,0.99,0.8960861944073564,1.0,0.2900456292700264,0.0,4.945085525512695,0.37614734305210085,0.0,4.404857158660889,dumbbell,4,2,proxy
1031,66.89016130566024,0.99,0.832959521517397,1.0,0.7244077053585423,0.0625,4.78364896774292,0.5736745863073422,0.0,3.8777589797973633,dumbbell,4,2,proxy
1292,68.40600633253119,0.99,0.6900165951200752,1.0,0.37891025605395484,0.0625,5.152695655822754,0.27962440667680594,0.0,3.8877856731414795,dumbbell,4,2,proxy
753,69.43811993587649,0.99,0.518064218697192,1.0,0.5591077895454022,0.0625,4.779029369354248,0.06899087426584471,0.0,5.028791427612305,dumbbell,4,2,proxy
442,70.30348423992518,0.99,0.7561020918586753,1.0,0.5504086431446489,0.0,4.8194499015808105,0.4340013993794086,0.0,4.275125503540039,dumbbell,4,2,proxy
1308,70.95204058539039,0.99,0.0,1.0,0.6115003603840125,0.0,4.359780788421631,-3.356870017619589,0.0,4.126741886138916,dumbbell,4,2,proxy
399,72.00565368072074,0.99,0.29329483448315985,1.0,0.7233978232256835,0.0,4.531169891357422,0.05027011641626543,0.0,4.344281196594238,dumbbell,4,2,proxy
1194,72.97015981071209,0.99,0.0,1.0,0.606691093484852,0.0625,4.395634651184082,-19.01267814504829,0.0,4.209738254547119,dumbbell,4,2,proxy
1483,73.662748301451,0.99,0.3014722058318084,1.0,0.5449492739894428,0.0,4.620689392089844,0.04455313493687019,0.0,4.352264404296875,dumbbell,4,2,proxy
1310,74.41341960154406,0.99,0.3291201363930042,1.0,0.26700496267774587,0.0,4.67421817779541,0.0392939856478836,0.0,4.331650257110596,dumbbell,4,2,proxy
1378,74.9962910708659,0.99,0.729261731069071,1.0,0.36725641611724635,0.0625,4.64408540725708,0.3269954074358329,0.0,4.817747116088867,dumbbell,4,2,proxy
30,75.57346365311768,0.99,0.5904596528896857,1.0,0.3178025976257509,0.0625,4.725564956665039,-0.07101353577987968,0.0625,4.552440643310547,dumbbell,4,2,proxy
979,76.18457645327706,0.99,0.4202852739323154,1.0,0.5259085784301287,0.0,4.855618000030518,0.3160248160301356,0.0,4.731054782867432,dumbbell,4,2,proxy
100,76.58279125028083,0.99,0.2116279370560909,1.0,0.6809837219046831,0.0625,4.78867244720459,-0.3951976338702501,0.0,4.399046421051025,dumbbell,4,2,proxy
850,76.97801057619286,0.99,0.0,1.0,0.7315201446478299,0.0,4.101715087890625,-3.7675632334691738,0.0,4.118785381317139,dumbbell,4,2,proxy
624,77.1608957889727,0.99,0.8746452318680042,1.0,0.28274023091158973,0.0,4.706137180328369,0.2310710565281612,0.0,3.9756240844726562,dumbbell,4,2,proxy
899,77.25469201242424,0.99,0.20177944760363417,1.0,0.7245758392312416,0.0,4.7453718185424805,-0.011160265774055253,0.0625,4.472159385681152,dumbbell,4,2,proxy
573,-89.4743309567106,0.95,0.30598172466325324,0.9833333333333333,0.2826787642887245,0.625,5.0831780433654785,-0.22237361702359698,1.0,4.343754768371582,dumbbell,4,2,random
1217,-8.538751052468937,0.95,0.2759663428726663,0.9833333333333333,0.2707946144338145,0.25,5.060062408447266,0.505610412215679,0.0,5.403636932373047,dumbbell,4,2,random
1385,18.412053608732315,0.95,0.37019091598174214,0.9833333333333333,0.7704617399107503,0.0,5.224226474761963,0.4898510414132508,0.0,5.32106876373291,dumbbell,4,2,random
946,19.339784927696368,0.95,0.3828387855097847,0.9833333333333333,0.7721652116429416,0.0,5.014490127563477,0.2915421141007931,0.0,5.409665107727051,dumbbell,4,2,random
1301,20.303473828641938,0.95,0.23582893153370443,0.9833333333333333,0.7283834352574123,0.0,4.889213562011719,0.5575115786121603,0.0,5.068312168121338,dumbbell,4,2,random
1230,21.448751686455616,0.95,0.14178363783612016,0.9833333333333333,0.6724577074973865,0.0,4.718332290649414,0.52635515026677,0.0,5.06195068359375,dumbbell,4,2,random
1457,22.57358946536933,0.95,0.4768287832455891,0.9833333333333333,0.7198496748638323,0.0,4.985184192657471,0.590416524785583,0.0,5.522315502166748,dumbbell,4,2,random
571,23.666984253330767,0.95,0.27027999033521366,0.9833333333333333,0.754302613317709,0.0,4.8935346603393555,0.021977650092882703,0.0,5.388948440551758,dumbbell,4,2,random
924,24.527533101792898,0.95,0.397304210353995,0.9833333333333333,0.7652958179165774,0.0,4.915814399719238,0.15384562903594226,0.0,5.338097095489502,dumbbell,4,2,random
823,25.554319107638825,0.95,0.22795993574576626,0.9833333333333333,0.7457815567926647,0.0,4.787815093994141,0.3446795268404329,0.0,5.3983941078186035,dumbbell,4,2,random
994,26.98560099700515,0.95,0.2378218996283234,0.9833333333333333,0.7456173317363938,0.0,4.869571208953857,0.5162447791853723,0.0,5.032253265380859,dumbbell,4,2,random
1163,29.60507488970316,0.95,0.13439926672789893,0.9833333333333333,0.7246357596470575,0.0,4.870100498199463,0.39242002197999776,0.0,5.0914154052734375,dumbbell,4,2,random
390,31.576907604196748,0.95,0.5121726450775803,0.9833333333333333,0.7226014962789353,0.0,4.933579444885254,0.6430752848276965,0.0,5.629464149475098,dumbbell,4,2,random
1295,34.08232543169007,0.95,0.5224505768706973,0.9833333333333333,0.7313675860080167,0.0,4.745574951171875,0.7464021059615101,0.0,5.282649517059326,dumbbell,4,2,random
586,36.4980160372494,0.95,0.5281684586474522,0.9833333333333333,0.732625245786858,0.0,4.6906538009643555,0.6534731571505904,0.0,5.562157154083252,dumbbell,4,2,random
217,39.23634755585502,0.95,0.21100491049194878,0.9833333333333333,0.737352866538525,0.0,4.833955764770508,0.524891929802539,0.0,5.444808006286621,dumbbell,4,2,random
1261,41.50045402102744,0.95,0.24208471352030822,0.9833333333333333,0.609067528087841,0.0,4.495957374572754,0.592173244769594,0.0,5.175877571105957,dumbbell,4,2,random
871,43.443978078512544,0.95,0.5578936647244285,0.9833333333333333,0.7722757395205557,0.0,4.658595085144043,0.560581977729689,0.0,5.595695495605469,dumbbell,4,2,random
597,45.14430565293006,0.95,0.270181200492108,0.9833333333333333,0.5713767655124753,0.0,4.622583389282227,0.2773417700547026,0.0,5.0651679039001465,dumbbell,4,2,random
593,47.05520546807825,0.95,0.2779768731838979,0.9833333333333333,0.7538350448063775,0.0,4.238040924072266,0.44669001127029107,0.0,5.028545379638672,dumbbell,4,2,random
342,48.43388593624251,0.95,0.12120905617413535,0.9833333333333333,0.7124085408740738,0.0,4.898397445678711,0.37030233578837146,0.0,4.976064682006836,dumbbell,4,2,random
1176,50.57230846924685,0.95,0.46765151519225145,0.9833333333333333,0.6722228901098584,0.0,4.714434623718262,0.8377869190595124,0.0,5.448349952697754,dumbbell,4,2,random
125,52.12188627860323,0.95,0.43993962302570544,0.9833333333333333,0.5935605997158344,0.0,5.022850036621094,0.6038872503259283,0.0,5.619416236877441,dumbbell,4,2,random
346,53.97470017817947,0.95,0.2397415961944572,0.9833333333333333,0.42252541543020505,0.0,4.940023422241211,0.7377342932549785,0.0,5.125568389892578,dumbbell,4,2,random
109,55.46790113160581,0.95,0.3568921595735367,0.9833333333333333,0.7205252561116178,0.0,4.778926849365234,0.10401004610166906,0.0,5.283316612243652,dumbbell,4,2,random
968,57.735541290236945,0.95,0.0,0.9833333333333333,0.5458201234415427,0.0,4.712366580963135,0.4911331994392898,0.0,4.371730327606201,dumbbell,4,2,random
1432,58.76129588105154,0.95,0.16434224036432285,0.9833333333333333,0.4018789132189906,0.0,4.8797454833984375,0.4634901481553376,0.0,4.710041046142578,dumbbell,4,2,random
470,59.89871874662367,0.95,0.5544298325566894,0.9833333333333333,0.6964799693200772,0.125,4.4332170486450195,0.9067032399150957,0.0,5.085233688354492,dumbbell,4,2,random
1423,61.17976425858673,0.95,0.6767182074035324,0.9833333333333333,0.5786340372287007,0.0,4.804627895355225,0.613875308131154,0.0,4.789018630981445,dumbbell,4,2,random
221,63.08420225925783,0.95,0.2407353877073122,0.9833333333333333,0.08309451884245314,0.25,5.02224063873291,0.3507194350909941,0.0,5.466387748718262,dumbbell,4,2,random
423,64.38947073839796,0.95,0.2955225573732136,0.9833333333333333,0.7395977450464112,0.0,4.749093055725098,0.2689014653371947,0.125,4.888704776763916,dumbbell,4,2,random
1266,65.50748911630936,0.95,0.24016818445566807,0.9833333333333333,0.2900456292700264,0.0,4.945085525512695,0.5839373495253597,0.0,4.985395431518555,dumbbell,4,2,random
1031,66.89016130566024,0.95,0.47853823908991266,0.9833333333333333,0.7244077053585423,0.0625,4.78364896774292,0.5372393964031615,0.0,5.7765679359436035,dumbbell,4,2,random
1292,68.40600633253119,0.95,0.4862523530562611,0.9833333333333333,0.37891025605395484,0.0625,5.152695655822754,0.5573981420082662,0.0,5.77765417098999,dumbbell,4,2,random
753,69.43811993587649,0.95,0.4703439246583848,0.9833333333333333,0.5591077895454022,0.0625,4.779029369354248,0.08387966346042022,0.0,5.507400035858154,dumbbell,4,2,random
442,70.30348423992518,0.95,0.5307255423366095,0.9833333333333333,0.5504086431446489,0.0,4.8194499015808105,0.6659571229152101,0.0,5.662825584411621,dumbbell,4,2,random
1308,70.95204058539039,0.95,0.2861266304348429,0.9833333333333333,0.6115003603840125,0.0,4.359780788421631,0.018251552517942304,0.0,4.897550106048584,dumbbell,4,2,random
399,72.00565368072074,0.95,0.16239961444491402,0.9833333333333333,0.7233978232256835,0.0,4.531169891357422,0.401269346944111,0.0,5.002706527709961,dumbbell,4,2,random
1194,72.97015981071209,0.95,0.2587654342816493,0.9833333333333333,0.606691093484852,0.0625,4.395634651184082,0.6456763199746514,0.0,5.189818382263184,dumbbell,4,2,random
1483,73.662748301451,0.95,0.18500327818308918,0.9833333333333333,0.5449492739894428,0.0,4.620689392089844,0.4651951441400862,0.0,5.171782493591309,dumbbell,4,2,random
1310,74.41341960154406,0.95,0.39507295629984884,0.9833333333333333,0.26700496267774587,0.0,4.67421817779541,0.4490074242172369,0.0,5.612480163574219,dumbbell,4,2,random
1378,74.9962910708659,0.95,0.40246344466407546,0.9833333333333333,0.36725641611724635,0.0625,4.64408540725708,0.00823084940573482,0.0,5.529013633728027,dumbbell,4,2,random
30,75.57346365311768,0.95,0.0853540275577091,0.9833333333333333,0.3178025976257509,0.0625,4.725564956665039,0.3196764176409178,0.0,4.80418586730957,dumbbell,4,2,random
979,76.18457645327706,0.95,0.42071148555852733,0.9833333333333333,0.5259085784301287,0.0,4.855618000030518,0.35974848075293026,0.0,5.635958194732666,dumbbell,4,2,random
100,76.58279125028083,0.95,0.2330015373417317,0.9833333333333333,0.6809837219046831,0.0625,4.78867244720459,0.3542562720877479,0.0,5.470123291015625,dumbbell,4,2,random
850,76.97801057619286,0.95,0.3705890981272524,0.9833333333333333,0.7315201446478299,0.0,4.101715087890625,-0.17344278641021085,0.125,5.026207447052002,dumbbell,4,2,random
624,77.1608957889727,0.95,0.2755284023597087,0.9833333333333333,0.28274023091158973,0.0,4.706137180328369,0.46734614979908745,0.0,5.208828449249268,dumbbell,4,2,random
899,77.25469201242424,0.95,0.0,0.9833333333333333,0.7245758392312416,0.0,4.7453718185424805,0.46564965218472076,0.0,4.357956886291504,dumbbell,4,2,random
573,-89.4743309567106,0.99,0.30598172466325324,0.9833333333333333,0.2826787642887245,0.625,5.0831780433654785,0.0530467469301666,0.0625,4.585928916931152,dumbbell,4,2,random
1217,-8.538751052468937,0.99,0.2759663428726663,0.9833333333333333,0.2707946144338145,0.25,5.060062408447266,-0.00443764071955631,0.0,4.955410957336426,dumbbell,4,2,random
1385,18.412053608732315,0.99,0.37019091598174214,0.9833333333333333,0.7704617399107503,0.0,5.224226474761963,0.13841689992462733,0.0,4.7749457359313965,dumbbell,4,2,random
946,19.339784927696368,0.99,0.3828387855097847,0.9833333333333333,0.7721652116429416,0.0,5.014490127563477,0.10971957397884867,0.0,4.881232738494873,dumbbell,4,2,random
1301,20.303473828641938,0.99,0.23582893153370443,0.9833333333333333,0.7283834352574123,0.0,4.889213562011719,-0.08362459309445897,0.0,4.707579612731934,dumbbell,4,2,random
1230,21.448751686455616,0.99,0.14178363783612016,0.9833333333333333,0.6724577074973865,0.0,4.718332290649414,-0.029709748750243334,0.0,4.573965549468994,dumbbell,4,2,random
1457,22.57358946536933,0.99,0.4768287832455891,0.9833333333333333,0.7198496748638323,0.0,4.985184192657471,0.9173567225172385,0.0,4.517960548400879,dumbbell,4,2,random
571,23.666984253330767,0.99,0.27027999033521366,0.9833333333333333,0.754302613317709,0.0,4.8935346603393555,-0.05640416183773578,0.0,4.982687950134277,dumbbell,4,2,random
924,24.527533101792898,0.99,0.397304210353995,0.9833333333333333,0.7652958179165774,0.0,4.915814399719238,0.26265455546924366,0.0,4.7611470222473145,dumbbell,4,2,random
823,25.554319107638825,0.99,0.22795993574576626,0.9833333333333333,0.7457815567926647,0.0,4.787815093994141,-0.07675904033315764,0.0,5.182338237762451,dumbbell,4,2,random
994,26.98560099700515,0.99,0.2378218996283234,0.9833333333333333,0.7456173317363938,0.0,4.869571208953857,-0.045001658232967534,0.0,4.82517671585083,dumbbell,4,2,random
1163,29.60507488970316,0.99,0.13439926672789893,0.9833333333333333,0.7246357596470575,0.0,4.870100498199463,-0.0825059563104601,0.0,4.591706275939941,dumbbell,4,2,random
390,31.576907604196748,0.99,0.5121726450775803,0.9833333333333333,0.7226014962789353,0.0,4.933579444885254,0.5635784058814863,0.0,3.9508018493652344,dumbbell,4,2,random
1295,34.08232543169007,0.99,0.5224505768706973,0.9833333333333333,0.7313675860080167,0.0,4.745574951171875,0.9114530773767329,0.0,3.3487348556518555,dumbbell,4,2,random
586,36.4980160372494,0.99,0.5281684586474522,0.9833333333333333,0.732625245786858,0.0,4.6906538009643555,0.34972720361432447,0.0,2.9468514919281006,dumbbell,4,2,random
217,39.23634755585502,0.99,0.21100491049194878,0.9833333333333333,0.737352866538525,0.0,4.833955764770508,-0.2402573598125652,0.0,5.105685710906982,dumbbell,4,2,random
1261,41.50045402102744,0.99,0.24208471352030822,0.9833333333333333,0.609067528087841,0.0,4.495957374572754,-0.012523736385751424,0.0,4.813412666320801,dumbbell,4,2,random
871,43.443978078512544,0.99,0.5578936647244285,0.9833333333333333,0.7722757395205557,0.0,4.658595085144043,0.5997758789422831,0.0,3.2379040718078613,dumbbell,4,2,random
597,45.14430565293006,0.99,0.270181200492108,0.9833333333333333,0.5713767655124753,0.0,4.622583389282227,0.04526637467272955,0.0,4.871999740600586,dumbbell,4,2,random
593,47.05520546807825,0.99,0.2779768731838979,0.9833333333333333,0.7538350448063775,0.0,4.238040924072266,0.0842024175709993,0.0,4.873162269592285,dumbbell,4,2,random
342,48.43388593624251,0.99,0.12120905617413535,0.9833333333333333,0.7124085408740738,0.0,4.898397445678711,-0.03682082385122262,0.0,4.526485443115234,dumbbell,4,2,random
1176,50.57230846924685,0.99,0.46765151519225145,0.9833333333333333,0.6722228901098584,0.0,4.714434623718262,0.7861869255298761,0.0,4.4379119873046875,dumbbell,4,2,random
125,52.12188627860323,0.99,0.43993962302570544,0.9833333333333333,0.5935605997158344,0.0,5.022850036621094,0.6314088591772873,0.0,4.950640678405762,dumbbell,4,2,random
346,53.97470017817947,0.99,0.2397415961944572,0.9833333333333333,0.42252541543020505,0.0,4.940023422241211,-0.0266598425466804,0.0,4.787353515625,dumbbell,4,2,random
109,55.46790113160581,0.99,0.3568921595735367,0.9833333333333333,0.7205252561116178,0.0,4.778926849365234,0.4753579149336068,0.0,4.754660129547119,dumbbell,4,2,random
968,57.735541290236945,0.99,0.0,0.9833333333333333,0.5458201234415427,0.0,4.712366580963135,-0.08251635613615847,0.0,3.8296303749084473,dumbbell,4,2,random
1432,58.76129588105154,0.99,0.16434224036432285,0.9833333333333333,0.4018789132189906,0.0,4.8797454833984375,-0.10660671301180907,0.0,4.234384059906006,dumbbell,4,2,random
470,59.89871874662367,0.99,0.5544298325566894,0.9833333333333333,0.6964799693200772,0.125,4.4332170486450195,0.6685413490241547,0.0,1.9976457357406616,dumbbell,4,2,random
1423,61.17976425858673,0.99,0.6767182074035324,0.9833333333333333,0.5786340372287007,0.0,4.804627895355225,0.8993647788052026,0.0,0.8587230443954468,dumbbell,4,2,random
221,63.08420225925783,0.99,0.2407353877073122,0.9833333333333333,0.08309451884245314,0.25,5.02224063873291,-0.0394441701126812,0.0,5.189877986907959,dumbbell,4,2,random
423,64.38947073839796,0.99,0.2955225573732136,0.9833333333333333,0.7395977450464112,0.0,4.749093055725098,0.13533783568935875,0.0625,4.383914470672607,dumbbell,4,2,random
1266,65.50748911630936,0.99,0.24016818445566807,0.9833333333333333,0.2900456292700264,0.0,4.945085525512695,-0.056041373326942145,0.0,4.653635025024414,dumbbell,4,2,random
1031,66.89016130566024,0.99,0.47853823908991266,0.9833333333333333,0.7244077053585423,0.0625,4.78364896774292,0.24936941535711676,0.0,4.932831764221191,dumbbell,4,2,random
1292,68.40600633253119,0.99,0.4862523530562611,0.9833333333333333,0.37891025605395484,0.0625,5.152695655822754,0.07742321774040431,0.0,4.768892288208008,dumbbell,4,2,random
753,69.43811993587649,0.99,0.4703439246583848,0.9833333333333333,0.5591077895454022,0.0625,4.779029369354248,0.7831706111065461,0.0,3.807821273803711,dumbbell,4,2,random
442,70.30348423992518,0.99,0.5307255423366095,0.9833333333333333,0.5504086431446489,0.0,4.8194499015808105,0.8205501602313241,0.0,4.127661228179932,dumbbell,4,2,random
1308,70.95204058539039,0.99,0.2861266304348429,0.9833333333333333,0.6115003603840125,0.0,4.359780788421631,-0.0011117482663189765,0.0,4.706883430480957,dumbbell,4,2,random
399,72.00565368072074,0.99,0.16239961444491402,0.9833333333333333,0.7233978232256835,0.0,4.531169891357422,-0.08786263852561166,0.0,4.559782028198242,dumbbell,4,2,random
1194,72.97015981071209,0.99,0.2587654342816493,0.9833333333333333,0.606691093484852,0.0625,4.395634651184082,0.05500669107138091,0.0,4.904186248779297,dumbbell,4,2,random
1483,73.662748301451,0.99,0.18500327818308918,0.9833333333333333,0.5449492739894428,0.0,4.620689392089844,-0.16194883972843352,0.0,4.808169364929199,dumbbell,4,2,random
1310,74.41341960154406,0.99,0.39507295629984884,0.9833333333333333,0.26700496267774587,0.0,4.67421817779541,0.26167814596986744,0.0,4.951101779937744,dumbbell,4,2,random
1378,74.9962910708659,0.99,0.40246344466407546,0.9833333333333333,0.36725641611724635,0.0625,4.64408540725708,0.018112560931552057,0.0,4.965414047241211,dumbbell,4,2,random
30,75.57346365311768,0.99,0.0853540275577091,0.9833333333333333,0.3178025976257509,0.0625,4.725564956665039,-0.029576629561929316,0.0,4.5951409339904785,dumbbell,4,2,random
979,76.18457645327706,0.99,0.42071148555852733,0.9833333333333333,0.5259085784301287,0.0,4.855618000030518,0.28309788841181627,0.0,4.975346088409424,dumbbell,4,2,random
100,76.58279125028083,0.99,0.2330015373417317,0.9833333333333333,0.6809837219046831,0.0625,4.78867244720459,-0.04397212487982885,0.0,5.132968902587891,dumbbell,4,2,random
850,76.97801057619286,0.99,0.3705890981272524,0.9833333333333333,0.7315201446478299,0.0,4.101715087890625,-0.0760723873797631,0.0,4.623886585235596,dumbbell,4,2,random
624,77.1608957889727,0.99,0.2755284023597087,0.9833333333333333,0.28274023091158973,0.0,4.706137180328369,-0.1299787704448715,0.0,4.885467052459717,dumbbell,4,2,random
899,77.25469201242424,0.99,0.0,0.9833333333333333,0.7245758392312416,0.0,4.7453718185424805,0.03904652205695942,0.0,3.8970255851745605,dumbbell,4,2,random
335,-104.71078372183979,0.95,0.36888232277878674,1.0,-0.024541613164305143,0.6875,5.910066604614258,0.19089068543666254,1.0,1.4571959972381592,necklace,3,0,proxy
772,-82.51338946012656,0.95,0.4818271215231152,1.0,0.26336722547003955,0.0625,5.559328079223633,0.4631516865553613,0.0625,3.0968539714813232,necklace,3,0,proxy
509,-57.096791843875046,0.95,0.25258570047618845,1.0,0.21936164784333717,0.25,5.436877250671387,0.013550836395256435,0.25,5.078087329864502,necklace,3,0,proxy
1062,-42.22771882859851,0.95,0.5949999893797957,1.0,0.371877132235166,0.125,5.596279144287109,0.3243739105516705,0.0,3.5166001319885254,necklace,3,0,proxy
332,-24.473084055687824,0.95,0.5385693233107361,1.0,0.2945988611287108,0.1875,5.391784191131592,0.7352625718850186,0.0,4.699928283691406,necklace,3,0,proxy
1099,-15.628732212654496,0.95,0.4249591632134345,1.0,0.02446387860648444,0.0625,5.3325347900390625,0.6150957935338517,0.0,4.670446395874023,necklace,3,0,proxy
1025,-9.229817795634366,0.95,0.4881079650473982,1.0,0.21223641250969116,0.125,5.231865882873535,0.5914888221574274,0.0,4.74806022644043,necklace,3,0,proxy
1293,-3.3239678053010966,0.95,0.5948844089400075,1.0,0.11222961746399149,0.0625,5.259145736694336,0.4951303378773394,0.0,4.403134346008301,necklace,3,0,proxy
1394,0.8468116893723129,0.95,0.36664748585038853,1.0,0.11196652854311721,0.0625,5.421835422515869,0.31007827606618954,0.0625,3.624770402908325,necklace,3,0,proxy
143,5.856466675885508,0.95,0.44158315213455057,1.0,0.3642690593223352,0.125,5.342396259307861,0.3984571542313716,0.0,4.938446521759033,necklace,3,0,proxy
566,9.168737767623048,0.95,0.560667173580496,1.0,0.36607115985718264,0.0,5.191999912261963,0.46637598183838247,0.0,4.535734176635742,necklace,3,0,proxy
302,12.859068462394776,0.95,0.584897340501302,1.0,0.5125270381351695,0.0625,5.136839389801025,0.9218803226083865,0.0,4.562446117401123,necklace,3,0,proxy
908,15.436448846868048,0.95,0.17582092777310704,1.0,0.2015893818647852,0.0,5.039294242858887,0.18229209028060817,0.0,3.9311866760253906,necklace,3,0,proxy
1154,18.118131969755776,0.95,0.4773787235402062,1.0,0.15880148797192367,0.0625,5.0465545654296875,0.41344802168006733,0.0,4.7016777992248535,necklace,3,0,proxy
40,21.493451081948805,0.95,0.4602573528571988,1.0,0.2728412665523951,0.0,5.086325645446777,0.4846934794204059,0.0,4.2541985511779785,necklace,3,0,proxy
1328,23.089373704780517,0.95,0.30364104625817623,1.0,0.35208329348426615,0.0,5.198464393615723,0.18601169768669057,0.0,4.194357395172119,necklace,3,0,proxy
895,25.074690740874605,0.95,0.6256796005041461,1.0,0.2762884603432257,0.125,5.077802658081055,0.44149644796007836,0.0,4.378830432891846,necklace,3,0,proxy
1467,26.47113705150962,0.95,0.5870603536664525,1.0,0.4547778618129054,0.0,5.1588544845581055,0.576395800718429,0.0,4.64202880859375,necklace,3,0,proxy
517,28.512936229597535,0.95,0.41182071004740206,1.0,0.2802951733787288,0.0,5.265294075012207,0.323840413825381,0.0,4.809640884399414,necklace,3,0,proxy
557,29.61120559302158,0.95,0.29946178137301105,1.0,0.32326500761821225,0.0,5.0635504722595215,0.30565304457594766,0.0,4.151727676391602,necklace,3,0,proxy
554,31.497687509433007,0.95,0.33933137619224946,1.0,0.47844584117057587,0.125,5.085262298583984,0.28441749717085574,0.0,4.00061559677124,necklace,3,0,proxy
485,32.88050199639867,0.95,0.7391869461872675,1.0,0.15427161811622972,0.0625,5.0913801193237305,0.6066605593792287,0.0,4.4879679679870605,necklace,3,0,proxy
427,33.95819686005584,0.95,0.5451007042990087,1.0,0.3827301398485105,0.0,5.24529504776001,0.4350860187304644,0.0,4.487194538116455,necklace,3,0,proxy
620,34.9164023064792,0.95,0.1580289760735155,1.0,0.5483392272628338,0.0,4.831394672393799,0.08024095850523077,0.0,3.9367835521698,necklace,3,0,proxy
1065,35.79853234462402,0.95,0.5620985499611763,1.0,0.42652556050389334,0.0,4.943490028381348,0.580310960602552,0.0,4.043503284454346,necklace,3,0,proxy
688,36.44301995518739,0.95,0.34812651546887663,1.0,0.3584806516097468,0.0,4.981746673583984,0.2972333643060372,0.0,4.970311164855957,necklace,3,0,proxy
943,37.414812569860985,0.95,0.3410315991573245,1.0,0.29884343284871273,0.0,4.893445014953613,0.20542852812204004,0.0,4.3977203369140625,necklace,3,0,proxy
776,38.32261524532883,0.95,0.13985664688929222,1.0,0.3983429981259393,0.0,4.922512531280518,0.3821762394200715,0.0,4.750621795654297,necklace,3,0,proxy
309,38.91090647798224,0.95,0.6992841084257024,1.0,0.5466777300808955,0.0,5.072829246520996,0.4762319626967671,0.0,4.411057472229004,necklace,3,0,proxy
1219,39.703673013211564,0.95,0.15448738814260468,1.0,0.5172439726131591,0.0,4.80673360824585,0.19082634002038834,0.0,4.15645694732666,necklace,3,0,proxy
161,40.512253631050285,0.95,0.43516771739303317,1.0,0.2845539914728486,0.0,4.936862468719482,0.333251925078966,0.0,4.78170108795166,necklace,3,0,proxy
713,40.91411010794397,0.95,0.0,1.0,0.19345701957397543,0.0,4.617264270782471,0.14590001913008963,0.0,3.732576608657837,necklace,3,0,proxy
1393,41.41131377959328,0.95,0.0,1.0,0.41033226852515936,0.0,4.704756736755371,0.16215616162625998,0.0,3.761486291885376,necklace,3,0,proxy
356,41.88658103953931,0.95,0.16496319699080086,1.0,0.5687546750222343,0.0,4.873449325561523,0.2352218698196194,0.0,3.500887155532837,necklace,3,0,proxy
1181,42.2515850687245,0.95,0.44077648065952113,1.0,0.4306867267217655,0.0,5.158108711242676,0.6260193443151396,0.0,4.319962024688721,necklace,3,0,proxy
227,42.67722497445519,0.95,0.2831386479619172,1.0,0.2211838347599971,0.0,4.925165176391602,0.12572005358436472,0.0,4.126441955566406,necklace,3,0,proxy
791,43.00517317546537,0.95,0.6568109054660785,1.0,0.3584098767248175,0.0,5.063353538513184,0.593838807400263,0.0,4.270519733428955,necklace,3,0,proxy
381,43.37782592507713,0.95,0.0,1.0,0.34288138243705624,0.0,4.786700248718262,0.48294333816875323,0.0,4.605454444885254,necklace,3,0,proxy
1094,43.64355295500978,0.95,0.4165589559375328,1.0,0.4103192983846806,0.0,4.9995527267456055,0.5177264791825245,0.0,4.298577785491943,necklace,3,0,proxy
933,43.96591203796956,0.95,0.27641473753278045,1.0,0.3086508767708124,0.0,4.913660049438477,0.2883819445029669,0.0,4.314953804016113,necklace,3,0,proxy
1400,44.19092354280781,0.95,0.07071666673042458,1.0,0.3739879509827337,0.0,4.8393659591674805,0.2822853774088338,0.0,3.792680025100708,necklace,3,0,proxy
467,44.416262082701365,0.95,0.781474959141036,1.0,0.4111762578694562,0.0,5.028943061828613,0.3744401149672689,0.0,4.434990882873535,necklace,3,0,proxy
1498,44.58813297092736,0.95,0.19989086845038367,1.0,0.5040216703254641,0.0,4.890008926391602,0.1987706752375617,0.0,4.930155277252197,necklace,3,0,proxy
21,44.7811025105556,0.95,0.34471246088667606,1.0,0.48572249780155174,0.0,4.848052024841309,0.31502195984934156,0.0625,4.713903427124023,necklace,3,0,proxy
6,44.926865426369766,0.95,0.6692721023141627,1.0,0.4436394815202458,0.0,5.089375019073486,0.5548862068786288,0.0,4.620339393615723,necklace,3,0,proxy
650,45.016618915001885,0.95,0.21380556995477562,1.0,0.5070586636240334,0.0,4.9687018394470215,0.290243300316726,0.0,5.016998767852783,necklace,3,0,proxy
548,45.10846388143919,0.95,0.572601470483616,1.0,0.578038075058962,0.0,4.842616081237793,0.6620634328451608,0.0,4.462381362915039,necklace,3,0,proxy
701,45.159195675909615,0.95,0.6477017410469031,1.0,0.4310056883732125,0.0,4.9805779457092285,0.5929556244472791,0.0,4.318785667419434,necklace,3,0,proxy
335,-104.71078372183979,0.99,0.36888232277878674,1.0,-0.024541613164305143,0.6875,5.910066604614258,0.2706451216740409,1.0,1.6607320308685303,necklace,3,0,proxy
772,-82.51338946012656,0.99,0.4818271215231152,1.0,0.26336722547003955,0.0625,5.559328079223633,0.4402104345709965,0.0,4.056446552276611,necklace,3,0,proxy
509,-57.096791843875046,0.99,0.25258570047618845,1.0,0.21936164784333717,0.25,5.436877250671387,0.31354732721123846,0.0625,5.105582237243652,necklace,3,0,proxy
1062,-42.22771882859851,0.99,0.5949999893797957,1.0,0.371877132235166,0.125,5.596279144287109,0.5558276672919049,0.0,4.328722953796387,necklace,3,0,proxy
332,-24.473084055687824,0.99,0.5385693233107361,1.0,0.2945988611287108,0.1875,5.391784191131592,0.6523930076553832,0.0,5.432293891906738,necklace,3,0,proxy
1099,-15.628732212654496,0.99,0.4249591632134345,1.0,0.02446387860648444,0.0625,5.3325347900390625,0.5239509891964725,0.0,4.870789527893066,necklace,3,0,proxy
1025,-9.229817795634366,0.99,0.4881079650473982,1.0,0.21223641250969116,0.125,5.231865882873535,0.6293713567291046,0.0,5.613595962524414,necklace,3,0,proxy
1293,-3.3239678053010966,0.99,0.5948844089400075,1.0,0.11222961746399149,0.0625,5.259145736694336,0.6497199495409909,0.0,4.839655876159668,necklace,3,0,proxy
1394,0.8468116893723129,0.99,0.36664748585038853,1.0,0.11196652854311721,0.0625,5.421835422515869,0.16661577395333305,0.25,4.4699811935424805,necklace,3,0,proxy
143,5.856466675885508,0.99,0.44158315213455057,1.0,0.3642690593223352,0.125,5.342396259307861,0.6553765429892642,0.0,5.492828845977783,necklace,3,0,proxy
566,9.168737767623048,0.99,0.560667173580496,1.0,0.36607115985718264,0.0,5.191999912261963,0.6023891280080109,0.0,4.9756245613098145,necklace,3,0,proxy
302,12.859068462394776,0.99,0.584897340501302,1.0,0.5125270381351695,0.0625,5.136839389801025,0.554396055243755,0.0,5.312722206115723,necklace,3,0,proxy
908,15.436448846868048,0.99,0.17582092777310704,1.0,0.2015893818647852,0.0,5.039294242858887,0.15721319070506018,0.0,3.803007125854492,necklace,3,0,proxy
1154,18.118131969755776,0.99,0.4773787235402062,1.0,0.15880148797192367,0.0625,5.0465545654296875,0.582304408080137,0.0,5.373004913330078,necklace,3,0,proxy
40,21.493451081948805,0.99,0.4602573528571988,1.0,0.2728412665523951,0.0,5.086325645446777,0.4539324907781318,0.0,4.886353492736816,necklace,3,0,proxy
1328,23.089373704780517,0.99,0.30364104625817623,1.0,0.35208329348426615,0.0,5.198464393615723,0.27159279965542504,0.0625,4.235454082489014,necklace,3,0,proxy
895,25.074690740874605,0.99,0.6256796005041461,1.0,0.2762884603432257,0.125,5.077802658081055,0.6912781800474426,0.0,4.674217224121094,necklace,3,0,proxy
1467,26.47113705150962,0.99,0.5870603536664525,1.0,0.4547778618129054,0.0,5.1588544845581055,0.4929511526954258,0.0,5.148806571960449,necklace,3,0,proxy
517,28.512936229597535,0.99,0.41182071004740206,1.0,0.2802951733787288,0.0,5.265294075012207,0.16423618198786422,0.0,4.644320011138916,necklace,3,0,proxy
557,29.61120559302158,0.99,0.29946178137301105,1.0,0.32326500761821225,0.0,5.0635504722595215,0.33715447094803186,0.0,4.155672073364258,necklace,3,0,proxy
554,31.497687509433007,0.99,0.33933137619224946,1.0,0.47844584117057587,0.125,5.085262298583984,0.2863321626448336,0.0,4.025798797607422,necklace,3,0,proxy
485,32.88050199639867,0.99,0.7391869461872675,1.0,0.15427161811622972,0.0625,5.0913801193237305,0.8799517347090433,0.0,5.015138149261475,necklace,3,0,proxy
427,33.95819686005584,0.99,0.5451007042990087,1.0,0.3827301398485105,0.0,5.24529504776001,0.42623956547419106,0.0,4.598772048950195,necklace,3,0,proxy
620,34.9164023064792,0.99,0.1580289760735155,1.0,0.5483392272628338,0.0,4.831394672393799,0.4483902260062178,0.0,4.426175594329834,necklace,3,0,proxy
1065,35.79853234462402,0.99,0.5620985499611763,1.0,0.42652556050389334,0.0,4.943490028381348,0.4326593447428775,0.0,4.60076904296875,necklace,3,0,proxy
688,36.44301995518739,0.99,0.34812651546887663,1.0,0.3584806516097468,0.0,4.981746673583984,0.18440627928046974,0.0,5.121635913848877,necklace,3,0,proxy
943,37.414812569860985,0.99,0.3410315991573245,1.0,0.29884343284871273,0.0,4.893445014953613,0.19383835924550058,0.125,4.551380634307861,necklace,3,0,proxy
776,38.32261524532883,0.99,0.13985664688929222,1.0,0.3983429981259393,0.0,4.922512531280518,0.40721258754312895,0.0,4.8334736824035645,necklace,3,0,proxy
309,38.91090647798224,0.99,0.6992841084257024,1.0,0.5466777300808955,0.0,5.072829246520996,0.5402887154624428,0.0,4.878186225891113,necklace,3,0,proxy
1219,39.703673013211564,0.99,0.15448738814260468,1.0,0.5172439726131591,0.0,4.80673360824585,0.3834177764608711,0.0,4.681619167327881,necklace,3,0,proxy
161,40.512253631050285,0.99,0.43516771739303317,1.0,0.2845539914728486,0.0,4.936862468719482,0.28421087496283604,0.0,4.678621292114258,necklace,3,0,proxy
713,40.91411010794397,0.99,0.0,1.0,0.19345701957397543,0.0,4.617264270782471,-0.03857752176265496,0.0,3.596680164337158,necklace,3,0,proxy
1393,41.41131377959328,0.99,0.0,1.0,0.41033226852515936,0.0,4.704756736755371,-0.06575705969277434,0.0,3.6161742210388184,necklace,3,0,proxy
356,41.88658103953931,0.99,0.16496319699080086,1.0,0.5687546750222343,0.0,4.873449325561523,0.21897662702222973,0.0,3.758155107498169,necklace,3,0,proxy
1181,42.2515850687245,0.99,0.44077648065952113,1.0,0.4306867267217655,0.0,5.158108711242676,0.5039689424392064,0.0,4.797721862792969,necklace,3,0,proxy
227,42.67722497445519,0.99,0.2831386479619172,1.0,0.2211838347599971,0.0,4.925165176391602,0.3343167493120809,0.0,3.9594669342041016,necklace,3,0,proxy
791,43.00517317546537,0.99,0.6568109054660785,1.0,0.3584098767248175,0.0,5.063353538513184,0.7551331129085829,0.0,4.575553894042969,necklace,3,0,proxy
381,43.37782592507713,0.99,0.0,1.0,0.34288138243705624,0.0,4.786700248718262,0.11054528600363042,0.0,4.491527557373047,necklace,3,0,proxy
1094,43.64355295500978,0.99,0.4165589559375328,1.0,0.4103192983846806,0.0,4.9995527267456055,0.4023745644797201,0.0,4.573124885559082,necklace,3,0,proxy
933,43.96591203796956,0.99,0.27641473753278045,1.0,0.3086508767708124,0.0,4.913660049438477,0.3311908175272073,0.0625,4.724752426147461,necklace,3,0,proxy
1400,44.19092354280781,0.99,0.07071666673042458,1.0,0.3739879509827337,0.0,4.8393659591674805,0.5258249885079145,0.0,4.229443073272705,necklace,3,0,proxy
467,44.416262082701365,0.99,0.781474959141036,1.0,0.4111762578694562,0.0,5.028943061828613,0.7472218621131081,0.0,5.189633846282959,necklace,3,0,proxy
1498,44.58813297092736,0.99,0.19989086845038367,1.0,0.5040216703254641,0.0,4.890008926391602,0.13616772224123447,0.0,4.923262596130371,necklace,3,0,proxy
21,44.7811025105556,0.99,0.34471246088667606,1.0,0.48572249780155174,0.0,4.848052024841309,0.23626976265113342,0.0,4.85401725769043,necklace,3,0,proxy
6,44.926865426369766,0.99,0.6692721023141627,1.0,0.4436394815202458,0.0,5.089375019073486,0.6237566069429976,0.0,5.087721347808838,necklace,3,0,proxy
650,45.016618915001885,0.99,0.21380556995477562,1.0,0.5070586636240334,0.0,4.9687018394470215,0.19329920384385285,0.0,4.967432975769043,necklace,3,0,proxy
548,45.10846388143919,0.99,0.572601470483616,1.0,0.578038075058962,0.0,4.842616081237793,0.6968508717024945,0.0,5.2457427978515625,necklace,3,0,proxy
701,45.159195675909615,0.99,0.6477017410469031,1.0,0.4310056883732125,0.0,4.9805779457092285,0.5285516623663686,0.0,4.819413185119629,necklace,3,0,proxy
335,-104.71078372183979,0.95,0.29409055514107163,0.9166666666666666,-0.024541613164305143,0.6875,5.910066604614258,0.3775835343258888,0.0625,4.082736968994141,necklace,3,0,random
772,-82.51338946012656,0.95,0.3370402060500642,0.9166666666666666,0.26336722547003955,0.0625,5.559328079223633,0.7534216290838638,0.1875,3.7334930896759033,necklace,3,0,random
509,-57.096791843875046,0.95,0.2670830710986508,0.9166666666666666,0.21936164784333717,0.25,5.436877250671387,0.4484953349452042,0.0625,4.566839218139648,necklace,3,0,random
1062,-42.22771882859851,0.95,0.42521733236464376,0.9166666666666666,0.371877132235166,0.125,5.596279144287109,0.47643396569396673,0.0,4.361518859863281,necklace,3,0,random
332,-24.473084055687824,0.95,0.2836635095210154,0.9166666666666666,0.2945988611287108,0.1875,5.391784191131592,0.578951166105684,0.0,4.866176605224609,necklace,3,0,random
1099,-15.628732212654496,0.95,0.44812902985330333,0.9166666666666666,0.02446387860648444,0.0625,5.3325347900390625,0.8345181232300398,0.0,5.422089576721191,necklace,3,0,random
1025,-9.229817795634366,0.95,0.23116109536553114,0.9166666666666666,0.21223641250969116,0.125,5.231865882873535,0.23077819343211872,0.5625,4.406359672546387,necklace,3,0,random
1293,-3.3239678053010966,0.95,0.20307771452343926,0.9166666666666666,0.11222961746399149,0.0625,5.259145736694336,0.5607620602545302,0.0,3.5014729499816895,necklace,3,0,random
1394,0.8468116893723129,0.95,0.28454385022021644,0.9166666666666666,0.11196652854311721,0.0625,5.421835422515869,0.4793440431576681,0.125,4.0277557373046875,necklace,3,0,random
143,5.856466675885508,0.95,0.4151435757156847,0.9166666666666666,0.3642690593223352,0.125,5.342396259307861,0.8252660166018486,0.0,5.461879730224609,necklace,3,0,random
566,9.168737767623048,0.95,0.34388122245219854,0.9166666666666666,0.36607115985718264,0.0,5.191999912261963,0.6652560958698164,0.0,4.495014190673828,necklace,3,0,random
302,12.859068462394776,0.95,0.18972759695524094,0.9166666666666666,0.5125270381351695,0.0625,5.136839389801025,0.5024281199993916,0.0,4.6166229248046875,necklace,3,0,random
908,15.436448846868048,0.95,0.2872806926511152,0.9166666666666666,0.2015893818647852,0.0,5.039294242858887,0.41563218800739304,0.0,4.834053993225098,necklace,3,0,random
1154,18.118131969755776,0.95,0.29323877362636996,0.9166666666666666,0.15880148797192367,0.0625,5.0465545654296875,0.26177052045851523,0.0625,4.889791488647461,necklace,3,0,random
40,21.493451081948805,0.95,0.16079557148418774,0.9166666666666666,0.2728412665523951,0.0,5.086325645446777,0.594796360294886,0.0,4.989805221557617,necklace,3,0,random
1328,23.089373704780517,0.95,0.1393452966860014,0.9166666666666666,0.35208329348426615,0.0,5.198464393615723,0.3507069953329326,0.0,4.7498040199279785,necklace,3,0,random
895,25.074690740874605,0.95,0.13917557414520534,0.9166666666666666,0.2762884603432257,0.125,5.077802658081055,0.5450498757396929,0.0,3.0808005332946777,necklace,3,0,random
1467,26.47113705150962,0.95,0.14163790125735232,0.9166666666666666,0.4547778618129054,0.0,5.1588544845581055,0.66530156602344,0.0,4.5349650382995605,necklace,3,0,random
517,28.512936229597535,0.95,0.21172089570769903,0.9166666666666666,0.2802951733787288,0.0,5.265294075012207,0.1290222831425616,0.1875,4.7191033363342285,necklace,3,0,random
557,29.61120559302158,0.95,0.0,0.9166666666666666,0.32326500761821225,0.0,5.0635504722595215,0.706432583715295,0.0,4.354562759399414,necklace,3,0,random
554,31.497687509433007,0.95,0.31583757534961276,0.9166666666666666,0.47844584117057587,0.125,5.085262298583984,0.6821282135445865,0.0,4.914365291595459,necklace,3,0,random
485,32.88050199639867,0.95,0.17761697419963238,0.9166666666666666,0.15427161811622972,0.0625,5.0913801193237305,0.2559934186827903,0.0,4.8940300941467285,necklace,3,0,random
427,33.95819686005584,0.95,0.543860574980015,0.9166666666666666,0.3827301398485105,0.0,5.24529504776001,0.9084492930161427,0.0,4.3929829597473145,necklace,3,0,random
620,34.9164023064792,0.95,0.4355156908877258,0.9166666666666666,0.5483392272628338,0.0,4.831394672393799,0.8912163808312208,0.0,5.250385761260986,necklace,3,0,random
1065,35.79853234462402,0.95,0.4652538807357903,0.9166666666666666,0.42652556050389334,0.0,4.943490028381348,0.8393642514125091,0.0,4.668258190155029,necklace,3,0,random
688,36.44301995518739,0.95,0.23906389242907847,0.9166666666666666,0.3584806516097468,0.0,4.981746673583984,0.14726909503587418,0.0625,4.204578399658203,necklace,3,0,random
943,37.414812569860985,0.95,0.3952389593330893,0.9166666666666666,0.29884343284871273,0.0,4.893445014953613,0.5742159511653988,0.0,4.720901012420654,necklace,3,0,random
776,38.32261524532883,0.95,0.3051949101182867,0.9166666666666666,0.3983429981259393,0.0,4.922512531280518,0.6645211313684443,0.0,4.756840705871582,necklace,3,0,random
309,38.91090647798224,0.95,0.1873548413688487,0.9166666666666666,0.5466777300808955,0.0,5.072829246520996,0.3464682859320209,0.0625,3.384944438934326,necklace,3,0,random
1219,39.703673013211564,0.95,0.1762004920335336,0.9166666666666666,0.5172439726131591,0.0,4.80673360824585,0.5735163015926914,0.0,4.5602312088012695,necklace,3,0,random
161,40.512253631050285,0.95,0.1001863764627938,0.9166666666666666,0.2845539914728486,0.0,4.936862468719482,0.26599309153443706,0.0,3.300619602203369,necklace,3,0,random
713,40.91411010794397,0.95,0.3121498052429643,0.9166666666666666,0.19345701957397543,0.0,4.617264270782471,0.2585093913630089,0.0,4.945681571960449,necklace,3,0,random
1393,41.41131377959328,0.95,0.12749150364647635,0.9166666666666666,0.41033226852515936,0.0,4.704756736755371,0.5067255846557983,0.0,4.7350993156433105,necklace,3,0,random
356,41.88658103953931,0.95,0.3900368451865957,0.9166666666666666,0.5687546750222343,0.0,4.873449325561523,0.4949002073677204,0.0,4.521023273468018,necklace,3,0,random
1181,42.2515850687245,0.95,0.23464018441346615,0.9166666666666666,0.4306867267217655,0.0,5.158108711242676,0.22428991859810843,0.25,4.944252967834473,necklace,3,0,random
227,42.67722497445519,0.95,0.09879141032062898,0.9166666666666666,0.2211838347599971,0.0,4.925165176391602,0.49589924307628425,0.0,4.427101135253906,necklace,3,0,random
791,43.00517317546537,0.95,0.3758098371881994,0.9166666666666666,0.3584098767248175,0.0,5.063353538513184,0.8344184637738599,0.0,4.610592365264893,necklace,3,0,random
381,43.37782592507713,0.95,0.25129893568594014,0.9166666666666666,0.34288138243705624,0.0,4.786700248718262,0.08078080158421165,0.0,4.6091742515563965,necklace,3,0,random
1094,43.64355295500978,0.95,0.1407010615125678,0.9166666666666666,0.4103192983846806,0.0,4.9995527267456055,0.703281659865354,0.0,4.921924591064453,necklace,3,0,random
933,43.96591203796956,0.95,0.35529746607085055,0.9166666666666666,0.3086508767708124,0.0,4.913660049438477,0.48683566585122334,0.0,5.153671741485596,necklace,3,0,random
1400,44.19092354280781,0.95,0.35608348907263276,0.9166666666666666,0.3739879509827337,0.0,4.8393659591674805,0.5691208018831357,0.0,5.349815845489502,necklace,3,0,random
467,44.416262082701365,0.95,0.4922814966391102,0.9166666666666666,0.4111762578694562,0.0,5.028943061828613,0.9015450075364002,0.0,4.683789253234863,necklace,3,0,random
1498,44.58813297092736,0.95,0.15606898675633035,0.9166666666666666,0.5040216703254641,0.0,4.890008926391602,0.5507224490186982,0.0,4.965237617492676,necklace,3,0,random
21,44.7811025105556,0.95,0.33457156875136534,0.9166666666666666,0.48572249780155174,0.0,4.848052024841309,0.7833181512731217,0.0,5.081300258636475,necklace,3,0,random
6,44.926865426369766,0.95,0.29109869623551915,0.9166666666666666,0.4436394815202458,0.0,5.089375019073486,0.4883512173731207,0.0625,3.9558424949645996,necklace,3,0,random
650,45.016618915001885,0.95,0.29766665560904887,0.9166666666666666,0.5070586636240334,0.0,4.9687018394470215,0.3105916614117032,0.0,5.03253173828125,necklace,3,0,random
548,45.10846388143919,0.95,0.0740742281327884,0.9166666666666666,0.578038075058962,0.0,4.842616081237793,0.672329223526737,0.0,4.442407131195068,necklace,3,0,random
701,45.159195675909615,0.95,0.1576903066838089,0.9166666666666666,0.4310056883732125,0.0,4.9805779457092285,0.17021692665134885,0.0,3.5971007347106934,necklace,3,0,random
335,-104.71078372183979,0.99,0.29409055514107163,0.9166666666666666,-0.024541613164305143,0.6875,5.910066604614258,0.2976478062240401,0.0,5.4631500244140625,necklace,3,0,random
772,-82.51338946012656,0.99,0.3370402060500642,0.9166666666666666,0.26336722547003955,0.0625,5.559328079223633,0.3029825089760008,0.0,5.734681606292725,necklace,3,0,random
509,-57.096791843875046,0.99,0.2670830710986508,0.9166666666666666,0.21936164784333717,0.25,5.436877250671387,0.22014126433282577,0.0,5.46245002746582,necklace,3,0,random
1062,-42.22771882859851,0.99,0.42521733236464376,0.9166666666666666,0.371877132235166,0.125,5.596279144287109,0.6115647182412522,0.0,5.6522064208984375,necklace,3,0,random
332,-24.473084055687824,0.99,0.2836635095210154,0.9166666666666666,0.2945988611287108,0.1875,5.391784191131592,0.19336146209285493,0.0,5.52072286605835,necklace,3,0,random
1099,-15.628732212654496,0.99,0.44812902985330333,0.9166666666666666,0.02446387860648444,0.0625,5.3325347900390625,0.5182351916253358,0.0,5.564397811889648,necklace,3,0,random
1025,-9.229817795634366,0.99,0.23116109536553114,0.9166666666666666,0.21223641250969116,0.125,5.231865882873535,0.01581820462787302,0.0625,5.407435417175293,necklace,3,0,random
1293,-3.3239678053010966,0.99,0.20307771452343926,0.9166666666666666,0.11222961746399149,0.0625,5.259145736694336,0.5866420164224297,0.0,4.468964576721191,necklace,3,0,random
1394,0.8468116893723129,0.99,0.28454385022021644,0.9166666666666666,0.11196652854311721,0.0625,5.421835422515869,0.2332012478224324,0.0,5.075992584228516,necklace,3,0,random
143,5.856466675885508,0.99,0.4151435757156847,0.9166666666666666,0.3642690593223352,0.125,5.342396259307861,0.601878001342078,0.0,5.653933525085449,necklace,3,0,random
566,9.168737767623048,0.99,0.34388122245219854,0.9166666666666666,0.36607115985718264,0.0,5.191999912261963,0.6407549582180583,0.0,5.768838405609131,necklace,3,0,random
302,12.859068462394776,0.99,0.18972759695524094,0.9166666666666666,0.5125270381351695,0.0625,5.136839389801025,0.3441737319014838,0.0,5.420945644378662,necklace,3,0,random
908,15.436448846868048,0.99,0.2872806926511152,0.9166666666666666,0.2015893818647852,0.0,5.039294242858887,0.33144760659758327,0.0,5.131579875946045,necklace,3,0,random
1154,18.118131969755776,0.99,0.29323877362636996,0.9166666666666666,0.15880148797192367,0.0625,5.0465545654296875,0.22697082250762987,0.0,5.530272483825684,necklace,3,0,random
40,21.493451081948805,0.99,0.16079557148418774,0.9166666666666666,0.2728412665523951,0.0,5.086325645446777,0.3724273969978443,0.0,5.411141395568848,necklace,3,0,random
1328,23.089373704780517,0.99,0.1393452966860014,0.9166666666666666,0.35208329348426615,0.0,5.198464393615723,0.2927403960230369,0.0,5.050079345703125,necklace,3,0,random
895,25.074690740874605,0.99,0.13917557414520534,0.9166666666666666,0.2762884603432257,0.125,5.077802658081055,0.550222893056274,0.125,4.503166198730469,necklace,3,0,random
1467,26.47113705150962,0.99,0.14163790125735232,0.9166666666666666,0.4547778618129054,0.0,5.1588544845581055,0.3695013860286992,0.0,5.454385757446289,necklace,3,0,random
517,28.512936229597535,0.99,0.21172089570769903,0.9166666666666666,0.2802951733787288,0.0,5.265294075012207,0.4377932022411221,0.0,5.084158897399902,necklace,3,0,random
557,29.61120559302158,0.99,0.0,0.9166666666666666,0.32326500761821225,0.0,5.0635504722595215,0.6948208096753301,0.0,4.817980766296387,necklace,3,0,random
554,31.497687509433007,0.99,0.31583757534961276,0.9166666666666666,0.47844584117057587,0.125,5.085262298583984,0.37127801782867487,0.0,5.305837631225586,necklace,3,0,random
485,32.88050199639867,0.99,0.17761697419963238,0.9166666666666666,0.15427161811622972,0.0625,5.0913801193237305,0.3907929404681354,0.0,5.383358955383301,necklace,3,0,random
427,33.95819686005584,0.99,0.543860574980015,0.9166666666666666,0.3827301398485105,0.0,5.24529504776001,0.8867406477872674,0.0,5.578232288360596,necklace,3,0,random
620,34.9164023064792,0.99,0.4355156908877258,0.9166666666666666,0.5483392272628338,0.0,4.831394672393799,0.8085783853458461,0.0,5.584311485290527,necklace,3,0,random
1065,35.79853234462402,0.99,0.4652538807357903,0.9166666666666666,0.42652556050389334,0.0,4.943490028381348,0.7908600339544407,0.0,5.615654468536377,necklace,3,0,random
688,36.44301995518739,0.99,0.23906389242907847,0.9166666666666666,0.3584806516097468,0.0,4.981746673583984,0.2905642816277174,0.0,5.322027206420898,necklace,3,0,random
943,37.414812569860985,0.99,0.3952389593330893,0.9166666666666666,0.29884343284871273,0.0,4.893445014953613,0.6327457893705034,0.0,5.6849541664123535,necklace,3,0,random
776,38.32261524532883,0.99,0.3051949101182867,0.9166666666666666,0.3983429981259393,0.0,4.922512531280518,0.33757111048853755,0.0,5.505703926086426,necklace,3,0,random
309,38.91090647798224,0.99,0.1873548413688487,0.9166666666666666,0.5466777300808955,0.0,5.072829246520996,0.6307750330596675,0.0,4.364965915679932,necklace,3,0,random
1219,39.703673013211564,0.99,0.1762004920335336,0.9166666666666666,0.5172439726131591,0.0,4.80673360824585,0.6877822728689236,0.1875,5.479582786560059,necklace,3,0,random
161,40.512253631050285,0.99,0.1001863764627938,0.9166666666666666,0.2845539914728486,0.0,4.936862468719482,0.4973104880441549,0.0,4.108017921447754,necklace,3,0,random
713,40.91411010794397,0.99,0.3121498052429643,0.9166666666666666,0.19345701957397543,0.0,4.617264270782471,0.490043926893243,0.0,5.506505012512207,necklace,3,0,random
1393,41.41131377959328,0.99,0.12749150364647635,0.9166666666666666,0.41033226852515936,0.0,4.704756736755371,0.3588728452711468,0.0,4.89363956451416,necklace,3,0,random
356,41.88658103953931,0.99,0.3900368451865957,0.9166666666666666,0.5687546750222343,0.0,4.873449325561523,0.9636601493863004,0.0,5.739611625671387,necklace,3,0,random
1181,42.2515850687245,0.99,0.23464018441346615,0.9166666666666666,0.4306867267217655,0.0,5.158108711242676,0.09804012617787354,0.0,5.31574010848999,necklace,3,0,random
227,42.67722497445519,0.99,0.09879141032062898,0.9166666666666666,0.2211838347599971,0.0,4.925165176391602,0.28798635706948755,0.0,4.936653137207031,necklace,3,0,random
791,43.00517317546537,0.99,0.3758098371881994,0.9166666666666666,0.3584098767248175,0.0,5.063353538513184,0.8533524655728437,0.0,5.816267967224121,necklace,3,0,random
381,43.37782592507713,0.99,0.25129893568594014,0.9166666666666666,0.34288138243705624,0.0,4.786700248718262,0.18637380166692316,0.0,5.343652725219727,necklace,3,0,random
1094,43.64355295500978,0.99,0.1407010615125678,0.9166666666666666,0.4103192983846806,0.0,4.9995527267456055,0.36040352202863746,0.125,5.398175239562988,necklace,3,0,random
933,43.96591203796956,0.99,0.35529746607085055,0.9166666666666666,0.3086508767708124,0.0,4.913660049438477,0.4687310986457179,0.0,5.829453468322754,necklace,3,0,random
1400,44.19092354280781,0.99,0.35608348907263276,0.9166666666666666,0.3739879509827337,0.0,4.8393659591674805,0.4736765525711559,0.0,5.8646392822265625,necklace,3,0,random
467,44.416262082701365,0.99,0.4922814966391102,0.9166666666666666,0.4111762578694562,0.0,5.028943061828613,0.779638381306551,0.0,5.5223588943481445,necklace,3,0,random
1498,44.58813297092736,0.99,0.15606898675633035,0.9166666666666666,0.5040216703254641,0.0,4.890008926391602,0.33065754603390635,0.0,5.383561134338379,necklace,3,0,random
21,44.7811025105556,0.99,0.33457156875136534,0.9166666666666666,0.48572249780155174,0.0,4.848052024841309,0.26099342879124726,0.0,5.6118059158325195,necklace,3,0,random
6,44.926865426369766,0.99,0.29109869623551915,0.9166666666666666,0.4436394815202458,0.0,5.089375019073486,0.20754694920166858,0.0625,5.274112701416016,necklace,3,0,random
650,45.016618915001885,0.99,0.29766665560904887,0.9166666666666666,0.5070586636240334,0.0,4.9687018394470215,0.3096102253786323,0.0,5.578229904174805,necklace,3,0,random
548,45.10846388143919,0.99,0.0740742281327884,0.9166666666666666,0.578038075058962,0.0,4.842616081237793,0.6354385707070163,0.0,5.000533103942871,necklace,3,0,random
701,45.159195675909615,0.99,0.1576903066838089,0.9166666666666666,0.4310056883732125,0.0,4.9805779457092285,0.5726707450851263,0.0,4.432379722595215,necklace,3,0,random
85,-99.19932894816175,0.95,0.48773440352510156,1.0,-0.02327772665403717,1.0,6.034862518310547,-0.19066292649362193,1.0,1.2724839448928833,necklace,3,1,proxy
1276,-80.87075683159016,0.95,0.5988617399023799,1.0,-0.03439064317862564,0.3125,5.417922019958496,0.17242623126452128,0.25,3.6128876209259033,necklace,3,1,proxy
187,-55.886131879461395,0.95,0.6187277024278848,1.0,0.0737043632242359,0.25,5.570065498352051,0.3701616242705798,0.0,3.4146084785461426,necklace,3,1,proxy
128,-43.521754549798075,0.95,0.496555996593696,1.0,0.20646915616419934,0.0,5.200329780578613,0.22100297868302488,0.0,4.922845840454102,necklace,3,1,proxy
415,-31.16007452775218,0.95,0.37654721873332375,1.0,-0.06664645988183893,0.1875,5.414974212646484,0.18297853212710202,0.0,5.284003734588623,necklace,3,1,proxy
1031,-20.03563039425863,0.95,0.4598919813584844,1.0,0.15794289627608477,0.125,4.970560550689697,0.3837244601849896,0.0,5.2130022048950195,necklace,3,1,proxy
837,-11.648557742940694,0.95,0.4412865981432905,1.0,0.4092802383033504,0.0625,5.458274841308594,0.4706602476451014,0.0,4.294270992279053,necklace,3,1,proxy
162,-5.407900116718639,0.95,0.6419185413653976,1.0,0.23125432810767751,0.1875,5.30903959274292,0.29888964234849436,0.0,4.762884140014648,necklace,3,1,proxy
1209,-1.2120097946530768,0.95,0.49035555802548614,1.0,0.4509290519716433,0.0,5.015350341796875,0.6401315177342826,0.0,5.135158538818359,necklace,3,1,proxy
783,2.885472359931303,0.95,0.4845710113070613,1.0,0.40001152191137157,0.0,5.206557750701904,0.5485780266238742,0.0,4.263864994049072,necklace,3,1,proxy
1176,6.60186313421729,0.95,0.35705840845148895,1.0,0.38331351739834285,0.0,5.253807067871094,0.32985984213532166,0.0,5.0051422119140625,necklace,3,1,proxy
1043,10.41264326701249,0.95,0.36577061775018793,1.0,0.48790486105511494,0.0,5.238299369812012,0.4225650838957534,0.0,4.4526047706604,necklace,3,1,proxy
1033,13.459900994586434,0.95,0.2922542738665765,1.0,0.29820600952314213,0.0,5.163882255554199,0.1500545845213352,0.0,4.333950519561768,necklace,3,1,proxy
742,16.98115104583517,0.95,0.374787393897961,1.0,0.3151302944529158,0.0625,5.072249412536621,0.2853147396682966,0.0,4.202526569366455,necklace,3,1,proxy
1404,20.253711355701363,0.95,0.2606313514828302,1.0,0.18140784137005345,0.0625,5.251673698425293,0.2500621799397008,0.0,4.298091888427734,necklace,3,1,proxy
884,22.791832559636998,0.95,0.2221672571879955,1.0,0.28516729342709657,0.0625,5.145291805267334,0.3854114762189629,0.0,4.207714080810547,necklace,3,1,proxy
650,24.448569413911006,0.95,0.5689692835251762,1.0,-0.09882786971747279,0.0,5.243590354919434,0.7713286690195229,0.0,4.926772117614746,necklace,3,1,proxy
774,25.82969642952057,0.95,0.434582345684867,1.0,0.5061405097375418,0.0,4.954754829406738,0.452392698522465,0.0,4.310935974121094,necklace,3,1,proxy
1313,26.979374077459546,0.95,0.8376477956969004,1.0,0.2277966706357551,0.0,5.047236442565918,0.5399079132165877,0.0,4.883011341094971,necklace,3,1,proxy
1424,28.85964478611399,0.95,0.21953957050293393,1.0,0.35381450066348336,0.0,5.009030342102051,0.6190728254408091,0.0,5.122746467590332,necklace,3,1,proxy
941,30.930438599997572,0.95,0.10708862054326874,1.0,0.2570855174446163,0.0,4.923287391662598,0.6717637191524588,0.0,5.01218318939209,necklace,3,1,proxy
148,32.29869652223645,0.95,0.0,1.0,0.3111460843923148,0.0,4.752820014953613,0.7398775114100593,0.0,5.024945259094238,necklace,3,1,proxy
1074,33.87088940227984,0.95,0.24288045350943302,1.0,0.2932268469747809,0.0,4.919269561767578,0.26803685112642894,0.0,5.359643936157227,necklace,3,1,proxy
736,34.80132235164774,0.95,0.9384122620147354,1.0,0.2493243707816119,0.0,5.15964937210083,0.6923044888492422,0.0,4.143371105194092,necklace,3,1,proxy
1046,35.709078288498155,0.95,0.6664981553474504,1.0,0.4722745893990328,0.0,4.945432186126709,0.657000313900159,0.0,4.24025297164917,necklace,3,1,proxy
360,36.40140789856842,0.95,0.26734924973835156,1.0,0.45406494114447926,0.0,4.947009086608887,0.11262951179961814,0.0625,5.170755386352539,necklace,3,1,proxy
1252,37.367809342252016,0.95,0.4898809577763811,1.0,0.1913858831739594,0.0,4.947335720062256,0.590882013536855,0.0,4.937841415405273,necklace,3,1,proxy
636,37.99119165102587,0.95,0.418702240598131,1.0,0.3099456606218364,0.0,5.147101402282715,0.5466043103684589,0.0,5.256773948669434,necklace,3,1,proxy
320,38.96176906154133,0.95,0.6266073713580178,1.0,0.28946950982521163,0.0,5.098566055297852,0.5719994498950384,0.0,3.8348801136016846,necklace,3,1,proxy
1229,39.80625470258858,0.95,0.3296241799582582,1.0,0.4429788880730118,0.0,4.978179931640625,0.22445245833746588,0.0,4.248329162597656,necklace,3,1,proxy
569,40.42393812712502,0.95,0.9252343001330444,1.0,0.3323118991576774,0.0,5.0455451011657715,0.33729308084282617,0.0,3.579833984375,necklace,3,1,proxy
190,40.859433581143605,0.95,0.6360186296479917,1.0,0.2691944662274903,0.0,4.909296989440918,0.4821175696018981,0.0,4.083646297454834,necklace,3,1,proxy
1181,41.39714985586181,0.95,0.8725403008931933,1.0,0.42925248383589326,0.0,4.848546981811523,0.6323266127222394,0.0,4.4831037521362305,necklace,3,1,proxy
749,41.893975662296555,0.95,0.0,1.0,0.4315280650807021,0.0,4.783298492431641,0.35856445159184386,0.0,4.045843124389648,necklace,3,1,proxy
962,42.416822550868815,0.95,0.4178387668301694,1.0,0.34316358032463784,0.0,4.978174209594727,0.6820441515678247,0.0,5.07816743850708,necklace,3,1,proxy
1227,42.749925171048574,0.95,0.9950880550272605,1.0,0.5366204019536289,0.0,5.077371120452881,0.48183640228537883,0.0,3.7501254081726074,necklace,3,1,proxy
1275,43.03381855570049,0.95,0.06564869619898613,1.0,0.4661990897879637,0.0,4.831989288330078,0.5480721987663917,0.0,5.0247907638549805,necklace,3,1,proxy
969,43.38047890353373,0.95,0.6629999449795074,1.0,0.43337804155668247,0.0,4.916504859924316,0.49916248811801955,0.0,4.5837626457214355,necklace,3,1,proxy
922,43.65324614372489,0.95,0.2780462991055692,1.0,0.2971110791749956,0.0,4.932197570800781,0.20636747439287664,0.0,4.359925270080566,necklace,3,1,proxy
1086,43.944664050490914,0.95,0.2954328385363706,1.0,0.48893338343450304,0.0,4.995790481567383,0.15579642026111745,0.125,5.4685163497924805,necklace,3,1,proxy
303,44.18640293650407,0.95,0.330520180799066,1.0,0.27064198750758345,0.0,5.0417304039001465,0.19490656442062831,0.0,4.27943229675293,necklace,3,1,proxy
282,44.40693839253194,0.95,0.3736373367114326,1.0,0.5008313353154639,0.0,4.807586669921875,0.1761452016582649,0.0,4.313607692718506,necklace,3,1,proxy
1420,44.54895176177898,0.95,0.14892322916523099,1.0,0.3275619065606995,0.0,4.85191535949707,0.662799020945352,0.0,5.1013383865356445,necklace,3,1,proxy
1198,44.6940908283258,0.95,0.6149997267406577,1.0,0.5383332866973369,0.0,4.9403791427612305,0.4987774866621773,0.0,3.8568177223205566,necklace,3,1,proxy
84,44.78721018334453,0.95,0.9261689631595,1.0,0.35909141136198613,0.0,4.9293012619018555,0.8323599439884324,0.0,4.73507833480835,necklace,3,1,proxy
1388,44.86948012048978,0.95,0.8549583376542857,1.0,0.47511215523503225,0.0,5.017492771148682,0.5487508396271755,0.0,4.428252696990967,necklace,3,1,proxy
61,44.9284733329898,0.95,0.9702773156443967,1.0,0.3942453660324019,0.0,4.910419464111328,0.4797937726642479,0.0,3.9519131183624268,necklace,3,1,proxy
1248,44.95446809236686,0.95,0.16254734533166176,1.0,0.47993445576267174,0.0,4.822519779205322,0.6348912270858895,0.0,4.947514533996582,necklace,3,1,proxy
85,-99.19932894816175,0.99,0.48773440352510156,1.0,-0.02327772665403717,1.0,6.034862518310547,-0.025551377522555735,1.0,1.3753166198730469,necklace,3,1,proxy
1276,-80.87075683159016,0.99,0.5988617399023799,1.0,-0.03439064317862564,0.3125,5.417922019958496,0.4405826146018647,0.1875,3.914944648742676,necklace,3,1,proxy
187,-55.886131879461395,0.99,0.6187277024278848,1.0,0.0737043632242359,0.25,5.570065498352051,0.5194444641506503,0.0,4.802511215209961,necklace,3,1,proxy
128,-43.521754549798075,0.99,0.496555996593696,1.0,0.20646915616419934,0.0,5.200329780578613,0.7171452715671851,0.0,5.574894905090332,necklace,3,1,proxy
415,-31.16007452775218,0.99,0.37654721873332375,1.0,-0.06664645988183893,0.1875,5.414974212646484,0.15310219787442117,0.0,5.044422626495361,necklace,3,1,proxy
1031,-20.03563039425863,0.99,0.4598919813584844,1.0,0.15794289627608477,0.125,4.970560550689697,0.16259393636456815,0.0,5.453418731689453,necklace,3,1,proxy
837,-11.648557742940694,0.99,0.4412865981432905,1.0,0.4092802383033504,0.0625,5.458274841308594,0.42748882003803423,0.0,5.078951835632324,necklace,3,1,proxy
162,-5.407900116718639,0.99,0.6419185413653976,1.0,0.23125432810767751,0.1875,5.30903959274292,0.7456759441618493,0.0,5.265746593475342,necklace,3,1,proxy
1209,-1.2120097946530768,0.99,0.49035555802548614,1.0,0.4509290519716433,0.0,5.015350341796875,0.8193415214668549,0.0,5.571598052978516,necklace,3,1,proxy
783,2.885472359931303,0.99,0.4845710113070613,1.0,0.40001152191137157,0.0,5.206557750701904,0.30142728083626436,0.0,4.562990188598633,necklace,3,1,proxy
1176,6.60186313421729,0.99,0.35705840845148895,1.0,0.38331351739834285,0.0,5.253807067871094,0.24065680645188803,0.0,5.060880661010742,necklace,3,1,proxy
1043,10.41264326701249,0.99,0.36577061775018793,1.0,0.48790486105511494,0.0,5.238299369812012,0.05119513194206865,0.0,4.078487873077393,necklace,3,1,proxy
1033,13.459900994586434,0.99,0.2922542738665765,1.0,0.29820600952314213,0.0,5.163882255554199,0.18810947570102815,0.0625,4.593689441680908,necklace,3,1,proxy
742,16.98115104583517,0.99,0.374787393897961,1.0,0.3151302944529158,0.0625,5.072249412536621,0.15156178712223234,0.0,4.213089466094971,necklace,3,1,proxy
1404,20.253711355701363,0.99,0.2606313514828302,1.0,0.18140784137005345,0.0625,5.251673698425293,0.009887612311991686,0.0,3.991154670715332,necklace,3,1,proxy
884,22.791832559636998,0.99,0.2221672571879955,1.0,0.28516729342709657,0.0625,5.145291805267334,-0.05255311257728762,0.0,4.00386381149292,necklace,3,1,proxy
650,24.448569413911006,0.99,0.5689692835251762,1.0,-0.09882786971747279,0.0,5.243590354919434,0.5660090227941414,0.0,5.409723281860352,necklace,3,1,proxy
774,25.82969642952057,0.99,0.434582345684867,1.0,0.5061405097375418,0.0,4.954754829406738,0.11173475863694743,0.0,4.556673049926758,necklace,3,1,proxy
1313,26.979374077459546,0.99,0.8376477956969004,1.0,0.2277966706357551,0.0,5.047236442565918,0.7188757590655027,0.0,5.179342746734619,necklace,3,1,proxy
1424,28.85964478611399,0.99,0.21953957050293393,1.0,0.35381450066348336,0.0,5.009030342102051,0.01608265829488731,0.0,5.1814284324646,necklace,3,1,proxy
941,30.930438599997572,0.99,0.10708862054326874,1.0,0.2570855174446163,0.0,4.923287391662598,0.22655306782840698,0.0,5.079449653625488,necklace,3,1,proxy
148,32.29869652223645,0.99,0.0,1.0,0.3111460843923148,0.0,4.752820014953613,0.5337953753560789,0.0,4.943704605102539,necklace,3,1,proxy
1074,33.87088940227984,0.99,0.24288045350943302,1.0,0.2932268469747809,0.0,4.919269561767578,-0.033727356963213176,0.0,5.259089469909668,necklace,3,1,proxy
736,34.80132235164774,0.99,0.9384122620147354,1.0,0.2493243707816119,0.0,5.15964937210083,0.6433641939065207,0.0,4.846100807189941,necklace,3,1,proxy
1046,35.709078288498155,0.99,0.6664981553474504,1.0,0.4722745893990328,0.0,4.945432186126709,0.34421710508056524,0.0,4.771877288818359,necklace,3,1,proxy
360,36.40140789856842,0.99,0.26734924973835156,1.0,0.45406494114447926,0.0,4.947009086608887,-0.08631600943985317,0.0625,5.198728084564209,necklace,3,1,proxy
1252,37.367809342252016,0.99,0.4898809577763811,1.0,0.1913858831739594,0.0,4.947335720062256,0.9219158588116634,0.0,5.437503814697266,necklace,3,1,proxy
636,37.99119165102587,0.99,0.418702240598131,1.0,0.3099456606218364,0.0,5.147101402282715,0.15451074036777807,0.0,5.224465370178223,necklace,3,1,proxy
320,38.96176906154133,0.99,0.6266073713580178,1.0,0.28946950982521163,0.0,5.098566055297852,0.648789742553989,0.0,4.186389923095703,necklace,3,1,proxy
1229,39.80625470258858,0.99,0.3296241799582582,1.0,0.4429788880730118,0.0,4.978179931640625,0.03644341142745679,0.0,4.0502119064331055,necklace,3,1,proxy
569,40.42393812712502,0.99,0.9252343001330444,1.0,0.3323118991576774,0.0,5.0455451011657715,0.5610676645074391,0.0,4.171066761016846,necklace,3,1,proxy
190,40.859433581143605,0.99,0.6360186296479917,1.0,0.2691944662274903,0.0,4.909296989440918,0.5050936293204753,0.0,4.801095008850098,necklace,3,1,proxy
1181,41.39714985586181,0.99,0.8725403008931933,1.0,0.42925248383589326,0.0,4.848546981811523,0.6242078617518239,0.0,5.055710792541504,necklace,3,1,proxy
749,41.893975662296555,0.99,0.0,1.0,0.4315280650807021,0.0,4.783298492431641,-0.014745575119548993,0.0,3.926703453063965,necklace,3,1,proxy
962,42.416822550868815,0.99,0.4178387668301694,1.0,0.34316358032463784,0.0,4.978174209594727,0.13748022137014418,0.0,5.265572547912598,necklace,3,1,proxy
1227,42.749925171048574,0.99,0.9950880550272605,1.0,0.5366204019536289,0.0,5.077371120452881,0.6108869919473361,0.0,4.55869197845459,necklace,3,1,proxy
1275,43.03381855570049,0.99,0.06564869619898613,1.0,0.4661990897879637,0.0,4.831989288330078,0.47307479822179477,0.0,5.031282424926758,necklace,3,1,proxy
969,43.38047890353373,0.99,0.6629999449795074,1.0,0.43337804155668247,0.0,4.916504859924316,0.7528205721911977,0.0,5.004344463348389,necklace,3,1,proxy
922,43.65324614372489,0.99,0.2780462991055692,1.0,0.2971110791749956,0.0,4.932197570800781,0.25337134714068527,0.0625,4.451115608215332,necklace,3,1,proxy
1086,43.944664050490914,0.99,0.2954328385363706,1.0,0.48893338343450304,0.0,4.995790481567383,0.10237549436076515,0.0,5.110484600067139,necklace,3,1,proxy
303,44.18640293650407,0.99,0.330520180799066,1.0,0.27064198750758345,0.0,5.0417304039001465,0.08384461394199995,0.0,4.060461044311523,necklace,3,1,proxy
282,44.40693839253194,0.99,0.3736373367114326,1.0,0.5008313353154639,0.0,4.807586669921875,-0.07103119519214977,0.0,4.010311603546143,necklace,3,1,proxy
1420,44.54895176177898,0.99,0.14892322916523099,1.0,0.3275619065606995,0.0,4.85191535949707,0.010836853651182365,0.0,5.125787258148193,necklace,3,1,proxy
1198,44.6940908283258,0.99,0.6149997267406577,1.0,0.5383332866973369,0.0,4.9403791427612305,0.6026096269255984,0.0,4.468052864074707,necklace,3,1,proxy
84,44.78721018334453,0.99,0.9261689631595,1.0,0.35909141136198613,0.0,4.9293012619018555,0.7160988545817304,0.0,4.991661548614502,necklace,3,1,proxy
1388,44.86948012048978,0.99,0.8549583376542857,1.0,0.47511215523503225,0.0,5.017492771148682,0.5662874790835317,0.0,4.57804536819458,necklace,3,1,proxy
61,44.9284733329898,0.99,0.9702773156443967,1.0,0.3942453660324019,0.0,4.910419464111328,0.6201544968397545,0.0,4.5942182540893555,necklace,3,1,proxy
1248,44.95446809236686,0.99,0.16254734533166176,1.0,0.47993445576267174,0.0,4.822519779205322,0.4177734379396224,0.0,5.061600685119629,necklace,3,1,proxy
85,-99.19932894816175,0.95,0.29051557505297076,0.8,-0.02327772665403717,1.0,6.034862518310547,0.22723065859806696,0.9375,2.5363330841064453,necklace,3,1,random
1276,-80.87075683159016,0.95,0.10292151624633009,0.8,-0.03439064317862564,0.3125,5.417922019958496,0.4828417750087533,0.0625,3.6344847679138184,necklace,3,1,random
187,-55.886131879461395,0.95,0.12410256698735014,0.8,0.0737043632242359,0.25,5.570065498352051,0.12659757573869654,0.0,4.313002586364746,necklace,3,1,random
128,-43.521754549798075,0.95,0.2501719889017384,0.8,0.20646915616419934,0.0,5.200329780578613,0.12151720477032904,0.25,4.474409103393555,necklace,3,1,random
415,-31.16007452775218,0.95,0.18638149663157816,0.8,-0.06664645988183893,0.1875,5.414974212646484,-0.02858078871468739,0.0,4.569296836853027,necklace,3,1,random
1031,-20.03563039425863,0.95,0.304635224233769,0.8,0.15794289627608477,0.125,4.970560550689697,0.15939432574636264,0.0,5.350049018859863,necklace,3,1,random
837,-11.648557742940694,0.95,0.16790726519450466,0.8,0.4092802383033504,0.0625,5.458274841308594,0.5804454610157717,0.0,4.870136260986328,necklace,3,1,random
162,-5.407900116718639,0.95,0.5291695539551867,0.8,0.23125432810767751,0.1875,5.30903959274292,0.2424020538421079,0.0,4.902198791503906,necklace,3,1,random
1209,-1.2120097946530768,0.95,0.09547134383596852,0.8,0.4509290519716433,0.0,5.015350341796875,0.8376984745187823,0.0,3.993511199951172,necklace,3,1,random
783,2.885472359931303,0.95,0.18834663457865491,0.8,0.40001152191137157,0.0,5.206557750701904,-0.05174864258961846,0.0,4.557039260864258,necklace,3,1,random
1176,6.60186313421729,0.95,0.373702653334584,0.8,0.38331351739834285,0.0,5.253807067871094,0.43835918384407435,0.0,5.434416770935059,necklace,3,1,random
1043,10.41264326701249,0.95,0.13580863639276972,0.8,0.48790486105511494,0.0,5.238299369812012,0.3333995304497572,0.0,4.312467575073242,necklace,3,1,random
1033,13.459900994586434,0.95,0.22956531352678872,0.8,0.29820600952314213,0.0,5.163882255554199,0.35314882172753836,0.1875,4.756789207458496,necklace,3,1,random
742,16.98115104583517,0.95,0.05818783297265858,0.8,0.3151302944529158,0.0625,5.072249412536621,0.38425528587310065,0.0,3.891859531402588,necklace,3,1,random
1404,20.253711355701363,0.95,0.4927665483734065,0.8,0.18140784137005345,0.0625,5.251673698425293,0.7220671051960682,0.0,4.810843467712402,necklace,3,1,random
884,22.791832559636998,0.95,0.38989525901425703,0.8,0.28516729342709657,0.0625,5.145291805267334,0.7005268121072699,0.0,5.139839172363281,necklace,3,1,random
650,24.448569413911006,0.95,0.40362991620671484,0.8,-0.09882786971747279,0.0,5.243590354919434,0.7541414254928246,0.0,5.265939712524414,necklace,3,1,random
774,25.82969642952057,0.95,0.42011306058271275,0.8,0.5061405097375418,0.0,4.954754829406738,0.6841311284247216,0.0,5.084723472595215,necklace,3,1,random
1313,26.979374077459546,0.95,0.19269237663980646,0.8,0.2277966706357551,0.0,5.047236442565918,0.5936395462166224,0.0625,4.429051399230957,necklace,3,1,random
1424,28.85964478611399,0.95,0.214029317185378,0.8,0.35381450066348336,0.0,5.009030342102051,0.5770982668304446,0.0,4.57026481628418,necklace,3,1,random
941,30.930438599997572,0.95,0.4001214762151524,0.8,0.2570855174446163,0.0,4.923287391662598,0.44728380753248065,0.0,5.1550397872924805,necklace,3,1,random
148,32.29869652223645,0.95,0.4139235345309188,0.8,0.3111460843923148,0.0,4.752820014953613,0.8013113361278288,0.0,4.8605451583862305,necklace,3,1,random
1074,33.87088940227984,0.95,0.27354919019878565,0.8,0.2932268469747809,0.0,4.919269561767578,0.3738484423983181,0.125,4.450384140014648,necklace,3,1,random
736,34.80132235164774,0.95,0.3301076000579503,0.8,0.2493243707816119,0.0,5.15964937210083,0.5294347526165307,0.0,4.7739973068237305,necklace,3,1,random
1046,35.709078288498155,0.95,0.4579842961261067,0.8,0.4722745893990328,0.0,4.945432186126709,0.5473708635155656,0.0,4.891950607299805,necklace,3,1,random
360,36.40140789856842,0.95,0.4076450159772059,0.8,0.45406494114447926,0.0,4.947009086608887,0.44063669626730206,0.0,5.108038902282715,necklace,3,1,random
1252,37.367809342252016,0.95,0.3110809600838474,0.8,0.1913858831739594,0.0,4.947335720062256,0.11882837565884387,0.0,4.69638204574585,necklace,3,1,random
636,37.99119165102587,0.95,0.08213171198783498,0.8,0.3099456606218364,0.0,5.147101402282715,0.6802451763788492,0.0,4.15263557434082,necklace,3,1,random
320,38.96176906154133,0.95,0.28592921778209357,0.8,0.28946950982521163,0.0,5.098566055297852,0.30526208689120427,0.0625,4.147674560546875,necklace,3,1,random
1229,39.80625470258858,0.95,0.3491865397229409,0.8,0.4429788880730118,0.0,4.978179931640625,0.5141021766464342,0.0,5.109339237213135,necklace,3,1,random
569,40.42393812712502,0.95,0.49175156610598136,0.8,0.3323118991576774,0.0,5.0455451011657715,0.5538028195899081,0.0,4.733628749847412,necklace,3,1,random
190,40.859433581143605,0.95,0.3199951840996926,0.8,0.2691944662274903,0.0,4.909296989440918,0.5798091298628709,0.0,4.229501724243164,necklace,3,1,random
1181,41.39714985586181,0.95,0.2913606819959726,0.8,0.42925248383589326,0.0,4.848546981811523,0.2918915011938479,0.0,4.728817939758301,necklace,3,1,random
749,41.893975662296555,0.95,0.31520331339508223,0.8,0.4315280650807021,0.0,4.783298492431641,0.5592101542153609,0.0625,4.782762050628662,necklace,3,1,random
962,42.416822550868815,0.95,0.40072859243974335,0.8,0.34316358032463784,0.0,4.978174209594727,0.34239734826443147,0.0,5.245142936706543,necklace,3,1,random
1227,42.749925171048574,0.95,0.22709104367987454,0.8,0.5366204019536289,0.0,5.077371120452881,0.2716713354873081,0.0,3.9013216495513916,necklace,3,1,random
1275,43.03381855570049,0.95,0.39598920314096464,0.8,0.4661990897879637,0.0,4.831989288330078,0.6298399966946508,0.0,5.1492204666137695,necklace,3,1,random
969,43.38047890353373,0.95,0.14998697556426413,0.8,0.43337804155668247,0.0,4.916504859924316,0.43330777866876674,0.0,4.180071830749512,necklace,3,1,random
922,43.65324614372489,0.95,0.0,0.8,0.2971110791749956,0.0,4.932197570800781,0.754513493632788,0.0,4.162264347076416,necklace,3,1,random
1086,43.944664050490914,0.95,0.2535066482354349,0.8,0.48893338343450304,0.0,4.995790481567383,0.1428766828397579,0.0,4.789544105529785,necklace,3,1,random
303,44.18640293650407,0.95,0.07893559514389797,0.8,0.27064198750758345,0.0,5.0417304039001465,0.41763174727337005,0.0,4.032551288604736,necklace,3,1,random
282,44.40693839253194,0.95,0.12260038262958023,0.8,0.5008313353154639,0.0,4.807586669921875,0.4624885034612834,0.0,3.4111008644104004,necklace,3,1,random
1420,44.54895176177898,0.95,0.3199172522843503,0.8,0.3275619065606995,0.0,4.85191535949707,0.6765197194497585,0.0,5.283106803894043,necklace,3,1,random
1198,44.6940908283258,0.95,0.19796116054740975,0.8,0.5383332866973369,0.0,4.9403791427612305,0.23366901937498308,0.0,4.38590145111084,necklace,3,1,random
84,44.78721018334453,0.95,0.40309266325689197,0.8,0.35909141136198613,0.0,4.9293012619018555,0.506254111477161,0.0,5.127381324768066,necklace,3,1,random
1388,44.86948012048978,0.95,0.30856638677642867,0.8,0.47511215523503225,0.0,5.017492771148682,0.19658802649830698,0.0,4.400084495544434,necklace,3,1,random
61,44.9284733329898,0.95,0.417632001266092,0.8,0.3942453660324019,0.0,4.910419464111328,0.47172761557217163,0.0,4.919342041015625,necklace,3,1,random
1248,44.95446809236686,0.95,0.3929569473207747,0.8,0.47993445576267174,0.0,4.822519779205322,0.498188633556488,0.0,5.327330589294434,necklace,3,1,random
85,-99.19932894816175,0.99,0.29051557505297076,0.8,-0.02327772665403717,1.0,6.034862518310547,0.5338754642125265,0.0,4.742762088775635,necklace,3,1,random
1276,-80.87075683159016,0.99,0.10292151624633009,0.8,-0.03439064317862564,0.3125,5.417922019958496,0.26931885470071093,0.0,4.467425346374512,necklace,3,1,random
187,-55.886131879461395,0.99,0.12410256698735014,0.8,0.0737043632242359,0.25,5.570065498352051,0.42245138425601525,0.0,4.533769607543945,necklace,3,1,random
128,-43.521754549798075,0.99,0.2501719889017384,0.8,0.20646915616419934,0.0,5.200329780578613,0.24963508744828516,0.0,4.897115230560303,necklace,3,1,random
415,-31.16007452775218,0.99,0.18638149663157816,0.8,-0.06664645988183893,0.1875,5.414974212646484,0.2275517254937063,0.0,4.990813732147217,necklace,3,1,random
1031,-20.03563039425863,0.99,0.304635224233769,0.8,0.15794289627608477,0.125,4.970560550689697,0.21113275500070672,0.0,5.089163303375244,necklace,3,1,random
837,-11.648557742940694,0.99,0.16790726519450466,0.8,0.4092802383033504,0.0625,5.458274841308594,0.14292854683737777,0.0,5.0173540115356445,necklace,3,1,random
162,-5.407900116718639,0.99,0.5291695539551867,0.8,0.23125432810767751,0.1875,5.30903959274292,0.30552145192406155,0.0,4.542898178100586,necklace,3,1,random
1209,-1.2120097946530768,0.99,0.09547134383596852,0.8,0.4509290519716433,0.0,5.015350341796875,0.13829098763114328,0.0,4.740056991577148,necklace,3,1,random
783,2.885472359931303,0.99,0.18834663457865491,0.8,0.40001152191137157,0.0,5.206557750701904,0.26613759187713704,0.0,4.533734321594238,necklace,3,1,random
1176,6.60186313421729,0.99,0.373702653334584,0.8,0.38331351739834285,0.0,5.253807067871094,0.27072787434947515,0.0,5.244580268859863,necklace,3,1,random
1043,10.41264326701249,0.99,0.13580863639276972,0.8,0.48790486105511494,0.0,5.238299369812012,0.3714912457131546,0.0,4.463118076324463,necklace,3,1,random
1033,13.459900994586434,0.99,0.22956531352678872,0.8,0.29820600952314213,0.0,5.163882255554199,0.05214261676227504,0.0,4.96481990814209,necklace,3,1,random
742,16.98115104583517,0.99,0.05818783297265858,0.8,0.3151302944529158,0.0625,5.072249412536621,0.3649196623258748,0.0,3.882556915283203,necklace,3,1,random
1404,20.253711355701363,0.99,0.4927665483734065,0.8,0.18140784137005345,0.0625,5.251673698425293,0.3389498253100327,0.0,4.890212059020996,necklace,3,1,random
884,22.791832559636998,0.99,0.38989525901425703,0.8,0.28516729342709657,0.0625,5.145291805267334,0.0315368041079325,0.0,4.804556369781494,necklace,3,1,random
650,24.448569413911006,0.99,0.40362991620671484,0.8,-0.09882786971747279,0.0,5.243590354919434,0.06849295767871469,0.0,5.180529594421387,necklace,3,1,random
774,25.82969642952057,0.99,0.42011306058271275,0.8,0.5061405097375418,0.0,4.954754829406738,0.07144259872742784,0.0,5.219646453857422,necklace,3,1,random
1313,26.979374077459546,0.99,0.19269237663980646,0.8,0.2277966706357551,0.0,5.047236442565918,0.18143317924538643,0.0,4.936761379241943,necklace,3,1,random
1424,28.85964478611399,0.99,0.214029317185378,0.8,0.35381450066348336,0.0,5.009030342102051,0.16737749549378844,0.0,4.9915337562561035,necklace,3,1,random
941,30.930438599997572,0.99,0.4001214762151524,0.8,0.2570855174446163,0.0,4.923287391662598,0.08338745278174998,0.0,5.169302940368652,necklace,3,1,random
148,32.29869652223645,0.99,0.4139235345309188,0.8,0.3111460843923148,0.0,4.752820014953613,0.16165225467494976,0.0,4.865756511688232,necklace,3,1,random
1074,33.87088940227984,0.99,0.27354919019878565,0.8,0.2932268469747809,0.0,4.919269561767578,0.3837091997056143,0.0,4.802963733673096,necklace,3,1,random
736,34.80132235164774,0.99,0.3301076000579503,0.8,0.2493243707816119,0.0,5.15964937210083,0.09569393150776616,0.0,4.702903747558594,necklace,3,1,random
1046,35.709078288498155,0.99,0.4579842961261067,0.8,0.4722745893990328,0.0,4.945432186126709,0.11538384891328106,0.0,5.1630754470825195,necklace,3,1,random
360,36.40140789856842,0.99,0.4076450159772059,0.8,0.45406494114447926,0.0,4.947009086608887,0.17285373080427752,0.0,5.10667610168457,necklace,3,1,random
1252,37.367809342252016,0.99,0.3110809600838474,0.8,0.1913858831739594,0.0,4.947335720062256,0.20833132041025698,0.0,5.004741668701172,necklace,3,1,random
636,37.99119165102587,0.99,0.08213171198783498,0.8,0.3099456606218364,0.0,5.147101402282715,0.1871327201651462,0.0,4.904296875,necklace,3,1,random
320,38.96176906154133,0.99,0.28592921778209357,0.8,0.28946950982521163,0.0,5.098566055297852,0.18158972181564043,0.0625,4.337385177612305,necklace,3,1,random
1229,39.80625470258858,0.99,0.3491865397229409,0.8,0.4429788880730118,0.0,4.978179931640625,0.26722493199208075,0.0,4.819805145263672,necklace,3,1,random
569,40.42393812712502,0.99,0.49175156610598136,0.8,0.3323118991576774,0.0,5.0455451011657715,0.10891964546392377,0.0,5.167574882507324,necklace,3,1,random
190,40.859433581143605,0.99,0.3199951840996926,0.8,0.2691944662274903,0.0,4.909296989440918,0.285150684288243,0.0,4.220113754272461,necklace,3,1,random
1181,41.39714985586181,0.99,0.2913606819959726,0.8,0.42925248383589326,0.0,4.848546981811523,0.15648527406451018,0.0,4.998042106628418,necklace,3,1,random
749,41.893975662296555,0.99,0.31520331339508223,0.8,0.4315280650807021,0.0,4.783298492431641,0.3319407417643637,0.0,4.562577247619629,necklace,3,1,random
962,42.416822550868815,0.99,0.40072859243974335,0.8,0.34316358032463784,0.0,4.978174209594727,0.0113705766066374,0.0,5.18684720993042,necklace,3,1,random
1227,42.749925171048574,0.99,0.22709104367987454,0.8,0.5366204019536289,0.0,5.077371120452881,0.25261210404271245,0.0,3.6369810104370117,necklace,3,1,random
1275,43.03381855570049,0.99,0.39598920314096464,0.8,0.4661990897879637,0.0,4.831989288330078,0.06445416623446158,0.0,5.216094017028809,necklace,3,1,random
969,43.38047890353373,0.99,0.14998697556426413,0.8,0.43337804155668247,0.0,4.916504859924316,0.19782050539117696,0.0,4.870043754577637,necklace,3,1,random
922,43.65324614372489,0.99,0.0,0.8,0.2971110791749956,0.0,4.932197570800781,0.23827975069759738,0.0,4.29286003112793,necklace,3,1,random
1086,43.944664050490914,0.99,0.2535066482354349,0.8,0.48893338343450304,0.0,4.995790481567383,0.3565923923457489,0.0,4.826688289642334,necklace,3,1,random
303,44.18640293650407,0.99,0.07893559514389797,0.8,0.27064198750758345,0.0,5.0417304039001465,0.4380126137708155,0.0,4.065828323364258,necklace,3,1,random
282,44.40693839253194,0.99,0.12260038262958023,0.8,0.5008313353154639,0.0,4.807586669921875,0.5075300963791086,0.0,3.7175605297088623,necklace,3,1,random
1420,44.54895176177898,0.99,0.3199172522843503,0.8,0.3275619065606995,0.0,4.85191535949707,0.05370415799305164,0.0,5.1859517097473145,necklace,3,1,random
1198,44.6940908283258,0.99,0.19796116054740975,0.8,0.5383332866973369,0.0,4.9403791427612305,0.3886294313450961,0.0,4.367196083068848,necklace,3,1,random
84,44.78721018334453,0.99,0.40309266325689197,0.8,0.35909141136198613,0.0,4.9293012619018555,0.062331556023297124,0.0,5.090792655944824,necklace,3,1,random
1388,44.86948012048978,0.99,0.30856638677642867,0.8,0.47511215523503225,0.0,5.017492771148682,0.06268269798492992,0.0,4.386751174926758,necklace,3,1,random
61,44.9284733329898,0.99,0.417632001266092,0.8,0.3942453660324019,0.0,4.910419464111328,0.07240838871260022,0.0,5.1319427490234375,necklace,3,1,random
1248,44.95446809236686,0.99,0.3929569473207747,0.8,0.47993445576267174,0.0,4.822519779205322,-0.14452233831644573,0.0,5.223362922668457,necklace,3,1,random
529,-102.67088121115125,0.95,0.6762431576071997,1.0,0.022723894146719298,0.4375,5.604439735412598,0.2568403834535378,0.375,3.9130477905273438,necklace,3,2,proxy
1311,-74.45213703790971,0.95,0.705116339119253,1.0,0.004966610990452425,0.3125,5.714077949523926,0.5889949333188367,0.1875,3.4549431800842285,necklace,3,2,proxy
1486,-55.97007110259022,0.95,0.7364676693655112,1.0,0.3213447431012866,0.1875,5.804380416870117,0.5841642509392899,0.1875,2.1760597229003906,necklace,3,2,proxy
319,-39.37552947334297,0.95,0.3743858321062876,1.0,0.19754662901498465,0.125,5.6147894859313965,0.46895133111691945,0.0625,4.158964157104492,necklace,3,2,proxy
795,-23.593450944852545,0.95,0.43710502786495387,1.0,0.25064195735765393,0.0625,5.536413192749023,0.15891878379536062,0.3125,3.5725746154785156,necklace,3,2,proxy
152,-16.970921099226096,0.95,0.537169005842879,1.0,0.3399710231079272,0.125,5.304105281829834,0.6081516869913965,0.0,4.217449188232422,necklace,3,2,proxy
500,-12.171704166645284,0.95,1.0353403245315582,1.0,-0.036015514276230676,0.0625,5.367572784423828,-0.19107240191140612,0.25,3.814741611480713,necklace,3,2,proxy
118,-6.92959454050404,0.95,1.0340512357466929,1.0,0.34441196926938916,0.0,5.195166110992432,0.6586659619221358,0.0,3.783390522003174,necklace,3,2,proxy
894,-0.6120892280968646,0.95,0.9833218569417302,1.0,0.18047162298689415,0.0,5.221905708312988,0.3038648103693662,0.0,4.19398307800293,necklace,3,2,proxy
656,3.7299444836249567,0.95,0.9639682451221542,1.0,0.07030584425153324,0.0,5.261507987976074,0.48845451027264153,0.0,4.234640121459961,necklace,3,2,proxy
289,8.017850181057582,0.95,0.6817947499700103,1.0,0.20608029717043225,0.0625,5.307617664337158,0.5729205294818027,0.0,4.417945861816406,necklace,3,2,proxy
907,11.753053376074817,0.95,0.36956454060433447,1.0,0.34235634419511773,0.0625,5.128966808319092,0.3797338655141047,0.0,4.487826347351074,necklace,3,2,proxy
283,14.516826951824935,0.95,0.5638612221186216,1.0,0.2672791511772432,0.0,5.197257995605469,0.3038063575152385,0.0,4.719207763671875,necklace,3,2,proxy
910,16.742920391010482,0.95,0.4445109380876983,1.0,0.2540115565117424,0.0625,5.147880554199219,0.23624149917587223,0.0,4.868812084197998,necklace,3,2,proxy
181,19.313659653569225,0.95,0.6478922080760868,1.0,0.43246314551491,0.0,4.94354248046875,0.6570251807340102,0.0,4.22108268737793,necklace,3,2,proxy
69,21.387512529699396,0.95,0.2144900179067869,1.0,0.46009905674800444,0.0,5.1121416091918945,0.3097895122760792,0.0,4.991285800933838,necklace,3,2,proxy
1117,23.42381159399406,0.95,0.8759140935390466,1.0,0.33985058434197923,0.0,5.238848686218262,0.6382855752135645,0.0,3.7386369705200195,necklace,3,2,proxy
269,25.574795751849766,0.95,0.541891644198922,1.0,0.16349738440641343,0.0,5.0225629806518555,0.5336413454768343,0.0,4.219846725463867,necklace,3,2,proxy
401,27.594423217573297,0.95,0.6271604567536642,1.0,0.38964965623634956,0.0625,4.992684364318848,0.4425547667845173,0.0625,4.1548614501953125,necklace,3,2,proxy
600,28.897566247962267,0.95,0.5194136444719903,1.0,0.36506176613324604,0.0,5.030724048614502,0.04472999656906487,0.0,5.036792755126953,necklace,3,2,proxy
769,30.257076303692653,0.95,1.267923989823019,1.0,0.27839145284942446,0.0,5.187689781188965,0.46259385481353377,0.0,4.092164516448975,necklace,3,2,proxy
485,31.15698656646132,0.95,1.2136638080412785,1.0,0.4894885713961853,0.0,5.068634986877441,0.5403795126675409,0.0,4.105273246765137,necklace,3,2,proxy
571,32.1706105710079,0.95,0.36521217839487297,1.0,0.3809010757610055,0.0625,5.22366189956665,0.40384624922552703,0.0,4.4780426025390625,necklace,3,2,proxy
1178,33.2093457271894,0.95,0.7162949595865351,1.0,0.36131514083790256,0.0,5.121614456176758,0.5959414729388425,0.0,4.010776519775391,necklace,3,2,proxy
524,34.21153905485474,0.95,0.46260788564478683,1.0,0.430896610024263,0.0,4.985279083251953,0.3323500988584809,0.0,4.940507411956787,necklace,3,2,proxy
1007,35.166888364491584,0.95,0.10357004562719889,1.0,0.4872595818141704,0.0,4.78525447845459,0.2829736120687113,0.0,4.8612871170043945,necklace,3,2,proxy
1476,36.09242261356625,0.95,0.13974733485905433,1.0,0.41755467778271194,0.0,4.790968894958496,0.3030840895119743,0.0,4.3755717277526855,necklace,3,2,proxy
81,37.13771503165772,0.95,0.2424358723409706,1.0,0.32979826870895257,0.0,4.919925689697266,0.3035614917859642,0.0,4.89810848236084,necklace,3,2,proxy
413,38.005732099284245,0.95,1.1982363661849926,1.0,0.20931366004330126,0.0,4.980830669403076,0.2518017140713066,0.0,4.053182601928711,necklace,3,2,proxy
0,38.71155964201053,0.95,0.9978958061197551,1.0,0.37949754036480243,0.0,5.10982084274292,0.7971570747693988,0.0,4.168644905090332,necklace,3,2,proxy
664,39.269429525483865,0.95,0.6144715480271357,1.0,0.47406106980344587,0.0,5.08553409576416,0.4034499183769815,0.125,4.200954437255859,necklace,3,2,proxy
640,39.90459283319663,0.95,1.152828815749595,1.0,0.43607907132831,0.0,5.110605716705322,0.45774956165002084,0.0,4.168962478637695,necklace,3,2,proxy
965,40.48079630971777,0.95,0.7531771504865858,1.0,0.40250792497881094,0.0,4.957065582275391,0.609331442674252,0.0,4.203124046325684,necklace,3,2,proxy
475,40.91858000610882,0.95,1.3841273189543057,1.0,0.27539981918754963,0.0,4.9748735427856445,0.6921261809214576,0.0625,4.14449405670166,necklace,3,2,proxy
291,41.3887036923493,0.95,0.4697980990573411,1.0,0.5328940744479107,0.0,4.894619464874268,0.48341447318463593,0.0,4.816507339477539,necklace,3,2,proxy
472,42.08645072380015,0.95,1.2285309956108168,1.0,0.33221553197009357,0.0,4.9258928298950195,0.6627205921558065,0.0,3.9759860038757324,necklace,3,2,proxy
562,42.5991918995523,0.95,0.23825385709730584,1.0,0.5302881670974062,0.0,4.918337345123291,0.11105550396527843,0.0,5.024518966674805,necklace,3,2,proxy
756,42.918661617940124,0.95,0.20787132891408852,1.0,0.5323406533500978,0.0,4.955538749694824,0.1957431561230145,0.0,5.017823219299316,necklace,3,2,proxy
299,43.23604050380158,0.95,0.29006689240993155,1.0,0.5595419022932138,0.0,4.8622636795043945,0.22536783205702876,0.0,5.226464748382568,necklace,3,2,proxy
13,43.4807286061063,0.95,0.06600964060759469,1.0,0.5059628002761437,0.0,4.762063980102539,0.4881096929552932,0.0,4.010543346405029,necklace,3,2,proxy
636,43.78264665143758,0.95,1.3777376555952618,1.0,0.42202820484003256,0.0,5.105046272277832,0.41580229292607557,0.125,3.707334041595459,necklace,3,2,proxy
513,44.00081383784857,0.95,0.3495756469363397,1.0,0.44746428063464716,0.0,4.839154243469238,0.10506653153501133,0.0,4.654114723205566,necklace,3,2,proxy
1135,44.20772896337136,0.95,0.6807639818274965,1.0,0.4473463155505308,0.0,4.893257141113281,0.5633399811262392,0.0,4.260446548461914,necklace,3,2,proxy
932,44.41303011029934,0.95,1.112115699869715,1.0,0.24473130229179968,0.0,5.093142509460449,0.5004196236866829,0.0,4.298209190368652,necklace,3,2,proxy
274,44.53130270440545,0.95,0.17562318214374448,1.0,0.4371381777565204,0.0,4.8083086013793945,0.11308591561869405,0.0,4.911171913146973,necklace,3,2,proxy
912,44.60993389173357,0.95,0.5562121711764254,1.0,0.5628294034035439,0.0,4.8042707443237305,0.6895284396764139,0.0,4.265085220336914,necklace,3,2,proxy
422,44.69963042052935,0.95,1.2744507618671552,1.0,0.4927457895860268,0.0,4.770225524902344,0.564838466855872,0.0,3.921109437942505,necklace,3,2,proxy
626,44.74595653548155,0.95,0.1751001369032694,1.0,0.5419561309001204,0.0,4.7763214111328125,0.2244339728290793,0.0,4.574002742767334,necklace,3,2,proxy
529,-102.67088121115125,0.99,0.6762431576071997,1.0,0.022723894146719298,0.4375,5.604439735412598,0.08107317111614701,0.125,4.811544418334961,necklace,3,2,proxy
1311,-74.45213703790971,0.99,0.705116339119253,1.0,0.004966610990452425,0.3125,5.714077949523926,0.38768044781436856,0.1875,2.5834150314331055,necklace,3,2,proxy
1486,-55.97007110259022,0.99,0.7364676693655112,1.0,0.3213447431012866,0.1875,5.804380416870117,0.47007892485221425,0.0,1.4477458000183105,necklace,3,2,proxy
319,-39.37552947334297,0.99,0.3743858321062876,1.0,0.19754662901498465,0.125,5.6147894859313965,-0.027809415771988963,0.0,4.095367908477783,necklace,3,2,proxy
795,-23.593450944852545,0.99,0.43710502786495387,1.0,0.25064195735765393,0.0625,5.536413192749023,0.14354625357804182,0.0625,4.399133205413818,necklace,3,2,proxy
152,-16.970921099226096,0.99,0.537169005842879,1.0,0.3399710231079272,0.125,5.304105281829834,0.43366639221520614,0.0,4.955866813659668,necklace,3,2,proxy
500,-12.171704166645284,0.99,1.0353403245315582,1.0,-0.036015514276230676,0.0625,5.367572784423828,-0.15281430976522115,0.0625,3.692479133605957,necklace,3,2,proxy
118,-6.92959454050404,0.99,1.0340512357466929,1.0,0.34441196926938916,0.0,5.195166110992432,0.6462930393122684,0.0,3.8850111961364746,necklace,3,2,proxy
894,-0.6120892280968646,0.99,0.9833218569417302,1.0,0.18047162298689415,0.0,5.221905708312988,0.36249808800429106,0.0,4.187361240386963,necklace,3,2,proxy
656,3.7299444836249567,0.99,0.9639682451221542,1.0,0.07030584425153324,0.0,5.261507987976074,0.15843099203430588,0.0,4.185253620147705,necklace,3,2,proxy
289,8.017850181057582,0.99,0.6817947499700103,1.0,0.20608029717043225,0.0625,5.307617664337158,0.3268019269953718,0.0,4.676786422729492,necklace,3,2,proxy
907,11.753053376074817,0.99,0.36956454060433447,1.0,0.34235634419511773,0.0625,5.128966808319092,-0.0849614543690648,0.0625,4.168388843536377,necklace,3,2,proxy
283,14.516826951824935,0.99,0.5638612221186216,1.0,0.2672791511772432,0.0,5.197257995605469,0.10942099733273658,0.0,4.513647079467773,necklace,3,2,proxy
910,16.742920391010482,0.99,0.4445109380876983,1.0,0.2540115565117424,0.0625,5.147880554199219,0.30770284737323084,0.0,5.238835334777832,necklace,3,2,proxy
181,19.313659653569225,0.99,0.6478922080760868,1.0,0.43246314551491,0.0,4.94354248046875,0.508427648806015,0.0,4.715174674987793,necklace,3,2,proxy
69,21.387512529699396,0.99,0.2144900179067869,1.0,0.46009905674800444,0.0,5.1121416091918945,0.029519928947742552,0.0,5.10373067855835,necklace,3,2,proxy
1117,23.42381159399406,0.99,0.8759140935390466,1.0,0.33985058434197923,0.0,5.238848686218262,0.5567360978373177,0.0,4.172369003295898,necklace,3,2,proxy
269,25.574795751849766,0.99,0.541891644198922,1.0,0.16349738440641343,0.0,5.0225629806518555,0.30710614367067635,0.0,4.811501502990723,necklace,3,2,proxy
401,27.594423217573297,0.99,0.6271604567536642,1.0,0.38964965623634956,0.0625,4.992684364318848,0.35392963375313546,0.125,4.680144309997559,necklace,3,2,proxy
600,28.897566247962267,0.99,0.5194136444719903,1.0,0.36506176613324604,0.0,5.030724048614502,0.220903732499994,0.0,5.2671709060668945,necklace,3,2,proxy
769,30.257076303692653,0.99,1.267923989823019,1.0,0.27839145284942446,0.0,5.187689781188965,0.5063101540778976,0.0,4.016803741455078,necklace,3,2,proxy
485,31.15698656646132,0.99,1.2136638080412785,1.0,0.4894885713961853,0.0,5.068634986877441,0.8137074264748003,0.0,4.0938334465026855,necklace,3,2,proxy
571,32.1706105710079,0.99,0.36521217839487297,1.0,0.3809010757610055,0.0625,5.22366189956665,-0.13648483092122907,0.0625,4.157467842102051,necklace,3,2,proxy
1178,33.2093457271894,0.99,0.7162949595865351,1.0,0.36131514083790256,0.0,5.121614456176758,0.534115218491958,0.0,4.2461018562316895,necklace,3,2,proxy
524,34.21153905485474,0.99,0.46260788564478683,1.0,0.430896610024263,0.0,4.985279083251953,0.06779589164350265,0.0,5.073593616485596,necklace,3,2,proxy
1007,35.166888364491584,0.99,0.10357004562719889,1.0,0.4872595818141704,0.0,4.78525447845459,-0.07618568647043142,0.0,4.962093353271484,necklace,3,2,proxy
1476,36.09242261356625,0.99,0.13974733485905433,1.0,0.41755467778271194,0.0,4.790968894958496,0.3013467799633627,0.0,4.925878524780273,necklace,3,2,proxy
81,37.13771503165772,0.99,0.2424358723409706,1.0,0.32979826870895257,0.0,4.919925689697266,-0.025932536921093638,0.0625,5.218001842498779,necklace,3,2,proxy
413,38.005732099284245,0.99,1.1982363661849926,1.0,0.20931366004330126,0.0,4.980830669403076,0.5718556261823539,0.0,4.033144950866699,necklace,3,2,proxy
0,38.71155964201053,0.99,0.9978958061197551,1.0,0.37949754036480243,0.0,5.10982084274292,0.8212096823171124,0.0,4.117834091186523,necklace,3,2,proxy
664,39.269429525483865,0.99,0.6144715480271357,1.0,0.47406106980344587,0.0,5.08553409576416,0.25577022682788797,0.125,4.69188928604126,necklace,3,2,proxy
640,39.90459283319663,0.99,1.152828815749595,1.0,0.43607907132831,0.0,5.110605716705322,0.25474160156879605,0.0,4.121613502502441,necklace,3,2,proxy
965,40.48079630971777,0.99,0.7531771504865858,1.0,0.40250792497881094,0.0,4.957065582275391,0.5330714575859056,0.0,4.496480941772461,necklace,3,2,proxy
475,40.91858000610882,0.99,1.3841273189543057,1.0,0.27539981918754963,0.0,4.9748735427856445,0.7259682659163957,0.0,4.148065567016602,necklace,3,2,proxy
291,41.3887036923493,0.99,0.4697980990573411,1.0,0.5328940744479107,0.0,4.894619464874268,0.05152351625481086,0.0,5.462316513061523,necklace,3,2,proxy
472,42.08645072380015,0.99,1.2285309956108168,1.0,0.33221553197009357,0.0,4.9258928298950195,0.6331831490427453,0.0,3.946258544921875,necklace,3,2,proxy
562,42.5991918995523,0.99,0.23825385709730584,1.0,0.5302881670974062,0.0,4.918337345123291,0.02935346066990714,0.0,5.388003826141357,necklace,3,2,proxy
756,42.918661617940124,0.99,0.20787132891408852,1.0,0.5323406533500978,0.0,4.955538749694824,-0.0004920252126077579,0.0,5.088531970977783,necklace,3,2,proxy
299,43.23604050380158,0.99,0.29006689240993155,1.0,0.5595419022932138,0.0,4.8622636795043945,0.18192446350550256,0.0,5.064461708068848,necklace,3,2,proxy
13,43.4807286061063,0.99,0.06600964060759469,1.0,0.5059628002761437,0.0,4.762063980102539,-0.45352009251162595,0.0,4.708432674407959,necklace,3,2,proxy
636,43.78264665143758,0.99,1.3777376555952618,1.0,0.42202820484003256,0.0,5.105046272277832,0.4484038651152584,0.0,3.6564903259277344,necklace,3,2,proxy
513,44.00081383784857,0.99,0.3495756469363397,1.0,0.44746428063464716,0.0,4.839154243469238,0.060982300821783283,0.0,4.64862060546875,necklace,3,2,proxy
1135,44.20772896337136,0.99,0.6807639818274965,1.0,0.4473463155505308,0.0,4.893257141113281,0.43253701230613756,0.0,4.562338352203369,necklace,3,2,proxy
932,44.41303011029934,0.99,1.112115699869715,1.0,0.24473130229179968,0.0,5.093142509460449,0.8363992094821946,0.0,4.331598281860352,necklace,3,2,proxy
274,44.53130270440545,0.99,0.17562318214374448,1.0,0.4371381777565204,0.0,4.8083086013793945,0.12769875938513797,0.0,5.046690940856934,necklace,3,2,proxy
912,44.60993389173357,0.99,0.5562121711764254,1.0,0.5628294034035439,0.0,4.8042707443237305,0.4523393708850922,0.0,4.73675012588501,necklace,3,2,proxy
422,44.69963042052935,0.99,1.2744507618671552,1.0,0.4927457895860268,0.0,4.770225524902344,0.6421032932399565,0.0,3.9646570682525635,necklace,3,2,proxy
626,44.74595653548155,0.99,0.1751001369032694,1.0,0.5419561309001204,0.0,4.7763214111328125,-0.1263998876978299,0.0,4.985218048095703,necklace,3,2,proxy
529,-102.67088121115125,0.95,0.3311078475690965,0.8666666666666667,0.022723894146719298,0.4375,5.604439735412598,-0.29291494545647134,0.9375,4.145903587341309,necklace,3,2,random
1311,-74.45213703790971,0.95,0.3318466681056308,0.8666666666666667,0.004966610990452425,0.3125,5.714077949523926,0.4073960937939154,0.0,5.291712760925293,necklace,3,2,random
1486,-55.97007110259022,0.95,0.21395063788282817,0.8666666666666667,0.3213447431012866,0.1875,5.804380416870117,0.2868531850559166,0.0625,4.930830955505371,necklace,3,2,random
319,-39.37552947334297,0.95,0.4874146804110706,0.8666666666666667,0.19754662901498465,0.125,5.6147894859313965,0.6299409305213672,0.0,5.383641242980957,necklace,3,2,random
795,-23.593450944852545,0.95,0.2327532455037792,0.8666666666666667,0.25064195735765393,0.0625,5.536413192749023,0.3763191640141213,0.0,4.641197204589844,necklace,3,2,random
152,-16.970921099226096,0.95,0.1735005443183722,0.8666666666666667,0.3399710231079272,0.125,5.304105281829834,0.7371107015237225,0.0,5.394260406494141,necklace,3,2,random
500,-12.171704166645284,0.95,0.17151216062608182,0.8666666666666667,-0.036015514276230676,0.0625,5.367572784423828,0.6486532597762126,0.0,4.692582130432129,necklace,3,2,random
118,-6.92959454050404,0.95,0.5026037922095408,0.8666666666666667,0.34441196926938916,0.0,5.195166110992432,0.5541882049466225,0.0,5.29789924621582,necklace,3,2,random
894,-0.6120892280968646,0.95,0.2583364185734588,0.8666666666666667,0.18047162298689415,0.0,5.221905708312988,0.05542480915445014,0.0,4.675313949584961,necklace,3,2,random
656,3.7299444836249567,0.95,0.4321738839850333,0.8666666666666667,0.07030584425153324,0.0,5.261507987976074,0.46070740640338836,0.0,5.421745777130127,necklace,3,2,random
289,8.017850181057582,0.95,0.3439746460630527,0.8666666666666667,0.20608029717043225,0.0625,5.307617664337158,0.6145744452288953,0.0,5.436982154846191,necklace,3,2,random
907,11.753053376074817,0.95,0.08641769482599747,0.8666666666666667,0.34235634419511773,0.0625,5.128966808319092,0.5246006239842914,0.0,4.06160831451416,necklace,3,2,random
283,14.516826951824935,0.95,0.31815392773797146,0.8666666666666667,0.2672791511772432,0.0,5.197257995605469,0.6919258833020546,0.0,4.653413772583008,necklace,3,2,random
910,16.742920391010482,0.95,0.20766942181978595,0.8666666666666667,0.2540115565117424,0.0625,5.147880554199219,0.49979423949499036,0.0,5.332917213439941,necklace,3,2,random
181,19.313659653569225,0.95,0.28271610103940004,0.8666666666666667,0.43246314551491,0.0,4.94354248046875,0.30188979555371664,0.0625,5.265664100646973,necklace,3,2,random
69,21.387512529699396,0.95,0.1478147755750131,0.8666666666666667,0.46009905674800444,0.0,5.1121416091918945,0.7704803862586915,0.0,5.2877397537231445,necklace,3,2,random
1117,23.42381159399406,0.95,0.36885484666295043,0.8666666666666667,0.33985058434197923,0.0,5.238848686218262,0.22015007251605684,0.0,5.435817718505859,necklace,3,2,random
269,25.574795751849766,0.95,0.08912203515607488,0.8666666666666667,0.16349738440641343,0.0,5.0225629806518555,0.7121889471039884,0.0,5.118616104125977,necklace,3,2,random
401,27.594423217573297,0.95,0.49872466495387285,0.8666666666666667,0.38964965623634956,0.0625,4.992684364318848,0.6615469231919398,0.0,5.239156246185303,necklace,3,2,random
600,28.897566247962267,0.95,0.335630152992872,0.8666666666666667,0.36506176613324604,0.0,5.030724048614502,0.8145907957395276,0.0,5.177185535430908,necklace,3,2,random
769,30.257076303692653,0.95,0.35001812414606887,0.8666666666666667,0.27839145284942446,0.0,5.187689781188965,0.560132014351975,0.0,5.569250106811523,necklace,3,2,random
485,31.15698656646132,0.95,0.1440724982905249,0.8666666666666667,0.4894885713961853,0.0,5.068634986877441,0.7208623201402227,0.0,4.367183208465576,necklace,3,2,random
571,32.1706105710079,0.95,0.23735825787620854,0.8666666666666667,0.3809010757610055,0.0625,5.22366189956665,0.2506334994403323,0.25,4.770992279052734,necklace,3,2,random
1178,33.2093457271894,0.95,0.41895267348474147,0.8666666666666667,0.36131514083790256,0.0,5.121614456176758,0.4682235231989191,0.0,5.300969123840332,necklace,3,2,random
524,34.21153905485474,0.95,0.17746530082260215,0.8666666666666667,0.430896610024263,0.0,4.985279083251953,0.5492986499109912,0.0,4.850742340087891,necklace,3,2,random
1007,35.166888364491584,0.95,0.06034721266998119,0.8666666666666667,0.4872595818141704,0.0,4.78525447845459,0.6732394248833303,0.0,4.760909557342529,necklace,3,2,random
1476,36.09242261356625,0.95,0.4335445518829214,0.8666666666666667,0.41755467778271194,0.0,4.790968894958496,0.7654730735520571,0.0,5.435088157653809,necklace,3,2,random
81,37.13771503165772,0.95,0.5181757583515687,0.8666666666666667,0.32979826870895257,0.0,4.919925689697266,0.8477451775385552,0.0,5.376540184020996,necklace,3,2,random
413,38.005732099284245,0.95,0.3291633410895778,0.8666666666666667,0.20931366004330126,0.0,4.980830669403076,0.5747742991789155,0.0,5.411538124084473,necklace,3,2,random
0,38.71155964201053,0.95,0.30311721437254524,0.8666666666666667,0.37949754036480243,0.0,5.10982084274292,0.4147734175000195,0.0,5.063437461853027,necklace,3,2,random
664,39.269429525483865,0.95,0.57444795238712,0.8666666666666667,0.47406106980344587,0.0,5.08553409576416,0.6536830207251414,0.0,5.306560516357422,necklace,3,2,random
640,39.90459283319663,0.95,0.42784337738132355,0.8666666666666667,0.43607907132831,0.0,5.110605716705322,0.7584950863217763,0.0,5.456265449523926,necklace,3,2,random
965,40.48079630971777,0.95,0.3209820404467104,0.8666666666666667,0.40250792497881094,0.0,4.957065582275391,0.18145696138396655,0.0,4.7531962394714355,necklace,3,2,random
475,40.91858000610882,0.95,0.23502176176329467,0.8666666666666667,0.27539981918754963,0.0,4.9748735427856445,0.2521478247921552,0.0,4.519681453704834,necklace,3,2,random
291,41.3887036923493,0.95,0.024365718644784196,0.8666666666666667,0.5328940744479107,0.0,4.894619464874268,0.7085671094955459,0.0,4.527836799621582,necklace,3,2,random
472,42.08645072380015,0.95,0.5197076129199563,0.8666666666666667,0.33221553197009357,0.0,4.9258928298950195,0.8276558075497331,0.0,5.248076438903809,necklace,3,2,random
562,42.5991918995523,0.95,0.3116192661431694,0.8666666666666667,0.5302881670974062,0.0,4.918337345123291,0.3909678057769532,0.0625,5.077608585357666,necklace,3,2,random
756,42.918661617940124,0.95,0.20787132891408852,0.8666666666666667,0.5323406533500978,0.0,4.955538749694824,0.48915246045816585,0.0,5.222074508666992,necklace,3,2,random
299,43.23604050380158,0.95,0.2813076986827664,0.8666666666666667,0.5595419022932138,0.0,4.8622636795043945,0.15047864428991012,0.0,5.020106315612793,necklace,3,2,random
13,43.4807286061063,0.95,0.17433447299506927,0.8666666666666667,0.5059628002761437,0.0,4.762063980102539,0.6947008123428914,0.0,4.834125518798828,necklace,3,2,random
636,43.78264665143758,0.95,0.47506137643626944,0.8666666666666667,0.42202820484003256,0.0,5.105046272277832,0.5112807604557177,0.0,5.433741569519043,necklace,3,2,random
513,44.00081383784857,0.95,0.0,0.8666666666666667,0.44746428063464716,0.0,4.839154243469238,0.7223430140130236,0.0,4.256125450134277,necklace,3,2,random
1135,44.20772896337136,0.95,0.3596398696107394,0.8666666666666667,0.4473463155505308,0.0,4.893257141113281,0.43908532817069534,0.0,5.282896041870117,necklace,3,2,random
932,44.41303011029934,0.95,0.37604616414375797,0.8666666666666667,0.24473130229179968,0.0,5.093142509460449,0.4097251936537236,0.0,5.492428779602051,necklace,3,2,random
274,44.53130270440545,0.95,0.16248362821678036,0.8666666666666667,0.4371381777565204,0.0,4.8083086013793945,0.6379773997293583,0.0,5.238589763641357,necklace,3,2,random
912,44.60993389173357,0.95,0.18640571542669693,0.8666666666666667,0.5628294034035439,0.0,4.8042707443237305,0.4212744156870638,0.0,4.905440330505371,necklace,3,2,random
422,44.69963042052935,0.95,0.14626244297393048,0.8666666666666667,0.4927457895860268,0.0,4.770225524902344,0.1012333319579858,0.0,3.9541878700256348,necklace,3,2,random
626,44.74595653548155,0.95,0.31390066742995887,0.8666666666666667,0.5419561309001204,0.0,4.7763214111328125,-0.03161102818758586,0.0,4.648314476013184,necklace,3,2,random
529,-102.67088121115125,0.99,0.3311078475690965,0.8666666666666667,0.022723894146719298,0.4375,5.604439735412598,-0.5728103051994947,0.0,5.147366523742676,necklace,3,2,random
1311,-74.45213703790971,0.99,0.3318466681056308,0.8666666666666667,0.004966610990452425,0.3125,5.714077949523926,-0.03584419939956168,0.0,5.52863073348999,necklace,3,2,random
1486,-55.97007110259022,0.99,0.21395063788282817,0.8666666666666667,0.3213447431012866,0.1875,5.804380416870117,0.23755689181267936,0.0,4.7175679206848145,necklace,3,2,random
319,-39.37552947334297,0.99,0.4874146804110706,0.8666666666666667,0.19754662901498465,0.125,5.6147894859313965,0.35748966911815777,0.0,5.554094314575195,necklace,3,2,random
795,-23.593450944852545,0.99,0.2327532455037792,0.8666666666666667,0.25064195735765393,0.0625,5.536413192749023,0.1346779889347845,0.0,4.64808464050293,necklace,3,2,random
152,-16.970921099226096,0.99,0.1735005443183722,0.8666666666666667,0.3399710231079272,0.125,5.304105281829834,0.13387678000764147,0.0,5.2806549072265625,necklace,3,2,random
500,-12.171704166645284,0.99,0.17151216062608182,0.8666666666666667,-0.036015514276230676,0.0625,5.367572784423828,0.5383134566170446,0.0,4.776034832000732,necklace,3,2,random
118,-6.92959454050404,0.99,0.5026037922095408,0.8666666666666667,0.34441196926938916,0.0,5.195166110992432,0.19158340956013303,0.0,5.482719421386719,necklace,3,2,random
894,-0.6120892280968646,0.99,0.2583364185734588,0.8666666666666667,0.18047162298689415,0.0,5.221905708312988,0.18679511362117765,0.0,4.637326717376709,necklace,3,2,random
656,3.7299444836249567,0.99,0.4321738839850333,0.8666666666666667,0.07030584425153324,0.0,5.261507987976074,0.20335741354457743,0.0,5.592996597290039,necklace,3,2,random
289,8.017850181057582,0.99,0.3439746460630527,0.8666666666666667,0.20608029717043225,0.0625,5.307617664337158,0.4140924536815418,0.0,5.466280937194824,necklace,3,2,random
907,11.753053376074817,0.99,0.08641769482599747,0.8666666666666667,0.34235634419511773,0.0625,5.128966808319092,0.6164217484890764,0.0,4.410274505615234,necklace,3,2,random
283,14.516826951824935,0.99,0.31815392773797146,0.8666666666666667,0.2672791511772432,0.0,5.197257995605469,0.295922321421234,0.0,4.816912651062012,necklace,3,2,random
910,16.742920391010482,0.99,0.20766942181978595,0.8666666666666667,0.2540115565117424,0.0625,5.147880554199219,0.15015630959214793,0.0,5.143056869506836,necklace,3,2,random
181,19.313659653569225,0.99,0.28271610103940004,0.8666666666666667,0.43246314551491,0.0,4.94354248046875,-0.20207415415505714,0.0,4.860101222991943,necklace,3,2,random
69,21.387512529699396,0.99,0.1478147755750131,0.8666666666666667,0.46009905674800444,0.0,5.1121416091918945,0.29232886309489636,0.0,5.266654014587402,necklace,3,2,random
1117,23.42381159399406,0.99,0.36885484666295043,0.8666666666666667,0.33985058434197923,0.0,5.238848686218262,0.12569011626286442,0.0,5.423185348510742,necklace,3,2,random
269,25.574795751849766,0.99,0.08912203515607488,0.8666666666666667,0.16349738440641343,0.0,5.0225629806518555,0.29946589947483687,0.0,5.012518882751465,necklace,3,2,random
401,27.594423217573297,0.99,0.49872466495387285,0.8666666666666667,0.38964965623634956,0.0625,4.992684364318848,0.41008276280964573,0.0,5.487303733825684,necklace,3,2,random
600,28.897566247962267,0.99,0.335630152992872,0.8666666666666667,0.36506176613324604,0.0,5.030724048614502,0.12065614145092851,0.0,5.133323669433594,necklace,3,2,random
769,30.257076303692653,0.99,0.35001812414606887,0.8666666666666667,0.27839145284942446,0.0,5.187689781188965,-0.026142971867035694,0.0,5.500438690185547,necklace,3,2,random
485,31.15698656646132,0.99,0.1440724982905249,0.8666666666666667,0.4894885713961853,0.0,5.068634986877441,0.7113716968126065,0.0,4.770491600036621,necklace,3,2,random
571,32.1706105710079,0.99,0.23735825787620854,0.8666666666666667,0.3809010757610055,0.0625,5.22366189956665,0.2596327317243592,0.0,4.726710319519043,necklace,3,2,random
1178,33.2093457271894,0.99,0.41895267348474147,0.8666666666666667,0.36131514083790256,0.0,5.121614456176758,0.1831166211930435,0.0,5.547287940979004,necklace,3,2,random
524,34.21153905485474,0.99,0.17746530082260215,0.8666666666666667,0.430896610024263,0.0,4.985279083251953,0.2775997317566684,0.0,5.279672622680664,necklace,3,2,random
1007,35.166888364491584,0.99,0.06034721266998119,0.8666666666666667,0.4872595818141704,0.0,4.78525447845459,0.352675132576196,0.0,4.829081058502197,necklace,3,2,random
1476,36.09242261356625,0.99,0.4335445518829214,0.8666666666666667,0.41755467778271194,0.0,4.790968894958496,0.3706335366357162,0.0,5.462408542633057,necklace,3,2,random
81,37.13771503165772,0.99,0.5181757583515687,0.8666666666666667,0.32979826870895257,0.0,4.919925689697266,0.5024202667084421,0.0,5.262561798095703,necklace,3,2,random
413,38.005732099284245,0.99,0.3291633410895778,0.8666666666666667,0.20931366004330126,0.0,4.980830669403076,0.11700440886797368,0.0,5.564459800720215,necklace,3,2,random
0,38.71155964201053,0.99,0.30311721437254524,0.8666666666666667,0.37949754036480243,0.0,5.10982084274292,0.1635514337151891,0.0,5.126091003417969,necklace,3,2,random
664,39.269429525483865,0.99,0.57444795238712,0.8666666666666667,0.47406106980344587,0.0,5.08553409576416,0.2797491722229416,0.0,5.4892778396606445,necklace,3,2,random
640,39.90459283319663,0.99,0.42784337738132355,0.8666666666666667,0.43607907132831,0.0,5.110605716705322,0.1672572079069476,0.0,5.642142295837402,necklace,3,2,random
965,40.48079630971777,0.99,0.3209820404467104,0.8666666666666667,0.40250792497881094,0.0,4.957065582275391,0.08146823246725637,0.0,4.951862335205078,necklace,3,2,random
475,40.91858000610882,0.99,0.23502176176329467,0.8666666666666667,0.27539981918754963,0.0,4.9748735427856445,0.3880783177051986,0.0,4.5424652099609375,necklace,3,2,random
291,41.3887036923493,0.99,0.024365718644784196,0.8666666666666667,0.5328940744479107,0.0,4.894619464874268,0.526122875835509,0.0,4.595729827880859,necklace,3,2,random
472,42.08645072380015,0.99,0.5197076129199563,0.8666666666666667,0.33221553197009357,0.0,4.9258928298950195,0.5953712914815631,0.0,5.471394062042236,necklace,3,2,random
562,42.5991918995523,0.99,0.3116192661431694,0.8666666666666667,0.5302881670974062,0.0,4.918337345123291,-0.1521276007387738,0.0,4.922808647155762,necklace,3,2,random
756,42.918661617940124,0.99,0.20787132891408852,0.8666666666666667,0.5323406533500978,0.0,4.955538749694824,-0.2029878650261363,0.0,5.227747917175293,necklace,3,2,random
299,43.23604050380158,0.99,0.2813076986827664,0.8666666666666667,0.5595419022932138,0.0,4.8622636795043945,-0.18298052365934966,0.0,4.772066116333008,necklace,3,2,random
13,43.4807286061063,0.99,0.17433447299506927,0.8666666666666667,0.5059628002761437,0.0,4.762063980102539,0.3012016397876578,0.0,5.267002582550049,necklace,3,2,random
636,43.78264665143758,0.99,0.47506137643626944,0.8666666666666667,0.42202820484003256,0.0,5.105046272277832,0.4593822682767988,0.0,5.5187530517578125,necklace,3,2,random
513,44.00081383784857,0.99,0.0,0.8666666666666667,0.44746428063464716,0.0,4.839154243469238,0.4473872357401074,0.0,4.599969863891602,necklace,3,2,random
1135,44.20772896337136,0.99,0.3596398696107394,0.8666666666666667,0.4473463155505308,0.0,4.893257141113281,0.34389925684347833,0.0,5.328940391540527,necklace,3,2,random
932,44.41303011029934,0.99,0.37604616414375797,0.8666666666666667,0.24473130229179968,0.0,5.093142509460449,0.3374892255902703,0.0,5.614803314208984,necklace,3,2,random
274,44.53130270440545,0.99,0.16248362821678036,0.8666666666666667,0.4371381777565204,0.0,4.8083086013793945,0.21903762101413954,0.0,5.274059295654297,necklace,3,2,random
912,44.60993389173357,0.99,0.18640571542669693,0.8666666666666667,0.5628294034035439,0.0,4.8042707443237305,0.2870326395851458,0.0,5.269171237945557,necklace,3,2,random
422,44.69963042052935,0.99,0.14626244297393048,0.8666666666666667,0.4927457895860268,0.0,4.770225524902344,0.6011457192762877,0.0,4.266406059265137,necklace,3,2,random
626,44.74595653548155,0.99,0.31390066742995887,0.8666666666666667,0.5419561309001204,0.0,4.7763214111328125,-0.06764114575542575,0.0,4.907691478729248,necklace,3,2,random
282,-112.46410013763511,0.95,0.788763072906152,1.0,-0.1662273835036463,0.75,5.7753496170043945,0.134294624991115,0.875,3.383111000061035,necklace,4,0,proxy
1185,-82.28344408128557,0.95,0.5696185401651099,1.0,0.30102550159517016,0.0625,5.3731184005737305,0.16615633541889882,0.0,5.266218662261963,necklace,4,0,proxy
964,-51.64468190131133,0.95,0.7098523850040144,1.0,0.35388848207851276,0.0625,5.1477532386779785,0.47233278692980785,0.0,5.521106719970703,necklace,4,0,proxy
135,-29.419735800418575,0.95,0.7181241007073904,1.0,0.3362409959271784,0.125,5.298003196716309,0.43137029080427125,0.0,5.311929225921631,necklace,4,0,proxy
1279,-15.778690393991473,0.95,0.5232691121258206,1.0,0.5160350777440064,0.0,4.860102653503418,0.2498636430518422,0.0,4.670072555541992,necklace,4,0,proxy
681,-1.1770499119776716,0.95,0.7531656819558386,1.0,0.25966235224626694,0.0625,5.124070167541504,0.5825179725436846,0.0,5.61530876159668,necklace,4,0,proxy
328,5.108751658206893,0.95,0.7554156454978461,1.0,0.3232089971181459,0.125,5.046006202697754,0.7889144915751684,0.0,5.503951072692871,necklace,4,0,proxy
396,13.338569116619848,0.95,0.16918968613111124,1.0,0.45016412653706145,0.0,4.655869007110596,0.5341059733336375,0.0,4.124006271362305,necklace,4,0,proxy
552,19.519198079701646,0.95,0.8239589750929861,1.0,0.543700940139286,0.0625,4.906698226928711,0.6514344465369956,0.0,5.434263706207275,necklace,4,0,proxy
1327,24.9354302726122,0.95,0.6524338529448783,1.0,0.2561620497353046,0.0,4.855795383453369,-0.035544524344407455,0.125,5.235119342803955,necklace,4,0,proxy
65,29.63692177211584,0.95,0.8065349950084519,1.0,0.4071214730256256,0.0625,4.97915506362915,0.8225169961735624,0.0,5.763546943664551,necklace,4,0,proxy
503,33.93143072802482,0.95,0.6855882077474961,1.0,0.6461197681624666,0.0,4.935895919799805,0.6594711852766011,0.0,5.443387985229492,necklace,4,0,proxy
1386,37.87937396071392,0.95,0.6608921299750872,1.0,0.2671092928462508,0.0625,4.860372543334961,0.20463728246523916,0.0625,5.137294292449951,necklace,4,0,proxy
863,41.58069815329426,0.95,0.2417055736345192,1.0,0.38065701782338046,0.0,4.528232574462891,0.4745933949979256,0.0,5.168844699859619,necklace,4,0,proxy
158,44.39559225658397,0.95,0.9281308969761171,1.0,0.5045190185971298,0.0,4.632789611816406,0.7478205085282457,0.0,5.151749610900879,necklace,4,0,proxy
671,47.70912638895321,0.95,1.0920208117498302,1.0,0.4340268286567448,0.0,4.854841709136963,0.7177354017626333,0.0,5.0246968269348145,necklace,4,0,proxy
1476,50.223526101792885,0.95,0.23767211324057952,1.0,0.38132625373882845,0.0,4.5339765548706055,0.5124297980453251,0.0,4.170654296875,necklace,4,0,proxy
1116,52.554553511480684,0.95,0.6725952851472138,1.0,0.452855973021302,0.0,4.856784820556641,0.6518146526330562,0.0,5.476789474487305,necklace,4,0,proxy
122,55.11422864353099,0.95,0.7770424260734659,1.0,0.4568119538416852,0.0,4.946132659912109,0.491424081926282,0.0,5.249139785766602,necklace,4,0,proxy
1484,57.248086944868724,0.95,0.6733703820701248,1.0,0.4786527258973037,0.0,4.797391414642334,0.09008649539265474,0.0,5.504034042358398,necklace,4,0,proxy
31,59.09489166217487,0.95,0.0,1.0,0.44585831765581535,0.0,4.172920227050781,0.4316095658188004,0.0,4.929897785186768,necklace,4,0,proxy
120,60.759714365822646,0.95,0.3248279163149862,1.0,0.1884083772597068,0.0,4.410513401031494,0.23503912854892517,0.0,5.2357964515686035,necklace,4,0,proxy
1125,62.141667521166376,0.95,0.4796025658407089,1.0,0.28098773712438574,0.0,4.809243679046631,0.1319963144732244,0.0,5.300570964813232,necklace,4,0,proxy
921,63.765316128208575,0.95,1.092972049552376,1.0,0.5361820032703002,0.0,4.758556365966797,0.9215315231171834,0.0,4.946483135223389,necklace,4,0,proxy
1026,64.88176109654877,0.95,0.4905259097056085,1.0,0.4243178029246846,0.0,4.640510559082031,0.18895875367950735,0.0,4.5649871826171875,necklace,4,0,proxy
1047,66.11403254753081,0.95,0.0,1.0,0.4950981214186575,0.0,4.320314884185791,0.4934022695053294,0.0,4.94871711730957,necklace,4,0,proxy
93,67.49419891852374,0.95,1.0138061131993676,1.0,0.17669331490284929,0.0,4.575498580932617,0.7986957210803084,0.0,5.0472588539123535,necklace,4,0,proxy
361,68.5605352692604,0.95,0.6346704544886862,1.0,0.6837804964270625,0.0,4.637277126312256,0.08254593624774349,0.25,5.397858619689941,necklace,4,0,proxy
826,69.57120868523276,0.95,0.31016063134218347,1.0,0.578086123957926,0.0,4.404648780822754,0.3238473106608351,0.0,5.303779125213623,necklace,4,0,proxy
1398,70.48190429760265,0.95,0.48257797520625434,1.0,0.29445655628656775,0.0,4.4741997718811035,0.11510944507101675,0.0,5.255054473876953,necklace,4,0,proxy
1032,71.38325258284287,0.95,0.5233231840010959,1.0,0.6557664001836472,0.0,4.5367045402526855,-0.011442070366986926,0.0,4.76206111907959,necklace,4,0,proxy
375,72.40295417725005,0.95,0.3529936303888717,1.0,0.6913273468275386,0.0,4.341279983520508,0.28605910172762256,0.0,4.499888896942139,necklace,4,0,proxy
1282,73.20802951525103,0.95,0.9693901737897946,1.0,0.33212404255933103,0.0,4.765767574310303,0.7577739677047961,0.0,4.931461334228516,necklace,4,0,proxy
897,73.96180032830082,0.95,0.6943104604284829,1.0,0.4428695049070827,0.0,4.703783988952637,0.32418950417749215,0.0,5.451684474945068,necklace,4,0,proxy
544,74.6410154241233,0.95,0.6521103641404371,1.0,0.4967968555522667,0.0,4.6495585441589355,0.5094680067123212,0.0,5.454587936401367,necklace,4,0,proxy
155,75.28634905598338,0.95,0.3920839512143186,1.0,0.38009464990817743,0.0,4.510471343994141,0.3847137949983168,0.125,4.579511642456055,necklace,4,0,proxy
1259,75.87876178697176,0.95,0.797594121520103,1.0,0.33484192109762695,0.0,4.667156219482422,0.8240112652318446,0.0,5.24862813949585,necklace,4,0,proxy
803,76.24589904362092,0.95,0.0,1.0,0.513092968072644,0.0,4.300909042358398,0.5434441586986585,0.0,3.9070708751678467,necklace,4,0,proxy
941,77.0195853935003,0.95,0.7182545003880467,1.0,0.45666808694903516,0.0,4.686429977416992,0.48065267639074644,0.0,5.521345615386963,necklace,4,0,proxy
1496,77.45354200506264,0.95,0.9673560403621826,1.0,0.3751870456190436,0.0,4.957405090332031,0.5686542226376151,0.0,5.022869110107422,necklace,4,0,proxy
1167,77.81194414439723,0.95,0.40951616541623403,1.0,0.40241837793925783,0.0,4.665554046630859,0.30440829145171105,0.0,5.050614356994629,necklace,4,0,proxy
690,78.06636684618852,0.95,0.8803470030966568,1.0,0.4541142817359175,0.0,4.604344367980957,0.8865425173920323,0.0,5.274487495422363,necklace,4,0,proxy
546,78.33243496072355,0.95,0.7413323170364994,1.0,0.5404734901254626,0.0,4.495901107788086,0.7698893332679266,0.0,4.848251819610596,necklace,4,0,proxy
1213,78.54771896806687,0.95,0.5641660241064896,1.0,0.5647076476728086,0.0,4.5409770011901855,0.11127728249738485,0.0,5.247752666473389,necklace,4,0,proxy
1310,78.72104187653338,0.95,0.31389050194480417,1.0,0.5136059786192113,0.0,4.374546051025391,0.4108957517502566,0.0,5.219427108764648,necklace,4,0,proxy
864,78.82167818438026,0.95,0.0,1.0,0.35983619399260525,0.0,4.072506904602051,0.5074308867546837,0.0,3.93620228767395,necklace,4,0,proxy
1219,78.89314927261069,0.95,0.30423876175145476,1.0,0.47453610672806,0.0,4.586353302001953,0.3365822402801404,0.0,5.413608551025391,necklace,4,0,proxy
460,78.9424753886859,0.95,0.42222102764301606,1.0,0.4743757210754661,0.0,4.827254295349121,0.41207153311834066,0.0,4.6291913986206055,necklace,4,0,proxy
282,-112.46410013763511,0.99,0.788763072906152,1.0,-0.1662273835036463,0.75,5.7753496170043945,0.06357080330512413,0.0,3.045569896697998,necklace,4,0,proxy
1185,-82.28344408128557,0.99,0.5696185401651099,1.0,0.30102550159517016,0.0625,5.3731184005737305,0.05299268240833095,0.0,4.785830974578857,necklace,4,0,proxy
964,-51.64468190131133,0.99,0.7098523850040144,1.0,0.35388848207851276,0.0625,5.1477532386779785,0.04620312402547548,0.0,4.781896591186523,necklace,4,0,proxy
135,-29.419735800418575,0.99,0.7181241007073904,1.0,0.3362409959271784,0.125,5.298003196716309,-0.025709834354947517,0.0625,4.329404830932617,necklace,4,0,proxy
1279,-15.778690393991473,0.99,0.5232691121258206,1.0,0.5160350777440064,0.0,4.860102653503418,0.3293736941308033,0.0,4.458549499511719,necklace,4,0,proxy
681,-1.1770499119776716,0.99,0.7531656819558386,1.0,0.25966235224626694,0.0625,5.124070167541504,0.25778058221903066,0.0,5.227825164794922,necklace,4,0,proxy
328,5.108751658206893,0.99,0.7554156454978461,1.0,0.3232089971181459,0.125,5.046006202697754,0.055575909309516114,0.0625,4.5080766677856445,necklace,4,0,proxy
396,13.338569116619848,0.99,0.16918968613111124,1.0,0.45016412653706145,0.0,4.655869007110596,0.39521853525926354,0.0,3.9913206100463867,necklace,4,0,proxy
552,19.519198079701646,0.99,0.8239589750929861,1.0,0.543700940139286,0.0625,4.906698226928711,0.4600010046899291,0.0,5.283483505249023,necklace,4,0,proxy
1327,24.9354302726122,0.99,0.6524338529448783,1.0,0.2561620497353046,0.0,4.855795383453369,0.10319618033155338,0.0,4.442340850830078,necklace,4,0,proxy
65,29.63692177211584,0.99,0.8065349950084519,1.0,0.4071214730256256,0.0625,4.97915506362915,0.1879510664758708,0.0,5.233145713806152,necklace,4,0,proxy
503,33.93143072802482,0.99,0.6855882077474961,1.0,0.6461197681624666,0.0,4.935895919799805,0.18652400445973633,0.0,4.775066375732422,necklace,4,0,proxy
1386,37.87937396071392,0.99,0.6608921299750872,1.0,0.2671092928462508,0.0625,4.860372543334961,-0.13873953405017217,0.0,4.512965202331543,necklace,4,0,proxy
863,41.58069815329426,0.99,0.2417055736345192,1.0,0.38065701782338046,0.0,4.528232574462891,0.13576316398919064,0.0,5.047461986541748,necklace,4,0,proxy
158,44.39559225658397,0.99,0.9281308969761171,1.0,0.5045190185971298,0.0,4.632789611816406,0.5207946441899305,0.0,4.710184097290039,necklace,4,0,proxy
671,47.70912638895321,0.99,1.0920208117498302,1.0,0.4340268286567448,0.0,4.854841709136963,0.5422028490923423,0.0,4.677227973937988,necklace,4,0,proxy
1476,50.223526101792885,0.99,0.23767211324057952,1.0,0.38132625373882845,0.0,4.5339765548706055,0.33559929734763805,0.0,3.997871160507202,necklace,4,0,proxy
1116,52.554553511480684,0.99,0.6725952851472138,1.0,0.452855973021302,0.0,4.856784820556641,0.12114231322533046,0.0625,4.712821006774902,necklace,4,0,proxy
122,55.11422864353099,0.99,0.7770424260734659,1.0,0.4568119538416852,0.0,4.946132659912109,0.3812563327875802,0.0625,4.0107879638671875,necklace,4,0,proxy
1484,57.248086944868724,0.99,0.6733703820701248,1.0,0.4786527258973037,0.0,4.797391414642334,0.2088416914526166,0.0,4.822110176086426,necklace,4,0,proxy
31,59.09489166217487,0.99,0.0,1.0,0.44585831765581535,0.0,4.172920227050781,-0.15055308442248824,0.0,4.615353584289551,necklace,4,0,proxy
120,60.759714365822646,0.99,0.3248279163149862,1.0,0.1884083772597068,0.0,4.410513401031494,0.2011711979516252,0.0,4.99287748336792,necklace,4,0,proxy
1125,62.141667521166376,0.99,0.4796025658407089,1.0,0.28098773712438574,0.0,4.809243679046631,0.26381601197463395,0.0,4.918267250061035,necklace,4,0,proxy
921,63.765316128208575,0.99,1.092972049552376,1.0,0.5361820032703002,0.0,4.758556365966797,0.39551764609972295,0.0,4.393462181091309,necklace,4,0,proxy
1026,64.88176109654877,0.99,0.4905259097056085,1.0,0.4243178029246846,0.0,4.640510559082031,0.16794705917981587,0.0,4.374327659606934,necklace,4,0,proxy
1047,66.11403254753081,0.99,0.0,1.0,0.4950981214186575,0.0,4.320314884185791,-0.11811169673907543,0.0,4.663663864135742,necklace,4,0,proxy
93,67.49419891852374,0.99,1.0138061131993676,1.0,0.17669331490284929,0.0,4.575498580932617,0.40702660672644686,0.0,4.994468688964844,necklace,4,0,proxy
361,68.5605352692604,0.99,0.6346704544886862,1.0,0.6837804964270625,0.0,4.637277126312256,0.021028729044132985,0.0,4.533485412597656,necklace,4,0,proxy
826,69.57120868523276,0.99,0.31016063134218347,1.0,0.578086123957926,0.0,4.404648780822754,0.15292246567952408,0.0,5.009159088134766,necklace,4,0,proxy
1398,70.48190429760265,0.99,0.48257797520625434,1.0,0.29445655628656775,0.0,4.4741997718811035,0.19709582932724906,0.0,4.842768669128418,necklace,4,0,proxy
1032,71.38325258284287,0.99,0.5233231840010959,1.0,0.6557664001836472,0.0,4.5367045402526855,0.2636133303614115,0.0,4.483550548553467,necklace,4,0,proxy
375,72.40295417725005,0.99,0.3529936303888717,1.0,0.6913273468275386,0.0,4.341279983520508,0.08038321963991574,0.0,4.095825672149658,necklace,4,0,proxy
1282,73.20802951525103,0.99,0.9693901737897946,1.0,0.33212404255933103,0.0,4.765767574310303,0.17781183475167398,0.0,4.440064430236816,necklace,4,0,proxy
897,73.96180032830082,0.99,0.6943104604284829,1.0,0.4428695049070827,0.0,4.703783988952637,0.14620154724661666,0.125,4.883997440338135,necklace,4,0,proxy
544,74.6410154241233,0.99,0.6521103641404371,1.0,0.4967968555522667,0.0,4.6495585441589355,0.15570534459657406,0.0,4.708208084106445,necklace,4,0,proxy
155,75.28634905598338,0.99,0.3920839512143186,1.0,0.38009464990817743,0.0,4.510471343994141,0.0389085422304956,0.0,3.9308719635009766,necklace,4,0,proxy
1259,75.87876178697176,0.99,0.797594121520103,1.0,0.33484192109762695,0.0,4.667156219482422,0.13289084056300027,0.0,5.163922309875488,necklace,4,0,proxy
803,76.24589904362092,0.99,0.0,1.0,0.513092968072644,0.0,4.300909042358398,0.2582939185903307,0.0625,3.392411947250366,necklace,4,0,proxy
941,77.0195853935003,0.99,0.7182545003880467,1.0,0.45666808694903516,0.0,4.686429977416992,-0.08450762207170899,0.0625,4.9513325691223145,necklace,4,0,proxy
1496,77.45354200506264,0.99,0.9673560403621826,1.0,0.3751870456190436,0.0,4.957405090332031,0.08023275126849969,0.0,4.344339370727539,necklace,4,0,proxy
1167,77.81194414439723,0.99,0.40951616541623403,1.0,0.40241837793925783,0.0,4.665554046630859,-0.14160526881579316,0.0,4.64788818359375,necklace,4,0,proxy
690,78.06636684618852,0.99,0.8803470030966568,1.0,0.4541142817359175,0.0,4.604344367980957,0.33237626770652884,0.0,4.8930463790893555,necklace,4,0,proxy
546,78.33243496072355,0.99,0.7413323170364994,1.0,0.5404734901254626,0.0,4.495901107788086,0.32497832749564204,0.0,4.023989677429199,necklace,4,0,proxy
1213,78.54771896806687,0.99,0.5641660241064896,1.0,0.5647076476728086,0.0,4.5409770011901855,0.06311567006141588,0.0,4.785229682922363,necklace,4,0,proxy
1310,78.72104187653338,0.99,0.31389050194480417,1.0,0.5136059786192113,0.0,4.374546051025391,0.04247160902955588,0.0,4.991720199584961,necklace,4,0,proxy
864,78.82167818438026,0.99,0.0,1.0,0.35983619399260525,0.0,4.072506904602051,0.21932409453892548,0.0,3.4683003425598145,necklace,4,0,proxy
1219,78.89314927261069,0.99,0.30423876175145476,1.0,0.47453610672806,0.0,4.586353302001953,0.0003882336791110885,0.0,4.851251125335693,necklace,4,0,proxy
460,78.9424753886859,0.99,0.42222102764301606,1.0,0.4743757210754661,0.0,4.827254295349121,-0.12206718657589609,0.0,4.109679698944092,necklace,4,0,proxy
282,-112.46410013763511,0.95,0.40701124538625655,0.8666666666666667,-0.1662273835036463,0.75,5.7753496170043945,-0.06490798962197099,0.25,4.918554306030273,necklace,4,0,random
1185,-82.28344408128557,0.95,0.37213620846259854,0.8666666666666667,0.30102550159517016,0.0625,5.3731184005737305,0.015851453991853018,0.3125,5.101993560791016,necklace,4,0,random
964,-51.64468190131133,0.95,0.28008131573082323,0.8666666666666667,0.35388848207851276,0.0625,5.1477532386779785,0.17997110983327225,0.0,5.390109062194824,necklace,4,0,random
135,-29.419735800418575,0.95,0.0,0.8666666666666667,0.3362409959271784,0.125,5.298003196716309,0.45622475546149444,0.0,3.9882354736328125,necklace,4,0,random
1279,-15.778690393991473,0.95,0.5217954824481266,0.8666666666666667,0.5160350777440064,0.0,4.860102653503418,0.21201461029078486,0.0,5.664337158203125,necklace,4,0,random
681,-1.1770499119776716,0.95,0.0,0.8666666666666667,0.25966235224626694,0.0625,5.124070167541504,0.4146893088112486,0.0,4.303605556488037,necklace,4,0,random
328,5.108751658206893,0.95,0.4575887270835183,0.8666666666666667,0.3232089971181459,0.125,5.046006202697754,0.08001357979346921,0.0,5.492586612701416,necklace,4,0,random
396,13.338569116619848,0.95,0.6976071225914262,0.8666666666666667,0.45016412653706145,0.0,4.655869007110596,0.5830991588834034,0.0,5.067050457000732,necklace,4,0,random
552,19.519198079701646,0.95,0.46058782466402737,0.8666666666666667,0.543700940139286,0.0625,4.906698226928711,-0.28515687198049045,0.0,5.540735721588135,necklace,4,0,random
1327,24.9354302726122,0.95,0.34252274111545383,0.8666666666666667,0.2561620497353046,0.0,4.855795383453369,-0.04830502083819621,0.125,4.776398181915283,necklace,4,0,random
65,29.63692177211584,0.95,0.2563494866954263,0.8666666666666667,0.4071214730256256,0.0625,4.97915506362915,0.2754060034848186,0.0,5.11843204498291,necklace,4,0,random
503,33.93143072802482,0.95,0.0,0.8666666666666667,0.6461197681624666,0.0,4.935895919799805,0.4006944255749374,0.0,4.209319591522217,necklace,4,0,random
1386,37.87937396071392,0.95,0.28212584704845406,0.8666666666666667,0.2671092928462508,0.0625,4.860372543334961,0.26858749762837475,0.0,4.995082855224609,necklace,4,0,random
863,41.58069815329426,0.95,0.33231638036280853,0.8666666666666667,0.38065701782338046,0.0,4.528232574462891,-0.13231845750129131,0.25,5.016429424285889,necklace,4,0,random
158,44.39559225658397,0.95,0.2594557470982444,0.8666666666666667,0.5045190185971298,0.0,4.632789611816406,0.22995232251788175,0.0,5.422869682312012,necklace,4,0,random
671,47.70912638895321,0.95,0.40197471815596736,0.8666666666666667,0.4340268286567448,0.0,4.854841709136963,0.01099122545623804,0.0,5.029499530792236,necklace,4,0,random
1476,50.223526101792885,0.95,0.5106710661905696,0.8666666666666667,0.38132625373882845,0.0,4.5339765548706055,0.24333689929603358,0.0,5.550980091094971,necklace,4,0,random
1116,52.554553511480684,0.95,0.42583878391207397,0.8666666666666667,0.452855973021302,0.0,4.856784820556641,-0.053227939044959,0.0,5.498396873474121,necklace,4,0,random
122,55.11422864353099,0.95,0.5403635951880956,0.8666666666666667,0.4568119538416852,0.0,4.946132659912109,0.11016841337184029,0.0,5.692683219909668,necklace,4,0,random
1484,57.248086944868724,0.95,0.4277942837964881,0.8666666666666667,0.4786527258973037,0.0,4.797391414642334,-0.3303805001381617,0.0,5.475473403930664,necklace,4,0,random
31,59.09489166217487,0.95,0.4617729382788279,0.8666666666666667,0.44585831765581535,0.0,4.172920227050781,-0.16257656272820245,0.0,5.591987609863281,necklace,4,0,random
120,60.759714365822646,0.95,0.6375245828413358,0.8666666666666667,0.1884083772597068,0.0,4.410513401031494,0.47378499069490715,0.0,4.550511360168457,necklace,4,0,random
1125,62.141667521166376,0.95,0.29646814755720724,0.8666666666666667,0.28098773712438574,0.0,4.809243679046631,-0.1800841627500172,0.0,5.3865861892700195,necklace,4,0,random
921,63.765316128208575,0.95,0.18001196711782713,0.8666666666666667,0.5361820032703002,0.0,4.758556365966797,0.4291268261153124,0.0,4.872320652008057,necklace,4,0,random
1026,64.88176109654877,0.95,0.4698240571434379,0.8666666666666667,0.4243178029246846,0.0,4.640510559082031,0.3596961891459427,0.0,5.544066429138184,necklace,4,0,random
1047,66.11403254753081,0.95,0.22853030372362987,0.8666666666666667,0.4950981214186575,0.0,4.320314884185791,0.3825162306041095,0.0,5.389982223510742,necklace,4,0,random
93,67.49419891852374,0.95,0.46284443120717395,0.8666666666666667,0.17669331490284929,0.0,4.575498580932617,0.07851780944230966,0.0,5.525927543640137,necklace,4,0,random
361,68.5605352692604,0.95,0.20516939684558147,0.8666666666666667,0.6837804964270625,0.0,4.637277126312256,0.5550453369146615,0.0,4.931185722351074,necklace,4,0,random
826,69.57120868523276,0.95,0.17241734386407087,0.8666666666666667,0.578086123957926,0.0,4.404648780822754,0.4576212860876667,0.0,5.254695415496826,necklace,4,0,random
1398,70.48190429760265,0.95,0.0,0.8666666666666667,0.29445655628656775,0.0,4.4741997718811035,0.4125711128975037,0.0,4.31597375869751,necklace,4,0,random
1032,71.38325258284287,0.95,0.4285905710796112,0.8666666666666667,0.6557664001836472,0.0,4.5367045402526855,0.04819264407213,0.0625,5.398085594177246,necklace,4,0,random
375,72.40295417725005,0.95,0.4343455469726873,0.8666666666666667,0.6913273468275386,0.0,4.341279983520508,0.07242548607500965,0.0,5.458383083343506,necklace,4,0,random
1282,73.20802951525103,0.95,0.3803907580247591,0.8666666666666667,0.33212404255933103,0.0,4.765767574310303,-0.2080744432469902,0.375,4.881399154663086,necklace,4,0,random
897,73.96180032830082,0.95,0.2361653934588123,0.8666666666666667,0.4428695049070827,0.0,4.703783988952637,0.45959552144431887,0.0,5.384037971496582,necklace,4,0,random
544,74.6410154241233,0.95,0.5073247552374451,0.8666666666666667,0.4967968555522667,0.0,4.6495585441589355,0.2985927156483587,0.0,5.548911094665527,necklace,4,0,random
155,75.28634905598338,0.95,0.0,0.8666666666666667,0.38009464990817743,0.0,4.510471343994141,0.4620458217686377,0.0,3.903687000274658,necklace,4,0,random
1259,75.87876178697176,0.95,0.42184405185700297,0.8666666666666667,0.33484192109762695,0.0,4.667156219482422,0.01159962335314177,0.0,5.462007522583008,necklace,4,0,random
803,76.24589904362092,0.95,0.6854611775289381,0.8666666666666667,0.513092968072644,0.0,4.300909042358398,0.32476133271878016,0.0,4.606532573699951,necklace,4,0,random
941,77.0195853935003,0.95,0.5291529703196305,0.8666666666666667,0.45666808694903516,0.0,4.686429977416992,0.37821055990917823,0.0,5.553638458251953,necklace,4,0,random
1496,77.45354200506264,0.95,0.23854751305143923,0.8666666666666667,0.3751870456190436,0.0,4.957405090332031,0.5149838130753108,0.0,4.937736511230469,necklace,4,0,random
1167,77.81194414439723,0.95,0.27629821193103604,0.8666666666666667,0.40241837793925783,0.0,4.665554046630859,0.4005508645551382,0.0,5.442628860473633,necklace,4,0,random
690,78.06636684618852,0.95,0.5170681177554042,0.8666666666666667,0.4541142817359175,0.0,4.604344367980957,0.22790939397550966,0.0,5.391602516174316,necklace,4,0,random
546,78.33243496072355,0.95,0.2092837374750025,0.8666666666666667,0.5404734901254626,0.0,4.495901107788086,0.4867779914464026,0.0,4.901647090911865,necklace,4,0,random
1213,78.54771896806687,0.95,0.2842289230112742,0.8666666666666667,0.5647076476728086,0.0,4.5409770011901855,0.008422777647576402,0.0,5.227705955505371,necklace,4,0,random
1310,78.72104187653338,0.95,0.2304301137412988,0.8666666666666667,0.5136059786192113,0.0,4.374546051025391,0.42926539317854434,0.0,5.398006439208984,necklace,4,0,random
864,78.82167818438026,0.95,0.822058538394807,0.8666666666666667,0.35983619399260525,0.0,4.072506904602051,0.40078927599364034,0.0,4.890773296356201,necklace,4,0,random
1219,78.89314927261069,0.95,0.39133142055111625,0.8666666666666667,0.47453610672806,0.0,4.586353302001953,0.16682001500307206,0.0,5.119637966156006,necklace,4,0,random
460,78.9424753886859,0.95,0.33363527850386027,0.8666666666666667,0.4743757210754661,0.0,4.827254295349121,0.2806124480158454,0.0625,4.8515095710754395,necklace,4,0,random
282,-112.46410013763511,0.99,0.40701124538625655,0.8666666666666667,-0.1662273835036463,0.75,5.7753496170043945,0.0804471261601683,0.0,4.630310535430908,necklace,4,0,random
1185,-82.28344408128557,0.99,0.37213620846259854,0.8666666666666667,0.30102550159517016,0.0625,5.3731184005737305,0.18397781912847372,0.0,4.520307540893555,necklace,4,0,random
964,-51.64468190131133,0.99,0.28008131573082323,0.8666666666666667,0.35388848207851276,0.0625,5.1477532386779785,0.12778508298976082,0.0,5.0357346534729,necklace,4,0,random
135,-29.419735800418575,0.99,0.0,0.8666666666666667,0.3362409959271784,0.125,5.298003196716309,-1.9528154213198423,0.0,3.651182174682617,necklace,4,0,random
1279,-15.778690393991473,0.99,0.5217954824481266,0.8666666666666667,0.5160350777440064,0.0,4.860102653503418,-0.24106637076079118,0.0,3.1686573028564453,necklace,4,0,random
681,-1.1770499119776716,0.99,0.0,0.8666666666666667,0.25966235224626694,0.0625,5.124070167541504,-5.182580277311264,0.0,3.832322597503662,necklace,4,0,random
328,5.108751658206893,0.99,0.4575887270835183,0.8666666666666667,0.3232089971181459,0.125,5.046006202697754,0.12061413105648214,0.0,4.552452564239502,necklace,4,0,random
396,13.338569116619848,0.99,0.6976071225914262,0.8666666666666667,0.45016412653706145,0.0,4.655869007110596,0.08173314370909127,0.0,0.808236300945282,necklace,4,0,random
552,19.519198079701646,0.99,0.46058782466402737,0.8666666666666667,0.543700940139286,0.0625,4.906698226928711,0.022150391031594857,0.0,4.9207916259765625,necklace,4,0,random
1327,24.9354302726122,0.99,0.34252274111545383,0.8666666666666667,0.2561620497353046,0.0,4.855795383453369,0.16740988790373507,0.0,4.089591979980469,necklace,4,0,random
65,29.63692177211584,0.99,0.2563494866954263,0.8666666666666667,0.4071214730256256,0.0625,4.97915506362915,0.11847747271702325,0.0,4.790289878845215,necklace,4,0,random
503,33.93143072802482,0.99,0.0,0.8666666666666667,0.6461197681624666,0.0,4.935895919799805,-1.4829459727850325,0.0,3.785212755203247,necklace,4,0,random
1386,37.87937396071392,0.99,0.28212584704845406,0.8666666666666667,0.2671092928462508,0.0625,4.860372543334961,0.1934220631209841,0.0,4.743719100952148,necklace,4,0,random
863,41.58069815329426,0.99,0.33231638036280853,0.8666666666666667,0.38065701782338046,0.0,4.528232574462891,0.10278690906131997,0.0,4.239680290222168,necklace,4,0,random
158,44.39559225658397,0.99,0.2594557470982444,0.8666666666666667,0.5045190185971298,0.0,4.632789611816406,0.2213849737027226,0.0,5.153815269470215,necklace,4,0,random
671,47.70912638895321,0.99,0.40197471815596736,0.8666666666666667,0.4340268286567448,0.0,4.854841709136963,0.1215706189532295,0.0,4.474606037139893,necklace,4,0,random
1476,50.223526101792885,0.99,0.5106710661905696,0.8666666666666667,0.38132625373882845,0.0,4.5339765548706055,0.1975527325471834,0.0,2.605135202407837,necklace,4,0,random
1116,52.554553511480684,0.99,0.42583878391207397,0.8666666666666667,0.452855973021302,0.0,4.856784820556641,0.18606858448880068,0.0,4.894257545471191,necklace,4,0,random
122,55.11422864353099,0.99,0.5403635951880956,0.8666666666666667,0.4568119538416852,0.0,4.946132659912109,0.09872935521599234,0.0,3.1393322944641113,necklace,4,0,random
1484,57.248086944868724,0.99,0.4277942837964881,0.8666666666666667,0.4786527258973037,0.0,4.797391414642334,-0.2646694443206056,0.0,4.8483710289001465,necklace,4,0,random
31,59.09489166217487,0.99,0.4617729382788279,0.8666666666666667,0.44585831765581535,0.0,4.172920227050781,0.16618992467755472,0.0,4.808706760406494,necklace,4,0,random
120,60.759714365822646,0.99,0.6375245828413358,0.8666666666666667,0.1884083772597068,0.0,4.410513401031494,0.42253006468439486,0.0,0.5151763558387756,necklace,4,0,random
1125,62.141667521166376,0.99,0.29646814755720724,0.8666666666666667,0.28098773712438574,0.0,4.809243679046631,0.3091600746273963,0.0,5.018383979797363,necklace,4,0,random
921,63.765316128208575,0.99,0.18001196711782713,0.8666666666666667,0.5361820032703002,0.0,4.758556365966797,-0.10591260154092996,0.0,4.582576751708984,necklace,4,0,random
1026,64.88176109654877,0.99,0.4698240571434379,0.8666666666666667,0.4243178029246846,0.0,4.640510559082031,0.3062685395940017,0.0,4.64475154876709,necklace,4,0,random
1047,66.11403254753081,0.99,0.22853030372362987,0.8666666666666667,0.4950981214186575,0.0,4.320314884185791,0.12233618840211626,0.0,5.139562606811523,necklace,4,0,random
93,67.49419891852374,0.99,0.46284443120717395,0.8666666666666667,0.17669331490284929,0.0,4.575498580932617,0.09525969376912856,0.0,4.683314323425293,necklace,4,0,random
361,68.5605352692604,0.99,0.20516939684558147,0.8666666666666667,0.6837804964270625,0.0,4.637277126312256,0.07279619684163693,0.0,4.723606109619141,necklace,4,0,random
826,69.57120868523276,0.99,0.17241734386407087,0.8666666666666667,0.578086123957926,0.0,4.404648780822754,-0.16386666147651632,0.0,4.874691486358643,necklace,4,0,random
1398,70.48190429760265,0.99,0.0,0.8666666666666667,0.29445655628656775,0.0,4.4741997718811035,-1.95157805004296,0.0,3.7760298252105713,necklace,4,0,random
1032,71.38325258284287,0.99,0.4285905710796112,0.8666666666666667,0.6557664001836472,0.0,4.5367045402526855,-0.1316021029367218,0.0,4.415318489074707,necklace,4,0,random
375,72.40295417725005,0.99,0.4343455469726873,0.8666666666666667,0.6913273468275386,0.0,4.341279983520508,0.19768551276051172,0.0,4.534438133239746,necklace,4,0,random
1282,73.20802951525103,0.99,0.3803907580247591,0.8666666666666667,0.33212404255933103,0.0,4.765767574310303,0.3449855641114476,0.0,3.926905632019043,necklace,4,0,random
897,73.96180032830082,0.99,0.2361653934588123,0.8666666666666667,0.4428695049070827,0.0,4.703783988952637,0.1014377834036489,0.0,5.110722541809082,necklace,4,0,random
544,74.6410154241233,0.99,0.5073247552374451,0.8666666666666667,0.4967968555522667,0.0,4.6495585441589355,0.42316212028056366,0.0,4.439909934997559,necklace,4,0,random
155,75.28634905598338,0.99,0.0,0.8666666666666667,0.38009464990817743,0.0,4.510471343994141,-1.515328523374126,0.0,3.6853220462799072,necklace,4,0,random
1259,75.87876178697176,0.99,0.42184405185700297,0.8666666666666667,0.33484192109762695,0.0,4.667156219482422,0.00926819455085684,0.0,4.851090431213379,necklace,4,0,random
803,76.24589904362092,0.99,0.6854611775289381,0.8666666666666667,0.513092968072644,0.0,4.300909042358398,0.4774409983996194,0.0,0.6721075773239136,necklace,4,0,random
941,77.0195853935003,0.99,0.5291529703196305,0.8666666666666667,0.45666808694903516,0.0,4.686429977416992,-0.24610856971790213,0.0,2.6807169914245605,necklace,4,0,random
1496,77.45354200506264,0.99,0.23854751305143923,0.8666666666666667,0.3751870456190436,0.0,4.957405090332031,0.04634214436002913,0.0,4.724307060241699,necklace,4,0,random
1167,77.81194414439723,0.99,0.27629821193103604,0.8666666666666667,0.40241837793925783,0.0,4.665554046630859,0.2558220822291396,0.0,5.183764457702637,necklace,4,0,random
690,78.06636684618852,0.99,0.5170681177554042,0.8666666666666667,0.4541142817359175,0.0,4.604344367980957,0.10224799669509936,0.0,3.757211923599243,necklace,4,0,random
546,78.33243496072355,0.99,0.2092837374750025,0.8666666666666667,0.5404734901254626,0.0,4.495901107788086,-0.005801982091329608,0.0,4.643605709075928,necklace,4,0,random
1213,78.54771896806687,0.99,0.2842289230112742,0.8666666666666667,0.5647076476728086,0.0,4.5409770011901855,0.08677564782691846,0.0,4.753842353820801,necklace,4,0,random
1310,78.72104187653338,0.99,0.2304301137412988,0.8666666666666667,0.5136059786192113,0.0,4.374546051025391,0.11956278513131115,0.0,5.185216903686523,necklace,4,0,random
864,78.82167818438026,0.99,0.822058538394807,0.8666666666666667,0.35983619399260525,0.0,4.072506904602051,0.5835181490814182,0.0,0.5840892791748047,necklace,4,0,random
1219,78.89314927261069,0.99,0.39133142055111625,0.8666666666666667,0.47453610672806,0.0,4.586353302001953,0.38885696655676305,0.0,4.492636680603027,necklace,4,0,random
460,78.9424753886859,0.99,0.33363527850386027,0.8666666666666667,0.4743757210754661,0.0,4.827254295349121,-0.08381666843475429,0.0,4.399364471435547,necklace,4,0,random
953,-123.31657122196185,0.95,0.705374957384977,1.0,-0.017434107319280634,0.0625,5.46115779876709,-0.28367240001346083,0.0,5.276076316833496,necklace,4,1,proxy
228,-85.37589790762121,0.95,0.4923606375087317,1.0,0.6893275107554381,0.0,5.155963897705078,0.0360910482587853,0.0,5.4552106857299805,necklace,4,1,proxy
607,-49.92648375731332,0.95,0.9955091245719936,1.0,0.2785262502136824,0.0,5.086613178253174,0.26417456940210204,0.0,4.016390323638916,necklace,4,1,proxy
270,-34.83212942831567,0.95,0.5261955817773624,1.0,0.4308424311649931,0.0,5.075821399688721,-0.05347034285283195,0.0,5.459067344665527,necklace,4,1,proxy
868,-20.003481034146485,0.95,0.7380430659950339,1.0,0.4344806839463716,0.0,4.844772815704346,0.4804158193111844,0.0625,3.972601890563965,necklace,4,1,proxy
565,-7.803789184185471,0.95,0.3137033218600001,1.0,0.4235348790682265,0.0,4.868124008178711,0.1059217178494935,0.0,5.195230007171631,necklace,4,1,proxy
556,0.10305198859295822,0.95,0.3073427209229885,1.0,0.6003324859869142,0.0,4.818645477294922,0.29337021564536886,0.0,5.230827331542969,necklace,4,1,proxy
1187,7.212842181357475,0.95,0.9322150131944873,1.0,0.4930669220898053,0.0625,5.030543804168701,0.608646027042302,0.0,4.4680280685424805,necklace,4,1,proxy
1279,14.896238079286023,0.95,0.5386527007810831,1.0,0.22835094457436245,0.0625,4.868556022644043,-0.015550431151643701,0.0,5.568470001220703,necklace,4,1,proxy
562,18.596315718104183,0.95,0.5003453675920528,1.0,0.4081839138097132,0.0,4.718721389770508,0.001993508393845475,0.0,5.465508937835693,necklace,4,1,proxy
1154,24.3578327940592,0.95,0.6038192690408914,1.0,0.46448251142694286,0.0625,5.05693244934082,0.21218087818421486,0.0,3.894681215286255,necklace,4,1,proxy
1077,29.365750866239125,0.95,0.5940547758500164,1.0,0.4873028254752093,0.0,4.925819396972656,0.27311245493573183,0.0,4.092801094055176,necklace,4,1,proxy
15,33.000135092627815,0.95,0.7152938583542994,1.0,0.45390671930504023,0.0,5.064183235168457,-0.01817701083713688,0.0,5.232358932495117,necklace,4,1,proxy
899,37.70969443910181,0.95,0.7460633233431944,1.0,0.6061632308574796,0.0,4.618486404418945,0.10705721932203065,0.0,5.142165660858154,necklace,4,1,proxy
385,41.08980026436922,0.95,0.6704460420625393,1.0,0.5769092262106539,0.0625,4.616606712341309,0.4457231499152454,0.0,4.333321571350098,necklace,4,1,proxy
1372,44.49264324533184,0.95,1.0153799462192286,1.0,0.3923598174174618,0.0,5.075361251831055,0.5878789580392496,0.0,4.633449554443359,necklace,4,1,proxy
1258,47.63515831123565,0.95,0.3138911575877535,1.0,0.6966020329915155,0.0,4.736584186553955,0.1305509203524033,0.0,5.226958751678467,necklace,4,1,proxy
1268,50.61884902990287,0.95,0.950413440576042,1.0,0.5611928649818585,0.0,4.983298301696777,0.531146022511629,0.0,4.359483242034912,necklace,4,1,proxy
760,53.43900770634771,0.95,0.7022147503583145,1.0,0.10824161108313238,0.0625,4.761054039001465,-0.02237538533895503,0.0,5.233181953430176,necklace,4,1,proxy
741,55.872212778051434,0.95,0.6081309539807744,1.0,0.23119864682304517,0.0,4.753735542297363,0.19177701213483495,0.0625,5.347803115844727,necklace,4,1,proxy
179,58.1974478438998,0.95,0.6679380594623725,1.0,0.6399416859332575,0.0,4.838490962982178,0.0026118756174832725,0.0,5.221696376800537,necklace,4,1,proxy
132,59.971599996398275,0.95,0.45071271341877805,1.0,0.5500570344838095,0.0,4.603360176086426,0.3529275898945615,0.0,3.807450771331787,necklace,4,1,proxy
453,61.56794503241199,0.95,0.7633817745487591,1.0,0.41910166024364526,0.0,4.714289665222168,0.7690080711338184,0.0,3.907329559326172,necklace,4,1,proxy
416,63.532887374051136,0.95,0.9415135427669894,1.0,0.2521277562366777,0.0,4.942444801330566,0.618554064328162,0.0,4.607227325439453,necklace,4,1,proxy
271,64.90699234436448,0.95,0.17444425479011244,1.0,0.4489224409682781,0.0,4.475825786590576,0.5197072113293716,0.0,5.098445892333984,necklace,4,1,proxy
743,66.23526738622316,0.95,0.9010169090076758,1.0,0.36618232445640264,0.0,4.883881568908691,0.48139000097435924,0.0,4.513130187988281,necklace,4,1,proxy
1106,67.63009246492649,0.95,0.0,1.0,0.6165295960226531,0.0,4.056046009063721,0.6308220418623066,0.0,4.820672512054443,necklace,4,1,proxy
454,68.94090029298269,0.95,0.5051986971990279,1.0,0.23124176131593605,0.0,4.824201583862305,0.2346789759036135,0.0,3.5896990299224854,necklace,4,1,proxy
951,69.91855500894702,0.95,0.556054115869281,1.0,0.6839880951691749,0.0,4.444693565368652,-0.2769826376658156,0.0,5.533449172973633,necklace,4,1,proxy
1421,70.86449576251717,0.95,0.5242067585464306,1.0,0.6756894970643232,0.0,4.694309234619141,0.29779799198259954,0.0,4.16358757019043,necklace,4,1,proxy
266,71.72092689040939,0.95,0.6614367888556395,1.0,0.3350759957201861,0.0,4.578046798706055,0.38862794052752336,0.1875,4.169190406799316,necklace,4,1,proxy
138,72.65795994217105,0.95,0.4492655704317358,1.0,0.5219232087564203,0.0,4.624809265136719,-0.004209720182237087,0.0,5.442996501922607,necklace,4,1,proxy
635,73.39103608906785,0.95,0.8087182697460917,1.0,0.6284031377274385,0.0,4.753020763397217,0.16702379036752468,0.0,4.590950965881348,necklace,4,1,proxy
814,74.03787353995045,0.95,0.20510951444946643,1.0,0.2864672340369032,0.0,4.488524436950684,0.7064765714591844,0.0,5.231757164001465,necklace,4,1,proxy
1357,74.54850894393286,0.95,0.725832293381271,1.0,0.37457451320386526,0.0,4.43729829788208,0.00021803442988935218,0.0,5.25706672668457,necklace,4,1,proxy
1071,75.22464046346612,0.95,0.8495808955779799,1.0,0.3234693044939334,0.0,4.735589027404785,0.7750702032813019,0.0,4.422547340393066,necklace,4,1,proxy
601,75.71108103397891,0.95,0.8180212113945522,1.0,0.3202823237121879,0.0,4.610313892364502,0.669064583771608,0.0,3.724771022796631,necklace,4,1,proxy
1311,76.24554745546062,0.95,0.5990487306753594,1.0,0.6246884483610302,0.0,4.454137325286865,0.3373232682162933,0.4375,3.072720527648926,necklace,4,1,proxy
55,76.65951411005757,0.95,0.6339201208790634,1.0,0.16546196232089086,0.0,4.5912699699401855,0.04400834327692521,0.0,5.186765670776367,necklace,4,1,proxy
1338,76.95289010285855,0.95,1.2388460760190931,1.0,0.09958990330370093,0.0,4.7473859786987305,0.7160035377979201,0.0,4.422962188720703,necklace,4,1,proxy
809,77.27021323030029,0.95,0.9199452830263448,1.0,0.3943665560467656,0.0,4.791730880737305,0.7142670148612158,0.0,4.670071601867676,necklace,4,1,proxy
1070,77.54476991051149,0.95,1.1045402667742092,1.0,0.550131821780273,0.0,4.4069061279296875,0.5982781365827327,0.0,4.206393241882324,necklace,4,1,proxy
6,77.81820542895373,0.95,0.760399108410918,1.0,0.5181495519365905,0.0,4.443788528442383,0.47054883870002806,0.0,3.459751844406128,necklace,4,1,proxy
971,78.03016548184152,0.95,1.0921308377142938,1.0,0.508474336492569,0.0,4.655665397644043,0.36951727163878134,0.0,4.238561630249023,necklace,4,1,proxy
1081,78.20871909873503,0.95,0.5054761577378405,1.0,0.35728007167809084,0.0,4.649280548095703,0.059410611446326145,0.0,5.476897239685059,necklace,4,1,proxy
946,78.36056668713321,0.95,0.0,1.0,0.27911778250118446,0.0,4.191989898681641,0.6504083427537025,0.0,4.88088321685791,necklace,4,1,proxy
909,78.42645678345978,0.95,0.450491877724741,1.0,0.4181621455247594,0.0,4.670662879943848,0.10369404224011687,0.0,5.416927814483643,necklace,4,1,proxy
724,78.4639467337781,0.95,0.0,1.0,0.4652463213865795,0.0,4.262923240661621,0.6260259697023262,0.0,4.885893821716309,necklace,4,1,proxy
953,-123.31657122196185,0.99,0.705374957384977,1.0,-0.017434107319280634,0.0625,5.46115779876709,0.34746137192526094,0.0,5.057453155517578,necklace,4,1,proxy
228,-85.37589790762121,0.99,0.4923606375087317,1.0,0.6893275107554381,0.0,5.155963897705078,0.04516328343235655,0.0,5.293623447418213,necklace,4,1,proxy
607,-49.92648375731332,0.99,0.9955091245719936,1.0,0.2785262502136824,0.0,5.086613178253174,0.5364397622709934,0.0,5.121698379516602,necklace,4,1,proxy
270,-34.83212942831567,0.99,0.5261955817773624,1.0,0.4308424311649931,0.0,5.075821399688721,0.054709358571764635,0.0,5.296772003173828,necklace,4,1,proxy
868,-20.003481034146485,0.99,0.7380430659950339,1.0,0.4344806839463716,0.0,4.844772815704346,0.386159841554484,0.0,3.918161392211914,necklace,4,1,proxy
565,-7.803789184185471,0.99,0.3137033218600001,1.0,0.4235348790682265,0.0,4.868124008178711,-0.032774805266091944,0.0,4.963191509246826,necklace,4,1,proxy
556,0.10305198859295822,0.99,0.3073427209229885,1.0,0.6003324859869142,0.0,4.818645477294922,-0.18206619777050448,0.0,5.0834197998046875,necklace,4,1,proxy
1187,7.212842181357475,0.99,0.9322150131944873,1.0,0.4930669220898053,0.0625,5.030543804168701,0.6205229121865037,0.0,5.073089599609375,necklace,4,1,proxy
1279,14.896238079286023,0.99,0.5386527007810831,1.0,0.22835094457436245,0.0625,4.868556022644043,0.08652895279667153,0.0,5.249271869659424,necklace,4,1,proxy
562,18.596315718104183,0.99,0.5003453675920528,1.0,0.4081839138097132,0.0,4.718721389770508,0.04971450445811963,0.0,5.29379940032959,necklace,4,1,proxy
1154,24.3578327940592,0.99,0.6038192690408914,1.0,0.46448251142694286,0.0625,5.05693244934082,0.1747338465666239,0.0,3.6344690322875977,necklace,4,1,proxy
1077,29.365750866239125,0.99,0.5940547758500164,1.0,0.4873028254752093,0.0,4.925819396972656,0.2487624071300667,0.0,3.7573392391204834,necklace,4,1,proxy
15,33.000135092627815,0.99,0.7152938583542994,1.0,0.45390671930504023,0.0,5.064183235168457,0.4518819596178987,0.0,5.07871675491333,necklace,4,1,proxy
899,37.70969443910181,0.99,0.7460633233431944,1.0,0.6061632308574796,0.0,4.618486404418945,0.46935808395900225,0.0,4.970653533935547,necklace,4,1,proxy
385,41.08980026436922,0.99,0.6704460420625393,1.0,0.5769092262106539,0.0625,4.616606712341309,0.32944940740020007,0.25,3.9565224647521973,necklace,4,1,proxy
1372,44.49264324533184,0.99,1.0153799462192286,1.0,0.3923598174174618,0.0,5.075361251831055,0.1848344160645062,0.0,5.1287407875061035,necklace,4,1,proxy
1258,47.63515831123565,0.99,0.3138911575877535,1.0,0.6966020329915155,0.0,4.736584186553955,-0.21074963876407046,0.0,5.098081588745117,necklace,4,1,proxy
1268,50.61884902990287,0.99,0.950413440576042,1.0,0.5611928649818585,0.0,4.983298301696777,0.6336800623080646,0.0,4.922398567199707,necklace,4,1,proxy
760,53.43900770634771,0.99,0.7022147503583145,1.0,0.10824161108313238,0.0625,4.761054039001465,0.4466932730130641,0.0,5.072997093200684,necklace,4,1,proxy
741,55.872212778051434,0.99,0.6081309539807744,1.0,0.23119864682304517,0.0,4.753735542297363,0.07936575805354502,0.0,5.136566162109375,necklace,4,1,proxy
179,58.1974478438998,0.99,0.6679380594623725,1.0,0.6399416859332575,0.0,4.838490962982178,0.2741449042682255,0.0,4.971971035003662,necklace,4,1,proxy
132,59.971599996398275,0.99,0.45071271341877805,1.0,0.5500570344838095,0.0,4.603360176086426,0.037878101119677265,0.0,3.5448174476623535,necklace,4,1,proxy
453,61.56794503241199,0.99,0.7633817745487591,1.0,0.41910166024364526,0.0,4.714289665222168,0.4753075509385326,0.0,4.181952953338623,necklace,4,1,proxy
416,63.532887374051136,0.99,0.9415135427669894,1.0,0.2521277562366777,0.0,4.942444801330566,0.5713244662800878,0.0,4.866370677947998,necklace,4,1,proxy
271,64.90699234436448,0.99,0.17444425479011244,1.0,0.4489224409682781,0.0,4.475825786590576,-3.548255444676998,0.0,5.095426559448242,necklace,4,1,proxy
743,66.23526738622316,0.99,0.9010169090076758,1.0,0.36618232445640264,0.0,4.883881568908691,0.48927073682890554,0.0,4.6083478927612305,necklace,4,1,proxy
1106,67.63009246492649,0.99,0.0,1.0,0.6165295960226531,0.0,4.056046009063721,-4.847379813767467,0.0,4.663456916809082,necklace,4,1,proxy
454,68.94090029298269,0.99,0.5051986971990279,1.0,0.23124176131593605,0.0,4.824201583862305,0.2148857211114428,0.0,3.19083833694458,necklace,4,1,proxy
951,69.91855500894702,0.99,0.556054115869281,1.0,0.6839880951691749,0.0,4.444693565368652,0.07533781367413435,0.0,5.2435455322265625,necklace,4,1,proxy
1421,70.86449576251717,0.99,0.5242067585464306,1.0,0.6756894970643232,0.0,4.694309234619141,0.1826330696548547,0.0,3.770775079727173,necklace,4,1,proxy
266,71.72092689040939,0.99,0.6614367888556395,1.0,0.3350759957201861,0.0,4.578046798706055,0.2951198261305158,0.25,3.7914109230041504,necklace,4,1,proxy
138,72.65795994217105,0.99,0.4492655704317358,1.0,0.5219232087564203,0.0,4.624809265136719,0.045857308175717426,0.0,5.285519599914551,necklace,4,1,proxy
635,73.39103608906785,0.99,0.8087182697460917,1.0,0.6284031377274385,0.0,4.753020763397217,0.6530909039663758,0.0,4.868790626525879,necklace,4,1,proxy
814,74.03787353995045,0.99,0.20510951444946643,1.0,0.2864672340369032,0.0,4.488524436950684,-2.3692956147342095,0.0,5.175736427307129,necklace,4,1,proxy
1357,74.54850894393286,0.99,0.725832293381271,1.0,0.37457451320386526,0.0,4.43729829788208,0.2619794683247472,0.0,5.06118106842041,necklace,4,1,proxy
1071,75.22464046346612,0.99,0.8495808955779799,1.0,0.3234693044939334,0.0,4.735589027404785,0.5926864301810403,0.0,4.706354141235352,necklace,4,1,proxy
601,75.71108103397891,0.99,0.8180212113945522,1.0,0.3202823237121879,0.0,4.610313892364502,0.4633114236372555,0.0,4.361494064331055,necklace,4,1,proxy
1311,76.24554745546062,0.99,0.5990487306753594,1.0,0.6246884483610302,0.0,4.454137325286865,0.15117342715860563,0.0625,3.076662540435791,necklace,4,1,proxy
55,76.65951411005757,0.99,0.6339201208790634,1.0,0.16546196232089086,0.0,4.5912699699401855,0.28268783806189335,0.0,4.985599040985107,necklace,4,1,proxy
1338,76.95289010285855,0.99,1.2388460760190931,1.0,0.09958990330370093,0.0,4.7473859786987305,0.3274154983696428,0.0,4.698675155639648,necklace,4,1,proxy
809,77.27021323030029,0.99,0.9199452830263448,1.0,0.3943665560467656,0.0,4.791730880737305,0.4235389022025304,0.0,4.862907409667969,necklace,4,1,proxy
1070,77.54476991051149,0.99,1.1045402667742092,1.0,0.550131821780273,0.0,4.4069061279296875,0.72213318455703,0.0,4.525478363037109,necklace,4,1,proxy
6,77.81820542895373,0.99,0.760399108410918,1.0,0.5181495519365905,0.0,4.443788528442383,0.46555637330611216,0.0,3.6240429878234863,necklace,4,1,proxy
971,78.03016548184152,0.99,1.0921308377142938,1.0,0.508474336492569,0.0,4.655665397644043,0.355387082476478,0.0,4.437039375305176,necklace,4,1,proxy
1081,78.20871909873503,0.99,0.5054761577378405,1.0,0.35728007167809084,0.0,4.649280548095703,0.06852128464238544,0.0,5.298988342285156,necklace,4,1,proxy
946,78.36056668713321,0.99,0.0,1.0,0.27911778250118446,0.0,4.191989898681641,-8.587888271650257,0.0,4.707067489624023,necklace,4,1,proxy
909,78.42645678345978,0.99,0.450491877724741,1.0,0.4181621455247594,0.0,4.670662879943848,-0.3166550380592594,0.0,5.191566467285156,necklace,4,1,proxy
724,78.4639467337781,0.99,0.0,1.0,0.4652463213865795,0.0,4.262923240661621,-9.44988425273443,0.0,4.716859817504883,necklace,4,1,proxy
953,-123.31657122196185,0.95,0.25009915081927037,0.9166666666666666,-0.017434107319280634,0.0625,5.46115779876709,0.6437188030443235,0.0,5.254783630371094,necklace,4,1,random
228,-85.37589790762121,0.95,0.5111636269259955,0.9166666666666666,0.6893275107554381,0.0,5.155963897705078,0.83119223292463,0.0,5.62916374206543,necklace,4,1,random
607,-49.92648375731332,0.95,0.37068238570662737,0.9166666666666666,0.2785262502136824,0.0,5.086613178253174,0.050197364290032104,0.3125,4.75996208190918,necklace,4,1,random
270,-34.83212942831567,0.95,0.467594697003624,0.9166666666666666,0.4308424311649931,0.0,5.075821399688721,0.754040489014363,0.0,5.544395446777344,necklace,4,1,random
868,-20.003481034146485,0.95,0.4643350471869401,0.9166666666666666,0.4344806839463716,0.0,4.844772815704346,0.7399079047851431,0.0,5.609678268432617,necklace,4,1,random
565,-7.803789184185471,0.95,0.4126764892743877,0.9166666666666666,0.4235348790682265,0.0,4.868124008178711,0.4380392105293852,0.0,5.324114799499512,necklace,4,1,random
556,0.10305198859295822,0.95,0.5821322665064323,0.9166666666666666,0.6003324859869142,0.0,4.818645477294922,0.9720986585019435,0.0,5.557435035705566,necklace,4,1,random
1187,7.212842181357475,0.95,0.37396702100133383,0.9166666666666666,0.4930669220898053,0.0625,5.030543804168701,0.12449580881773827,0.5625,4.800724983215332,necklace,4,1,random
1279,14.896238079286023,0.95,0.1947268901019298,0.9166666666666666,0.22835094457436245,0.0625,4.868556022644043,0.5590405189077735,0.0,5.12391471862793,necklace,4,1,random
562,18.596315718104183,0.95,0.2413634318151521,0.9166666666666666,0.4081839138097132,0.0,4.718721389770508,0.5391722874288205,0.0,5.286393165588379,necklace,4,1,random
1154,24.3578327940592,0.95,0.488126609806643,0.9166666666666666,0.46448251142694286,0.0625,5.05693244934082,0.9110436508138335,0.0,5.614431381225586,necklace,4,1,random
1077,29.365750866239125,0.95,0.3204195161623027,0.9166666666666666,0.4873028254752093,0.0,4.925819396972656,0.21206698153796014,0.125,5.017059326171875,necklace,4,1,random
15,33.000135092627815,0.95,0.45982215017096406,0.9166666666666666,0.45390671930504023,0.0,5.064183235168457,0.6818727139621177,0.0,5.500816345214844,necklace,4,1,random
899,37.70969443910181,0.95,0.736772917383175,0.9166666666666666,0.6061632308574796,0.0,4.618486404418945,0.9815993327341909,0.0,5.011346817016602,necklace,4,1,random
385,41.08980026436922,0.95,0.4206687676207113,0.9166666666666666,0.5769092262106539,0.0625,4.616606712341309,0.4801054228190802,0.0625,5.35081672668457,necklace,4,1,random
1372,44.49264324533184,0.95,0.6140595562779638,0.9166666666666666,0.3923598174174618,0.0,5.075361251831055,0.9628747953795438,0.0,4.804364204406738,necklace,4,1,random
1258,47.63515831123565,0.95,0.4066420245220991,0.9166666666666666,0.6966020329915155,0.0,4.736584186553955,0.1508549637780876,0.0,5.058175086975098,necklace,4,1,random
1268,50.61884902990287,0.95,0.40559096099330144,0.9166666666666666,0.5611928649818585,0.0,4.983298301696777,0.5411761421029387,0.0,5.138111591339111,necklace,4,1,random
760,53.43900770634771,0.95,0.6053652713207538,0.9166666666666666,0.10824161108313238,0.0625,4.761054039001465,0.9118020592422507,0.0,5.371377944946289,necklace,4,1,random
741,55.872212778051434,0.95,0.11190264848144534,0.9166666666666666,0.23119864682304517,0.0,4.753735542297363,0.5954823870048627,0.0,4.810330390930176,necklace,4,1,random
179,58.1974478438998,0.95,0.0,0.9166666666666666,0.6399416859332575,0.0,4.838490962982178,0.5081903750729205,0.0,3.8763999938964844,necklace,4,1,random
132,59.971599996398275,0.95,0.4686010083075964,0.9166666666666666,0.5500570344838095,0.0,4.603360176086426,0.6869198624840563,0.0,5.517054557800293,necklace,4,1,random
453,61.56794503241199,0.95,0.4234924650648938,0.9166666666666666,0.41910166024364526,0.0,4.714289665222168,0.7093709365584963,0.0,5.425455570220947,necklace,4,1,random
416,63.532887374051136,0.95,0.0,0.9166666666666666,0.2521277562366777,0.0,4.942444801330566,0.7154893379260933,0.0,4.091919898986816,necklace,4,1,random
271,64.90699234436448,0.95,0.49795776478701465,0.9166666666666666,0.4489224409682781,0.0,4.475825786590576,0.8476569360758331,0.0,5.551764011383057,necklace,4,1,random
743,66.23526738622316,0.95,0.4524006782826917,0.9166666666666666,0.36618232445640264,0.0,4.883881568908691,0.6235227651159279,0.0,5.569095611572266,necklace,4,1,random
1106,67.63009246492649,0.95,0.6890599971674819,0.9166666666666666,0.6165295960226531,0.0,4.056046009063721,0.9731415717118035,0.0,5.095584869384766,necklace,4,1,random
454,68.94090029298269,0.95,0.3448954673165263,0.9166666666666666,0.23124176131593605,0.0,4.824201583862305,-0.06352995479816627,0.1875,4.755312919616699,necklace,4,1,random
951,69.91855500894702,0.95,0.2859770667378633,0.9166666666666666,0.6839880951691749,0.0,4.444693565368652,0.3596671431646633,0.0,5.046051025390625,necklace,4,1,random
1421,70.86449576251717,0.95,0.31276687334425884,0.9166666666666666,0.6756894970643232,0.0,4.694309234619141,0.46084409839031387,0.0,4.965481281280518,necklace,4,1,random
266,71.72092689040939,0.95,0.1724080160398409,0.9166666666666666,0.3350759957201861,0.0,4.578046798706055,0.5617072610163307,0.0,4.780883312225342,necklace,4,1,random
138,72.65795994217105,0.95,0.2408760534975526,0.9166666666666666,0.5219232087564203,0.0,4.624809265136719,0.7550422188054902,0.0,5.218367576599121,necklace,4,1,random
635,73.39103608906785,0.95,0.21495777421991707,0.9166666666666666,0.6284031377274385,0.0,4.753020763397217,0.6703152007705636,0.0,5.115471363067627,necklace,4,1,random
814,74.03787353995045,0.95,0.5936476873845972,0.9166666666666666,0.2864672340369032,0.0,4.488524436950684,0.9477519005487958,0.0,5.467840194702148,necklace,4,1,random
1357,74.54850894393286,0.95,0.4918853948545713,0.9166666666666666,0.37457451320386526,0.0,4.43729829788208,0.8119254195476486,0.0,5.582691669464111,necklace,4,1,random
1071,75.22464046346612,0.95,0.23263572041499742,0.9166666666666666,0.3234693044939334,0.0,4.735589027404785,0.7000902489450167,0.0,4.942032814025879,necklace,4,1,random
601,75.71108103397891,0.95,0.46609854120712607,0.9166666666666666,0.3202823237121879,0.0,4.610313892364502,0.8113165941404211,0.0,5.472964286804199,necklace,4,1,random
1311,76.24554745546062,0.95,0.3752000229103498,0.9166666666666666,0.6246884483610302,0.0,4.454137325286865,0.29775286423431,0.0625,5.010767459869385,necklace,4,1,random
55,76.65951411005757,0.95,0.5070791083598353,0.9166666666666666,0.16546196232089086,0.0,4.5912699699401855,0.8276970987623482,0.0,5.523829460144043,necklace,4,1,random
1338,76.95289010285855,0.95,0.12087259800887458,0.9166666666666666,0.09958990330370093,0.0,4.7473859786987305,0.5202408084635256,0.0,4.637019157409668,necklace,4,1,random
809,77.27021323030029,0.95,0.24417279227955904,0.9166666666666666,0.3943665560467656,0.0,4.791730880737305,0.5776697730513805,0.0,5.0873870849609375,necklace,4,1,random
1070,77.54476991051149,0.95,0.34666872957729983,0.9166666666666666,0.550131821780273,0.0,4.4069061279296875,0.03398340764154714,0.5625,4.463348388671875,necklace,4,1,random
6,77.81820542895373,0.95,0.24206934588489804,0.9166666666666666,0.5181495519365905,0.0,4.443788528442383,0.6495882330099632,0.0,5.163168907165527,necklace,4,1,random
971,78.03016548184152,0.95,0.4701294099293396,0.9166666666666666,0.508474336492569,0.0,4.655665397644043,0.7782031367779354,0.0,5.573415756225586,necklace,4,1,random
1081,78.20871909873503,0.95,0.6168880068522076,0.9166666666666666,0.35728007167809084,0.0,4.649280548095703,0.9889516638312861,0.0,5.305912971496582,necklace,4,1,random
946,78.36056668713321,0.95,0.6276144265145598,0.9166666666666666,0.27911778250118446,0.0,4.191989898681641,0.9839831754548798,0.0,5.30905818939209,necklace,4,1,random
909,78.42645678345978,0.95,0.24598784389072892,0.9166666666666666,0.4181621455247594,0.0,4.670662879943848,0.5522260283119675,0.0,5.228177070617676,necklace,4,1,random
724,78.4639467337781,0.95,0.20450403383401206,0.9166666666666666,0.4652463213865795,0.0,4.262923240661621,0.5235470397865791,0.0,5.1715593338012695,necklace,4,1,random
953,-123.31657122196185,0.99,0.25009915081927037,0.9166666666666666,-0.017434107319280634,0.0625,5.46115779876709,0.059182104804322525,0.0,5.040155410766602,necklace,4,1,random
228,-85.37589790762121,0.99,0.5111636269259955,0.9166666666666666,0.6893275107554381,0.0,5.155963897705078,0.8704630682833634,0.0,4.222736835479736,necklace,4,1,random
607,-49.92648375731332,0.99,0.37068238570662737,0.9166666666666666,0.2785262502136824,0.0,5.086613178253174,0.29986514233347006,0.0,4.213778972625732,necklace,4,1,random
270,-34.83212942831567,0.99,0.467594697003624,0.9166666666666666,0.4308424311649931,0.0,5.075821399688721,-1.1363105058071437,0.0,4.809973239898682,necklace,4,1,random
868,-20.003481034146485,0.99,0.4643350471869401,0.9166666666666666,0.4344806839463716,0.0,4.844772815704346,0.1817733481220747,0.0,4.887327194213867,necklace,4,1,random
565,-7.803789184185471,0.99,0.4126764892743877,0.9166666666666666,0.4235348790682265,0.0,4.868124008178711,0.5218373266186136,0.0,4.728874206542969,necklace,4,1,random
556,0.10305198859295822,0.99,0.5821322665064323,0.9166666666666666,0.6003324859869142,0.0,4.818645477294922,0.9952434295890729,0.0,2.624795436859131,necklace,4,1,random
1187,7.212842181357475,0.99,0.37396702100133383,0.9166666666666666,0.4930669220898053,0.0625,5.030543804168701,0.3652119243117464,0.0,4.387105941772461,necklace,4,1,random
1279,14.896238079286023,0.99,0.1947268901019298,0.9166666666666666,0.22835094457436245,0.0625,4.868556022644043,0.3632690704986234,0.0,4.908093452453613,necklace,4,1,random
562,18.596315718104183,0.99,0.2413634318151521,0.9166666666666666,0.4081839138097132,0.0,4.718721389770508,0.03709135793533254,0.0,5.030657768249512,necklace,4,1,random
1154,24.3578327940592,0.99,0.488126609806643,0.9166666666666666,0.46448251142694286,0.0625,5.05693244934082,0.6807657885439109,0.0,4.797873497009277,necklace,4,1,random
1077,29.365750866239125,0.99,0.3204195161623027,0.9166666666666666,0.4873028254752093,0.0,4.925819396972656,0.09942584733655564,0.0,4.584407329559326,necklace,4,1,random
15,33.000135092627815,0.99,0.45982215017096406,0.9166666666666666,0.45390671930504023,0.0,5.064183235168457,-1.4397347127936064,0.0,4.828081130981445,necklace,4,1,random
899,37.70969443910181,0.99,0.736772917383175,0.9166666666666666,0.6061632308574796,0.0,4.618486404418945,0.9983186651583826,0.0,0.9873268008232117,necklace,4,1,random
385,41.08980026436922,0.99,0.4206687676207113,0.9166666666666666,0.5769092262106539,0.0625,4.616606712341309,0.6249172507456184,0.0,4.923309326171875,necklace,4,1,random
1372,44.49264324533184,0.99,0.6140595562779638,0.9166666666666666,0.3923598174174618,0.0,5.075361251831055,0.9975294596864578,0.0,1.4003244638442993,necklace,4,1,random
1258,47.63515831123565,0.99,0.4066420245220991,0.9166666666666666,0.6966020329915155,0.0,4.736584186553955,0.3616633057210112,0.0,4.490230560302734,necklace,4,1,random
1268,50.61884902990287,0.99,0.40559096099330144,0.9166666666666666,0.5611928649818585,0.0,4.983298301696777,0.6023962845530091,0.0,4.681650161743164,necklace,4,1,random
760,53.43900770634771,0.99,0.6053652713207538,0.9166666666666666,0.10824161108313238,0.0625,4.761054039001465,0.9969937930743936,0.0,2.1723129749298096,necklace,4,1,random
741,55.872212778051434,0.99,0.11190264848144534,0.9166666666666666,0.23119864682304517,0.0,4.753735542297363,0.19546151605078604,0.0,4.281619071960449,necklace,4,1,random
179,58.1974478438998,0.99,0.0,0.9166666666666666,0.6399416859332575,0.0,4.838490962982178,0.5635643115404635,0.0,3.605034828186035,necklace,4,1,random
132,59.971599996398275,0.99,0.4686010083075964,0.9166666666666666,0.5500570344838095,0.0,4.603360176086426,-0.3084469663101018,0.0,4.693912506103516,necklace,4,1,random
453,61.56794503241199,0.99,0.4234924650648938,0.9166666666666666,0.41910166024364526,0.0,4.714289665222168,0.5040433414333984,0.0,4.908331871032715,necklace,4,1,random
416,63.532887374051136,0.99,0.0,0.9166666666666666,0.2521277562366777,0.0,4.942444801330566,0.46770319997225224,0.0,3.8972771167755127,necklace,4,1,random
271,64.90699234436448,0.99,0.49795776478701465,0.9166666666666666,0.4489224409682781,0.0,4.475825786590576,-0.3083684132563172,0.0,4.736440658569336,necklace,4,1,random
743,66.23526738622316,0.99,0.4524006782826917,0.9166666666666666,0.36618232445640264,0.0,4.883881568908691,-1.5684054539399916,0.0,4.883792877197266,necklace,4,1,random
1106,67.63009246492649,0.99,0.6890599971674819,0.9166666666666666,0.6165295960226531,0.0,4.056046009063721,0.9973932070044795,0.0,1.168445110321045,necklace,4,1,random
454,68.94090029298269,0.99,0.3448954673165263,0.9166666666666666,0.23124176131593605,0.0,4.824201583862305,0.09578053651663757,0.0,4.106829643249512,necklace,4,1,random
951,69.91855500894702,0.99,0.2859770667378633,0.9166666666666666,0.6839880951691749,0.0,4.444693565368652,0.5054860987921774,0.0,4.743189811706543,necklace,4,1,random
1421,70.86449576251717,0.99,0.31276687334425884,0.9166666666666666,0.6756894970643232,0.0,4.694309234619141,0.4082235521058141,0.0,4.724953651428223,necklace,4,1,random
266,71.72092689040939,0.99,0.1724080160398409,0.9166666666666666,0.3350759957201861,0.0,4.578046798706055,0.27644821275713916,0.0,4.584090232849121,necklace,4,1,random
138,72.65795994217105,0.99,0.2408760534975526,0.9166666666666666,0.5219232087564203,0.0,4.624809265136719,0.5736695560651908,0.0,4.911333084106445,necklace,4,1,random
635,73.39103608906785,0.99,0.21495777421991707,0.9166666666666666,0.6284031377274385,0.0,4.753020763397217,0.6275919164195685,0.0,4.912223815917969,necklace,4,1,random
814,74.03787353995045,0.99,0.5936476873845972,0.9166666666666666,0.2864672340369032,0.0,4.488524436950684,0.994362068733978,0.0,2.4584944248199463,necklace,4,1,random
1357,74.54850894393286,0.99,0.4918853948545713,0.9166666666666666,0.37457451320386526,0.0,4.43729829788208,0.1601518834423411,0.0,4.674633026123047,necklace,4,1,random
1071,75.22464046346612,0.99,0.23263572041499742,0.9166666666666666,0.3234693044939334,0.0,4.735589027404785,0.2992675058089297,0.0,4.957743167877197,necklace,4,1,random
601,75.71108103397891,0.99,0.46609854120712607,0.9166666666666666,0.3202823237121879,0.0,4.610313892364502,-1.2290790649743013,0.0,4.578601360321045,necklace,4,1,random
1311,76.24554745546062,0.99,0.3752000229103498,0.9166666666666666,0.6246884483610302,0.0,4.454137325286865,0.506816555994062,0.0,4.613679885864258,necklace,4,1,random
55,76.65951411005757,0.99,0.5070791083598353,0.9166666666666666,0.16546196232089086,0.0,4.5912699699401855,0.9129463272710356,0.0,4.136607646942139,necklace,4,1,random
1338,76.95289010285855,0.99,0.12087259800887458,0.9166666666666666,0.09958990330370093,0.0,4.7473859786987305,-0.3002471016844249,0.0,4.429617404937744,necklace,4,1,random
809,77.27021323030029,0.99,0.24417279227955904,0.9166666666666666,0.3943665560467656,0.0,4.791730880737305,0.40455667979011134,0.0,4.977434158325195,necklace,4,1,random
1070,77.54476991051149,0.99,0.34666872957729983,0.9166666666666666,0.550131821780273,0.0,4.4069061279296875,-0.014561123626282771,0.0,4.057053565979004,necklace,4,1,random
6,77.81820542895373,0.99,0.24206934588489804,0.9166666666666666,0.5181495519365905,0.0,4.443788528442383,0.3870101103343946,0.0,5.049752235412598,necklace,4,1,random
971,78.03016548184152,0.99,0.4701294099293396,0.9166666666666666,0.508474336492569,0.0,4.655665397644043,0.6271733095288672,0.0,4.601492881774902,necklace,4,1,random
1081,78.20871909873503,0.99,0.6168880068522076,0.9166666666666666,0.35728007167809084,0.0,4.649280548095703,0.9967157842912258,0.0,1.979773759841919,necklace,4,1,random
946,78.36056668713321,0.99,0.6276144265145598,0.9166666666666666,0.27911778250118446,0.0,4.191989898681641,0.99696883820458,0.0,1.840273141860962,necklace,4,1,random
909,78.42645678345978,0.99,0.24598784389072892,0.9166666666666666,0.4181621455247594,0.0,4.670662879943848,0.2170106107242745,0.0,4.989799499511719,necklace,4,1,random
724,78.4639467337781,0.99,0.20450403383401206,0.9166666666666666,0.4652463213865795,0.0,4.262923240661621,0.5742350464864543,0.0,4.911070346832275,necklace,4,1,random
647,-120.74558065842228,0.95,0.6015191229887052,1.0,0.26207803774666993,0.0,5.160009860992432,0.12129994100835605,0.0,5.53147029876709,necklace,4,2,proxy
1397,-75.70558934611759,0.95,0.9056282085863527,1.0,0.4741899777090185,0.0625,5.247044563293457,0.34002110482095715,0.0,4.099556922912598,necklace,4,2,proxy
616,-52.193039324381424,0.95,0.9124514703604901,1.0,0.5181674134634535,0.125,5.2223286628723145,0.5633436314174944,0.0,3.412247657775879,necklace,4,2,proxy
556,-30.3047785120048,0.95,0.4136732521924961,1.0,0.15358876254307866,0.0625,5.106914520263672,0.1771857189892636,0.0625,5.036046504974365,necklace,4,2,proxy
62,-19.257495607350318,0.95,0.6486472532014775,1.0,0.06931498563530449,0.0,4.932512283325195,-0.051992551850932794,0.0,5.545721054077148,necklace,4,2,proxy
1302,-9.078271308966416,0.95,0.9185696113325416,1.0,0.24865438746807655,0.0,5.063570499420166,0.6077496124539778,0.0,4.205026626586914,necklace,4,2,proxy
322,-0.7883808914376134,0.95,0.497819540961616,1.0,0.34714585518605046,0.0,4.942516326904297,0.3424306700990466,0.0,4.352819442749023,necklace,4,2,proxy
861,7.764935029298197,0.95,0.35838327612768717,1.0,0.13759280724395412,0.0,4.610931396484375,0.1415815104676278,0.0625,5.027069091796875,necklace,4,2,proxy
1182,12.935641432224992,0.95,0.7096541525712412,1.0,0.6698477448177566,0.0,4.783182144165039,0.3377838874739162,0.1875,2.632650852203369,necklace,4,2,proxy
1367,18.394134575182306,0.95,0.2630188501227173,1.0,0.5532123378277982,0.0,4.818974494934082,0.17097928892949588,0.0,4.8998003005981445,necklace,4,2,proxy
199,23.703120927755272,0.95,0.42682867802804025,1.0,0.6246841751695782,0.0,4.762155532836914,0.2814763326462961,0.0,4.451030731201172,necklace,4,2,proxy
164,28.8719514328256,0.95,0.9897443386326367,1.0,0.4078919743538183,0.0,5.139833450317383,0.4826610899571055,0.0,4.021894454956055,necklace,4,2,proxy
1361,33.195949225094246,0.95,0.9469217491087245,1.0,0.3047986102791437,0.0625,5.00754451751709,0.4272067442589723,0.0,3.672640800476074,necklace,4,2,proxy
369,36.43175503125191,0.95,0.7208818414944191,1.0,0.4512062844754029,0.0,4.832403182983398,-0.03836427382767711,0.0,5.270979881286621,necklace,4,2,proxy
1165,39.93108781797531,0.95,1.1514792816221342,1.0,0.4853086615898077,0.0625,4.877457618713379,0.6154965526244125,0.0,3.6903374195098877,necklace,4,2,proxy
766,43.3609088487709,0.95,0.24980160754103609,1.0,0.46449641341718145,0.0,4.344823837280273,0.2851809236222367,0.0,4.214788436889648,necklace,4,2,proxy
1334,45.941878304993935,0.95,0.8188137347467002,1.0,0.20592339077884286,0.0625,4.904157638549805,0.8220467214093095,0.0,3.3457772731781006,necklace,4,2,proxy
962,48.67988185231489,0.95,0.44864555952035606,1.0,0.4506888590646704,0.0,4.795810222625732,0.308673815340997,0.0,4.165408611297607,necklace,4,2,proxy
634,51.08613373155372,0.95,1.2523949380840853,1.0,0.2651984936755846,0.0,4.986102104187012,0.5193912653664151,0.0,3.43599796295166,necklace,4,2,proxy
1145,53.240744808312186,0.95,0.6753628940157338,1.0,0.34104281110339,0.0,4.662605285644531,0.06904747025009605,0.0,5.404810905456543,necklace,4,2,proxy
1430,56.151275407046974,0.95,1.0935955803038395,1.0,0.6348652830216885,0.0,4.838207721710205,0.7851320725276845,0.0,3.488192558288574,necklace,4,2,proxy
926,57.969096696889686,0.95,1.003975400599245,1.0,0.5421484694279683,0.0,4.799518585205078,0.6895396576029024,0.0,3.3175113201141357,necklace,4,2,proxy
321,59.84253137058147,0.95,0.6495427993358803,1.0,0.41823975501972965,0.0,4.503593921661377,0.24278318317670136,0.0625,3.085264205932617,necklace,4,2,proxy
1093,61.38629434634234,0.95,0.7481838310858631,1.0,0.5012494606491341,0.0,4.673436164855957,0.8428634078711842,0.0,2.733696937561035,necklace,4,2,proxy
79,62.61951482669279,0.95,0.14822150404105489,1.0,0.44121982497293244,0.0,4.375607967376709,0.6465337075658711,0.0,3.8795270919799805,necklace,4,2,proxy
1257,64.28798165795212,0.95,0.45614814049067604,1.0,0.6537573300605659,0.0,4.648393630981445,0.21176847923168496,0.0,5.07578706741333,necklace,4,2,proxy
598,66.00891229385756,0.95,1.0669182810269229,1.0,0.5598972166934649,0.0,4.592526435852051,0.4564332201770915,0.0,3.509937286376953,necklace,4,2,proxy
1179,67.69260549499239,0.95,0.6180366350356583,1.0,0.22401185355017952,0.0,4.690576553344727,-0.10341189934096796,0.0,5.556771278381348,necklace,4,2,proxy
379,68.84395294410254,0.95,0.7850044835037745,1.0,0.6846410519916534,0.0,4.554717063903809,0.28601466219326804,0.0,4.87106466293335,necklace,4,2,proxy
542,70.09495509478259,0.95,0.7524043091402853,1.0,0.5412143845187712,0.0,4.504761695861816,0.16784243531115248,0.0,4.860644340515137,necklace,4,2,proxy
771,71.21887510342155,0.95,1.0002679819922629,1.0,0.6152128257959044,0.0,4.87236213684082,0.6311955683595425,0.0,3.3076632022857666,necklace,4,2,proxy
657,72.1516406028191,0.95,0.4456428913195153,1.0,0.5549292373100279,0.0,4.606162071228027,0.2441667199115672,0.0,4.382227897644043,necklace,4,2,proxy
546,72.91100260195863,0.95,0.0,1.0,0.6715042041115757,0.0,4.207269668579102,0.5444880821156926,0.0,3.892361640930176,necklace,4,2,proxy
11,73.96194600109054,0.95,0.44474559438162725,1.0,0.686218686119024,0.0,4.3695783615112305,0.3563897893908822,0.0,4.424324035644531,necklace,4,2,proxy
1026,74.65436833646733,0.95,0.6101196111591222,1.0,0.6919328790651649,0.0,4.726733684539795,0.2784189960014679,0.0,4.269500732421875,necklace,4,2,proxy
156,75.24058310522543,0.95,1.0306423838967624,1.0,0.5101355894032773,0.0,4.700724124908447,0.5405764466554386,0.0,3.6314425468444824,necklace,4,2,proxy
685,75.78684796319656,0.95,0.42278115882106154,1.0,0.44857238362272817,0.0,4.451366424560547,0.2221548672080487,0.0,5.090539932250977,necklace,4,2,proxy
65,76.09298704532945,0.95,0.20571301333828965,1.0,0.5845880603701301,0.0,4.401817321777344,0.330554855707714,0.0,4.156660079956055,necklace,4,2,proxy
1205,76.47062967314406,0.95,0.3956956773099235,1.0,0.5306616446876381,0.0,4.536567211151123,0.3462394850034114,0.0,4.048764705657959,necklace,4,2,proxy
1478,76.76713546367883,0.95,0.32887201982422437,1.0,0.4768008713909339,0.0,4.41494607925415,0.07796467072319428,0.0,5.013625144958496,necklace,4,2,proxy
646,77.0508874954394,0.95,0.23633347198736143,1.0,0.6142776921000377,0.0,4.450048923492432,0.40648446391024495,0.0,4.965436935424805,necklace,4,2,proxy
567,77.215697935504,0.95,1.2257314979105,1.0,0.5301544109333969,0.0,4.577988147735596,0.374487625319861,0.0,3.1872711181640625,necklace,4,2,proxy
727,77.45153343957439,0.95,0.6902063456644727,1.0,0.6179743233849104,0.0,4.686565399169922,0.11960070194637852,0.0,5.284056663513184,necklace,4,2,proxy
1089,77.64528829727367,0.95,0.8419383093161279,1.0,0.482539344098082,0.0,4.780481338500977,0.8236995124491864,0.0,3.6176793575286865,necklace,4,2,proxy
939,77.83365559076987,0.95,0.537699382706866,1.0,0.5314727303290395,0.0,4.592872619628906,0.31742329764179467,0.0,5.441715240478516,necklace,4,2,proxy
739,77.9433041296147,0.95,0.8739652253963341,1.0,0.4447089879572508,0.0,4.312772274017334,0.6200789231743293,0.0,4.076340675354004,necklace,4,2,proxy
946,78.0696647546605,0.95,0.7677457503220063,1.0,0.6107431824457994,0.0,4.544804096221924,0.29660819362566176,0.0,4.743453025817871,necklace,4,2,proxy
1096,78.11664300076892,0.95,0.38274087383691135,1.0,0.343533009821188,0.0,4.456280708312988,0.18824184691800044,0.0625,4.979589939117432,necklace,4,2,proxy
647,-120.74558065842228,0.99,0.6015191229887052,1.0,0.26207803774666993,0.0,5.160009860992432,0.09303197503175673,0.0,5.318727016448975,necklace,4,2,proxy
1397,-75.70558934611759,0.99,0.9056282085863527,1.0,0.4741899777090185,0.0625,5.247044563293457,0.35946416902318046,0.0,5.718197345733643,necklace,4,2,proxy
616,-52.193039324381424,0.99,0.9124514703604901,1.0,0.5181674134634535,0.125,5.2223286628723145,0.41041683028405845,0.0,5.074284553527832,necklace,4,2,proxy
556,-30.3047785120048,0.99,0.4136732521924961,1.0,0.15358876254307866,0.0625,5.106914520263672,-0.08452492647507666,0.0,4.775559902191162,necklace,4,2,proxy
62,-19.257495607350318,0.99,0.6486472532014775,1.0,0.06931498563530449,0.0,4.932512283325195,0.011778723593610513,0.0,5.332370758056641,necklace,4,2,proxy
1302,-9.078271308966416,0.99,0.9185696113325416,1.0,0.24865438746807655,0.0,5.063570499420166,0.6232977817062696,0.0,5.535425662994385,necklace,4,2,proxy
322,-0.7883808914376134,0.99,0.497819540961616,1.0,0.34714585518605046,0.0,4.942516326904297,0.07851093256525028,0.0,4.366111755371094,necklace,4,2,proxy
861,7.764935029298197,0.99,0.35838327612768717,1.0,0.13759280724395412,0.0,4.610931396484375,0.06151736979396791,0.0,4.848010063171387,necklace,4,2,proxy
1182,12.935641432224992,0.99,0.7096541525712412,1.0,0.6698477448177566,0.0,4.783182144165039,-0.05021184395282746,0.0,4.49429988861084,necklace,4,2,proxy
1367,18.394134575182306,0.99,0.2630188501227173,1.0,0.5532123378277982,0.0,4.818974494934082,0.19456688464459634,0.0,4.9933977127075195,necklace,4,2,proxy
199,23.703120927755272,0.99,0.42682867802804025,1.0,0.6246841751695782,0.0,4.762155532836914,0.13116332192016045,0.0,4.294591426849365,necklace,4,2,proxy
164,28.8719514328256,0.99,0.9897443386326367,1.0,0.4078919743538183,0.0,5.139833450317383,0.47931727963265414,0.0,5.558360576629639,necklace,4,2,proxy
1361,33.195949225094246,0.99,0.9469217491087245,1.0,0.3047986102791437,0.0625,5.00754451751709,0.3667606579135529,0.0,5.569064617156982,necklace,4,2,proxy
369,36.43175503125191,0.99,0.7208818414944191,1.0,0.4512062844754029,0.0,4.832403182983398,0.19006259288853838,0.0,5.195843696594238,necklace,4,2,proxy
1165,39.93108781797531,0.99,1.1514792816221342,1.0,0.4853086615898077,0.0625,4.877457618713379,0.3236007883563605,0.0,5.37542724609375,necklace,4,2,proxy
766,43.3609088487709,0.99,0.24980160754103609,1.0,0.46449641341718145,0.0,4.344823837280273,0.18785530675149045,0.0,3.9675278663635254,necklace,4,2,proxy
1334,45.941878304993935,0.99,0.8188137347467002,1.0,0.20592339077884286,0.0625,4.904157638549805,0.12885607611329553,0.0,4.829870223999023,necklace,4,2,proxy
962,48.67988185231489,0.99,0.44864555952035606,1.0,0.4506888590646704,0.0,4.795810222625732,0.1356184318003335,0.0,4.173943996429443,necklace,4,2,proxy
634,51.08613373155372,0.99,1.2523949380840853,1.0,0.2651984936755846,0.0,4.986102104187012,0.3799448323055876,0.0,5.019179344177246,necklace,4,2,proxy
1145,53.240744808312186,0.99,0.6753628940157338,1.0,0.34104281110339,0.0,4.662605285644531,0.029213567029346826,0.0,5.285427570343018,necklace,4,2,proxy
1430,56.151275407046974,0.99,1.0935955803038395,1.0,0.6348652830216885,0.0,4.838207721710205,0.4786334917584367,0.0,4.991152763366699,necklace,4,2,proxy
926,57.969096696889686,0.99,1.003975400599245,1.0,0.5421484694279683,0.0,4.799518585205078,0.28083691205485184,0.0,4.93709659576416,necklace,4,2,proxy
321,59.84253137058147,0.99,0.6495427993358803,1.0,0.41823975501972965,0.0,4.503593921661377,-0.08472193645160143,0.0625,4.457747936248779,necklace,4,2,proxy
1093,61.38629434634234,0.99,0.7481838310858631,1.0,0.5012494606491341,0.0,4.673436164855957,0.40457358137501354,0.0,3.478151798248291,necklace,4,2,proxy
79,62.61951482669279,0.99,0.14822150404105489,1.0,0.44121982497293244,0.0,4.375607967376709,0.46913335536887635,0.0,3.9622018337249756,necklace,4,2,proxy
1257,64.28798165795212,0.99,0.45614814049067604,1.0,0.6537573300605659,0.0,4.648393630981445,0.011907867254294019,0.0,4.816808700561523,necklace,4,2,proxy
598,66.00891229385756,0.99,1.0669182810269229,1.0,0.5598972166934649,0.0,4.592526435852051,0.23479759283481327,0.0,5.45850133895874,necklace,4,2,proxy
1179,67.69260549499239,0.99,0.6180366350356583,1.0,0.22401185355017952,0.0,4.690576553344727,-0.024883561678068253,0.0,5.333305835723877,necklace,4,2,proxy
379,68.84395294410254,0.99,0.7850044835037745,1.0,0.6846410519916534,0.0,4.554717063903809,0.24559983707805272,0.0,4.9896392822265625,necklace,4,2,proxy
542,70.09495509478259,0.99,0.7524043091402853,1.0,0.5412143845187712,0.0,4.504761695861816,0.3879715646423143,0.0,4.991118431091309,necklace,4,2,proxy
771,71.21887510342155,0.99,1.0002679819922629,1.0,0.6152128257959044,0.0,4.87236213684082,0.5153592523315997,0.0,4.950423240661621,necklace,4,2,proxy
657,72.1516406028191,0.99,0.4456428913195153,1.0,0.5549292373100279,0.0,4.606162071228027,0.07618031289814095,0.0,4.338452339172363,necklace,4,2,proxy
546,72.91100260195863,0.99,0.0,1.0,0.6715042041115757,0.0,4.207269668579102,0.4696080445878432,0.0,3.6339216232299805,necklace,4,2,proxy
11,73.96194600109054,0.99,0.44474559438162725,1.0,0.686218686119024,0.0,4.3695783615112305,0.022281646074703967,0.0,4.35906982421875,necklace,4,2,proxy
1026,74.65436833646733,0.99,0.6101196111591222,1.0,0.6919328790651649,0.0,4.726733684539795,-0.08650826497341975,0.0,4.512257099151611,necklace,4,2,proxy
156,75.24058310522543,0.99,1.0306423838967624,1.0,0.5101355894032773,0.0,4.700724124908447,0.6268081478353866,0.0,5.269004821777344,necklace,4,2,proxy
685,75.78684796319656,0.99,0.42278115882106154,1.0,0.44857238362272817,0.0,4.451366424560547,0.030196556358768403,0.0,4.820596694946289,necklace,4,2,proxy
65,76.09298704532945,0.99,0.20571301333828965,1.0,0.5845880603701301,0.0,4.401817321777344,0.3061558486718736,0.0,3.9633865356445312,necklace,4,2,proxy
1205,76.47062967314406,0.99,0.3956956773099235,1.0,0.5306616446876381,0.0,4.536567211151123,0.03511556707620618,0.0,4.008852958679199,necklace,4,2,proxy
1478,76.76713546367883,0.99,0.32887201982422437,1.0,0.4768008713909339,0.0,4.41494607925415,0.20973614041034871,0.0,4.851271152496338,necklace,4,2,proxy
646,77.0508874954394,0.99,0.23633347198736143,1.0,0.6142776921000377,0.0,4.450048923492432,0.08611710027107933,0.0,5.022876739501953,necklace,4,2,proxy
567,77.215697935504,0.99,1.2257314979105,1.0,0.5301544109333969,0.0,4.577988147735596,0.6361508346797923,0.0,4.9752726554870605,necklace,4,2,proxy
727,77.45153343957439,0.99,0.6902063456644727,1.0,0.6179743233849104,0.0,4.686565399169922,0.15628011695609778,0.0,5.229588508605957,necklace,4,2,proxy
1089,77.64528829727367,0.99,0.8419383093161279,1.0,0.482539344098082,0.0,4.780481338500977,0.5391008970652724,0.0,4.46956205368042,necklace,4,2,proxy
939,77.83365559076987,0.99,0.537699382706866,1.0,0.5314727303290395,0.0,4.592872619628906,0.04732431128593324,0.0,5.298590183258057,necklace,4,2,proxy
739,77.9433041296147,0.99,0.8739652253963341,1.0,0.4447089879572508,0.0,4.312772274017334,0.537087780872989,0.0,5.550857067108154,necklace,4,2,proxy
946,78.0696647546605,0.99,0.7677457503220063,1.0,0.6107431824457994,0.0,4.544804096221924,0.5970383097227321,0.0,4.869998931884766,necklace,4,2,proxy
1096,78.11664300076892,0.99,0.38274087383691135,1.0,0.343533009821188,0.0,4.456280708312988,0.022711566594816268,0.0,4.782564163208008,necklace,4,2,proxy
647,-120.74558065842228,0.95,0.4186717893852692,0.8666666666666667,0.26207803774666993,0.0,5.160009860992432,-0.1589367524951161,0.0,5.335606575012207,necklace,4,2,random
1397,-75.70558934611759,0.95,0.5016030342242491,0.8666666666666667,0.4741899777090185,0.0625,5.247044563293457,-0.004202086619498488,0.0,5.6664204597473145,necklace,4,2,random
616,-52.193039324381424,0.95,0.3145399481541731,0.8666666666666667,0.5181674134634535,0.125,5.2223286628723145,0.343684972570197,0.0,5.174069404602051,necklace,4,2,random
556,-30.3047785120048,0.95,0.4762735895025181,0.8666666666666667,0.15358876254307866,0.0625,5.106914520263672,0.027814654721387805,0.0,5.592258930206299,necklace,4,2,random
62,-19.257495607350318,0.95,0.504870626433077,0.8666666666666667,0.06931498563530449,0.0,4.932512283325195,0.024285761850298876,0.0,5.515896320343018,necklace,4,2,random
1302,-9.078271308966416,0.95,0.34081555322018436,0.8666666666666667,0.24865438746807655,0.0,5.063570499420166,0.17119790017620956,0.125,4.780633926391602,necklace,4,2,random
322,-0.7883808914376134,0.95,0.4895018770990654,0.8666666666666667,0.34714585518605046,0.0,4.942516326904297,0.05767195614850175,0.0,5.577773094177246,necklace,4,2,random
861,7.764935029298197,0.95,0.38671035422102196,0.8666666666666667,0.13759280724395412,0.0,4.610931396484375,0.08216897448660276,0.5,5.007787704467773,necklace,4,2,random
1182,12.935641432224992,0.95,0.26114785852770966,0.8666666666666667,0.6698477448177566,0.0,4.783182144165039,0.2113337148916725,0.0,5.31915807723999,necklace,4,2,random
1367,18.394134575182306,0.95,0.3120934269670656,0.8666666666666667,0.5532123378277982,0.0,4.818974494934082,-0.13689231490087145,0.0,4.968784332275391,necklace,4,2,random
199,23.703120927755272,0.95,0.5389224062352028,0.8666666666666667,0.6246841751695782,0.0,4.762155532836914,0.13020455219345572,0.0,5.442714691162109,necklace,4,2,random
164,28.8719514328256,0.95,0.14584052933840744,0.8666666666666667,0.4078919743538183,0.0,5.139833450317383,0.44992882765810616,0.0,4.426785945892334,necklace,4,2,random
1361,33.195949225094246,0.95,0.4487636049585578,0.8666666666666667,0.3047986102791437,0.0625,5.00754451751709,-0.11889825537009624,0.0,5.608251571655273,necklace,4,2,random
369,36.43175503125191,0.95,0.29292391747555124,0.8666666666666667,0.4512062844754029,0.0,4.832403182983398,-0.2838385683920504,0.0,5.060375690460205,necklace,4,2,random
1165,39.93108781797531,0.95,0.21817077951047784,0.8666666666666667,0.4853086615898077,0.0625,4.877457618713379,0.5945054570914097,0.0,4.9561004638671875,necklace,4,2,random
766,43.3609088487709,0.95,0.28223409623907214,0.8666666666666667,0.46449641341718145,0.0,4.344823837280273,0.10145358709905804,0.0,5.160311698913574,necklace,4,2,random
1334,45.941878304993935,0.95,0.23811595290813425,0.8666666666666667,0.20592339077884286,0.0625,4.904157638549805,0.7179533528475295,0.0,5.166379451751709,necklace,4,2,random
962,48.67988185231489,0.95,0.3634444670918142,0.8666666666666667,0.4506888590646704,0.0,4.795810222625732,0.10675662567788304,0.5,4.742676734924316,necklace,4,2,random
634,51.08613373155372,0.95,0.1162018617240108,0.8666666666666667,0.2651984936755846,0.0,4.986102104187012,0.5084651554929396,0.0,4.6845808029174805,necklace,4,2,random
1145,53.240744808312186,0.95,0.505917260565355,0.8666666666666667,0.34104281110339,0.0,4.662605285644531,0.11828891986084909,0.0,5.48177433013916,necklace,4,2,random
1430,56.151275407046974,0.95,0.2598513786807471,0.8666666666666667,0.6348652830216885,0.0,4.838207721710205,0.3383858243162629,0.0,5.2034759521484375,necklace,4,2,random
926,57.969096696889686,0.95,0.4204974977747279,0.8666666666666667,0.5421484694279683,0.0,4.799518585205078,-0.13865721618904522,0.0,5.301877021789551,necklace,4,2,random
321,59.84253137058147,0.95,0.3133651626852352,0.8666666666666667,0.41823975501972965,0.0,4.503593921661377,0.28872419358602375,0.0,5.0203657150268555,necklace,4,2,random
1093,61.38629434634234,0.95,0.2981739854564069,0.8666666666666667,0.5012494606491341,0.0,4.673436164855957,0.21974247846066008,0.0,5.168986797332764,necklace,4,2,random
79,62.61951482669279,0.95,0.5101751836963725,0.8666666666666667,0.44121982497293244,0.0,4.375607967376709,0.11949476982594076,0.0,5.413851737976074,necklace,4,2,random
1257,64.28798165795212,0.95,0.18776215623216463,0.8666666666666667,0.6537573300605659,0.0,4.648393630981445,0.5021749752935425,0.0,4.9668731689453125,necklace,4,2,random
598,66.00891229385756,0.95,0.33037837260189573,0.8666666666666667,0.5598972166934649,0.0,4.592526435852051,-0.11745450627114506,0.0625,4.950462341308594,necklace,4,2,random
1179,67.69260549499239,0.95,0.5699827781709856,0.8666666666666667,0.22401185355017952,0.0,4.690576553344727,0.09019089358014487,0.0,5.102856636047363,necklace,4,2,random
379,68.84395294410254,0.95,0.2615107628840125,0.8666666666666667,0.6846410519916534,0.0,4.554717063903809,0.36265442363981554,0.0,5.156116485595703,necklace,4,2,random
542,70.09495509478259,0.95,0.38880836535740754,0.8666666666666667,0.5412143845187712,0.0,4.504761695861816,0.1348657831855593,0.0,5.0535888671875,necklace,4,2,random
771,71.21887510342155,0.95,0.2297701940643722,0.8666666666666667,0.6152128257959044,0.0,4.87236213684082,0.2143480984711857,0.0,5.324591636657715,necklace,4,2,random
657,72.1516406028191,0.95,0.4590065883498752,0.8666666666666667,0.5549292373100279,0.0,4.606162071228027,-0.07743724655181572,0.0,5.4442315101623535,necklace,4,2,random
546,72.91100260195863,0.95,0.4216247896148062,0.8666666666666667,0.6715042041115757,0.0,4.207269668579102,-0.1590157717205655,0.0,5.406258583068848,necklace,4,2,random
11,73.96194600109054,0.95,0.5608716786529468,0.8666666666666667,0.686218686119024,0.0,4.3695783615112305,0.04674046205166142,0.0,5.2425408363342285,necklace,4,2,random
1026,74.65436833646733,0.95,0.26653378237810926,0.8666666666666667,0.6919328790651649,0.0,4.726733684539795,0.31366543416661974,0.0,5.352508068084717,necklace,4,2,random
156,75.24058310522543,0.95,0.4470719979407026,0.8666666666666667,0.5101355894032773,0.0,4.700724124908447,-0.10738234914074968,0.0,5.514357089996338,necklace,4,2,random
685,75.78684796319656,0.95,0.2564382169834942,0.8666666666666667,0.44857238362272817,0.0,4.451366424560547,0.46783179092059735,0.0,5.078659534454346,necklace,4,2,random
65,76.09298704532945,0.95,0.25792620116964565,0.8666666666666667,0.5845880603701301,0.0,4.401817321777344,0.49470096335250346,0.0,5.139496326446533,necklace,4,2,random
1205,76.47062967314406,0.95,0.2883641825285305,0.8666666666666667,0.5306616446876381,0.0,4.536567211151123,-0.09086420716791851,0.0,4.964785099029541,necklace,4,2,random
1478,76.76713546367883,0.95,0.4577844049403079,0.8666666666666667,0.4768008713909339,0.0,4.41494607925415,-0.06344619755100023,0.0,5.5507588386535645,necklace,4,2,random
646,77.0508874954394,0.95,0.6057581594392338,0.8666666666666667,0.6142776921000377,0.0,4.450048923492432,0.13788811905205042,0.0,4.591885566711426,necklace,4,2,random
567,77.215697935504,0.95,0.1542263144072381,0.8666666666666667,0.5301544109333969,0.0,4.577988147735596,0.5260000690996385,0.0,4.81655740737915,necklace,4,2,random
727,77.45153343957439,0.95,0.4357053891602811,0.8666666666666667,0.6179743233849104,0.0,4.686565399169922,-0.22783195679615156,0.0,5.25888204574585,necklace,4,2,random
1089,77.64528829727367,0.95,0.15421180184925526,0.8666666666666667,0.482539344098082,0.0,4.780481338500977,0.5411066878473608,0.0,4.470249176025391,necklace,4,2,random
939,77.83365559076987,0.95,0.30602192654521776,0.8666666666666667,0.5314727303290395,0.0,4.592872619628906,-0.068554724174363,0.0,5.090027809143066,necklace,4,2,random
739,77.9433041296147,0.95,0.41447076991706416,0.8666666666666667,0.4447089879572508,0.0,4.312772274017334,-0.18388269529815277,0.0,5.367093563079834,necklace,4,2,random
946,78.0696647546605,0.95,0.4182346681379898,0.8666666666666667,0.6107431824457994,0.0,4.544804096221924,-0.08222178330136531,0.0,5.429484844207764,necklace,4,2,random
1096,78.11664300076892,0.95,0.30288328752204874,0.8666666666666667,0.343533009821188,0.0,4.456280708312988,-0.1603341653435272,0.0625,4.906424522399902,necklace,4,2,random
647,-120.74558065842228,0.99,0.4186717893852692,0.8666666666666667,0.26207803774666993,0.0,5.160009860992432,0.26214048438521725,0.0,4.763082504272461,necklace,4,2,random
1397,-75.70558934611759,0.99,0.5016030342242491,0.8666666666666667,0.4741899777090185,0.0625,5.247044563293457,-0.0017305092853770049,0.0,3.513000249862671,necklace,4,2,random
616,-52.193039324381424,0.99,0.3145399481541731,0.8666666666666667,0.5181674134634535,0.125,5.2223286628723145,0.3365035701141249,0.0,4.868946075439453,necklace,4,2,random
556,-30.3047785120048,0.99,0.4762735895025181,0.8666666666666667,0.15358876254307866,0.0625,5.106914520263672,-0.04434451662633468,0.0,4.206365585327148,necklace,4,2,random
62,-19.257495607350318,0.99,0.504870626433077,0.8666666666666667,0.06931498563530449,0.0,4.932512283325195,-0.01632678644754998,0.0,2.447004795074463,necklace,4,2,random
1302,-9.078271308966416,0.99,0.34081555322018436,0.8666666666666667,0.24865438746807655,0.0,5.063570499420166,-0.13091772983868438,0.0,4.29918098449707,necklace,4,2,random
322,-0.7883808914376134,0.99,0.4895018770990654,0.8666666666666667,0.34714585518605046,0.0,4.942516326904297,-0.021050982106167154,0.0,3.0875444412231445,necklace,4,2,random
861,7.764935029298197,0.99,0.38671035422102196,0.8666666666666667,0.13759280724395412,0.0,4.610931396484375,-0.0056250470887175275,0.0,3.820831298828125,necklace,4,2,random
1182,12.935641432224992,0.99,0.26114785852770966,0.8666666666666667,0.6698477448177566,0.0,4.783182144165039,0.4249097916792445,0.0,5.1440582275390625,necklace,4,2,random
1367,18.394134575182306,0.99,0.3120934269670656,0.8666666666666667,0.5532123378277982,0.0,4.818974494934082,0.3968383815922766,0.0,4.557225227355957,necklace,4,2,random
199,23.703120927755272,0.99,0.5389224062352028,0.8666666666666667,0.6246841751695782,0.0,4.762155532836914,-0.006457843415512199,0.0,1.3096892833709717,necklace,4,2,random
164,28.8719514328256,0.99,0.14584052933840744,0.8666666666666667,0.4078919743538183,0.0,5.139833450317383,-0.2635668242065469,0.0,4.184797763824463,necklace,4,2,random
1361,33.195949225094246,0.99,0.4487636049585578,0.8666666666666667,0.3047986102791437,0.0625,5.00754451751709,0.0022325464260331274,0.0,4.573789596557617,necklace,4,2,random
369,36.43175503125191,0.99,0.29292391747555124,0.8666666666666667,0.4512062844754029,0.0,4.832403182983398,0.1992531163495502,0.0,4.741638660430908,necklace,4,2,random
1165,39.93108781797531,0.99,0.21817077951047784,0.8666666666666667,0.4853086615898077,0.0625,4.877457618713379,0.12182134009107429,0.0,4.802238941192627,necklace,4,2,random
766,43.3609088487709,0.99,0.28223409623907214,0.8666666666666667,0.46449641341718145,0.0,4.344823837280273,-0.0016259048239759266,0.0,4.914599418640137,necklace,4,2,random
1334,45.941878304993935,0.99,0.23811595290813425,0.8666666666666667,0.20592339077884286,0.0625,4.904157638549805,0.2966829888627954,0.0,4.9340410232543945,necklace,4,2,random
962,48.67988185231489,0.99,0.3634444670918142,0.8666666666666667,0.4506888590646704,0.0,4.795810222625732,-0.06288549936024533,0.0,3.8603556156158447,necklace,4,2,random
634,51.08613373155372,0.99,0.1162018617240108,0.8666666666666667,0.2651984936755846,0.0,4.986102104187012,-0.10922628969125772,0.0,4.193209171295166,necklace,4,2,random
1145,53.240744808312186,0.99,0.505917260565355,0.8666666666666667,0.34104281110339,0.0,4.662605285644531,-0.13025515779428096,0.0,2.14334774017334,necklace,4,2,random
1430,56.151275407046974,0.99,0.2598513786807471,0.8666666666666667,0.6348652830216885,0.0,4.838207721710205,0.3816830056730369,0.0,5.104914665222168,necklace,4,2,random
926,57.969096696889686,0.99,0.4204974977747279,0.8666666666666667,0.5421484694279683,0.0,4.799518585205078,0.021882006413535188,0.0,4.571900367736816,necklace,4,2,random
321,59.84253137058147,0.99,0.3133651626852352,0.8666666666666667,0.41823975501972965,0.0,4.503593921661377,0.14768740879382253,0.0,4.6322126388549805,necklace,4,2,random
1093,61.38629434634234,0.99,0.2981739854564069,0.8666666666666667,0.5012494606491341,0.0,4.673436164855957,0.11803791617044913,0.0,4.839260101318359,necklace,4,2,random
79,62.61951482669279,0.99,0.5101751836963725,0.8666666666666667,0.44121982497293244,0.0,4.375607967376709,0.0168162642442731,0.0,2.233344793319702,necklace,4,2,random
1257,64.28798165795212,0.99,0.18776215623216463,0.8666666666666667,0.6537573300605659,0.0,4.648393630981445,0.1963011936336772,0.0,4.764576435089111,necklace,4,2,random
598,66.00891229385756,0.99,0.33037837260189573,0.8666666666666667,0.5598972166934649,0.0,4.592526435852051,0.3085906669871841,0.0,4.409172058105469,necklace,4,2,random
1179,67.69260549499239,0.99,0.5699827781709856,0.8666666666666667,0.22401185355017952,0.0,4.690576553344727,0.049396650313755466,0.0,0.9234985709190369,necklace,4,2,random
379,68.84395294410254,0.99,0.2615107628840125,0.8666666666666667,0.6846410519916534,0.0,4.554717063903809,0.20591622908435991,0.0,4.944425582885742,necklace,4,2,random
542,70.09495509478259,0.99,0.38880836535740754,0.8666666666666667,0.5412143845187712,0.0,4.504761695861816,0.3163822629589149,0.0,4.275059700012207,necklace,4,2,random
771,71.21887510342155,0.99,0.2297701940643722,0.8666666666666667,0.6152128257959044,0.0,4.87236213684082,0.20148672212823826,0.0,5.032003402709961,necklace,4,2,random
657,72.1516406028191,0.99,0.4590065883498752,0.8666666666666667,0.5549292373100279,0.0,4.606162071228027,-0.4131584731453928,0.0,3.074605941772461,necklace,4,2,random
546,72.91100260195863,0.99,0.4216247896148062,0.8666666666666667,0.6715042041115757,0.0,4.207269668579102,-0.04110457308534639,0.0,4.348840713500977,necklace,4,2,random
11,73.96194600109054,0.99,0.5608716786529468,0.8666666666666667,0.686218686119024,0.0,4.3695783615112305,-0.1288218456384791,0.0,1.2288289070129395,necklace,4,2,random
1026,74.65436833646733,0.99,0.26653378237810926,0.8666666666666667,0.6919328790651649,0.0,4.726733684539795,0.35668780362224134,0.0,4.959214210510254,necklace,4,2,random
156,75.24058310522543,0.99,0.4470719979407026,0.8666666666666667,0.5101355894032773,0.0,4.700724124908447,0.18974121863652854,0.0,4.615240097045898,necklace,4,2,random
685,75.78684796319656,0.99,0.2564382169834942,0.8666666666666667,0.44857238362272817,0.0,4.451366424560547,0.5305885305248906,0.0,4.9181718826293945,necklace,4,2,random
65,76.09298704532945,0.99,0.25792620116964565,0.8666666666666667,0.5845880603701301,0.0,4.401817321777344,0.1799580155364476,0.0,5.07514762878418,necklace,4,2,random
1205,76.47062967314406,0.99,0.2883641825285305,0.8666666666666667,0.5306616446876381,0.0,4.536567211151123,0.11373327070706185,0.0,4.719549179077148,necklace,4,2,random
1478,76.76713546367883,0.99,0.4577844049403079,0.8666666666666667,0.4768008713909339,0.0,4.41494607925415,-0.05728792047183799,0.0,4.540104866027832,necklace,4,2,random
646,77.0508874954394,0.99,0.6057581594392338,0.8666666666666667,0.6142776921000377,0.0,4.450048923492432,0.1266440924294221,0.0,0.7123706340789795,necklace,4,2,random
567,77.215697935504,0.99,0.1542263144072381,0.8666666666666667,0.5301544109333969,0.0,4.577988147735596,0.010182424245803873,0.0,4.299663543701172,necklace,4,2,random
727,77.45153343957439,0.99,0.4357053891602811,0.8666666666666667,0.6179743233849104,0.0,4.686565399169922,0.20286394577842495,0.0,4.5261054039001465,necklace,4,2,random
1089,77.64528829727367,0.99,0.15421180184925526,0.8666666666666667,0.482539344098082,0.0,4.780481338500977,-0.14779806914246094,0.0,4.189227104187012,necklace,4,2,random
939,77.83365559076987,0.99,0.30602192654521776,0.8666666666666667,0.5314727303290395,0.0,4.592872619628906,0.4056489384386176,0.0,4.870756149291992,necklace,4,2,random
739,77.9433041296147,0.99,0.41447076991706416,0.8666666666666667,0.4447089879572508,0.0,4.312772274017334,0.19377662893038117,0.0,4.465700149536133,necklace,4,2,random
946,78.0696647546605,0.99,0.4182346681379898,0.8666666666666667,0.6107431824457994,0.0,4.544804096221924,0.039213491190776315,0.0,4.047952651977539,necklace,4,2,random
1096,78.11664300076892,0.99,0.30288328752204874,0.8666666666666667,0.343533009821188,0.0,4.456280708312988,0.2642135758039688,0.0,4.642920017242432,necklace,4,2,random
