dataset,instance,method,ks_hat,elapsed_s,fb_elapsed_s,err,name,dim,codim,noise,m,shape,ks_true
colosseum,97,dc2,-1.1610548496246338,6.58,,,d2-c1-n0.05-m47,2,1,0.05,47,,-4.990760969709199
colosseum,97,dc_wasserstein_ollivier,0.18604832887649536,8.3,,,d2-c1-n0.05-m47,2,1,0.05,47,,-4.990760969709199
colosseum,97,dc_entropic_subtraction,-0.13562393188476562,4.18,,,d2-c1-n0.05-m47,2,1,0.05,47,,-4.990760969709199
colosseum,97,hickock,-0.5336754879608112,30.74,,,d2-c1-n0.05-m47,2,1,0.05,47,,-4.990760969709199
colosseum,97,orc,0.06442115815932178,4.19,,,d2-c1-n0.05-m47,2,1,0.05,47,,-4.990760969709199
colosseum,97,spc_hop,26.12318297038575,795.16,,,d2-c1-n0.05-m47,2,1,0.05,47,,-4.990760969709199
colosseum,97,spc_diffusion_t5,118.04518741607194,478.52,,,d2-c1-n0.05-m47,2,1,0.05,47,,-4.990760969709199
colosseum,97,laziness_knn_t5,-4.221871376037598,6.97,,,d2-c1-n0.05-m47,2,1,0.05,47,,-4.990760969709199
colosseum,97,laziness_adaptive_t5,-4.169833660125732,0.53,,,d2-c1-n0.05-m47,2,1,0.05,47,,-4.990760969709199
colosseum,97,successor_entropy,,0.0,0.0,diffusion_curvature.successor.train.FBTrainer() got multiple values for keyword argument 'batch_size',d2-c1-n0.05-m47,2,1,0.05,47,,-4.990760969709199
colosseum,97,successor_orc,,0.0,0.0,diffusion_curvature.successor.train.FBTrainer() got multiple values for keyword argument 'batch_size',d2-c1-n0.05-m47,2,1,0.05,47,,-4.990760969709199
colosseum,105,dc2,-1.0808366537094116,14.17,,,d2-c1-n0.1-m5,2,1,0.1,5,,0.25045933032987666
colosseum,105,dc_wasserstein_ollivier,0.2187286615371704,6.06,,,d2-c1-n0.1-m5,2,1,0.1,5,,0.25045933032987666
colosseum,105,dc_entropic_subtraction,-0.25954771041870117,3.85,,,d2-c1-n0.1-m5,2,1,0.1,5,,0.25045933032987666
colosseum,105,hickock,-6.579710071004907,27.35,,,d2-c1-n0.1-m5,2,1,0.1,5,,0.25045933032987666
colosseum,105,orc,-0.01356847641255356,3.9,,,d2-c1-n0.1-m5,2,1,0.1,5,,0.25045933032987666
colosseum,105,spc_hop,424.8456226794589,727.27,,,d2-c1-n0.1-m5,2,1,0.1,5,,0.25045933032987666
colosseum,105,spc_diffusion_t5,2.062916283135098,441.32,,,d2-c1-n0.1-m5,2,1,0.1,5,,0.25045933032987666
colosseum,105,laziness_knn_t5,-4.551235198974609,0.4,,,d2-c1-n0.1-m5,2,1,0.1,5,,0.25045933032987666
colosseum,105,laziness_adaptive_t5,-4.506920337677002,0.46,,,d2-c1-n0.1-m5,2,1,0.1,5,,0.25045933032987666
colosseum,105,successor_entropy,,0.0,0.0,diffusion_curvature.successor.train.FBTrainer() got multiple values for keyword argument 'batch_size',d2-c1-n0.1-m5,2,1,0.1,5,,0.25045933032987666
colosseum,105,successor_orc,,0.0,0.0,diffusion_curvature.successor.train.FBTrainer() got multiple values for keyword argument 'batch_size',d2-c1-n0.1-m5,2,1,0.1,5,,0.25045933032987666
colosseum,113,dc2,-0.9337375164031982,17.14,,,d2-c1-n0.1-m13,2,1,0.1,13,,-19.159620695965703
colosseum,113,dc_wasserstein_ollivier,0.004048705101013184,7.24,,,d2-c1-n0.1-m13,2,1,0.1,13,,-19.159620695965703
colosseum,113,dc_entropic_subtraction,-0.10861682891845703,4.56,,,d2-c1-n0.1-m13,2,1,0.1,13,,-19.159620695965703
colosseum,113,hickock,-7.972606605822433,32.99,,,d2-c1-n0.1-m13,2,1,0.1,13,,-19.159620695965703
colosseum,113,orc,-0.09632138839957265,4.97,,,d2-c1-n0.1-m13,2,1,0.1,13,,-19.159620695965703
colosseum,113,spc_hop,71.19564770383404,818.88,,,d2-c1-n0.1-m13,2,1,0.1,13,,-19.159620695965703
colosseum,113,spc_diffusion_t5,-333.50211029382353,440.91,,,d2-c1-n0.1-m13,2,1,0.1,13,,-19.159620695965703
colosseum,113,laziness_knn_t5,-4.6578898429870605,0.15,,,d2-c1-n0.1-m13,2,1,0.1,13,,-19.159620695965703
colosseum,113,laziness_adaptive_t5,-4.6377482414245605,1.24,,,d2-c1-n0.1-m13,2,1,0.1,13,,-19.159620695965703
colosseum,113,successor_entropy,,0.0,0.0,diffusion_curvature.successor.train.FBTrainer() got multiple values for keyword argument 'batch_size',d2-c1-n0.1-m13,2,1,0.1,13,,-19.159620695965703
colosseum,113,successor_orc,,0.0,0.0,diffusion_curvature.successor.train.FBTrainer() got multiple values for keyword argument 'batch_size',d2-c1-n0.1-m13,2,1,0.1,13,,-19.159620695965703
colosseum,121,dc2,-0.7777867317199707,8.12,,,d2-c1-n0.1-m21,2,1,0.1,21,,-0.11670111319829696
colosseum,121,dc_wasserstein_ollivier,0.21810156106948853,9.55,,,d2-c1-n0.1-m21,2,1,0.1,21,,-0.11670111319829696
colosseum,121,dc_entropic_subtraction,0.015748023986816406,3.37,,,d2-c1-n0.1-m21,2,1,0.1,21,,-0.11670111319829696
colosseum,121,hickock,-6.060747781011411,32.12,,,d2-c1-n0.1-m21,2,1,0.1,21,,-0.11670111319829696
colosseum,121,orc,-0.09087486160464259,4.47,,,d2-c1-n0.1-m21,2,1,0.1,21,,-0.11670111319829696
colosseum,121,spc_hop,-18.28793351283025,641.59,,,d2-c1-n0.1-m21,2,1,0.1,21,,-0.11670111319829696
colosseum,121,spc_diffusion_t5,89.21458426299313,385.4,,,d2-c1-n0.1-m21,2,1,0.1,21,,-0.11670111319829696
colosseum,121,laziness_knn_t5,-4.812498092651367,0.21,,,d2-c1-n0.1-m21,2,1,0.1,21,,-0.11670111319829696
colosseum,121,laziness_adaptive_t5,-4.729238033294678,0.27,,,d2-c1-n0.1-m21,2,1,0.1,21,,-0.11670111319829696
colosseum,121,successor_entropy,,0.0,0.0,diffusion_curvature.successor.train.FBTrainer() got multiple values for keyword argument 'batch_size',d2-c1-n0.1-m21,2,1,0.1,21,,-0.11670111319829696
colosseum,121,successor_orc,,0.0,0.0,diffusion_curvature.successor.train.FBTrainer() got multiple values for keyword argument 'batch_size',d2-c1-n0.1-m21,2,1,0.1,21,,-0.11670111319829696
colosseum,129,dc2,-2.022740364074707,4.95,,,d2-c1-n0.1-m29,2,1,0.1,29,,-5.527210745671842
colosseum,129,dc_wasserstein_ollivier,0.21238458156585693,10.04,,,d2-c1-n0.1-m29,2,1,0.1,29,,-5.527210745671842
colosseum,129,dc_entropic_subtraction,-0.07282304763793945,2.5,,,d2-c1-n0.1-m29,2,1,0.1,29,,-5.527210745671842
colosseum,129,hickock,-6.510819827096672,26.1,,,d2-c1-n0.1-m29,2,1,0.1,29,,-5.527210745671842
colosseum,129,orc,-0.01863479088852799,3.76,,,d2-c1-n0.1-m29,2,1,0.1,29,,-5.527210745671842
colosseum,129,spc_hop,-88.58259714817785,563.45,,,d2-c1-n0.1-m29,2,1,0.1,29,,-5.527210745671842
colosseum,129,spc_diffusion_t5,-23.630193567127296,736.13,,,d2-c1-n0.1-m29,2,1,0.1,29,,-5.527210745671842
colosseum,129,laziness_knn_t5,-4.47434139251709,0.29,,,d2-c1-n0.1-m29,2,1,0.1,29,,-5.527210745671842
colosseum,129,laziness_adaptive_t5,-4.402266502380371,1.33,,,d2-c1-n0.1-m29,2,1,0.1,29,,-5.527210745671842
colosseum,129,successor_entropy,,0.0,0.0,diffusion_curvature.successor.train.FBTrainer() got multiple values for keyword argument 'batch_size',d2-c1-n0.1-m29,2,1,0.1,29,,-5.527210745671842
colosseum,129,successor_orc,,0.0,0.0,diffusion_curvature.successor.train.FBTrainer() got multiple values for keyword argument 'batch_size',d2-c1-n0.1-m29,2,1,0.1,29,,-5.527210745671842
colosseum,137,dc2,-0.024549007415771484,5.82,,,d2-c1-n0.1-m37,2,1,0.1,37,,7.6828836209414435
colosseum,137,dc_wasserstein_ollivier,0.2847974896430969,9.28,,,d2-c1-n0.1-m37,2,1,0.1,37,,7.6828836209414435
colosseum,137,dc_entropic_subtraction,0.21982955932617188,3.64,,,d2-c1-n0.1-m37,2,1,0.1,37,,7.6828836209414435
colosseum,137,hickock,-4.795762840142674,26.04,,,d2-c1-n0.1-m37,2,1,0.1,37,,7.6828836209414435
colosseum,137,orc,0.020730246650174946,3.6,,,d2-c1-n0.1-m37,2,1,0.1,37,,7.6828836209414435
colosseum,137,spc_hop,-419.6363343763981,552.83,,,d2-c1-n0.1-m37,2,1,0.1,37,,7.6828836209414435
colosseum,137,spc_diffusion_t5,530.2054709510018,487.47,,,d2-c1-n0.1-m37,2,1,0.1,37,,7.6828836209414435
colosseum,137,laziness_knn_t5,-4.581358909606934,0.13,,,d2-c1-n0.1-m37,2,1,0.1,37,,7.6828836209414435
colosseum,137,laziness_adaptive_t5,-4.495824337005615,0.19,,,d2-c1-n0.1-m37,2,1,0.1,37,,7.6828836209414435
colosseum,137,successor_entropy,,0.0,0.0,diffusion_curvature.successor.train.FBTrainer() got multiple values for keyword argument 'batch_size',d2-c1-n0.1-m37,2,1,0.1,37,,7.6828836209414435
colosseum,137,successor_orc,,0.0,0.0,diffusion_curvature.successor.train.FBTrainer() got multiple values for keyword argument 'batch_size',d2-c1-n0.1-m37,2,1,0.1,37,,7.6828836209414435
colosseum,145,dc2,-0.11483240127563477,6.11,,,d2-c1-n0.1-m45,2,1,0.1,45,,11.61496613857862
colosseum,145,dc_wasserstein_ollivier,0.2643733024597168,7.92,,,d2-c1-n0.1-m45,2,1,0.1,45,,11.61496613857862
colosseum,145,dc_entropic_subtraction,0.2012042999267578,3.01,,,d2-c1-n0.1-m45,2,1,0.1,45,,11.61496613857862
colosseum,145,hickock,-5.750828568243927,25.78,,,d2-c1-n0.1-m45,2,1,0.1,45,,11.61496613857862
colosseum,145,orc,-0.08514299521574649,5.19,,,d2-c1-n0.1-m45,2,1,0.1,45,,11.61496613857862
colosseum,145,spc_hop,-180.69720021910072,608.34,,,d2-c1-n0.1-m45,2,1,0.1,45,,11.61496613857862
colosseum,145,spc_diffusion_t5,31.72941587946766,908.29,,,d2-c1-n0.1-m45,2,1,0.1,45,,11.61496613857862
colosseum,145,laziness_knn_t5,-4.727636337280273,0.16,,,d2-c1-n0.1-m45,2,1,0.1,45,,11.61496613857862
colosseum,145,laziness_adaptive_t5,-4.665433883666992,0.2,,,d2-c1-n0.1-m45,2,1,0.1,45,,11.61496613857862
colosseum,145,successor_entropy,,0.0,0.0,diffusion_curvature.successor.train.FBTrainer() got multiple values for keyword argument 'batch_size',d2-c1-n0.1-m45,2,1,0.1,45,,11.61496613857862
colosseum,145,successor_orc,,0.0,0.0,diffusion_curvature.successor.train.FBTrainer() got multiple values for keyword argument 'batch_size',d2-c1-n0.1-m45,2,1,0.1,45,,11.61496613857862
colosseum,153,dc2,-0.5922811031341553,5.2,,,d2-c1-n0.2-m3,2,1,0.2,3,,-0.38019325476872035
colosseum,153,dc_wasserstein_ollivier,0.2987530827522278,4.15,,,d2-c1-n0.2-m3,2,1,0.2,3,,-0.38019325476872035
colosseum,153,dc_entropic_subtraction,0.003535747528076172,2.69,,,d2-c1-n0.2-m3,2,1,0.2,3,,-0.38019325476872035
colosseum,153,hickock,-13.320097039726951,26.73,,,d2-c1-n0.2-m3,2,1,0.2,3,,-0.38019325476872035
colosseum,153,orc,-0.19773452971511468,4.44,,,d2-c1-n0.2-m3,2,1,0.2,3,,-0.38019325476872035
colosseum,153,spc_hop,-271.43345993474,601.21,,,d2-c1-n0.2-m3,2,1,0.2,3,,-0.38019325476872035
colosseum,153,spc_diffusion_t5,158.86293101845246,432.29,,,d2-c1-n0.2-m3,2,1,0.2,3,,-0.38019325476872035
colosseum,153,laziness_knn_t5,-4.777653217315674,0.8,,,d2-c1-n0.2-m3,2,1,0.2,3,,-0.38019325476872035
colosseum,153,laziness_adaptive_t5,-4.726261138916016,1.08,,,d2-c1-n0.2-m3,2,1,0.2,3,,-0.38019325476872035
colosseum,153,successor_entropy,,0.0,0.0,diffusion_curvature.successor.train.FBTrainer() got multiple values for keyword argument 'batch_size',d2-c1-n0.2-m3,2,1,0.2,3,,-0.38019325476872035
colosseum,153,successor_orc,,0.0,0.0,diffusion_curvature.successor.train.FBTrainer() got multiple values for keyword argument 'batch_size',d2-c1-n0.2-m3,2,1,0.2,3,,-0.38019325476872035
colosseum,161,dc2,-0.4956752061843872,19.74,,,d2-c1-n0.2-m11,2,1,0.2,11,,-4.0344050425406115
colosseum,161,dc_wasserstein_ollivier,0.27470099925994873,9.48,,,d2-c1-n0.2-m11,2,1,0.2,11,,-4.0344050425406115
colosseum,161,dc_entropic_subtraction,-0.027793407440185547,3.97,,,d2-c1-n0.2-m11,2,1,0.2,11,,-4.0344050425406115
colosseum,161,hickock,-16.071828669967232,29.42,,,d2-c1-n0.2-m11,2,1,0.2,11,,-4.0344050425406115
colosseum,161,orc,-0.015126568612064942,3.74,,,d2-c1-n0.2-m11,2,1,0.2,11,,-4.0344050425406115
colosseum,161,spc_hop,45.156669051527594,626.32,,,d2-c1-n0.2-m11,2,1,0.2,11,,-4.0344050425406115
colosseum,161,spc_diffusion_t5,307.25386498188226,685.09,,,d2-c1-n0.2-m11,2,1,0.2,11,,-4.0344050425406115
colosseum,161,laziness_knn_t5,-4.672637462615967,0.22,,,d2-c1-n0.2-m11,2,1,0.2,11,,-4.0344050425406115
colosseum,161,laziness_adaptive_t5,-4.637425422668457,1.69,,,d2-c1-n0.2-m11,2,1,0.2,11,,-4.0344050425406115
colosseum,161,successor_entropy,,0.0,0.0,diffusion_curvature.successor.train.FBTrainer() got multiple values for keyword argument 'batch_size',d2-c1-n0.2-m11,2,1,0.2,11,,-4.0344050425406115
colosseum,161,successor_orc,,0.0,0.0,diffusion_curvature.successor.train.FBTrainer() got multiple values for keyword argument 'batch_size',d2-c1-n0.2-m11,2,1,0.2,11,,-4.0344050425406115
colosseum,169,dc2,-2.5861034393310547,11.73,,,d2-c1-n0.2-m19,2,1,0.2,19,,-7.2262547049020265
colosseum,169,dc_wasserstein_ollivier,0.2669667601585388,8.75,,,d2-c1-n0.2-m19,2,1,0.2,19,,-7.2262547049020265
colosseum,169,dc_entropic_subtraction,-0.0394597053527832,5.33,,,d2-c1-n0.2-m19,2,1,0.2,19,,-7.2262547049020265
colosseum,169,hickock,-19.616099460384333,24.25,,,d2-c1-n0.2-m19,2,1,0.2,19,,-7.2262547049020265
colosseum,169,orc,-0.08476889073599433,3.68,,,d2-c1-n0.2-m19,2,1,0.2,19,,-7.2262547049020265
colosseum,169,spc_hop,-46.92928584368955,639.39,,,d2-c1-n0.2-m19,2,1,0.2,19,,-7.2262547049020265
colosseum,169,spc_diffusion_t5,25.90637244192039,344.6,,,d2-c1-n0.2-m19,2,1,0.2,19,,-7.2262547049020265
colosseum,169,laziness_knn_t5,-4.678284645080566,0.29,,,d2-c1-n0.2-m19,2,1,0.2,19,,-7.2262547049020265
colosseum,169,laziness_adaptive_t5,-4.609277248382568,2.09,,,d2-c1-n0.2-m19,2,1,0.2,19,,-7.2262547049020265
colosseum,169,successor_entropy,,0.0,0.0,diffusion_curvature.successor.train.FBTrainer() got multiple values for keyword argument 'batch_size',d2-c1-n0.2-m19,2,1,0.2,19,,-7.2262547049020265
colosseum,169,successor_orc,,0.0,0.0,diffusion_curvature.successor.train.FBTrainer() got multiple values for keyword argument 'batch_size',d2-c1-n0.2-m19,2,1,0.2,19,,-7.2262547049020265
colosseum,177,dc2,-1.3008153438568115,80.68,,,d2-c1-n0.2-m27,2,1,0.2,27,,-10.1482794657893
colosseum,177,dc_wasserstein_ollivier,0.2054356336593628,8.73,,,d2-c1-n0.2-m27,2,1,0.2,27,,-10.1482794657893
colosseum,177,dc_entropic_subtraction,-0.04605865478515625,4.46,,,d2-c1-n0.2-m27,2,1,0.2,27,,-10.1482794657893
colosseum,177,hickock,-18.715115658476357,29.45,,,d2-c1-n0.2-m27,2,1,0.2,27,,-10.1482794657893
colosseum,177,orc,-0.04132095220873152,3.88,,,d2-c1-n0.2-m27,2,1,0.2,27,,-10.1482794657893
colosseum,177,spc_hop,356.28902452552086,625.16,,,d2-c1-n0.2-m27,2,1,0.2,27,,-10.1482794657893
colosseum,177,spc_diffusion_t5,101.24552159881297,839.06,,,d2-c1-n0.2-m27,2,1,0.2,27,,-10.1482794657893
colosseum,177,laziness_knn_t5,-4.757145881652832,0.24,,,d2-c1-n0.2-m27,2,1,0.2,27,,-10.1482794657893
colosseum,177,laziness_adaptive_t5,-4.699190616607666,0.56,,,d2-c1-n0.2-m27,2,1,0.2,27,,-10.1482794657893
colosseum,177,successor_entropy,,0.0,0.0,diffusion_curvature.successor.train.FBTrainer() got multiple values for keyword argument 'batch_size',d2-c1-n0.2-m27,2,1,0.2,27,,-10.1482794657893
colosseum,177,successor_orc,,0.0,0.0,diffusion_curvature.successor.train.FBTrainer() got multiple values for keyword argument 'batch_size',d2-c1-n0.2-m27,2,1,0.2,27,,-10.1482794657893
colosseum,185,dc2,-1.4630539417266846,11.02,,,d2-c1-n0.2-m35,2,1,0.2,35,,-3.0267073911107683
colosseum,185,dc_wasserstein_ollivier,0.3212122321128845,9.62,,,d2-c1-n0.2-m35,2,1,0.2,35,,-3.0267073911107683
colosseum,185,dc_entropic_subtraction,-0.041103363037109375,3.29,,,d2-c1-n0.2-m35,2,1,0.2,35,,-3.0267073911107683
colosseum,185,hickock,-19.244509796761257,24.79,,,d2-c1-n0.2-m35,2,1,0.2,35,,-3.0267073911107683
colosseum,185,orc,-0.14610515560421816,4.91,,,d2-c1-n0.2-m35,2,1,0.2,35,,-3.0267073911107683
colosseum,185,spc_hop,-83.57724464814868,713.06,,,d2-c1-n0.2-m35,2,1,0.2,35,,-3.0267073911107683
colosseum,185,spc_diffusion_t5,-167.77679180116618,418.58,,,d2-c1-n0.2-m35,2,1,0.2,35,,-3.0267073911107683
colosseum,185,laziness_knn_t5,-4.882912635803223,0.23,,,d2-c1-n0.2-m35,2,1,0.2,35,,-3.0267073911107683
colosseum,185,laziness_adaptive_t5,-4.811093807220459,0.58,,,d2-c1-n0.2-m35,2,1,0.2,35,,-3.0267073911107683
colosseum,185,successor_entropy,,0.0,0.0,diffusion_curvature.successor.train.FBTrainer() got multiple values for keyword argument 'batch_size',d2-c1-n0.2-m35,2,1,0.2,35,,-3.0267073911107683
colosseum,185,successor_orc,,0.0,0.0,diffusion_curvature.successor.train.FBTrainer() got multiple values for keyword argument 'batch_size',d2-c1-n0.2-m35,2,1,0.2,35,,-3.0267073911107683
colosseum,193,dc2,-0.6548417806625366,4.89,,,d2-c1-n0.2-m43,2,1,0.2,43,,-11.039666708926475
colosseum,193,dc_wasserstein_ollivier,0.18435442447662354,7.69,,,d2-c1-n0.2-m43,2,1,0.2,43,,-11.039666708926475
colosseum,193,dc_entropic_subtraction,0.021854400634765625,4.17,,,d2-c1-n0.2-m43,2,1,0.2,43,,-11.039666708926475
colosseum,193,hickock,-17.061930757171467,25.27,,,d2-c1-n0.2-m43,2,1,0.2,43,,-11.039666708926475
colosseum,193,orc,-0.07195744323826894,3.68,,,d2-c1-n0.2-m43,2,1,0.2,43,,-11.039666708926475
colosseum,193,spc_hop,251.521546529217,585.09,,,d2-c1-n0.2-m43,2,1,0.2,43,,-11.039666708926475
colosseum,193,spc_diffusion_t5,-198.80667614718357,301.17,,,d2-c1-n0.2-m43,2,1,0.2,43,,-11.039666708926475
colosseum,193,laziness_knn_t5,-4.829460144042969,0.31,,,d2-c1-n0.2-m43,2,1,0.2,43,,-11.039666708926475
colosseum,193,laziness_adaptive_t5,-4.7868852615356445,1.02,,,d2-c1-n0.2-m43,2,1,0.2,43,,-11.039666708926475
colosseum,193,successor_entropy,,0.0,0.0,diffusion_curvature.successor.train.FBTrainer() got multiple values for keyword argument 'batch_size',d2-c1-n0.2-m43,2,1,0.2,43,,-11.039666708926475
colosseum,193,successor_orc,,0.0,0.0,diffusion_curvature.successor.train.FBTrainer() got multiple values for keyword argument 'batch_size',d2-c1-n0.2-m43,2,1,0.2,43,,-11.039666708926475
colosseum,201,dc2,0.06843805313110352,143.19,,,d3-c1-n0.01-m1,3,1,0.01,1,,-10.77806856102941
colosseum,201,dc_wasserstein_ollivier,-0.7684581279754639,43.99,,,d3-c1-n0.01-m1,3,1,0.01,1,,-10.77806856102941
colosseum,201,dc_entropic_subtraction,0.1604156494140625,3.49,,,d3-c1-n0.01-m1,3,1,0.01,1,,-10.77806856102941
colosseum,201,hickock,4.6371703205583215,29.01,,,d3-c1-n0.01-m1,3,1,0.01,1,,-10.77806856102941
colosseum,201,orc,-0.05582224081890685,3.06,,,d3-c1-n0.01-m1,3,1,0.01,1,,-10.77806856102941
colosseum,201,spc_hop,-2.5248018329944935,591.54,,,d3-c1-n0.01-m1,3,1,0.01,1,,-10.77806856102941
colosseum,201,spc_diffusion_t5,-40.390099379923704,384.65,,,d3-c1-n0.01-m1,3,1,0.01,1,,-10.77806856102941
colosseum,201,laziness_knn_t5,-5.0864434242248535,0.25,,,d3-c1-n0.01-m1,3,1,0.01,1,,-10.77806856102941
colosseum,201,laziness_adaptive_t5,-5.025638580322266,0.27,,,d3-c1-n0.01-m1,3,1,0.01,1,,-10.77806856102941
colosseum,201,successor_entropy,,0.0,0.0,diffusion_curvature.successor.train.FBTrainer() got multiple values for keyword argument 'batch_size',d3-c1-n0.01-m1,3,1,0.01,1,,-10.77806856102941
colosseum,201,successor_orc,,0.0,0.0,diffusion_curvature.successor.train.FBTrainer() got multiple values for keyword argument 'batch_size',d3-c1-n0.01-m1,3,1,0.01,1,,-10.77806856102941
colosseum,209,dc2,-0.16910839080810547,4.91,,,d3-c1-n0.01-m9,3,1,0.01,9,,-1.5220428871501763
colosseum,209,dc_wasserstein_ollivier,-0.4122716188430786,6.45,,,d3-c1-n0.01-m9,3,1,0.01,9,,-1.5220428871501763
colosseum,209,dc_entropic_subtraction,0.04304647445678711,1.82,,,d3-c1-n0.01-m9,3,1,0.01,9,,-1.5220428871501763
colosseum,209,hickock,4.8982473007497465,25.63,,,d3-c1-n0.01-m9,3,1,0.01,9,,-1.5220428871501763
colosseum,209,orc,-0.1318607837748492,5.05,,,d3-c1-n0.01-m9,3,1,0.01,9,,-1.5220428871501763
colosseum,209,spc_hop,-131.0299087573557,528.31,,,d3-c1-n0.01-m9,3,1,0.01,9,,-1.5220428871501763
colosseum,209,spc_diffusion_t5,51.912713159764266,537.75,,,d3-c1-n0.01-m9,3,1,0.01,9,,-1.5220428871501763
colosseum,209,laziness_knn_t5,-5.1219987869262695,0.34,,,d3-c1-n0.01-m9,3,1,0.01,9,,-1.5220428871501763
colosseum,209,laziness_adaptive_t5,-5.139966011047363,0.4,,,d3-c1-n0.01-m9,3,1,0.01,9,,-1.5220428871501763
colosseum,209,successor_entropy,,0.0,0.0,diffusion_curvature.successor.train.FBTrainer() got multiple values for keyword argument 'batch_size',d3-c1-n0.01-m9,3,1,0.01,9,,-1.5220428871501763
colosseum,209,successor_orc,,0.0,0.0,diffusion_curvature.successor.train.FBTrainer() got multiple values for keyword argument 'batch_size',d3-c1-n0.01-m9,3,1,0.01,9,,-1.5220428871501763
colosseum,217,dc2,0.7360849380493164,4.91,,,d3-c1-n0.01-m17,3,1,0.01,17,,-12.248939441161411
colosseum,217,dc_wasserstein_ollivier,-0.7658312320709229,7.86,,,d3-c1-n0.01-m17,3,1,0.01,17,,-12.248939441161411
colosseum,217,dc_entropic_subtraction,0.06318855285644531,2.48,,,d3-c1-n0.01-m17,3,1,0.01,17,,-12.248939441161411
colosseum,217,hickock,4.028784897293589,27.12,,,d3-c1-n0.01-m17,3,1,0.01,17,,-12.248939441161411
colosseum,217,orc,-0.1345918172021665,5.66,,,d3-c1-n0.01-m17,3,1,0.01,17,,-12.248939441161411
colosseum,217,spc_hop,76.81929295338341,648.88,,,d3-c1-n0.01-m17,3,1,0.01,17,,-12.248939441161411
colosseum,217,spc_diffusion_t5,-89.98293978937238,449.69,,,d3-c1-n0.01-m17,3,1,0.01,17,,-12.248939441161411
colosseum,217,laziness_knn_t5,-4.990121841430664,0.25,,,d3-c1-n0.01-m17,3,1,0.01,17,,-12.248939441161411
colosseum,217,laziness_adaptive_t5,-4.986530303955078,0.74,,,d3-c1-n0.01-m17,3,1,0.01,17,,-12.248939441161411
colosseum,217,successor_entropy,,0.0,0.0,diffusion_curvature.successor.train.FBTrainer() got multiple values for keyword argument 'batch_size',d3-c1-n0.01-m17,3,1,0.01,17,,-12.248939441161411
colosseum,217,successor_orc,,0.0,0.0,diffusion_curvature.successor.train.FBTrainer() got multiple values for keyword argument 'batch_size',d3-c1-n0.01-m17,3,1,0.01,17,,-12.248939441161411
colosseum,225,dc2,-0.08688211441040039,15.53,,,d3-c1-n0.01-m25,3,1,0.01,25,,-25.675124167648235
colosseum,225,dc_wasserstein_ollivier,-0.9856890439987183,9.18,,,d3-c1-n0.01-m25,3,1,0.01,25,,-25.675124167648235
colosseum,225,dc_entropic_subtraction,0.12735605239868164,6.22,,,d3-c1-n0.01-m25,3,1,0.01,25,,-25.675124167648235
colosseum,225,hickock,3.7523886764799665,27.05,,,d3-c1-n0.01-m25,3,1,0.01,25,,-25.675124167648235
colosseum,225,orc,-0.04204747379249814,3.62,,,d3-c1-n0.01-m25,3,1,0.01,25,,-25.675124167648235
colosseum,225,spc_hop,-66.48336428125911,446.76,,,d3-c1-n0.01-m25,3,1,0.01,25,,-25.675124167648235
colosseum,225,spc_diffusion_t5,-168.31371752984424,622.73,,,d3-c1-n0.01-m25,3,1,0.01,25,,-25.675124167648235
colosseum,225,laziness_knn_t5,-4.859829902648926,0.47,,,d3-c1-n0.01-m25,3,1,0.01,25,,-25.675124167648235
colosseum,225,laziness_adaptive_t5,-4.764519691467285,0.34,,,d3-c1-n0.01-m25,3,1,0.01,25,,-25.675124167648235
colosseum,225,successor_entropy,,0.0,0.0,diffusion_curvature.successor.train.FBTrainer() got multiple values for keyword argument 'batch_size',d3-c1-n0.01-m25,3,1,0.01,25,,-25.675124167648235
colosseum,225,successor_orc,,0.0,0.0,diffusion_curvature.successor.train.FBTrainer() got multiple values for keyword argument 'batch_size',d3-c1-n0.01-m25,3,1,0.01,25,,-25.675124167648235
colosseum,233,dc2,-0.2758455276489258,4.7,,,d3-c1-n0.01-m33,3,1,0.01,33,,-8.84703592947839
colosseum,233,dc_wasserstein_ollivier,-0.7057156562805176,7.26,,,d3-c1-n0.01-m33,3,1,0.01,33,,-8.84703592947839
colosseum,233,dc_entropic_subtraction,0.5472021102905273,3.76,,,d3-c1-n0.01-m33,3,1,0.01,33,,-8.84703592947839
colosseum,233,hickock,5.292794988632906,23.89,,,d3-c1-n0.01-m33,3,1,0.01,33,,-8.84703592947839
colosseum,233,orc,-0.1057058362916511,3.75,,,d3-c1-n0.01-m33,3,1,0.01,33,,-8.84703592947839
colosseum,233,spc_hop,63.309576317852134,467.67,,,d3-c1-n0.01-m33,3,1,0.01,33,,-8.84703592947839
colosseum,233,spc_diffusion_t5,-95.14473499809918,735.45,,,d3-c1-n0.01-m33,3,1,0.01,33,,-8.84703592947839
colosseum,233,laziness_knn_t5,-5.07395601272583,0.19,,,d3-c1-n0.01-m33,3,1,0.01,33,,-8.84703592947839
colosseum,233,laziness_adaptive_t5,-5.019003868103027,0.86,,,d3-c1-n0.01-m33,3,1,0.01,33,,-8.84703592947839
colosseum,233,successor_entropy,,0.0,0.0,diffusion_curvature.successor.train.FBTrainer() got multiple values for keyword argument 'batch_size',d3-c1-n0.01-m33,3,1,0.01,33,,-8.84703592947839
colosseum,233,successor_orc,,0.0,0.0,diffusion_curvature.successor.train.FBTrainer() got multiple values for keyword argument 'batch_size',d3-c1-n0.01-m33,3,1,0.01,33,,-8.84703592947839
colosseum,241,dc2,-0.3097214698791504,3.87,,,d3-c1-n0.01-m41,3,1,0.01,41,,-6.438910421088646
colosseum,241,dc_wasserstein_ollivier,-0.5812371969223022,8.86,,,d3-c1-n0.01-m41,3,1,0.01,41,,-6.438910421088646
colosseum,241,dc_entropic_subtraction,0.1602950096130371,3.43,,,d3-c1-n0.01-m41,3,1,0.01,41,,-6.438910421088646
colosseum,241,hickock,4.831193497752598,23.58,,,d3-c1-n0.01-m41,3,1,0.01,41,,-6.438910421088646
colosseum,241,orc,-0.09172922004669469,3.84,,,d3-c1-n0.01-m41,3,1,0.01,41,,-6.438910421088646
colosseum,241,spc_hop,-144.38681474314885,443.13,,,d3-c1-n0.01-m41,3,1,0.01,41,,-6.438910421088646
colosseum,241,spc_diffusion_t5,5.317951175595118,643.16,,,d3-c1-n0.01-m41,3,1,0.01,41,,-6.438910421088646
colosseum,241,laziness_knn_t5,-4.803618907928467,0.14,,,d3-c1-n0.01-m41,3,1,0.01,41,,-6.438910421088646
colosseum,241,laziness_adaptive_t5,-4.743592739105225,0.24,,,d3-c1-n0.01-m41,3,1,0.01,41,,-6.438910421088646
colosseum,241,successor_entropy,,0.0,0.0,diffusion_curvature.successor.train.FBTrainer() got multiple values for keyword argument 'batch_size',d3-c1-n0.01-m41,3,1,0.01,41,,-6.438910421088646
colosseum,241,successor_orc,,0.0,0.0,diffusion_curvature.successor.train.FBTrainer() got multiple values for keyword argument 'batch_size',d3-c1-n0.01-m41,3,1,0.01,41,,-6.438910421088646
colosseum,249,dc2,0.2580447196960449,5.11,,,d3-c1-n0.01-m49,3,1,0.01,49,,-9.71883140781625
colosseum,249,dc_wasserstein_ollivier,-0.7452743053436279,9.71,,,d3-c1-n0.01-m49,3,1,0.01,49,,-9.71883140781625
colosseum,249,dc_entropic_subtraction,0.3392648696899414,2.04,,,d3-c1-n0.01-m49,3,1,0.01,49,,-9.71883140781625
colosseum,249,hickock,5.177422379404073,25.54,,,d3-c1-n0.01-m49,3,1,0.01,49,,-9.71883140781625
colosseum,249,orc,-0.16023447615875738,4.73,,,d3-c1-n0.01-m49,3,1,0.01,49,,-9.71883140781625
colosseum,249,spc_hop,-56.32409316618983,920.1,,,d3-c1-n0.01-m49,3,1,0.01,49,,-9.71883140781625
colosseum,249,spc_diffusion_t5,-25.86798941993399,486.16,,,d3-c1-n0.01-m49,3,1,0.01,49,,-9.71883140781625
colosseum,249,laziness_knn_t5,-5.202025413513184,0.11,,,d3-c1-n0.01-m49,3,1,0.01,49,,-9.71883140781625
colosseum,249,laziness_adaptive_t5,-5.125112056732178,0.49,,,d3-c1-n0.01-m49,3,1,0.01,49,,-9.71883140781625
colosseum,249,successor_entropy,,0.0,0.0,diffusion_curvature.successor.train.FBTrainer() got multiple values for keyword argument 'batch_size',d3-c1-n0.01-m49,3,1,0.01,49,,-9.71883140781625
colosseum,249,successor_orc,,0.0,0.0,diffusion_curvature.successor.train.FBTrainer() got multiple values for keyword argument 'batch_size',d3-c1-n0.01-m49,3,1,0.01,49,,-9.71883140781625
colosseum,257,dc2,-1.776827335357666,4.92,,,d3-c1-n0.05-m7,3,1,0.05,7,,-44.358802610383165
colosseum,257,dc_wasserstein_ollivier,-1.0939316749572754,10.08,,,d3-c1-n0.05-m7,3,1,0.05,7,,-44.358802610383165
colosseum,257,dc_entropic_subtraction,0.3757925033569336,3.2,,,d3-c1-n0.05-m7,3,1,0.05,7,,-44.358802610383165
colosseum,257,hickock,3.299509511686615,24.39,,,d3-c1-n0.05-m7,3,1,0.05,7,,-44.358802610383165
colosseum,257,orc,-0.05885795355192415,3.95,,,d3-c1-n0.05-m7,3,1,0.05,7,,-44.358802610383165
colosseum,257,spc_hop,-176.81384232553515,532.35,,,d3-c1-n0.05-m7,3,1,0.05,7,,-44.358802610383165
colosseum,257,spc_diffusion_t5,-77.35081454692434,807.16,,,d3-c1-n0.05-m7,3,1,0.05,7,,-44.358802610383165
colosseum,257,laziness_knn_t5,-4.774314880371094,0.09,,,d3-c1-n0.05-m7,3,1,0.05,7,,-44.358802610383165
colosseum,257,laziness_adaptive_t5,-4.724196434020996,1.1,,,d3-c1-n0.05-m7,3,1,0.05,7,,-44.358802610383165
colosseum,257,successor_entropy,,0.0,0.0,diffusion_curvature.successor.train.FBTrainer() got multiple values for keyword argument 'batch_size',d3-c1-n0.05-m7,3,1,0.05,7,,-44.358802610383165
colosseum,257,successor_orc,,0.0,0.0,diffusion_curvature.successor.train.FBTrainer() got multiple values for keyword argument 'batch_size',d3-c1-n0.05-m7,3,1,0.05,7,,-44.358802610383165
colosseum,265,dc2,-1.1086912155151367,4.43,,,d3-c1-n0.05-m15,3,1,0.05,15,,-7.936608250589584
colosseum,265,dc_wasserstein_ollivier,-0.7010276317596436,12.08,,,d3-c1-n0.05-m15,3,1,0.05,15,,-7.936608250589584
colosseum,265,dc_entropic_subtraction,0.10487699508666992,3.14,,,d3-c1-n0.05-m15,3,1,0.05,15,,-7.936608250589584
colosseum,265,hickock,3.92523100986763,23.48,,,d3-c1-n0.05-m15,3,1,0.05,15,,-7.936608250589584
colosseum,265,orc,-0.01800176229514623,4.17,,,d3-c1-n0.05-m15,3,1,0.05,15,,-7.936608250589584
colosseum,265,spc_hop,-187.32297549998341,581.38,,,d3-c1-n0.05-m15,3,1,0.05,15,,-7.936608250589584
colosseum,265,spc_diffusion_t5,307.74843497546055,432.68,,,d3-c1-n0.05-m15,3,1,0.05,15,,-7.936608250589584
colosseum,265,laziness_knn_t5,-4.652175426483154,0.17,,,d3-c1-n0.05-m15,3,1,0.05,15,,-7.936608250589584
colosseum,265,laziness_adaptive_t5,-4.591482162475586,0.32,,,d3-c1-n0.05-m15,3,1,0.05,15,,-7.936608250589584
colosseum,265,successor_entropy,,0.0,0.0,diffusion_curvature.successor.train.FBTrainer() got multiple values for keyword argument 'batch_size',d3-c1-n0.05-m15,3,1,0.05,15,,-7.936608250589584
colosseum,265,successor_orc,,0.0,0.0,diffusion_curvature.successor.train.FBTrainer() got multiple values for keyword argument 'batch_size',d3-c1-n0.05-m15,3,1,0.05,15,,-7.936608250589584
colosseum,273,dc2,-0.12183809280395508,4.14,,,d3-c1-n0.05-m23,3,1,0.05,23,,-0.13179740487156977
colosseum,273,dc_wasserstein_ollivier,-0.7552976608276367,6.46,,,d3-c1-n0.05-m23,3,1,0.05,23,,-0.13179740487156977
colosseum,273,dc_entropic_subtraction,0.5008583068847656,2.12,,,d3-c1-n0.05-m23,3,1,0.05,23,,-0.13179740487156977
colosseum,273,hickock,5.465407320956167,23.33,,,d3-c1-n0.05-m23,3,1,0.05,23,,-0.13179740487156977
colosseum,273,orc,-0.14675404516479457,5.63,,,d3-c1-n0.05-m23,3,1,0.05,23,,-0.13179740487156977
colosseum,273,spc_hop,16.629526339190495,566.4,,,d3-c1-n0.05-m23,3,1,0.05,23,,-0.13179740487156977
colosseum,273,spc_diffusion_t5,-72.00086721911742,486.55,,,d3-c1-n0.05-m23,3,1,0.05,23,,-0.13179740487156977
colosseum,273,laziness_knn_t5,-5.0753326416015625,0.1,,,d3-c1-n0.05-m23,3,1,0.05,23,,-0.13179740487156977
colosseum,273,laziness_adaptive_t5,-4.989232063293457,0.58,,,d3-c1-n0.05-m23,3,1,0.05,23,,-0.13179740487156977
colosseum,273,successor_entropy,,0.0,0.0,diffusion_curvature.successor.train.FBTrainer() got multiple values for keyword argument 'batch_size',d3-c1-n0.05-m23,3,1,0.05,23,,-0.13179740487156977
colosseum,273,successor_orc,,0.0,0.0,diffusion_curvature.successor.train.FBTrainer() got multiple values for keyword argument 'batch_size',d3-c1-n0.05-m23,3,1,0.05,23,,-0.13179740487156977
colosseum,281,dc2,-0.11132240295410156,5.06,,,d3-c1-n0.05-m31,3,1,0.05,31,,-0.09262660101888054
colosseum,281,dc_wasserstein_ollivier,-0.797041654586792,8.83,,,d3-c1-n0.05-m31,3,1,0.05,31,,-0.09262660101888054
colosseum,281,dc_entropic_subtraction,0.6267108917236328,3.62,,,d3-c1-n0.05-m31,3,1,0.05,31,,-0.09262660101888054
colosseum,281,hickock,5.657432753631411,23.01,,,d3-c1-n0.05-m31,3,1,0.05,31,,-0.09262660101888054
colosseum,281,orc,-0.14893013882287043,3.74,,,d3-c1-n0.05-m31,3,1,0.05,31,,-0.09262660101888054
colosseum,281,spc_hop,127.49298173762287,445.23,,,d3-c1-n0.05-m31,3,1,0.05,31,,-0.09262660101888054
colosseum,281,spc_diffusion_t5,-158.71248486182054,557.27,,,d3-c1-n0.05-m31,3,1,0.05,31,,-0.09262660101888054
colosseum,281,laziness_knn_t5,-5.078075885772705,0.2,,,d3-c1-n0.05-m31,3,1,0.05,31,,-0.09262660101888054
colosseum,281,laziness_adaptive_t5,-4.973429203033447,2.14,,,d3-c1-n0.05-m31,3,1,0.05,31,,-0.09262660101888054
colosseum,281,successor_entropy,,0.0,0.0,diffusion_curvature.successor.train.FBTrainer() got multiple values for keyword argument 'batch_size',d3-c1-n0.05-m31,3,1,0.05,31,,-0.09262660101888054
colosseum,281,successor_orc,,0.0,0.0,diffusion_curvature.successor.train.FBTrainer() got multiple values for keyword argument 'batch_size',d3-c1-n0.05-m31,3,1,0.05,31,,-0.09262660101888054
colosseum,289,dc2,-0.556035041809082,5.58,,,d3-c1-n0.05-m39,3,1,0.05,39,,-1.4975785603351555
colosseum,289,dc_wasserstein_ollivier,-0.5972927808761597,10.21,,,d3-c1-n0.05-m39,3,1,0.05,39,,-1.4975785603351555
colosseum,289,dc_entropic_subtraction,0.2885723114013672,2.98,,,d3-c1-n0.05-m39,3,1,0.05,39,,-1.4975785603351555
colosseum,289,hickock,4.367187103702504,26.3,,,d3-c1-n0.05-m39,3,1,0.05,39,,-1.4975785603351555
colosseum,289,orc,-0.10127017424965137,4.19,,,d3-c1-n0.05-m39,3,1,0.05,39,,-1.4975785603351555
colosseum,289,spc_hop,-35.69512015983028,684.53,,,d3-c1-n0.05-m39,3,1,0.05,39,,-1.4975785603351555
colosseum,289,spc_diffusion_t5,-19.100193013702572,518.0,,,d3-c1-n0.05-m39,3,1,0.05,39,,-1.4975785603351555
colosseum,289,laziness_knn_t5,-5.073821067810059,0.11,,,d3-c1-n0.05-m39,3,1,0.05,39,,-1.4975785603351555
colosseum,289,laziness_adaptive_t5,-5.031235694885254,0.36,,,d3-c1-n0.05-m39,3,1,0.05,39,,-1.4975785603351555
colosseum,289,successor_entropy,,0.0,0.0,diffusion_curvature.successor.train.FBTrainer() got multiple values for keyword argument 'batch_size',d3-c1-n0.05-m39,3,1,0.05,39,,-1.4975785603351555
colosseum,289,successor_orc,,0.0,0.0,diffusion_curvature.successor.train.FBTrainer() got multiple values for keyword argument 'batch_size',d3-c1-n0.05-m39,3,1,0.05,39,,-1.4975785603351555
colosseum,297,dc2,0.10966110229492188,9.53,,,d3-c1-n0.05-m47,3,1,0.05,47,,-7.887912549099182
colosseum,297,dc_wasserstein_ollivier,-0.7360388040542603,15.62,,,d3-c1-n0.05-m47,3,1,0.05,47,,-7.887912549099182
colosseum,297,dc_entropic_subtraction,0.25136470794677734,4.01,,,d3-c1-n0.05-m47,3,1,0.05,47,,-7.887912549099182
colosseum,297,hickock,4.950257819903895,23.77,,,d3-c1-n0.05-m47,3,1,0.05,47,,-7.887912549099182
colosseum,297,orc,-0.12720233127166578,3.51,,,d3-c1-n0.05-m47,3,1,0.05,47,,-7.887912549099182
colosseum,297,spc_hop,43.86759245915056,856.01,,,d3-c1-n0.05-m47,3,1,0.05,47,,-7.887912549099182
colosseum,297,spc_diffusion_t5,19.399377654473945,478.9,,,d3-c1-n0.05-m47,3,1,0.05,47,,-7.887912549099182
colosseum,297,laziness_knn_t5,-4.881540298461914,0.17,,,d3-c1-n0.05-m47,3,1,0.05,47,,-7.887912549099182
colosseum,297,laziness_adaptive_t5,-4.773800373077393,0.32,,,d3-c1-n0.05-m47,3,1,0.05,47,,-7.887912549099182
colosseum,297,successor_entropy,,0.0,0.0,diffusion_curvature.successor.train.FBTrainer() got multiple values for keyword argument 'batch_size',d3-c1-n0.05-m47,3,1,0.05,47,,-7.887912549099182
colosseum,297,successor_orc,,0.0,0.0,diffusion_curvature.successor.train.FBTrainer() got multiple values for keyword argument 'batch_size',d3-c1-n0.05-m47,3,1,0.05,47,,-7.887912549099182
colosseum,305,dc2,-0.5936226844787598,4.66,,,d3-c1-n0.1-m5,3,1,0.1,5,,-12.406588488600455
colosseum,305,dc_wasserstein_ollivier,-0.7879304885864258,5.24,,,d3-c1-n0.1-m5,3,1,0.1,5,,-12.406588488600455
colosseum,305,dc_entropic_subtraction,0.1809978485107422,2.71,,,d3-c1-n0.1-m5,3,1,0.1,5,,-12.406588488600455
colosseum,305,hickock,1.7328247044536258,26.42,,,d3-c1-n0.1-m5,3,1,0.1,5,,-12.406588488600455
colosseum,305,orc,0.014424326440752946,4.35,,,d3-c1-n0.1-m5,3,1,0.1,5,,-12.406588488600455
colosseum,305,spc_hop,190.00550208223893,658.0,,,d3-c1-n0.1-m5,3,1,0.1,5,,-12.406588488600455
colosseum,305,spc_diffusion_t5,-20.3278565183019,430.07,,,d3-c1-n0.1-m5,3,1,0.1,5,,-12.406588488600455
colosseum,305,laziness_knn_t5,-5.084168434143066,0.09,,,d3-c1-n0.1-m5,3,1,0.1,5,,-12.406588488600455
colosseum,305,laziness_adaptive_t5,-5.036498069763184,0.25,,,d3-c1-n0.1-m5,3,1,0.1,5,,-12.406588488600455
colosseum,305,successor_entropy,,0.0,0.0,diffusion_curvature.successor.train.FBTrainer() got multiple values for keyword argument 'batch_size',d3-c1-n0.1-m5,3,1,0.1,5,,-12.406588488600455
colosseum,305,successor_orc,,0.0,0.0,diffusion_curvature.successor.train.FBTrainer() got multiple values for keyword argument 'batch_size',d3-c1-n0.1-m5,3,1,0.1,5,,-12.406588488600455
colosseum,313,dc2,-1.644911766052246,21.22,,,d3-c1-n0.1-m13,3,1,0.1,13,,-2.0374096024023296
colosseum,313,dc_wasserstein_ollivier,-0.5797767639160156,6.63,,,d3-c1-n0.1-m13,3,1,0.1,13,,-2.0374096024023296
colosseum,313,dc_entropic_subtraction,0.18075180053710938,6.1,,,d3-c1-n0.1-m13,3,1,0.1,13,,-2.0374096024023296
colosseum,313,hickock,2.2819475544855625,26.17,,,d3-c1-n0.1-m13,3,1,0.1,13,,-2.0374096024023296
colosseum,313,orc,-0.11644274040033827,3.95,,,d3-c1-n0.1-m13,3,1,0.1,13,,-2.0374096024023296
colosseum,313,spc_hop,-493.2871545609154,557.09,,,d3-c1-n0.1-m13,3,1,0.1,13,,-2.0374096024023296
colosseum,313,spc_diffusion_t5,16.461539803355365,512.28,,,d3-c1-n0.1-m13,3,1,0.1,13,,-2.0374096024023296
colosseum,313,laziness_knn_t5,-5.191194534301758,0.12,,,d3-c1-n0.1-m13,3,1,0.1,13,,-2.0374096024023296
colosseum,313,laziness_adaptive_t5,-5.13188362121582,0.38,,,d3-c1-n0.1-m13,3,1,0.1,13,,-2.0374096024023296
colosseum,313,successor_entropy,,0.0,0.0,diffusion_curvature.successor.train.FBTrainer() got multiple values for keyword argument 'batch_size',d3-c1-n0.1-m13,3,1,0.1,13,,-2.0374096024023296
colosseum,313,successor_orc,,0.0,0.0,diffusion_curvature.successor.train.FBTrainer() got multiple values for keyword argument 'batch_size',d3-c1-n0.1-m13,3,1,0.1,13,,-2.0374096024023296
colosseum,321,dc2,-0.5394465923309326,20.61,,,d3-c1-n0.1-m21,3,1,0.1,21,,4.431616599014136
colosseum,321,dc_wasserstein_ollivier,-0.6458975076675415,11.18,,,d3-c1-n0.1-m21,3,1,0.1,21,,4.431616599014136
colosseum,321,dc_entropic_subtraction,0.2846975326538086,2.89,,,d3-c1-n0.1-m21,3,1,0.1,21,,4.431616599014136
colosseum,321,hickock,2.632870042387165,24.67,,,d3-c1-n0.1-m21,3,1,0.1,21,,4.431616599014136
colosseum,321,orc,-0.047945950732589664,4.31,,,d3-c1-n0.1-m21,3,1,0.1,21,,4.431616599014136
colosseum,321,spc_hop,-268.91079504658416,923.9,,,d3-c1-n0.1-m21,3,1,0.1,21,,4.431616599014136
colosseum,321,spc_diffusion_t5,9.220979708757005,399.76,,,d3-c1-n0.1-m21,3,1,0.1,21,,4.431616599014136
colosseum,321,laziness_knn_t5,-4.927870273590088,0.13,,,d3-c1-n0.1-m21,3,1,0.1,21,,4.431616599014136
colosseum,321,laziness_adaptive_t5,-4.812582015991211,1.08,,,d3-c1-n0.1-m21,3,1,0.1,21,,4.431616599014136
colosseum,321,successor_entropy,,0.0,0.0,diffusion_curvature.successor.train.FBTrainer() got multiple values for keyword argument 'batch_size',d3-c1-n0.1-m21,3,1,0.1,21,,4.431616599014136
colosseum,321,successor_orc,,0.0,0.0,diffusion_curvature.successor.train.FBTrainer() got multiple values for keyword argument 'batch_size',d3-c1-n0.1-m21,3,1,0.1,21,,4.431616599014136
colosseum,329,dc2,-0.37275123596191406,12.89,,,d3-c1-n0.1-m29,3,1,0.1,29,,-27.89165817102571
colosseum,329,dc_wasserstein_ollivier,-1.058530569076538,12.62,,,d3-c1-n0.1-m29,3,1,0.1,29,,-27.89165817102571
colosseum,329,dc_entropic_subtraction,0.3033294677734375,3.08,,,d3-c1-n0.1-m29,3,1,0.1,29,,-27.89165817102571
colosseum,329,hickock,2.009991848088727,26.87,,,d3-c1-n0.1-m29,3,1,0.1,29,,-27.89165817102571
colosseum,329,orc,0.021617580451193854,4.01,,,d3-c1-n0.1-m29,3,1,0.1,29,,-27.89165817102571
colosseum,329,spc_hop,-1124.0564926298784,699.02,,,d3-c1-n0.1-m29,3,1,0.1,29,,-27.89165817102571
colosseum,329,spc_diffusion_t5,119.17149557029965,497.67,,,d3-c1-n0.1-m29,3,1,0.1,29,,-27.89165817102571
colosseum,329,laziness_knn_t5,-5.017071723937988,0.25,,,d3-c1-n0.1-m29,3,1,0.1,29,,-27.89165817102571
colosseum,329,laziness_adaptive_t5,-4.985950469970703,2.48,,,d3-c1-n0.1-m29,3,1,0.1,29,,-27.89165817102571
colosseum,329,successor_entropy,,0.0,0.0,diffusion_curvature.successor.train.FBTrainer() got multiple values for keyword argument 'batch_size',d3-c1-n0.1-m29,3,1,0.1,29,,-27.89165817102571
colosseum,329,successor_orc,,0.0,0.0,diffusion_curvature.successor.train.FBTrainer() got multiple values for keyword argument 'batch_size',d3-c1-n0.1-m29,3,1,0.1,29,,-27.89165817102571
colosseum,337,dc2,-0.4386007785797119,6.06,,,d3-c1-n0.1-m37,3,1,0.1,37,,3.537238952878002
colosseum,337,dc_wasserstein_ollivier,-0.5349557399749756,8.53,,,d3-c1-n0.1-m37,3,1,0.1,37,,3.537238952878002
colosseum,337,dc_entropic_subtraction,0.48705482482910156,4.42,,,d3-c1-n0.1-m37,3,1,0.1,37,,3.537238952878002
colosseum,337,hickock,3.300186708035952,26.97,,,d3-c1-n0.1-m37,3,1,0.1,37,,3.537238952878002
colosseum,337,orc,-0.10045982205960051,3.7,,,d3-c1-n0.1-m37,3,1,0.1,37,,3.537238952878002
colosseum,337,spc_hop,-676.2311095479821,538.12,,,d3-c1-n0.1-m37,3,1,0.1,37,,3.537238952878002
colosseum,337,spc_diffusion_t5,-79.75383186771394,385.65,,,d3-c1-n0.1-m37,3,1,0.1,37,,3.537238952878002
colosseum,337,laziness_knn_t5,-4.965442657470703,0.61,,,d3-c1-n0.1-m37,3,1,0.1,37,,3.537238952878002
colosseum,337,laziness_adaptive_t5,-4.9324846267700195,1.49,,,d3-c1-n0.1-m37,3,1,0.1,37,,3.537238952878002
colosseum,337,successor_entropy,,0.0,0.0,diffusion_curvature.successor.train.FBTrainer() got multiple values for keyword argument 'batch_size',d3-c1-n0.1-m37,3,1,0.1,37,,3.537238952878002
colosseum,337,successor_orc,,0.0,0.0,diffusion_curvature.successor.train.FBTrainer() got multiple values for keyword argument 'batch_size',d3-c1-n0.1-m37,3,1,0.1,37,,3.537238952878002
colosseum,345,dc2,-0.5613529682159424,111.72,,,d3-c1-n0.1-m45,3,1,0.1,45,,-2.5857979723849773
colosseum,345,dc_wasserstein_ollivier,-0.49105238914489746,22.19,,,d3-c1-n0.1-m45,3,1,0.1,45,,-2.5857979723849773
colosseum,345,dc_entropic_subtraction,0.1298675537109375,4.32,,,d3-c1-n0.1-m45,3,1,0.1,45,,-2.5857979723849773
colosseum,345,hickock,1.4614152651903347,29.99,,,d3-c1-n0.1-m45,3,1,0.1,45,,-2.5857979723849773
colosseum,345,orc,-0.006411620919339112,6.04,,,d3-c1-n0.1-m45,3,1,0.1,45,,-2.5857979723849773
colosseum,345,spc_hop,81.79628577854928,611.23,,,d3-c1-n0.1-m45,3,1,0.1,45,,-2.5857979723849773
colosseum,345,spc_diffusion_t5,46.49191463794816,526.03,,,d3-c1-n0.1-m45,3,1,0.1,45,,-2.5857979723849773
colosseum,345,laziness_knn_t5,-5.037881851196289,0.15,,,d3-c1-n0.1-m45,3,1,0.1,45,,-2.5857979723849773
colosseum,345,laziness_adaptive_t5,-4.987962245941162,0.26,,,d3-c1-n0.1-m45,3,1,0.1,45,,-2.5857979723849773
colosseum,345,successor_entropy,,0.0,0.0,diffusion_curvature.successor.train.FBTrainer() got multiple values for keyword argument 'batch_size',d3-c1-n0.1-m45,3,1,0.1,45,,-2.5857979723849773
colosseum,345,successor_orc,,0.0,0.0,diffusion_curvature.successor.train.FBTrainer() got multiple values for keyword argument 'batch_size',d3-c1-n0.1-m45,3,1,0.1,45,,-2.5857979723849773
colosseum,353,dc2,-1.375675916671753,5.3,,,d3-c1-n0.2-m3,3,1,0.2,3,,-1.8311704829637097
colosseum,353,dc_wasserstein_ollivier,-0.8807873725891113,10.03,,,d3-c1-n0.2-m3,3,1,0.2,3,,-1.8311704829637097
colosseum,353,dc_entropic_subtraction,0.27112388610839844,3.06,,,d3-c1-n0.2-m3,3,1,0.2,3,,-1.8311704829637097
colosseum,353,hickock,-1.1868802565528813,26.79,,,d3-c1-n0.2-m3,3,1,0.2,3,,-1.8311704829637097
colosseum,353,orc,-0.1340985647858451,4.75,,,d3-c1-n0.2-m3,3,1,0.2,3,,-1.8311704829637097
colosseum,353,spc_hop,160.44192728629557,531.2,,,d3-c1-n0.2-m3,3,1,0.2,3,,-1.8311704829637097
colosseum,353,spc_diffusion_t5,-25.301524665235856,610.09,,,d3-c1-n0.2-m3,3,1,0.2,3,,-1.8311704829637097
colosseum,353,laziness_knn_t5,-5.442590713500977,0.14,,,d3-c1-n0.2-m3,3,1,0.2,3,,-1.8311704829637097
colosseum,353,laziness_adaptive_t5,-5.412649154663086,0.32,,,d3-c1-n0.2-m3,3,1,0.2,3,,-1.8311704829637097
colosseum,353,successor_entropy,,0.0,0.0,diffusion_curvature.successor.train.FBTrainer() got multiple values for keyword argument 'batch_size',d3-c1-n0.2-m3,3,1,0.2,3,,-1.8311704829637097
colosseum,353,successor_orc,,0.0,0.0,diffusion_curvature.successor.train.FBTrainer() got multiple values for keyword argument 'batch_size',d3-c1-n0.2-m3,3,1,0.2,3,,-1.8311704829637097
colosseum,361,dc2,-1.161322832107544,6.05,,,d3-c1-n0.2-m11,3,1,0.2,11,,4.851373028832187
colosseum,361,dc_wasserstein_ollivier,-0.7797855138778687,8.05,,,d3-c1-n0.2-m11,3,1,0.2,11,,4.851373028832187
colosseum,361,dc_entropic_subtraction,0.6486010551452637,1.67,,,d3-c1-n0.2-m11,3,1,0.2,11,,4.851373028832187
colosseum,361,hickock,1.387646146454719,24.93,,,d3-c1-n0.2-m11,3,1,0.2,11,,4.851373028832187
colosseum,361,orc,-0.09035290512713548,4.76,,,d3-c1-n0.2-m11,3,1,0.2,11,,4.851373028832187
colosseum,361,spc_hop,-241.46005416244182,616.87,,,d3-c1-n0.2-m11,3,1,0.2,11,,4.851373028832187
colosseum,361,spc_diffusion_t5,94.21343838009489,648.11,,,d3-c1-n0.2-m11,3,1,0.2,11,,4.851373028832187
colosseum,361,laziness_knn_t5,-5.193470001220703,0.39,,,d3-c1-n0.2-m11,3,1,0.2,11,,4.851373028832187
colosseum,361,laziness_adaptive_t5,-5.131959915161133,0.34,,,d3-c1-n0.2-m11,3,1,0.2,11,,4.851373028832187
colosseum,361,successor_entropy,,0.0,0.0,diffusion_curvature.successor.train.FBTrainer() got multiple values for keyword argument 'batch_size',d3-c1-n0.2-m11,3,1,0.2,11,,4.851373028832187
colosseum,361,successor_orc,,0.0,0.0,diffusion_curvature.successor.train.FBTrainer() got multiple values for keyword argument 'batch_size',d3-c1-n0.2-m11,3,1,0.2,11,,4.851373028832187
colosseum,369,dc2,-1.432948350906372,6.5,,,d3-c1-n0.2-m19,3,1,0.2,19,,-16.255957944645363
colosseum,369,dc_wasserstein_ollivier,-0.7897980213165283,10.46,,,d3-c1-n0.2-m19,3,1,0.2,19,,-16.255957944645363
colosseum,369,dc_entropic_subtraction,0.7224254608154297,3.86,,,d3-c1-n0.2-m19,3,1,0.2,19,,-16.255957944645363
colosseum,369,hickock,1.854457398994186,24.14,,,d3-c1-n0.2-m19,3,1,0.2,19,,-16.255957944645363
colosseum,369,orc,-0.06804754526917095,3.59,,,d3-c1-n0.2-m19,3,1,0.2,19,,-16.255957944645363
colosseum,369,spc_hop,-32.86129870919158,929.17,,,d3-c1-n0.2-m19,3,1,0.2,19,,-16.255957944645363
colosseum,369,spc_diffusion_t5,-140.46155698366312,544.28,,,d3-c1-n0.2-m19,3,1,0.2,19,,-16.255957944645363
colosseum,369,laziness_knn_t5,-5.212920188903809,0.11,,,d3-c1-n0.2-m19,3,1,0.2,19,,-16.255957944645363
colosseum,369,laziness_adaptive_t5,-5.134496688842773,0.14,,,d3-c1-n0.2-m19,3,1,0.2,19,,-16.255957944645363
colosseum,369,successor_entropy,,0.0,0.0,diffusion_curvature.successor.train.FBTrainer() got multiple values for keyword argument 'batch_size',d3-c1-n0.2-m19,3,1,0.2,19,,-16.255957944645363
colosseum,369,successor_orc,,0.0,0.0,diffusion_curvature.successor.train.FBTrainer() got multiple values for keyword argument 'batch_size',d3-c1-n0.2-m19,3,1,0.2,19,,-16.255957944645363
colosseum,377,dc2,-1.3250384330749512,6.57,,,d3-c1-n0.2-m27,3,1,0.2,27,,16.805872330663227
colosseum,377,dc_wasserstein_ollivier,-0.6993752717971802,8.09,,,d3-c1-n0.2-m27,3,1,0.2,27,,16.805872330663227
colosseum,377,dc_entropic_subtraction,0.6241588592529297,1.96,,,d3-c1-n0.2-m27,3,1,0.2,27,,16.805872330663227
colosseum,377,hickock,2.4660525985858204,24.4,,,d3-c1-n0.2-m27,3,1,0.2,27,,16.805872330663227
colosseum,377,orc,0.03508616128094668,4.59,,,d3-c1-n0.2-m27,3,1,0.2,27,,16.805872330663227
colosseum,377,spc_hop,-98.30358312265962,1032.2,,,d3-c1-n0.2-m27,3,1,0.2,27,,16.805872330663227
colosseum,377,spc_diffusion_t5,385.69590091160995,505.08,,,d3-c1-n0.2-m27,3,1,0.2,27,,16.805872330663227
colosseum,377,laziness_knn_t5,-4.886401176452637,0.92,,,d3-c1-n0.2-m27,3,1,0.2,27,,16.805872330663227
colosseum,377,laziness_adaptive_t5,-4.879946708679199,0.26,,,d3-c1-n0.2-m27,3,1,0.2,27,,16.805872330663227
colosseum,377,successor_entropy,,0.0,0.0,diffusion_curvature.successor.train.FBTrainer() got multiple values for keyword argument 'batch_size',d3-c1-n0.2-m27,3,1,0.2,27,,16.805872330663227
colosseum,377,successor_orc,,0.0,0.0,diffusion_curvature.successor.train.FBTrainer() got multiple values for keyword argument 'batch_size',d3-c1-n0.2-m27,3,1,0.2,27,,16.805872330663227
colosseum,385,dc2,-1.4601390361785889,5.29,,,d3-c1-n0.2-m35,3,1,0.2,35,,-14.285340255647464
colosseum,385,dc_wasserstein_ollivier,-0.899914026260376,8.34,,,d3-c1-n0.2-m35,3,1,0.2,35,,-14.285340255647464
colosseum,385,dc_entropic_subtraction,0.28629302978515625,2.94,,,d3-c1-n0.2-m35,3,1,0.2,35,,-14.285340255647464
colosseum,385,hickock,-1.3940638104104126,24.55,,,d3-c1-n0.2-m35,3,1,0.2,35,,-14.285340255647464
colosseum,385,orc,-0.0958478336026077,3.21,,,d3-c1-n0.2-m35,3,1,0.2,35,,-14.285340255647464
colosseum,385,spc_hop,-987.7513242991497,503.28,,,d3-c1-n0.2-m35,3,1,0.2,35,,-14.285340255647464
colosseum,385,spc_diffusion_t5,-38.4753217350912,671.3,,,d3-c1-n0.2-m35,3,1,0.2,35,,-14.285340255647464
colosseum,385,laziness_knn_t5,-5.341203689575195,0.25,,,d3-c1-n0.2-m35,3,1,0.2,35,,-14.285340255647464
colosseum,385,laziness_adaptive_t5,-5.304694175720215,0.35,,,d3-c1-n0.2-m35,3,1,0.2,35,,-14.285340255647464
colosseum,385,successor_entropy,,0.0,0.0,diffusion_curvature.successor.train.FBTrainer() got multiple values for keyword argument 'batch_size',d3-c1-n0.2-m35,3,1,0.2,35,,-14.285340255647464
colosseum,385,successor_orc,,0.0,0.0,diffusion_curvature.successor.train.FBTrainer() got multiple values for keyword argument 'batch_size',d3-c1-n0.2-m35,3,1,0.2,35,,-14.285340255647464
colosseum,393,dc2,-0.1155640184879303,8.47,,,d3-c1-n0.2-m43,3,1,0.2,43,,7.193578407443247
colosseum,393,dc_wasserstein_ollivier,-0.4047049283981323,9.62,,,d3-c1-n0.2-m43,3,1,0.2,43,,7.193578407443247
colosseum,393,dc_entropic_subtraction,0.3249092102050781,4.14,,,d3-c1-n0.2-m43,3,1,0.2,43,,7.193578407443247
colosseum,393,hickock,4.005675812559188,25.11,,,d3-c1-n0.2-m43,3,1,0.2,43,,7.193578407443247
colosseum,393,orc,-0.010324492432308848,3.49,,,d3-c1-n0.2-m43,3,1,0.2,43,,7.193578407443247
colosseum,393,spc_hop,-1570.6011345020236,736.74,,,d3-c1-n0.2-m43,3,1,0.2,43,,7.193578407443247
colosseum,393,spc_diffusion_t5,-155.37894198816562,781.85,,,d3-c1-n0.2-m43,3,1,0.2,43,,7.193578407443247
colosseum,393,laziness_knn_t5,-5.5214738845825195,0.55,,,d3-c1-n0.2-m43,3,1,0.2,43,,7.193578407443247
colosseum,393,laziness_adaptive_t5,-5.508771896362305,0.37,,,d3-c1-n0.2-m43,3,1,0.2,43,,7.193578407443247
colosseum,393,successor_entropy,,0.0,0.0,diffusion_curvature.successor.train.FBTrainer() got multiple values for keyword argument 'batch_size',d3-c1-n0.2-m43,3,1,0.2,43,,7.193578407443247
colosseum,393,successor_orc,,0.0,0.0,diffusion_curvature.successor.train.FBTrainer() got multiple values for keyword argument 'batch_size',d3-c1-n0.2-m43,3,1,0.2,43,,7.193578407443247
colosseum,401,dc2,0.17120122909545898,6.17,,,d4-c1-n0.01-m1,4,1,0.01,1,,-26.83020369076067
colosseum,401,dc_wasserstein_ollivier,-0.8164554834365845,7.2,,,d4-c1-n0.01-m1,4,1,0.01,1,,-26.83020369076067
colosseum,401,dc_entropic_subtraction,0.7173986434936523,3.78,,,d4-c1-n0.01-m1,4,1,0.01,1,,-26.83020369076067
colosseum,401,hickock,11.802373577396562,25.48,,,d4-c1-n0.01-m1,4,1,0.01,1,,-26.83020369076067
colosseum,401,orc,-0.07744692852963614,4.19,,,d4-c1-n0.01-m1,4,1,0.01,1,,-26.83020369076067
colosseum,401,spc_hop,,0.0,,,d4-c1-n0.01-m1,4,1,0.01,1,,-26.83020369076067
colosseum,401,spc_diffusion_t5,,0.0,,,d4-c1-n0.01-m1,4,1,0.01,1,,-26.83020369076067
colosseum,401,laziness_knn_t5,-5.462337493896484,0.14,,,d4-c1-n0.01-m1,4,1,0.01,1,,-26.83020369076067
colosseum,401,laziness_adaptive_t5,-5.405376434326172,0.17,,,d4-c1-n0.01-m1,4,1,0.01,1,,-26.83020369076067
colosseum,401,successor_entropy,,0.0,0.0,diffusion_curvature.successor.train.FBTrainer() got multiple values for keyword argument 'batch_size',d4-c1-n0.01-m1,4,1,0.01,1,,-26.83020369076067
colosseum,401,successor_orc,,0.0,0.0,diffusion_curvature.successor.train.FBTrainer() got multiple values for keyword argument 'batch_size',d4-c1-n0.01-m1,4,1,0.01,1,,-26.83020369076067
colosseum,409,dc2,-0.2590484619140625,4.95,,,d4-c1-n0.01-m9,4,1,0.01,9,,12.244848959556883
colosseum,409,dc_wasserstein_ollivier,-0.5813671350479126,6.81,,,d4-c1-n0.01-m9,4,1,0.01,9,,12.244848959556883
colosseum,409,dc_entropic_subtraction,0.5746645927429199,3.49,,,d4-c1-n0.01-m9,4,1,0.01,9,,12.244848959556883
colosseum,409,hickock,11.787185583707325,39.08,,,d4-c1-n0.01-m9,4,1,0.01,9,,12.244848959556883
colosseum,409,orc,-0.22820210206734556,5.15,,,d4-c1-n0.01-m9,4,1,0.01,9,,12.244848959556883
colosseum,409,spc_hop,,0.0,,,d4-c1-n0.01-m9,4,1,0.01,9,,12.244848959556883
colosseum,409,spc_diffusion_t5,,0.0,,,d4-c1-n0.01-m9,4,1,0.01,9,,12.244848959556883
colosseum,409,laziness_knn_t5,-5.559416770935059,0.23,,,d4-c1-n0.01-m9,4,1,0.01,9,,12.244848959556883
colosseum,409,laziness_adaptive_t5,-5.498037338256836,0.3,,,d4-c1-n0.01-m9,4,1,0.01,9,,12.244848959556883
colosseum,409,successor_entropy,,0.0,0.0,diffusion_curvature.successor.train.FBTrainer() got multiple values for keyword argument 'batch_size',d4-c1-n0.01-m9,4,1,0.01,9,,12.244848959556883
colosseum,409,successor_orc,,0.0,0.0,diffusion_curvature.successor.train.FBTrainer() got multiple values for keyword argument 'batch_size',d4-c1-n0.01-m9,4,1,0.01,9,,12.244848959556883
colosseum,417,dc2,-0.06860971450805664,5.36,,,d4-c1-n0.01-m17,4,1,0.01,17,,18.323954277104132
colosseum,417,dc_wasserstein_ollivier,-0.6350905895233154,7.67,,,d4-c1-n0.01-m17,4,1,0.01,17,,18.323954277104132
colosseum,417,dc_entropic_subtraction,0.8707351684570312,3.56,,,d4-c1-n0.01-m17,4,1,0.01,17,,18.323954277104132
colosseum,417,hickock,12.188494187574708,38.89,,,d4-c1-n0.01-m17,4,1,0.01,17,,18.323954277104132
colosseum,417,orc,-0.16553575994120792,5.23,,,d4-c1-n0.01-m17,4,1,0.01,17,,18.323954277104132
colosseum,417,spc_hop,,0.0,,,d4-c1-n0.01-m17,4,1,0.01,17,,18.323954277104132
colosseum,417,spc_diffusion_t5,,0.0,,,d4-c1-n0.01-m17,4,1,0.01,17,,18.323954277104132
colosseum,417,laziness_knn_t5,-5.730558395385742,0.22,,,d4-c1-n0.01-m17,4,1,0.01,17,,18.323954277104132
colosseum,417,laziness_adaptive_t5,-5.67427921295166,0.33,,,d4-c1-n0.01-m17,4,1,0.01,17,,18.323954277104132
colosseum,417,successor_entropy,,0.0,0.0,diffusion_curvature.successor.train.FBTrainer() got multiple values for keyword argument 'batch_size',d4-c1-n0.01-m17,4,1,0.01,17,,18.323954277104132
colosseum,417,successor_orc,,0.0,0.0,diffusion_curvature.successor.train.FBTrainer() got multiple values for keyword argument 'batch_size',d4-c1-n0.01-m17,4,1,0.01,17,,18.323954277104132
colosseum,425,dc2,-0.45818185806274414,4.72,,,d4-c1-n0.01-m25,4,1,0.01,25,,4.987214663686315
colosseum,425,dc_wasserstein_ollivier,-0.6518683433532715,7.43,,,d4-c1-n0.01-m25,4,1,0.01,25,,4.987214663686315
colosseum,425,dc_entropic_subtraction,0.4914674758911133,3.58,,,d4-c1-n0.01-m25,4,1,0.01,25,,4.987214663686315
colosseum,425,hickock,11.60634522846973,40.48,,,d4-c1-n0.01-m25,4,1,0.01,25,,4.987214663686315
colosseum,425,orc,-0.12061615077416321,5.89,,,d4-c1-n0.01-m25,4,1,0.01,25,,4.987214663686315
colosseum,425,spc_hop,,0.0,,,d4-c1-n0.01-m25,4,1,0.01,25,,4.987214663686315
colosseum,425,spc_diffusion_t5,,0.0,,,d4-c1-n0.01-m25,4,1,0.01,25,,4.987214663686315
colosseum,425,laziness_knn_t5,-5.41951322555542,0.11,,,d4-c1-n0.01-m25,4,1,0.01,25,,4.987214663686315
colosseum,425,laziness_adaptive_t5,-5.427925109863281,0.29,,,d4-c1-n0.01-m25,4,1,0.01,25,,4.987214663686315
colosseum,425,successor_entropy,,0.0,0.0,diffusion_curvature.successor.train.FBTrainer() got multiple values for keyword argument 'batch_size',d4-c1-n0.01-m25,4,1,0.01,25,,4.987214663686315
colosseum,425,successor_orc,,0.0,0.0,diffusion_curvature.successor.train.FBTrainer() got multiple values for keyword argument 'batch_size',d4-c1-n0.01-m25,4,1,0.01,25,,4.987214663686315
colosseum,433,dc2,0.13213396072387695,4.91,,,d4-c1-n0.01-m33,4,1,0.01,33,,-1.2330741833160923
colosseum,433,dc_wasserstein_ollivier,-0.8192585706710815,7.41,,,d4-c1-n0.01-m33,4,1,0.01,33,,-1.2330741833160923
colosseum,433,dc_entropic_subtraction,0.5272402763366699,3.23,,,d4-c1-n0.01-m33,4,1,0.01,33,,-1.2330741833160923
colosseum,433,hickock,11.811717141328336,37.91,,,d4-c1-n0.01-m33,4,1,0.01,33,,-1.2330741833160923
colosseum,433,orc,-0.14537943540353934,4.25,,,d4-c1-n0.01-m33,4,1,0.01,33,,-1.2330741833160923
colosseum,433,spc_hop,,0.0,,,d4-c1-n0.01-m33,4,1,0.01,33,,-1.2330741833160923
colosseum,433,spc_diffusion_t5,,0.0,,,d4-c1-n0.01-m33,4,1,0.01,33,,-1.2330741833160923
colosseum,433,laziness_knn_t5,-5.769952774047852,0.23,,,d4-c1-n0.01-m33,4,1,0.01,33,,-1.2330741833160923
colosseum,433,laziness_adaptive_t5,-5.807741641998291,0.27,,,d4-c1-n0.01-m33,4,1,0.01,33,,-1.2330741833160923
colosseum,433,successor_entropy,,0.0,0.0,diffusion_curvature.successor.train.FBTrainer() got multiple values for keyword argument 'batch_size',d4-c1-n0.01-m33,4,1,0.01,33,,-1.2330741833160923
colosseum,433,successor_orc,,0.0,0.0,diffusion_curvature.successor.train.FBTrainer() got multiple values for keyword argument 'batch_size',d4-c1-n0.01-m33,4,1,0.01,33,,-1.2330741833160923
colosseum,441,dc2,0.11966609954833984,4.66,,,d4-c1-n0.01-m41,4,1,0.01,41,,2.5554091395412364
colosseum,441,dc_wasserstein_ollivier,-0.7524083852767944,8.47,,,d4-c1-n0.01-m41,4,1,0.01,41,,2.5554091395412364
colosseum,441,dc_entropic_subtraction,0.5517148971557617,4.25,,,d4-c1-n0.01-m41,4,1,0.01,41,,2.5554091395412364
colosseum,441,hickock,11.887391528650825,125.37,,,d4-c1-n0.01-m41,4,1,0.01,41,,2.5554091395412364
colosseum,441,orc,-0.10742560945196292,15.65,,,d4-c1-n0.01-m41,4,1,0.01,41,,2.5554091395412364
colosseum,441,spc_hop,,0.0,,,d4-c1-n0.01-m41,4,1,0.01,41,,2.5554091395412364
colosseum,441,spc_diffusion_t5,,0.0,,,d4-c1-n0.01-m41,4,1,0.01,41,,2.5554091395412364
colosseum,441,laziness_knn_t5,-5.589040756225586,0.28,,,d4-c1-n0.01-m41,4,1,0.01,41,,2.5554091395412364
colosseum,441,laziness_adaptive_t5,-5.543033599853516,1.62,,,d4-c1-n0.01-m41,4,1,0.01,41,,2.5554091395412364
colosseum,441,successor_entropy,,0.0,0.0,diffusion_curvature.successor.train.FBTrainer() got multiple values for keyword argument 'batch_size',d4-c1-n0.01-m41,4,1,0.01,41,,2.5554091395412364
colosseum,441,successor_orc,,0.0,0.0,diffusion_curvature.successor.train.FBTrainer() got multiple values for keyword argument 'batch_size',d4-c1-n0.01-m41,4,1,0.01,41,,2.5554091395412364
colosseum,449,dc2,-0.6514735221862793,14.17,,,d4-c1-n0.01-m49,4,1,0.01,49,,-4.779435833038269
colosseum,449,dc_wasserstein_ollivier,-0.7858244180679321,39.03,,,d4-c1-n0.01-m49,4,1,0.01,49,,-4.779435833038269
colosseum,449,dc_entropic_subtraction,0.716982364654541,6.11,,,d4-c1-n0.01-m49,4,1,0.01,49,,-4.779435833038269
colosseum,449,hickock,11.776692783640076,57.07,,,d4-c1-n0.01-m49,4,1,0.01,49,,-4.779435833038269
colosseum,449,orc,-0.022887277344285757,7.66,,,d4-c1-n0.01-m49,4,1,0.01,49,,-4.779435833038269
colosseum,449,spc_hop,,0.0,,,d4-c1-n0.01-m49,4,1,0.01,49,,-4.779435833038269
colosseum,449,spc_diffusion_t5,,0.0,,,d4-c1-n0.01-m49,4,1,0.01,49,,-4.779435833038269
colosseum,449,laziness_knn_t5,-5.214326858520508,0.26,,,d4-c1-n0.01-m49,4,1,0.01,49,,-4.779435833038269
colosseum,449,laziness_adaptive_t5,-5.127852439880371,0.55,,,d4-c1-n0.01-m49,4,1,0.01,49,,-4.779435833038269
colosseum,449,successor_entropy,,0.0,0.0,diffusion_curvature.successor.train.FBTrainer() got multiple values for keyword argument 'batch_size',d4-c1-n0.01-m49,4,1,0.01,49,,-4.779435833038269
colosseum,449,successor_orc,,0.0,0.0,diffusion_curvature.successor.train.FBTrainer() got multiple values for keyword argument 'batch_size',d4-c1-n0.01-m49,4,1,0.01,49,,-4.779435833038269
colosseum,457,dc2,-0.42569541931152344,17.65,,,d4-c1-n0.05-m7,4,1,0.05,7,,-25.812192668829894
colosseum,457,dc_wasserstein_ollivier,-0.9946253299713135,5.26,,,d4-c1-n0.05-m7,4,1,0.05,7,,-25.812192668829894
colosseum,457,dc_entropic_subtraction,0.5492062568664551,2.91,,,d4-c1-n0.05-m7,4,1,0.05,7,,-25.812192668829894
colosseum,457,hickock,11.574634942385524,55.48,,,d4-c1-n0.05-m7,4,1,0.05,7,,-25.812192668829894
colosseum,457,orc,-0.058367039202815475,9.74,,,d4-c1-n0.05-m7,4,1,0.05,7,,-25.812192668829894
colosseum,457,spc_hop,,0.0,,,d4-c1-n0.05-m7,4,1,0.05,7,,-25.812192668829894
colosseum,457,spc_diffusion_t5,,0.0,,,d4-c1-n0.05-m7,4,1,0.05,7,,-25.812192668829894
colosseum,457,laziness_knn_t5,-5.260739326477051,0.1,,,d4-c1-n0.05-m7,4,1,0.05,7,,-25.812192668829894
colosseum,457,laziness_adaptive_t5,-5.248848915100098,0.71,,,d4-c1-n0.05-m7,4,1,0.05,7,,-25.812192668829894
colosseum,457,successor_entropy,,0.0,0.0,diffusion_curvature.successor.train.FBTrainer() got multiple values for keyword argument 'batch_size',d4-c1-n0.05-m7,4,1,0.05,7,,-25.812192668829894
colosseum,457,successor_orc,,0.0,0.0,diffusion_curvature.successor.train.FBTrainer() got multiple values for keyword argument 'batch_size',d4-c1-n0.05-m7,4,1,0.05,7,,-25.812192668829894
colosseum,465,dc2,0.07320976257324219,24.89,,,d4-c1-n0.05-m15,4,1,0.05,15,,-17.781683353460963
colosseum,465,dc_wasserstein_ollivier,-0.8376790285110474,18.19,,,d4-c1-n0.05-m15,4,1,0.05,15,,-17.781683353460963
colosseum,465,dc_entropic_subtraction,0.5925865173339844,9.06,,,d4-c1-n0.05-m15,4,1,0.05,15,,-17.781683353460963
colosseum,465,hickock,11.738338996034885,56.85,,,d4-c1-n0.05-m15,4,1,0.05,15,,-17.781683353460963
colosseum,465,orc,-0.15402975391884483,5.17,,,d4-c1-n0.05-m15,4,1,0.05,15,,-17.781683353460963
colosseum,465,spc_hop,,0.0,,,d4-c1-n0.05-m15,4,1,0.05,15,,-17.781683353460963
colosseum,465,spc_diffusion_t5,,0.0,,,d4-c1-n0.05-m15,4,1,0.05,15,,-17.781683353460963
colosseum,465,laziness_knn_t5,-5.7543439865112305,0.19,,,d4-c1-n0.05-m15,4,1,0.05,15,,-17.781683353460963
colosseum,465,laziness_adaptive_t5,-5.7266764640808105,3.14,,,d4-c1-n0.05-m15,4,1,0.05,15,,-17.781683353460963
colosseum,465,successor_entropy,,0.0,0.0,diffusion_curvature.successor.train.FBTrainer() got multiple values for keyword argument 'batch_size',d4-c1-n0.05-m15,4,1,0.05,15,,-17.781683353460963
colosseum,465,successor_orc,,0.0,0.0,diffusion_curvature.successor.train.FBTrainer() got multiple values for keyword argument 'batch_size',d4-c1-n0.05-m15,4,1,0.05,15,,-17.781683353460963
colosseum,473,dc2,-0.4378342628479004,54.24,,,d4-c1-n0.05-m23,4,1,0.05,23,,-25.649961306353077
colosseum,473,dc_wasserstein_ollivier,-0.8683491945266724,95.08,,,d4-c1-n0.05-m23,4,1,0.05,23,,-25.649961306353077
colosseum,473,dc_entropic_subtraction,0.48989391326904297,12.81,,,d4-c1-n0.05-m23,4,1,0.05,23,,-25.649961306353077
colosseum,473,hickock,11.192473918174205,36.98,,,d4-c1-n0.05-m23,4,1,0.05,23,,-25.649961306353077
colosseum,473,orc,-0.08491816404632507,3.45,,,d4-c1-n0.05-m23,4,1,0.05,23,,-25.649961306353077
colosseum,473,spc_hop,,0.0,,,d4-c1-n0.05-m23,4,1,0.05,23,,-25.649961306353077
colosseum,473,spc_diffusion_t5,,0.0,,,d4-c1-n0.05-m23,4,1,0.05,23,,-25.649961306353077
colosseum,473,laziness_knn_t5,-5.656617641448975,0.12,,,d4-c1-n0.05-m23,4,1,0.05,23,,-25.649961306353077
colosseum,473,laziness_adaptive_t5,-5.6552276611328125,0.24,,,d4-c1-n0.05-m23,4,1,0.05,23,,-25.649961306353077
colosseum,473,successor_entropy,,0.0,0.0,diffusion_curvature.successor.train.FBTrainer() got multiple values for keyword argument 'batch_size',d4-c1-n0.05-m23,4,1,0.05,23,,-25.649961306353077
colosseum,473,successor_orc,,0.0,0.0,diffusion_curvature.successor.train.FBTrainer() got multiple values for keyword argument 'batch_size',d4-c1-n0.05-m23,4,1,0.05,23,,-25.649961306353077
colosseum,481,dc2,0.1361246109008789,3.32,,,d4-c1-n0.05-m31,4,1,0.05,31,,-33.276985681143294
colosseum,481,dc_wasserstein_ollivier,-0.8696922063827515,5.82,,,d4-c1-n0.05-m31,4,1,0.05,31,,-33.276985681143294
colosseum,481,dc_entropic_subtraction,0.8611912727355957,2.32,,,d4-c1-n0.05-m31,4,1,0.05,31,,-33.276985681143294
colosseum,481,hickock,12.216593983181369,31.89,,,d4-c1-n0.05-m31,4,1,0.05,31,,-33.276985681143294
colosseum,481,orc,-0.16277129730567666,3.16,,,d4-c1-n0.05-m31,4,1,0.05,31,,-33.276985681143294
colosseum,481,spc_hop,,0.0,,,d4-c1-n0.05-m31,4,1,0.05,31,,-33.276985681143294
colosseum,481,spc_diffusion_t5,,0.0,,,d4-c1-n0.05-m31,4,1,0.05,31,,-33.276985681143294
colosseum,481,laziness_knn_t5,-5.781210899353027,0.12,,,d4-c1-n0.05-m31,4,1,0.05,31,,-33.276985681143294
colosseum,481,laziness_adaptive_t5,-5.762087821960449,0.15,,,d4-c1-n0.05-m31,4,1,0.05,31,,-33.276985681143294
colosseum,481,successor_entropy,,0.0,0.0,diffusion_curvature.successor.train.FBTrainer() got multiple values for keyword argument 'batch_size',d4-c1-n0.05-m31,4,1,0.05,31,,-33.276985681143294
colosseum,481,successor_orc,,0.0,0.0,diffusion_curvature.successor.train.FBTrainer() got multiple values for keyword argument 'batch_size',d4-c1-n0.05-m31,4,1,0.05,31,,-33.276985681143294
colosseum,489,dc2,-0.2750997543334961,3.52,,,d4-c1-n0.05-m39,4,1,0.05,39,,-17.05543843905766
colosseum,489,dc_wasserstein_ollivier,-0.9176064729690552,8.96,,,d4-c1-n0.05-m39,4,1,0.05,39,,-17.05543843905766
colosseum,489,dc_entropic_subtraction,0.45961952209472656,2.77,,,d4-c1-n0.05-m39,4,1,0.05,39,,-17.05543843905766
colosseum,489,hickock,11.283018164430922,28.46,,,d4-c1-n0.05-m39,4,1,0.05,39,,-17.05543843905766
colosseum,489,orc,-0.17222209595913554,3.64,,,d4-c1-n0.05-m39,4,1,0.05,39,,-17.05543843905766
colosseum,489,spc_hop,,0.0,,,d4-c1-n0.05-m39,4,1,0.05,39,,-17.05543843905766
colosseum,489,spc_diffusion_t5,,0.0,,,d4-c1-n0.05-m39,4,1,0.05,39,,-17.05543843905766
colosseum,489,laziness_knn_t5,-5.822049617767334,0.1,,,d4-c1-n0.05-m39,4,1,0.05,39,,-17.05543843905766
colosseum,489,laziness_adaptive_t5,-5.772031784057617,0.2,,,d4-c1-n0.05-m39,4,1,0.05,39,,-17.05543843905766
colosseum,489,successor_entropy,,0.0,0.0,diffusion_curvature.successor.train.FBTrainer() got multiple values for keyword argument 'batch_size',d4-c1-n0.05-m39,4,1,0.05,39,,-17.05543843905766
colosseum,489,successor_orc,,0.0,0.0,diffusion_curvature.successor.train.FBTrainer() got multiple values for keyword argument 'batch_size',d4-c1-n0.05-m39,4,1,0.05,39,,-17.05543843905766
colosseum,497,dc2,-0.5864577293395996,5.35,,,d4-c1-n0.05-m47,4,1,0.05,47,,-7.902282736103006
colosseum,497,dc_wasserstein_ollivier,-0.8161170482635498,6.59,,,d4-c1-n0.05-m47,4,1,0.05,47,,-7.902282736103006
colosseum,497,dc_entropic_subtraction,0.42586803436279297,2.65,,,d4-c1-n0.05-m47,4,1,0.05,47,,-7.902282736103006
colosseum,497,hickock,11.008944835326327,29.91,,,d4-c1-n0.05-m47,4,1,0.05,47,,-7.902282736103006
colosseum,497,orc,-0.13096754002524852,4.61,,,d4-c1-n0.05-m47,4,1,0.05,47,,-7.902282736103006
colosseum,497,spc_hop,,0.0,,,d4-c1-n0.05-m47,4,1,0.05,47,,-7.902282736103006
colosseum,497,spc_diffusion_t5,,0.0,,,d4-c1-n0.05-m47,4,1,0.05,47,,-7.902282736103006
colosseum,497,laziness_knn_t5,-5.777178764343262,0.17,,,d4-c1-n0.05-m47,4,1,0.05,47,,-7.902282736103006
colosseum,497,laziness_adaptive_t5,-5.718290328979492,0.32,,,d4-c1-n0.05-m47,4,1,0.05,47,,-7.902282736103006
colosseum,497,successor_entropy,,0.0,0.0,diffusion_curvature.successor.train.FBTrainer() got multiple values for keyword argument 'batch_size',d4-c1-n0.05-m47,4,1,0.05,47,,-7.902282736103006
colosseum,497,successor_orc,,0.0,0.0,diffusion_curvature.successor.train.FBTrainer() got multiple values for keyword argument 'batch_size',d4-c1-n0.05-m47,4,1,0.05,47,,-7.902282736103006
colosseum,505,dc2,-0.5181660652160645,3.62,,,d4-c1-n0.1-m5,4,1,0.1,5,,-11.288262460113955
colosseum,505,dc_wasserstein_ollivier,-0.8863580226898193,4.88,,,d4-c1-n0.1-m5,4,1,0.1,5,,-11.288262460113955
colosseum,505,dc_entropic_subtraction,0.1517648696899414,1.94,,,d4-c1-n0.1-m5,4,1,0.1,5,,-11.288262460113955
colosseum,505,hickock,10.434736558160852,32.06,,,d4-c1-n0.1-m5,4,1,0.1,5,,-11.288262460113955
colosseum,505,orc,-0.22661325636179586,3.44,,,d4-c1-n0.1-m5,4,1,0.1,5,,-11.288262460113955
colosseum,505,spc_hop,,0.0,,,d4-c1-n0.1-m5,4,1,0.1,5,,-11.288262460113955
colosseum,505,spc_diffusion_t5,,0.0,,,d4-c1-n0.1-m5,4,1,0.1,5,,-11.288262460113955
colosseum,505,laziness_knn_t5,-5.91358757019043,0.14,,,d4-c1-n0.1-m5,4,1,0.1,5,,-11.288262460113955
colosseum,505,laziness_adaptive_t5,-5.887899398803711,0.33,,,d4-c1-n0.1-m5,4,1,0.1,5,,-11.288262460113955
colosseum,505,successor_entropy,,0.0,0.0,diffusion_curvature.successor.train.FBTrainer() got multiple values for keyword argument 'batch_size',d4-c1-n0.1-m5,4,1,0.1,5,,-11.288262460113955
colosseum,505,successor_orc,,0.0,0.0,diffusion_curvature.successor.train.FBTrainer() got multiple values for keyword argument 'batch_size',d4-c1-n0.1-m5,4,1,0.1,5,,-11.288262460113955
colosseum,513,dc2,-0.2541465759277344,3.16,,,d4-c1-n0.1-m13,4,1,0.1,13,,29.384418230640765
colosseum,513,dc_wasserstein_ollivier,-0.5549468994140625,6.31,,,d4-c1-n0.1-m13,4,1,0.1,13,,29.384418230640765
colosseum,513,dc_entropic_subtraction,1.1780118942260742,2.1,,,d4-c1-n0.1-m13,4,1,0.1,13,,29.384418230640765
colosseum,513,hickock,12.624100885482706,31.58,,,d4-c1-n0.1-m13,4,1,0.1,13,,29.384418230640765
colosseum,513,orc,-0.15590647632444923,2.95,,,d4-c1-n0.1-m13,4,1,0.1,13,,29.384418230640765
colosseum,513,spc_hop,,0.0,,,d4-c1-n0.1-m13,4,1,0.1,13,,29.384418230640765
colosseum,513,spc_diffusion_t5,,0.0,,,d4-c1-n0.1-m13,4,1,0.1,13,,29.384418230640765
colosseum,513,laziness_knn_t5,-5.673409938812256,0.1,,,d4-c1-n0.1-m13,4,1,0.1,13,,29.384418230640765
colosseum,513,laziness_adaptive_t5,-5.6652679443359375,0.17,,,d4-c1-n0.1-m13,4,1,0.1,13,,29.384418230640765
colosseum,513,successor_entropy,,0.0,0.0,diffusion_curvature.successor.train.FBTrainer() got multiple values for keyword argument 'batch_size',d4-c1-n0.1-m13,4,1,0.1,13,,29.384418230640765
colosseum,513,successor_orc,,0.0,0.0,diffusion_curvature.successor.train.FBTrainer() got multiple values for keyword argument 'batch_size',d4-c1-n0.1-m13,4,1,0.1,13,,29.384418230640765
colosseum,521,dc2,-1.2094244956970215,4.17,,,d4-c1-n0.1-m21,4,1,0.1,21,,-9.097456266691042
colosseum,521,dc_wasserstein_ollivier,-0.8398425579071045,7.72,,,d4-c1-n0.1-m21,4,1,0.1,21,,-9.097456266691042
colosseum,521,dc_entropic_subtraction,0.24787521362304688,2.81,,,d4-c1-n0.1-m21,4,1,0.1,21,,-9.097456266691042
colosseum,521,hickock,10.471995899278996,31.9,,,d4-c1-n0.1-m21,4,1,0.1,21,,-9.097456266691042
colosseum,521,orc,-0.1709588568380408,4.14,,,d4-c1-n0.1-m21,4,1,0.1,21,,-9.097456266691042
colosseum,521,spc_hop,,0.0,,,d4-c1-n0.1-m21,4,1,0.1,21,,-9.097456266691042
colosseum,521,spc_diffusion_t5,,0.0,,,d4-c1-n0.1-m21,4,1,0.1,21,,-9.097456266691042
colosseum,521,laziness_knn_t5,-5.782586574554443,0.13,,,d4-c1-n0.1-m21,4,1,0.1,21,,-9.097456266691042
colosseum,521,laziness_adaptive_t5,-5.715545654296875,0.29,,,d4-c1-n0.1-m21,4,1,0.1,21,,-9.097456266691042
colosseum,521,successor_entropy,,0.0,0.0,diffusion_curvature.successor.train.FBTrainer() got multiple values for keyword argument 'batch_size',d4-c1-n0.1-m21,4,1,0.1,21,,-9.097456266691042
colosseum,521,successor_orc,,0.0,0.0,diffusion_curvature.successor.train.FBTrainer() got multiple values for keyword argument 'batch_size',d4-c1-n0.1-m21,4,1,0.1,21,,-9.097456266691042
colosseum,529,dc2,-0.6624083518981934,3.2,,,d4-c1-n0.1-m29,4,1,0.1,29,,-72.37892271323128
colosseum,529,dc_wasserstein_ollivier,-1.0950777530670166,7.28,,,d4-c1-n0.1-m29,4,1,0.1,29,,-72.37892271323128
colosseum,529,dc_entropic_subtraction,0.6868729591369629,2.19,,,d4-c1-n0.1-m29,4,1,0.1,29,,-72.37892271323128
colosseum,529,hickock,11.60397335497572,30.82,,,d4-c1-n0.1-m29,4,1,0.1,29,,-72.37892271323128
colosseum,529,orc,-0.23416009007739916,3.08,,,d4-c1-n0.1-m29,4,1,0.1,29,,-72.37892271323128
colosseum,529,spc_hop,,0.0,,,d4-c1-n0.1-m29,4,1,0.1,29,,-72.37892271323128
colosseum,529,spc_diffusion_t5,,0.0,,,d4-c1-n0.1-m29,4,1,0.1,29,,-72.37892271323128
colosseum,529,laziness_knn_t5,-5.971220970153809,0.14,,,d4-c1-n0.1-m29,4,1,0.1,29,,-72.37892271323128
colosseum,529,laziness_adaptive_t5,-5.89968729019165,0.26,,,d4-c1-n0.1-m29,4,1,0.1,29,,-72.37892271323128
colosseum,529,successor_entropy,,0.0,0.0,diffusion_curvature.successor.train.FBTrainer() got multiple values for keyword argument 'batch_size',d4-c1-n0.1-m29,4,1,0.1,29,,-72.37892271323128
colosseum,529,successor_orc,,0.0,0.0,diffusion_curvature.successor.train.FBTrainer() got multiple values for keyword argument 'batch_size',d4-c1-n0.1-m29,4,1,0.1,29,,-72.37892271323128
colosseum,537,dc2,-0.5841183662414551,2.72,,,d4-c1-n0.1-m37,4,1,0.1,37,,-30.94407950674902
colosseum,537,dc_wasserstein_ollivier,-1.0719785690307617,7.06,,,d4-c1-n0.1-m37,4,1,0.1,37,,-30.94407950674902
colosseum,537,dc_entropic_subtraction,0.3766961097717285,2.15,,,d4-c1-n0.1-m37,4,1,0.1,37,,-30.94407950674902
colosseum,537,hickock,11.338735275958438,31.87,,,d4-c1-n0.1-m37,4,1,0.1,37,,-30.94407950674902
colosseum,537,orc,-0.19674057876568668,3.1,,,d4-c1-n0.1-m37,4,1,0.1,37,,-30.94407950674902
colosseum,537,spc_hop,,0.0,,,d4-c1-n0.1-m37,4,1,0.1,37,,-30.94407950674902
colosseum,537,spc_diffusion_t5,,0.0,,,d4-c1-n0.1-m37,4,1,0.1,37,,-30.94407950674902
colosseum,537,laziness_knn_t5,-6.081361770629883,0.11,,,d4-c1-n0.1-m37,4,1,0.1,37,,-30.94407950674902
colosseum,537,laziness_adaptive_t5,-6.042096138000488,0.2,,,d4-c1-n0.1-m37,4,1,0.1,37,,-30.94407950674902
colosseum,537,successor_entropy,,0.0,0.0,diffusion_curvature.successor.train.FBTrainer() got multiple values for keyword argument 'batch_size',d4-c1-n0.1-m37,4,1,0.1,37,,-30.94407950674902
colosseum,537,successor_orc,,0.0,0.0,diffusion_curvature.successor.train.FBTrainer() got multiple values for keyword argument 'batch_size',d4-c1-n0.1-m37,4,1,0.1,37,,-30.94407950674902
colosseum,545,dc2,-1.2153348922729492,4.09,,,d4-c1-n0.1-m45,4,1,0.1,45,,-18.691781308342897
colosseum,545,dc_wasserstein_ollivier,-0.8239825963973999,8.71,,,d4-c1-n0.1-m45,4,1,0.1,45,,-18.691781308342897
colosseum,545,dc_entropic_subtraction,0.7047066688537598,3.76,,,d4-c1-n0.1-m45,4,1,0.1,45,,-18.691781308342897
colosseum,545,hickock,11.346396014941247,27.56,,,d4-c1-n0.1-m45,4,1,0.1,45,,-18.691781308342897
colosseum,545,orc,-0.10965605355794032,4.59,,,d4-c1-n0.1-m45,4,1,0.1,45,,-18.691781308342897
colosseum,545,spc_hop,,0.0,,,d4-c1-n0.1-m45,4,1,0.1,45,,-18.691781308342897
colosseum,545,spc_diffusion_t5,,0.0,,,d4-c1-n0.1-m45,4,1,0.1,45,,-18.691781308342897
colosseum,545,laziness_knn_t5,-5.61700439453125,0.13,,,d4-c1-n0.1-m45,4,1,0.1,45,,-18.691781308342897
colosseum,545,laziness_adaptive_t5,-5.588129043579102,0.24,,,d4-c1-n0.1-m45,4,1,0.1,45,,-18.691781308342897
colosseum,545,successor_entropy,,0.0,0.0,diffusion_curvature.successor.train.FBTrainer() got multiple values for keyword argument 'batch_size',d4-c1-n0.1-m45,4,1,0.1,45,,-18.691781308342897
colosseum,545,successor_orc,,0.0,0.0,diffusion_curvature.successor.train.FBTrainer() got multiple values for keyword argument 'batch_size',d4-c1-n0.1-m45,4,1,0.1,45,,-18.691781308342897
colosseum,553,dc2,-0.33666038513183594,3.81,,,d4-c1-n0.2-m3,4,1,0.2,3,,50.16492141413936
colosseum,553,dc_wasserstein_ollivier,-0.4221920967102051,4.4,,,d4-c1-n0.2-m3,4,1,0.2,3,,50.16492141413936
colosseum,553,dc_entropic_subtraction,1.1805362701416016,2.88,,,d4-c1-n0.2-m3,4,1,0.2,3,,50.16492141413936
colosseum,553,hickock,13.083068364188527,33.26,,,d4-c1-n0.2-m3,4,1,0.2,3,,50.16492141413936
colosseum,553,orc,-0.13466620825501735,2.98,,,d4-c1-n0.2-m3,4,1,0.2,3,,50.16492141413936
colosseum,553,spc_hop,,0.0,,,d4-c1-n0.2-m3,4,1,0.2,3,,50.16492141413936
colosseum,553,spc_diffusion_t5,,0.0,,,d4-c1-n0.2-m3,4,1,0.2,3,,50.16492141413936
colosseum,553,laziness_knn_t5,-5.704179763793945,0.11,,,d4-c1-n0.2-m3,4,1,0.2,3,,50.16492141413936
colosseum,553,laziness_adaptive_t5,-5.6613264083862305,0.17,,,d4-c1-n0.2-m3,4,1,0.2,3,,50.16492141413936
colosseum,553,successor_entropy,,0.0,0.0,diffusion_curvature.successor.train.FBTrainer() got multiple values for keyword argument 'batch_size',d4-c1-n0.2-m3,4,1,0.2,3,,50.16492141413936
colosseum,553,successor_orc,,0.0,0.0,diffusion_curvature.successor.train.FBTrainer() got multiple values for keyword argument 'batch_size',d4-c1-n0.2-m3,4,1,0.2,3,,50.16492141413936
colosseum,561,dc2,-0.8873519897460938,2.46,,,d4-c1-n0.2-m11,4,1,0.2,11,,-7.220703832973628
colosseum,561,dc_wasserstein_ollivier,-0.7314082384109497,5.86,,,d4-c1-n0.2-m11,4,1,0.2,11,,-7.220703832973628
colosseum,561,dc_entropic_subtraction,1.0637588500976562,2.73,,,d4-c1-n0.2-m11,4,1,0.2,11,,-7.220703832973628
colosseum,561,hickock,12.336834684305721,30.14,,,d4-c1-n0.2-m11,4,1,0.2,11,,-7.220703832973628
colosseum,561,orc,-0.2775550388335472,2.95,,,d4-c1-n0.2-m11,4,1,0.2,11,,-7.220703832973628
colosseum,561,spc_hop,,0.0,,,d4-c1-n0.2-m11,4,1,0.2,11,,-7.220703832973628
colosseum,561,spc_diffusion_t5,,0.0,,,d4-c1-n0.2-m11,4,1,0.2,11,,-7.220703832973628
colosseum,561,laziness_knn_t5,-6.1271185874938965,0.1,,,d4-c1-n0.2-m11,4,1,0.2,11,,-7.220703832973628
colosseum,561,laziness_adaptive_t5,-6.094061851501465,0.17,,,d4-c1-n0.2-m11,4,1,0.2,11,,-7.220703832973628
colosseum,561,successor_entropy,,0.0,0.0,diffusion_curvature.successor.train.FBTrainer() got multiple values for keyword argument 'batch_size',d4-c1-n0.2-m11,4,1,0.2,11,,-7.220703832973628
colosseum,561,successor_orc,,0.0,0.0,diffusion_curvature.successor.train.FBTrainer() got multiple values for keyword argument 'batch_size',d4-c1-n0.2-m11,4,1,0.2,11,,-7.220703832973628
colosseum,569,dc2,-2.025376796722412,2.87,,,d4-c1-n0.2-m19,4,1,0.2,19,,-13.454775071420727
colosseum,569,dc_wasserstein_ollivier,-1.0421113967895508,4.27,,,d4-c1-n0.2-m19,4,1,0.2,19,,-13.454775071420727
colosseum,569,dc_entropic_subtraction,0.4162912368774414,3.24,,,d4-c1-n0.2-m19,4,1,0.2,19,,-13.454775071420727
colosseum,569,hickock,10.630967443695639,33.42,,,d4-c1-n0.2-m19,4,1,0.2,19,,-13.454775071420727
colosseum,569,orc,-0.15353643160542774,3.27,,,d4-c1-n0.2-m19,4,1,0.2,19,,-13.454775071420727
colosseum,569,spc_hop,,0.0,,,d4-c1-n0.2-m19,4,1,0.2,19,,-13.454775071420727
colosseum,569,spc_diffusion_t5,,0.0,,,d4-c1-n0.2-m19,4,1,0.2,19,,-13.454775071420727
colosseum,569,laziness_knn_t5,-5.643731117248535,0.1,,,d4-c1-n0.2-m19,4,1,0.2,19,,-13.454775071420727
colosseum,569,laziness_adaptive_t5,-5.588637828826904,0.19,,,d4-c1-n0.2-m19,4,1,0.2,19,,-13.454775071420727
colosseum,569,successor_entropy,,0.0,0.0,diffusion_curvature.successor.train.FBTrainer() got multiple values for keyword argument 'batch_size',d4-c1-n0.2-m19,4,1,0.2,19,,-13.454775071420727
colosseum,569,successor_orc,,0.0,0.0,diffusion_curvature.successor.train.FBTrainer() got multiple values for keyword argument 'batch_size',d4-c1-n0.2-m19,4,1,0.2,19,,-13.454775071420727
colosseum,577,dc2,-0.9391968250274658,2.47,,,d4-c1-n0.2-m27,4,1,0.2,27,,-33.33663781425561
colosseum,577,dc_wasserstein_ollivier,-0.680418848991394,4.68,,,d4-c1-n0.2-m27,4,1,0.2,27,,-33.33663781425561
colosseum,577,dc_entropic_subtraction,1.2713017463684082,2.08,,,d4-c1-n0.2-m27,4,1,0.2,27,,-33.33663781425561
colosseum,577,hickock,13.012116346147087,32.1,,,d4-c1-n0.2-m27,4,1,0.2,27,,-33.33663781425561
colosseum,577,orc,-0.16961422806940415,3.17,,,d4-c1-n0.2-m27,4,1,0.2,27,,-33.33663781425561
colosseum,577,spc_hop,,0.0,,,d4-c1-n0.2-m27,4,1,0.2,27,,-33.33663781425561
colosseum,577,spc_diffusion_t5,,0.0,,,d4-c1-n0.2-m27,4,1,0.2,27,,-33.33663781425561
colosseum,577,laziness_knn_t5,-5.847606182098389,0.09,,,d4-c1-n0.2-m27,4,1,0.2,27,,-33.33663781425561
colosseum,577,laziness_adaptive_t5,-5.798221588134766,0.19,,,d4-c1-n0.2-m27,4,1,0.2,27,,-33.33663781425561
colosseum,577,successor_entropy,,0.0,0.0,diffusion_curvature.successor.train.FBTrainer() got multiple values for keyword argument 'batch_size',d4-c1-n0.2-m27,4,1,0.2,27,,-33.33663781425561
colosseum,577,successor_orc,,0.0,0.0,diffusion_curvature.successor.train.FBTrainer() got multiple values for keyword argument 'batch_size',d4-c1-n0.2-m27,4,1,0.2,27,,-33.33663781425561
colosseum,585,dc2,-1.2303194999694824,3.28,,,d4-c1-n0.2-m35,4,1,0.2,35,,-14.959412972198768
colosseum,585,dc_wasserstein_ollivier,-1.0145423412322998,7.46,,,d4-c1-n0.2-m35,4,1,0.2,35,,-14.959412972198768
colosseum,585,dc_entropic_subtraction,0.62127685546875,2.78,,,d4-c1-n0.2-m35,4,1,0.2,35,,-14.959412972198768
colosseum,585,hickock,11.491909414830097,33.05,,,d4-c1-n0.2-m35,4,1,0.2,35,,-14.959412972198768
colosseum,585,orc,-0.15047505693980695,2.98,,,d4-c1-n0.2-m35,4,1,0.2,35,,-14.959412972198768
colosseum,585,spc_hop,,0.0,,,d4-c1-n0.2-m35,4,1,0.2,35,,-14.959412972198768
colosseum,585,spc_diffusion_t5,,0.0,,,d4-c1-n0.2-m35,4,1,0.2,35,,-14.959412972198768
colosseum,585,laziness_knn_t5,-5.821080207824707,0.13,,,d4-c1-n0.2-m35,4,1,0.2,35,,-14.959412972198768
colosseum,585,laziness_adaptive_t5,-5.772421836853027,0.17,,,d4-c1-n0.2-m35,4,1,0.2,35,,-14.959412972198768
colosseum,585,successor_entropy,,0.0,0.0,diffusion_curvature.successor.train.FBTrainer() got multiple values for keyword argument 'batch_size',d4-c1-n0.2-m35,4,1,0.2,35,,-14.959412972198768
colosseum,585,successor_orc,,0.0,0.0,diffusion_curvature.successor.train.FBTrainer() got multiple values for keyword argument 'batch_size',d4-c1-n0.2-m35,4,1,0.2,35,,-14.959412972198768
colosseum,593,dc2,-0.9970612525939941,2.75,,,d4-c1-n0.2-m43,4,1,0.2,43,,-54.33340889025536
colosseum,593,dc_wasserstein_ollivier,-0.7936849594116211,3.55,,,d4-c1-n0.2-m43,4,1,0.2,43,,-54.33340889025536
colosseum,593,dc_entropic_subtraction,1.0545034408569336,3.3,,,d4-c1-n0.2-m43,4,1,0.2,43,,-54.33340889025536
colosseum,593,hickock,12.038749462759597,30.81,,,d4-c1-n0.2-m43,4,1,0.2,43,,-54.33340889025536
colosseum,593,orc,-0.17998164252667315,2.93,,,d4-c1-n0.2-m43,4,1,0.2,43,,-54.33340889025536
colosseum,593,spc_hop,,0.0,,,d4-c1-n0.2-m43,4,1,0.2,43,,-54.33340889025536
colosseum,593,spc_diffusion_t5,,0.0,,,d4-c1-n0.2-m43,4,1,0.2,43,,-54.33340889025536
colosseum,593,laziness_knn_t5,-5.770542144775391,0.09,,,d4-c1-n0.2-m43,4,1,0.2,43,,-54.33340889025536
colosseum,593,laziness_adaptive_t5,-5.702282905578613,0.18,,,d4-c1-n0.2-m43,4,1,0.2,43,,-54.33340889025536
colosseum,593,successor_entropy,,0.0,0.0,diffusion_curvature.successor.train.FBTrainer() got multiple values for keyword argument 'batch_size',d4-c1-n0.2-m43,4,1,0.2,43,,-54.33340889025536
colosseum,593,successor_orc,,0.0,0.0,diffusion_curvature.successor.train.FBTrainer() got multiple values for keyword argument 'batch_size',d4-c1-n0.2-m43,4,1,0.2,43,,-54.33340889025536
colosseum,601,dc2,0.0889129638671875,3.8,,,d5-c1-n0.01-m1,5,1,0.01,1,,-25.083505975685252
colosseum,601,dc_wasserstein_ollivier,-0.295979380607605,7.01,,,d5-c1-n0.01-m1,5,1,0.01,1,,-25.083505975685252
colosseum,601,dc_entropic_subtraction,1.4855518341064453,3.03,,,d5-c1-n0.01-m1,5,1,0.01,1,,-25.083505975685252
colosseum,601,hickock,17.108146536398664,33.19,,,d5-c1-n0.01-m1,5,1,0.01,1,,-25.083505975685252
colosseum,601,orc,-0.28399762475004914,3.28,,,d5-c1-n0.01-m1,5,1,0.01,1,,-25.083505975685252
colosseum,601,spc_hop,,0.0,,,d5-c1-n0.01-m1,5,1,0.01,1,,-25.083505975685252
colosseum,601,spc_diffusion_t5,,0.0,,,d5-c1-n0.01-m1,5,1,0.01,1,,-25.083505975685252
colosseum,601,laziness_knn_t5,-6.368939399719238,0.16,,,d5-c1-n0.01-m1,5,1,0.01,1,,-25.083505975685252
colosseum,601,laziness_adaptive_t5,-6.321589946746826,0.26,,,d5-c1-n0.01-m1,5,1,0.01,1,,-25.083505975685252
colosseum,601,successor_entropy,,0.0,0.0,diffusion_curvature.successor.train.FBTrainer() got multiple values for keyword argument 'batch_size',d5-c1-n0.01-m1,5,1,0.01,1,,-25.083505975685252
colosseum,601,successor_orc,,0.0,0.0,diffusion_curvature.successor.train.FBTrainer() got multiple values for keyword argument 'batch_size',d5-c1-n0.01-m1,5,1,0.01,1,,-25.083505975685252
colosseum,609,dc2,0.09544944763183594,3.82,,,d5-c1-n0.01-m9,5,1,0.01,9,,-26.00332030265333
colosseum,609,dc_wasserstein_ollivier,-0.6166805028915405,4.27,,,d5-c1-n0.01-m9,5,1,0.01,9,,-26.00332030265333
colosseum,609,dc_entropic_subtraction,0.6626291275024414,2.16,,,d5-c1-n0.01-m9,5,1,0.01,9,,-26.00332030265333
colosseum,609,hickock,16.530829252301107,29.94,,,d5-c1-n0.01-m9,5,1,0.01,9,,-26.00332030265333
colosseum,609,orc,-0.22181672107703676,3.54,,,d5-c1-n0.01-m9,5,1,0.01,9,,-26.00332030265333
colosseum,609,spc_hop,,0.0,,,d5-c1-n0.01-m9,5,1,0.01,9,,-26.00332030265333
colosseum,609,spc_diffusion_t5,,0.0,,,d5-c1-n0.01-m9,5,1,0.01,9,,-26.00332030265333
colosseum,609,laziness_knn_t5,-6.240401268005371,0.23,,,d5-c1-n0.01-m9,5,1,0.01,9,,-26.00332030265333
colosseum,609,laziness_adaptive_t5,-6.228002071380615,0.24,,,d5-c1-n0.01-m9,5,1,0.01,9,,-26.00332030265333
colosseum,609,successor_entropy,,0.0,0.0,diffusion_curvature.successor.train.FBTrainer() got multiple values for keyword argument 'batch_size',d5-c1-n0.01-m9,5,1,0.01,9,,-26.00332030265333
colosseum,609,successor_orc,,0.0,0.0,diffusion_curvature.successor.train.FBTrainer() got multiple values for keyword argument 'batch_size',d5-c1-n0.01-m9,5,1,0.01,9,,-26.00332030265333
colosseum,617,dc2,0.21556901931762695,4.46,,,d5-c1-n0.01-m17,5,1,0.01,17,,-3.2437989823877587
colosseum,617,dc_wasserstein_ollivier,-0.10312271118164062,6.84,,,d5-c1-n0.01-m17,5,1,0.01,17,,-3.2437989823877587
colosseum,617,dc_entropic_subtraction,1.9107909202575684,3.54,,,d5-c1-n0.01-m17,5,1,0.01,17,,-3.2437989823877587
colosseum,617,hickock,17.412448648207874,28.82,,,d5-c1-n0.01-m17,5,1,0.01,17,,-3.2437989823877587
colosseum,617,orc,-0.21850281072758693,3.58,,,d5-c1-n0.01-m17,5,1,0.01,17,,-3.2437989823877587
colosseum,617,spc_hop,,0.0,,,d5-c1-n0.01-m17,5,1,0.01,17,,-3.2437989823877587
colosseum,617,spc_diffusion_t5,,0.0,,,d5-c1-n0.01-m17,5,1,0.01,17,,-3.2437989823877587
colosseum,617,laziness_knn_t5,-6.160817623138428,0.15,,,d5-c1-n0.01-m17,5,1,0.01,17,,-3.2437989823877587
colosseum,617,laziness_adaptive_t5,-6.136234283447266,0.38,,,d5-c1-n0.01-m17,5,1,0.01,17,,-3.2437989823877587
colosseum,617,successor_entropy,,0.0,0.0,diffusion_curvature.successor.train.FBTrainer() got multiple values for keyword argument 'batch_size',d5-c1-n0.01-m17,5,1,0.01,17,,-3.2437989823877587
colosseum,617,successor_orc,,0.0,0.0,diffusion_curvature.successor.train.FBTrainer() got multiple values for keyword argument 'batch_size',d5-c1-n0.01-m17,5,1,0.01,17,,-3.2437989823877587
colosseum,625,dc2,-0.32378578186035156,3.86,,,d5-c1-n0.01-m25,5,1,0.01,25,,-34.26750683332171
colosseum,625,dc_wasserstein_ollivier,-0.08880805969238281,4.27,,,d5-c1-n0.01-m25,5,1,0.01,25,,-34.26750683332171
colosseum,625,dc_entropic_subtraction,1.7173309326171875,2.33,,,d5-c1-n0.01-m25,5,1,0.01,25,,-34.26750683332171
colosseum,625,hickock,16.70427079157692,30.64,,,d5-c1-n0.01-m25,5,1,0.01,25,,-34.26750683332171
colosseum,625,orc,-0.2336424689369487,3.3,,,d5-c1-n0.01-m25,5,1,0.01,25,,-34.26750683332171
colosseum,625,spc_hop,,0.0,,,d5-c1-n0.01-m25,5,1,0.01,25,,-34.26750683332171
colosseum,625,spc_diffusion_t5,,0.0,,,d5-c1-n0.01-m25,5,1,0.01,25,,-34.26750683332171
colosseum,625,laziness_knn_t5,-5.8469462394714355,0.12,,,d5-c1-n0.01-m25,5,1,0.01,25,,-34.26750683332171
colosseum,625,laziness_adaptive_t5,-5.751465797424316,0.17,,,d5-c1-n0.01-m25,5,1,0.01,25,,-34.26750683332171
colosseum,625,successor_entropy,,0.0,0.0,diffusion_curvature.successor.train.FBTrainer() got multiple values for keyword argument 'batch_size',d5-c1-n0.01-m25,5,1,0.01,25,,-34.26750683332171
colosseum,625,successor_orc,,0.0,0.0,diffusion_curvature.successor.train.FBTrainer() got multiple values for keyword argument 'batch_size',d5-c1-n0.01-m25,5,1,0.01,25,,-34.26750683332171
colosseum,633,dc2,0.35802507400512695,3.16,,,d5-c1-n0.01-m33,5,1,0.01,33,,1.7396559098549296
colosseum,633,dc_wasserstein_ollivier,-0.16125810146331787,6.82,,,d5-c1-n0.01-m33,5,1,0.01,33,,1.7396559098549296
colosseum,633,dc_entropic_subtraction,1.76890230178833,2.36,,,d5-c1-n0.01-m33,5,1,0.01,33,,1.7396559098549296
colosseum,633,hickock,17.050084643119256,32.47,,,d5-c1-n0.01-m33,5,1,0.01,33,,1.7396559098549296
colosseum,633,orc,-0.21741140681723758,2.88,,,d5-c1-n0.01-m33,5,1,0.01,33,,1.7396559098549296
colosseum,633,spc_hop,,0.0,,,d5-c1-n0.01-m33,5,1,0.01,33,,1.7396559098549296
colosseum,633,spc_diffusion_t5,,0.0,,,d5-c1-n0.01-m33,5,1,0.01,33,,1.7396559098549296
colosseum,633,laziness_knn_t5,-6.099846363067627,0.14,,,d5-c1-n0.01-m33,5,1,0.01,33,,1.7396559098549296
colosseum,633,laziness_adaptive_t5,-6.096165180206299,0.2,,,d5-c1-n0.01-m33,5,1,0.01,33,,1.7396559098549296
colosseum,633,successor_entropy,,0.0,0.0,diffusion_curvature.successor.train.FBTrainer() got multiple values for keyword argument 'batch_size',d5-c1-n0.01-m33,5,1,0.01,33,,1.7396559098549296
colosseum,633,successor_orc,,0.0,0.0,diffusion_curvature.successor.train.FBTrainer() got multiple values for keyword argument 'batch_size',d5-c1-n0.01-m33,5,1,0.01,33,,1.7396559098549296
colosseum,641,dc2,-0.40962982177734375,3.0,,,d5-c1-n0.01-m41,5,1,0.01,41,,-15.577371365833859
colosseum,641,dc_wasserstein_ollivier,-0.2783435583114624,6.01,,,d5-c1-n0.01-m41,5,1,0.01,41,,-15.577371365833859
colosseum,641,dc_entropic_subtraction,1.383530616760254,4.61,,,d5-c1-n0.01-m41,5,1,0.01,41,,-15.577371365833859
colosseum,641,hickock,16.839107982318783,29.22,,,d5-c1-n0.01-m41,5,1,0.01,41,,-15.577371365833859
colosseum,641,orc,-0.27232815324270915,3.13,,,d5-c1-n0.01-m41,5,1,0.01,41,,-15.577371365833859
colosseum,641,spc_hop,,0.0,,,d5-c1-n0.01-m41,5,1,0.01,41,,-15.577371365833859
colosseum,641,spc_diffusion_t5,,0.0,,,d5-c1-n0.01-m41,5,1,0.01,41,,-15.577371365833859
colosseum,641,laziness_knn_t5,-6.2921223640441895,0.14,,,d5-c1-n0.01-m41,5,1,0.01,41,,-15.577371365833859
colosseum,641,laziness_adaptive_t5,-6.2544708251953125,0.23,,,d5-c1-n0.01-m41,5,1,0.01,41,,-15.577371365833859
colosseum,641,successor_entropy,,0.0,0.0,diffusion_curvature.successor.train.FBTrainer() got multiple values for keyword argument 'batch_size',d5-c1-n0.01-m41,5,1,0.01,41,,-15.577371365833859
colosseum,641,successor_orc,,0.0,0.0,diffusion_curvature.successor.train.FBTrainer() got multiple values for keyword argument 'batch_size',d5-c1-n0.01-m41,5,1,0.01,41,,-15.577371365833859
colosseum,649,dc2,0.10381603240966797,3.43,,,d5-c1-n0.01-m49,5,1,0.01,49,,-21.298597376759833
colosseum,649,dc_wasserstein_ollivier,0.03944873809814453,6.65,,,d5-c1-n0.01-m49,5,1,0.01,49,,-21.298597376759833
colosseum,649,dc_entropic_subtraction,2.3988561630249023,3.24,,,d5-c1-n0.01-m49,5,1,0.01,49,,-21.298597376759833
colosseum,649,hickock,17.316332357113506,33.07,,,d5-c1-n0.01-m49,5,1,0.01,49,,-21.298597376759833
colosseum,649,orc,-0.3095319859213526,2.99,,,d5-c1-n0.01-m49,5,1,0.01,49,,-21.298597376759833
colosseum,649,spc_hop,,0.0,,,d5-c1-n0.01-m49,5,1,0.01,49,,-21.298597376759833
colosseum,649,spc_diffusion_t5,,0.0,,,d5-c1-n0.01-m49,5,1,0.01,49,,-21.298597376759833
colosseum,649,laziness_knn_t5,-6.30525016784668,0.1,,,d5-c1-n0.01-m49,5,1,0.01,49,,-21.298597376759833
colosseum,649,laziness_adaptive_t5,-6.263298034667969,0.18,,,d5-c1-n0.01-m49,5,1,0.01,49,,-21.298597376759833
colosseum,649,successor_entropy,,0.0,0.0,diffusion_curvature.successor.train.FBTrainer() got multiple values for keyword argument 'batch_size',d5-c1-n0.01-m49,5,1,0.01,49,,-21.298597376759833
colosseum,649,successor_orc,,0.0,0.0,diffusion_curvature.successor.train.FBTrainer() got multiple values for keyword argument 'batch_size',d5-c1-n0.01-m49,5,1,0.01,49,,-21.298597376759833
colosseum,657,dc2,0.20904922485351562,2.57,,,d5-c1-n0.05-m7,5,1,0.05,7,,-15.855393129331315
colosseum,657,dc_wasserstein_ollivier,-0.15085983276367188,4.61,,,d5-c1-n0.05-m7,5,1,0.05,7,,-15.855393129331315
colosseum,657,dc_entropic_subtraction,1.5558528900146484,2.78,,,d5-c1-n0.05-m7,5,1,0.05,7,,-15.855393129331315
colosseum,657,hickock,16.796352783865977,31.75,,,d5-c1-n0.05-m7,5,1,0.05,7,,-15.855393129331315
colosseum,657,orc,-0.1887552969722364,3.16,,,d5-c1-n0.05-m7,5,1,0.05,7,,-15.855393129331315
colosseum,657,spc_hop,,0.0,,,d5-c1-n0.05-m7,5,1,0.05,7,,-15.855393129331315
colosseum,657,spc_diffusion_t5,,0.0,,,d5-c1-n0.05-m7,5,1,0.05,7,,-15.855393129331315
colosseum,657,laziness_knn_t5,-5.992950916290283,0.11,,,d5-c1-n0.05-m7,5,1,0.05,7,,-15.855393129331315
colosseum,657,laziness_adaptive_t5,-5.962597846984863,0.17,,,d5-c1-n0.05-m7,5,1,0.05,7,,-15.855393129331315
colosseum,657,successor_entropy,,0.0,0.0,diffusion_curvature.successor.train.FBTrainer() got multiple values for keyword argument 'batch_size',d5-c1-n0.05-m7,5,1,0.05,7,,-15.855393129331315
colosseum,657,successor_orc,,0.0,0.0,diffusion_curvature.successor.train.FBTrainer() got multiple values for keyword argument 'batch_size',d5-c1-n0.05-m7,5,1,0.05,7,,-15.855393129331315
colosseum,665,dc2,-0.2633795738220215,2.82,,,d5-c1-n0.05-m15,5,1,0.05,15,,-55.7580495547906
colosseum,665,dc_wasserstein_ollivier,-0.2474207878112793,8.15,,,d5-c1-n0.05-m15,5,1,0.05,15,,-55.7580495547906
colosseum,665,dc_entropic_subtraction,1.7946085929870605,5.19,,,d5-c1-n0.05-m15,5,1,0.05,15,,-55.7580495547906
colosseum,665,hickock,17.123367313540303,28.31,,,d5-c1-n0.05-m15,5,1,0.05,15,,-55.7580495547906
colosseum,665,orc,-0.30592365907409635,3.48,,,d5-c1-n0.05-m15,5,1,0.05,15,,-55.7580495547906
colosseum,665,spc_hop,,0.0,,,d5-c1-n0.05-m15,5,1,0.05,15,,-55.7580495547906
colosseum,665,spc_diffusion_t5,,0.0,,,d5-c1-n0.05-m15,5,1,0.05,15,,-55.7580495547906
colosseum,665,laziness_knn_t5,-6.384882926940918,0.13,,,d5-c1-n0.05-m15,5,1,0.05,15,,-55.7580495547906
colosseum,665,laziness_adaptive_t5,-6.360020637512207,0.23,,,d5-c1-n0.05-m15,5,1,0.05,15,,-55.7580495547906
colosseum,665,successor_entropy,,0.0,0.0,diffusion_curvature.successor.train.FBTrainer() got multiple values for keyword argument 'batch_size',d5-c1-n0.05-m15,5,1,0.05,15,,-55.7580495547906
colosseum,665,successor_orc,,0.0,0.0,diffusion_curvature.successor.train.FBTrainer() got multiple values for keyword argument 'batch_size',d5-c1-n0.05-m15,5,1,0.05,15,,-55.7580495547906
colosseum,673,dc2,-0.040836334228515625,5.68,,,d5-c1-n0.05-m23,5,1,0.05,23,,-39.37764080843628
colosseum,673,dc_wasserstein_ollivier,-0.3825329542160034,5.61,,,d5-c1-n0.05-m23,5,1,0.05,23,,-39.37764080843628
colosseum,673,dc_entropic_subtraction,1.3408889770507812,3.77,,,d5-c1-n0.05-m23,5,1,0.05,23,,-39.37764080843628
colosseum,673,hickock,17.016723570184848,27.19,,,d5-c1-n0.05-m23,5,1,0.05,23,,-39.37764080843628
colosseum,673,orc,-0.17367163625156948,3.62,,,d5-c1-n0.05-m23,5,1,0.05,23,,-39.37764080843628
colosseum,673,spc_hop,,0.0,,,d5-c1-n0.05-m23,5,1,0.05,23,,-39.37764080843628
colosseum,673,spc_diffusion_t5,,0.0,,,d5-c1-n0.05-m23,5,1,0.05,23,,-39.37764080843628
colosseum,673,laziness_knn_t5,-6.132737159729004,0.21,,,d5-c1-n0.05-m23,5,1,0.05,23,,-39.37764080843628
colosseum,673,laziness_adaptive_t5,-6.08924674987793,0.21,,,d5-c1-n0.05-m23,5,1,0.05,23,,-39.37764080843628
colosseum,673,successor_entropy,,0.0,0.0,diffusion_curvature.successor.train.FBTrainer() got multiple values for keyword argument 'batch_size',d5-c1-n0.05-m23,5,1,0.05,23,,-39.37764080843628
colosseum,673,successor_orc,,0.0,0.0,diffusion_curvature.successor.train.FBTrainer() got multiple values for keyword argument 'batch_size',d5-c1-n0.05-m23,5,1,0.05,23,,-39.37764080843628
colosseum,681,dc2,-0.16553688049316406,4.43,,,d5-c1-n0.05-m31,5,1,0.05,31,,-0.8144471614641864
colosseum,681,dc_wasserstein_ollivier,-0.24235916137695312,7.82,,,d5-c1-n0.05-m31,5,1,0.05,31,,-0.8144471614641864
colosseum,681,dc_entropic_subtraction,1.5733423233032227,2.48,,,d5-c1-n0.05-m31,5,1,0.05,31,,-0.8144471614641864
colosseum,681,hickock,17.21193879993447,27.1,,,d5-c1-n0.05-m31,5,1,0.05,31,,-0.8144471614641864
colosseum,681,orc,-0.2811190034992782,3.19,,,d5-c1-n0.05-m31,5,1,0.05,31,,-0.8144471614641864
colosseum,681,spc_hop,,0.0,,,d5-c1-n0.05-m31,5,1,0.05,31,,-0.8144471614641864
colosseum,681,spc_diffusion_t5,,0.0,,,d5-c1-n0.05-m31,5,1,0.05,31,,-0.8144471614641864
colosseum,681,laziness_knn_t5,-6.2684173583984375,0.09,,,d5-c1-n0.05-m31,5,1,0.05,31,,-0.8144471614641864
colosseum,681,laziness_adaptive_t5,-6.242698669433594,0.13,,,d5-c1-n0.05-m31,5,1,0.05,31,,-0.8144471614641864
colosseum,681,successor_entropy,,0.0,0.0,diffusion_curvature.successor.train.FBTrainer() got multiple values for keyword argument 'batch_size',d5-c1-n0.05-m31,5,1,0.05,31,,-0.8144471614641864
colosseum,681,successor_orc,,0.0,0.0,diffusion_curvature.successor.train.FBTrainer() got multiple values for keyword argument 'batch_size',d5-c1-n0.05-m31,5,1,0.05,31,,-0.8144471614641864
colosseum,689,dc2,-0.09372138977050781,3.47,,,d5-c1-n0.05-m39,5,1,0.05,39,,-20.68732997631634
colosseum,689,dc_wasserstein_ollivier,-0.22242379188537598,6.61,,,d5-c1-n0.05-m39,5,1,0.05,39,,-20.68732997631634
colosseum,689,dc_entropic_subtraction,1.7536931037902832,4.46,,,d5-c1-n0.05-m39,5,1,0.05,39,,-20.68732997631634
colosseum,689,hickock,17.59748105199429,28.03,,,d5-c1-n0.05-m39,5,1,0.05,39,,-20.68732997631634
colosseum,689,orc,-0.30948614616328735,4.14,,,d5-c1-n0.05-m39,5,1,0.05,39,,-20.68732997631634
colosseum,689,spc_hop,,0.0,,,d5-c1-n0.05-m39,5,1,0.05,39,,-20.68732997631634
colosseum,689,spc_diffusion_t5,,0.0,,,d5-c1-n0.05-m39,5,1,0.05,39,,-20.68732997631634
colosseum,689,laziness_knn_t5,-6.481541633605957,0.13,,,d5-c1-n0.05-m39,5,1,0.05,39,,-20.68732997631634
colosseum,689,laziness_adaptive_t5,-6.445988655090332,0.27,,,d5-c1-n0.05-m39,5,1,0.05,39,,-20.68732997631634
colosseum,689,successor_entropy,,0.0,0.0,diffusion_curvature.successor.train.FBTrainer() got multiple values for keyword argument 'batch_size',d5-c1-n0.05-m39,5,1,0.05,39,,-20.68732997631634
colosseum,689,successor_orc,,0.0,0.0,diffusion_curvature.successor.train.FBTrainer() got multiple values for keyword argument 'batch_size',d5-c1-n0.05-m39,5,1,0.05,39,,-20.68732997631634
colosseum,697,dc2,-0.2430281639099121,4.55,,,d5-c1-n0.05-m47,5,1,0.05,47,,-60.8500192022132
colosseum,697,dc_wasserstein_ollivier,-0.14882314205169678,6.41,,,d5-c1-n0.05-m47,5,1,0.05,47,,-60.8500192022132
colosseum,697,dc_entropic_subtraction,2.0058979988098145,2.71,,,d5-c1-n0.05-m47,5,1,0.05,47,,-60.8500192022132
colosseum,697,hickock,16.957211570244866,27.05,,,d5-c1-n0.05-m47,5,1,0.05,47,,-60.8500192022132
colosseum,697,orc,-0.23150870158226783,3.7,,,d5-c1-n0.05-m47,5,1,0.05,47,,-60.8500192022132
colosseum,697,spc_hop,,0.0,,,d5-c1-n0.05-m47,5,1,0.05,47,,-60.8500192022132
colosseum,697,spc_diffusion_t5,,0.0,,,d5-c1-n0.05-m47,5,1,0.05,47,,-60.8500192022132
colosseum,697,laziness_knn_t5,-6.089170455932617,0.21,,,d5-c1-n0.05-m47,5,1,0.05,47,,-60.8500192022132
colosseum,697,laziness_adaptive_t5,-6.0826215744018555,0.28,,,d5-c1-n0.05-m47,5,1,0.05,47,,-60.8500192022132
colosseum,697,successor_entropy,,0.0,0.0,diffusion_curvature.successor.train.FBTrainer() got multiple values for keyword argument 'batch_size',d5-c1-n0.05-m47,5,1,0.05,47,,-60.8500192022132
colosseum,697,successor_orc,,0.0,0.0,diffusion_curvature.successor.train.FBTrainer() got multiple values for keyword argument 'batch_size',d5-c1-n0.05-m47,5,1,0.05,47,,-60.8500192022132
colosseum,705,dc2,0.35678672790527344,3.33,,,d5-c1-n0.1-m5,5,1,0.1,5,,-37.293339453798836
colosseum,705,dc_wasserstein_ollivier,-0.025679826736450195,6.13,,,d5-c1-n0.1-m5,5,1,0.1,5,,-37.293339453798836
colosseum,705,dc_entropic_subtraction,2.2583227157592773,2.21,,,d5-c1-n0.1-m5,5,1,0.1,5,,-37.293339453798836
colosseum,705,hickock,17.44293734033259,27.39,,,d5-c1-n0.1-m5,5,1,0.1,5,,-37.293339453798836
colosseum,705,orc,-0.16236491415195783,4.17,,,d5-c1-n0.1-m5,5,1,0.1,5,,-37.293339453798836
colosseum,705,spc_hop,,0.0,,,d5-c1-n0.1-m5,5,1,0.1,5,,-37.293339453798836
colosseum,705,spc_diffusion_t5,,0.0,,,d5-c1-n0.1-m5,5,1,0.1,5,,-37.293339453798836
colosseum,705,laziness_knn_t5,-6.239682197570801,0.13,,,d5-c1-n0.1-m5,5,1,0.1,5,,-37.293339453798836
colosseum,705,laziness_adaptive_t5,-6.210396766662598,0.22,,,d5-c1-n0.1-m5,5,1,0.1,5,,-37.293339453798836
colosseum,705,successor_entropy,,0.0,0.0,diffusion_curvature.successor.train.FBTrainer() got multiple values for keyword argument 'batch_size',d5-c1-n0.1-m5,5,1,0.1,5,,-37.293339453798836
colosseum,705,successor_orc,,0.0,0.0,diffusion_curvature.successor.train.FBTrainer() got multiple values for keyword argument 'batch_size',d5-c1-n0.1-m5,5,1,0.1,5,,-37.293339453798836
colosseum,713,dc2,-1.1228852272033691,4.56,,,d5-c1-n0.1-m13,5,1,0.1,13,,-49.60244215879339
colosseum,713,dc_wasserstein_ollivier,-0.27974021434783936,6.3,,,d5-c1-n0.1-m13,5,1,0.1,13,,-49.60244215879339
colosseum,713,dc_entropic_subtraction,1.6550445556640625,1.93,,,d5-c1-n0.1-m13,5,1,0.1,13,,-49.60244215879339
colosseum,713,hickock,16.704314861020293,31.34,,,d5-c1-n0.1-m13,5,1,0.1,13,,-49.60244215879339
colosseum,713,orc,-0.21112804376697866,4.26,,,d5-c1-n0.1-m13,5,1,0.1,13,,-49.60244215879339
colosseum,713,spc_hop,,0.0,,,d5-c1-n0.1-m13,5,1,0.1,13,,-49.60244215879339
colosseum,713,spc_diffusion_t5,,0.0,,,d5-c1-n0.1-m13,5,1,0.1,13,,-49.60244215879339
colosseum,713,laziness_knn_t5,-6.226505756378174,0.23,,,d5-c1-n0.1-m13,5,1,0.1,13,,-49.60244215879339
colosseum,713,laziness_adaptive_t5,-6.219695091247559,0.31,,,d5-c1-n0.1-m13,5,1,0.1,13,,-49.60244215879339
colosseum,713,successor_entropy,,0.0,0.0,diffusion_curvature.successor.train.FBTrainer() got multiple values for keyword argument 'batch_size',d5-c1-n0.1-m13,5,1,0.1,13,,-49.60244215879339
colosseum,713,successor_orc,,0.0,0.0,diffusion_curvature.successor.train.FBTrainer() got multiple values for keyword argument 'batch_size',d5-c1-n0.1-m13,5,1,0.1,13,,-49.60244215879339
colosseum,721,dc2,-0.4497346878051758,2.7,,,d5-c1-n0.1-m21,5,1,0.1,21,,-53.2843115153823
colosseum,721,dc_wasserstein_ollivier,-0.18727481365203857,3.86,,,d5-c1-n0.1-m21,5,1,0.1,21,,-53.2843115153823
colosseum,721,dc_entropic_subtraction,1.8384451866149902,2.97,,,d5-c1-n0.1-m21,5,1,0.1,21,,-53.2843115153823
colosseum,721,hickock,17.063878845129285,32.29,,,d5-c1-n0.1-m21,5,1,0.1,21,,-53.2843115153823
colosseum,721,orc,-0.21920923534817155,4.46,,,d5-c1-n0.1-m21,5,1,0.1,21,,-53.2843115153823
colosseum,721,spc_hop,,0.0,,,d5-c1-n0.1-m21,5,1,0.1,21,,-53.2843115153823
colosseum,721,spc_diffusion_t5,,0.0,,,d5-c1-n0.1-m21,5,1,0.1,21,,-53.2843115153823
colosseum,721,laziness_knn_t5,-6.275216102600098,0.11,,,d5-c1-n0.1-m21,5,1,0.1,21,,-53.2843115153823
colosseum,721,laziness_adaptive_t5,-6.248139381408691,0.31,,,d5-c1-n0.1-m21,5,1,0.1,21,,-53.2843115153823
colosseum,721,successor_entropy,,0.0,0.0,diffusion_curvature.successor.train.FBTrainer() got multiple values for keyword argument 'batch_size',d5-c1-n0.1-m21,5,1,0.1,21,,-53.2843115153823
colosseum,721,successor_orc,,0.0,0.0,diffusion_curvature.successor.train.FBTrainer() got multiple values for keyword argument 'batch_size',d5-c1-n0.1-m21,5,1,0.1,21,,-53.2843115153823
colosseum,729,dc2,-1.0086698532104492,3.32,,,d5-c1-n0.1-m29,5,1,0.1,29,,-22.809401524266928
colosseum,729,dc_wasserstein_ollivier,-0.15046477317810059,6.04,,,d5-c1-n0.1-m29,5,1,0.1,29,,-22.809401524266928
colosseum,729,dc_entropic_subtraction,1.7831320762634277,1.94,,,d5-c1-n0.1-m29,5,1,0.1,29,,-22.809401524266928
colosseum,729,hickock,16.9775013979812,31.11,,,d5-c1-n0.1-m29,5,1,0.1,29,,-22.809401524266928
colosseum,729,orc,-0.1844098908425533,3.67,,,d5-c1-n0.1-m29,5,1,0.1,29,,-22.809401524266928
colosseum,729,spc_hop,,0.0,,,d5-c1-n0.1-m29,5,1,0.1,29,,-22.809401524266928
colosseum,729,spc_diffusion_t5,,0.0,,,d5-c1-n0.1-m29,5,1,0.1,29,,-22.809401524266928
colosseum,729,laziness_knn_t5,-6.169919967651367,0.13,,,d5-c1-n0.1-m29,5,1,0.1,29,,-22.809401524266928
colosseum,729,laziness_adaptive_t5,-6.111485004425049,0.37,,,d5-c1-n0.1-m29,5,1,0.1,29,,-22.809401524266928
colosseum,729,successor_entropy,,0.0,0.0,diffusion_curvature.successor.train.FBTrainer() got multiple values for keyword argument 'batch_size',d5-c1-n0.1-m29,5,1,0.1,29,,-22.809401524266928
colosseum,729,successor_orc,,0.0,0.0,diffusion_curvature.successor.train.FBTrainer() got multiple values for keyword argument 'batch_size',d5-c1-n0.1-m29,5,1,0.1,29,,-22.809401524266928
colosseum,737,dc2,-0.8459796905517578,2.53,,,d5-c1-n0.1-m37,5,1,0.1,37,,-20.163668047095676
colosseum,737,dc_wasserstein_ollivier,-0.5441759824752808,4.34,,,d5-c1-n0.1-m37,5,1,0.1,37,,-20.163668047095676
colosseum,737,dc_entropic_subtraction,0.760373592376709,1.79,,,d5-c1-n0.1-m37,5,1,0.1,37,,-20.163668047095676
colosseum,737,hickock,16.616596174060867,32.41,,,d5-c1-n0.1-m37,5,1,0.1,37,,-20.163668047095676
colosseum,737,orc,-0.2660743022864434,4.57,,,d5-c1-n0.1-m37,5,1,0.1,37,,-20.163668047095676
colosseum,737,spc_hop,,0.0,,,d5-c1-n0.1-m37,5,1,0.1,37,,-20.163668047095676
colosseum,737,spc_diffusion_t5,,0.0,,,d5-c1-n0.1-m37,5,1,0.1,37,,-20.163668047095676
colosseum,737,laziness_knn_t5,-6.504459381103516,0.15,,,d5-c1-n0.1-m37,5,1,0.1,37,,-20.163668047095676
colosseum,737,laziness_adaptive_t5,-6.467159271240234,0.22,,,d5-c1-n0.1-m37,5,1,0.1,37,,-20.163668047095676
colosseum,737,successor_entropy,,0.0,0.0,diffusion_curvature.successor.train.FBTrainer() got multiple values for keyword argument 'batch_size',d5-c1-n0.1-m37,5,1,0.1,37,,-20.163668047095676
colosseum,737,successor_orc,,0.0,0.0,diffusion_curvature.successor.train.FBTrainer() got multiple values for keyword argument 'batch_size',d5-c1-n0.1-m37,5,1,0.1,37,,-20.163668047095676
colosseum,745,dc2,-0.15006685256958008,2.97,,,d5-c1-n0.1-m45,5,1,0.1,45,,12.93890964635754
colosseum,745,dc_wasserstein_ollivier,-0.214921236038208,5.9,,,d5-c1-n0.1-m45,5,1,0.1,45,,12.93890964635754
colosseum,745,dc_entropic_subtraction,1.5315403938293457,2.19,,,d5-c1-n0.1-m45,5,1,0.1,45,,12.93890964635754
colosseum,745,hickock,17.223632249924457,31.15,,,d5-c1-n0.1-m45,5,1,0.1,45,,12.93890964635754
colosseum,745,orc,-0.3003766804367466,4.64,,,d5-c1-n0.1-m45,5,1,0.1,45,,12.93890964635754
colosseum,745,spc_hop,,0.0,,,d5-c1-n0.1-m45,5,1,0.1,45,,12.93890964635754
colosseum,745,spc_diffusion_t5,,0.0,,,d5-c1-n0.1-m45,5,1,0.1,45,,12.93890964635754
colosseum,745,laziness_knn_t5,-6.342203617095947,0.2,,,d5-c1-n0.1-m45,5,1,0.1,45,,12.93890964635754
colosseum,745,laziness_adaptive_t5,-6.342409133911133,0.22,,,d5-c1-n0.1-m45,5,1,0.1,45,,12.93890964635754
colosseum,745,successor_entropy,,0.0,0.0,diffusion_curvature.successor.train.FBTrainer() got multiple values for keyword argument 'batch_size',d5-c1-n0.1-m45,5,1,0.1,45,,12.93890964635754
colosseum,745,successor_orc,,0.0,0.0,diffusion_curvature.successor.train.FBTrainer() got multiple values for keyword argument 'batch_size',d5-c1-n0.1-m45,5,1,0.1,45,,12.93890964635754
colosseum,753,dc2,-1.441884994506836,2.0,,,d5-c1-n0.2-m3,5,1,0.2,3,,-23.49890893890093
colosseum,753,dc_wasserstein_ollivier,0.06958580017089844,4.88,,,d5-c1-n0.2-m3,5,1,0.2,3,,-23.49890893890093
colosseum,753,dc_entropic_subtraction,2.699784755706787,2.42,,,d5-c1-n0.2-m3,5,1,0.2,3,,-23.49890893890093
colosseum,753,hickock,16.984384423792054,30.06,,,d5-c1-n0.2-m3,5,1,0.2,3,,-23.49890893890093
colosseum,753,orc,-0.21705034559702752,4.26,,,d5-c1-n0.2-m3,5,1,0.2,3,,-23.49890893890093
colosseum,753,spc_hop,,0.0,,,d5-c1-n0.2-m3,5,1,0.2,3,,-23.49890893890093
colosseum,753,spc_diffusion_t5,,0.0,,,d5-c1-n0.2-m3,5,1,0.2,3,,-23.49890893890093
colosseum,753,laziness_knn_t5,-6.014043807983398,0.14,,,d5-c1-n0.2-m3,5,1,0.2,3,,-23.49890893890093
colosseum,753,laziness_adaptive_t5,-5.948205947875977,0.2,,,d5-c1-n0.2-m3,5,1,0.2,3,,-23.49890893890093
colosseum,753,successor_entropy,,0.0,0.0,diffusion_curvature.successor.train.FBTrainer() got multiple values for keyword argument 'batch_size',d5-c1-n0.2-m3,5,1,0.2,3,,-23.49890893890093
colosseum,753,successor_orc,,0.0,0.0,diffusion_curvature.successor.train.FBTrainer() got multiple values for keyword argument 'batch_size',d5-c1-n0.2-m3,5,1,0.2,3,,-23.49890893890093
colosseum,761,dc2,-1.0375056266784668,3.45,,,d5-c1-n0.2-m11,5,1,0.2,11,,-29.89107749314742
colosseum,761,dc_wasserstein_ollivier,-0.0037834644317626953,4.08,,,d5-c1-n0.2-m11,5,1,0.2,11,,-29.89107749314742
colosseum,761,dc_entropic_subtraction,2.399021625518799,2.05,,,d5-c1-n0.2-m11,5,1,0.2,11,,-29.89107749314742
colosseum,761,hickock,17.639259777865487,31.47,,,d5-c1-n0.2-m11,5,1,0.2,11,,-29.89107749314742
colosseum,761,orc,-0.19908562317305242,3.82,,,d5-c1-n0.2-m11,5,1,0.2,11,,-29.89107749314742
colosseum,761,spc_hop,,0.0,,,d5-c1-n0.2-m11,5,1,0.2,11,,-29.89107749314742
colosseum,761,spc_diffusion_t5,,0.0,,,d5-c1-n0.2-m11,5,1,0.2,11,,-29.89107749314742
colosseum,761,laziness_knn_t5,-6.26092004776001,0.17,,,d5-c1-n0.2-m11,5,1,0.2,11,,-29.89107749314742
colosseum,761,laziness_adaptive_t5,-6.289017200469971,0.37,,,d5-c1-n0.2-m11,5,1,0.2,11,,-29.89107749314742
colosseum,761,successor_entropy,,0.0,0.0,diffusion_curvature.successor.train.FBTrainer() got multiple values for keyword argument 'batch_size',d5-c1-n0.2-m11,5,1,0.2,11,,-29.89107749314742
colosseum,761,successor_orc,,0.0,0.0,diffusion_curvature.successor.train.FBTrainer() got multiple values for keyword argument 'batch_size',d5-c1-n0.2-m11,5,1,0.2,11,,-29.89107749314742
colosseum,769,dc2,-1.593672752380371,1.85,,,d5-c1-n0.2-m19,5,1,0.2,19,,-44.26557139737645
colosseum,769,dc_wasserstein_ollivier,-0.02259218692779541,3.55,,,d5-c1-n0.2-m19,5,1,0.2,19,,-44.26557139737645
colosseum,769,dc_entropic_subtraction,2.3353323936462402,2.22,,,d5-c1-n0.2-m19,5,1,0.2,19,,-44.26557139737645
colosseum,769,hickock,16.837206198002722,31.02,,,d5-c1-n0.2-m19,5,1,0.2,19,,-44.26557139737645
colosseum,769,orc,-0.2602597531115217,3.33,,,d5-c1-n0.2-m19,5,1,0.2,19,,-44.26557139737645
colosseum,769,spc_hop,,0.0,,,d5-c1-n0.2-m19,5,1,0.2,19,,-44.26557139737645
colosseum,769,spc_diffusion_t5,,0.0,,,d5-c1-n0.2-m19,5,1,0.2,19,,-44.26557139737645
colosseum,769,laziness_knn_t5,-6.4134368896484375,0.13,,,d5-c1-n0.2-m19,5,1,0.2,19,,-44.26557139737645
colosseum,769,laziness_adaptive_t5,-6.377526760101318,0.2,,,d5-c1-n0.2-m19,5,1,0.2,19,,-44.26557139737645
colosseum,769,successor_entropy,,0.0,0.0,diffusion_curvature.successor.train.FBTrainer() got multiple values for keyword argument 'batch_size',d5-c1-n0.2-m19,5,1,0.2,19,,-44.26557139737645
colosseum,769,successor_orc,,0.0,0.0,diffusion_curvature.successor.train.FBTrainer() got multiple values for keyword argument 'batch_size',d5-c1-n0.2-m19,5,1,0.2,19,,-44.26557139737645
colosseum,777,dc2,-1.3948593139648438,2.49,,,d5-c1-n0.2-m27,5,1,0.2,27,,-13.835729728158764
colosseum,777,dc_wasserstein_ollivier,-0.012627720832824707,6.08,,,d5-c1-n0.2-m27,5,1,0.2,27,,-13.835729728158764
colosseum,777,dc_entropic_subtraction,2.3879737854003906,2.79,,,d5-c1-n0.2-m27,5,1,0.2,27,,-13.835729728158764
colosseum,777,hickock,17.8071544748548,30.96,,,d5-c1-n0.2-m27,5,1,0.2,27,,-13.835729728158764
colosseum,777,orc,-0.35054502672592897,3.02,,,d5-c1-n0.2-m27,5,1,0.2,27,,-13.835729728158764
colosseum,777,spc_hop,,0.0,,,d5-c1-n0.2-m27,5,1,0.2,27,,-13.835729728158764
colosseum,777,spc_diffusion_t5,,0.0,,,d5-c1-n0.2-m27,5,1,0.2,27,,-13.835729728158764
colosseum,777,laziness_knn_t5,-6.491525173187256,0.15,,,d5-c1-n0.2-m27,5,1,0.2,27,,-13.835729728158764
colosseum,777,laziness_adaptive_t5,-6.519207000732422,0.22,,,d5-c1-n0.2-m27,5,1,0.2,27,,-13.835729728158764
colosseum,777,successor_entropy,,0.0,0.0,diffusion_curvature.successor.train.FBTrainer() got multiple values for keyword argument 'batch_size',d5-c1-n0.2-m27,5,1,0.2,27,,-13.835729728158764
colosseum,777,successor_orc,,0.0,0.0,diffusion_curvature.successor.train.FBTrainer() got multiple values for keyword argument 'batch_size',d5-c1-n0.2-m27,5,1,0.2,27,,-13.835729728158764
colosseum,785,dc2,-0.8729531764984131,3.36,,,d5-c1-n0.2-m35,5,1,0.2,35,,-5.734125203015791
colosseum,785,dc_wasserstein_ollivier,-0.23744046688079834,6.4,,,d5-c1-n0.2-m35,5,1,0.2,35,,-5.734125203015791
colosseum,785,dc_entropic_subtraction,1.5536518096923828,1.74,,,d5-c1-n0.2-m35,5,1,0.2,35,,-5.734125203015791
colosseum,785,hickock,16.408480602086424,30.15,,,d5-c1-n0.2-m35,5,1,0.2,35,,-5.734125203015791
colosseum,785,orc,-0.2994228892106412,3.87,,,d5-c1-n0.2-m35,5,1,0.2,35,,-5.734125203015791
colosseum,785,spc_hop,,0.0,,,d5-c1-n0.2-m35,5,1,0.2,35,,-5.734125203015791
colosseum,785,spc_diffusion_t5,,0.0,,,d5-c1-n0.2-m35,5,1,0.2,35,,-5.734125203015791
colosseum,785,laziness_knn_t5,-6.144657611846924,0.23,,,d5-c1-n0.2-m35,5,1,0.2,35,,-5.734125203015791
colosseum,785,laziness_adaptive_t5,-6.158495903015137,0.29,,,d5-c1-n0.2-m35,5,1,0.2,35,,-5.734125203015791
colosseum,785,successor_entropy,,0.0,0.0,diffusion_curvature.successor.train.FBTrainer() got multiple values for keyword argument 'batch_size',d5-c1-n0.2-m35,5,1,0.2,35,,-5.734125203015791
colosseum,785,successor_orc,,0.0,0.0,diffusion_curvature.successor.train.FBTrainer() got multiple values for keyword argument 'batch_size',d5-c1-n0.2-m35,5,1,0.2,35,,-5.734125203015791
colosseum,793,dc2,-1.119161605834961,2.8,,,d5-c1-n0.2-m43,5,1,0.2,43,,-22.566425878373487
colosseum,793,dc_wasserstein_ollivier,-0.10226309299468994,6.08,,,d5-c1-n0.2-m43,5,1,0.2,43,,-22.566425878373487
colosseum,793,dc_entropic_subtraction,2.2642860412597656,2.38,,,d5-c1-n0.2-m43,5,1,0.2,43,,-22.566425878373487
colosseum,793,hickock,17.405325127493068,35.27,,,d5-c1-n0.2-m43,5,1,0.2,43,,-22.566425878373487
colosseum,793,orc,-0.11627765690080304,3.25,,,d5-c1-n0.2-m43,5,1,0.2,43,,-22.566425878373487
colosseum,793,spc_hop,,0.0,,,d5-c1-n0.2-m43,5,1,0.2,43,,-22.566425878373487
colosseum,793,spc_diffusion_t5,,0.0,,,d5-c1-n0.2-m43,5,1,0.2,43,,-22.566425878373487
colosseum,793,laziness_knn_t5,-5.901661396026611,0.13,,,d5-c1-n0.2-m43,5,1,0.2,43,,-22.566425878373487
colosseum,793,laziness_adaptive_t5,-5.872808456420898,0.17,,,d5-c1-n0.2-m43,5,1,0.2,43,,-22.566425878373487
colosseum,793,successor_entropy,,0.0,0.0,diffusion_curvature.successor.train.FBTrainer() got multiple values for keyword argument 'batch_size',d5-c1-n0.2-m43,5,1,0.2,43,,-22.566425878373487
colosseum,793,successor_orc,,0.0,0.0,diffusion_curvature.successor.train.FBTrainer() got multiple values for keyword argument 'batch_size',d5-c1-n0.2-m43,5,1,0.2,43,,-22.566425878373487
colosseum,801,dc2,-0.3002028465270996,3.31,,,d6-c1-n0.01-m1,6,1,0.01,1,,-38.19454226104086
colosseum,801,dc_wasserstein_ollivier,0.5202088356018066,3.48,,,d6-c1-n0.01-m1,6,1,0.01,1,,-38.19454226104086
colosseum,801,dc_entropic_subtraction,3.146414279937744,1.9,,,d6-c1-n0.01-m1,6,1,0.01,1,,-38.19454226104086
colosseum,801,hickock,20.46305406147405,30.53,,,d6-c1-n0.01-m1,6,1,0.01,1,,-38.19454226104086
colosseum,801,orc,-0.22828877324523805,3.47,,,d6-c1-n0.01-m1,6,1,0.01,1,,-38.19454226104086
colosseum,801,spc_hop,,0.0,,,d6-c1-n0.01-m1,6,1,0.01,1,,-38.19454226104086
colosseum,801,spc_diffusion_t5,,0.0,,,d6-c1-n0.01-m1,6,1,0.01,1,,-38.19454226104086
colosseum,801,laziness_knn_t5,-6.544862747192383,0.26,,,d6-c1-n0.01-m1,6,1,0.01,1,,-38.19454226104086
colosseum,801,laziness_adaptive_t5,-6.495051860809326,0.97,,,d6-c1-n0.01-m1,6,1,0.01,1,,-38.19454226104086
colosseum,801,successor_entropy,,0.0,0.0,diffusion_curvature.successor.train.FBTrainer() got multiple values for keyword argument 'batch_size',d6-c1-n0.01-m1,6,1,0.01,1,,-38.19454226104086
colosseum,801,successor_orc,,0.0,0.0,diffusion_curvature.successor.train.FBTrainer() got multiple values for keyword argument 'batch_size',d6-c1-n0.01-m1,6,1,0.01,1,,-38.19454226104086
colosseum,809,dc2,-0.47887229919433594,2.92,,,d6-c1-n0.01-m9,6,1,0.01,9,,-47.65436468422378
colosseum,809,dc_wasserstein_ollivier,0.6337977647781372,4.04,,,d6-c1-n0.01-m9,6,1,0.01,9,,-47.65436468422378
colosseum,809,dc_entropic_subtraction,4.210118770599365,2.08,,,d6-c1-n0.01-m9,6,1,0.01,9,,-47.65436468422378
colosseum,809,hickock,20.537861414911315,34.01,,,d6-c1-n0.01-m9,6,1,0.01,9,,-47.65436468422378
colosseum,809,orc,-0.2783168981910531,3.81,,,d6-c1-n0.01-m9,6,1,0.01,9,,-47.65436468422378
colosseum,809,spc_hop,,0.0,,,d6-c1-n0.01-m9,6,1,0.01,9,,-47.65436468422378
colosseum,809,spc_diffusion_t5,,0.0,,,d6-c1-n0.01-m9,6,1,0.01,9,,-47.65436468422378
colosseum,809,laziness_knn_t5,-6.6036481857299805,0.26,,,d6-c1-n0.01-m9,6,1,0.01,9,,-47.65436468422378
colosseum,809,laziness_adaptive_t5,-6.623549938201904,0.35,,,d6-c1-n0.01-m9,6,1,0.01,9,,-47.65436468422378
colosseum,809,successor_entropy,,0.0,0.0,diffusion_curvature.successor.train.FBTrainer() got multiple values for keyword argument 'batch_size',d6-c1-n0.01-m9,6,1,0.01,9,,-47.65436468422378
colosseum,809,successor_orc,,0.0,0.0,diffusion_curvature.successor.train.FBTrainer() got multiple values for keyword argument 'batch_size',d6-c1-n0.01-m9,6,1,0.01,9,,-47.65436468422378
colosseum,817,dc2,0.15499448776245117,2.29,,,d6-c1-n0.01-m17,6,1,0.01,17,,-25.00637723553723
colosseum,817,dc_wasserstein_ollivier,0.6439628005027771,2.67,,,d6-c1-n0.01-m17,6,1,0.01,17,,-25.00637723553723
colosseum,817,dc_entropic_subtraction,4.139370918273926,2.31,,,d6-c1-n0.01-m17,6,1,0.01,17,,-25.00637723553723
colosseum,817,hickock,20.3843822586792,30.7,,,d6-c1-n0.01-m17,6,1,0.01,17,,-25.00637723553723
colosseum,817,orc,-0.4042884327466808,3.58,,,d6-c1-n0.01-m17,6,1,0.01,17,,-25.00637723553723
colosseum,817,spc_hop,,0.0,,,d6-c1-n0.01-m17,6,1,0.01,17,,-25.00637723553723
colosseum,817,spc_diffusion_t5,,0.0,,,d6-c1-n0.01-m17,6,1,0.01,17,,-25.00637723553723
colosseum,817,laziness_knn_t5,-6.646876335144043,0.13,,,d6-c1-n0.01-m17,6,1,0.01,17,,-25.00637723553723
colosseum,817,laziness_adaptive_t5,-6.635838508605957,0.19,,,d6-c1-n0.01-m17,6,1,0.01,17,,-25.00637723553723
colosseum,817,successor_entropy,,0.0,0.0,diffusion_curvature.successor.train.FBTrainer() got multiple values for keyword argument 'batch_size',d6-c1-n0.01-m17,6,1,0.01,17,,-25.00637723553723
colosseum,817,successor_orc,,0.0,0.0,diffusion_curvature.successor.train.FBTrainer() got multiple values for keyword argument 'batch_size',d6-c1-n0.01-m17,6,1,0.01,17,,-25.00637723553723
colosseum,825,dc2,0.12229728698730469,4.37,,,d6-c1-n0.01-m25,6,1,0.01,25,,-24.769813822743448
colosseum,825,dc_wasserstein_ollivier,0.6209127902984619,3.7,,,d6-c1-n0.01-m25,6,1,0.01,25,,-24.769813822743448
colosseum,825,dc_entropic_subtraction,3.9241838455200195,1.63,,,d6-c1-n0.01-m25,6,1,0.01,25,,-24.769813822743448
colosseum,825,hickock,20.755314199569817,33.28,,,d6-c1-n0.01-m25,6,1,0.01,25,,-24.769813822743448
colosseum,825,orc,-0.283931175960589,3.62,,,d6-c1-n0.01-m25,6,1,0.01,25,,-24.769813822743448
colosseum,825,spc_hop,,0.0,,,d6-c1-n0.01-m25,6,1,0.01,25,,-24.769813822743448
colosseum,825,spc_diffusion_t5,,0.0,,,d6-c1-n0.01-m25,6,1,0.01,25,,-24.769813822743448
colosseum,825,laziness_knn_t5,-6.5518341064453125,0.14,,,d6-c1-n0.01-m25,6,1,0.01,25,,-24.769813822743448
colosseum,825,laziness_adaptive_t5,-6.527705669403076,0.32,,,d6-c1-n0.01-m25,6,1,0.01,25,,-24.769813822743448
colosseum,825,successor_entropy,,0.0,0.0,diffusion_curvature.successor.train.FBTrainer() got multiple values for keyword argument 'batch_size',d6-c1-n0.01-m25,6,1,0.01,25,,-24.769813822743448
colosseum,825,successor_orc,,0.0,0.0,diffusion_curvature.successor.train.FBTrainer() got multiple values for keyword argument 'batch_size',d6-c1-n0.01-m25,6,1,0.01,25,,-24.769813822743448
colosseum,833,dc2,0.1891956329345703,1.86,,,d6-c1-n0.01-m33,6,1,0.01,33,,47.66900326538102
colosseum,833,dc_wasserstein_ollivier,0.7698497176170349,3.34,,,d6-c1-n0.01-m33,6,1,0.01,33,,47.66900326538102
colosseum,833,dc_entropic_subtraction,5.197895526885986,1.74,,,d6-c1-n0.01-m33,6,1,0.01,33,,47.66900326538102
colosseum,833,hickock,21.21157943351039,30.78,,,d6-c1-n0.01-m33,6,1,0.01,33,,47.66900326538102
colosseum,833,orc,-0.33906771142395964,3.63,,,d6-c1-n0.01-m33,6,1,0.01,33,,47.66900326538102
colosseum,833,spc_hop,,0.0,,,d6-c1-n0.01-m33,6,1,0.01,33,,47.66900326538102
colosseum,833,spc_diffusion_t5,,0.0,,,d6-c1-n0.01-m33,6,1,0.01,33,,47.66900326538102
colosseum,833,laziness_knn_t5,-6.543824195861816,0.15,,,d6-c1-n0.01-m33,6,1,0.01,33,,47.66900326538102
colosseum,833,laziness_adaptive_t5,-6.519242286682129,0.33,,,d6-c1-n0.01-m33,6,1,0.01,33,,47.66900326538102
colosseum,833,successor_entropy,,0.0,0.0,diffusion_curvature.successor.train.FBTrainer() got multiple values for keyword argument 'batch_size',d6-c1-n0.01-m33,6,1,0.01,33,,47.66900326538102
colosseum,833,successor_orc,,0.0,0.0,diffusion_curvature.successor.train.FBTrainer() got multiple values for keyword argument 'batch_size',d6-c1-n0.01-m33,6,1,0.01,33,,47.66900326538102
colosseum,841,dc2,0.01296234130859375,1.98,,,d6-c1-n0.01-m41,6,1,0.01,41,,7.800223032971232
colosseum,841,dc_wasserstein_ollivier,0.7412039041519165,5.53,,,d6-c1-n0.01-m41,6,1,0.01,41,,7.800223032971232
colosseum,841,dc_entropic_subtraction,4.935098648071289,2.43,,,d6-c1-n0.01-m41,6,1,0.01,41,,7.800223032971232
colosseum,841,hickock,21.329971570771274,29.75,,,d6-c1-n0.01-m41,6,1,0.01,41,,7.800223032971232
colosseum,841,orc,-0.28922836985984085,3.98,,,d6-c1-n0.01-m41,6,1,0.01,41,,7.800223032971232
colosseum,841,spc_hop,,0.0,,,d6-c1-n0.01-m41,6,1,0.01,41,,7.800223032971232
colosseum,841,spc_diffusion_t5,,0.0,,,d6-c1-n0.01-m41,6,1,0.01,41,,7.800223032971232
colosseum,841,laziness_knn_t5,-6.49655818939209,0.15,,,d6-c1-n0.01-m41,6,1,0.01,41,,7.800223032971232
colosseum,841,laziness_adaptive_t5,-6.490767478942871,0.2,,,d6-c1-n0.01-m41,6,1,0.01,41,,7.800223032971232
colosseum,841,successor_entropy,,0.0,0.0,diffusion_curvature.successor.train.FBTrainer() got multiple values for keyword argument 'batch_size',d6-c1-n0.01-m41,6,1,0.01,41,,7.800223032971232
colosseum,841,successor_orc,,0.0,0.0,diffusion_curvature.successor.train.FBTrainer() got multiple values for keyword argument 'batch_size',d6-c1-n0.01-m41,6,1,0.01,41,,7.800223032971232
colosseum,849,dc2,0.09952497482299805,2.1,,,d6-c1-n0.01-m49,6,1,0.01,49,,22.79498924132852
colosseum,849,dc_wasserstein_ollivier,0.5996145009994507,3.27,,,d6-c1-n0.01-m49,6,1,0.01,49,,22.79498924132852
colosseum,849,dc_entropic_subtraction,3.6109018325805664,1.78,,,d6-c1-n0.01-m49,6,1,0.01,49,,22.79498924132852
colosseum,849,hickock,20.529156051770187,28.47,,,d6-c1-n0.01-m49,6,1,0.01,49,,22.79498924132852
colosseum,849,orc,-0.18298257939036577,5.48,,,d6-c1-n0.01-m49,6,1,0.01,49,,22.79498924132852
colosseum,849,spc_hop,,0.0,,,d6-c1-n0.01-m49,6,1,0.01,49,,22.79498924132852
colosseum,849,spc_diffusion_t5,,0.0,,,d6-c1-n0.01-m49,6,1,0.01,49,,22.79498924132852
colosseum,849,laziness_knn_t5,-6.2433671951293945,0.16,,,d6-c1-n0.01-m49,6,1,0.01,49,,22.79498924132852
colosseum,849,laziness_adaptive_t5,-6.218053817749023,0.23,,,d6-c1-n0.01-m49,6,1,0.01,49,,22.79498924132852
colosseum,849,successor_entropy,,0.0,0.0,diffusion_curvature.successor.train.FBTrainer() got multiple values for keyword argument 'batch_size',d6-c1-n0.01-m49,6,1,0.01,49,,22.79498924132852
colosseum,849,successor_orc,,0.0,0.0,diffusion_curvature.successor.train.FBTrainer() got multiple values for keyword argument 'batch_size',d6-c1-n0.01-m49,6,1,0.01,49,,22.79498924132852
colosseum,857,dc2,-0.22779273986816406,3.2,,,d6-c1-n0.05-m7,6,1,0.05,7,,-24.584233333731213
colosseum,857,dc_wasserstein_ollivier,0.5156124830245972,4.42,,,d6-c1-n0.05-m7,6,1,0.05,7,,-24.584233333731213
colosseum,857,dc_entropic_subtraction,3.4221878051757812,1.3,,,d6-c1-n0.05-m7,6,1,0.05,7,,-24.584233333731213
colosseum,857,hickock,20.45620307171588,32.2,,,d6-c1-n0.05-m7,6,1,0.05,7,,-24.584233333731213
colosseum,857,orc,-0.2422543594923788,5.33,,,d6-c1-n0.05-m7,6,1,0.05,7,,-24.584233333731213
colosseum,857,spc_hop,,0.0,,,d6-c1-n0.05-m7,6,1,0.05,7,,-24.584233333731213
colosseum,857,spc_diffusion_t5,,0.0,,,d6-c1-n0.05-m7,6,1,0.05,7,,-24.584233333731213
colosseum,857,laziness_knn_t5,-6.559743881225586,0.21,,,d6-c1-n0.05-m7,6,1,0.05,7,,-24.584233333731213
colosseum,857,laziness_adaptive_t5,-6.52269983291626,0.28,,,d6-c1-n0.05-m7,6,1,0.05,7,,-24.584233333731213
colosseum,857,successor_entropy,,0.0,0.0,diffusion_curvature.successor.train.FBTrainer() got multiple values for keyword argument 'batch_size',d6-c1-n0.05-m7,6,1,0.05,7,,-24.584233333731213
colosseum,857,successor_orc,,0.0,0.0,diffusion_curvature.successor.train.FBTrainer() got multiple values for keyword argument 'batch_size',d6-c1-n0.05-m7,6,1,0.05,7,,-24.584233333731213
colosseum,865,dc2,-0.3357257843017578,2.1,,,d6-c1-n0.05-m15,6,1,0.05,15,,-44.52072288267056
colosseum,865,dc_wasserstein_ollivier,0.6253594160079956,2.73,,,d6-c1-n0.05-m15,6,1,0.05,15,,-44.52072288267056
colosseum,865,dc_entropic_subtraction,3.9761428833007812,1.46,,,d6-c1-n0.05-m15,6,1,0.05,15,,-44.52072288267056
colosseum,865,hickock,20.45439842230578,28.86,,,d6-c1-n0.05-m15,6,1,0.05,15,,-44.52072288267056
colosseum,865,orc,-0.29409925317680286,4.27,,,d6-c1-n0.05-m15,6,1,0.05,15,,-44.52072288267056
colosseum,865,spc_hop,,0.0,,,d6-c1-n0.05-m15,6,1,0.05,15,,-44.52072288267056
colosseum,865,spc_diffusion_t5,,0.0,,,d6-c1-n0.05-m15,6,1,0.05,15,,-44.52072288267056
colosseum,865,laziness_knn_t5,-6.501119136810303,0.22,,,d6-c1-n0.05-m15,6,1,0.05,15,,-44.52072288267056
colosseum,865,laziness_adaptive_t5,-6.4860453605651855,0.32,,,d6-c1-n0.05-m15,6,1,0.05,15,,-44.52072288267056
colosseum,865,successor_entropy,,0.0,0.0,diffusion_curvature.successor.train.FBTrainer() got multiple values for keyword argument 'batch_size',d6-c1-n0.05-m15,6,1,0.05,15,,-44.52072288267056
colosseum,865,successor_orc,,0.0,0.0,diffusion_curvature.successor.train.FBTrainer() got multiple values for keyword argument 'batch_size',d6-c1-n0.05-m15,6,1,0.05,15,,-44.52072288267056
colosseum,873,dc2,-0.23914384841918945,2.8,,,d6-c1-n0.05-m23,6,1,0.05,23,,-52.1693931266571
colosseum,873,dc_wasserstein_ollivier,0.5864385366439819,4.32,,,d6-c1-n0.05-m23,6,1,0.05,23,,-52.1693931266571
colosseum,873,dc_entropic_subtraction,3.8279190063476562,1.37,,,d6-c1-n0.05-m23,6,1,0.05,23,,-52.1693931266571
colosseum,873,hickock,20.671877285590796,32.41,,,d6-c1-n0.05-m23,6,1,0.05,23,,-52.1693931266571
colosseum,873,orc,-0.25479863307987877,4.16,,,d6-c1-n0.05-m23,6,1,0.05,23,,-52.1693931266571
colosseum,873,spc_hop,,0.0,,,d6-c1-n0.05-m23,6,1,0.05,23,,-52.1693931266571
colosseum,873,spc_diffusion_t5,,0.0,,,d6-c1-n0.05-m23,6,1,0.05,23,,-52.1693931266571
colosseum,873,laziness_knn_t5,-6.588471412658691,0.15,,,d6-c1-n0.05-m23,6,1,0.05,23,,-52.1693931266571
colosseum,873,laziness_adaptive_t5,-6.537697792053223,0.2,,,d6-c1-n0.05-m23,6,1,0.05,23,,-52.1693931266571
colosseum,873,successor_entropy,,0.0,0.0,diffusion_curvature.successor.train.FBTrainer() got multiple values for keyword argument 'batch_size',d6-c1-n0.05-m23,6,1,0.05,23,,-52.1693931266571
colosseum,873,successor_orc,,0.0,0.0,diffusion_curvature.successor.train.FBTrainer() got multiple values for keyword argument 'batch_size',d6-c1-n0.05-m23,6,1,0.05,23,,-52.1693931266571
colosseum,881,dc2,-0.19924211502075195,2.72,,,d6-c1-n0.05-m31,6,1,0.05,31,,-17.12433716799504
colosseum,881,dc_wasserstein_ollivier,0.6297534108161926,4.04,,,d6-c1-n0.05-m31,6,1,0.05,31,,-17.12433716799504
colosseum,881,dc_entropic_subtraction,4.438090801239014,1.34,,,d6-c1-n0.05-m31,6,1,0.05,31,,-17.12433716799504
colosseum,881,hickock,21.04350958365324,28.04,,,d6-c1-n0.05-m31,6,1,0.05,31,,-17.12433716799504
colosseum,881,orc,-0.43718986342423183,4.55,,,d6-c1-n0.05-m31,6,1,0.05,31,,-17.12433716799504
colosseum,881,spc_hop,,0.0,,,d6-c1-n0.05-m31,6,1,0.05,31,,-17.12433716799504
colosseum,881,spc_diffusion_t5,,0.0,,,d6-c1-n0.05-m31,6,1,0.05,31,,-17.12433716799504
colosseum,881,laziness_knn_t5,-6.824647903442383,0.18,,,d6-c1-n0.05-m31,6,1,0.05,31,,-17.12433716799504
colosseum,881,laziness_adaptive_t5,-6.8562517166137695,0.44,,,d6-c1-n0.05-m31,6,1,0.05,31,,-17.12433716799504
colosseum,881,successor_entropy,,0.0,0.0,diffusion_curvature.successor.train.FBTrainer() got multiple values for keyword argument 'batch_size',d6-c1-n0.05-m31,6,1,0.05,31,,-17.12433716799504
colosseum,881,successor_orc,,0.0,0.0,diffusion_curvature.successor.train.FBTrainer() got multiple values for keyword argument 'batch_size',d6-c1-n0.05-m31,6,1,0.05,31,,-17.12433716799504
colosseum,889,dc2,-0.7446002960205078,2.33,,,d6-c1-n0.05-m39,6,1,0.05,39,,-76.75085222941715
colosseum,889,dc_wasserstein_ollivier,0.571765124797821,4.49,,,d6-c1-n0.05-m39,6,1,0.05,39,,-76.75085222941715
colosseum,889,dc_entropic_subtraction,3.4075231552124023,2.32,,,d6-c1-n0.05-m39,6,1,0.05,39,,-76.75085222941715
colosseum,889,hickock,20.403080274310803,31.06,,,d6-c1-n0.05-m39,6,1,0.05,39,,-76.75085222941715
colosseum,889,orc,-0.30366212103370616,4.09,,,d6-c1-n0.05-m39,6,1,0.05,39,,-76.75085222941715
colosseum,889,spc_hop,,0.0,,,d6-c1-n0.05-m39,6,1,0.05,39,,-76.75085222941715
colosseum,889,spc_diffusion_t5,,0.0,,,d6-c1-n0.05-m39,6,1,0.05,39,,-76.75085222941715
colosseum,889,laziness_knn_t5,-6.596571922302246,0.22,,,d6-c1-n0.05-m39,6,1,0.05,39,,-76.75085222941715
colosseum,889,laziness_adaptive_t5,-6.605194091796875,0.31,,,d6-c1-n0.05-m39,6,1,0.05,39,,-76.75085222941715
colosseum,889,successor_entropy,,0.0,0.0,diffusion_curvature.successor.train.FBTrainer() got multiple values for keyword argument 'batch_size',d6-c1-n0.05-m39,6,1,0.05,39,,-76.75085222941715
colosseum,889,successor_orc,,0.0,0.0,diffusion_curvature.successor.train.FBTrainer() got multiple values for keyword argument 'batch_size',d6-c1-n0.05-m39,6,1,0.05,39,,-76.75085222941715
colosseum,897,dc2,-0.17031288146972656,2.45,,,d6-c1-n0.05-m47,6,1,0.05,47,,-9.120295961300137
colosseum,897,dc_wasserstein_ollivier,0.5306915044784546,5.62,,,d6-c1-n0.05-m47,6,1,0.05,47,,-9.120295961300137
colosseum,897,dc_entropic_subtraction,3.325254440307617,2.13,,,d6-c1-n0.05-m47,6,1,0.05,47,,-9.120295961300137
colosseum,897,hickock,20.50546483640764,28.14,,,d6-c1-n0.05-m47,6,1,0.05,47,,-9.120295961300137
colosseum,897,orc,-0.3556613969502326,3.2,,,d6-c1-n0.05-m47,6,1,0.05,47,,-9.120295961300137
colosseum,897,spc_hop,,0.0,,,d6-c1-n0.05-m47,6,1,0.05,47,,-9.120295961300137
colosseum,897,spc_diffusion_t5,,0.0,,,d6-c1-n0.05-m47,6,1,0.05,47,,-9.120295961300137
colosseum,897,laziness_knn_t5,-6.659529685974121,0.11,,,d6-c1-n0.05-m47,6,1,0.05,47,,-9.120295961300137
colosseum,897,laziness_adaptive_t5,-6.697662353515625,0.2,,,d6-c1-n0.05-m47,6,1,0.05,47,,-9.120295961300137
colosseum,897,successor_entropy,,0.0,0.0,diffusion_curvature.successor.train.FBTrainer() got multiple values for keyword argument 'batch_size',d6-c1-n0.05-m47,6,1,0.05,47,,-9.120295961300137
colosseum,897,successor_orc,,0.0,0.0,diffusion_curvature.successor.train.FBTrainer() got multiple values for keyword argument 'batch_size',d6-c1-n0.05-m47,6,1,0.05,47,,-9.120295961300137
colosseum,905,dc2,-0.9354701042175293,3.77,,,d6-c1-n0.1-m5,6,1,0.1,5,,-91.36021593346493
colosseum,905,dc_wasserstein_ollivier,0.6695641279220581,5.42,,,d6-c1-n0.1-m5,6,1,0.1,5,,-91.36021593346493
colosseum,905,dc_entropic_subtraction,4.022555828094482,2.16,,,d6-c1-n0.1-m5,6,1,0.1,5,,-91.36021593346493
colosseum,905,hickock,20.546296469503176,31.34,,,d6-c1-n0.1-m5,6,1,0.1,5,,-91.36021593346493
colosseum,905,orc,-0.3345173278789077,3.44,,,d6-c1-n0.1-m5,6,1,0.1,5,,-91.36021593346493
colosseum,905,spc_hop,,0.0,,,d6-c1-n0.1-m5,6,1,0.1,5,,-91.36021593346493
colosseum,905,spc_diffusion_t5,,0.0,,,d6-c1-n0.1-m5,6,1,0.1,5,,-91.36021593346493
colosseum,905,laziness_knn_t5,-6.607889175415039,0.14,,,d6-c1-n0.1-m5,6,1,0.1,5,,-91.36021593346493
colosseum,905,laziness_adaptive_t5,-6.570473670959473,0.24,,,d6-c1-n0.1-m5,6,1,0.1,5,,-91.36021593346493
colosseum,905,successor_entropy,,0.0,0.0,diffusion_curvature.successor.train.FBTrainer() got multiple values for keyword argument 'batch_size',d6-c1-n0.1-m5,6,1,0.1,5,,-91.36021593346493
colosseum,905,successor_orc,,0.0,0.0,diffusion_curvature.successor.train.FBTrainer() got multiple values for keyword argument 'batch_size',d6-c1-n0.1-m5,6,1,0.1,5,,-91.36021593346493
colosseum,913,dc2,-0.22002124786376953,3.15,,,d6-c1-n0.1-m13,6,1,0.1,13,,-10.886638374110394
colosseum,913,dc_wasserstein_ollivier,0.6494024991989136,5.12,,,d6-c1-n0.1-m13,6,1,0.1,13,,-10.886638374110394
colosseum,913,dc_entropic_subtraction,4.067515850067139,2.21,,,d6-c1-n0.1-m13,6,1,0.1,13,,-10.886638374110394
colosseum,913,hickock,20.381333294109428,27.88,,,d6-c1-n0.1-m13,6,1,0.1,13,,-10.886638374110394
colosseum,913,orc,-0.34887459407657656,3.38,,,d6-c1-n0.1-m13,6,1,0.1,13,,-10.886638374110394
colosseum,913,spc_hop,,0.0,,,d6-c1-n0.1-m13,6,1,0.1,13,,-10.886638374110394
colosseum,913,spc_diffusion_t5,,0.0,,,d6-c1-n0.1-m13,6,1,0.1,13,,-10.886638374110394
colosseum,913,laziness_knn_t5,-6.498496055603027,0.14,,,d6-c1-n0.1-m13,6,1,0.1,13,,-10.886638374110394
colosseum,913,laziness_adaptive_t5,-6.527070999145508,0.25,,,d6-c1-n0.1-m13,6,1,0.1,13,,-10.886638374110394
colosseum,913,successor_entropy,,0.0,0.0,diffusion_curvature.successor.train.FBTrainer() got multiple values for keyword argument 'batch_size',d6-c1-n0.1-m13,6,1,0.1,13,,-10.886638374110394
colosseum,913,successor_orc,,0.0,0.0,diffusion_curvature.successor.train.FBTrainer() got multiple values for keyword argument 'batch_size',d6-c1-n0.1-m13,6,1,0.1,13,,-10.886638374110394
colosseum,921,dc2,-0.5025343894958496,4.37,,,d6-c1-n0.1-m21,6,1,0.1,21,,6.6649328035019195
colosseum,921,dc_wasserstein_ollivier,0.6845883131027222,7.3,,,d6-c1-n0.1-m21,6,1,0.1,21,,6.6649328035019195
colosseum,921,dc_entropic_subtraction,4.351004123687744,2.28,,,d6-c1-n0.1-m21,6,1,0.1,21,,6.6649328035019195
colosseum,921,hickock,21.01532580301223,29.18,,,d6-c1-n0.1-m21,6,1,0.1,21,,6.6649328035019195
colosseum,921,orc,-0.335799463711653,3.67,,,d6-c1-n0.1-m21,6,1,0.1,21,,6.6649328035019195
colosseum,921,spc_hop,,0.0,,,d6-c1-n0.1-m21,6,1,0.1,21,,6.6649328035019195
colosseum,921,spc_diffusion_t5,,0.0,,,d6-c1-n0.1-m21,6,1,0.1,21,,6.6649328035019195
colosseum,921,laziness_knn_t5,-6.488766670227051,0.77,,,d6-c1-n0.1-m21,6,1,0.1,21,,6.6649328035019195
colosseum,921,laziness_adaptive_t5,-6.465969562530518,0.21,,,d6-c1-n0.1-m21,6,1,0.1,21,,6.6649328035019195
colosseum,921,successor_entropy,,0.0,0.0,diffusion_curvature.successor.train.FBTrainer() got multiple values for keyword argument 'batch_size',d6-c1-n0.1-m21,6,1,0.1,21,,6.6649328035019195
colosseum,921,successor_orc,,0.0,0.0,diffusion_curvature.successor.train.FBTrainer() got multiple values for keyword argument 'batch_size',d6-c1-n0.1-m21,6,1,0.1,21,,6.6649328035019195
colosseum,929,dc2,-0.14428472518920898,5.62,,,d6-c1-n0.1-m29,6,1,0.1,29,,-23.32611244999186
colosseum,929,dc_wasserstein_ollivier,0.6832588315010071,5.51,,,d6-c1-n0.1-m29,6,1,0.1,29,,-23.32611244999186
colosseum,929,dc_entropic_subtraction,4.1976094245910645,1.94,,,d6-c1-n0.1-m29,6,1,0.1,29,,-23.32611244999186
colosseum,929,hickock,20.35425487453645,25.44,,,d6-c1-n0.1-m29,6,1,0.1,29,,-23.32611244999186
colosseum,929,orc,-0.23698614440626958,3.4,,,d6-c1-n0.1-m29,6,1,0.1,29,,-23.32611244999186
colosseum,929,spc_hop,,0.0,,,d6-c1-n0.1-m29,6,1,0.1,29,,-23.32611244999186
colosseum,929,spc_diffusion_t5,,0.0,,,d6-c1-n0.1-m29,6,1,0.1,29,,-23.32611244999186
colosseum,929,laziness_knn_t5,-6.361428737640381,0.18,,,d6-c1-n0.1-m29,6,1,0.1,29,,-23.32611244999186
colosseum,929,laziness_adaptive_t5,-6.355700492858887,0.41,,,d6-c1-n0.1-m29,6,1,0.1,29,,-23.32611244999186
colosseum,929,successor_entropy,,0.0,0.0,diffusion_curvature.successor.train.FBTrainer() got multiple values for keyword argument 'batch_size',d6-c1-n0.1-m29,6,1,0.1,29,,-23.32611244999186
colosseum,929,successor_orc,,0.0,0.0,diffusion_curvature.successor.train.FBTrainer() got multiple values for keyword argument 'batch_size',d6-c1-n0.1-m29,6,1,0.1,29,,-23.32611244999186
colosseum,937,dc2,-0.2521662712097168,5.43,,,d6-c1-n0.1-m37,6,1,0.1,37,,0.5007659335961527
colosseum,937,dc_wasserstein_ollivier,0.651104748249054,7.32,,,d6-c1-n0.1-m37,6,1,0.1,37,,0.5007659335961527
colosseum,937,dc_entropic_subtraction,3.5137412548065186,2.15,,,d6-c1-n0.1-m37,6,1,0.1,37,,0.5007659335961527
colosseum,937,hickock,20.59616420819545,27.49,,,d6-c1-n0.1-m37,6,1,0.1,37,,0.5007659335961527
colosseum,937,orc,-0.2973858821374178,3.69,,,d6-c1-n0.1-m37,6,1,0.1,37,,0.5007659335961527
colosseum,937,spc_hop,,0.0,,,d6-c1-n0.1-m37,6,1,0.1,37,,0.5007659335961527
colosseum,937,spc_diffusion_t5,,0.0,,,d6-c1-n0.1-m37,6,1,0.1,37,,0.5007659335961527
colosseum,937,laziness_knn_t5,-6.526684761047363,0.13,,,d6-c1-n0.1-m37,6,1,0.1,37,,0.5007659335961527
colosseum,937,laziness_adaptive_t5,-6.515389919281006,0.34,,,d6-c1-n0.1-m37,6,1,0.1,37,,0.5007659335961527
colosseum,937,successor_entropy,,0.0,0.0,diffusion_curvature.successor.train.FBTrainer() got multiple values for keyword argument 'batch_size',d6-c1-n0.1-m37,6,1,0.1,37,,0.5007659335961527
colosseum,937,successor_orc,,0.0,0.0,diffusion_curvature.successor.train.FBTrainer() got multiple values for keyword argument 'batch_size',d6-c1-n0.1-m37,6,1,0.1,37,,0.5007659335961527
colosseum,945,dc2,-0.4740886688232422,5.28,,,d6-c1-n0.1-m45,6,1,0.1,45,,-62.17423007003383
colosseum,945,dc_wasserstein_ollivier,0.7589483261108398,5.83,,,d6-c1-n0.1-m45,6,1,0.1,45,,-62.17423007003383
colosseum,945,dc_entropic_subtraction,4.740180015563965,1.57,,,d6-c1-n0.1-m45,6,1,0.1,45,,-62.17423007003383
colosseum,945,hickock,20.518036046582285,26.23,,,d6-c1-n0.1-m45,6,1,0.1,45,,-62.17423007003383
colosseum,945,orc,-0.3708472896490672,4.26,,,d6-c1-n0.1-m45,6,1,0.1,45,,-62.17423007003383
colosseum,945,spc_hop,,0.0,,,d6-c1-n0.1-m45,6,1,0.1,45,,-62.17423007003383
colosseum,945,spc_diffusion_t5,,0.0,,,d6-c1-n0.1-m45,6,1,0.1,45,,-62.17423007003383
colosseum,945,laziness_knn_t5,-6.503505706787109,0.44,,,d6-c1-n0.1-m45,6,1,0.1,45,,-62.17423007003383
colosseum,945,laziness_adaptive_t5,-6.488506317138672,0.93,,,d6-c1-n0.1-m45,6,1,0.1,45,,-62.17423007003383
colosseum,945,successor_entropy,,0.0,0.0,diffusion_curvature.successor.train.FBTrainer() got multiple values for keyword argument 'batch_size',d6-c1-n0.1-m45,6,1,0.1,45,,-62.17423007003383
colosseum,945,successor_orc,,0.0,0.0,diffusion_curvature.successor.train.FBTrainer() got multiple values for keyword argument 'batch_size',d6-c1-n0.1-m45,6,1,0.1,45,,-62.17423007003383
colosseum,953,dc2,-1.014556884765625,5.53,,,d6-c1-n0.2-m3,6,1,0.2,3,,-37.3114519059702
colosseum,953,dc_wasserstein_ollivier,0.9470859169960022,5.75,,,d6-c1-n0.2-m3,6,1,0.2,3,,-37.3114519059702
colosseum,953,dc_entropic_subtraction,6.910470485687256,1.65,,,d6-c1-n0.2-m3,6,1,0.2,3,,-37.3114519059702
colosseum,953,hickock,22.287202766709747,27.46,,,d6-c1-n0.2-m3,6,1,0.2,3,,-37.3114519059702
colosseum,953,orc,-0.3525331824591312,2.92,,,d6-c1-n0.2-m3,6,1,0.2,3,,-37.3114519059702
colosseum,953,spc_hop,,0.0,,,d6-c1-n0.2-m3,6,1,0.2,3,,-37.3114519059702
colosseum,953,spc_diffusion_t5,,0.0,,,d6-c1-n0.2-m3,6,1,0.2,3,,-37.3114519059702
colosseum,953,laziness_knn_t5,-6.674807548522949,0.16,,,d6-c1-n0.2-m3,6,1,0.2,3,,-37.3114519059702
colosseum,953,laziness_adaptive_t5,-6.679466247558594,0.22,,,d6-c1-n0.2-m3,6,1,0.2,3,,-37.3114519059702
colosseum,953,successor_entropy,,0.0,0.0,diffusion_curvature.successor.train.FBTrainer() got multiple values for keyword argument 'batch_size',d6-c1-n0.2-m3,6,1,0.2,3,,-37.3114519059702
colosseum,953,successor_orc,,0.0,0.0,diffusion_curvature.successor.train.FBTrainer() got multiple values for keyword argument 'batch_size',d6-c1-n0.2-m3,6,1,0.2,3,,-37.3114519059702
colosseum,961,dc2,-0.737058162689209,4.16,,,d6-c1-n0.2-m11,6,1,0.2,11,,-41.970111063019786
colosseum,961,dc_wasserstein_ollivier,0.6030551195144653,4.71,,,d6-c1-n0.2-m11,6,1,0.2,11,,-41.970111063019786
colosseum,961,dc_entropic_subtraction,3.7936794757843018,2.57,,,d6-c1-n0.2-m11,6,1,0.2,11,,-41.970111063019786
colosseum,961,hickock,20.66070182488157,24.3,,,d6-c1-n0.2-m11,6,1,0.2,11,,-41.970111063019786
colosseum,961,orc,-0.2997568230072891,2.77,,,d6-c1-n0.2-m11,6,1,0.2,11,,-41.970111063019786
colosseum,961,spc_hop,,0.0,,,d6-c1-n0.2-m11,6,1,0.2,11,,-41.970111063019786
colosseum,961,spc_diffusion_t5,,0.0,,,d6-c1-n0.2-m11,6,1,0.2,11,,-41.970111063019786
colosseum,961,laziness_knn_t5,-6.684259414672852,0.11,,,d6-c1-n0.2-m11,6,1,0.2,11,,-41.970111063019786
colosseum,961,laziness_adaptive_t5,-6.650801181793213,0.22,,,d6-c1-n0.2-m11,6,1,0.2,11,,-41.970111063019786
colosseum,961,successor_entropy,,0.0,0.0,diffusion_curvature.successor.train.FBTrainer() got multiple values for keyword argument 'batch_size',d6-c1-n0.2-m11,6,1,0.2,11,,-41.970111063019786
colosseum,961,successor_orc,,0.0,0.0,diffusion_curvature.successor.train.FBTrainer() got multiple values for keyword argument 'batch_size',d6-c1-n0.2-m11,6,1,0.2,11,,-41.970111063019786
colosseum,969,dc2,-1.1187357902526855,3.64,,,d6-c1-n0.2-m19,6,1,0.2,19,,-23.68279981147191
colosseum,969,dc_wasserstein_ollivier,0.7376604676246643,4.97,,,d6-c1-n0.2-m19,6,1,0.2,19,,-23.68279981147191
colosseum,969,dc_entropic_subtraction,4.945075511932373,2.58,,,d6-c1-n0.2-m19,6,1,0.2,19,,-23.68279981147191
colosseum,969,hickock,21.422536556644232,27.37,,,d6-c1-n0.2-m19,6,1,0.2,19,,-23.68279981147191
colosseum,969,orc,-0.32573804496527586,3.1,,,d6-c1-n0.2-m19,6,1,0.2,19,,-23.68279981147191
colosseum,969,spc_hop,,0.0,,,d6-c1-n0.2-m19,6,1,0.2,19,,-23.68279981147191
colosseum,969,spc_diffusion_t5,,0.0,,,d6-c1-n0.2-m19,6,1,0.2,19,,-23.68279981147191
colosseum,969,laziness_knn_t5,-6.712765693664551,0.13,,,d6-c1-n0.2-m19,6,1,0.2,19,,-23.68279981147191
colosseum,969,laziness_adaptive_t5,-6.708502769470215,0.94,,,d6-c1-n0.2-m19,6,1,0.2,19,,-23.68279981147191
colosseum,969,successor_entropy,,0.0,0.0,diffusion_curvature.successor.train.FBTrainer() got multiple values for keyword argument 'batch_size',d6-c1-n0.2-m19,6,1,0.2,19,,-23.68279981147191
colosseum,969,successor_orc,,0.0,0.0,diffusion_curvature.successor.train.FBTrainer() got multiple values for keyword argument 'batch_size',d6-c1-n0.2-m19,6,1,0.2,19,,-23.68279981147191
colosseum,977,dc2,-1.0227179527282715,3.83,,,d6-c1-n0.2-m27,6,1,0.2,27,,38.0134597150502
colosseum,977,dc_wasserstein_ollivier,0.8016599416732788,4.23,,,d6-c1-n0.2-m27,6,1,0.2,27,,38.0134597150502
colosseum,977,dc_entropic_subtraction,5.123872756958008,1.99,,,d6-c1-n0.2-m27,6,1,0.2,27,,38.0134597150502
colosseum,977,hickock,21.23141844210984,24.54,,,d6-c1-n0.2-m27,6,1,0.2,27,,38.0134597150502
colosseum,977,orc,-0.28109020456491285,3.31,,,d6-c1-n0.2-m27,6,1,0.2,27,,38.0134597150502
colosseum,977,spc_hop,,0.0,,,d6-c1-n0.2-m27,6,1,0.2,27,,38.0134597150502
colosseum,977,spc_diffusion_t5,,0.0,,,d6-c1-n0.2-m27,6,1,0.2,27,,38.0134597150502
colosseum,977,laziness_knn_t5,-6.342829704284668,0.27,,,d6-c1-n0.2-m27,6,1,0.2,27,,38.0134597150502
colosseum,977,laziness_adaptive_t5,-6.3522138595581055,0.28,,,d6-c1-n0.2-m27,6,1,0.2,27,,38.0134597150502
colosseum,977,successor_entropy,,0.0,0.0,diffusion_curvature.successor.train.FBTrainer() got multiple values for keyword argument 'batch_size',d6-c1-n0.2-m27,6,1,0.2,27,,38.0134597150502
colosseum,977,successor_orc,,0.0,0.0,diffusion_curvature.successor.train.FBTrainer() got multiple values for keyword argument 'batch_size',d6-c1-n0.2-m27,6,1,0.2,27,,38.0134597150502
colosseum,985,dc2,-1.371598243713379,3.73,,,d6-c1-n0.2-m35,6,1,0.2,35,,-57.13399865581728
colosseum,985,dc_wasserstein_ollivier,0.6666320562362671,4.5,,,d6-c1-n0.2-m35,6,1,0.2,35,,-57.13399865581728
colosseum,985,dc_entropic_subtraction,3.9420933723449707,2.29,,,d6-c1-n0.2-m35,6,1,0.2,35,,-57.13399865581728
colosseum,985,hickock,20.107884256866,28.01,,,d6-c1-n0.2-m35,6,1,0.2,35,,-57.13399865581728
colosseum,985,orc,-0.2997632417690111,2.91,,,d6-c1-n0.2-m35,6,1,0.2,35,,-57.13399865581728
colosseum,985,spc_hop,,0.0,,,d6-c1-n0.2-m35,6,1,0.2,35,,-57.13399865581728
colosseum,985,spc_diffusion_t5,,0.0,,,d6-c1-n0.2-m35,6,1,0.2,35,,-57.13399865581728
colosseum,985,laziness_knn_t5,-6.5113019943237305,0.12,,,d6-c1-n0.2-m35,6,1,0.2,35,,-57.13399865581728
colosseum,985,laziness_adaptive_t5,-6.520951271057129,0.35,,,d6-c1-n0.2-m35,6,1,0.2,35,,-57.13399865581728
colosseum,985,successor_entropy,,0.0,0.0,diffusion_curvature.successor.train.FBTrainer() got multiple values for keyword argument 'batch_size',d6-c1-n0.2-m35,6,1,0.2,35,,-57.13399865581728
colosseum,985,successor_orc,,0.0,0.0,diffusion_curvature.successor.train.FBTrainer() got multiple values for keyword argument 'batch_size',d6-c1-n0.2-m35,6,1,0.2,35,,-57.13399865581728
colosseum,993,dc2,-1.0197315216064453,3.74,,,d6-c1-n0.2-m43,6,1,0.2,43,,-53.84742289442725
colosseum,993,dc_wasserstein_ollivier,0.7801653146743774,3.24,,,d6-c1-n0.2-m43,6,1,0.2,43,,-53.84742289442725
colosseum,993,dc_entropic_subtraction,4.583209991455078,1.86,,,d6-c1-n0.2-m43,6,1,0.2,43,,-53.84742289442725
colosseum,993,hickock,20.619648562805576,25.13,,,d6-c1-n0.2-m43,6,1,0.2,43,,-53.84742289442725
colosseum,993,orc,-0.1958323135943344,3.38,,,d6-c1-n0.2-m43,6,1,0.2,43,,-53.84742289442725
colosseum,993,spc_hop,,0.0,,,d6-c1-n0.2-m43,6,1,0.2,43,,-53.84742289442725
colosseum,993,spc_diffusion_t5,,0.0,,,d6-c1-n0.2-m43,6,1,0.2,43,,-53.84742289442725
colosseum,993,laziness_knn_t5,-6.331873416900635,0.53,,,d6-c1-n0.2-m43,6,1,0.2,43,,-53.84742289442725
colosseum,993,laziness_adaptive_t5,-6.381568431854248,0.21,,,d6-c1-n0.2-m43,6,1,0.2,43,,-53.84742289442725
colosseum,993,successor_entropy,,0.0,0.0,diffusion_curvature.successor.train.FBTrainer() got multiple values for keyword argument 'batch_size',d6-c1-n0.2-m43,6,1,0.2,43,,-53.84742289442725
colosseum,993,successor_orc,,0.0,0.0,diffusion_curvature.successor.train.FBTrainer() got multiple values for keyword argument 'batch_size',d6-c1-n0.2-m43,6,1,0.2,43,,-53.84742289442725
