dataset,instance,method,ks_hat,elapsed_s,fb_elapsed_s,err,name,dim,codim,noise,m,shape,ks_true
colosseum,93,dc2,,16.41,,RESOURCE_EXHAUSTED: Out of memory while trying to allocate 4194432 bytes.,d2-c1-n0.05-m43,2,1,0.05,43,,-8.725034138174255
colosseum,93,dc_wasserstein_ollivier,,11.3,,RESOURCE_EXHAUSTED: Out of memory while trying to allocate 76195072 bytes.,d2-c1-n0.05-m43,2,1,0.05,43,,-8.725034138174255
colosseum,93,dc_entropic_subtraction,,10.88,,RESOURCE_EXHAUSTED: Out of memory while trying to allocate 76195072 bytes.,d2-c1-n0.05-m43,2,1,0.05,43,,-8.725034138174255
colosseum,93,hickock,-0.12734168863159107,37.31,,,d2-c1-n0.05-m43,2,1,0.05,43,,-8.725034138174255
colosseum,93,orc,0.025359815559008438,4.28,,,d2-c1-n0.05-m43,2,1,0.05,43,,-8.725034138174255
colosseum,93,spc_hop,86.34137000563075,749.3,,,d2-c1-n0.05-m43,2,1,0.05,43,,-8.725034138174255
colosseum,93,spc_diffusion_t5,121.46961697340173,485.49,,,d2-c1-n0.05-m43,2,1,0.05,43,,-8.725034138174255
colosseum,93,laziness_knn_t5,,10.48,,RESOURCE_EXHAUSTED: Out of memory while trying to allocate 36000000 bytes.,d2-c1-n0.05-m43,2,1,0.05,43,,-8.725034138174255
colosseum,93,laziness_adaptive_t5,,11.24,,RESOURCE_EXHAUSTED: Out of memory while trying to allocate 36000000 bytes.,d2-c1-n0.05-m43,2,1,0.05,43,,-8.725034138174255
colosseum,93,successor_entropy,,0.0,0.0,diffusion_curvature.successor.train.FBTrainer() got multiple values for keyword argument 'batch_size',d2-c1-n0.05-m43,2,1,0.05,43,,-8.725034138174255
colosseum,93,successor_orc,,0.0,0.0,diffusion_curvature.successor.train.FBTrainer() got multiple values for keyword argument 'batch_size',d2-c1-n0.05-m43,2,1,0.05,43,,-8.725034138174255
colosseum,101,dc2,,10.55,,RESOURCE_EXHAUSTED: Out of memory while trying to allocate 36000000 bytes.,d2-c1-n0.1-m1,2,1,0.1,1,,-7.821470231287928
colosseum,101,dc_wasserstein_ollivier,,11.24,,RESOURCE_EXHAUSTED: Out of memory while trying to allocate 76195072 bytes.,d2-c1-n0.1-m1,2,1,0.1,1,,-7.821470231287928
colosseum,101,dc_entropic_subtraction,,10.95,,RESOURCE_EXHAUSTED: Out of memory while trying to allocate 36000000 bytes.,d2-c1-n0.1-m1,2,1,0.1,1,,-7.821470231287928
colosseum,101,hickock,-6.7764366547495865,29.89,,,d2-c1-n0.1-m1,2,1,0.1,1,,-7.821470231287928
colosseum,101,orc,-0.1553220422704132,5.35,,,d2-c1-n0.1-m1,2,1,0.1,1,,-7.821470231287928
colosseum,101,spc_hop,396.22244177301786,730.75,,,d2-c1-n0.1-m1,2,1,0.1,1,,-7.821470231287928
colosseum,101,spc_diffusion_t5,-3.041754332703724,383.35,,,d2-c1-n0.1-m1,2,1,0.1,1,,-7.821470231287928
colosseum,101,laziness_knn_t5,,10.32,,RESOURCE_EXHAUSTED: Out of memory while trying to allocate 36000000 bytes.,d2-c1-n0.1-m1,2,1,0.1,1,,-7.821470231287928
colosseum,101,laziness_adaptive_t5,,12.28,,RESOURCE_EXHAUSTED: Out of memory while trying to allocate 36000000 bytes.,d2-c1-n0.1-m1,2,1,0.1,1,,-7.821470231287928
colosseum,101,successor_entropy,,0.0,0.0,diffusion_curvature.successor.train.FBTrainer() got multiple values for keyword argument 'batch_size',d2-c1-n0.1-m1,2,1,0.1,1,,-7.821470231287928
colosseum,101,successor_orc,,0.0,0.0,diffusion_curvature.successor.train.FBTrainer() got multiple values for keyword argument 'batch_size',d2-c1-n0.1-m1,2,1,0.1,1,,-7.821470231287928
colosseum,109,dc2,,14.48,,RESOURCE_EXHAUSTED: Out of memory while trying to allocate 36000000 bytes.,d2-c1-n0.1-m9,2,1,0.1,9,,-8.955772347623947
colosseum,109,dc_wasserstein_ollivier,,16.34,,RESOURCE_EXHAUSTED: Out of memory while trying to allocate 36000000 bytes.,d2-c1-n0.1-m9,2,1,0.1,9,,-8.955772347623947
colosseum,109,dc_entropic_subtraction,,11.55,,RESOURCE_EXHAUSTED: Out of memory while trying to allocate 36000000 bytes.,d2-c1-n0.1-m9,2,1,0.1,9,,-8.955772347623947
colosseum,109,hickock,-7.984877279278045,23.95,,,d2-c1-n0.1-m9,2,1,0.1,9,,-8.955772347623947
colosseum,109,orc,0.025044721435311897,4.26,,,d2-c1-n0.1-m9,2,1,0.1,9,,-8.955772347623947
colosseum,109,spc_hop,-101.91553558095386,824.05,,,d2-c1-n0.1-m9,2,1,0.1,9,,-8.955772347623947
colosseum,109,spc_diffusion_t5,-456.7622073270483,434.15,,,d2-c1-n0.1-m9,2,1,0.1,9,,-8.955772347623947
colosseum,109,laziness_knn_t5,,10.35,,RESOURCE_EXHAUSTED: Out of memory while trying to allocate 36000000 bytes.,d2-c1-n0.1-m9,2,1,0.1,9,,-8.955772347623947
colosseum,109,laziness_adaptive_t5,,10.77,,RESOURCE_EXHAUSTED: Out of memory while trying to allocate 36000000 bytes.,d2-c1-n0.1-m9,2,1,0.1,9,,-8.955772347623947
colosseum,109,successor_entropy,,0.0,0.0,diffusion_curvature.successor.train.FBTrainer() got multiple values for keyword argument 'batch_size',d2-c1-n0.1-m9,2,1,0.1,9,,-8.955772347623947
colosseum,109,successor_orc,,0.0,0.0,diffusion_curvature.successor.train.FBTrainer() got multiple values for keyword argument 'batch_size',d2-c1-n0.1-m9,2,1,0.1,9,,-8.955772347623947
colosseum,117,dc2,,10.61,,RESOURCE_EXHAUSTED: Out of memory while trying to allocate 36000000 bytes.,d2-c1-n0.1-m17,2,1,0.1,17,,3.6447857174231917
colosseum,117,dc_wasserstein_ollivier,,11.81,,RESOURCE_EXHAUSTED: Out of memory while trying to allocate 36000000 bytes.,d2-c1-n0.1-m17,2,1,0.1,17,,3.6447857174231917
colosseum,117,dc_entropic_subtraction,,11.2,,RESOURCE_EXHAUSTED: Out of memory while trying to allocate 36000000 bytes.,d2-c1-n0.1-m17,2,1,0.1,17,,3.6447857174231917
colosseum,117,hickock,-4.838781017659915,31.28,,,d2-c1-n0.1-m17,2,1,0.1,17,,3.6447857174231917
colosseum,117,orc,-0.04969255420278228,4.16,,,d2-c1-n0.1-m17,2,1,0.1,17,,3.6447857174231917
colosseum,117,spc_hop,-69.13280593267473,631.44,,,d2-c1-n0.1-m17,2,1,0.1,17,,3.6447857174231917
colosseum,117,spc_diffusion_t5,-59.29380103871347,361.61,,,d2-c1-n0.1-m17,2,1,0.1,17,,3.6447857174231917
colosseum,117,laziness_knn_t5,,10.32,,RESOURCE_EXHAUSTED: Out of memory while trying to allocate 36000000 bytes.,d2-c1-n0.1-m17,2,1,0.1,17,,3.6447857174231917
colosseum,117,laziness_adaptive_t5,,10.38,,RESOURCE_EXHAUSTED: Out of memory while trying to allocate 36000000 bytes.,d2-c1-n0.1-m17,2,1,0.1,17,,3.6447857174231917
colosseum,117,successor_entropy,,0.0,0.0,diffusion_curvature.successor.train.FBTrainer() got multiple values for keyword argument 'batch_size',d2-c1-n0.1-m17,2,1,0.1,17,,3.6447857174231917
colosseum,117,successor_orc,,0.0,0.0,diffusion_curvature.successor.train.FBTrainer() got multiple values for keyword argument 'batch_size',d2-c1-n0.1-m17,2,1,0.1,17,,3.6447857174231917
colosseum,125,dc2,,10.23,,RESOURCE_EXHAUSTED: Out of memory while trying to allocate 36000000 bytes.,d2-c1-n0.1-m25,2,1,0.1,25,,-1.4668604850273799
colosseum,125,dc_wasserstein_ollivier,,11.09,,RESOURCE_EXHAUSTED: Out of memory while trying to allocate 36000000 bytes.,d2-c1-n0.1-m25,2,1,0.1,25,,-1.4668604850273799
colosseum,125,dc_entropic_subtraction,,10.91,,RESOURCE_EXHAUSTED: Out of memory while trying to allocate 36000000 bytes.,d2-c1-n0.1-m25,2,1,0.1,25,,-1.4668604850273799
colosseum,125,hickock,-5.842140253199444,28.19,,,d2-c1-n0.1-m25,2,1,0.1,25,,-1.4668604850273799
colosseum,125,orc,-0.10266464028769505,4.19,,,d2-c1-n0.1-m25,2,1,0.1,25,,-1.4668604850273799
colosseum,125,spc_hop,-134.38776833898268,548.08,,,d2-c1-n0.1-m25,2,1,0.1,25,,-1.4668604850273799
colosseum,125,spc_diffusion_t5,-15.951782053675217,717.63,,,d2-c1-n0.1-m25,2,1,0.1,25,,-1.4668604850273799
colosseum,125,laziness_knn_t5,,10.21,,RESOURCE_EXHAUSTED: Out of memory while trying to allocate 36000000 bytes.,d2-c1-n0.1-m25,2,1,0.1,25,,-1.4668604850273799
colosseum,125,laziness_adaptive_t5,,11.28,,RESOURCE_EXHAUSTED: Out of memory while trying to allocate 36000000 bytes.,d2-c1-n0.1-m25,2,1,0.1,25,,-1.4668604850273799
colosseum,125,successor_entropy,,0.0,0.0,diffusion_curvature.successor.train.FBTrainer() got multiple values for keyword argument 'batch_size',d2-c1-n0.1-m25,2,1,0.1,25,,-1.4668604850273799
colosseum,125,successor_orc,,0.0,0.0,diffusion_curvature.successor.train.FBTrainer() got multiple values for keyword argument 'batch_size',d2-c1-n0.1-m25,2,1,0.1,25,,-1.4668604850273799
colosseum,133,dc2,,10.34,,RESOURCE_EXHAUSTED: Out of memory while trying to allocate 36000000 bytes.,d2-c1-n0.1-m33,2,1,0.1,33,,-1.0851655210353042
colosseum,133,dc_wasserstein_ollivier,,10.96,,RESOURCE_EXHAUSTED: Out of memory while trying to allocate 36000000 bytes.,d2-c1-n0.1-m33,2,1,0.1,33,,-1.0851655210353042
colosseum,133,dc_entropic_subtraction,,10.84,,RESOURCE_EXHAUSTED: Out of memory while trying to allocate 36000000 bytes.,d2-c1-n0.1-m33,2,1,0.1,33,,-1.0851655210353042
colosseum,133,hickock,-7.21461837727783,32.41,,,d2-c1-n0.1-m33,2,1,0.1,33,,-1.0851655210353042
colosseum,133,orc,-0.07382747331018338,4.84,,,d2-c1-n0.1-m33,2,1,0.1,33,,-1.0851655210353042
colosseum,133,spc_hop,134.73846920875334,589.95,,,d2-c1-n0.1-m33,2,1,0.1,33,,-1.0851655210353042
colosseum,133,spc_diffusion_t5,-115.50854788124423,398.17,,,d2-c1-n0.1-m33,2,1,0.1,33,,-1.0851655210353042
colosseum,133,laziness_knn_t5,,10.84,,RESOURCE_EXHAUSTED: Out of memory while trying to allocate 36000000 bytes.,d2-c1-n0.1-m33,2,1,0.1,33,,-1.0851655210353042
colosseum,133,laziness_adaptive_t5,,10.17,,RESOURCE_EXHAUSTED: Out of memory while trying to allocate 36000000 bytes.,d2-c1-n0.1-m33,2,1,0.1,33,,-1.0851655210353042
colosseum,133,successor_entropy,,0.0,0.0,diffusion_curvature.successor.train.FBTrainer() got multiple values for keyword argument 'batch_size',d2-c1-n0.1-m33,2,1,0.1,33,,-1.0851655210353042
colosseum,133,successor_orc,,0.0,0.0,diffusion_curvature.successor.train.FBTrainer() got multiple values for keyword argument 'batch_size',d2-c1-n0.1-m33,2,1,0.1,33,,-1.0851655210353042
colosseum,141,dc2,,10.52,,RESOURCE_EXHAUSTED: Out of memory while trying to allocate 36000000 bytes.,d2-c1-n0.1-m41,2,1,0.1,41,,0.3230566218645914
colosseum,141,dc_wasserstein_ollivier,,11.05,,RESOURCE_EXHAUSTED: Out of memory while trying to allocate 36000000 bytes.,d2-c1-n0.1-m41,2,1,0.1,41,,0.3230566218645914
colosseum,141,dc_entropic_subtraction,,11.04,,RESOURCE_EXHAUSTED: Out of memory while trying to allocate 36000000 bytes.,d2-c1-n0.1-m41,2,1,0.1,41,,0.3230566218645914
colosseum,141,hickock,-5.48641210944709,32.63,,,d2-c1-n0.1-m41,2,1,0.1,41,,0.3230566218645914
colosseum,141,orc,0.019673779572446537,5.12,,,d2-c1-n0.1-m41,2,1,0.1,41,,0.3230566218645914
colosseum,141,spc_hop,702.384629229149,676.41,,,d2-c1-n0.1-m41,2,1,0.1,41,,0.3230566218645914
colosseum,141,spc_diffusion_t5,-104.88631017740813,803.65,,,d2-c1-n0.1-m41,2,1,0.1,41,,0.3230566218645914
colosseum,141,laziness_knn_t5,,10.18,,RESOURCE_EXHAUSTED: Out of memory while trying to allocate 36000000 bytes.,d2-c1-n0.1-m41,2,1,0.1,41,,0.3230566218645914
colosseum,141,laziness_adaptive_t5,,10.77,,RESOURCE_EXHAUSTED: Out of memory while trying to allocate 36000000 bytes.,d2-c1-n0.1-m41,2,1,0.1,41,,0.3230566218645914
colosseum,141,successor_entropy,,0.0,0.0,diffusion_curvature.successor.train.FBTrainer() got multiple values for keyword argument 'batch_size',d2-c1-n0.1-m41,2,1,0.1,41,,0.3230566218645914
colosseum,141,successor_orc,,0.0,0.0,diffusion_curvature.successor.train.FBTrainer() got multiple values for keyword argument 'batch_size',d2-c1-n0.1-m41,2,1,0.1,41,,0.3230566218645914
colosseum,149,dc2,,10.21,,RESOURCE_EXHAUSTED: Out of memory while trying to allocate 36000000 bytes.,d2-c1-n0.1-m49,2,1,0.1,49,,-28.402372022583616
colosseum,149,dc_wasserstein_ollivier,,10.87,,RESOURCE_EXHAUSTED: Out of memory while trying to allocate 36000000 bytes.,d2-c1-n0.1-m49,2,1,0.1,49,,-28.402372022583616
colosseum,149,dc_entropic_subtraction,,11.16,,RESOURCE_EXHAUSTED: Out of memory while trying to allocate 36000000 bytes.,d2-c1-n0.1-m49,2,1,0.1,49,,-28.402372022583616
colosseum,149,hickock,-8.379604596227766,29.73,,,d2-c1-n0.1-m49,2,1,0.1,49,,-28.402372022583616
colosseum,149,orc,0.020621228413964205,4.55,,,d2-c1-n0.1-m49,2,1,0.1,49,,-28.402372022583616
colosseum,149,spc_hop,55.4119422815289,576.68,,,d2-c1-n0.1-m49,2,1,0.1,49,,-28.402372022583616
colosseum,149,spc_diffusion_t5,-86.81541554087664,425.76,,,d2-c1-n0.1-m49,2,1,0.1,49,,-28.402372022583616
colosseum,149,laziness_knn_t5,,10.33,,RESOURCE_EXHAUSTED: Out of memory while trying to allocate 36000000 bytes.,d2-c1-n0.1-m49,2,1,0.1,49,,-28.402372022583616
colosseum,149,laziness_adaptive_t5,,10.37,,RESOURCE_EXHAUSTED: Out of memory while trying to allocate 36000000 bytes.,d2-c1-n0.1-m49,2,1,0.1,49,,-28.402372022583616
colosseum,149,successor_entropy,,0.0,0.0,diffusion_curvature.successor.train.FBTrainer() got multiple values for keyword argument 'batch_size',d2-c1-n0.1-m49,2,1,0.1,49,,-28.402372022583616
colosseum,149,successor_orc,,0.0,0.0,diffusion_curvature.successor.train.FBTrainer() got multiple values for keyword argument 'batch_size',d2-c1-n0.1-m49,2,1,0.1,49,,-28.402372022583616
colosseum,157,dc2,,10.37,,RESOURCE_EXHAUSTED: Out of memory while trying to allocate 36000000 bytes.,d2-c1-n0.2-m7,2,1,0.2,7,,1.007930588902449
colosseum,157,dc_wasserstein_ollivier,,11.15,,RESOURCE_EXHAUSTED: Out of memory while trying to allocate 36000000 bytes.,d2-c1-n0.2-m7,2,1,0.2,7,,1.007930588902449
colosseum,157,dc_entropic_subtraction,,11.96,,RESOURCE_EXHAUSTED: Out of memory while trying to allocate 36000000 bytes.,d2-c1-n0.2-m7,2,1,0.2,7,,1.007930588902449
colosseum,157,hickock,-16.608759852448408,31.43,,,d2-c1-n0.2-m7,2,1,0.2,7,,1.007930588902449
colosseum,157,orc,-0.03638512374303441,4.29,,,d2-c1-n0.2-m7,2,1,0.2,7,,1.007930588902449
colosseum,157,spc_hop,344.18652636350345,619.58,,,d2-c1-n0.2-m7,2,1,0.2,7,,1.007930588902449
colosseum,157,spc_diffusion_t5,491.66295032387535,676.41,,,d2-c1-n0.2-m7,2,1,0.2,7,,1.007930588902449
colosseum,157,laziness_knn_t5,,10.42,,RESOURCE_EXHAUSTED: Out of memory while trying to allocate 36000000 bytes.,d2-c1-n0.2-m7,2,1,0.2,7,,1.007930588902449
colosseum,157,laziness_adaptive_t5,,10.22,,RESOURCE_EXHAUSTED: Out of memory while trying to allocate 36000000 bytes.,d2-c1-n0.2-m7,2,1,0.2,7,,1.007930588902449
colosseum,157,successor_entropy,,0.0,0.0,diffusion_curvature.successor.train.FBTrainer() got multiple values for keyword argument 'batch_size',d2-c1-n0.2-m7,2,1,0.2,7,,1.007930588902449
colosseum,157,successor_orc,,0.0,0.0,diffusion_curvature.successor.train.FBTrainer() got multiple values for keyword argument 'batch_size',d2-c1-n0.2-m7,2,1,0.2,7,,1.007930588902449
colosseum,165,dc2,,10.28,,RESOURCE_EXHAUSTED: Out of memory while trying to allocate 36000000 bytes.,d2-c1-n0.2-m15,2,1,0.2,15,,-3.144196560849957
colosseum,165,dc_wasserstein_ollivier,,11.09,,RESOURCE_EXHAUSTED: Out of memory while trying to allocate 36000000 bytes.,d2-c1-n0.2-m15,2,1,0.2,15,,-3.144196560849957
colosseum,165,dc_entropic_subtraction,,11.74,,RESOURCE_EXHAUSTED: Out of memory while trying to allocate 36000000 bytes.,d2-c1-n0.2-m15,2,1,0.2,15,,-3.144196560849957
colosseum,165,hickock,-15.347119862019259,27.96,,,d2-c1-n0.2-m15,2,1,0.2,15,,-3.144196560849957
colosseum,165,orc,-0.1448314667201317,3.81,,,d2-c1-n0.2-m15,2,1,0.2,15,,-3.144196560849957
colosseum,165,spc_hop,-77.49343365954039,613.88,,,d2-c1-n0.2-m15,2,1,0.2,15,,-3.144196560849957
colosseum,165,spc_diffusion_t5,-176.61397334769958,405.98,,,d2-c1-n0.2-m15,2,1,0.2,15,,-3.144196560849957
colosseum,165,laziness_knn_t5,,10.27,,RESOURCE_EXHAUSTED: Out of memory while trying to allocate 36000000 bytes.,d2-c1-n0.2-m15,2,1,0.2,15,,-3.144196560849957
colosseum,165,laziness_adaptive_t5,,10.51,,RESOURCE_EXHAUSTED: Out of memory while trying to allocate 36000000 bytes.,d2-c1-n0.2-m15,2,1,0.2,15,,-3.144196560849957
colosseum,165,successor_entropy,,0.0,0.0,diffusion_curvature.successor.train.FBTrainer() got multiple values for keyword argument 'batch_size',d2-c1-n0.2-m15,2,1,0.2,15,,-3.144196560849957
colosseum,165,successor_orc,,0.0,0.0,diffusion_curvature.successor.train.FBTrainer() got multiple values for keyword argument 'batch_size',d2-c1-n0.2-m15,2,1,0.2,15,,-3.144196560849957
colosseum,173,dc2,,10.29,,RESOURCE_EXHAUSTED: Out of memory while trying to allocate 36000000 bytes.,d2-c1-n0.2-m23,2,1,0.2,23,,-9.261486320407995
colosseum,173,dc_wasserstein_ollivier,,11.04,,RESOURCE_EXHAUSTED: Out of memory while trying to allocate 36000000 bytes.,d2-c1-n0.2-m23,2,1,0.2,23,,-9.261486320407995
colosseum,173,dc_entropic_subtraction,,12.18,,RESOURCE_EXHAUSTED: Out of memory while trying to allocate 36000000 bytes.,d2-c1-n0.2-m23,2,1,0.2,23,,-9.261486320407995
colosseum,173,hickock,-18.59285314027471,32.27,,,d2-c1-n0.2-m23,2,1,0.2,23,,-9.261486320407995
colosseum,173,orc,-0.11281934469961712,4.77,,,d2-c1-n0.2-m23,2,1,0.2,23,,-9.261486320407995
colosseum,173,spc_hop,85.18719646687207,643.36,,,d2-c1-n0.2-m23,2,1,0.2,23,,-9.261486320407995
colosseum,173,spc_diffusion_t5,37.41356672378717,786.53,,,d2-c1-n0.2-m23,2,1,0.2,23,,-9.261486320407995
colosseum,173,laziness_knn_t5,,10.37,,RESOURCE_EXHAUSTED: Out of memory while trying to allocate 36000000 bytes.,d2-c1-n0.2-m23,2,1,0.2,23,,-9.261486320407995
colosseum,173,laziness_adaptive_t5,,10.33,,RESOURCE_EXHAUSTED: Out of memory while trying to allocate 36000000 bytes.,d2-c1-n0.2-m23,2,1,0.2,23,,-9.261486320407995
colosseum,173,successor_entropy,,0.0,0.0,diffusion_curvature.successor.train.FBTrainer() got multiple values for keyword argument 'batch_size',d2-c1-n0.2-m23,2,1,0.2,23,,-9.261486320407995
colosseum,173,successor_orc,,0.0,0.0,diffusion_curvature.successor.train.FBTrainer() got multiple values for keyword argument 'batch_size',d2-c1-n0.2-m23,2,1,0.2,23,,-9.261486320407995
colosseum,181,dc2,,10.2,,RESOURCE_EXHAUSTED: Out of memory while trying to allocate 36000000 bytes.,d2-c1-n0.2-m31,2,1,0.2,31,,-4.674944681590725
colosseum,181,dc_wasserstein_ollivier,,11.05,,RESOURCE_EXHAUSTED: Out of memory while trying to allocate 36000000 bytes.,d2-c1-n0.2-m31,2,1,0.2,31,,-4.674944681590725
colosseum,181,dc_entropic_subtraction,,11.21,,RESOURCE_EXHAUSTED: Out of memory while trying to allocate 36000000 bytes.,d2-c1-n0.2-m31,2,1,0.2,31,,-4.674944681590725
colosseum,181,hickock,-18.886216822641806,28.74,,,d2-c1-n0.2-m31,2,1,0.2,31,,-4.674944681590725
colosseum,181,orc,-0.011923471453206474,4.59,,,d2-c1-n0.2-m31,2,1,0.2,31,,-4.674944681590725
colosseum,181,spc_hop,14.764085987501176,692.27,,,d2-c1-n0.2-m31,2,1,0.2,31,,-4.674944681590725
colosseum,181,spc_diffusion_t5,28.677803211817757,383.39,,,d2-c1-n0.2-m31,2,1,0.2,31,,-4.674944681590725
colosseum,181,laziness_knn_t5,,10.61,,RESOURCE_EXHAUSTED: Out of memory while trying to allocate 36000000 bytes.,d2-c1-n0.2-m31,2,1,0.2,31,,-4.674944681590725
colosseum,181,laziness_adaptive_t5,,11.28,,RESOURCE_EXHAUSTED: Out of memory while trying to allocate 36000000 bytes.,d2-c1-n0.2-m31,2,1,0.2,31,,-4.674944681590725
colosseum,181,successor_entropy,,0.0,0.0,diffusion_curvature.successor.train.FBTrainer() got multiple values for keyword argument 'batch_size',d2-c1-n0.2-m31,2,1,0.2,31,,-4.674944681590725
colosseum,181,successor_orc,,0.0,0.0,diffusion_curvature.successor.train.FBTrainer() got multiple values for keyword argument 'batch_size',d2-c1-n0.2-m31,2,1,0.2,31,,-4.674944681590725
colosseum,189,dc2,,10.61,,RESOURCE_EXHAUSTED: Out of memory while trying to allocate 36000000 bytes.,d2-c1-n0.2-m39,2,1,0.2,39,,11.385159077025204
colosseum,189,dc_wasserstein_ollivier,,11.79,,RESOURCE_EXHAUSTED: Out of memory while trying to allocate 36000000 bytes.,d2-c1-n0.2-m39,2,1,0.2,39,,11.385159077025204
colosseum,189,dc_entropic_subtraction,,11.26,,RESOURCE_EXHAUSTED: Out of memory while trying to allocate 36000000 bytes.,d2-c1-n0.2-m39,2,1,0.2,39,,11.385159077025204
colosseum,189,hickock,-12.385426940300743,31.71,,,d2-c1-n0.2-m39,2,1,0.2,39,,11.385159077025204
colosseum,189,orc,-0.09784126865124543,4.72,,,d2-c1-n0.2-m39,2,1,0.2,39,,11.385159077025204
colosseum,189,spc_hop,-71.34275939542768,598.47,,,d2-c1-n0.2-m39,2,1,0.2,39,,11.385159077025204
colosseum,189,spc_diffusion_t5,-174.3064122835192,426.01,,,d2-c1-n0.2-m39,2,1,0.2,39,,11.385159077025204
colosseum,189,laziness_knn_t5,,10.88,,RESOURCE_EXHAUSTED: Out of memory while trying to allocate 36000000 bytes.,d2-c1-n0.2-m39,2,1,0.2,39,,11.385159077025204
colosseum,189,laziness_adaptive_t5,,11.51,,RESOURCE_EXHAUSTED: Out of memory while trying to allocate 36000000 bytes.,d2-c1-n0.2-m39,2,1,0.2,39,,11.385159077025204
colosseum,189,successor_entropy,,0.0,0.0,diffusion_curvature.successor.train.FBTrainer() got multiple values for keyword argument 'batch_size',d2-c1-n0.2-m39,2,1,0.2,39,,11.385159077025204
colosseum,189,successor_orc,,0.0,0.0,diffusion_curvature.successor.train.FBTrainer() got multiple values for keyword argument 'batch_size',d2-c1-n0.2-m39,2,1,0.2,39,,11.385159077025204
colosseum,197,dc2,,10.5,,RESOURCE_EXHAUSTED: Out of memory while trying to allocate 36000000 bytes.,d2-c1-n0.2-m47,2,1,0.2,47,,18.810971898321544
colosseum,197,dc_wasserstein_ollivier,,10.74,,RESOURCE_EXHAUSTED: Out of memory while trying to allocate 36000000 bytes.,d2-c1-n0.2-m47,2,1,0.2,47,,18.810971898321544
colosseum,197,dc_entropic_subtraction,,11.05,,RESOURCE_EXHAUSTED: Out of memory while trying to allocate 36000000 bytes.,d2-c1-n0.2-m47,2,1,0.2,47,,18.810971898321544
colosseum,197,hickock,-12.207870192483034,32.46,,,d2-c1-n0.2-m47,2,1,0.2,47,,18.810971898321544
colosseum,197,orc,-0.06948870731045241,4.95,,,d2-c1-n0.2-m47,2,1,0.2,47,,18.810971898321544
colosseum,197,spc_hop,-242.12876917334972,557.98,,,d2-c1-n0.2-m47,2,1,0.2,47,,18.810971898321544
colosseum,197,spc_diffusion_t5,-448.607688399144,367.05,,,d2-c1-n0.2-m47,2,1,0.2,47,,18.810971898321544
colosseum,197,laziness_knn_t5,,10.24,,RESOURCE_EXHAUSTED: Out of memory while trying to allocate 36000000 bytes.,d2-c1-n0.2-m47,2,1,0.2,47,,18.810971898321544
colosseum,197,laziness_adaptive_t5,,10.7,,RESOURCE_EXHAUSTED: Out of memory while trying to allocate 36000000 bytes.,d2-c1-n0.2-m47,2,1,0.2,47,,18.810971898321544
colosseum,197,successor_entropy,,0.0,0.0,diffusion_curvature.successor.train.FBTrainer() got multiple values for keyword argument 'batch_size',d2-c1-n0.2-m47,2,1,0.2,47,,18.810971898321544
colosseum,197,successor_orc,,0.0,0.0,diffusion_curvature.successor.train.FBTrainer() got multiple values for keyword argument 'batch_size',d2-c1-n0.2-m47,2,1,0.2,47,,18.810971898321544
colosseum,205,dc2,,10.79,,RESOURCE_EXHAUSTED: Out of memory while trying to allocate 36000000 bytes.,d3-c1-n0.01-m5,3,1,0.01,5,,36.82577135149613
colosseum,205,dc_wasserstein_ollivier,,10.91,,RESOURCE_EXHAUSTED: Out of memory while trying to allocate 36000000 bytes.,d3-c1-n0.01-m5,3,1,0.01,5,,36.82577135149613
colosseum,205,dc_entropic_subtraction,,11.17,,RESOURCE_EXHAUSTED: Out of memory while trying to allocate 36000000 bytes.,d3-c1-n0.01-m5,3,1,0.01,5,,36.82577135149613
colosseum,205,hickock,6.249060920945043,32.16,,,d3-c1-n0.01-m5,3,1,0.01,5,,36.82577135149613
colosseum,205,orc,-0.05524024772530597,4.34,,,d3-c1-n0.01-m5,3,1,0.01,5,,36.82577135149613
colosseum,205,spc_hop,-0.3476082122371601,599.48,,,d3-c1-n0.01-m5,3,1,0.01,5,,36.82577135149613
colosseum,205,spc_diffusion_t5,-400.18082528544466,435.83,,,d3-c1-n0.01-m5,3,1,0.01,5,,36.82577135149613
colosseum,205,laziness_knn_t5,,10.2,,RESOURCE_EXHAUSTED: Out of memory while trying to allocate 36000000 bytes.,d3-c1-n0.01-m5,3,1,0.01,5,,36.82577135149613
colosseum,205,laziness_adaptive_t5,,10.95,,RESOURCE_EXHAUSTED: Out of memory while trying to allocate 36000000 bytes.,d3-c1-n0.01-m5,3,1,0.01,5,,36.82577135149613
colosseum,205,successor_entropy,,0.0,0.0,diffusion_curvature.successor.train.FBTrainer() got multiple values for keyword argument 'batch_size',d3-c1-n0.01-m5,3,1,0.01,5,,36.82577135149613
colosseum,205,successor_orc,,0.0,0.0,diffusion_curvature.successor.train.FBTrainer() got multiple values for keyword argument 'batch_size',d3-c1-n0.01-m5,3,1,0.01,5,,36.82577135149613
colosseum,213,dc2,,10.26,,RESOURCE_EXHAUSTED: Out of memory while trying to allocate 36000000 bytes.,d3-c1-n0.01-m13,3,1,0.01,13,,-3.086664116371008
colosseum,213,dc_wasserstein_ollivier,,11.06,,RESOURCE_EXHAUSTED: Out of memory while trying to allocate 36000000 bytes.,d3-c1-n0.01-m13,3,1,0.01,13,,-3.086664116371008
colosseum,213,dc_entropic_subtraction,,12.33,,RESOURCE_EXHAUSTED: Out of memory while trying to allocate 36000000 bytes.,d3-c1-n0.01-m13,3,1,0.01,13,,-3.086664116371008
colosseum,213,hickock,5.36380690877833,29.13,,,d3-c1-n0.01-m13,3,1,0.01,13,,-3.086664116371008
colosseum,213,orc,-0.049775298158620376,4.35,,,d3-c1-n0.01-m13,3,1,0.01,13,,-3.086664116371008
colosseum,213,spc_hop,-83.38555388728528,658.35,,,d3-c1-n0.01-m13,3,1,0.01,13,,-3.086664116371008
colosseum,213,spc_diffusion_t5,-26.768682426366386,415.23,,,d3-c1-n0.01-m13,3,1,0.01,13,,-3.086664116371008
colosseum,213,laziness_knn_t5,,10.25,,RESOURCE_EXHAUSTED: Out of memory while trying to allocate 36000000 bytes.,d3-c1-n0.01-m13,3,1,0.01,13,,-3.086664116371008
colosseum,213,laziness_adaptive_t5,,10.63,,RESOURCE_EXHAUSTED: Out of memory while trying to allocate 36000000 bytes.,d3-c1-n0.01-m13,3,1,0.01,13,,-3.086664116371008
colosseum,213,successor_entropy,,0.0,0.0,diffusion_curvature.successor.train.FBTrainer() got multiple values for keyword argument 'batch_size',d3-c1-n0.01-m13,3,1,0.01,13,,-3.086664116371008
colosseum,213,successor_orc,,0.0,0.0,diffusion_curvature.successor.train.FBTrainer() got multiple values for keyword argument 'batch_size',d3-c1-n0.01-m13,3,1,0.01,13,,-3.086664116371008
colosseum,221,dc2,,10.48,,RESOURCE_EXHAUSTED: Out of memory while trying to allocate 36000000 bytes.,d3-c1-n0.01-m21,3,1,0.01,21,,-8.894339756571704
colosseum,221,dc_wasserstein_ollivier,,10.8,,RESOURCE_EXHAUSTED: Out of memory while trying to allocate 36000000 bytes.,d3-c1-n0.01-m21,3,1,0.01,21,,-8.894339756571704
colosseum,221,dc_entropic_subtraction,,10.93,,RESOURCE_EXHAUSTED: Out of memory while trying to allocate 36000000 bytes.,d3-c1-n0.01-m21,3,1,0.01,21,,-8.894339756571704
colosseum,221,hickock,4.769075297871293,33.7,,,d3-c1-n0.01-m21,3,1,0.01,21,,-8.894339756571704
colosseum,221,orc,-0.15003398970616622,4.83,,,d3-c1-n0.01-m21,3,1,0.01,21,,-8.894339756571704
colosseum,221,spc_hop,-9.193929686492664,611.42,,,d3-c1-n0.01-m21,3,1,0.01,21,,-8.894339756571704
colosseum,221,spc_diffusion_t5,-53.537678551129986,414.0,,,d3-c1-n0.01-m21,3,1,0.01,21,,-8.894339756571704
colosseum,221,laziness_knn_t5,,10.27,,RESOURCE_EXHAUSTED: Out of memory while trying to allocate 36000000 bytes.,d3-c1-n0.01-m21,3,1,0.01,21,,-8.894339756571704
colosseum,221,laziness_adaptive_t5,,10.49,,RESOURCE_EXHAUSTED: Out of memory while trying to allocate 36000000 bytes.,d3-c1-n0.01-m21,3,1,0.01,21,,-8.894339756571704
colosseum,221,successor_entropy,,0.0,0.0,diffusion_curvature.successor.train.FBTrainer() got multiple values for keyword argument 'batch_size',d3-c1-n0.01-m21,3,1,0.01,21,,-8.894339756571704
colosseum,221,successor_orc,,0.0,0.0,diffusion_curvature.successor.train.FBTrainer() got multiple values for keyword argument 'batch_size',d3-c1-n0.01-m21,3,1,0.01,21,,-8.894339756571704
colosseum,229,dc2,,10.19,,RESOURCE_EXHAUSTED: Out of memory while trying to allocate 36000000 bytes.,d3-c1-n0.01-m29,3,1,0.01,29,,6.488436267741625
colosseum,229,dc_wasserstein_ollivier,,11.61,,RESOURCE_EXHAUSTED: Out of memory while trying to allocate 36000000 bytes.,d3-c1-n0.01-m29,3,1,0.01,29,,6.488436267741625
colosseum,229,dc_entropic_subtraction,,11.12,,RESOURCE_EXHAUSTED: Out of memory while trying to allocate 36000000 bytes.,d3-c1-n0.01-m29,3,1,0.01,29,,6.488436267741625
colosseum,229,hickock,5.3658434749583055,30.58,,,d3-c1-n0.01-m29,3,1,0.01,29,,6.488436267741625
colosseum,229,orc,-0.08677499258027482,4.43,,,d3-c1-n0.01-m29,3,1,0.01,29,,6.488436267741625
colosseum,229,spc_hop,2323.7171332262537,769.63,,,d3-c1-n0.01-m29,3,1,0.01,29,,6.488436267741625
colosseum,229,spc_diffusion_t5,33.76025775845697,391.46,,,d3-c1-n0.01-m29,3,1,0.01,29,,6.488436267741625
colosseum,229,laziness_knn_t5,,10.39,,RESOURCE_EXHAUSTED: Out of memory while trying to allocate 36000000 bytes.,d3-c1-n0.01-m29,3,1,0.01,29,,6.488436267741625
colosseum,229,laziness_adaptive_t5,,10.37,,RESOURCE_EXHAUSTED: Out of memory while trying to allocate 36000000 bytes.,d3-c1-n0.01-m29,3,1,0.01,29,,6.488436267741625
colosseum,229,successor_entropy,,0.0,0.0,diffusion_curvature.successor.train.FBTrainer() got multiple values for keyword argument 'batch_size',d3-c1-n0.01-m29,3,1,0.01,29,,6.488436267741625
colosseum,229,successor_orc,,0.0,0.0,diffusion_curvature.successor.train.FBTrainer() got multiple values for keyword argument 'batch_size',d3-c1-n0.01-m29,3,1,0.01,29,,6.488436267741625
colosseum,237,dc2,,10.22,,RESOURCE_EXHAUSTED: Out of memory while trying to allocate 36000000 bytes.,d3-c1-n0.01-m37,3,1,0.01,37,,-12.39816495071424
colosseum,237,dc_wasserstein_ollivier,,10.87,,RESOURCE_EXHAUSTED: Out of memory while trying to allocate 36000000 bytes.,d3-c1-n0.01-m37,3,1,0.01,37,,-12.39816495071424
colosseum,237,dc_entropic_subtraction,,11.09,,RESOURCE_EXHAUSTED: Out of memory while trying to allocate 36000000 bytes.,d3-c1-n0.01-m37,3,1,0.01,37,,-12.39816495071424
colosseum,237,hickock,5.144660191904724,30.35,,,d3-c1-n0.01-m37,3,1,0.01,37,,-12.39816495071424
colosseum,237,orc,-0.052662205218172956,4.1,,,d3-c1-n0.01-m37,3,1,0.01,37,,-12.39816495071424
colosseum,237,spc_hop,2236.9381193886247,585.41,,,d3-c1-n0.01-m37,3,1,0.01,37,,-12.39816495071424
colosseum,237,spc_diffusion_t5,8.27850267206349,456.58,,,d3-c1-n0.01-m37,3,1,0.01,37,,-12.39816495071424
colosseum,237,laziness_knn_t5,,10.2,,RESOURCE_EXHAUSTED: Out of memory while trying to allocate 36000000 bytes.,d3-c1-n0.01-m37,3,1,0.01,37,,-12.39816495071424
colosseum,237,laziness_adaptive_t5,,10.73,,RESOURCE_EXHAUSTED: Out of memory while trying to allocate 36000000 bytes.,d3-c1-n0.01-m37,3,1,0.01,37,,-12.39816495071424
colosseum,237,successor_entropy,,0.0,0.0,diffusion_curvature.successor.train.FBTrainer() got multiple values for keyword argument 'batch_size',d3-c1-n0.01-m37,3,1,0.01,37,,-12.39816495071424
colosseum,237,successor_orc,,0.0,0.0,diffusion_curvature.successor.train.FBTrainer() got multiple values for keyword argument 'batch_size',d3-c1-n0.01-m37,3,1,0.01,37,,-12.39816495071424
colosseum,245,dc2,,10.2,,RESOURCE_EXHAUSTED: Out of memory while trying to allocate 36000000 bytes.,d3-c1-n0.01-m45,3,1,0.01,45,,-9.081161571923825
colosseum,245,dc_wasserstein_ollivier,,10.95,,RESOURCE_EXHAUSTED: Out of memory while trying to allocate 36000000 bytes.,d3-c1-n0.01-m45,3,1,0.01,45,,-9.081161571923825
colosseum,245,dc_entropic_subtraction,,11.09,,RESOURCE_EXHAUSTED: Out of memory while trying to allocate 36000000 bytes.,d3-c1-n0.01-m45,3,1,0.01,45,,-9.081161571923825
colosseum,245,hickock,4.633994670308573,29.99,,,d3-c1-n0.01-m45,3,1,0.01,45,,-9.081161571923825
colosseum,245,orc,-0.0882788411317245,3.96,,,d3-c1-n0.01-m45,3,1,0.01,45,,-9.081161571923825
colosseum,245,spc_hop,-156.55849638506245,897.81,,,d3-c1-n0.01-m45,3,1,0.01,45,,-9.081161571923825
colosseum,245,spc_diffusion_t5,-75.83974484174281,470.68,,,d3-c1-n0.01-m45,3,1,0.01,45,,-9.081161571923825
colosseum,245,laziness_knn_t5,,10.28,,RESOURCE_EXHAUSTED: Out of memory while trying to allocate 36000000 bytes.,d3-c1-n0.01-m45,3,1,0.01,45,,-9.081161571923825
colosseum,245,laziness_adaptive_t5,,10.58,,RESOURCE_EXHAUSTED: Out of memory while trying to allocate 36000000 bytes.,d3-c1-n0.01-m45,3,1,0.01,45,,-9.081161571923825
colosseum,245,successor_entropy,,0.0,0.0,diffusion_curvature.successor.train.FBTrainer() got multiple values for keyword argument 'batch_size',d3-c1-n0.01-m45,3,1,0.01,45,,-9.081161571923825
colosseum,245,successor_orc,,0.0,0.0,diffusion_curvature.successor.train.FBTrainer() got multiple values for keyword argument 'batch_size',d3-c1-n0.01-m45,3,1,0.01,45,,-9.081161571923825
colosseum,253,dc2,,10.2,,RESOURCE_EXHAUSTED: Out of memory while trying to allocate 36000000 bytes.,d3-c1-n0.05-m3,3,1,0.05,3,,-4.478886025081379
colosseum,253,dc_wasserstein_ollivier,,10.91,,RESOURCE_EXHAUSTED: Out of memory while trying to allocate 36000000 bytes.,d3-c1-n0.05-m3,3,1,0.05,3,,-4.478886025081379
colosseum,253,dc_entropic_subtraction,,10.82,,RESOURCE_EXHAUSTED: Out of memory while trying to allocate 36000000 bytes.,d3-c1-n0.05-m3,3,1,0.05,3,,-4.478886025081379
colosseum,253,hickock,4.341488565339616,31.27,,,d3-c1-n0.05-m3,3,1,0.05,3,,-4.478886025081379
colosseum,253,orc,-0.04503108217454814,5.73,,,d3-c1-n0.05-m3,3,1,0.05,3,,-4.478886025081379
colosseum,253,spc_hop,44.93219893622029,568.19,,,d3-c1-n0.05-m3,3,1,0.05,3,,-4.478886025081379
colosseum,253,spc_diffusion_t5,-19.521124637231676,734.25,,,d3-c1-n0.05-m3,3,1,0.05,3,,-4.478886025081379
colosseum,253,laziness_knn_t5,,10.18,,RESOURCE_EXHAUSTED: Out of memory while trying to allocate 36000000 bytes.,d3-c1-n0.05-m3,3,1,0.05,3,,-4.478886025081379
colosseum,253,laziness_adaptive_t5,,10.77,,RESOURCE_EXHAUSTED: Out of memory while trying to allocate 36000000 bytes.,d3-c1-n0.05-m3,3,1,0.05,3,,-4.478886025081379
colosseum,253,successor_entropy,,0.0,0.0,diffusion_curvature.successor.train.FBTrainer() got multiple values for keyword argument 'batch_size',d3-c1-n0.05-m3,3,1,0.05,3,,-4.478886025081379
colosseum,253,successor_orc,,0.0,0.0,diffusion_curvature.successor.train.FBTrainer() got multiple values for keyword argument 'batch_size',d3-c1-n0.05-m3,3,1,0.05,3,,-4.478886025081379
colosseum,261,dc2,,10.21,,RESOURCE_EXHAUSTED: Out of memory while trying to allocate 36000000 bytes.,d3-c1-n0.05-m11,3,1,0.05,11,,-11.132689098420842
colosseum,261,dc_wasserstein_ollivier,,10.78,,RESOURCE_EXHAUSTED: Out of memory while trying to allocate 36000000 bytes.,d3-c1-n0.05-m11,3,1,0.05,11,,-11.132689098420842
colosseum,261,dc_entropic_subtraction,,11.38,,RESOURCE_EXHAUSTED: Out of memory while trying to allocate 36000000 bytes.,d3-c1-n0.05-m11,3,1,0.05,11,,-11.132689098420842
colosseum,261,hickock,3.479949985823035,32.01,,,d3-c1-n0.05-m11,3,1,0.05,11,,-11.132689098420842
colosseum,261,orc,-0.08914316220232142,4.14,,,d3-c1-n0.05-m11,3,1,0.05,11,,-11.132689098420842
colosseum,261,spc_hop,67.51545341654082,574.83,,,d3-c1-n0.05-m11,3,1,0.05,11,,-11.132689098420842
colosseum,261,spc_diffusion_t5,-28.594068512348787,392.29,,,d3-c1-n0.05-m11,3,1,0.05,11,,-11.132689098420842
colosseum,261,laziness_knn_t5,,10.52,,RESOURCE_EXHAUSTED: Out of memory while trying to allocate 36000000 bytes.,d3-c1-n0.05-m11,3,1,0.05,11,,-11.132689098420842
colosseum,261,laziness_adaptive_t5,,10.49,,RESOURCE_EXHAUSTED: Out of memory while trying to allocate 36000000 bytes.,d3-c1-n0.05-m11,3,1,0.05,11,,-11.132689098420842
colosseum,261,successor_entropy,,0.0,0.0,diffusion_curvature.successor.train.FBTrainer() got multiple values for keyword argument 'batch_size',d3-c1-n0.05-m11,3,1,0.05,11,,-11.132689098420842
colosseum,261,successor_orc,,0.0,0.0,diffusion_curvature.successor.train.FBTrainer() got multiple values for keyword argument 'batch_size',d3-c1-n0.05-m11,3,1,0.05,11,,-11.132689098420842
colosseum,269,dc2,,10.25,,RESOURCE_EXHAUSTED: Out of memory while trying to allocate 36000000 bytes.,d3-c1-n0.05-m19,3,1,0.05,19,,0.8124977555921884
colosseum,269,dc_wasserstein_ollivier,,11.37,,RESOURCE_EXHAUSTED: Out of memory while trying to allocate 36000000 bytes.,d3-c1-n0.05-m19,3,1,0.05,19,,0.8124977555921884
colosseum,269,dc_entropic_subtraction,,11.16,,RESOURCE_EXHAUSTED: Out of memory while trying to allocate 36000000 bytes.,d3-c1-n0.05-m19,3,1,0.05,19,,0.8124977555921884
colosseum,269,hickock,4.582764639661689,31.88,,,d3-c1-n0.05-m19,3,1,0.05,19,,0.8124977555921884
colosseum,269,orc,-0.004627248677858817,4.66,,,d3-c1-n0.05-m19,3,1,0.05,19,,0.8124977555921884
colosseum,269,spc_hop,37.68353404053245,575.86,,,d3-c1-n0.05-m19,3,1,0.05,19,,0.8124977555921884
colosseum,269,spc_diffusion_t5,-203.10824746296356,437.3,,,d3-c1-n0.05-m19,3,1,0.05,19,,0.8124977555921884
colosseum,269,laziness_knn_t5,,10.28,,RESOURCE_EXHAUSTED: Out of memory while trying to allocate 36000000 bytes.,d3-c1-n0.05-m19,3,1,0.05,19,,0.8124977555921884
colosseum,269,laziness_adaptive_t5,,10.49,,RESOURCE_EXHAUSTED: Out of memory while trying to allocate 36000000 bytes.,d3-c1-n0.05-m19,3,1,0.05,19,,0.8124977555921884
colosseum,269,successor_entropy,,0.0,0.0,diffusion_curvature.successor.train.FBTrainer() got multiple values for keyword argument 'batch_size',d3-c1-n0.05-m19,3,1,0.05,19,,0.8124977555921884
colosseum,269,successor_orc,,0.0,0.0,diffusion_curvature.successor.train.FBTrainer() got multiple values for keyword argument 'batch_size',d3-c1-n0.05-m19,3,1,0.05,19,,0.8124977555921884
colosseum,277,dc2,,10.22,,RESOURCE_EXHAUSTED: Out of memory while trying to allocate 36000000 bytes.,d3-c1-n0.05-m27,3,1,0.05,27,,-5.664933365741581
colosseum,277,dc_wasserstein_ollivier,,10.89,,RESOURCE_EXHAUSTED: Out of memory while trying to allocate 36000000 bytes.,d3-c1-n0.05-m27,3,1,0.05,27,,-5.664933365741581
colosseum,277,dc_entropic_subtraction,,11.4,,RESOURCE_EXHAUSTED: Out of memory while trying to allocate 36000000 bytes.,d3-c1-n0.05-m27,3,1,0.05,27,,-5.664933365741581
colosseum,277,hickock,4.366561516344747,31.44,,,d3-c1-n0.05-m27,3,1,0.05,27,,-5.664933365741581
colosseum,277,orc,-0.10819067026218177,4.26,,,d3-c1-n0.05-m27,3,1,0.05,27,,-5.664933365741581
colosseum,277,spc_hop,44.870301524917004,581.59,,,d3-c1-n0.05-m27,3,1,0.05,27,,-5.664933365741581
colosseum,277,spc_diffusion_t5,51.82328659458472,366.45,,,d3-c1-n0.05-m27,3,1,0.05,27,,-5.664933365741581
colosseum,277,laziness_knn_t5,,10.72,,RESOURCE_EXHAUSTED: Out of memory while trying to allocate 36000000 bytes.,d3-c1-n0.05-m27,3,1,0.05,27,,-5.664933365741581
colosseum,277,laziness_adaptive_t5,,11.1,,RESOURCE_EXHAUSTED: Out of memory while trying to allocate 36000000 bytes.,d3-c1-n0.05-m27,3,1,0.05,27,,-5.664933365741581
colosseum,277,successor_entropy,,0.0,0.0,diffusion_curvature.successor.train.FBTrainer() got multiple values for keyword argument 'batch_size',d3-c1-n0.05-m27,3,1,0.05,27,,-5.664933365741581
colosseum,277,successor_orc,,0.0,0.0,diffusion_curvature.successor.train.FBTrainer() got multiple values for keyword argument 'batch_size',d3-c1-n0.05-m27,3,1,0.05,27,,-5.664933365741581
colosseum,285,dc2,,10.71,,RESOURCE_EXHAUSTED: Out of memory while trying to allocate 36000000 bytes.,d3-c1-n0.05-m35,3,1,0.05,35,,-1.7357871488660717
colosseum,285,dc_wasserstein_ollivier,,10.94,,RESOURCE_EXHAUSTED: Out of memory while trying to allocate 36000000 bytes.,d3-c1-n0.05-m35,3,1,0.05,35,,-1.7357871488660717
colosseum,285,dc_entropic_subtraction,,11.04,,RESOURCE_EXHAUSTED: Out of memory while trying to allocate 36000000 bytes.,d3-c1-n0.05-m35,3,1,0.05,35,,-1.7357871488660717
colosseum,285,hickock,5.41562355179418,31.92,,,d3-c1-n0.05-m35,3,1,0.05,35,,-1.7357871488660717
colosseum,285,orc,-0.07310791030674747,4.21,,,d3-c1-n0.05-m35,3,1,0.05,35,,-1.7357871488660717
colosseum,285,spc_hop,17.959321311848036,685.1,,,d3-c1-n0.05-m35,3,1,0.05,35,,-1.7357871488660717
colosseum,285,spc_diffusion_t5,-246.83185118173196,472.85,,,d3-c1-n0.05-m35,3,1,0.05,35,,-1.7357871488660717
colosseum,285,laziness_knn_t5,,10.77,,RESOURCE_EXHAUSTED: Out of memory while trying to allocate 36000000 bytes.,d3-c1-n0.05-m35,3,1,0.05,35,,-1.7357871488660717
colosseum,285,laziness_adaptive_t5,,11.08,,RESOURCE_EXHAUSTED: Out of memory while trying to allocate 36000000 bytes.,d3-c1-n0.05-m35,3,1,0.05,35,,-1.7357871488660717
colosseum,285,successor_entropy,,0.0,0.0,diffusion_curvature.successor.train.FBTrainer() got multiple values for keyword argument 'batch_size',d3-c1-n0.05-m35,3,1,0.05,35,,-1.7357871488660717
colosseum,285,successor_orc,,0.0,0.0,diffusion_curvature.successor.train.FBTrainer() got multiple values for keyword argument 'batch_size',d3-c1-n0.05-m35,3,1,0.05,35,,-1.7357871488660717
colosseum,293,dc2,,10.72,,RESOURCE_EXHAUSTED: Out of memory while trying to allocate 36000000 bytes.,d3-c1-n0.05-m43,3,1,0.05,43,,-18.873291754244406
colosseum,293,dc_wasserstein_ollivier,,12.38,,RESOURCE_EXHAUSTED: Out of memory while trying to allocate 36000000 bytes.,d3-c1-n0.05-m43,3,1,0.05,43,,-18.873291754244406
colosseum,293,dc_entropic_subtraction,,10.74,,RESOURCE_EXHAUSTED: Out of memory while trying to allocate 36000000 bytes.,d3-c1-n0.05-m43,3,1,0.05,43,,-18.873291754244406
colosseum,293,hickock,3.8432801124193734,37.72,,,d3-c1-n0.05-m43,3,1,0.05,43,,-18.873291754244406
colosseum,293,orc,-0.10815065465945395,5.72,,,d3-c1-n0.05-m43,3,1,0.05,43,,-18.873291754244406
colosseum,293,spc_hop,-1363.2097171566577,909.19,,,d3-c1-n0.05-m43,3,1,0.05,43,,-18.873291754244406
colosseum,293,spc_diffusion_t5,-39.89800668289843,388.93,,,d3-c1-n0.05-m43,3,1,0.05,43,,-18.873291754244406
colosseum,293,laziness_knn_t5,,10.26,,RESOURCE_EXHAUSTED: Out of memory while trying to allocate 36000000 bytes.,d3-c1-n0.05-m43,3,1,0.05,43,,-18.873291754244406
colosseum,293,laziness_adaptive_t5,,10.44,,RESOURCE_EXHAUSTED: Out of memory while trying to allocate 36000000 bytes.,d3-c1-n0.05-m43,3,1,0.05,43,,-18.873291754244406
colosseum,293,successor_entropy,,0.0,0.0,diffusion_curvature.successor.train.FBTrainer() got multiple values for keyword argument 'batch_size',d3-c1-n0.05-m43,3,1,0.05,43,,-18.873291754244406
colosseum,293,successor_orc,,0.0,0.0,diffusion_curvature.successor.train.FBTrainer() got multiple values for keyword argument 'batch_size',d3-c1-n0.05-m43,3,1,0.05,43,,-18.873291754244406
colosseum,301,dc2,,10.22,,RESOURCE_EXHAUSTED: Out of memory while trying to allocate 36000000 bytes.,d3-c1-n0.1-m1,3,1,0.1,1,,-30.573809480422675
colosseum,301,dc_wasserstein_ollivier,,10.94,,RESOURCE_EXHAUSTED: Out of memory while trying to allocate 36000000 bytes.,d3-c1-n0.1-m1,3,1,0.1,1,,-30.573809480422675
colosseum,301,dc_entropic_subtraction,,11.01,,RESOURCE_EXHAUSTED: Out of memory while trying to allocate 36000000 bytes.,d3-c1-n0.1-m1,3,1,0.1,1,,-30.573809480422675
colosseum,301,hickock,2.576308878756072,31.52,,,d3-c1-n0.1-m1,3,1,0.1,1,,-30.573809480422675
colosseum,301,orc,0.0006949550663352455,4.51,,,d3-c1-n0.1-m1,3,1,0.1,1,,-30.573809480422675
colosseum,301,spc_hop,423.5408634807716,640.66,,,d3-c1-n0.1-m1,3,1,0.1,1,,-30.573809480422675
colosseum,301,spc_diffusion_t5,306.87236854179616,427.71,,,d3-c1-n0.1-m1,3,1,0.1,1,,-30.573809480422675
colosseum,301,laziness_knn_t5,,10.34,,RESOURCE_EXHAUSTED: Out of memory while trying to allocate 36000000 bytes.,d3-c1-n0.1-m1,3,1,0.1,1,,-30.573809480422675
colosseum,301,laziness_adaptive_t5,,10.54,,RESOURCE_EXHAUSTED: Out of memory while trying to allocate 36000000 bytes.,d3-c1-n0.1-m1,3,1,0.1,1,,-30.573809480422675
colosseum,301,successor_entropy,,0.0,0.0,diffusion_curvature.successor.train.FBTrainer() got multiple values for keyword argument 'batch_size',d3-c1-n0.1-m1,3,1,0.1,1,,-30.573809480422675
colosseum,301,successor_orc,,0.0,0.0,diffusion_curvature.successor.train.FBTrainer() got multiple values for keyword argument 'batch_size',d3-c1-n0.1-m1,3,1,0.1,1,,-30.573809480422675
colosseum,309,dc2,,10.18,,RESOURCE_EXHAUSTED: Out of memory while trying to allocate 36000000 bytes.,d3-c1-n0.1-m9,3,1,0.1,9,,-6.224669204239174
colosseum,309,dc_wasserstein_ollivier,,11.39,,RESOURCE_EXHAUSTED: Out of memory while trying to allocate 36000000 bytes.,d3-c1-n0.1-m9,3,1,0.1,9,,-6.224669204239174
colosseum,309,dc_entropic_subtraction,,11.17,,RESOURCE_EXHAUSTED: Out of memory while trying to allocate 36000000 bytes.,d3-c1-n0.1-m9,3,1,0.1,9,,-6.224669204239174
colosseum,309,hickock,0.9619949246711218,32.3,,,d3-c1-n0.1-m9,3,1,0.1,9,,-6.224669204239174
colosseum,309,orc,0.012730720512062588,4.62,,,d3-c1-n0.1-m9,3,1,0.1,9,,-6.224669204239174
colosseum,309,spc_hop,-17.248083830581336,599.65,,,d3-c1-n0.1-m9,3,1,0.1,9,,-6.224669204239174
colosseum,309,spc_diffusion_t5,752.6355897121297,423.13,,,d3-c1-n0.1-m9,3,1,0.1,9,,-6.224669204239174
colosseum,309,laziness_knn_t5,,10.29,,RESOURCE_EXHAUSTED: Out of memory while trying to allocate 36000000 bytes.,d3-c1-n0.1-m9,3,1,0.1,9,,-6.224669204239174
colosseum,309,laziness_adaptive_t5,,10.68,,RESOURCE_EXHAUSTED: Out of memory while trying to allocate 36000000 bytes.,d3-c1-n0.1-m9,3,1,0.1,9,,-6.224669204239174
colosseum,309,successor_entropy,,0.0,0.0,diffusion_curvature.successor.train.FBTrainer() got multiple values for keyword argument 'batch_size',d3-c1-n0.1-m9,3,1,0.1,9,,-6.224669204239174
colosseum,309,successor_orc,,0.0,0.0,diffusion_curvature.successor.train.FBTrainer() got multiple values for keyword argument 'batch_size',d3-c1-n0.1-m9,3,1,0.1,9,,-6.224669204239174
colosseum,317,dc2,,11.17,,RESOURCE_EXHAUSTED: Out of memory while trying to allocate 36000000 bytes.,d3-c1-n0.1-m17,3,1,0.1,17,,-4.880209865338042
colosseum,317,dc_wasserstein_ollivier,,11.64,,RESOURCE_EXHAUSTED: Out of memory while trying to allocate 36000000 bytes.,d3-c1-n0.1-m17,3,1,0.1,17,,-4.880209865338042
colosseum,317,dc_entropic_subtraction,,10.87,,RESOURCE_EXHAUSTED: Out of memory while trying to allocate 36000000 bytes.,d3-c1-n0.1-m17,3,1,0.1,17,,-4.880209865338042
colosseum,317,hickock,1.746510443015855,30.9,,,d3-c1-n0.1-m17,3,1,0.1,17,,-4.880209865338042
colosseum,317,orc,0.03005010343492511,4.5,,,d3-c1-n0.1-m17,3,1,0.1,17,,-4.880209865338042
colosseum,317,spc_hop,-28.845597499183057,907.4,,,d3-c1-n0.1-m17,3,1,0.1,17,,-4.880209865338042
colosseum,317,spc_diffusion_t5,606.5112514627219,389.64,,,d3-c1-n0.1-m17,3,1,0.1,17,,-4.880209865338042
colosseum,317,laziness_knn_t5,,10.39,,RESOURCE_EXHAUSTED: Out of memory while trying to allocate 36000000 bytes.,d3-c1-n0.1-m17,3,1,0.1,17,,-4.880209865338042
colosseum,317,laziness_adaptive_t5,,10.89,,RESOURCE_EXHAUSTED: Out of memory while trying to allocate 36000000 bytes.,d3-c1-n0.1-m17,3,1,0.1,17,,-4.880209865338042
colosseum,317,successor_entropy,,0.0,0.0,diffusion_curvature.successor.train.FBTrainer() got multiple values for keyword argument 'batch_size',d3-c1-n0.1-m17,3,1,0.1,17,,-4.880209865338042
colosseum,317,successor_orc,,0.0,0.0,diffusion_curvature.successor.train.FBTrainer() got multiple values for keyword argument 'batch_size',d3-c1-n0.1-m17,3,1,0.1,17,,-4.880209865338042
colosseum,325,dc2,,10.73,,RESOURCE_EXHAUSTED: Out of memory while trying to allocate 36000000 bytes.,d3-c1-n0.1-m25,3,1,0.1,25,,18.84441107910249
colosseum,325,dc_wasserstein_ollivier,,10.79,,RESOURCE_EXHAUSTED: Out of memory while trying to allocate 36000000 bytes.,d3-c1-n0.1-m25,3,1,0.1,25,,18.84441107910249
colosseum,325,dc_entropic_subtraction,,10.95,,RESOURCE_EXHAUSTED: Out of memory while trying to allocate 36000000 bytes.,d3-c1-n0.1-m25,3,1,0.1,25,,18.84441107910249
colosseum,325,hickock,4.94940131633582,30.56,,,d3-c1-n0.1-m25,3,1,0.1,25,,18.84441107910249
colosseum,325,orc,-0.03656504996850742,4.5,,,d3-c1-n0.1-m25,3,1,0.1,25,,18.84441107910249
colosseum,325,spc_hop,-85.21336450828927,702.81,,,d3-c1-n0.1-m25,3,1,0.1,25,,18.84441107910249
colosseum,325,spc_diffusion_t5,18.784118569723933,475.98,,,d3-c1-n0.1-m25,3,1,0.1,25,,18.84441107910249
colosseum,325,laziness_knn_t5,,10.32,,RESOURCE_EXHAUSTED: Out of memory while trying to allocate 36000000 bytes.,d3-c1-n0.1-m25,3,1,0.1,25,,18.84441107910249
colosseum,325,laziness_adaptive_t5,,10.7,,RESOURCE_EXHAUSTED: Out of memory while trying to allocate 36000000 bytes.,d3-c1-n0.1-m25,3,1,0.1,25,,18.84441107910249
colosseum,325,successor_entropy,,0.0,0.0,diffusion_curvature.successor.train.FBTrainer() got multiple values for keyword argument 'batch_size',d3-c1-n0.1-m25,3,1,0.1,25,,18.84441107910249
colosseum,325,successor_orc,,0.0,0.0,diffusion_curvature.successor.train.FBTrainer() got multiple values for keyword argument 'batch_size',d3-c1-n0.1-m25,3,1,0.1,25,,18.84441107910249
colosseum,333,dc2,,10.18,,RESOURCE_EXHAUSTED: Out of memory while trying to allocate 36000000 bytes.,d3-c1-n0.1-m33,3,1,0.1,33,,-0.8314352702396096
colosseum,333,dc_wasserstein_ollivier,,11.01,,RESOURCE_EXHAUSTED: Out of memory while trying to allocate 36000000 bytes.,d3-c1-n0.1-m33,3,1,0.1,33,,-0.8314352702396096
colosseum,333,dc_entropic_subtraction,,11.14,,RESOURCE_EXHAUSTED: Out of memory while trying to allocate 36000000 bytes.,d3-c1-n0.1-m33,3,1,0.1,33,,-0.8314352702396096
colosseum,333,hickock,2.5447108307501938,29.56,,,d3-c1-n0.1-m33,3,1,0.1,33,,-0.8314352702396096
colosseum,333,orc,-0.1962843467837598,4.62,,,d3-c1-n0.1-m33,3,1,0.1,33,,-0.8314352702396096
colosseum,333,spc_hop,-150.60286460327276,571.52,,,d3-c1-n0.1-m33,3,1,0.1,33,,-0.8314352702396096
colosseum,333,spc_diffusion_t5,-123.17773602050443,423.81,,,d3-c1-n0.1-m33,3,1,0.1,33,,-0.8314352702396096
colosseum,333,laziness_knn_t5,,10.48,,RESOURCE_EXHAUSTED: Out of memory while trying to allocate 36000000 bytes.,d3-c1-n0.1-m33,3,1,0.1,33,,-0.8314352702396096
colosseum,333,laziness_adaptive_t5,,11.18,,RESOURCE_EXHAUSTED: Out of memory while trying to allocate 36000000 bytes.,d3-c1-n0.1-m33,3,1,0.1,33,,-0.8314352702396096
colosseum,333,successor_entropy,,0.0,0.0,diffusion_curvature.successor.train.FBTrainer() got multiple values for keyword argument 'batch_size',d3-c1-n0.1-m33,3,1,0.1,33,,-0.8314352702396096
colosseum,333,successor_orc,,0.0,0.0,diffusion_curvature.successor.train.FBTrainer() got multiple values for keyword argument 'batch_size',d3-c1-n0.1-m33,3,1,0.1,33,,-0.8314352702396096
colosseum,341,dc2,,10.67,,RESOURCE_EXHAUSTED: Out of memory while trying to allocate 36000000 bytes.,d3-c1-n0.1-m41,3,1,0.1,41,,-9.38618483902796
colosseum,341,dc_wasserstein_ollivier,,11.34,,RESOURCE_EXHAUSTED: Out of memory while trying to allocate 36000000 bytes.,d3-c1-n0.1-m41,3,1,0.1,41,,-9.38618483902796
colosseum,341,dc_entropic_subtraction,,11.0,,RESOURCE_EXHAUSTED: Out of memory while trying to allocate 36000000 bytes.,d3-c1-n0.1-m41,3,1,0.1,41,,-9.38618483902796
colosseum,341,hickock,3.8729755269446833,42.63,,,d3-c1-n0.1-m41,3,1,0.1,41,,-9.38618483902796
colosseum,341,orc,-0.02707470895337423,4.6,,,d3-c1-n0.1-m41,3,1,0.1,41,,-9.38618483902796
colosseum,341,spc_hop,676.622797618692,631.51,,,d3-c1-n0.1-m41,3,1,0.1,41,,-9.38618483902796
colosseum,341,spc_diffusion_t5,-384.20982128607267,401.04,,,d3-c1-n0.1-m41,3,1,0.1,41,,-9.38618483902796
colosseum,341,laziness_knn_t5,,10.17,,RESOURCE_EXHAUSTED: Out of memory while trying to allocate 36000000 bytes.,d3-c1-n0.1-m41,3,1,0.1,41,,-9.38618483902796
colosseum,341,laziness_adaptive_t5,,11.46,,RESOURCE_EXHAUSTED: Out of memory while trying to allocate 36000000 bytes.,d3-c1-n0.1-m41,3,1,0.1,41,,-9.38618483902796
colosseum,341,successor_entropy,,0.0,0.0,diffusion_curvature.successor.train.FBTrainer() got multiple values for keyword argument 'batch_size',d3-c1-n0.1-m41,3,1,0.1,41,,-9.38618483902796
colosseum,341,successor_orc,,0.0,0.0,diffusion_curvature.successor.train.FBTrainer() got multiple values for keyword argument 'batch_size',d3-c1-n0.1-m41,3,1,0.1,41,,-9.38618483902796
colosseum,349,dc2,,27.27,,RESOURCE_EXHAUSTED: Out of memory while trying to allocate 36000000 bytes.,d3-c1-n0.1-m49,3,1,0.1,49,,-1.9027301616905299
colosseum,349,dc_wasserstein_ollivier,,19.98,,RESOURCE_EXHAUSTED: Out of memory while trying to allocate 36000000 bytes.,d3-c1-n0.1-m49,3,1,0.1,49,,-1.9027301616905299
colosseum,349,dc_entropic_subtraction,,13.05,,RESOURCE_EXHAUSTED: Out of memory while trying to allocate 36000000 bytes.,d3-c1-n0.1-m49,3,1,0.1,49,,-1.9027301616905299
colosseum,349,hickock,2.0992173529601343,24.64,,,d3-c1-n0.1-m49,3,1,0.1,49,,-1.9027301616905299
colosseum,349,orc,-0.07782558745418533,3.63,,,d3-c1-n0.1-m49,3,1,0.1,49,,-1.9027301616905299
colosseum,349,spc_hop,-9.18025179869278,639.2,,,d3-c1-n0.1-m49,3,1,0.1,49,,-1.9027301616905299
colosseum,349,spc_diffusion_t5,50.30715418503439,500.52,,,d3-c1-n0.1-m49,3,1,0.1,49,,-1.9027301616905299
colosseum,349,laziness_knn_t5,,10.34,,RESOURCE_EXHAUSTED: Out of memory while trying to allocate 36000000 bytes.,d3-c1-n0.1-m49,3,1,0.1,49,,-1.9027301616905299
colosseum,349,laziness_adaptive_t5,,10.59,,RESOURCE_EXHAUSTED: Out of memory while trying to allocate 36000000 bytes.,d3-c1-n0.1-m49,3,1,0.1,49,,-1.9027301616905299
colosseum,349,successor_entropy,,0.0,0.0,diffusion_curvature.successor.train.FBTrainer() got multiple values for keyword argument 'batch_size',d3-c1-n0.1-m49,3,1,0.1,49,,-1.9027301616905299
colosseum,349,successor_orc,,0.0,0.0,diffusion_curvature.successor.train.FBTrainer() got multiple values for keyword argument 'batch_size',d3-c1-n0.1-m49,3,1,0.1,49,,-1.9027301616905299
colosseum,357,dc2,,10.17,,RESOURCE_EXHAUSTED: Out of memory while trying to allocate 36000000 bytes.,d3-c1-n0.2-m7,3,1,0.2,7,,-1.472212440915297
colosseum,357,dc_wasserstein_ollivier,,11.14,,RESOURCE_EXHAUSTED: Out of memory while trying to allocate 36000000 bytes.,d3-c1-n0.2-m7,3,1,0.2,7,,-1.472212440915297
colosseum,357,dc_entropic_subtraction,,11.27,,RESOURCE_EXHAUSTED: Out of memory while trying to allocate 36000000 bytes.,d3-c1-n0.2-m7,3,1,0.2,7,,-1.472212440915297
colosseum,357,hickock,-3.037367506581552,29.97,,,d3-c1-n0.2-m7,3,1,0.2,7,,-1.472212440915297
colosseum,357,orc,-0.08141239182509519,4.54,,,d3-c1-n0.2-m7,3,1,0.2,7,,-1.472212440915297
colosseum,357,spc_hop,140.64124296249068,659.55,,,d3-c1-n0.2-m7,3,1,0.2,7,,-1.472212440915297
colosseum,357,spc_diffusion_t5,297.54074658122323,565.76,,,d3-c1-n0.2-m7,3,1,0.2,7,,-1.472212440915297
colosseum,357,laziness_knn_t5,,11.12,,RESOURCE_EXHAUSTED: Out of memory while trying to allocate 36000000 bytes.,d3-c1-n0.2-m7,3,1,0.2,7,,-1.472212440915297
colosseum,357,laziness_adaptive_t5,,10.41,,RESOURCE_EXHAUSTED: Out of memory while trying to allocate 36000000 bytes.,d3-c1-n0.2-m7,3,1,0.2,7,,-1.472212440915297
colosseum,357,successor_entropy,,0.0,0.0,diffusion_curvature.successor.train.FBTrainer() got multiple values for keyword argument 'batch_size',d3-c1-n0.2-m7,3,1,0.2,7,,-1.472212440915297
colosseum,357,successor_orc,,0.0,0.0,diffusion_curvature.successor.train.FBTrainer() got multiple values for keyword argument 'batch_size',d3-c1-n0.2-m7,3,1,0.2,7,,-1.472212440915297
colosseum,365,dc2,,10.69,,RESOURCE_EXHAUSTED: Out of memory while trying to allocate 36000000 bytes.,d3-c1-n0.2-m15,3,1,0.2,15,,-21.943286813107544
colosseum,365,dc_wasserstein_ollivier,,10.8,,RESOURCE_EXHAUSTED: Out of memory while trying to allocate 36000000 bytes.,d3-c1-n0.2-m15,3,1,0.2,15,,-21.943286813107544
colosseum,365,dc_entropic_subtraction,,10.83,,RESOURCE_EXHAUSTED: Out of memory while trying to allocate 36000000 bytes.,d3-c1-n0.2-m15,3,1,0.2,15,,-21.943286813107544
colosseum,365,hickock,0.3862450518426641,30.29,,,d3-c1-n0.2-m15,3,1,0.2,15,,-21.943286813107544
colosseum,365,orc,-0.05360076575814437,4.09,,,d3-c1-n0.2-m15,3,1,0.2,15,,-21.943286813107544
colosseum,365,spc_hop,117.93425440720522,961.28,,,d3-c1-n0.2-m15,3,1,0.2,15,,-21.943286813107544
colosseum,365,spc_diffusion_t5,-67.04459681028975,465.77,,,d3-c1-n0.2-m15,3,1,0.2,15,,-21.943286813107544
colosseum,365,laziness_knn_t5,,10.43,,RESOURCE_EXHAUSTED: Out of memory while trying to allocate 36000000 bytes.,d3-c1-n0.2-m15,3,1,0.2,15,,-21.943286813107544
colosseum,365,laziness_adaptive_t5,,10.29,,RESOURCE_EXHAUSTED: Out of memory while trying to allocate 36000000 bytes.,d3-c1-n0.2-m15,3,1,0.2,15,,-21.943286813107544
colosseum,365,successor_entropy,,0.0,0.0,diffusion_curvature.successor.train.FBTrainer() got multiple values for keyword argument 'batch_size',d3-c1-n0.2-m15,3,1,0.2,15,,-21.943286813107544
colosseum,365,successor_orc,,0.0,0.0,diffusion_curvature.successor.train.FBTrainer() got multiple values for keyword argument 'batch_size',d3-c1-n0.2-m15,3,1,0.2,15,,-21.943286813107544
colosseum,373,dc2,,10.46,,RESOURCE_EXHAUSTED: Out of memory while trying to allocate 36000000 bytes.,d3-c1-n0.2-m23,3,1,0.2,23,,3.0213594242234763
colosseum,373,dc_wasserstein_ollivier,,10.82,,RESOURCE_EXHAUSTED: Out of memory while trying to allocate 36000000 bytes.,d3-c1-n0.2-m23,3,1,0.2,23,,3.0213594242234763
colosseum,373,dc_entropic_subtraction,,10.79,,RESOURCE_EXHAUSTED: Out of memory while trying to allocate 36000000 bytes.,d3-c1-n0.2-m23,3,1,0.2,23,,3.0213594242234763
colosseum,373,hickock,1.3705273204720516,30.68,,,d3-c1-n0.2-m23,3,1,0.2,23,,3.0213594242234763
colosseum,373,orc,-0.12587737400933657,5.11,,,d3-c1-n0.2-m23,3,1,0.2,23,,3.0213594242234763
colosseum,373,spc_hop,30.250861152779123,1022.03,,,d3-c1-n0.2-m23,3,1,0.2,23,,3.0213594242234763
colosseum,373,spc_diffusion_t5,-33.878849506436744,485.12,,,d3-c1-n0.2-m23,3,1,0.2,23,,3.0213594242234763
colosseum,373,laziness_knn_t5,,10.37,,RESOURCE_EXHAUSTED: Out of memory while trying to allocate 36000000 bytes.,d3-c1-n0.2-m23,3,1,0.2,23,,3.0213594242234763
colosseum,373,laziness_adaptive_t5,,10.72,,RESOURCE_EXHAUSTED: Out of memory while trying to allocate 36000000 bytes.,d3-c1-n0.2-m23,3,1,0.2,23,,3.0213594242234763
colosseum,373,successor_entropy,,0.0,0.0,diffusion_curvature.successor.train.FBTrainer() got multiple values for keyword argument 'batch_size',d3-c1-n0.2-m23,3,1,0.2,23,,3.0213594242234763
colosseum,373,successor_orc,,0.0,0.0,diffusion_curvature.successor.train.FBTrainer() got multiple values for keyword argument 'batch_size',d3-c1-n0.2-m23,3,1,0.2,23,,3.0213594242234763
colosseum,381,dc2,,10.19,,RESOURCE_EXHAUSTED: Out of memory while trying to allocate 36000000 bytes.,d3-c1-n0.2-m31,3,1,0.2,31,,6.864658251205607
colosseum,381,dc_wasserstein_ollivier,,10.87,,RESOURCE_EXHAUSTED: Out of memory while trying to allocate 36000000 bytes.,d3-c1-n0.2-m31,3,1,0.2,31,,6.864658251205607
colosseum,381,dc_entropic_subtraction,,11.38,,RESOURCE_EXHAUSTED: Out of memory while trying to allocate 36000000 bytes.,d3-c1-n0.2-m31,3,1,0.2,31,,6.864658251205607
colosseum,381,hickock,0.7412902236522593,31.6,,,d3-c1-n0.2-m31,3,1,0.2,31,,6.864658251205607
colosseum,381,orc,-0.07825864446403015,4.33,,,d3-c1-n0.2-m31,3,1,0.2,31,,6.864658251205607
colosseum,381,spc_hop,-32.580633765300945,638.75,,,d3-c1-n0.2-m31,3,1,0.2,31,,6.864658251205607
colosseum,381,spc_diffusion_t5,-97.97217042482777,489.18,,,d3-c1-n0.2-m31,3,1,0.2,31,,6.864658251205607
colosseum,381,laziness_knn_t5,,10.26,,RESOURCE_EXHAUSTED: Out of memory while trying to allocate 36000000 bytes.,d3-c1-n0.2-m31,3,1,0.2,31,,6.864658251205607
colosseum,381,laziness_adaptive_t5,,10.41,,RESOURCE_EXHAUSTED: Out of memory while trying to allocate 36000000 bytes.,d3-c1-n0.2-m31,3,1,0.2,31,,6.864658251205607
colosseum,381,successor_entropy,,0.0,0.0,diffusion_curvature.successor.train.FBTrainer() got multiple values for keyword argument 'batch_size',d3-c1-n0.2-m31,3,1,0.2,31,,6.864658251205607
colosseum,381,successor_orc,,0.0,0.0,diffusion_curvature.successor.train.FBTrainer() got multiple values for keyword argument 'batch_size',d3-c1-n0.2-m31,3,1,0.2,31,,6.864658251205607
colosseum,389,dc2,,10.39,,RESOURCE_EXHAUSTED: Out of memory while trying to allocate 36000000 bytes.,d3-c1-n0.2-m39,3,1,0.2,39,,-22.017911195249876
colosseum,389,dc_wasserstein_ollivier,,11.31,,RESOURCE_EXHAUSTED: Out of memory while trying to allocate 36000000 bytes.,d3-c1-n0.2-m39,3,1,0.2,39,,-22.017911195249876
colosseum,389,dc_entropic_subtraction,,11.01,,RESOURCE_EXHAUSTED: Out of memory while trying to allocate 36000000 bytes.,d3-c1-n0.2-m39,3,1,0.2,39,,-22.017911195249876
colosseum,389,hickock,-1.3738883082884061,28.91,,,d3-c1-n0.2-m39,3,1,0.2,39,,-22.017911195249876
colosseum,389,orc,-0.08834613320441659,4.7,,,d3-c1-n0.2-m39,3,1,0.2,39,,-22.017911195249876
colosseum,389,spc_hop,-49.435018882090944,1012.71,,,d3-c1-n0.2-m39,3,1,0.2,39,,-22.017911195249876
colosseum,389,spc_diffusion_t5,86.59636638778423,436.94,,,d3-c1-n0.2-m39,3,1,0.2,39,,-22.017911195249876
colosseum,389,laziness_knn_t5,,10.25,,RESOURCE_EXHAUSTED: Out of memory while trying to allocate 36000000 bytes.,d3-c1-n0.2-m39,3,1,0.2,39,,-22.017911195249876
colosseum,389,laziness_adaptive_t5,,10.51,,RESOURCE_EXHAUSTED: Out of memory while trying to allocate 36000000 bytes.,d3-c1-n0.2-m39,3,1,0.2,39,,-22.017911195249876
colosseum,389,successor_entropy,,0.0,0.0,diffusion_curvature.successor.train.FBTrainer() got multiple values for keyword argument 'batch_size',d3-c1-n0.2-m39,3,1,0.2,39,,-22.017911195249876
colosseum,389,successor_orc,,0.0,0.0,diffusion_curvature.successor.train.FBTrainer() got multiple values for keyword argument 'batch_size',d3-c1-n0.2-m39,3,1,0.2,39,,-22.017911195249876
colosseum,397,dc2,,10.63,,RESOURCE_EXHAUSTED: Out of memory while trying to allocate 36000000 bytes.,d3-c1-n0.2-m47,3,1,0.2,47,,-31.98728362165983
colosseum,397,dc_wasserstein_ollivier,,13.84,,RESOURCE_EXHAUSTED: Out of memory while trying to allocate 36000000 bytes.,d3-c1-n0.2-m47,3,1,0.2,47,,-31.98728362165983
colosseum,397,dc_entropic_subtraction,,11.87,,RESOURCE_EXHAUSTED: Out of memory while trying to allocate 36000000 bytes.,d3-c1-n0.2-m47,3,1,0.2,47,,-31.98728362165983
colosseum,397,hickock,0.23402569260653275,26.04,,,d3-c1-n0.2-m47,3,1,0.2,47,,-31.98728362165983
colosseum,397,orc,-0.10811812482680994,7.03,,,d3-c1-n0.2-m47,3,1,0.2,47,,-31.98728362165983
colosseum,397,spc_hop,-160.9393188936386,531.45,,,d3-c1-n0.2-m47,3,1,0.2,47,,-31.98728362165983
colosseum,397,spc_diffusion_t5,-177.98746662844238,345.53,,,d3-c1-n0.2-m47,3,1,0.2,47,,-31.98728362165983
colosseum,397,laziness_knn_t5,,10.31,,RESOURCE_EXHAUSTED: Out of memory while trying to allocate 36000000 bytes.,d3-c1-n0.2-m47,3,1,0.2,47,,-31.98728362165983
colosseum,397,laziness_adaptive_t5,,11.55,,RESOURCE_EXHAUSTED: Out of memory while trying to allocate 36000000 bytes.,d3-c1-n0.2-m47,3,1,0.2,47,,-31.98728362165983
colosseum,397,successor_entropy,,0.0,0.0,diffusion_curvature.successor.train.FBTrainer() got multiple values for keyword argument 'batch_size',d3-c1-n0.2-m47,3,1,0.2,47,,-31.98728362165983
colosseum,397,successor_orc,,0.0,0.0,diffusion_curvature.successor.train.FBTrainer() got multiple values for keyword argument 'batch_size',d3-c1-n0.2-m47,3,1,0.2,47,,-31.98728362165983
colosseum,405,dc2,,12.06,,RESOURCE_EXHAUSTED: Out of memory while trying to allocate 36000000 bytes.,d4-c1-n0.01-m5,4,1,0.01,5,,-12.539433268659613
colosseum,405,dc_wasserstein_ollivier,,13.48,,RESOURCE_EXHAUSTED: Out of memory while trying to allocate 36000000 bytes.,d4-c1-n0.01-m5,4,1,0.01,5,,-12.539433268659613
colosseum,405,dc_entropic_subtraction,,11.28,,RESOURCE_EXHAUSTED: Out of memory while trying to allocate 36000000 bytes.,d4-c1-n0.01-m5,4,1,0.01,5,,-12.539433268659613
colosseum,405,hickock,11.87419378131495,31.29,,,d4-c1-n0.01-m5,4,1,0.01,5,,-12.539433268659613
colosseum,405,orc,-0.23786856493735087,4.32,,,d4-c1-n0.01-m5,4,1,0.01,5,,-12.539433268659613
colosseum,405,spc_hop,,0.0,,,d4-c1-n0.01-m5,4,1,0.01,5,,-12.539433268659613
colosseum,405,spc_diffusion_t5,,0.0,,,d4-c1-n0.01-m5,4,1,0.01,5,,-12.539433268659613
colosseum,405,laziness_knn_t5,,10.17,,RESOURCE_EXHAUSTED: Out of memory while trying to allocate 36000000 bytes.,d4-c1-n0.01-m5,4,1,0.01,5,,-12.539433268659613
colosseum,405,laziness_adaptive_t5,,10.31,,RESOURCE_EXHAUSTED: Out of memory while trying to allocate 36000000 bytes.,d4-c1-n0.01-m5,4,1,0.01,5,,-12.539433268659613
colosseum,405,successor_entropy,,0.0,0.0,diffusion_curvature.successor.train.FBTrainer() got multiple values for keyword argument 'batch_size',d4-c1-n0.01-m5,4,1,0.01,5,,-12.539433268659613
colosseum,405,successor_orc,,0.0,0.0,diffusion_curvature.successor.train.FBTrainer() got multiple values for keyword argument 'batch_size',d4-c1-n0.01-m5,4,1,0.01,5,,-12.539433268659613
colosseum,413,dc2,,10.26,,RESOURCE_EXHAUSTED: Out of memory while trying to allocate 36000000 bytes.,d4-c1-n0.01-m13,4,1,0.01,13,,-33.54433086345224
colosseum,413,dc_wasserstein_ollivier,,11.51,,RESOURCE_EXHAUSTED: Out of memory while trying to allocate 36000000 bytes.,d4-c1-n0.01-m13,4,1,0.01,13,,-33.54433086345224
colosseum,413,dc_entropic_subtraction,,11.1,,RESOURCE_EXHAUSTED: Out of memory while trying to allocate 36000000 bytes.,d4-c1-n0.01-m13,4,1,0.01,13,,-33.54433086345224
colosseum,413,hickock,12.302107662899086,30.1,,,d4-c1-n0.01-m13,4,1,0.01,13,,-33.54433086345224
colosseum,413,orc,-0.03203762565060681,5.6,,,d4-c1-n0.01-m13,4,1,0.01,13,,-33.54433086345224
colosseum,413,spc_hop,,0.0,,,d4-c1-n0.01-m13,4,1,0.01,13,,-33.54433086345224
colosseum,413,spc_diffusion_t5,,0.0,,,d4-c1-n0.01-m13,4,1,0.01,13,,-33.54433086345224
colosseum,413,laziness_knn_t5,,10.19,,RESOURCE_EXHAUSTED: Out of memory while trying to allocate 36000000 bytes.,d4-c1-n0.01-m13,4,1,0.01,13,,-33.54433086345224
colosseum,413,laziness_adaptive_t5,,10.36,,RESOURCE_EXHAUSTED: Out of memory while trying to allocate 36000000 bytes.,d4-c1-n0.01-m13,4,1,0.01,13,,-33.54433086345224
colosseum,413,successor_entropy,,0.0,0.0,diffusion_curvature.successor.train.FBTrainer() got multiple values for keyword argument 'batch_size',d4-c1-n0.01-m13,4,1,0.01,13,,-33.54433086345224
colosseum,413,successor_orc,,0.0,0.0,diffusion_curvature.successor.train.FBTrainer() got multiple values for keyword argument 'batch_size',d4-c1-n0.01-m13,4,1,0.01,13,,-33.54433086345224
colosseum,421,dc2,,10.43,,RESOURCE_EXHAUSTED: Out of memory while trying to allocate 36000000 bytes.,d4-c1-n0.01-m21,4,1,0.01,21,,-35.341630379271
colosseum,421,dc_wasserstein_ollivier,,11.28,,RESOURCE_EXHAUSTED: Out of memory while trying to allocate 36000000 bytes.,d4-c1-n0.01-m21,4,1,0.01,21,,-35.341630379271
colosseum,421,dc_entropic_subtraction,,11.32,,RESOURCE_EXHAUSTED: Out of memory while trying to allocate 36000000 bytes.,d4-c1-n0.01-m21,4,1,0.01,21,,-35.341630379271
colosseum,421,hickock,11.439188885578679,32.03,,,d4-c1-n0.01-m21,4,1,0.01,21,,-35.341630379271
colosseum,421,orc,-0.022376153065649627,4.86,,,d4-c1-n0.01-m21,4,1,0.01,21,,-35.341630379271
colosseum,421,spc_hop,,0.0,,,d4-c1-n0.01-m21,4,1,0.01,21,,-35.341630379271
colosseum,421,spc_diffusion_t5,,0.0,,,d4-c1-n0.01-m21,4,1,0.01,21,,-35.341630379271
colosseum,421,laziness_knn_t5,,10.16,,RESOURCE_EXHAUSTED: Out of memory while trying to allocate 36000000 bytes.,d4-c1-n0.01-m21,4,1,0.01,21,,-35.341630379271
colosseum,421,laziness_adaptive_t5,,10.27,,RESOURCE_EXHAUSTED: Out of memory while trying to allocate 36000000 bytes.,d4-c1-n0.01-m21,4,1,0.01,21,,-35.341630379271
colosseum,421,successor_entropy,,0.0,0.0,diffusion_curvature.successor.train.FBTrainer() got multiple values for keyword argument 'batch_size',d4-c1-n0.01-m21,4,1,0.01,21,,-35.341630379271
colosseum,421,successor_orc,,0.0,0.0,diffusion_curvature.successor.train.FBTrainer() got multiple values for keyword argument 'batch_size',d4-c1-n0.01-m21,4,1,0.01,21,,-35.341630379271
colosseum,429,dc2,,10.32,,RESOURCE_EXHAUSTED: Out of memory while trying to allocate 36000000 bytes.,d4-c1-n0.01-m29,4,1,0.01,29,,-10.30439215269536
colosseum,429,dc_wasserstein_ollivier,,10.74,,RESOURCE_EXHAUSTED: Out of memory while trying to allocate 36000000 bytes.,d4-c1-n0.01-m29,4,1,0.01,29,,-10.30439215269536
colosseum,429,dc_entropic_subtraction,,11.22,,RESOURCE_EXHAUSTED: Out of memory while trying to allocate 36000000 bytes.,d4-c1-n0.01-m29,4,1,0.01,29,,-10.30439215269536
colosseum,429,hickock,11.808895903340677,30.95,,,d4-c1-n0.01-m29,4,1,0.01,29,,-10.30439215269536
colosseum,429,orc,-0.23135931119324651,3.78,,,d4-c1-n0.01-m29,4,1,0.01,29,,-10.30439215269536
colosseum,429,spc_hop,,0.0,,,d4-c1-n0.01-m29,4,1,0.01,29,,-10.30439215269536
colosseum,429,spc_diffusion_t5,,0.0,,,d4-c1-n0.01-m29,4,1,0.01,29,,-10.30439215269536
colosseum,429,laziness_knn_t5,,10.18,,RESOURCE_EXHAUSTED: Out of memory while trying to allocate 36000000 bytes.,d4-c1-n0.01-m29,4,1,0.01,29,,-10.30439215269536
colosseum,429,laziness_adaptive_t5,,10.41,,RESOURCE_EXHAUSTED: Out of memory while trying to allocate 36000000 bytes.,d4-c1-n0.01-m29,4,1,0.01,29,,-10.30439215269536
colosseum,429,successor_entropy,,0.0,0.0,diffusion_curvature.successor.train.FBTrainer() got multiple values for keyword argument 'batch_size',d4-c1-n0.01-m29,4,1,0.01,29,,-10.30439215269536
colosseum,429,successor_orc,,0.0,0.0,diffusion_curvature.successor.train.FBTrainer() got multiple values for keyword argument 'batch_size',d4-c1-n0.01-m29,4,1,0.01,29,,-10.30439215269536
colosseum,437,dc2,,10.35,,RESOURCE_EXHAUSTED: Out of memory while trying to allocate 36000000 bytes.,d4-c1-n0.01-m37,4,1,0.01,37,,-29.742360699814373
colosseum,437,dc_wasserstein_ollivier,,10.64,,RESOURCE_EXHAUSTED: Out of memory while trying to allocate 36000000 bytes.,d4-c1-n0.01-m37,4,1,0.01,37,,-29.742360699814373
colosseum,437,dc_entropic_subtraction,,10.71,,RESOURCE_EXHAUSTED: Out of memory while trying to allocate 36000000 bytes.,d4-c1-n0.01-m37,4,1,0.01,37,,-29.742360699814373
colosseum,437,hickock,11.154236021177889,35.29,,,d4-c1-n0.01-m37,4,1,0.01,37,,-29.742360699814373
colosseum,437,orc,-0.2540150786850963,3.1,,,d4-c1-n0.01-m37,4,1,0.01,37,,-29.742360699814373
colosseum,437,spc_hop,,0.0,,,d4-c1-n0.01-m37,4,1,0.01,37,,-29.742360699814373
colosseum,437,spc_diffusion_t5,,0.0,,,d4-c1-n0.01-m37,4,1,0.01,37,,-29.742360699814373
colosseum,437,laziness_knn_t5,,10.14,,RESOURCE_EXHAUSTED: Out of memory while trying to allocate 36000000 bytes.,d4-c1-n0.01-m37,4,1,0.01,37,,-29.742360699814373
colosseum,437,laziness_adaptive_t5,,10.45,,RESOURCE_EXHAUSTED: Out of memory while trying to allocate 36000000 bytes.,d4-c1-n0.01-m37,4,1,0.01,37,,-29.742360699814373
colosseum,437,successor_entropy,,0.0,0.0,diffusion_curvature.successor.train.FBTrainer() got multiple values for keyword argument 'batch_size',d4-c1-n0.01-m37,4,1,0.01,37,,-29.742360699814373
colosseum,437,successor_orc,,0.0,0.0,diffusion_curvature.successor.train.FBTrainer() got multiple values for keyword argument 'batch_size',d4-c1-n0.01-m37,4,1,0.01,37,,-29.742360699814373
colosseum,445,dc2,,10.62,,RESOURCE_EXHAUSTED: Out of memory while trying to allocate 36000000 bytes.,d4-c1-n0.01-m45,4,1,0.01,45,,-10.975221684546822
colosseum,445,dc_wasserstein_ollivier,,10.71,,RESOURCE_EXHAUSTED: Out of memory while trying to allocate 36000000 bytes.,d4-c1-n0.01-m45,4,1,0.01,45,,-10.975221684546822
colosseum,445,dc_entropic_subtraction,,11.42,,RESOURCE_EXHAUSTED: Out of memory while trying to allocate 36000000 bytes.,d4-c1-n0.01-m45,4,1,0.01,45,,-10.975221684546822
colosseum,445,hickock,11.568946564760322,35.38,,,d4-c1-n0.01-m45,4,1,0.01,45,,-10.975221684546822
colosseum,445,orc,-0.2417598648695461,3.94,,,d4-c1-n0.01-m45,4,1,0.01,45,,-10.975221684546822
colosseum,445,spc_hop,,0.0,,,d4-c1-n0.01-m45,4,1,0.01,45,,-10.975221684546822
colosseum,445,spc_diffusion_t5,,0.0,,,d4-c1-n0.01-m45,4,1,0.01,45,,-10.975221684546822
colosseum,445,laziness_knn_t5,,10.2,,RESOURCE_EXHAUSTED: Out of memory while trying to allocate 36000000 bytes.,d4-c1-n0.01-m45,4,1,0.01,45,,-10.975221684546822
colosseum,445,laziness_adaptive_t5,,10.41,,RESOURCE_EXHAUSTED: Out of memory while trying to allocate 36000000 bytes.,d4-c1-n0.01-m45,4,1,0.01,45,,-10.975221684546822
colosseum,445,successor_entropy,,0.0,0.0,diffusion_curvature.successor.train.FBTrainer() got multiple values for keyword argument 'batch_size',d4-c1-n0.01-m45,4,1,0.01,45,,-10.975221684546822
colosseum,445,successor_orc,,0.0,0.0,diffusion_curvature.successor.train.FBTrainer() got multiple values for keyword argument 'batch_size',d4-c1-n0.01-m45,4,1,0.01,45,,-10.975221684546822
colosseum,453,dc2,,10.33,,RESOURCE_EXHAUSTED: Out of memory while trying to allocate 36000000 bytes.,d4-c1-n0.05-m3,4,1,0.05,3,,-47.80544005679113
colosseum,453,dc_wasserstein_ollivier,,10.71,,RESOURCE_EXHAUSTED: Out of memory while trying to allocate 36000000 bytes.,d4-c1-n0.05-m3,4,1,0.05,3,,-47.80544005679113
colosseum,453,dc_entropic_subtraction,,11.16,,RESOURCE_EXHAUSTED: Out of memory while trying to allocate 36000000 bytes.,d4-c1-n0.05-m3,4,1,0.05,3,,-47.80544005679113
colosseum,453,hickock,11.897159743078987,32.91,,,d4-c1-n0.05-m3,4,1,0.05,3,,-47.80544005679113
colosseum,453,orc,-0.2919679071768191,4.98,,,d4-c1-n0.05-m3,4,1,0.05,3,,-47.80544005679113
colosseum,453,spc_hop,,0.0,,,d4-c1-n0.05-m3,4,1,0.05,3,,-47.80544005679113
colosseum,453,spc_diffusion_t5,,0.0,,,d4-c1-n0.05-m3,4,1,0.05,3,,-47.80544005679113
colosseum,453,laziness_knn_t5,,10.17,,RESOURCE_EXHAUSTED: Out of memory while trying to allocate 36000000 bytes.,d4-c1-n0.05-m3,4,1,0.05,3,,-47.80544005679113
colosseum,453,laziness_adaptive_t5,,10.34,,RESOURCE_EXHAUSTED: Out of memory while trying to allocate 36000000 bytes.,d4-c1-n0.05-m3,4,1,0.05,3,,-47.80544005679113
colosseum,453,successor_entropy,,0.0,0.0,diffusion_curvature.successor.train.FBTrainer() got multiple values for keyword argument 'batch_size',d4-c1-n0.05-m3,4,1,0.05,3,,-47.80544005679113
colosseum,453,successor_orc,,0.0,0.0,diffusion_curvature.successor.train.FBTrainer() got multiple values for keyword argument 'batch_size',d4-c1-n0.05-m3,4,1,0.05,3,,-47.80544005679113
colosseum,461,dc2,,10.28,,RESOURCE_EXHAUSTED: Out of memory while trying to allocate 36000000 bytes.,d4-c1-n0.05-m11,4,1,0.05,11,,0.7438873133947457
colosseum,461,dc_wasserstein_ollivier,,11.15,,RESOURCE_EXHAUSTED: Out of memory while trying to allocate 36000000 bytes.,d4-c1-n0.05-m11,4,1,0.05,11,,0.7438873133947457
colosseum,461,dc_entropic_subtraction,,11.63,,RESOURCE_EXHAUSTED: Out of memory while trying to allocate 36000000 bytes.,d4-c1-n0.05-m11,4,1,0.05,11,,0.7438873133947457
colosseum,461,hickock,11.398627121641773,36.31,,,d4-c1-n0.05-m11,4,1,0.05,11,,0.7438873133947457
colosseum,461,orc,-0.13258919259027574,3.3,,,d4-c1-n0.05-m11,4,1,0.05,11,,0.7438873133947457
colosseum,461,spc_hop,,0.0,,,d4-c1-n0.05-m11,4,1,0.05,11,,0.7438873133947457
colosseum,461,spc_diffusion_t5,,0.0,,,d4-c1-n0.05-m11,4,1,0.05,11,,0.7438873133947457
colosseum,461,laziness_knn_t5,,10.16,,RESOURCE_EXHAUSTED: Out of memory while trying to allocate 36000000 bytes.,d4-c1-n0.05-m11,4,1,0.05,11,,0.7438873133947457
colosseum,461,laziness_adaptive_t5,,10.26,,RESOURCE_EXHAUSTED: Out of memory while trying to allocate 36000000 bytes.,d4-c1-n0.05-m11,4,1,0.05,11,,0.7438873133947457
colosseum,461,successor_entropy,,0.0,0.0,diffusion_curvature.successor.train.FBTrainer() got multiple values for keyword argument 'batch_size',d4-c1-n0.05-m11,4,1,0.05,11,,0.7438873133947457
colosseum,461,successor_orc,,0.0,0.0,diffusion_curvature.successor.train.FBTrainer() got multiple values for keyword argument 'batch_size',d4-c1-n0.05-m11,4,1,0.05,11,,0.7438873133947457
colosseum,469,dc2,,10.26,,RESOURCE_EXHAUSTED: Out of memory while trying to allocate 36000000 bytes.,d4-c1-n0.05-m19,4,1,0.05,19,,-25.02037925561203
colosseum,469,dc_wasserstein_ollivier,,11.1,,RESOURCE_EXHAUSTED: Out of memory while trying to allocate 36000000 bytes.,d4-c1-n0.05-m19,4,1,0.05,19,,-25.02037925561203
colosseum,469,dc_entropic_subtraction,,10.77,,RESOURCE_EXHAUSTED: Out of memory while trying to allocate 36000000 bytes.,d4-c1-n0.05-m19,4,1,0.05,19,,-25.02037925561203
colosseum,469,hickock,11.2309088353546,35.94,,,d4-c1-n0.05-m19,4,1,0.05,19,,-25.02037925561203
colosseum,469,orc,-0.22498014587761733,3.53,,,d4-c1-n0.05-m19,4,1,0.05,19,,-25.02037925561203
colosseum,469,spc_hop,,0.0,,,d4-c1-n0.05-m19,4,1,0.05,19,,-25.02037925561203
colosseum,469,spc_diffusion_t5,,0.0,,,d4-c1-n0.05-m19,4,1,0.05,19,,-25.02037925561203
colosseum,469,laziness_knn_t5,,10.26,,RESOURCE_EXHAUSTED: Out of memory while trying to allocate 36000000 bytes.,d4-c1-n0.05-m19,4,1,0.05,19,,-25.02037925561203
colosseum,469,laziness_adaptive_t5,,10.21,,RESOURCE_EXHAUSTED: Out of memory while trying to allocate 36000000 bytes.,d4-c1-n0.05-m19,4,1,0.05,19,,-25.02037925561203
colosseum,469,successor_entropy,,0.0,0.0,diffusion_curvature.successor.train.FBTrainer() got multiple values for keyword argument 'batch_size',d4-c1-n0.05-m19,4,1,0.05,19,,-25.02037925561203
colosseum,469,successor_orc,,0.0,0.0,diffusion_curvature.successor.train.FBTrainer() got multiple values for keyword argument 'batch_size',d4-c1-n0.05-m19,4,1,0.05,19,,-25.02037925561203
colosseum,477,dc2,,10.41,,RESOURCE_EXHAUSTED: Out of memory while trying to allocate 36000000 bytes.,d4-c1-n0.05-m27,4,1,0.05,27,,-8.712204428198058
colosseum,477,dc_wasserstein_ollivier,,11.2,,RESOURCE_EXHAUSTED: Out of memory while trying to allocate 36000000 bytes.,d4-c1-n0.05-m27,4,1,0.05,27,,-8.712204428198058
colosseum,477,dc_entropic_subtraction,,11.44,,RESOURCE_EXHAUSTED: Out of memory while trying to allocate 36000000 bytes.,d4-c1-n0.05-m27,4,1,0.05,27,,-8.712204428198058
colosseum,477,hickock,11.516160864757206,33.6,,,d4-c1-n0.05-m27,4,1,0.05,27,,-8.712204428198058
colosseum,477,orc,-0.1640214437614536,3.02,,,d4-c1-n0.05-m27,4,1,0.05,27,,-8.712204428198058
colosseum,477,spc_hop,,0.0,,,d4-c1-n0.05-m27,4,1,0.05,27,,-8.712204428198058
colosseum,477,spc_diffusion_t5,,0.0,,,d4-c1-n0.05-m27,4,1,0.05,27,,-8.712204428198058
colosseum,477,laziness_knn_t5,,10.16,,RESOURCE_EXHAUSTED: Out of memory while trying to allocate 36000000 bytes.,d4-c1-n0.05-m27,4,1,0.05,27,,-8.712204428198058
colosseum,477,laziness_adaptive_t5,,10.52,,RESOURCE_EXHAUSTED: Out of memory while trying to allocate 36000000 bytes.,d4-c1-n0.05-m27,4,1,0.05,27,,-8.712204428198058
colosseum,477,successor_entropy,,0.0,0.0,diffusion_curvature.successor.train.FBTrainer() got multiple values for keyword argument 'batch_size',d4-c1-n0.05-m27,4,1,0.05,27,,-8.712204428198058
colosseum,477,successor_orc,,0.0,0.0,diffusion_curvature.successor.train.FBTrainer() got multiple values for keyword argument 'batch_size',d4-c1-n0.05-m27,4,1,0.05,27,,-8.712204428198058
colosseum,485,dc2,,10.37,,RESOURCE_EXHAUSTED: Out of memory while trying to allocate 36000000 bytes.,d4-c1-n0.05-m35,4,1,0.05,35,,-5.192589890503081
colosseum,485,dc_wasserstein_ollivier,,11.46,,RESOURCE_EXHAUSTED: Out of memory while trying to allocate 36000000 bytes.,d4-c1-n0.05-m35,4,1,0.05,35,,-5.192589890503081
colosseum,485,dc_entropic_subtraction,,10.83,,RESOURCE_EXHAUSTED: Out of memory while trying to allocate 36000000 bytes.,d4-c1-n0.05-m35,4,1,0.05,35,,-5.192589890503081
colosseum,485,hickock,10.88693941456844,35.43,,,d4-c1-n0.05-m35,4,1,0.05,35,,-5.192589890503081
colosseum,485,orc,-0.0864977697821916,3.16,,,d4-c1-n0.05-m35,4,1,0.05,35,,-5.192589890503081
colosseum,485,spc_hop,,0.0,,,d4-c1-n0.05-m35,4,1,0.05,35,,-5.192589890503081
colosseum,485,spc_diffusion_t5,,0.0,,,d4-c1-n0.05-m35,4,1,0.05,35,,-5.192589890503081
colosseum,485,laziness_knn_t5,,10.18,,RESOURCE_EXHAUSTED: Out of memory while trying to allocate 36000000 bytes.,d4-c1-n0.05-m35,4,1,0.05,35,,-5.192589890503081
colosseum,485,laziness_adaptive_t5,,10.39,,RESOURCE_EXHAUSTED: Out of memory while trying to allocate 36000000 bytes.,d4-c1-n0.05-m35,4,1,0.05,35,,-5.192589890503081
colosseum,485,successor_entropy,,0.0,0.0,diffusion_curvature.successor.train.FBTrainer() got multiple values for keyword argument 'batch_size',d4-c1-n0.05-m35,4,1,0.05,35,,-5.192589890503081
colosseum,485,successor_orc,,0.0,0.0,diffusion_curvature.successor.train.FBTrainer() got multiple values for keyword argument 'batch_size',d4-c1-n0.05-m35,4,1,0.05,35,,-5.192589890503081
colosseum,493,dc2,,10.24,,RESOURCE_EXHAUSTED: Out of memory while trying to allocate 36000000 bytes.,d4-c1-n0.05-m43,4,1,0.05,43,,-29.58011120043864
colosseum,493,dc_wasserstein_ollivier,,12.87,,RESOURCE_EXHAUSTED: Out of memory while trying to allocate 36000000 bytes.,d4-c1-n0.05-m43,4,1,0.05,43,,-29.58011120043864
colosseum,493,dc_entropic_subtraction,,10.6,,RESOURCE_EXHAUSTED: Out of memory while trying to allocate 36000000 bytes.,d4-c1-n0.05-m43,4,1,0.05,43,,-29.58011120043864
colosseum,493,hickock,11.71352884864794,38.69,,,d4-c1-n0.05-m43,4,1,0.05,43,,-29.58011120043864
colosseum,493,orc,-0.12901760657168182,4.33,,,d4-c1-n0.05-m43,4,1,0.05,43,,-29.58011120043864
colosseum,493,spc_hop,,0.0,,,d4-c1-n0.05-m43,4,1,0.05,43,,-29.58011120043864
colosseum,493,spc_diffusion_t5,,0.0,,,d4-c1-n0.05-m43,4,1,0.05,43,,-29.58011120043864
colosseum,493,laziness_knn_t5,,10.34,,RESOURCE_EXHAUSTED: Out of memory while trying to allocate 36000000 bytes.,d4-c1-n0.05-m43,4,1,0.05,43,,-29.58011120043864
colosseum,493,laziness_adaptive_t5,,10.19,,RESOURCE_EXHAUSTED: Out of memory while trying to allocate 36000000 bytes.,d4-c1-n0.05-m43,4,1,0.05,43,,-29.58011120043864
colosseum,493,successor_entropy,,0.0,0.0,diffusion_curvature.successor.train.FBTrainer() got multiple values for keyword argument 'batch_size',d4-c1-n0.05-m43,4,1,0.05,43,,-29.58011120043864
colosseum,493,successor_orc,,0.0,0.0,diffusion_curvature.successor.train.FBTrainer() got multiple values for keyword argument 'batch_size',d4-c1-n0.05-m43,4,1,0.05,43,,-29.58011120043864
colosseum,501,dc2,,10.3,,RESOURCE_EXHAUSTED: Out of memory while trying to allocate 36000000 bytes.,d4-c1-n0.1-m1,4,1,0.1,1,,-26.956466840998793
colosseum,501,dc_wasserstein_ollivier,,10.98,,RESOURCE_EXHAUSTED: Out of memory while trying to allocate 36000000 bytes.,d4-c1-n0.1-m1,4,1,0.1,1,,-26.956466840998793
colosseum,501,dc_entropic_subtraction,,10.6,,RESOURCE_EXHAUSTED: Out of memory while trying to allocate 36000000 bytes.,d4-c1-n0.1-m1,4,1,0.1,1,,-26.956466840998793
colosseum,501,hickock,11.331657183256164,37.13,,,d4-c1-n0.1-m1,4,1,0.1,1,,-26.956466840998793
colosseum,501,orc,-0.19972001346822257,2.54,,,d4-c1-n0.1-m1,4,1,0.1,1,,-26.956466840998793
colosseum,501,spc_hop,,0.0,,,d4-c1-n0.1-m1,4,1,0.1,1,,-26.956466840998793
colosseum,501,spc_diffusion_t5,,0.0,,,d4-c1-n0.1-m1,4,1,0.1,1,,-26.956466840998793
colosseum,501,laziness_knn_t5,,10.15,,RESOURCE_EXHAUSTED: Out of memory while trying to allocate 36000000 bytes.,d4-c1-n0.1-m1,4,1,0.1,1,,-26.956466840998793
colosseum,501,laziness_adaptive_t5,,10.3,,RESOURCE_EXHAUSTED: Out of memory while trying to allocate 36000000 bytes.,d4-c1-n0.1-m1,4,1,0.1,1,,-26.956466840998793
colosseum,501,successor_entropy,,0.0,0.0,diffusion_curvature.successor.train.FBTrainer() got multiple values for keyword argument 'batch_size',d4-c1-n0.1-m1,4,1,0.1,1,,-26.956466840998793
colosseum,501,successor_orc,,0.0,0.0,diffusion_curvature.successor.train.FBTrainer() got multiple values for keyword argument 'batch_size',d4-c1-n0.1-m1,4,1,0.1,1,,-26.956466840998793
colosseum,509,dc2,,10.25,,RESOURCE_EXHAUSTED: Out of memory while trying to allocate 36000000 bytes.,d4-c1-n0.1-m9,4,1,0.1,9,,-14.98114200625394
colosseum,509,dc_wasserstein_ollivier,,11.23,,RESOURCE_EXHAUSTED: Out of memory while trying to allocate 36000000 bytes.,d4-c1-n0.1-m9,4,1,0.1,9,,-14.98114200625394
colosseum,509,dc_entropic_subtraction,,10.69,,RESOURCE_EXHAUSTED: Out of memory while trying to allocate 36000000 bytes.,d4-c1-n0.1-m9,4,1,0.1,9,,-14.98114200625394
colosseum,509,hickock,11.137315503339057,38.01,,,d4-c1-n0.1-m9,4,1,0.1,9,,-14.98114200625394
colosseum,509,orc,-0.13675552620196513,2.81,,,d4-c1-n0.1-m9,4,1,0.1,9,,-14.98114200625394
colosseum,509,spc_hop,,0.0,,,d4-c1-n0.1-m9,4,1,0.1,9,,-14.98114200625394
colosseum,509,spc_diffusion_t5,,0.0,,,d4-c1-n0.1-m9,4,1,0.1,9,,-14.98114200625394
colosseum,509,laziness_knn_t5,,10.12,,RESOURCE_EXHAUSTED: Out of memory while trying to allocate 36000000 bytes.,d4-c1-n0.1-m9,4,1,0.1,9,,-14.98114200625394
colosseum,509,laziness_adaptive_t5,,10.22,,RESOURCE_EXHAUSTED: Out of memory while trying to allocate 36000000 bytes.,d4-c1-n0.1-m9,4,1,0.1,9,,-14.98114200625394
colosseum,509,successor_entropy,,0.0,0.0,diffusion_curvature.successor.train.FBTrainer() got multiple values for keyword argument 'batch_size',d4-c1-n0.1-m9,4,1,0.1,9,,-14.98114200625394
colosseum,509,successor_orc,,0.0,0.0,diffusion_curvature.successor.train.FBTrainer() got multiple values for keyword argument 'batch_size',d4-c1-n0.1-m9,4,1,0.1,9,,-14.98114200625394
colosseum,517,dc2,,10.35,,RESOURCE_EXHAUSTED: Out of memory while trying to allocate 36000000 bytes.,d4-c1-n0.1-m17,4,1,0.1,17,,33.70414893897723
colosseum,517,dc_wasserstein_ollivier,,11.61,,RESOURCE_EXHAUSTED: Out of memory while trying to allocate 36000000 bytes.,d4-c1-n0.1-m17,4,1,0.1,17,,33.70414893897723
colosseum,517,dc_entropic_subtraction,,10.84,,RESOURCE_EXHAUSTED: Out of memory while trying to allocate 36000000 bytes.,d4-c1-n0.1-m17,4,1,0.1,17,,33.70414893897723
colosseum,517,hickock,12.18404495992026,37.61,,,d4-c1-n0.1-m17,4,1,0.1,17,,33.70414893897723
colosseum,517,orc,-0.16369666423508927,3.31,,,d4-c1-n0.1-m17,4,1,0.1,17,,33.70414893897723
colosseum,517,spc_hop,,0.0,,,d4-c1-n0.1-m17,4,1,0.1,17,,33.70414893897723
colosseum,517,spc_diffusion_t5,,0.0,,,d4-c1-n0.1-m17,4,1,0.1,17,,33.70414893897723
colosseum,517,laziness_knn_t5,,10.16,,RESOURCE_EXHAUSTED: Out of memory while trying to allocate 36000000 bytes.,d4-c1-n0.1-m17,4,1,0.1,17,,33.70414893897723
colosseum,517,laziness_adaptive_t5,,10.23,,RESOURCE_EXHAUSTED: Out of memory while trying to allocate 36000000 bytes.,d4-c1-n0.1-m17,4,1,0.1,17,,33.70414893897723
colosseum,517,successor_entropy,,0.0,0.0,diffusion_curvature.successor.train.FBTrainer() got multiple values for keyword argument 'batch_size',d4-c1-n0.1-m17,4,1,0.1,17,,33.70414893897723
colosseum,517,successor_orc,,0.0,0.0,diffusion_curvature.successor.train.FBTrainer() got multiple values for keyword argument 'batch_size',d4-c1-n0.1-m17,4,1,0.1,17,,33.70414893897723
colosseum,525,dc2,,10.35,,RESOURCE_EXHAUSTED: Out of memory while trying to allocate 36000000 bytes.,d4-c1-n0.1-m25,4,1,0.1,25,,-29.632429903628633
colosseum,525,dc_wasserstein_ollivier,,11.43,,RESOURCE_EXHAUSTED: Out of memory while trying to allocate 36000000 bytes.,d4-c1-n0.1-m25,4,1,0.1,25,,-29.632429903628633
colosseum,525,dc_entropic_subtraction,,10.59,,RESOURCE_EXHAUSTED: Out of memory while trying to allocate 36000000 bytes.,d4-c1-n0.1-m25,4,1,0.1,25,,-29.632429903628633
colosseum,525,hickock,11.256207514601282,37.18,,,d4-c1-n0.1-m25,4,1,0.1,25,,-29.632429903628633
colosseum,525,orc,-0.19052308358382394,3.39,,,d4-c1-n0.1-m25,4,1,0.1,25,,-29.632429903628633
colosseum,525,spc_hop,,0.0,,,d4-c1-n0.1-m25,4,1,0.1,25,,-29.632429903628633
colosseum,525,spc_diffusion_t5,,0.0,,,d4-c1-n0.1-m25,4,1,0.1,25,,-29.632429903628633
colosseum,525,laziness_knn_t5,,10.12,,RESOURCE_EXHAUSTED: Out of memory while trying to allocate 36000000 bytes.,d4-c1-n0.1-m25,4,1,0.1,25,,-29.632429903628633
colosseum,525,laziness_adaptive_t5,,10.21,,RESOURCE_EXHAUSTED: Out of memory while trying to allocate 36000000 bytes.,d4-c1-n0.1-m25,4,1,0.1,25,,-29.632429903628633
colosseum,525,successor_entropy,,0.0,0.0,diffusion_curvature.successor.train.FBTrainer() got multiple values for keyword argument 'batch_size',d4-c1-n0.1-m25,4,1,0.1,25,,-29.632429903628633
colosseum,525,successor_orc,,0.0,0.0,diffusion_curvature.successor.train.FBTrainer() got multiple values for keyword argument 'batch_size',d4-c1-n0.1-m25,4,1,0.1,25,,-29.632429903628633
colosseum,533,dc2,,10.54,,RESOURCE_EXHAUSTED: Out of memory while trying to allocate 36000000 bytes.,d4-c1-n0.1-m33,4,1,0.1,33,,-37.40592435357148
colosseum,533,dc_wasserstein_ollivier,,11.82,,RESOURCE_EXHAUSTED: Out of memory while trying to allocate 36000000 bytes.,d4-c1-n0.1-m33,4,1,0.1,33,,-37.40592435357148
colosseum,533,dc_entropic_subtraction,,10.89,,RESOURCE_EXHAUSTED: Out of memory while trying to allocate 36000000 bytes.,d4-c1-n0.1-m33,4,1,0.1,33,,-37.40592435357148
colosseum,533,hickock,12.323277395770697,38.36,,,d4-c1-n0.1-m33,4,1,0.1,33,,-37.40592435357148
colosseum,533,orc,-0.0495373361772802,4.0,,,d4-c1-n0.1-m33,4,1,0.1,33,,-37.40592435357148
colosseum,533,spc_hop,,0.0,,,d4-c1-n0.1-m33,4,1,0.1,33,,-37.40592435357148
colosseum,533,spc_diffusion_t5,,0.0,,,d4-c1-n0.1-m33,4,1,0.1,33,,-37.40592435357148
colosseum,533,laziness_knn_t5,,10.23,,RESOURCE_EXHAUSTED: Out of memory while trying to allocate 36000000 bytes.,d4-c1-n0.1-m33,4,1,0.1,33,,-37.40592435357148
colosseum,533,laziness_adaptive_t5,,10.22,,RESOURCE_EXHAUSTED: Out of memory while trying to allocate 36000000 bytes.,d4-c1-n0.1-m33,4,1,0.1,33,,-37.40592435357148
colosseum,533,successor_entropy,,0.0,0.0,diffusion_curvature.successor.train.FBTrainer() got multiple values for keyword argument 'batch_size',d4-c1-n0.1-m33,4,1,0.1,33,,-37.40592435357148
colosseum,533,successor_orc,,0.0,0.0,diffusion_curvature.successor.train.FBTrainer() got multiple values for keyword argument 'batch_size',d4-c1-n0.1-m33,4,1,0.1,33,,-37.40592435357148
colosseum,541,dc2,,10.27,,RESOURCE_EXHAUSTED: Out of memory while trying to allocate 36000000 bytes.,d4-c1-n0.1-m41,4,1,0.1,41,,-8.014092701219194
colosseum,541,dc_wasserstein_ollivier,,11.35,,RESOURCE_EXHAUSTED: Out of memory while trying to allocate 36000000 bytes.,d4-c1-n0.1-m41,4,1,0.1,41,,-8.014092701219194
colosseum,541,dc_entropic_subtraction,,11.72,,RESOURCE_EXHAUSTED: Out of memory while trying to allocate 36000000 bytes.,d4-c1-n0.1-m41,4,1,0.1,41,,-8.014092701219194
colosseum,541,hickock,11.539854633744465,36.46,,,d4-c1-n0.1-m41,4,1,0.1,41,,-8.014092701219194
colosseum,541,orc,-0.1681694782931659,5.01,,,d4-c1-n0.1-m41,4,1,0.1,41,,-8.014092701219194
colosseum,541,spc_hop,,0.0,,,d4-c1-n0.1-m41,4,1,0.1,41,,-8.014092701219194
colosseum,541,spc_diffusion_t5,,0.0,,,d4-c1-n0.1-m41,4,1,0.1,41,,-8.014092701219194
colosseum,541,laziness_knn_t5,,10.21,,RESOURCE_EXHAUSTED: Out of memory while trying to allocate 36000000 bytes.,d4-c1-n0.1-m41,4,1,0.1,41,,-8.014092701219194
colosseum,541,laziness_adaptive_t5,,10.23,,RESOURCE_EXHAUSTED: Out of memory while trying to allocate 36000000 bytes.,d4-c1-n0.1-m41,4,1,0.1,41,,-8.014092701219194
colosseum,541,successor_entropy,,0.0,0.0,diffusion_curvature.successor.train.FBTrainer() got multiple values for keyword argument 'batch_size',d4-c1-n0.1-m41,4,1,0.1,41,,-8.014092701219194
colosseum,541,successor_orc,,0.0,0.0,diffusion_curvature.successor.train.FBTrainer() got multiple values for keyword argument 'batch_size',d4-c1-n0.1-m41,4,1,0.1,41,,-8.014092701219194
colosseum,549,dc2,,10.25,,RESOURCE_EXHAUSTED: Out of memory while trying to allocate 36000000 bytes.,d4-c1-n0.1-m49,4,1,0.1,49,,-22.44659410811555
colosseum,549,dc_wasserstein_ollivier,,11.86,,RESOURCE_EXHAUSTED: Out of memory while trying to allocate 36000000 bytes.,d4-c1-n0.1-m49,4,1,0.1,49,,-22.44659410811555
colosseum,549,dc_entropic_subtraction,,12.1,,RESOURCE_EXHAUSTED: Out of memory while trying to allocate 36000000 bytes.,d4-c1-n0.1-m49,4,1,0.1,49,,-22.44659410811555
colosseum,549,hickock,12.162406521750004,37.56,,,d4-c1-n0.1-m49,4,1,0.1,49,,-22.44659410811555
colosseum,549,orc,-0.06246851095568362,4.15,,,d4-c1-n0.1-m49,4,1,0.1,49,,-22.44659410811555
colosseum,549,spc_hop,,0.0,,,d4-c1-n0.1-m49,4,1,0.1,49,,-22.44659410811555
colosseum,549,spc_diffusion_t5,,0.0,,,d4-c1-n0.1-m49,4,1,0.1,49,,-22.44659410811555
colosseum,549,laziness_knn_t5,,10.12,,RESOURCE_EXHAUSTED: Out of memory while trying to allocate 36000000 bytes.,d4-c1-n0.1-m49,4,1,0.1,49,,-22.44659410811555
colosseum,549,laziness_adaptive_t5,,10.22,,RESOURCE_EXHAUSTED: Out of memory while trying to allocate 36000000 bytes.,d4-c1-n0.1-m49,4,1,0.1,49,,-22.44659410811555
colosseum,549,successor_entropy,,0.0,0.0,diffusion_curvature.successor.train.FBTrainer() got multiple values for keyword argument 'batch_size',d4-c1-n0.1-m49,4,1,0.1,49,,-22.44659410811555
colosseum,549,successor_orc,,0.0,0.0,diffusion_curvature.successor.train.FBTrainer() got multiple values for keyword argument 'batch_size',d4-c1-n0.1-m49,4,1,0.1,49,,-22.44659410811555
colosseum,557,dc2,,10.17,,RESOURCE_EXHAUSTED: Out of memory while trying to allocate 36000000 bytes.,d4-c1-n0.2-m7,4,1,0.2,7,,-18.88396915682584
colosseum,557,dc_wasserstein_ollivier,,11.13,,RESOURCE_EXHAUSTED: Out of memory while trying to allocate 36000000 bytes.,d4-c1-n0.2-m7,4,1,0.2,7,,-18.88396915682584
colosseum,557,dc_entropic_subtraction,,10.64,,RESOURCE_EXHAUSTED: Out of memory while trying to allocate 36000000 bytes.,d4-c1-n0.2-m7,4,1,0.2,7,,-18.88396915682584
colosseum,557,hickock,11.062176420560037,38.42,,,d4-c1-n0.2-m7,4,1,0.2,7,,-18.88396915682584
colosseum,557,orc,-0.20878529873735738,2.88,,,d4-c1-n0.2-m7,4,1,0.2,7,,-18.88396915682584
colosseum,557,spc_hop,,0.0,,,d4-c1-n0.2-m7,4,1,0.2,7,,-18.88396915682584
colosseum,557,spc_diffusion_t5,,0.0,,,d4-c1-n0.2-m7,4,1,0.2,7,,-18.88396915682584
colosseum,557,laziness_knn_t5,,10.14,,RESOURCE_EXHAUSTED: Out of memory while trying to allocate 36000000 bytes.,d4-c1-n0.2-m7,4,1,0.2,7,,-18.88396915682584
colosseum,557,laziness_adaptive_t5,,10.23,,RESOURCE_EXHAUSTED: Out of memory while trying to allocate 36000000 bytes.,d4-c1-n0.2-m7,4,1,0.2,7,,-18.88396915682584
colosseum,557,successor_entropy,,0.0,0.0,diffusion_curvature.successor.train.FBTrainer() got multiple values for keyword argument 'batch_size',d4-c1-n0.2-m7,4,1,0.2,7,,-18.88396915682584
colosseum,557,successor_orc,,0.0,0.0,diffusion_curvature.successor.train.FBTrainer() got multiple values for keyword argument 'batch_size',d4-c1-n0.2-m7,4,1,0.2,7,,-18.88396915682584
colosseum,565,dc2,,10.36,,RESOURCE_EXHAUSTED: Out of memory while trying to allocate 36000000 bytes.,d4-c1-n0.2-m15,4,1,0.2,15,,-41.728666688935306
colosseum,565,dc_wasserstein_ollivier,,10.91,,RESOURCE_EXHAUSTED: Out of memory while trying to allocate 36000000 bytes.,d4-c1-n0.2-m15,4,1,0.2,15,,-41.728666688935306
colosseum,565,dc_entropic_subtraction,,11.68,,RESOURCE_EXHAUSTED: Out of memory while trying to allocate 36000000 bytes.,d4-c1-n0.2-m15,4,1,0.2,15,,-41.728666688935306
colosseum,565,hickock,12.162150222563627,33.56,,,d4-c1-n0.2-m15,4,1,0.2,15,,-41.728666688935306
colosseum,565,orc,-0.23794379801051452,6.5,,,d4-c1-n0.2-m15,4,1,0.2,15,,-41.728666688935306
colosseum,565,spc_hop,,0.0,,,d4-c1-n0.2-m15,4,1,0.2,15,,-41.728666688935306
colosseum,565,spc_diffusion_t5,,0.0,,,d4-c1-n0.2-m15,4,1,0.2,15,,-41.728666688935306
colosseum,565,laziness_knn_t5,,10.33,,RESOURCE_EXHAUSTED: Out of memory while trying to allocate 36000000 bytes.,d4-c1-n0.2-m15,4,1,0.2,15,,-41.728666688935306
colosseum,565,laziness_adaptive_t5,,10.21,,RESOURCE_EXHAUSTED: Out of memory while trying to allocate 36000000 bytes.,d4-c1-n0.2-m15,4,1,0.2,15,,-41.728666688935306
colosseum,565,successor_entropy,,0.0,0.0,diffusion_curvature.successor.train.FBTrainer() got multiple values for keyword argument 'batch_size',d4-c1-n0.2-m15,4,1,0.2,15,,-41.728666688935306
colosseum,565,successor_orc,,0.0,0.0,diffusion_curvature.successor.train.FBTrainer() got multiple values for keyword argument 'batch_size',d4-c1-n0.2-m15,4,1,0.2,15,,-41.728666688935306
colosseum,573,dc2,,10.47,,RESOURCE_EXHAUSTED: Out of memory while trying to allocate 36000000 bytes.,d4-c1-n0.2-m23,4,1,0.2,23,,-22.16678420683201
colosseum,573,dc_wasserstein_ollivier,,10.64,,RESOURCE_EXHAUSTED: Out of memory while trying to allocate 36000000 bytes.,d4-c1-n0.2-m23,4,1,0.2,23,,-22.16678420683201
colosseum,573,dc_entropic_subtraction,,11.67,,RESOURCE_EXHAUSTED: Out of memory while trying to allocate 36000000 bytes.,d4-c1-n0.2-m23,4,1,0.2,23,,-22.16678420683201
colosseum,573,hickock,12.378344084714605,33.25,,,d4-c1-n0.2-m23,4,1,0.2,23,,-22.16678420683201
colosseum,573,orc,-0.15846553183600606,6.48,,,d4-c1-n0.2-m23,4,1,0.2,23,,-22.16678420683201
colosseum,573,spc_hop,,0.0,,,d4-c1-n0.2-m23,4,1,0.2,23,,-22.16678420683201
colosseum,573,spc_diffusion_t5,,0.0,,,d4-c1-n0.2-m23,4,1,0.2,23,,-22.16678420683201
colosseum,573,laziness_knn_t5,,10.44,,RESOURCE_EXHAUSTED: Out of memory while trying to allocate 36000000 bytes.,d4-c1-n0.2-m23,4,1,0.2,23,,-22.16678420683201
colosseum,573,laziness_adaptive_t5,,10.27,,RESOURCE_EXHAUSTED: Out of memory while trying to allocate 36000000 bytes.,d4-c1-n0.2-m23,4,1,0.2,23,,-22.16678420683201
colosseum,573,successor_entropy,,0.0,0.0,diffusion_curvature.successor.train.FBTrainer() got multiple values for keyword argument 'batch_size',d4-c1-n0.2-m23,4,1,0.2,23,,-22.16678420683201
colosseum,573,successor_orc,,0.0,0.0,diffusion_curvature.successor.train.FBTrainer() got multiple values for keyword argument 'batch_size',d4-c1-n0.2-m23,4,1,0.2,23,,-22.16678420683201
colosseum,581,dc2,,10.4,,RESOURCE_EXHAUSTED: Out of memory while trying to allocate 36000000 bytes.,d4-c1-n0.2-m31,4,1,0.2,31,,-48.30926371350078
colosseum,581,dc_wasserstein_ollivier,,10.96,,RESOURCE_EXHAUSTED: Out of memory while trying to allocate 36000000 bytes.,d4-c1-n0.2-m31,4,1,0.2,31,,-48.30926371350078
colosseum,581,dc_entropic_subtraction,,11.22,,RESOURCE_EXHAUSTED: Out of memory while trying to allocate 36000000 bytes.,d4-c1-n0.2-m31,4,1,0.2,31,,-48.30926371350078
colosseum,581,hickock,11.5746889393586,32.45,,,d4-c1-n0.2-m31,4,1,0.2,31,,-48.30926371350078
colosseum,581,orc,-0.28698074668109685,3.65,,,d4-c1-n0.2-m31,4,1,0.2,31,,-48.30926371350078
colosseum,581,spc_hop,,0.0,,,d4-c1-n0.2-m31,4,1,0.2,31,,-48.30926371350078
colosseum,581,spc_diffusion_t5,,0.0,,,d4-c1-n0.2-m31,4,1,0.2,31,,-48.30926371350078
colosseum,581,laziness_knn_t5,,10.16,,RESOURCE_EXHAUSTED: Out of memory while trying to allocate 36000000 bytes.,d4-c1-n0.2-m31,4,1,0.2,31,,-48.30926371350078
colosseum,581,laziness_adaptive_t5,,10.61,,RESOURCE_EXHAUSTED: Out of memory while trying to allocate 36000000 bytes.,d4-c1-n0.2-m31,4,1,0.2,31,,-48.30926371350078
colosseum,581,successor_entropy,,0.0,0.0,diffusion_curvature.successor.train.FBTrainer() got multiple values for keyword argument 'batch_size',d4-c1-n0.2-m31,4,1,0.2,31,,-48.30926371350078
colosseum,581,successor_orc,,0.0,0.0,diffusion_curvature.successor.train.FBTrainer() got multiple values for keyword argument 'batch_size',d4-c1-n0.2-m31,4,1,0.2,31,,-48.30926371350078
colosseum,589,dc2,,10.35,,RESOURCE_EXHAUSTED: Out of memory while trying to allocate 36000000 bytes.,d4-c1-n0.2-m39,4,1,0.2,39,,-13.97463315173611
colosseum,589,dc_wasserstein_ollivier,,10.59,,RESOURCE_EXHAUSTED: Out of memory while trying to allocate 36000000 bytes.,d4-c1-n0.2-m39,4,1,0.2,39,,-13.97463315173611
colosseum,589,dc_entropic_subtraction,,11.24,,RESOURCE_EXHAUSTED: Out of memory while trying to allocate 36000000 bytes.,d4-c1-n0.2-m39,4,1,0.2,39,,-13.97463315173611
colosseum,589,hickock,11.226113945139762,32.78,,,d4-c1-n0.2-m39,4,1,0.2,39,,-13.97463315173611
colosseum,589,orc,-0.3375465946548698,3.14,,,d4-c1-n0.2-m39,4,1,0.2,39,,-13.97463315173611
colosseum,589,spc_hop,,0.0,,,d4-c1-n0.2-m39,4,1,0.2,39,,-13.97463315173611
colosseum,589,spc_diffusion_t5,,0.0,,,d4-c1-n0.2-m39,4,1,0.2,39,,-13.97463315173611
colosseum,589,laziness_knn_t5,,10.2,,RESOURCE_EXHAUSTED: Out of memory while trying to allocate 36000000 bytes.,d4-c1-n0.2-m39,4,1,0.2,39,,-13.97463315173611
colosseum,589,laziness_adaptive_t5,,10.41,,RESOURCE_EXHAUSTED: Out of memory while trying to allocate 36000000 bytes.,d4-c1-n0.2-m39,4,1,0.2,39,,-13.97463315173611
colosseum,589,successor_entropy,,0.0,0.0,diffusion_curvature.successor.train.FBTrainer() got multiple values for keyword argument 'batch_size',d4-c1-n0.2-m39,4,1,0.2,39,,-13.97463315173611
colosseum,589,successor_orc,,0.0,0.0,diffusion_curvature.successor.train.FBTrainer() got multiple values for keyword argument 'batch_size',d4-c1-n0.2-m39,4,1,0.2,39,,-13.97463315173611
colosseum,597,dc2,,10.25,,RESOURCE_EXHAUSTED: Out of memory while trying to allocate 36000000 bytes.,d4-c1-n0.2-m47,4,1,0.2,47,,-16.554997418931087
colosseum,597,dc_wasserstein_ollivier,,10.91,,RESOURCE_EXHAUSTED: Out of memory while trying to allocate 36000000 bytes.,d4-c1-n0.2-m47,4,1,0.2,47,,-16.554997418931087
colosseum,597,dc_entropic_subtraction,,10.82,,RESOURCE_EXHAUSTED: Out of memory while trying to allocate 36000000 bytes.,d4-c1-n0.2-m47,4,1,0.2,47,,-16.554997418931087
colosseum,597,hickock,11.336320528171925,33.89,,,d4-c1-n0.2-m47,4,1,0.2,47,,-16.554997418931087
colosseum,597,orc,-0.19706005536513704,3.22,,,d4-c1-n0.2-m47,4,1,0.2,47,,-16.554997418931087
colosseum,597,spc_hop,,0.0,,,d4-c1-n0.2-m47,4,1,0.2,47,,-16.554997418931087
colosseum,597,spc_diffusion_t5,,0.0,,,d4-c1-n0.2-m47,4,1,0.2,47,,-16.554997418931087
colosseum,597,laziness_knn_t5,,10.52,,RESOURCE_EXHAUSTED: Out of memory while trying to allocate 36000000 bytes.,d4-c1-n0.2-m47,4,1,0.2,47,,-16.554997418931087
colosseum,597,laziness_adaptive_t5,,10.51,,RESOURCE_EXHAUSTED: Out of memory while trying to allocate 36000000 bytes.,d4-c1-n0.2-m47,4,1,0.2,47,,-16.554997418931087
colosseum,597,successor_entropy,,0.0,0.0,diffusion_curvature.successor.train.FBTrainer() got multiple values for keyword argument 'batch_size',d4-c1-n0.2-m47,4,1,0.2,47,,-16.554997418931087
colosseum,597,successor_orc,,0.0,0.0,diffusion_curvature.successor.train.FBTrainer() got multiple values for keyword argument 'batch_size',d4-c1-n0.2-m47,4,1,0.2,47,,-16.554997418931087
colosseum,605,dc2,,10.3,,RESOURCE_EXHAUSTED: Out of memory while trying to allocate 36000000 bytes.,d5-c1-n0.01-m5,5,1,0.01,5,,-37.660072599688526
colosseum,605,dc_wasserstein_ollivier,,11.06,,RESOURCE_EXHAUSTED: Out of memory while trying to allocate 36000000 bytes.,d5-c1-n0.01-m5,5,1,0.01,5,,-37.660072599688526
colosseum,605,dc_entropic_subtraction,,11.09,,RESOURCE_EXHAUSTED: Out of memory while trying to allocate 36000000 bytes.,d5-c1-n0.01-m5,5,1,0.01,5,,-37.660072599688526
colosseum,605,hickock,17.075944030969474,32.4,,,d5-c1-n0.01-m5,5,1,0.01,5,,-37.660072599688526
colosseum,605,orc,-0.29505568382724034,3.46,,,d5-c1-n0.01-m5,5,1,0.01,5,,-37.660072599688526
colosseum,605,spc_hop,,0.0,,,d5-c1-n0.01-m5,5,1,0.01,5,,-37.660072599688526
colosseum,605,spc_diffusion_t5,,0.0,,,d5-c1-n0.01-m5,5,1,0.01,5,,-37.660072599688526
colosseum,605,laziness_knn_t5,,10.2,,RESOURCE_EXHAUSTED: Out of memory while trying to allocate 36000000 bytes.,d5-c1-n0.01-m5,5,1,0.01,5,,-37.660072599688526
colosseum,605,laziness_adaptive_t5,,10.36,,RESOURCE_EXHAUSTED: Out of memory while trying to allocate 36000000 bytes.,d5-c1-n0.01-m5,5,1,0.01,5,,-37.660072599688526
colosseum,605,successor_entropy,,0.0,0.0,diffusion_curvature.successor.train.FBTrainer() got multiple values for keyword argument 'batch_size',d5-c1-n0.01-m5,5,1,0.01,5,,-37.660072599688526
colosseum,605,successor_orc,,0.0,0.0,diffusion_curvature.successor.train.FBTrainer() got multiple values for keyword argument 'batch_size',d5-c1-n0.01-m5,5,1,0.01,5,,-37.660072599688526
colosseum,613,dc2,,10.31,,RESOURCE_EXHAUSTED: Out of memory while trying to allocate 36000000 bytes.,d5-c1-n0.01-m13,5,1,0.01,13,,-61.085499375366844
colosseum,613,dc_wasserstein_ollivier,,10.61,,RESOURCE_EXHAUSTED: Out of memory while trying to allocate 36000000 bytes.,d5-c1-n0.01-m13,5,1,0.01,13,,-61.085499375366844
colosseum,613,dc_entropic_subtraction,,11.69,,RESOURCE_EXHAUSTED: Out of memory while trying to allocate 36000000 bytes.,d5-c1-n0.01-m13,5,1,0.01,13,,-61.085499375366844
colosseum,613,hickock,16.891436335692195,34.78,,,d5-c1-n0.01-m13,5,1,0.01,13,,-61.085499375366844
colosseum,613,orc,-0.2515184088963329,3.35,,,d5-c1-n0.01-m13,5,1,0.01,13,,-61.085499375366844
colosseum,613,spc_hop,,0.0,,,d5-c1-n0.01-m13,5,1,0.01,13,,-61.085499375366844
colosseum,613,spc_diffusion_t5,,0.0,,,d5-c1-n0.01-m13,5,1,0.01,13,,-61.085499375366844
colosseum,613,laziness_knn_t5,,10.51,,RESOURCE_EXHAUSTED: Out of memory while trying to allocate 36000000 bytes.,d5-c1-n0.01-m13,5,1,0.01,13,,-61.085499375366844
colosseum,613,laziness_adaptive_t5,,10.34,,RESOURCE_EXHAUSTED: Out of memory while trying to allocate 36000000 bytes.,d5-c1-n0.01-m13,5,1,0.01,13,,-61.085499375366844
colosseum,613,successor_entropy,,0.0,0.0,diffusion_curvature.successor.train.FBTrainer() got multiple values for keyword argument 'batch_size',d5-c1-n0.01-m13,5,1,0.01,13,,-61.085499375366844
colosseum,613,successor_orc,,0.0,0.0,diffusion_curvature.successor.train.FBTrainer() got multiple values for keyword argument 'batch_size',d5-c1-n0.01-m13,5,1,0.01,13,,-61.085499375366844
colosseum,621,dc2,,10.21,,RESOURCE_EXHAUSTED: Out of memory while trying to allocate 36000000 bytes.,d5-c1-n0.01-m21,5,1,0.01,21,,8.704315339706609
colosseum,621,dc_wasserstein_ollivier,,10.75,,RESOURCE_EXHAUSTED: Out of memory while trying to allocate 36000000 bytes.,d5-c1-n0.01-m21,5,1,0.01,21,,8.704315339706609
colosseum,621,dc_entropic_subtraction,,10.63,,RESOURCE_EXHAUSTED: Out of memory while trying to allocate 36000000 bytes.,d5-c1-n0.01-m21,5,1,0.01,21,,8.704315339706609
colosseum,621,hickock,16.686272242793482,35.7,,,d5-c1-n0.01-m21,5,1,0.01,21,,8.704315339706609
colosseum,621,orc,-0.2306493244058503,3.69,,,d5-c1-n0.01-m21,5,1,0.01,21,,8.704315339706609
colosseum,621,spc_hop,,0.0,,,d5-c1-n0.01-m21,5,1,0.01,21,,8.704315339706609
colosseum,621,spc_diffusion_t5,,0.0,,,d5-c1-n0.01-m21,5,1,0.01,21,,8.704315339706609
colosseum,621,laziness_knn_t5,,10.16,,RESOURCE_EXHAUSTED: Out of memory while trying to allocate 36000000 bytes.,d5-c1-n0.01-m21,5,1,0.01,21,,8.704315339706609
colosseum,621,laziness_adaptive_t5,,10.49,,RESOURCE_EXHAUSTED: Out of memory while trying to allocate 36000000 bytes.,d5-c1-n0.01-m21,5,1,0.01,21,,8.704315339706609
colosseum,621,successor_entropy,,0.0,0.0,diffusion_curvature.successor.train.FBTrainer() got multiple values for keyword argument 'batch_size',d5-c1-n0.01-m21,5,1,0.01,21,,8.704315339706609
colosseum,621,successor_orc,,0.0,0.0,diffusion_curvature.successor.train.FBTrainer() got multiple values for keyword argument 'batch_size',d5-c1-n0.01-m21,5,1,0.01,21,,8.704315339706609
colosseum,629,dc2,,10.41,,RESOURCE_EXHAUSTED: Out of memory while trying to allocate 36000000 bytes.,d5-c1-n0.01-m29,5,1,0.01,29,,-29.65225810405533
colosseum,629,dc_wasserstein_ollivier,,10.71,,RESOURCE_EXHAUSTED: Out of memory while trying to allocate 36000000 bytes.,d5-c1-n0.01-m29,5,1,0.01,29,,-29.65225810405533
colosseum,629,dc_entropic_subtraction,,10.94,,RESOURCE_EXHAUSTED: Out of memory while trying to allocate 36000000 bytes.,d5-c1-n0.01-m29,5,1,0.01,29,,-29.65225810405533
colosseum,629,hickock,16.582634805264185,37.11,,,d5-c1-n0.01-m29,5,1,0.01,29,,-29.65225810405533
colosseum,629,orc,-0.3066762154529104,3.4,,,d5-c1-n0.01-m29,5,1,0.01,29,,-29.65225810405533
colosseum,629,spc_hop,,0.0,,,d5-c1-n0.01-m29,5,1,0.01,29,,-29.65225810405533
colosseum,629,spc_diffusion_t5,,0.0,,,d5-c1-n0.01-m29,5,1,0.01,29,,-29.65225810405533
colosseum,629,laziness_knn_t5,,10.18,,RESOURCE_EXHAUSTED: Out of memory while trying to allocate 36000000 bytes.,d5-c1-n0.01-m29,5,1,0.01,29,,-29.65225810405533
colosseum,629,laziness_adaptive_t5,,10.68,,RESOURCE_EXHAUSTED: Out of memory while trying to allocate 36000000 bytes.,d5-c1-n0.01-m29,5,1,0.01,29,,-29.65225810405533
colosseum,629,successor_entropy,,0.0,0.0,diffusion_curvature.successor.train.FBTrainer() got multiple values for keyword argument 'batch_size',d5-c1-n0.01-m29,5,1,0.01,29,,-29.65225810405533
colosseum,629,successor_orc,,0.0,0.0,diffusion_curvature.successor.train.FBTrainer() got multiple values for keyword argument 'batch_size',d5-c1-n0.01-m29,5,1,0.01,29,,-29.65225810405533
colosseum,637,dc2,,10.21,,RESOURCE_EXHAUSTED: Out of memory while trying to allocate 36000000 bytes.,d5-c1-n0.01-m37,5,1,0.01,37,,-4.695553178172518
colosseum,637,dc_wasserstein_ollivier,,10.61,,RESOURCE_EXHAUSTED: Out of memory while trying to allocate 36000000 bytes.,d5-c1-n0.01-m37,5,1,0.01,37,,-4.695553178172518
colosseum,637,dc_entropic_subtraction,,10.65,,RESOURCE_EXHAUSTED: Out of memory while trying to allocate 36000000 bytes.,d5-c1-n0.01-m37,5,1,0.01,37,,-4.695553178172518
colosseum,637,hickock,16.815918971553174,34.64,,,d5-c1-n0.01-m37,5,1,0.01,37,,-4.695553178172518
colosseum,637,orc,-0.3449618148188885,3.07,,,d5-c1-n0.01-m37,5,1,0.01,37,,-4.695553178172518
colosseum,637,spc_hop,,0.0,,,d5-c1-n0.01-m37,5,1,0.01,37,,-4.695553178172518
colosseum,637,spc_diffusion_t5,,0.0,,,d5-c1-n0.01-m37,5,1,0.01,37,,-4.695553178172518
colosseum,637,laziness_knn_t5,,10.2,,RESOURCE_EXHAUSTED: Out of memory while trying to allocate 36000000 bytes.,d5-c1-n0.01-m37,5,1,0.01,37,,-4.695553178172518
colosseum,637,laziness_adaptive_t5,,10.52,,RESOURCE_EXHAUSTED: Out of memory while trying to allocate 36000000 bytes.,d5-c1-n0.01-m37,5,1,0.01,37,,-4.695553178172518
colosseum,637,successor_entropy,,0.0,0.0,diffusion_curvature.successor.train.FBTrainer() got multiple values for keyword argument 'batch_size',d5-c1-n0.01-m37,5,1,0.01,37,,-4.695553178172518
colosseum,637,successor_orc,,0.0,0.0,diffusion_curvature.successor.train.FBTrainer() got multiple values for keyword argument 'batch_size',d5-c1-n0.01-m37,5,1,0.01,37,,-4.695553178172518
colosseum,645,dc2,,10.25,,RESOURCE_EXHAUSTED: Out of memory while trying to allocate 36000000 bytes.,d5-c1-n0.01-m45,5,1,0.01,45,,-37.553976249004236
colosseum,645,dc_wasserstein_ollivier,,10.57,,RESOURCE_EXHAUSTED: Out of memory while trying to allocate 36000000 bytes.,d5-c1-n0.01-m45,5,1,0.01,45,,-37.553976249004236
colosseum,645,dc_entropic_subtraction,,10.91,,RESOURCE_EXHAUSTED: Out of memory while trying to allocate 36000000 bytes.,d5-c1-n0.01-m45,5,1,0.01,45,,-37.553976249004236
colosseum,645,hickock,17.055912698184766,34.77,,,d5-c1-n0.01-m45,5,1,0.01,45,,-37.553976249004236
colosseum,645,orc,-0.3393231863730664,3.99,,,d5-c1-n0.01-m45,5,1,0.01,45,,-37.553976249004236
colosseum,645,spc_hop,,0.0,,,d5-c1-n0.01-m45,5,1,0.01,45,,-37.553976249004236
colosseum,645,spc_diffusion_t5,,0.0,,,d5-c1-n0.01-m45,5,1,0.01,45,,-37.553976249004236
colosseum,645,laziness_knn_t5,,10.14,,RESOURCE_EXHAUSTED: Out of memory while trying to allocate 36000000 bytes.,d5-c1-n0.01-m45,5,1,0.01,45,,-37.553976249004236
colosseum,645,laziness_adaptive_t5,,10.41,,RESOURCE_EXHAUSTED: Out of memory while trying to allocate 36000000 bytes.,d5-c1-n0.01-m45,5,1,0.01,45,,-37.553976249004236
colosseum,645,successor_entropy,,0.0,0.0,diffusion_curvature.successor.train.FBTrainer() got multiple values for keyword argument 'batch_size',d5-c1-n0.01-m45,5,1,0.01,45,,-37.553976249004236
colosseum,645,successor_orc,,0.0,0.0,diffusion_curvature.successor.train.FBTrainer() got multiple values for keyword argument 'batch_size',d5-c1-n0.01-m45,5,1,0.01,45,,-37.553976249004236
colosseum,653,dc2,,10.24,,RESOURCE_EXHAUSTED: Out of memory while trying to allocate 36000000 bytes.,d5-c1-n0.05-m3,5,1,0.05,3,,-23.914379384945534
colosseum,653,dc_wasserstein_ollivier,,10.59,,RESOURCE_EXHAUSTED: Out of memory while trying to allocate 36000000 bytes.,d5-c1-n0.05-m3,5,1,0.05,3,,-23.914379384945534
colosseum,653,dc_entropic_subtraction,,11.08,,RESOURCE_EXHAUSTED: Out of memory while trying to allocate 36000000 bytes.,d5-c1-n0.05-m3,5,1,0.05,3,,-23.914379384945534
colosseum,653,hickock,16.71592859422462,28.54,,,d5-c1-n0.05-m3,5,1,0.05,3,,-23.914379384945534
colosseum,653,orc,-0.2976181227061403,2.66,,,d5-c1-n0.05-m3,5,1,0.05,3,,-23.914379384945534
colosseum,653,spc_hop,,0.0,,,d5-c1-n0.05-m3,5,1,0.05,3,,-23.914379384945534
colosseum,653,spc_diffusion_t5,,0.0,,,d5-c1-n0.05-m3,5,1,0.05,3,,-23.914379384945534
colosseum,653,laziness_knn_t5,,10.17,,RESOURCE_EXHAUSTED: Out of memory while trying to allocate 36000000 bytes.,d5-c1-n0.05-m3,5,1,0.05,3,,-23.914379384945534
colosseum,653,laziness_adaptive_t5,,10.59,,RESOURCE_EXHAUSTED: Out of memory while trying to allocate 36000000 bytes.,d5-c1-n0.05-m3,5,1,0.05,3,,-23.914379384945534
colosseum,653,successor_entropy,,0.0,0.0,diffusion_curvature.successor.train.FBTrainer() got multiple values for keyword argument 'batch_size',d5-c1-n0.05-m3,5,1,0.05,3,,-23.914379384945534
colosseum,653,successor_orc,,0.0,0.0,diffusion_curvature.successor.train.FBTrainer() got multiple values for keyword argument 'batch_size',d5-c1-n0.05-m3,5,1,0.05,3,,-23.914379384945534
colosseum,661,dc2,,10.22,,RESOURCE_EXHAUSTED: Out of memory while trying to allocate 36000000 bytes.,d5-c1-n0.05-m11,5,1,0.05,11,,-50.74241197232301
colosseum,661,dc_wasserstein_ollivier,,10.75,,RESOURCE_EXHAUSTED: Out of memory while trying to allocate 36000000 bytes.,d5-c1-n0.05-m11,5,1,0.05,11,,-50.74241197232301
colosseum,661,dc_entropic_subtraction,,10.86,,RESOURCE_EXHAUSTED: Out of memory while trying to allocate 36000000 bytes.,d5-c1-n0.05-m11,5,1,0.05,11,,-50.74241197232301
colosseum,661,hickock,17.543412428350436,26.66,,,d5-c1-n0.05-m11,5,1,0.05,11,,-50.74241197232301
colosseum,661,orc,-0.25211295140852774,4.06,,,d5-c1-n0.05-m11,5,1,0.05,11,,-50.74241197232301
colosseum,661,spc_hop,,0.0,,,d5-c1-n0.05-m11,5,1,0.05,11,,-50.74241197232301
colosseum,661,spc_diffusion_t5,,0.0,,,d5-c1-n0.05-m11,5,1,0.05,11,,-50.74241197232301
colosseum,661,laziness_knn_t5,,10.14,,RESOURCE_EXHAUSTED: Out of memory while trying to allocate 36000000 bytes.,d5-c1-n0.05-m11,5,1,0.05,11,,-50.74241197232301
colosseum,661,laziness_adaptive_t5,,10.37,,RESOURCE_EXHAUSTED: Out of memory while trying to allocate 36000000 bytes.,d5-c1-n0.05-m11,5,1,0.05,11,,-50.74241197232301
colosseum,661,successor_entropy,,0.0,0.0,diffusion_curvature.successor.train.FBTrainer() got multiple values for keyword argument 'batch_size',d5-c1-n0.05-m11,5,1,0.05,11,,-50.74241197232301
colosseum,661,successor_orc,,0.0,0.0,diffusion_curvature.successor.train.FBTrainer() got multiple values for keyword argument 'batch_size',d5-c1-n0.05-m11,5,1,0.05,11,,-50.74241197232301
colosseum,669,dc2,,10.14,,RESOURCE_EXHAUSTED: Out of memory while trying to allocate 36000000 bytes.,d5-c1-n0.05-m19,5,1,0.05,19,,43.06013987299776
colosseum,669,dc_wasserstein_ollivier,,11.27,,RESOURCE_EXHAUSTED: Out of memory while trying to allocate 36000000 bytes.,d5-c1-n0.05-m19,5,1,0.05,19,,43.06013987299776
colosseum,669,dc_entropic_subtraction,1.7218618392944336,15.67,,,d5-c1-n0.05-m19,5,1,0.05,19,,43.06013987299776
colosseum,669,hickock,16.894232911605823,23.33,,,d5-c1-n0.05-m19,5,1,0.05,19,,43.06013987299776
colosseum,669,orc,-0.15491443539639851,4.37,,,d5-c1-n0.05-m19,5,1,0.05,19,,43.06013987299776
colosseum,669,spc_hop,,0.0,,,d5-c1-n0.05-m19,5,1,0.05,19,,43.06013987299776
colosseum,669,spc_diffusion_t5,,0.0,,,d5-c1-n0.05-m19,5,1,0.05,19,,43.06013987299776
colosseum,669,laziness_knn_t5,-5.967563629150391,0.74,,,d5-c1-n0.05-m19,5,1,0.05,19,,43.06013987299776
colosseum,669,laziness_adaptive_t5,-5.879072189331055,0.21,,,d5-c1-n0.05-m19,5,1,0.05,19,,43.06013987299776
colosseum,669,successor_entropy,,0.0,0.0,diffusion_curvature.successor.train.FBTrainer() got multiple values for keyword argument 'batch_size',d5-c1-n0.05-m19,5,1,0.05,19,,43.06013987299776
colosseum,669,successor_orc,,0.0,0.0,diffusion_curvature.successor.train.FBTrainer() got multiple values for keyword argument 'batch_size',d5-c1-n0.05-m19,5,1,0.05,19,,43.06013987299776
colosseum,677,dc2,-0.08832883834838867,6.52,,,d5-c1-n0.05-m27,5,1,0.05,27,,-29.86952442360641
colosseum,677,dc_wasserstein_ollivier,-0.3751392364501953,4.04,,,d5-c1-n0.05-m27,5,1,0.05,27,,-29.86952442360641
colosseum,677,dc_entropic_subtraction,1.3684682846069336,2.2,,,d5-c1-n0.05-m27,5,1,0.05,27,,-29.86952442360641
colosseum,677,hickock,16.718504314456673,28.94,,,d5-c1-n0.05-m27,5,1,0.05,27,,-29.86952442360641
colosseum,677,orc,-0.31796716348575904,2.98,,,d5-c1-n0.05-m27,5,1,0.05,27,,-29.86952442360641
colosseum,677,spc_hop,,0.0,,,d5-c1-n0.05-m27,5,1,0.05,27,,-29.86952442360641
colosseum,677,spc_diffusion_t5,,0.0,,,d5-c1-n0.05-m27,5,1,0.05,27,,-29.86952442360641
colosseum,677,laziness_knn_t5,-6.237837791442871,0.15,,,d5-c1-n0.05-m27,5,1,0.05,27,,-29.86952442360641
colosseum,677,laziness_adaptive_t5,-6.275237083435059,0.25,,,d5-c1-n0.05-m27,5,1,0.05,27,,-29.86952442360641
colosseum,677,successor_entropy,,0.0,0.0,diffusion_curvature.successor.train.FBTrainer() got multiple values for keyword argument 'batch_size',d5-c1-n0.05-m27,5,1,0.05,27,,-29.86952442360641
colosseum,677,successor_orc,,0.0,0.0,diffusion_curvature.successor.train.FBTrainer() got multiple values for keyword argument 'batch_size',d5-c1-n0.05-m27,5,1,0.05,27,,-29.86952442360641
colosseum,685,dc2,0.07319927215576172,3.27,,,d5-c1-n0.05-m35,5,1,0.05,35,,-33.99777854667447
colosseum,685,dc_wasserstein_ollivier,-0.0034848451614379883,3.32,,,d5-c1-n0.05-m35,5,1,0.05,35,,-33.99777854667447
colosseum,685,dc_entropic_subtraction,2.434338092803955,1.78,,,d5-c1-n0.05-m35,5,1,0.05,35,,-33.99777854667447
colosseum,685,hickock,17.796069138495906,27.22,,,d5-c1-n0.05-m35,5,1,0.05,35,,-33.99777854667447
colosseum,685,orc,-0.29665677871055146,3.54,,,d5-c1-n0.05-m35,5,1,0.05,35,,-33.99777854667447
colosseum,685,spc_hop,,0.0,,,d5-c1-n0.05-m35,5,1,0.05,35,,-33.99777854667447
colosseum,685,spc_diffusion_t5,,0.0,,,d5-c1-n0.05-m35,5,1,0.05,35,,-33.99777854667447
colosseum,685,laziness_knn_t5,-6.348721504211426,0.16,,,d5-c1-n0.05-m35,5,1,0.05,35,,-33.99777854667447
colosseum,685,laziness_adaptive_t5,-6.267557144165039,0.33,,,d5-c1-n0.05-m35,5,1,0.05,35,,-33.99777854667447
colosseum,685,successor_entropy,,0.0,0.0,diffusion_curvature.successor.train.FBTrainer() got multiple values for keyword argument 'batch_size',d5-c1-n0.05-m35,5,1,0.05,35,,-33.99777854667447
colosseum,685,successor_orc,,0.0,0.0,diffusion_curvature.successor.train.FBTrainer() got multiple values for keyword argument 'batch_size',d5-c1-n0.05-m35,5,1,0.05,35,,-33.99777854667447
colosseum,693,dc2,-0.3014717102050781,2.95,,,d5-c1-n0.05-m43,5,1,0.05,43,,-2.440911286953626
colosseum,693,dc_wasserstein_ollivier,-0.2762404680252075,2.47,,,d5-c1-n0.05-m43,5,1,0.05,43,,-2.440911286953626
colosseum,693,dc_entropic_subtraction,1.2665133476257324,1.3,,,d5-c1-n0.05-m43,5,1,0.05,43,,-2.440911286953626
colosseum,693,hickock,16.669895389187747,27.73,,,d5-c1-n0.05-m43,5,1,0.05,43,,-2.440911286953626
colosseum,693,orc,-0.19724130632696843,3.42,,,d5-c1-n0.05-m43,5,1,0.05,43,,-2.440911286953626
colosseum,693,spc_hop,,0.0,,,d5-c1-n0.05-m43,5,1,0.05,43,,-2.440911286953626
colosseum,693,spc_diffusion_t5,,0.0,,,d5-c1-n0.05-m43,5,1,0.05,43,,-2.440911286953626
colosseum,693,laziness_knn_t5,-6.047567367553711,0.12,,,d5-c1-n0.05-m43,5,1,0.05,43,,-2.440911286953626
colosseum,693,laziness_adaptive_t5,-6.050961494445801,0.52,,,d5-c1-n0.05-m43,5,1,0.05,43,,-2.440911286953626
colosseum,693,successor_entropy,,0.0,0.0,diffusion_curvature.successor.train.FBTrainer() got multiple values for keyword argument 'batch_size',d5-c1-n0.05-m43,5,1,0.05,43,,-2.440911286953626
colosseum,693,successor_orc,,0.0,0.0,diffusion_curvature.successor.train.FBTrainer() got multiple values for keyword argument 'batch_size',d5-c1-n0.05-m43,5,1,0.05,43,,-2.440911286953626
colosseum,701,dc2,-0.3115863800048828,2.77,,,d5-c1-n0.1-m1,5,1,0.1,1,,15.70077268383966
colosseum,701,dc_wasserstein_ollivier,-0.06466901302337646,3.15,,,d5-c1-n0.1-m1,5,1,0.1,1,,15.70077268383966
colosseum,701,dc_entropic_subtraction,1.888108730316162,1.56,,,d5-c1-n0.1-m1,5,1,0.1,1,,15.70077268383966
colosseum,701,hickock,16.799349463916705,28.75,,,d5-c1-n0.1-m1,5,1,0.1,1,,15.70077268383966
colosseum,701,orc,-0.24147819802959558,2.9,,,d5-c1-n0.1-m1,5,1,0.1,1,,15.70077268383966
colosseum,701,spc_hop,,0.0,,,d5-c1-n0.1-m1,5,1,0.1,1,,15.70077268383966
colosseum,701,spc_diffusion_t5,,0.0,,,d5-c1-n0.1-m1,5,1,0.1,1,,15.70077268383966
colosseum,701,laziness_knn_t5,-5.949829578399658,0.12,,,d5-c1-n0.1-m1,5,1,0.1,1,,15.70077268383966
colosseum,701,laziness_adaptive_t5,-5.935759544372559,0.24,,,d5-c1-n0.1-m1,5,1,0.1,1,,15.70077268383966
colosseum,701,successor_entropy,,0.0,0.0,diffusion_curvature.successor.train.FBTrainer() got multiple values for keyword argument 'batch_size',d5-c1-n0.1-m1,5,1,0.1,1,,15.70077268383966
colosseum,701,successor_orc,,0.0,0.0,diffusion_curvature.successor.train.FBTrainer() got multiple values for keyword argument 'batch_size',d5-c1-n0.1-m1,5,1,0.1,1,,15.70077268383966
colosseum,709,dc2,-0.6678862571716309,2.61,,,d5-c1-n0.1-m9,5,1,0.1,9,,-29.253036830546478
colosseum,709,dc_wasserstein_ollivier,-0.4223679304122925,2.67,,,d5-c1-n0.1-m9,5,1,0.1,9,,-29.253036830546478
colosseum,709,dc_entropic_subtraction,1.2316370010375977,2.28,,,d5-c1-n0.1-m9,5,1,0.1,9,,-29.253036830546478
colosseum,709,hickock,16.99276716640531,28.25,,,d5-c1-n0.1-m9,5,1,0.1,9,,-29.253036830546478
colosseum,709,orc,-0.3068801040430154,2.78,,,d5-c1-n0.1-m9,5,1,0.1,9,,-29.253036830546478
colosseum,709,spc_hop,,0.0,,,d5-c1-n0.1-m9,5,1,0.1,9,,-29.253036830546478
colosseum,709,spc_diffusion_t5,,0.0,,,d5-c1-n0.1-m9,5,1,0.1,9,,-29.253036830546478
colosseum,709,laziness_knn_t5,-6.445537567138672,0.16,,,d5-c1-n0.1-m9,5,1,0.1,9,,-29.253036830546478
colosseum,709,laziness_adaptive_t5,-6.449160575866699,0.24,,,d5-c1-n0.1-m9,5,1,0.1,9,,-29.253036830546478
colosseum,709,successor_entropy,,0.0,0.0,diffusion_curvature.successor.train.FBTrainer() got multiple values for keyword argument 'batch_size',d5-c1-n0.1-m9,5,1,0.1,9,,-29.253036830546478
colosseum,709,successor_orc,,0.0,0.0,diffusion_curvature.successor.train.FBTrainer() got multiple values for keyword argument 'batch_size',d5-c1-n0.1-m9,5,1,0.1,9,,-29.253036830546478
colosseum,717,dc2,-0.9280767440795898,2.97,,,d5-c1-n0.1-m17,5,1,0.1,17,,-3.118854702564739
colosseum,717,dc_wasserstein_ollivier,-0.32515108585357666,4.41,,,d5-c1-n0.1-m17,5,1,0.1,17,,-3.118854702564739
colosseum,717,dc_entropic_subtraction,1.1206245422363281,1.99,,,d5-c1-n0.1-m17,5,1,0.1,17,,-3.118854702564739
colosseum,717,hickock,16.466963488868156,27.47,,,d5-c1-n0.1-m17,5,1,0.1,17,,-3.118854702564739
colosseum,717,orc,-0.1845611133880019,2.86,,,d5-c1-n0.1-m17,5,1,0.1,17,,-3.118854702564739
colosseum,717,spc_hop,,0.0,,,d5-c1-n0.1-m17,5,1,0.1,17,,-3.118854702564739
colosseum,717,spc_diffusion_t5,,0.0,,,d5-c1-n0.1-m17,5,1,0.1,17,,-3.118854702564739
colosseum,717,laziness_knn_t5,-6.102781772613525,0.54,,,d5-c1-n0.1-m17,5,1,0.1,17,,-3.118854702564739
colosseum,717,laziness_adaptive_t5,-6.067127227783203,0.27,,,d5-c1-n0.1-m17,5,1,0.1,17,,-3.118854702564739
colosseum,717,successor_entropy,,0.0,0.0,diffusion_curvature.successor.train.FBTrainer() got multiple values for keyword argument 'batch_size',d5-c1-n0.1-m17,5,1,0.1,17,,-3.118854702564739
colosseum,717,successor_orc,,0.0,0.0,diffusion_curvature.successor.train.FBTrainer() got multiple values for keyword argument 'batch_size',d5-c1-n0.1-m17,5,1,0.1,17,,-3.118854702564739
colosseum,725,dc2,-0.4788384437561035,4.02,,,d5-c1-n0.1-m25,5,1,0.1,25,,-2.2521548915780087
colosseum,725,dc_wasserstein_ollivier,-0.2274705171585083,2.83,,,d5-c1-n0.1-m25,5,1,0.1,25,,-2.2521548915780087
colosseum,725,dc_entropic_subtraction,1.5740127563476562,1.45,,,d5-c1-n0.1-m25,5,1,0.1,25,,-2.2521548915780087
colosseum,725,hickock,17.309400899308162,27.46,,,d5-c1-n0.1-m25,5,1,0.1,25,,-2.2521548915780087
colosseum,725,orc,-0.3054659489834099,3.48,,,d5-c1-n0.1-m25,5,1,0.1,25,,-2.2521548915780087
colosseum,725,spc_hop,,0.0,,,d5-c1-n0.1-m25,5,1,0.1,25,,-2.2521548915780087
colosseum,725,spc_diffusion_t5,,0.0,,,d5-c1-n0.1-m25,5,1,0.1,25,,-2.2521548915780087
colosseum,725,laziness_knn_t5,-6.424663066864014,0.21,,,d5-c1-n0.1-m25,5,1,0.1,25,,-2.2521548915780087
colosseum,725,laziness_adaptive_t5,-6.376506805419922,0.4,,,d5-c1-n0.1-m25,5,1,0.1,25,,-2.2521548915780087
colosseum,725,successor_entropy,,0.0,0.0,diffusion_curvature.successor.train.FBTrainer() got multiple values for keyword argument 'batch_size',d5-c1-n0.1-m25,5,1,0.1,25,,-2.2521548915780087
colosseum,725,successor_orc,,0.0,0.0,diffusion_curvature.successor.train.FBTrainer() got multiple values for keyword argument 'batch_size',d5-c1-n0.1-m25,5,1,0.1,25,,-2.2521548915780087
colosseum,733,dc2,-0.4097585678100586,2.9,,,d5-c1-n0.1-m33,5,1,0.1,33,,-41.30869647972175
colosseum,733,dc_wasserstein_ollivier,0.11023980379104614,2.92,,,d5-c1-n0.1-m33,5,1,0.1,33,,-41.30869647972175
colosseum,733,dc_entropic_subtraction,2.9395837783813477,1.42,,,d5-c1-n0.1-m33,5,1,0.1,33,,-41.30869647972175
colosseum,733,hickock,17.20936182244314,26.17,,,d5-c1-n0.1-m33,5,1,0.1,33,,-41.30869647972175
colosseum,733,orc,-0.23248912994943657,2.78,,,d5-c1-n0.1-m33,5,1,0.1,33,,-41.30869647972175
colosseum,733,spc_hop,,0.0,,,d5-c1-n0.1-m33,5,1,0.1,33,,-41.30869647972175
colosseum,733,spc_diffusion_t5,,0.0,,,d5-c1-n0.1-m33,5,1,0.1,33,,-41.30869647972175
colosseum,733,laziness_knn_t5,-6.102295875549316,0.12,,,d5-c1-n0.1-m33,5,1,0.1,33,,-41.30869647972175
colosseum,733,laziness_adaptive_t5,-6.046360015869141,0.22,,,d5-c1-n0.1-m33,5,1,0.1,33,,-41.30869647972175
colosseum,733,successor_entropy,,0.0,0.0,diffusion_curvature.successor.train.FBTrainer() got multiple values for keyword argument 'batch_size',d5-c1-n0.1-m33,5,1,0.1,33,,-41.30869647972175
colosseum,733,successor_orc,,0.0,0.0,diffusion_curvature.successor.train.FBTrainer() got multiple values for keyword argument 'batch_size',d5-c1-n0.1-m33,5,1,0.1,33,,-41.30869647972175
colosseum,741,dc2,-0.8001961708068848,2.72,,,d5-c1-n0.1-m41,5,1,0.1,41,,-14.566251716929457
colosseum,741,dc_wasserstein_ollivier,-0.38620924949645996,2.89,,,d5-c1-n0.1-m41,5,1,0.1,41,,-14.566251716929457
colosseum,741,dc_entropic_subtraction,0.9702482223510742,1.31,,,d5-c1-n0.1-m41,5,1,0.1,41,,-14.566251716929457
colosseum,741,hickock,16.28162205511625,22.07,,,d5-c1-n0.1-m41,5,1,0.1,41,,-14.566251716929457
colosseum,741,orc,-0.1927912487079556,2.64,,,d5-c1-n0.1-m41,5,1,0.1,41,,-14.566251716929457
colosseum,741,spc_hop,,0.0,,,d5-c1-n0.1-m41,5,1,0.1,41,,-14.566251716929457
colosseum,741,spc_diffusion_t5,,0.0,,,d5-c1-n0.1-m41,5,1,0.1,41,,-14.566251716929457
colosseum,741,laziness_knn_t5,-6.130168914794922,0.11,,,d5-c1-n0.1-m41,5,1,0.1,41,,-14.566251716929457
colosseum,741,laziness_adaptive_t5,-6.095758438110352,0.22,,,d5-c1-n0.1-m41,5,1,0.1,41,,-14.566251716929457
colosseum,741,successor_entropy,,0.0,0.0,diffusion_curvature.successor.train.FBTrainer() got multiple values for keyword argument 'batch_size',d5-c1-n0.1-m41,5,1,0.1,41,,-14.566251716929457
colosseum,741,successor_orc,,0.0,0.0,diffusion_curvature.successor.train.FBTrainer() got multiple values for keyword argument 'batch_size',d5-c1-n0.1-m41,5,1,0.1,41,,-14.566251716929457
colosseum,749,dc2,-0.7081937789916992,2.09,,,d5-c1-n0.1-m49,5,1,0.1,49,,-31.361523418594402
colosseum,749,dc_wasserstein_ollivier,-0.2804964780807495,1.96,,,d5-c1-n0.1-m49,5,1,0.1,49,,-31.361523418594402
colosseum,749,dc_entropic_subtraction,1.1849651336669922,1.27,,,d5-c1-n0.1-m49,5,1,0.1,49,,-31.361523418594402
colosseum,749,hickock,17.084496525066143,21.44,,,d5-c1-n0.1-m49,5,1,0.1,49,,-31.361523418594402
colosseum,749,orc,-0.16232755706622395,2.46,,,d5-c1-n0.1-m49,5,1,0.1,49,,-31.361523418594402
colosseum,749,spc_hop,,0.0,,,d5-c1-n0.1-m49,5,1,0.1,49,,-31.361523418594402
colosseum,749,spc_diffusion_t5,,0.0,,,d5-c1-n0.1-m49,5,1,0.1,49,,-31.361523418594402
colosseum,749,laziness_knn_t5,-6.280266284942627,0.11,,,d5-c1-n0.1-m49,5,1,0.1,49,,-31.361523418594402
colosseum,749,laziness_adaptive_t5,-6.295205116271973,0.19,,,d5-c1-n0.1-m49,5,1,0.1,49,,-31.361523418594402
colosseum,749,successor_entropy,,0.0,0.0,diffusion_curvature.successor.train.FBTrainer() got multiple values for keyword argument 'batch_size',d5-c1-n0.1-m49,5,1,0.1,49,,-31.361523418594402
colosseum,749,successor_orc,,0.0,0.0,diffusion_curvature.successor.train.FBTrainer() got multiple values for keyword argument 'batch_size',d5-c1-n0.1-m49,5,1,0.1,49,,-31.361523418594402
colosseum,757,dc2,-0.9952774047851562,1.61,,,d5-c1-n0.2-m7,5,1,0.2,7,,-26.699313760525484
colosseum,757,dc_wasserstein_ollivier,0.09100747108459473,2.21,,,d5-c1-n0.2-m7,5,1,0.2,7,,-26.699313760525484
colosseum,757,dc_entropic_subtraction,2.6493120193481445,1.26,,,d5-c1-n0.2-m7,5,1,0.2,7,,-26.699313760525484
colosseum,757,hickock,17.436977713638523,21.51,,,d5-c1-n0.2-m7,5,1,0.2,7,,-26.699313760525484
colosseum,757,orc,-0.2172239575145271,2.44,,,d5-c1-n0.2-m7,5,1,0.2,7,,-26.699313760525484
colosseum,757,spc_hop,,0.0,,,d5-c1-n0.2-m7,5,1,0.2,7,,-26.699313760525484
colosseum,757,spc_diffusion_t5,,0.0,,,d5-c1-n0.2-m7,5,1,0.2,7,,-26.699313760525484
colosseum,757,laziness_knn_t5,-6.19907283782959,0.11,,,d5-c1-n0.2-m7,5,1,0.2,7,,-26.699313760525484
colosseum,757,laziness_adaptive_t5,-6.174225807189941,0.2,,,d5-c1-n0.2-m7,5,1,0.2,7,,-26.699313760525484
colosseum,757,successor_entropy,,0.0,0.0,diffusion_curvature.successor.train.FBTrainer() got multiple values for keyword argument 'batch_size',d5-c1-n0.2-m7,5,1,0.2,7,,-26.699313760525484
colosseum,757,successor_orc,,0.0,0.0,diffusion_curvature.successor.train.FBTrainer() got multiple values for keyword argument 'batch_size',d5-c1-n0.2-m7,5,1,0.2,7,,-26.699313760525484
colosseum,765,dc2,-1.1718225479125977,1.56,,,d5-c1-n0.2-m15,5,1,0.2,15,,-29.068337081769894
colosseum,765,dc_wasserstein_ollivier,-0.16701817512512207,2.32,,,d5-c1-n0.2-m15,5,1,0.2,15,,-29.068337081769894
colosseum,765,dc_entropic_subtraction,1.8557467460632324,1.47,,,d5-c1-n0.2-m15,5,1,0.2,15,,-29.068337081769894
colosseum,765,hickock,17.01898659222236,21.73,,,d5-c1-n0.2-m15,5,1,0.2,15,,-29.068337081769894
colosseum,765,orc,-0.1971125693148356,2.58,,,d5-c1-n0.2-m15,5,1,0.2,15,,-29.068337081769894
colosseum,765,spc_hop,,0.0,,,d5-c1-n0.2-m15,5,1,0.2,15,,-29.068337081769894
colosseum,765,spc_diffusion_t5,,0.0,,,d5-c1-n0.2-m15,5,1,0.2,15,,-29.068337081769894
colosseum,765,laziness_knn_t5,-6.284876346588135,0.11,,,d5-c1-n0.2-m15,5,1,0.2,15,,-29.068337081769894
colosseum,765,laziness_adaptive_t5,-6.240912437438965,0.22,,,d5-c1-n0.2-m15,5,1,0.2,15,,-29.068337081769894
colosseum,765,successor_entropy,,0.0,0.0,diffusion_curvature.successor.train.FBTrainer() got multiple values for keyword argument 'batch_size',d5-c1-n0.2-m15,5,1,0.2,15,,-29.068337081769894
colosseum,765,successor_orc,,0.0,0.0,diffusion_curvature.successor.train.FBTrainer() got multiple values for keyword argument 'batch_size',d5-c1-n0.2-m15,5,1,0.2,15,,-29.068337081769894
colosseum,773,dc2,-1.2560694217681885,1.51,,,d5-c1-n0.2-m23,5,1,0.2,23,,-4.943876440100059
colosseum,773,dc_wasserstein_ollivier,-0.48141467571258545,1.93,,,d5-c1-n0.2-m23,5,1,0.2,23,,-4.943876440100059
colosseum,773,dc_entropic_subtraction,0.9929242134094238,1.3,,,d5-c1-n0.2-m23,5,1,0.2,23,,-4.943876440100059
colosseum,773,hickock,16.96458013480387,21.57,,,d5-c1-n0.2-m23,5,1,0.2,23,,-4.943876440100059
colosseum,773,orc,-0.3955098430034825,2.44,,,d5-c1-n0.2-m23,5,1,0.2,23,,-4.943876440100059
colosseum,773,spc_hop,,0.0,,,d5-c1-n0.2-m23,5,1,0.2,23,,-4.943876440100059
colosseum,773,spc_diffusion_t5,,0.0,,,d5-c1-n0.2-m23,5,1,0.2,23,,-4.943876440100059
colosseum,773,laziness_knn_t5,-6.553147315979004,0.11,,,d5-c1-n0.2-m23,5,1,0.2,23,,-4.943876440100059
colosseum,773,laziness_adaptive_t5,-6.562180519104004,0.22,,,d5-c1-n0.2-m23,5,1,0.2,23,,-4.943876440100059
colosseum,773,successor_entropy,,0.0,0.0,diffusion_curvature.successor.train.FBTrainer() got multiple values for keyword argument 'batch_size',d5-c1-n0.2-m23,5,1,0.2,23,,-4.943876440100059
colosseum,773,successor_orc,,0.0,0.0,diffusion_curvature.successor.train.FBTrainer() got multiple values for keyword argument 'batch_size',d5-c1-n0.2-m23,5,1,0.2,23,,-4.943876440100059
colosseum,781,dc2,-1.3336243629455566,1.56,,,d5-c1-n0.2-m31,5,1,0.2,31,,-2.2028683221160517
colosseum,781,dc_wasserstein_ollivier,-0.07258331775665283,2.47,,,d5-c1-n0.2-m31,5,1,0.2,31,,-2.2028683221160517
colosseum,781,dc_entropic_subtraction,2.306462287902832,1.3,,,d5-c1-n0.2-m31,5,1,0.2,31,,-2.2028683221160517
colosseum,781,hickock,17.35009275929549,21.52,,,d5-c1-n0.2-m31,5,1,0.2,31,,-2.2028683221160517
colosseum,781,orc,-0.3081118880109912,2.51,,,d5-c1-n0.2-m31,5,1,0.2,31,,-2.2028683221160517
colosseum,781,spc_hop,,0.0,,,d5-c1-n0.2-m31,5,1,0.2,31,,-2.2028683221160517
colosseum,781,spc_diffusion_t5,,0.0,,,d5-c1-n0.2-m31,5,1,0.2,31,,-2.2028683221160517
colosseum,781,laziness_knn_t5,-6.354069232940674,0.11,,,d5-c1-n0.2-m31,5,1,0.2,31,,-2.2028683221160517
colosseum,781,laziness_adaptive_t5,-6.350836753845215,0.21,,,d5-c1-n0.2-m31,5,1,0.2,31,,-2.2028683221160517
colosseum,781,successor_entropy,,0.0,0.0,diffusion_curvature.successor.train.FBTrainer() got multiple values for keyword argument 'batch_size',d5-c1-n0.2-m31,5,1,0.2,31,,-2.2028683221160517
colosseum,781,successor_orc,,0.0,0.0,diffusion_curvature.successor.train.FBTrainer() got multiple values for keyword argument 'batch_size',d5-c1-n0.2-m31,5,1,0.2,31,,-2.2028683221160517
colosseum,789,dc2,-1.326195240020752,1.88,,,d5-c1-n0.2-m39,5,1,0.2,39,,-28.360022778304284
colosseum,789,dc_wasserstein_ollivier,-0.29923415184020996,2.38,,,d5-c1-n0.2-m39,5,1,0.2,39,,-28.360022778304284
colosseum,789,dc_entropic_subtraction,1.5856661796569824,1.62,,,d5-c1-n0.2-m39,5,1,0.2,39,,-28.360022778304284
colosseum,789,hickock,16.742303805457528,21.19,,,d5-c1-n0.2-m39,5,1,0.2,39,,-28.360022778304284
colosseum,789,orc,-0.15258382468144507,2.98,,,d5-c1-n0.2-m39,5,1,0.2,39,,-28.360022778304284
colosseum,789,spc_hop,,0.0,,,d5-c1-n0.2-m39,5,1,0.2,39,,-28.360022778304284
colosseum,789,spc_diffusion_t5,,0.0,,,d5-c1-n0.2-m39,5,1,0.2,39,,-28.360022778304284
colosseum,789,laziness_knn_t5,-6.228498935699463,0.12,,,d5-c1-n0.2-m39,5,1,0.2,39,,-28.360022778304284
colosseum,789,laziness_adaptive_t5,-6.267227649688721,0.19,,,d5-c1-n0.2-m39,5,1,0.2,39,,-28.360022778304284
colosseum,789,successor_entropy,,0.0,0.0,diffusion_curvature.successor.train.FBTrainer() got multiple values for keyword argument 'batch_size',d5-c1-n0.2-m39,5,1,0.2,39,,-28.360022778304284
colosseum,789,successor_orc,,0.0,0.0,diffusion_curvature.successor.train.FBTrainer() got multiple values for keyword argument 'batch_size',d5-c1-n0.2-m39,5,1,0.2,39,,-28.360022778304284
colosseum,797,dc2,-0.8391852378845215,1.48,,,d5-c1-n0.2-m47,5,1,0.2,47,,-0.33102241882626204
colosseum,797,dc_wasserstein_ollivier,0.23249578475952148,1.83,,,d5-c1-n0.2-m47,5,1,0.2,47,,-0.33102241882626204
colosseum,797,dc_entropic_subtraction,3.219599723815918,1.24,,,d5-c1-n0.2-m47,5,1,0.2,47,,-0.33102241882626204
colosseum,797,hickock,17.630611931735917,21.53,,,d5-c1-n0.2-m47,5,1,0.2,47,,-0.33102241882626204
colosseum,797,orc,-0.22430733760008348,2.47,,,d5-c1-n0.2-m47,5,1,0.2,47,,-0.33102241882626204
colosseum,797,spc_hop,,0.0,,,d5-c1-n0.2-m47,5,1,0.2,47,,-0.33102241882626204
colosseum,797,spc_diffusion_t5,,0.0,,,d5-c1-n0.2-m47,5,1,0.2,47,,-0.33102241882626204
colosseum,797,laziness_knn_t5,-6.144560813903809,0.12,,,d5-c1-n0.2-m47,5,1,0.2,47,,-0.33102241882626204
colosseum,797,laziness_adaptive_t5,-6.112338066101074,0.17,,,d5-c1-n0.2-m47,5,1,0.2,47,,-0.33102241882626204
colosseum,797,successor_entropy,,0.0,0.0,diffusion_curvature.successor.train.FBTrainer() got multiple values for keyword argument 'batch_size',d5-c1-n0.2-m47,5,1,0.2,47,,-0.33102241882626204
colosseum,797,successor_orc,,0.0,0.0,diffusion_curvature.successor.train.FBTrainer() got multiple values for keyword argument 'batch_size',d5-c1-n0.2-m47,5,1,0.2,47,,-0.33102241882626204
colosseum,805,dc2,-1.1750435829162598,1.31,,,d6-c1-n0.01-m5,6,1,0.01,5,,-43.882994597395054
colosseum,805,dc_wasserstein_ollivier,0.43479061126708984,2.23,,,d6-c1-n0.01-m5,6,1,0.01,5,,-43.882994597395054
colosseum,805,dc_entropic_subtraction,2.8568997383117676,1.19,,,d6-c1-n0.01-m5,6,1,0.01,5,,-43.882994597395054
colosseum,805,hickock,20.448053505593805,21.61,,,d6-c1-n0.01-m5,6,1,0.01,5,,-43.882994597395054
colosseum,805,orc,-0.29113199684304003,2.48,,,d6-c1-n0.01-m5,6,1,0.01,5,,-43.882994597395054
colosseum,805,spc_hop,,0.0,,,d6-c1-n0.01-m5,6,1,0.01,5,,-43.882994597395054
colosseum,805,spc_diffusion_t5,,0.0,,,d6-c1-n0.01-m5,6,1,0.01,5,,-43.882994597395054
colosseum,805,laziness_knn_t5,-6.755044460296631,0.12,,,d6-c1-n0.01-m5,6,1,0.01,5,,-43.882994597395054
colosseum,805,laziness_adaptive_t5,-6.755136489868164,0.22,,,d6-c1-n0.01-m5,6,1,0.01,5,,-43.882994597395054
colosseum,805,successor_entropy,,0.0,0.0,diffusion_curvature.successor.train.FBTrainer() got multiple values for keyword argument 'batch_size',d6-c1-n0.01-m5,6,1,0.01,5,,-43.882994597395054
colosseum,805,successor_orc,,0.0,0.0,diffusion_curvature.successor.train.FBTrainer() got multiple values for keyword argument 'batch_size',d6-c1-n0.01-m5,6,1,0.01,5,,-43.882994597395054
colosseum,813,dc2,0.23407268524169922,1.26,,,d6-c1-n0.01-m13,6,1,0.01,13,,19.164460569481896
colosseum,813,dc_wasserstein_ollivier,0.7835205793380737,1.66,,,d6-c1-n0.01-m13,6,1,0.01,13,,19.164460569481896
colosseum,813,dc_entropic_subtraction,5.094472408294678,1.27,,,d6-c1-n0.01-m13,6,1,0.01,13,,19.164460569481896
colosseum,813,hickock,21.04711520692954,21.31,,,d6-c1-n0.01-m13,6,1,0.01,13,,19.164460569481896
colosseum,813,orc,-0.27745098812076824,3.21,,,d6-c1-n0.01-m13,6,1,0.01,13,,19.164460569481896
colosseum,813,spc_hop,,0.0,,,d6-c1-n0.01-m13,6,1,0.01,13,,19.164460569481896
colosseum,813,spc_diffusion_t5,,0.0,,,d6-c1-n0.01-m13,6,1,0.01,13,,19.164460569481896
colosseum,813,laziness_knn_t5,-6.260091781616211,0.12,,,d6-c1-n0.01-m13,6,1,0.01,13,,19.164460569481896
colosseum,813,laziness_adaptive_t5,-6.244111061096191,0.17,,,d6-c1-n0.01-m13,6,1,0.01,13,,19.164460569481896
colosseum,813,successor_entropy,,0.0,0.0,diffusion_curvature.successor.train.FBTrainer() got multiple values for keyword argument 'batch_size',d6-c1-n0.01-m13,6,1,0.01,13,,19.164460569481896
colosseum,813,successor_orc,,0.0,0.0,diffusion_curvature.successor.train.FBTrainer() got multiple values for keyword argument 'batch_size',d6-c1-n0.01-m13,6,1,0.01,13,,19.164460569481896
colosseum,821,dc2,-0.29416751861572266,1.31,,,d6-c1-n0.01-m21,6,1,0.01,21,,-16.378542934024978
colosseum,821,dc_wasserstein_ollivier,0.5232412219047546,2.17,,,d6-c1-n0.01-m21,6,1,0.01,21,,-16.378542934024978
colosseum,821,dc_entropic_subtraction,3.460427761077881,1.17,,,d6-c1-n0.01-m21,6,1,0.01,21,,-16.378542934024978
colosseum,821,hickock,20.21817338969289,21.63,,,d6-c1-n0.01-m21,6,1,0.01,21,,-16.378542934024978
colosseum,821,orc,-0.3625148500341175,2.47,,,d6-c1-n0.01-m21,6,1,0.01,21,,-16.378542934024978
colosseum,821,spc_hop,,0.0,,,d6-c1-n0.01-m21,6,1,0.01,21,,-16.378542934024978
colosseum,821,spc_diffusion_t5,,0.0,,,d6-c1-n0.01-m21,6,1,0.01,21,,-16.378542934024978
colosseum,821,laziness_knn_t5,-6.69295597076416,0.12,,,d6-c1-n0.01-m21,6,1,0.01,21,,-16.378542934024978
colosseum,821,laziness_adaptive_t5,-6.659430503845215,0.18,,,d6-c1-n0.01-m21,6,1,0.01,21,,-16.378542934024978
colosseum,821,successor_entropy,,0.0,0.0,diffusion_curvature.successor.train.FBTrainer() got multiple values for keyword argument 'batch_size',d6-c1-n0.01-m21,6,1,0.01,21,,-16.378542934024978
colosseum,821,successor_orc,,0.0,0.0,diffusion_curvature.successor.train.FBTrainer() got multiple values for keyword argument 'batch_size',d6-c1-n0.01-m21,6,1,0.01,21,,-16.378542934024978
colosseum,829,dc2,-0.05545663833618164,2.01,,,d6-c1-n0.01-m29,6,1,0.01,29,,-35.10661195944188
colosseum,829,dc_wasserstein_ollivier,0.6046640872955322,2.22,,,d6-c1-n0.01-m29,6,1,0.01,29,,-35.10661195944188
colosseum,829,dc_entropic_subtraction,3.6612119674682617,1.17,,,d6-c1-n0.01-m29,6,1,0.01,29,,-35.10661195944188
colosseum,829,hickock,19.793929965728974,21.66,,,d6-c1-n0.01-m29,6,1,0.01,29,,-35.10661195944188
colosseum,829,orc,-0.26113233216692994,2.41,,,d6-c1-n0.01-m29,6,1,0.01,29,,-35.10661195944188
colosseum,829,spc_hop,,0.0,,,d6-c1-n0.01-m29,6,1,0.01,29,,-35.10661195944188
colosseum,829,spc_diffusion_t5,,0.0,,,d6-c1-n0.01-m29,6,1,0.01,29,,-35.10661195944188
colosseum,829,laziness_knn_t5,-6.543952941894531,0.12,,,d6-c1-n0.01-m29,6,1,0.01,29,,-35.10661195944188
colosseum,829,laziness_adaptive_t5,-6.490033149719238,0.24,,,d6-c1-n0.01-m29,6,1,0.01,29,,-35.10661195944188
colosseum,829,successor_entropy,,0.0,0.0,diffusion_curvature.successor.train.FBTrainer() got multiple values for keyword argument 'batch_size',d6-c1-n0.01-m29,6,1,0.01,29,,-35.10661195944188
colosseum,829,successor_orc,,0.0,0.0,diffusion_curvature.successor.train.FBTrainer() got multiple values for keyword argument 'batch_size',d6-c1-n0.01-m29,6,1,0.01,29,,-35.10661195944188
colosseum,837,dc2,-0.037851810455322266,2.07,,,d6-c1-n0.01-m37,6,1,0.01,37,,-19.184420056444875
colosseum,837,dc_wasserstein_ollivier,0.5328531265258789,2.21,,,d6-c1-n0.01-m37,6,1,0.01,37,,-19.184420056444875
colosseum,837,dc_entropic_subtraction,3.2709836959838867,1.15,,,d6-c1-n0.01-m37,6,1,0.01,37,,-19.184420056444875
colosseum,837,hickock,20.526725313103153,21.55,,,d6-c1-n0.01-m37,6,1,0.01,37,,-19.184420056444875
colosseum,837,orc,-0.30375545689630423,2.4,,,d6-c1-n0.01-m37,6,1,0.01,37,,-19.184420056444875
colosseum,837,spc_hop,,0.0,,,d6-c1-n0.01-m37,6,1,0.01,37,,-19.184420056444875
colosseum,837,spc_diffusion_t5,,0.0,,,d6-c1-n0.01-m37,6,1,0.01,37,,-19.184420056444875
colosseum,837,laziness_knn_t5,-6.603569984436035,0.47,,,d6-c1-n0.01-m37,6,1,0.01,37,,-19.184420056444875
colosseum,837,laziness_adaptive_t5,-6.569127082824707,0.26,,,d6-c1-n0.01-m37,6,1,0.01,37,,-19.184420056444875
colosseum,837,successor_entropy,,0.0,0.0,diffusion_curvature.successor.train.FBTrainer() got multiple values for keyword argument 'batch_size',d6-c1-n0.01-m37,6,1,0.01,37,,-19.184420056444875
colosseum,837,successor_orc,,0.0,0.0,diffusion_curvature.successor.train.FBTrainer() got multiple values for keyword argument 'batch_size',d6-c1-n0.01-m37,6,1,0.01,37,,-19.184420056444875
colosseum,845,dc2,0.07565593719482422,1.26,,,d6-c1-n0.01-m45,6,1,0.01,45,,-20.64806308188798
colosseum,845,dc_wasserstein_ollivier,0.7080425024032593,1.68,,,d6-c1-n0.01-m45,6,1,0.01,45,,-20.64806308188798
colosseum,845,dc_entropic_subtraction,4.648712158203125,1.07,,,d6-c1-n0.01-m45,6,1,0.01,45,,-20.64806308188798
colosseum,845,hickock,21.133113195939313,21.55,,,d6-c1-n0.01-m45,6,1,0.01,45,,-20.64806308188798
colosseum,845,orc,-0.2680314343182683,2.37,,,d6-c1-n0.01-m45,6,1,0.01,45,,-20.64806308188798
colosseum,845,spc_hop,,0.0,,,d6-c1-n0.01-m45,6,1,0.01,45,,-20.64806308188798
colosseum,845,spc_diffusion_t5,,0.0,,,d6-c1-n0.01-m45,6,1,0.01,45,,-20.64806308188798
colosseum,845,laziness_knn_t5,-6.649779319763184,0.11,,,d6-c1-n0.01-m45,6,1,0.01,45,,-20.64806308188798
colosseum,845,laziness_adaptive_t5,-6.677603721618652,0.22,,,d6-c1-n0.01-m45,6,1,0.01,45,,-20.64806308188798
colosseum,845,successor_entropy,,0.0,0.0,diffusion_curvature.successor.train.FBTrainer() got multiple values for keyword argument 'batch_size',d6-c1-n0.01-m45,6,1,0.01,45,,-20.64806308188798
colosseum,845,successor_orc,,0.0,0.0,diffusion_curvature.successor.train.FBTrainer() got multiple values for keyword argument 'batch_size',d6-c1-n0.01-m45,6,1,0.01,45,,-20.64806308188798
colosseum,853,dc2,-0.31362438201904297,1.37,,,d6-c1-n0.05-m3,6,1,0.05,3,,38.08920109165352
colosseum,853,dc_wasserstein_ollivier,0.7623037695884705,1.9,,,d6-c1-n0.05-m3,6,1,0.05,3,,38.08920109165352
colosseum,853,dc_entropic_subtraction,4.956878662109375,1.49,,,d6-c1-n0.05-m3,6,1,0.05,3,,38.08920109165352
colosseum,853,hickock,21.75407316776402,21.65,,,d6-c1-n0.05-m3,6,1,0.05,3,,38.08920109165352
colosseum,853,orc,-0.33792097018177447,2.41,,,d6-c1-n0.05-m3,6,1,0.05,3,,38.08920109165352
colosseum,853,spc_hop,,0.0,,,d6-c1-n0.05-m3,6,1,0.05,3,,38.08920109165352
colosseum,853,spc_diffusion_t5,,0.0,,,d6-c1-n0.05-m3,6,1,0.05,3,,38.08920109165352
colosseum,853,laziness_knn_t5,-6.494527816772461,0.12,,,d6-c1-n0.05-m3,6,1,0.05,3,,38.08920109165352
colosseum,853,laziness_adaptive_t5,-6.502785682678223,0.18,,,d6-c1-n0.05-m3,6,1,0.05,3,,38.08920109165352
colosseum,853,successor_entropy,,0.0,0.0,diffusion_curvature.successor.train.FBTrainer() got multiple values for keyword argument 'batch_size',d6-c1-n0.05-m3,6,1,0.05,3,,38.08920109165352
colosseum,853,successor_orc,,0.0,0.0,diffusion_curvature.successor.train.FBTrainer() got multiple values for keyword argument 'batch_size',d6-c1-n0.05-m3,6,1,0.05,3,,38.08920109165352
colosseum,861,dc2,-0.20149564743041992,1.33,,,d6-c1-n0.05-m11,6,1,0.05,11,,-37.650226935894906
colosseum,861,dc_wasserstein_ollivier,0.7549805641174316,1.86,,,d6-c1-n0.05-m11,6,1,0.05,11,,-37.650226935894906
colosseum,861,dc_entropic_subtraction,4.996921062469482,1.25,,,d6-c1-n0.05-m11,6,1,0.05,11,,-37.650226935894906
colosseum,861,hickock,21.378240138588765,21.56,,,d6-c1-n0.05-m11,6,1,0.05,11,,-37.650226935894906
colosseum,861,orc,-0.3662373202545583,2.49,,,d6-c1-n0.05-m11,6,1,0.05,11,,-37.650226935894906
colosseum,861,spc_hop,,0.0,,,d6-c1-n0.05-m11,6,1,0.05,11,,-37.650226935894906
colosseum,861,spc_diffusion_t5,,0.0,,,d6-c1-n0.05-m11,6,1,0.05,11,,-37.650226935894906
colosseum,861,laziness_knn_t5,-6.624930381774902,0.12,,,d6-c1-n0.05-m11,6,1,0.05,11,,-37.650226935894906
colosseum,861,laziness_adaptive_t5,-6.5718817710876465,0.18,,,d6-c1-n0.05-m11,6,1,0.05,11,,-37.650226935894906
colosseum,861,successor_entropy,,0.0,0.0,diffusion_curvature.successor.train.FBTrainer() got multiple values for keyword argument 'batch_size',d6-c1-n0.05-m11,6,1,0.05,11,,-37.650226935894906
colosseum,861,successor_orc,,0.0,0.0,diffusion_curvature.successor.train.FBTrainer() got multiple values for keyword argument 'batch_size',d6-c1-n0.05-m11,6,1,0.05,11,,-37.650226935894906
colosseum,869,dc2,0.29590463638305664,1.46,,,d6-c1-n0.05-m19,6,1,0.05,19,,-5.732020945042934
colosseum,869,dc_wasserstein_ollivier,0.785431981086731,2.06,,,d6-c1-n0.05-m19,6,1,0.05,19,,-5.732020945042934
colosseum,869,dc_entropic_subtraction,5.069868087768555,1.12,,,d6-c1-n0.05-m19,6,1,0.05,19,,-5.732020945042934
colosseum,869,hickock,21.112348101098835,21.63,,,d6-c1-n0.05-m19,6,1,0.05,19,,-5.732020945042934
colosseum,869,orc,-0.33439218776952734,2.27,,,d6-c1-n0.05-m19,6,1,0.05,19,,-5.732020945042934
colosseum,869,spc_hop,,0.0,,,d6-c1-n0.05-m19,6,1,0.05,19,,-5.732020945042934
colosseum,869,spc_diffusion_t5,,0.0,,,d6-c1-n0.05-m19,6,1,0.05,19,,-5.732020945042934
colosseum,869,laziness_knn_t5,-6.673840045928955,0.11,,,d6-c1-n0.05-m19,6,1,0.05,19,,-5.732020945042934
colosseum,869,laziness_adaptive_t5,-6.709192752838135,0.18,,,d6-c1-n0.05-m19,6,1,0.05,19,,-5.732020945042934
colosseum,869,successor_entropy,,0.0,0.0,diffusion_curvature.successor.train.FBTrainer() got multiple values for keyword argument 'batch_size',d6-c1-n0.05-m19,6,1,0.05,19,,-5.732020945042934
colosseum,869,successor_orc,,0.0,0.0,diffusion_curvature.successor.train.FBTrainer() got multiple values for keyword argument 'batch_size',d6-c1-n0.05-m19,6,1,0.05,19,,-5.732020945042934
colosseum,877,dc2,0.1655263900756836,1.26,,,d6-c1-n0.05-m27,6,1,0.05,27,,-48.49363309070332
colosseum,877,dc_wasserstein_ollivier,0.7688106298446655,1.83,,,d6-c1-n0.05-m27,6,1,0.05,27,,-48.49363309070332
colosseum,877,dc_entropic_subtraction,5.5428147315979,1.44,,,d6-c1-n0.05-m27,6,1,0.05,27,,-48.49363309070332
colosseum,877,hickock,21.74106621516578,21.57,,,d6-c1-n0.05-m27,6,1,0.05,27,,-48.49363309070332
colosseum,877,orc,-0.43542859358528235,2.45,,,d6-c1-n0.05-m27,6,1,0.05,27,,-48.49363309070332
colosseum,877,spc_hop,,0.0,,,d6-c1-n0.05-m27,6,1,0.05,27,,-48.49363309070332
colosseum,877,spc_diffusion_t5,,0.0,,,d6-c1-n0.05-m27,6,1,0.05,27,,-48.49363309070332
colosseum,877,laziness_knn_t5,-6.798492431640625,0.12,,,d6-c1-n0.05-m27,6,1,0.05,27,,-48.49363309070332
colosseum,877,laziness_adaptive_t5,-6.797139644622803,0.19,,,d6-c1-n0.05-m27,6,1,0.05,27,,-48.49363309070332
colosseum,877,successor_entropy,,0.0,0.0,diffusion_curvature.successor.train.FBTrainer() got multiple values for keyword argument 'batch_size',d6-c1-n0.05-m27,6,1,0.05,27,,-48.49363309070332
colosseum,877,successor_orc,,0.0,0.0,diffusion_curvature.successor.train.FBTrainer() got multiple values for keyword argument 'batch_size',d6-c1-n0.05-m27,6,1,0.05,27,,-48.49363309070332
colosseum,885,dc2,-0.28873634338378906,1.34,,,d6-c1-n0.05-m35,6,1,0.05,35,,-39.24068998183126
colosseum,885,dc_wasserstein_ollivier,0.40821534395217896,1.8,,,d6-c1-n0.05-m35,6,1,0.05,35,,-39.24068998183126
colosseum,885,dc_entropic_subtraction,2.9556937217712402,1.12,,,d6-c1-n0.05-m35,6,1,0.05,35,,-39.24068998183126
colosseum,885,hickock,20.54410444160662,21.57,,,d6-c1-n0.05-m35,6,1,0.05,35,,-39.24068998183126
colosseum,885,orc,-0.3752001294640917,2.48,,,d6-c1-n0.05-m35,6,1,0.05,35,,-39.24068998183126
colosseum,885,spc_hop,,0.0,,,d6-c1-n0.05-m35,6,1,0.05,35,,-39.24068998183126
colosseum,885,spc_diffusion_t5,,0.0,,,d6-c1-n0.05-m35,6,1,0.05,35,,-39.24068998183126
colosseum,885,laziness_knn_t5,-6.709298133850098,0.12,,,d6-c1-n0.05-m35,6,1,0.05,35,,-39.24068998183126
colosseum,885,laziness_adaptive_t5,-6.727473258972168,0.18,,,d6-c1-n0.05-m35,6,1,0.05,35,,-39.24068998183126
colosseum,885,successor_entropy,,0.0,0.0,diffusion_curvature.successor.train.FBTrainer() got multiple values for keyword argument 'batch_size',d6-c1-n0.05-m35,6,1,0.05,35,,-39.24068998183126
colosseum,885,successor_orc,,0.0,0.0,diffusion_curvature.successor.train.FBTrainer() got multiple values for keyword argument 'batch_size',d6-c1-n0.05-m35,6,1,0.05,35,,-39.24068998183126
colosseum,893,dc2,-0.7899651527404785,1.41,,,d6-c1-n0.05-m43,6,1,0.05,43,,-57.51860232704621
colosseum,893,dc_wasserstein_ollivier,0.5718034505844116,2.02,,,d6-c1-n0.05-m43,6,1,0.05,43,,-57.51860232704621
colosseum,893,dc_entropic_subtraction,3.7957215309143066,1.1,,,d6-c1-n0.05-m43,6,1,0.05,43,,-57.51860232704621
colosseum,893,hickock,21.287303894885202,21.47,,,d6-c1-n0.05-m43,6,1,0.05,43,,-57.51860232704621
colosseum,893,orc,-0.3573455756793042,2.71,,,d6-c1-n0.05-m43,6,1,0.05,43,,-57.51860232704621
colosseum,893,spc_hop,,0.0,,,d6-c1-n0.05-m43,6,1,0.05,43,,-57.51860232704621
colosseum,893,spc_diffusion_t5,,0.0,,,d6-c1-n0.05-m43,6,1,0.05,43,,-57.51860232704621
colosseum,893,laziness_knn_t5,-6.782571792602539,0.11,,,d6-c1-n0.05-m43,6,1,0.05,43,,-57.51860232704621
colosseum,893,laziness_adaptive_t5,-6.779266357421875,0.23,,,d6-c1-n0.05-m43,6,1,0.05,43,,-57.51860232704621
colosseum,893,successor_entropy,,0.0,0.0,diffusion_curvature.successor.train.FBTrainer() got multiple values for keyword argument 'batch_size',d6-c1-n0.05-m43,6,1,0.05,43,,-57.51860232704621
colosseum,893,successor_orc,,0.0,0.0,diffusion_curvature.successor.train.FBTrainer() got multiple values for keyword argument 'batch_size',d6-c1-n0.05-m43,6,1,0.05,43,,-57.51860232704621
colosseum,901,dc2,-0.8865227699279785,2.05,,,d6-c1-n0.1-m1,6,1,0.1,1,,57.23266675741128
colosseum,901,dc_wasserstein_ollivier,0.5382366180419922,1.81,,,d6-c1-n0.1-m1,6,1,0.1,1,,57.23266675741128
colosseum,901,dc_entropic_subtraction,3.0671677589416504,1.44,,,d6-c1-n0.1-m1,6,1,0.1,1,,57.23266675741128
colosseum,901,hickock,20.726569729505677,21.64,,,d6-c1-n0.1-m1,6,1,0.1,1,,57.23266675741128
colosseum,901,orc,-0.22403598378597486,2.48,,,d6-c1-n0.1-m1,6,1,0.1,1,,57.23266675741128
colosseum,901,spc_hop,,0.0,,,d6-c1-n0.1-m1,6,1,0.1,1,,57.23266675741128
colosseum,901,spc_diffusion_t5,,0.0,,,d6-c1-n0.1-m1,6,1,0.1,1,,57.23266675741128
colosseum,901,laziness_knn_t5,-6.297944068908691,0.12,,,d6-c1-n0.1-m1,6,1,0.1,1,,57.23266675741128
colosseum,901,laziness_adaptive_t5,-6.350005149841309,0.23,,,d6-c1-n0.1-m1,6,1,0.1,1,,57.23266675741128
colosseum,901,successor_entropy,,0.0,0.0,diffusion_curvature.successor.train.FBTrainer() got multiple values for keyword argument 'batch_size',d6-c1-n0.1-m1,6,1,0.1,1,,57.23266675741128
colosseum,901,successor_orc,,0.0,0.0,diffusion_curvature.successor.train.FBTrainer() got multiple values for keyword argument 'batch_size',d6-c1-n0.1-m1,6,1,0.1,1,,57.23266675741128
colosseum,909,dc2,0.10451459884643555,1.49,,,d6-c1-n0.1-m9,6,1,0.1,9,,-35.859976425696914
colosseum,909,dc_wasserstein_ollivier,0.6050463318824768,1.79,,,d6-c1-n0.1-m9,6,1,0.1,9,,-35.859976425696914
colosseum,909,dc_entropic_subtraction,4.066401958465576,1.21,,,d6-c1-n0.1-m9,6,1,0.1,9,,-35.859976425696914
colosseum,909,hickock,20.77330793921604,21.67,,,d6-c1-n0.1-m9,6,1,0.1,9,,-35.859976425696914
colosseum,909,orc,-0.4168275079468076,2.43,,,d6-c1-n0.1-m9,6,1,0.1,9,,-35.859976425696914
colosseum,909,spc_hop,,0.0,,,d6-c1-n0.1-m9,6,1,0.1,9,,-35.859976425696914
colosseum,909,spc_diffusion_t5,,0.0,,,d6-c1-n0.1-m9,6,1,0.1,9,,-35.859976425696914
colosseum,909,laziness_knn_t5,-6.7157745361328125,0.12,,,d6-c1-n0.1-m9,6,1,0.1,9,,-35.859976425696914
colosseum,909,laziness_adaptive_t5,-6.663610458374023,0.22,,,d6-c1-n0.1-m9,6,1,0.1,9,,-35.859976425696914
colosseum,909,successor_entropy,,0.0,0.0,diffusion_curvature.successor.train.FBTrainer() got multiple values for keyword argument 'batch_size',d6-c1-n0.1-m9,6,1,0.1,9,,-35.859976425696914
colosseum,909,successor_orc,,0.0,0.0,diffusion_curvature.successor.train.FBTrainer() got multiple values for keyword argument 'batch_size',d6-c1-n0.1-m9,6,1,0.1,9,,-35.859976425696914
colosseum,917,dc2,-0.18922662734985352,1.33,,,d6-c1-n0.1-m17,6,1,0.1,17,,4.3013728110036915
colosseum,917,dc_wasserstein_ollivier,0.7474157810211182,2.28,,,d6-c1-n0.1-m17,6,1,0.1,17,,4.3013728110036915
colosseum,917,dc_entropic_subtraction,4.801353454589844,1.34,,,d6-c1-n0.1-m17,6,1,0.1,17,,4.3013728110036915
colosseum,917,hickock,20.952998781535342,21.25,,,d6-c1-n0.1-m17,6,1,0.1,17,,4.3013728110036915
colosseum,917,orc,-0.32264376963939073,2.44,,,d6-c1-n0.1-m17,6,1,0.1,17,,4.3013728110036915
colosseum,917,spc_hop,,0.0,,,d6-c1-n0.1-m17,6,1,0.1,17,,4.3013728110036915
colosseum,917,spc_diffusion_t5,,0.0,,,d6-c1-n0.1-m17,6,1,0.1,17,,4.3013728110036915
colosseum,917,laziness_knn_t5,-6.446352481842041,0.11,,,d6-c1-n0.1-m17,6,1,0.1,17,,4.3013728110036915
colosseum,917,laziness_adaptive_t5,-6.434889316558838,0.19,,,d6-c1-n0.1-m17,6,1,0.1,17,,4.3013728110036915
colosseum,917,successor_entropy,,0.0,0.0,diffusion_curvature.successor.train.FBTrainer() got multiple values for keyword argument 'batch_size',d6-c1-n0.1-m17,6,1,0.1,17,,4.3013728110036915
colosseum,917,successor_orc,,0.0,0.0,diffusion_curvature.successor.train.FBTrainer() got multiple values for keyword argument 'batch_size',d6-c1-n0.1-m17,6,1,0.1,17,,4.3013728110036915
colosseum,925,dc2,-0.1457972526550293,1.92,,,d6-c1-n0.1-m25,6,1,0.1,25,,-64.0052115259955
colosseum,925,dc_wasserstein_ollivier,0.7795447707176208,1.73,,,d6-c1-n0.1-m25,6,1,0.1,25,,-64.0052115259955
colosseum,925,dc_entropic_subtraction,4.836467742919922,1.08,,,d6-c1-n0.1-m25,6,1,0.1,25,,-64.0052115259955
colosseum,925,hickock,20.470701690445935,20.53,,,d6-c1-n0.1-m25,6,1,0.1,25,,-64.0052115259955
colosseum,925,orc,-0.35779535872305696,2.55,,,d6-c1-n0.1-m25,6,1,0.1,25,,-64.0052115259955
colosseum,925,spc_hop,,0.0,,,d6-c1-n0.1-m25,6,1,0.1,25,,-64.0052115259955
colosseum,925,spc_diffusion_t5,,0.0,,,d6-c1-n0.1-m25,6,1,0.1,25,,-64.0052115259955
colosseum,925,laziness_knn_t5,-6.499587059020996,0.12,,,d6-c1-n0.1-m25,6,1,0.1,25,,-64.0052115259955
colosseum,925,laziness_adaptive_t5,-6.512295722961426,0.22,,,d6-c1-n0.1-m25,6,1,0.1,25,,-64.0052115259955
colosseum,925,successor_entropy,,0.0,0.0,diffusion_curvature.successor.train.FBTrainer() got multiple values for keyword argument 'batch_size',d6-c1-n0.1-m25,6,1,0.1,25,,-64.0052115259955
colosseum,925,successor_orc,,0.0,0.0,diffusion_curvature.successor.train.FBTrainer() got multiple values for keyword argument 'batch_size',d6-c1-n0.1-m25,6,1,0.1,25,,-64.0052115259955
colosseum,933,dc2,0.05503225326538086,1.91,,,d6-c1-n0.1-m33,6,1,0.1,33,,57.42955505549854
colosseum,933,dc_wasserstein_ollivier,0.7923072576522827,1.69,,,d6-c1-n0.1-m33,6,1,0.1,33,,57.42955505549854
colosseum,933,dc_entropic_subtraction,5.087797164916992,1.09,,,d6-c1-n0.1-m33,6,1,0.1,33,,57.42955505549854
colosseum,933,hickock,21.135978752661597,20.61,,,d6-c1-n0.1-m33,6,1,0.1,33,,57.42955505549854
colosseum,933,orc,-0.32661198222611865,2.32,,,d6-c1-n0.1-m33,6,1,0.1,33,,57.42955505549854
colosseum,933,spc_hop,,0.0,,,d6-c1-n0.1-m33,6,1,0.1,33,,57.42955505549854
colosseum,933,spc_diffusion_t5,,0.0,,,d6-c1-n0.1-m33,6,1,0.1,33,,57.42955505549854
colosseum,933,laziness_knn_t5,-6.34107780456543,0.12,,,d6-c1-n0.1-m33,6,1,0.1,33,,57.42955505549854
colosseum,933,laziness_adaptive_t5,-6.36161994934082,0.44,,,d6-c1-n0.1-m33,6,1,0.1,33,,57.42955505549854
colosseum,933,successor_entropy,,0.0,0.0,diffusion_curvature.successor.train.FBTrainer() got multiple values for keyword argument 'batch_size',d6-c1-n0.1-m33,6,1,0.1,33,,57.42955505549854
colosseum,933,successor_orc,,0.0,0.0,diffusion_curvature.successor.train.FBTrainer() got multiple values for keyword argument 'batch_size',d6-c1-n0.1-m33,6,1,0.1,33,,57.42955505549854
colosseum,941,dc2,-0.2120051383972168,1.94,,,d6-c1-n0.1-m41,6,1,0.1,41,,-20.354857953311072
colosseum,941,dc_wasserstein_ollivier,0.7278502583503723,1.74,,,d6-c1-n0.1-m41,6,1,0.1,41,,-20.354857953311072
colosseum,941,dc_entropic_subtraction,4.8695831298828125,1.09,,,d6-c1-n0.1-m41,6,1,0.1,41,,-20.354857953311072
colosseum,941,hickock,21.01734848199812,20.64,,,d6-c1-n0.1-m41,6,1,0.1,41,,-20.354857953311072
colosseum,941,orc,-0.3513660348117416,2.33,,,d6-c1-n0.1-m41,6,1,0.1,41,,-20.354857953311072
colosseum,941,spc_hop,,0.0,,,d6-c1-n0.1-m41,6,1,0.1,41,,-20.354857953311072
colosseum,941,spc_diffusion_t5,,0.0,,,d6-c1-n0.1-m41,6,1,0.1,41,,-20.354857953311072
colosseum,941,laziness_knn_t5,-6.6185431480407715,0.12,,,d6-c1-n0.1-m41,6,1,0.1,41,,-20.354857953311072
colosseum,941,laziness_adaptive_t5,-6.600275993347168,0.2,,,d6-c1-n0.1-m41,6,1,0.1,41,,-20.354857953311072
colosseum,941,successor_entropy,,0.0,0.0,diffusion_curvature.successor.train.FBTrainer() got multiple values for keyword argument 'batch_size',d6-c1-n0.1-m41,6,1,0.1,41,,-20.354857953311072
colosseum,941,successor_orc,,0.0,0.0,diffusion_curvature.successor.train.FBTrainer() got multiple values for keyword argument 'batch_size',d6-c1-n0.1-m41,6,1,0.1,41,,-20.354857953311072
colosseum,949,dc2,0.00953054428100586,1.25,,,d6-c1-n0.1-m49,6,1,0.1,49,,-59.08470983736915
colosseum,949,dc_wasserstein_ollivier,0.7381763458251953,1.73,,,d6-c1-n0.1-m49,6,1,0.1,49,,-59.08470983736915
colosseum,949,dc_entropic_subtraction,4.856173515319824,1.33,,,d6-c1-n0.1-m49,6,1,0.1,49,,-59.08470983736915
colosseum,949,hickock,21.12063834626249,20.54,,,d6-c1-n0.1-m49,6,1,0.1,49,,-59.08470983736915
colosseum,949,orc,-0.22193005036931873,2.29,,,d6-c1-n0.1-m49,6,1,0.1,49,,-59.08470983736915
colosseum,949,spc_hop,,0.0,,,d6-c1-n0.1-m49,6,1,0.1,49,,-59.08470983736915
colosseum,949,spc_diffusion_t5,,0.0,,,d6-c1-n0.1-m49,6,1,0.1,49,,-59.08470983736915
colosseum,949,laziness_knn_t5,-6.373568534851074,0.12,,,d6-c1-n0.1-m49,6,1,0.1,49,,-59.08470983736915
colosseum,949,laziness_adaptive_t5,-6.332246780395508,0.2,,,d6-c1-n0.1-m49,6,1,0.1,49,,-59.08470983736915
colosseum,949,successor_entropy,,0.0,0.0,diffusion_curvature.successor.train.FBTrainer() got multiple values for keyword argument 'batch_size',d6-c1-n0.1-m49,6,1,0.1,49,,-59.08470983736915
colosseum,949,successor_orc,,0.0,0.0,diffusion_curvature.successor.train.FBTrainer() got multiple values for keyword argument 'batch_size',d6-c1-n0.1-m49,6,1,0.1,49,,-59.08470983736915
colosseum,957,dc2,-1.3142919540405273,1.95,,,d6-c1-n0.2-m7,6,1,0.2,7,,-57.75601147325814
colosseum,957,dc_wasserstein_ollivier,0.7148219347000122,1.66,,,d6-c1-n0.2-m7,6,1,0.2,7,,-57.75601147325814
colosseum,957,dc_entropic_subtraction,4.289391994476318,1.08,,,d6-c1-n0.2-m7,6,1,0.2,7,,-57.75601147325814
colosseum,957,hickock,20.81861840809956,20.48,,,d6-c1-n0.2-m7,6,1,0.2,7,,-57.75601147325814
colosseum,957,orc,-0.256082528579656,2.33,,,d6-c1-n0.2-m7,6,1,0.2,7,,-57.75601147325814
colosseum,957,spc_hop,,0.0,,,d6-c1-n0.2-m7,6,1,0.2,7,,-57.75601147325814
colosseum,957,spc_diffusion_t5,,0.0,,,d6-c1-n0.2-m7,6,1,0.2,7,,-57.75601147325814
colosseum,957,laziness_knn_t5,-6.442397594451904,0.4,,,d6-c1-n0.2-m7,6,1,0.2,7,,-57.75601147325814
colosseum,957,laziness_adaptive_t5,-6.460992813110352,0.22,,,d6-c1-n0.2-m7,6,1,0.2,7,,-57.75601147325814
colosseum,957,successor_entropy,,0.0,0.0,diffusion_curvature.successor.train.FBTrainer() got multiple values for keyword argument 'batch_size',d6-c1-n0.2-m7,6,1,0.2,7,,-57.75601147325814
colosseum,957,successor_orc,,0.0,0.0,diffusion_curvature.successor.train.FBTrainer() got multiple values for keyword argument 'batch_size',d6-c1-n0.2-m7,6,1,0.2,7,,-57.75601147325814
colosseum,965,dc2,-0.7360284328460693,1.9,,,d6-c1-n0.2-m15,6,1,0.2,15,,25.70271695381959
colosseum,965,dc_wasserstein_ollivier,0.7532358169555664,1.68,,,d6-c1-n0.2-m15,6,1,0.2,15,,25.70271695381959
colosseum,965,dc_entropic_subtraction,4.877139091491699,1.07,,,d6-c1-n0.2-m15,6,1,0.2,15,,25.70271695381959
colosseum,965,hickock,20.857918219238208,20.59,,,d6-c1-n0.2-m15,6,1,0.2,15,,25.70271695381959
colosseum,965,orc,-0.33075672259141886,2.32,,,d6-c1-n0.2-m15,6,1,0.2,15,,25.70271695381959
colosseum,965,spc_hop,,0.0,,,d6-c1-n0.2-m15,6,1,0.2,15,,25.70271695381959
colosseum,965,spc_diffusion_t5,,0.0,,,d6-c1-n0.2-m15,6,1,0.2,15,,25.70271695381959
colosseum,965,laziness_knn_t5,-6.550207138061523,0.12,,,d6-c1-n0.2-m15,6,1,0.2,15,,25.70271695381959
colosseum,965,laziness_adaptive_t5,-6.556862831115723,0.22,,,d6-c1-n0.2-m15,6,1,0.2,15,,25.70271695381959
colosseum,965,successor_entropy,,0.0,0.0,diffusion_curvature.successor.train.FBTrainer() got multiple values for keyword argument 'batch_size',d6-c1-n0.2-m15,6,1,0.2,15,,25.70271695381959
colosseum,965,successor_orc,,0.0,0.0,diffusion_curvature.successor.train.FBTrainer() got multiple values for keyword argument 'batch_size',d6-c1-n0.2-m15,6,1,0.2,15,,25.70271695381959
colosseum,973,dc2,-1.5591106414794922,1.82,,,d6-c1-n0.2-m23,6,1,0.2,23,,-51.812858806718445
colosseum,973,dc_wasserstein_ollivier,0.7268290519714355,1.59,,,d6-c1-n0.2-m23,6,1,0.2,23,,-51.812858806718445
colosseum,973,dc_entropic_subtraction,4.3873724937438965,1.35,,,d6-c1-n0.2-m23,6,1,0.2,23,,-51.812858806718445
colosseum,973,hickock,20.753145563430664,20.63,,,d6-c1-n0.2-m23,6,1,0.2,23,,-51.812858806718445
colosseum,973,orc,-0.2851367904715949,2.29,,,d6-c1-n0.2-m23,6,1,0.2,23,,-51.812858806718445
colosseum,973,spc_hop,,0.0,,,d6-c1-n0.2-m23,6,1,0.2,23,,-51.812858806718445
colosseum,973,spc_diffusion_t5,,0.0,,,d6-c1-n0.2-m23,6,1,0.2,23,,-51.812858806718445
colosseum,973,laziness_knn_t5,-6.689692497253418,0.12,,,d6-c1-n0.2-m23,6,1,0.2,23,,-51.812858806718445
colosseum,973,laziness_adaptive_t5,-6.677586555480957,0.21,,,d6-c1-n0.2-m23,6,1,0.2,23,,-51.812858806718445
colosseum,973,successor_entropy,,0.0,0.0,diffusion_curvature.successor.train.FBTrainer() got multiple values for keyword argument 'batch_size',d6-c1-n0.2-m23,6,1,0.2,23,,-51.812858806718445
colosseum,973,successor_orc,,0.0,0.0,diffusion_curvature.successor.train.FBTrainer() got multiple values for keyword argument 'batch_size',d6-c1-n0.2-m23,6,1,0.2,23,,-51.812858806718445
colosseum,981,dc2,-0.9549765586853027,1.8,,,d6-c1-n0.2-m31,6,1,0.2,31,,-8.932673464473517
colosseum,981,dc_wasserstein_ollivier,0.7778560519218445,1.68,,,d6-c1-n0.2-m31,6,1,0.2,31,,-8.932673464473517
colosseum,981,dc_entropic_subtraction,5.245163917541504,1.09,,,d6-c1-n0.2-m31,6,1,0.2,31,,-8.932673464473517
colosseum,981,hickock,21.24006209933294,20.58,,,d6-c1-n0.2-m31,6,1,0.2,31,,-8.932673464473517
colosseum,981,orc,-0.3034892594763898,2.68,,,d6-c1-n0.2-m31,6,1,0.2,31,,-8.932673464473517
colosseum,981,spc_hop,,0.0,,,d6-c1-n0.2-m31,6,1,0.2,31,,-8.932673464473517
colosseum,981,spc_diffusion_t5,,0.0,,,d6-c1-n0.2-m31,6,1,0.2,31,,-8.932673464473517
colosseum,981,laziness_knn_t5,-6.48222541809082,0.12,,,d6-c1-n0.2-m31,6,1,0.2,31,,-8.932673464473517
colosseum,981,laziness_adaptive_t5,-6.440525531768799,0.19,,,d6-c1-n0.2-m31,6,1,0.2,31,,-8.932673464473517
colosseum,981,successor_entropy,,0.0,0.0,diffusion_curvature.successor.train.FBTrainer() got multiple values for keyword argument 'batch_size',d6-c1-n0.2-m31,6,1,0.2,31,,-8.932673464473517
colosseum,981,successor_orc,,0.0,0.0,diffusion_curvature.successor.train.FBTrainer() got multiple values for keyword argument 'batch_size',d6-c1-n0.2-m31,6,1,0.2,31,,-8.932673464473517
colosseum,989,dc2,-0.788818359375,1.79,,,d6-c1-n0.2-m39,6,1,0.2,39,,-98.28313992581573
colosseum,989,dc_wasserstein_ollivier,0.8728156089782715,1.65,,,d6-c1-n0.2-m39,6,1,0.2,39,,-98.28313992581573
colosseum,989,dc_entropic_subtraction,5.871643543243408,1.11,,,d6-c1-n0.2-m39,6,1,0.2,39,,-98.28313992581573
colosseum,989,hickock,21.242510907763545,20.48,,,d6-c1-n0.2-m39,6,1,0.2,39,,-98.28313992581573
colosseum,989,orc,-0.37822089209094245,2.34,,,d6-c1-n0.2-m39,6,1,0.2,39,,-98.28313992581573
colosseum,989,spc_hop,,0.0,,,d6-c1-n0.2-m39,6,1,0.2,39,,-98.28313992581573
colosseum,989,spc_diffusion_t5,,0.0,,,d6-c1-n0.2-m39,6,1,0.2,39,,-98.28313992581573
colosseum,989,laziness_knn_t5,-6.630126953125,0.13,,,d6-c1-n0.2-m39,6,1,0.2,39,,-98.28313992581573
colosseum,989,laziness_adaptive_t5,-6.5795793533325195,0.22,,,d6-c1-n0.2-m39,6,1,0.2,39,,-98.28313992581573
colosseum,989,successor_entropy,,0.0,0.0,diffusion_curvature.successor.train.FBTrainer() got multiple values for keyword argument 'batch_size',d6-c1-n0.2-m39,6,1,0.2,39,,-98.28313992581573
colosseum,989,successor_orc,,0.0,0.0,diffusion_curvature.successor.train.FBTrainer() got multiple values for keyword argument 'batch_size',d6-c1-n0.2-m39,6,1,0.2,39,,-98.28313992581573
colosseum,997,dc2,-1.2506399154663086,1.88,,,d6-c1-n0.2-m47,6,1,0.2,47,,-24.670443040368543
colosseum,997,dc_wasserstein_ollivier,0.523808479309082,2.03,,,d6-c1-n0.2-m47,6,1,0.2,47,,-24.670443040368543
colosseum,997,dc_entropic_subtraction,3.286558151245117,1.09,,,d6-c1-n0.2-m47,6,1,0.2,47,,-24.670443040368543
colosseum,997,hickock,20.69884728884973,20.62,,,d6-c1-n0.2-m47,6,1,0.2,47,,-24.670443040368543
colosseum,997,orc,-0.23792826069935602,2.34,,,d6-c1-n0.2-m47,6,1,0.2,47,,-24.670443040368543
colosseum,997,spc_hop,,0.0,,,d6-c1-n0.2-m47,6,1,0.2,47,,-24.670443040368543
colosseum,997,spc_diffusion_t5,,0.0,,,d6-c1-n0.2-m47,6,1,0.2,47,,-24.670443040368543
colosseum,997,laziness_knn_t5,-6.527152061462402,0.12,,,d6-c1-n0.2-m47,6,1,0.2,47,,-24.670443040368543
colosseum,997,laziness_adaptive_t5,-6.583846092224121,0.2,,,d6-c1-n0.2-m47,6,1,0.2,47,,-24.670443040368543
colosseum,997,successor_entropy,,0.0,0.0,diffusion_curvature.successor.train.FBTrainer() got multiple values for keyword argument 'batch_size',d6-c1-n0.2-m47,6,1,0.2,47,,-24.670443040368543
colosseum,997,successor_orc,,0.0,0.0,diffusion_curvature.successor.train.FBTrainer() got multiple values for keyword argument 'batch_size',d6-c1-n0.2-m47,6,1,0.2,47,,-24.670443040368543
