instance,n_traj,method,ks_hat,ks_hat_std,n_seeds_ok,coverage,eval_dist,elapsed_s,err,name,dim,codim,noise,m,ks_true
882,500,traj_dorc,0.1904366931197282,0.0,1,0.999,0.0,3.5,,d6-c1-n0.2-m12,6,1,0.2,12,-34.46401744692712
882,500,kmetric_dorc,0.2664000274453775,0.0281408009902923,4,0.999,0.0,353.8,,d6-c1-n0.2-m12,6,1,0.2,12,-34.46401744692712
882,500,fbkernel_orc,0.2790319194854437,0.0480505167357267,4,0.999,0.0,353.8,,d6-c1-n0.2-m12,6,1,0.2,12,-34.46401744692712
879,500,traj_dorc,0.2475059085546592,0.0,1,0.998,0.0,2.9,,d6-c1-n0.2-m9,6,1,0.2,9,-34.01810499140309
879,500,kmetric_dorc,0.3382138001085428,0.0736041424041836,4,0.998,0.0,350.9,,d6-c1-n0.2-m9,6,1,0.2,9,-34.01810499140309
879,500,fbkernel_orc,0.3114290985828903,0.0215191526860387,4,0.998,0.0,350.9,,d6-c1-n0.2-m9,6,1,0.2,9,-34.01810499140309
876,500,traj_dorc,0.2170291531877301,0.0,1,0.997,0.0,2.7,,d6-c1-n0.2-m6,6,1,0.2,6,-71.87814112792898
876,500,kmetric_dorc,0.2515140516932553,0.0188354497649363,4,0.997,0.0,345.0,,d6-c1-n0.2-m6,6,1,0.2,6,-71.87814112792898
876,500,fbkernel_orc,0.2560730908168653,0.0395497295004934,4,0.997,0.0,345.0,,d6-c1-n0.2-m6,6,1,0.2,6,-71.87814112792898
873,500,traj_dorc,0.167659821643372,0.0,1,0.998,0.0,3.0,,d6-c1-n0.2-m3,6,1,0.2,3,-50.45518735514644
873,500,kmetric_dorc,0.1933287961850675,0.0351166211536392,4,0.998,0.0,347.0,,d6-c1-n0.2-m3,6,1,0.2,3,-50.45518735514644
873,500,fbkernel_orc,0.2698847680060116,0.0285828885684436,4,0.998,0.0,347.0,,d6-c1-n0.2-m3,6,1,0.2,3,-50.45518735514644
870,500,traj_dorc,0.0972861945937616,0.0,1,0.995,0.0,2.7,,d6-c1-n0.2-m0,6,1,0.2,0,-34.693294949412
870,500,kmetric_dorc,0.2954223256801088,0.0388051150107083,4,0.995,0.0,342.0,,d6-c1-n0.2-m0,6,1,0.2,0,-34.693294949412
870,500,fbkernel_orc,0.2632035146688293,0.0352902869539713,4,0.995,0.0,342.0,,d6-c1-n0.2-m0,6,1,0.2,0,-34.693294949412
852,500,traj_dorc,0.1775577288459869,0.0,1,0.999,0.0,2.6,,d6-c1-n0.1-m12,6,1,0.1,12,-29.39241479183089
852,500,kmetric_dorc,0.3141657606514138,0.0314365834774088,4,0.999,0.0,336.8,,d6-c1-n0.1-m12,6,1,0.1,12,-29.39241479183089
852,500,fbkernel_orc,0.2622169526214209,0.0306356944195422,4,0.999,0.0,336.8,,d6-c1-n0.1-m12,6,1,0.1,12,-29.39241479183089
849,500,traj_dorc,0.2671072297097354,0.0,1,0.997,0.0,2.9,,d6-c1-n0.1-m9,6,1,0.1,9,-69.16244751925056
849,500,kmetric_dorc,0.3293215757025257,0.0455193021546787,4,0.997,0.0,338.3,,d6-c1-n0.1-m9,6,1,0.1,9,-69.16244751925056
849,500,fbkernel_orc,0.3437263678703019,0.028579807547818,4,0.997,0.0,338.3,,d6-c1-n0.1-m9,6,1,0.1,9,-69.16244751925056
846,500,traj_dorc,0.325281348841543,0.0,1,0.998,0.0,2.3,,d6-c1-n0.1-m6,6,1,0.1,6,68.02202730824673
846,500,kmetric_dorc,0.2985341972604348,0.0692219192009363,4,0.998,0.0,336.3,,d6-c1-n0.1-m6,6,1,0.1,6,68.02202730824673
846,500,fbkernel_orc,0.3242967717195292,0.0333234050640715,4,0.998,0.0,336.3,,d6-c1-n0.1-m6,6,1,0.1,6,68.02202730824673
843,500,traj_dorc,0.0731844333416743,0.0,1,0.997,0.0,2.9,,d6-c1-n0.1-m3,6,1,0.1,3,-67.23454284811166
843,500,kmetric_dorc,0.2845082671907157,0.0336095470800819,4,0.997,0.0,339.6,,d6-c1-n0.1-m3,6,1,0.1,3,-67.23454284811166
843,500,fbkernel_orc,0.2851435565219511,0.0325959502483636,4,0.997,0.0,339.6,,d6-c1-n0.1-m3,6,1,0.1,3,-67.23454284811166
840,500,traj_dorc,0.0801859041947501,0.0,1,0.996,0.0,3.4,,d6-c1-n0.1-m0,6,1,0.1,0,-39.57480106909405
840,500,kmetric_dorc,0.2984747253347566,0.0381555326392933,4,0.996,0.0,340.6,,d6-c1-n0.1-m0,6,1,0.1,0,-39.57480106909405
840,500,fbkernel_orc,0.3188004606552422,0.0173827626651032,4,0.996,0.0,340.6,,d6-c1-n0.1-m0,6,1,0.1,0,-39.57480106909405
822,500,traj_dorc,0.0825175947177673,0.0,1,0.995,0.0,2.6,,d6-c1-n0.05-m12,6,1,0.05,12,-7.917380679276863
822,500,kmetric_dorc,0.3029121104245424,0.0216017332358753,4,0.995,0.0,337.8,,d6-c1-n0.05-m12,6,1,0.05,12,-7.917380679276863
822,500,fbkernel_orc,0.2733118824749926,0.0536548788285597,4,0.995,0.0,337.8,,d6-c1-n0.05-m12,6,1,0.05,12,-7.917380679276863
819,500,traj_dorc,0.2576367667330104,0.0,1,0.996,0.0,3.0,,d6-c1-n0.05-m9,6,1,0.05,9,18.013705493536783
819,500,kmetric_dorc,0.2913335516601769,0.0510940012013591,4,0.996,0.0,335.3,,d6-c1-n0.05-m9,6,1,0.05,9,18.013705493536783
819,500,fbkernel_orc,0.3105140746385722,0.0198501665680415,4,0.996,0.0,335.3,,d6-c1-n0.05-m9,6,1,0.05,9,18.013705493536783
816,500,traj_dorc,0.2475976945097487,0.0,1,0.998,0.0,2.5,,d6-c1-n0.05-m6,6,1,0.05,6,20.366556504039107
816,500,kmetric_dorc,0.2954754209721812,0.0844157579949995,4,0.998,0.0,336.1,,d6-c1-n0.05-m6,6,1,0.05,6,20.366556504039107
816,500,fbkernel_orc,0.2790596690761014,0.0617004749822384,4,0.998,0.0,336.1,,d6-c1-n0.05-m6,6,1,0.05,6,20.366556504039107
813,500,traj_dorc,0.1413549554146969,0.0,1,0.997,0.0,2.9,,d6-c1-n0.05-m3,6,1,0.05,3,-23.29512109554493
813,500,kmetric_dorc,0.2698251195646925,0.0141459654536436,4,0.997,0.0,335.8,,d6-c1-n0.05-m3,6,1,0.05,3,-23.29512109554493
813,500,fbkernel_orc,0.2912244742673773,0.0393599818093561,4,0.997,0.0,335.8,,d6-c1-n0.05-m3,6,1,0.05,3,-23.29512109554493
810,500,traj_dorc,0.0918740233173485,0.0,1,0.994,0.0,3.3,,d6-c1-n0.05-m0,6,1,0.05,0,-50.04826371600894
810,500,kmetric_dorc,0.2888556252512573,0.0661656144473928,4,0.994,0.0,338.4,,d6-c1-n0.05-m0,6,1,0.05,0,-50.04826371600894
810,500,fbkernel_orc,0.3476068539279527,0.0340414252122954,4,0.994,0.0,338.4,,d6-c1-n0.05-m0,6,1,0.05,0,-50.04826371600894
792,500,traj_dorc,0.1122227100388867,0.0,1,0.996,0.0,2.7,,d6-c1-n0.01-m12,6,1,0.01,12,-38.33381100352402
792,500,kmetric_dorc,0.3273806580102731,0.0492947373685353,4,0.996,0.0,339.2,,d6-c1-n0.01-m12,6,1,0.01,12,-38.33381100352402
792,500,fbkernel_orc,0.3638319534380505,0.0411997026516636,4,0.996,0.0,339.2,,d6-c1-n0.01-m12,6,1,0.01,12,-38.33381100352402
789,500,traj_dorc,0.1985622226442411,0.0,1,0.997,0.0,2.6,,d6-c1-n0.01-m9,6,1,0.01,9,-43.329784414216405
789,500,kmetric_dorc,0.2571970032055908,0.0410547124499165,4,0.997,0.0,337.8,,d6-c1-n0.01-m9,6,1,0.01,9,-43.329784414216405
789,500,fbkernel_orc,0.3027548840495564,0.0306857023912299,4,0.997,0.0,337.8,,d6-c1-n0.01-m9,6,1,0.01,9,-43.329784414216405
786,500,traj_dorc,0.2764269835965912,0.0,1,0.999,0.0,2.5,,d6-c1-n0.01-m6,6,1,0.01,6,19.57578791881146
786,500,kmetric_dorc,0.2756469025121535,0.0603324248678072,4,0.999,0.0,336.7,,d6-c1-n0.01-m6,6,1,0.01,6,19.57578791881146
786,500,fbkernel_orc,0.3078411132656738,0.041723499959243,4,0.999,0.0,336.7,,d6-c1-n0.01-m6,6,1,0.01,6,19.57578791881146
783,500,traj_dorc,0.0798598033978592,0.0,1,0.999,0.0,3.2,,d6-c1-n0.01-m3,6,1,0.01,3,-42.99969305482514
783,500,kmetric_dorc,0.3555161437904645,0.0272262227509422,4,0.999,0.0,337.6,,d6-c1-n0.01-m3,6,1,0.01,3,-42.99969305482514
783,500,fbkernel_orc,0.3643927700142164,0.0442065754343883,4,0.999,0.0,337.6,,d6-c1-n0.01-m3,6,1,0.01,3,-42.99969305482514
780,500,traj_dorc,0.2823287241069629,0.0,1,0.998,0.0,3.1,,d6-c1-n0.01-m0,6,1,0.01,0,-45.54654777327077
780,500,kmetric_dorc,0.333218747387401,0.0119221171932372,4,0.998,0.0,342.0,,d6-c1-n0.01-m0,6,1,0.01,0,-45.54654777327077
780,500,fbkernel_orc,0.3256564682968704,0.0321067559943018,4,0.998,0.0,342.0,,d6-c1-n0.01-m0,6,1,0.01,0,-45.54654777327077
762,500,traj_dorc,-0.0340020459733402,0.0,1,0.995,0.0,2.8,,d5-c1-n0.2-m12,5,1,0.2,12,-19.633812002494803
762,500,kmetric_dorc,0.2049322389044436,0.0253739443852009,4,0.995,0.0,343.4,,d5-c1-n0.2-m12,5,1,0.2,12,-19.633812002494803
762,500,fbkernel_orc,0.1950323768513188,0.0223136004061842,4,0.995,0.0,343.4,,d5-c1-n0.2-m12,5,1,0.2,12,-19.633812002494803
759,500,traj_dorc,0.2789151972294221,0.0,1,0.995,0.0,2.7,,d5-c1-n0.2-m9,5,1,0.2,9,-18.93721874462364
759,500,kmetric_dorc,0.2993950067150946,0.011915089916295,4,0.995,0.0,343.2,,d5-c1-n0.2-m9,5,1,0.2,9,-18.93721874462364
759,500,fbkernel_orc,0.3080695367206164,0.0138759672717588,4,0.995,0.0,343.2,,d5-c1-n0.2-m9,5,1,0.2,9,-18.93721874462364
756,500,traj_dorc,0.2950814728622117,0.0,1,0.998,0.0,2.4,,d5-c1-n0.2-m6,5,1,0.2,6,-36.6631065153695
756,500,kmetric_dorc,0.2970585367306084,0.0308314923520833,4,0.998,0.0,342.9,,d5-c1-n0.2-m6,5,1,0.2,6,-36.6631065153695
756,500,fbkernel_orc,0.2740071616783503,0.0235835083335116,4,0.998,0.0,342.9,,d5-c1-n0.2-m6,5,1,0.2,6,-36.6631065153695
753,500,traj_dorc,0.0427152736761267,0.0,1,0.996,0.0,3.1,,d5-c1-n0.2-m3,5,1,0.2,3,-27.36167081917381
753,500,kmetric_dorc,0.2258460893816739,0.0135641612331929,4,0.996,0.0,339.7,,d5-c1-n0.2-m3,5,1,0.2,3,-27.36167081917381
753,500,fbkernel_orc,0.1844379725553161,0.0449474331258509,4,0.996,0.0,339.7,,d5-c1-n0.2-m3,5,1,0.2,3,-27.36167081917381
750,500,traj_dorc,0.2280540802194692,0.0,1,0.996,0.0,3.0,,d5-c1-n0.2-m0,5,1,0.2,0,-64.8943072100459
750,500,kmetric_dorc,0.2080385655563374,0.049736513527474,4,0.996,0.0,332.6,,d5-c1-n0.2-m0,5,1,0.2,0,-64.8943072100459
750,500,fbkernel_orc,0.1280243193405894,0.0394528671290476,4,0.996,0.0,332.6,,d5-c1-n0.2-m0,5,1,0.2,0,-64.8943072100459
732,500,traj_dorc,-0.055992893352421,0.0,1,0.995,0.0,2.8,,d5-c1-n0.1-m12,5,1,0.1,12,-36.76476047112881
732,500,kmetric_dorc,0.2896379250495347,0.0520920372644229,4,0.995,0.0,321.0,,d5-c1-n0.1-m12,5,1,0.1,12,-36.76476047112881
732,500,fbkernel_orc,0.2619464821640498,0.0439901995239083,4,0.995,0.0,321.0,,d5-c1-n0.1-m12,5,1,0.1,12,-36.76476047112881
729,500,traj_dorc,0.1430741678124628,0.0,1,0.994,0.0,2.4,,d5-c1-n0.1-m9,5,1,0.1,9,12.657273566920678
729,500,kmetric_dorc,0.2852867799064159,0.0118395233512474,4,0.994,0.0,317.3,,d5-c1-n0.1-m9,5,1,0.1,9,12.657273566920678
729,500,fbkernel_orc,0.3643566856491432,0.016344681060376,4,0.994,0.0,317.3,,d5-c1-n0.1-m9,5,1,0.1,9,12.657273566920678
726,500,traj_dorc,0.1673606193467339,0.0,1,0.998,0.0,3.1,,d5-c1-n0.1-m6,5,1,0.1,6,-27.36501286887357
726,500,kmetric_dorc,0.2734698053339723,0.0275203304825745,4,0.998,0.0,315.8,,d5-c1-n0.1-m6,5,1,0.1,6,-27.36501286887357
726,500,fbkernel_orc,0.2778168967558866,0.0625317746528524,4,0.998,0.0,315.8,,d5-c1-n0.1-m6,5,1,0.1,6,-27.36501286887357
723,500,traj_dorc,0.0490002459265551,0.0,1,0.998,0.0,2.9,,d5-c1-n0.1-m3,5,1,0.1,3,-39.1042194433172
723,500,kmetric_dorc,0.2322866299367279,0.0503437151801865,4,0.998,0.0,319.4,,d5-c1-n0.1-m3,5,1,0.1,3,-39.1042194433172
723,500,fbkernel_orc,0.1920690910073676,0.0364659715551423,4,0.998,0.0,319.4,,d5-c1-n0.1-m3,5,1,0.1,3,-39.1042194433172
720,500,traj_dorc,0.1626736437926554,0.0,1,0.997,0.0,2.5,,d5-c1-n0.1-m0,5,1,0.1,0,9.58742063848517
720,500,kmetric_dorc,0.2562036664523369,0.0440215402184856,4,0.997,0.0,316.1,,d5-c1-n0.1-m0,5,1,0.1,0,9.58742063848517
720,500,fbkernel_orc,0.272594021984599,0.0525228131345156,4,0.997,0.0,316.1,,d5-c1-n0.1-m0,5,1,0.1,0,9.58742063848517
702,500,traj_dorc,0.2026241055507856,0.0,1,0.998,0.0,2.5,,d5-c1-n0.05-m12,5,1,0.05,12,-8.094765280509788
702,500,kmetric_dorc,0.2700435524820932,0.0130383235036095,4,0.998,0.0,318.8,,d5-c1-n0.05-m12,5,1,0.05,12,-8.094765280509788
702,500,fbkernel_orc,0.2427837329023259,0.0303885359975078,4,0.998,0.0,318.8,,d5-c1-n0.05-m12,5,1,0.05,12,-8.094765280509788
699,500,traj_dorc,0.1978041193680112,0.0,1,0.996,0.0,2.6,,d5-c1-n0.05-m9,5,1,0.05,9,-33.03765356029634
699,500,kmetric_dorc,0.3282573269477474,0.0195742710833696,4,0.996,0.0,317.9,,d5-c1-n0.05-m9,5,1,0.05,9,-33.03765356029634
699,500,fbkernel_orc,0.2746678286594416,0.0433039885324397,4,0.996,0.0,317.9,,d5-c1-n0.05-m9,5,1,0.05,9,-33.03765356029634
696,500,traj_dorc,0.0337719225617573,0.0,1,0.995,0.0,2.8,,d5-c1-n0.05-m6,5,1,0.05,6,-11.136468161274196
696,500,kmetric_dorc,0.1421055709820351,0.0375077973975473,4,0.995,0.0,321.8,,d5-c1-n0.05-m6,5,1,0.05,6,-11.136468161274196
696,500,fbkernel_orc,0.161537164151673,0.0224481463256288,4,0.995,0.0,321.8,,d5-c1-n0.05-m6,5,1,0.05,6,-11.136468161274196
693,500,traj_dorc,0.0356486687269802,0.0,1,0.998,0.0,2.8,,d5-c1-n0.05-m3,5,1,0.05,3,-16.703636368602854
693,500,kmetric_dorc,0.2600511613438229,0.0291478335605844,4,0.998,0.0,327.8,,d5-c1-n0.05-m3,5,1,0.05,3,-16.703636368602854
693,500,fbkernel_orc,0.2699360055509188,0.0322316712366419,4,0.998,0.0,327.8,,d5-c1-n0.05-m3,5,1,0.05,3,-16.703636368602854
690,500,traj_dorc,0.1592928714036261,0.0,1,0.997,0.0,2.5,,d5-c1-n0.05-m0,5,1,0.05,0,19.46385767445848
690,500,kmetric_dorc,0.2791062863905444,0.0305270673103689,4,0.997,0.0,321.8,,d5-c1-n0.05-m0,5,1,0.05,0,19.46385767445848
690,500,fbkernel_orc,0.288169259017961,0.0192231822497348,4,0.997,0.0,321.8,,d5-c1-n0.05-m0,5,1,0.05,0,19.46385767445848
672,500,traj_dorc,0.1633792231708102,0.0,1,0.998,0.0,2.5,,d5-c1-n0.01-m12,5,1,0.01,12,4.810311591502766
672,500,kmetric_dorc,0.2960114048608029,0.0270670144040674,4,0.998,0.0,318.5,,d5-c1-n0.01-m12,5,1,0.01,12,4.810311591502766
672,500,fbkernel_orc,0.2998783201783103,0.0641030983867203,4,0.998,0.0,318.5,,d5-c1-n0.01-m12,5,1,0.01,12,4.810311591502766
883,500,traj_dorc,-0.0721777826988461,0.0,1,0.997,0.0,3.3,,d6-c1-n0.2-m13,6,1,0.2,13,-26.5858890924547
883,500,kmetric_dorc,0.2701029252652576,0.0481475373880707,4,0.997,0.0,352.3,,d6-c1-n0.2-m13,6,1,0.2,13,-26.5858890924547
883,500,fbkernel_orc,0.2832402205209324,0.025622683730685,4,0.997,0.0,352.3,,d6-c1-n0.2-m13,6,1,0.2,13,-26.5858890924547
880,500,traj_dorc,0.1861565294658786,0.0,1,0.997,0.0,3.2,,d6-c1-n0.2-m10,6,1,0.2,10,76.14894406390464
880,500,kmetric_dorc,0.3602114064955003,0.0313961143042378,4,0.997,0.0,346.6,,d6-c1-n0.2-m10,6,1,0.2,10,76.14894406390464
880,500,fbkernel_orc,0.1867741373274919,0.0198408675084038,4,0.997,0.0,346.6,,d6-c1-n0.2-m10,6,1,0.2,10,76.14894406390464
877,500,traj_dorc,0.089222195939154,0.0,1,0.997,0.0,2.6,,d6-c1-n0.2-m7,6,1,0.2,7,-36.88598049578116
877,500,kmetric_dorc,0.234810622131742,0.0273299227762517,4,0.997,0.0,344.5,,d6-c1-n0.2-m7,6,1,0.2,7,-36.88598049578116
877,500,fbkernel_orc,0.220572666641967,0.0376230652516655,4,0.997,0.0,344.5,,d6-c1-n0.2-m7,6,1,0.2,7,-36.88598049578116
874,500,traj_dorc,0.2664369622827518,0.0,1,0.994,0.0,2.9,,d6-c1-n0.2-m4,6,1,0.2,4,-3.968806191274376
874,500,kmetric_dorc,0.3434694773473964,0.0664012354593718,4,0.994,0.0,340.5,,d6-c1-n0.2-m4,6,1,0.2,4,-3.968806191274376
874,500,fbkernel_orc,0.2647322748199571,0.029966264151839,4,0.994,0.0,340.5,,d6-c1-n0.2-m4,6,1,0.2,4,-3.968806191274376
871,500,traj_dorc,0.1745031544237344,0.0,1,0.998,0.0,2.7,,d6-c1-n0.2-m1,6,1,0.2,1,0.935435246704639
871,500,kmetric_dorc,0.2716054649638915,0.0152728056865916,4,0.998,0.0,333.8,,d6-c1-n0.2-m1,6,1,0.2,1,0.935435246704639
871,500,fbkernel_orc,0.269877445465309,0.0444764104430346,4,0.998,0.0,333.8,,d6-c1-n0.2-m1,6,1,0.2,1,0.935435246704639
853,500,traj_dorc,-0.0112765067551759,0.0,1,0.998,0.0,2.9,,d6-c1-n0.1-m13,6,1,0.1,13,-28.91830997833552
853,500,kmetric_dorc,0.3057092636687526,0.0410557137649802,4,0.998,0.0,326.9,,d6-c1-n0.1-m13,6,1,0.1,13,-28.91830997833552
853,500,fbkernel_orc,0.2804600300949937,0.0315274601197896,4,0.998,0.0,326.9,,d6-c1-n0.1-m13,6,1,0.1,13,-28.91830997833552
850,500,traj_dorc,0.2618229733175398,0.0,1,0.998,0.0,2.4,,d6-c1-n0.1-m10,6,1,0.1,10,36.32813350240218
850,500,kmetric_dorc,0.4118567403970492,0.0365223076377546,4,0.998,0.0,311.6,,d6-c1-n0.1-m10,6,1,0.1,10,36.32813350240218
850,500,fbkernel_orc,0.3367439105420466,0.0319971589324979,4,0.998,0.0,311.6,,d6-c1-n0.1-m10,6,1,0.1,10,36.32813350240218
847,500,traj_dorc,0.2212125302939343,0.0,1,0.998,0.0,2.6,,d6-c1-n0.1-m7,6,1,0.1,7,-52.04537163029244
847,500,kmetric_dorc,0.2772018563561876,0.0288367029875342,4,0.998,0.0,317.0,,d6-c1-n0.1-m7,6,1,0.1,7,-52.04537163029244
847,500,fbkernel_orc,0.3117347691183785,0.0235145941999276,4,0.998,0.0,317.0,,d6-c1-n0.1-m7,6,1,0.1,7,-52.04537163029244
844,500,traj_dorc,0.1959353778747286,0.0,1,0.997,0.0,2.7,,d6-c1-n0.1-m4,6,1,0.1,4,-51.41557026855955
844,500,kmetric_dorc,0.2696696248363873,0.0290999536877099,4,0.997,0.0,317.5,,d6-c1-n0.1-m4,6,1,0.1,4,-51.41557026855955
844,500,fbkernel_orc,0.3327172072087276,0.0673134268272871,4,0.997,0.0,317.5,,d6-c1-n0.1-m4,6,1,0.1,4,-51.41557026855955
841,500,traj_dorc,0.2675263925102306,0.0,1,0.999,0.0,2.6,,d6-c1-n0.1-m1,6,1,0.1,1,-28.27057085781108
841,500,kmetric_dorc,0.3670043281413127,0.0748529275263685,4,0.999,0.0,312.2,,d6-c1-n0.1-m1,6,1,0.1,1,-28.27057085781108
841,500,fbkernel_orc,0.3341605642259412,0.0281882554790641,4,0.999,0.0,312.2,,d6-c1-n0.1-m1,6,1,0.1,1,-28.27057085781108
823,500,traj_dorc,0.3583448692735358,0.0,1,0.996,0.0,2.5,,d6-c1-n0.05-m13,6,1,0.05,13,-71.9194356359564
823,500,kmetric_dorc,0.2847474767406981,0.0200639614433204,4,0.996,0.0,313.3,,d6-c1-n0.05-m13,6,1,0.05,13,-71.9194356359564
823,500,fbkernel_orc,0.35168076019262,0.0181299306248073,4,0.996,0.0,313.3,,d6-c1-n0.05-m13,6,1,0.05,13,-71.9194356359564
820,500,traj_dorc,0.1319527344200889,0.0,1,0.999,0.0,2.8,,d6-c1-n0.05-m10,6,1,0.05,10,-44.84909729317228
820,500,kmetric_dorc,0.2895543640656156,0.0304364340081044,4,0.999,0.0,317.8,,d6-c1-n0.05-m10,6,1,0.05,10,-44.84909729317228
820,500,fbkernel_orc,0.2612259968748525,0.0335092072330535,4,0.999,0.0,317.8,,d6-c1-n0.05-m10,6,1,0.05,10,-44.84909729317228
817,500,traj_dorc,0.1593034271156777,0.0,1,0.998,0.0,2.7,,d6-c1-n0.05-m7,6,1,0.05,7,-12.910662028844692
817,500,kmetric_dorc,0.2598902526874036,0.031207242014806,4,0.998,0.0,318.9,,d6-c1-n0.05-m7,6,1,0.05,7,-12.910662028844692
817,500,fbkernel_orc,0.3490725590677431,0.0172874742531513,4,0.998,0.0,318.9,,d6-c1-n0.05-m7,6,1,0.05,7,-12.910662028844692
814,500,traj_dorc,0.2016858256137028,0.0,1,0.998,0.0,2.8,,d6-c1-n0.05-m4,6,1,0.05,4,-47.9480359713048
814,500,kmetric_dorc,0.3414364918318868,0.0368093146331892,4,0.998,0.0,317.5,,d6-c1-n0.05-m4,6,1,0.05,4,-47.9480359713048
814,500,fbkernel_orc,0.3495106172497299,0.0255635956000183,4,0.998,0.0,317.5,,d6-c1-n0.05-m4,6,1,0.05,4,-47.9480359713048
811,500,traj_dorc,0.2293759983789168,0.0,1,0.996,0.0,2.7,,d6-c1-n0.05-m1,6,1,0.05,1,-48.29800862013458
811,500,kmetric_dorc,0.288903022641538,0.0377255972350305,4,0.996,0.0,315.2,,d6-c1-n0.05-m1,6,1,0.05,1,-48.29800862013458
811,500,fbkernel_orc,0.3262399196156024,0.0136578035711575,4,0.996,0.0,315.2,,d6-c1-n0.05-m1,6,1,0.05,1,-48.29800862013458
793,500,traj_dorc,0.2258238206740048,0.0,1,0.999,0.0,2.7,,d6-c1-n0.01-m13,6,1,0.01,13,-76.44652684559905
793,500,kmetric_dorc,0.3559933057416511,0.0600401128987924,4,0.999,0.0,315.2,,d6-c1-n0.01-m13,6,1,0.01,13,-76.44652684559905
793,500,fbkernel_orc,0.3174152934160486,0.0163219773270041,4,0.999,0.0,315.2,,d6-c1-n0.01-m13,6,1,0.01,13,-76.44652684559905
790,500,traj_dorc,0.2635154738061084,0.0,1,0.995,0.0,2.7,,d6-c1-n0.01-m10,6,1,0.01,10,-54.921670100446896
790,500,kmetric_dorc,0.2982284734035065,0.053146830954625,4,0.995,0.0,314.2,,d6-c1-n0.01-m10,6,1,0.01,10,-54.921670100446896
790,500,fbkernel_orc,0.3010737067698945,0.0383943419753936,4,0.995,0.0,314.2,,d6-c1-n0.01-m10,6,1,0.01,10,-54.921670100446896
787,500,traj_dorc,0.1537404961447667,0.0,1,0.998,0.0,2.8,,d6-c1-n0.01-m7,6,1,0.01,7,-45.17999519324027
787,500,kmetric_dorc,0.3323750048250664,0.0367560505411144,4,0.998,0.0,318.4,,d6-c1-n0.01-m7,6,1,0.01,7,-45.17999519324027
787,500,fbkernel_orc,0.3412360183494427,0.0224243459072698,4,0.998,0.0,318.4,,d6-c1-n0.01-m7,6,1,0.01,7,-45.17999519324027
784,500,traj_dorc,0.1796580868520192,0.0,1,0.998,0.0,2.8,,d6-c1-n0.01-m4,6,1,0.01,4,-71.27016179316198
784,500,kmetric_dorc,0.3403006598187492,0.0434147067864204,4,0.998,0.0,318.8,,d6-c1-n0.01-m4,6,1,0.01,4,-71.27016179316198
784,500,fbkernel_orc,0.3723895093909155,0.0250794941338025,4,0.998,0.0,318.8,,d6-c1-n0.01-m4,6,1,0.01,4,-71.27016179316198
781,500,traj_dorc,0.1322361770425892,0.0,1,0.997,0.0,3.0,,d6-c1-n0.01-m1,6,1,0.01,1,2.310630032127137
781,500,kmetric_dorc,0.332873153158396,0.0220876454925077,4,0.997,0.0,330.1,,d6-c1-n0.01-m1,6,1,0.01,1,2.310630032127137
781,500,fbkernel_orc,0.3457637803374055,0.0542205316558564,4,0.997,0.0,330.1,,d6-c1-n0.01-m1,6,1,0.01,1,2.310630032127137
763,500,traj_dorc,0.2855802902031515,0.0,1,0.996,0.0,2.6,,d5-c1-n0.2-m13,5,1,0.2,13,-28.47551290508757
763,500,kmetric_dorc,0.266571037795976,0.0365903129108984,4,0.996,0.0,336.1,,d5-c1-n0.2-m13,5,1,0.2,13,-28.47551290508757
763,500,fbkernel_orc,0.2539931518429367,0.0570290751567922,4,0.996,0.0,336.1,,d5-c1-n0.2-m13,5,1,0.2,13,-28.47551290508757
760,500,traj_dorc,0.0563594351092427,0.0,1,0.997,0.0,2.9,,d5-c1-n0.2-m10,5,1,0.2,10,-38.9177710392795
760,500,kmetric_dorc,0.2549666433611354,0.0078331728370319,4,0.997,0.0,341.5,,d5-c1-n0.2-m10,5,1,0.2,10,-38.9177710392795
760,500,fbkernel_orc,0.2761145752622177,0.0329206440610184,4,0.997,0.0,341.5,,d5-c1-n0.2-m10,5,1,0.2,10,-38.9177710392795
757,500,traj_dorc,0.1024250685351834,0.0,1,0.996,0.0,2.6,,d5-c1-n0.2-m7,5,1,0.2,7,-29.417968211109795
757,500,kmetric_dorc,0.246636326388469,0.0343590084454925,4,0.996,0.0,342.4,,d5-c1-n0.2-m7,5,1,0.2,7,-29.417968211109795
757,500,fbkernel_orc,0.2496213697400128,0.0191793511341695,4,0.996,0.0,342.4,,d5-c1-n0.2-m7,5,1,0.2,7,-29.417968211109795
754,500,traj_dorc,0.244351836494862,0.0,1,0.996,0.0,2.5,,d5-c1-n0.2-m4,5,1,0.2,4,-4.946768816439207
754,500,kmetric_dorc,0.2347899160971338,0.0263319044708788,4,0.996,0.0,343.1,,d5-c1-n0.2-m4,5,1,0.2,4,-4.946768816439207
754,500,fbkernel_orc,0.2253169981044221,0.0590851452906837,4,0.996,0.0,343.1,,d5-c1-n0.2-m4,5,1,0.2,4,-4.946768816439207
751,500,traj_dorc,0.0960617810926316,0.0,1,0.997,0.0,2.8,,d5-c1-n0.2-m1,5,1,0.2,1,-19.136262533696787
751,500,kmetric_dorc,0.2090565371602327,0.0278444983359838,4,0.997,0.0,344.6,,d5-c1-n0.2-m1,5,1,0.2,1,-19.136262533696787
751,500,fbkernel_orc,0.2075417940629975,0.0318223962677846,4,0.997,0.0,344.6,,d5-c1-n0.2-m1,5,1,0.2,1,-19.136262533696787
733,500,traj_dorc,0.0891289609009235,0.0,1,0.998,0.0,2.8,,d5-c1-n0.1-m13,5,1,0.1,13,-36.53140813846787
733,500,kmetric_dorc,0.3313808471728293,0.0405426474414449,4,0.998,0.0,341.5,,d5-c1-n0.1-m13,5,1,0.1,13,-36.53140813846787
733,500,fbkernel_orc,0.2734107734152471,0.0277645340725349,4,0.998,0.0,341.5,,d5-c1-n0.1-m13,5,1,0.1,13,-36.53140813846787
730,500,traj_dorc,0.2070390827753777,0.0,1,0.997,0.0,2.9,,d5-c1-n0.1-m10,5,1,0.1,10,-67.17285898139227
730,500,kmetric_dorc,0.2856823014888681,0.0319047461059117,4,0.997,0.0,337.0,,d5-c1-n0.1-m10,5,1,0.1,10,-67.17285898139227
730,500,fbkernel_orc,0.2928760608249567,0.0565762136067057,4,0.997,0.0,337.0,,d5-c1-n0.1-m10,5,1,0.1,10,-67.17285898139227
727,500,traj_dorc,0.2113177748264393,0.0,1,0.997,0.0,2.4,,d5-c1-n0.1-m7,5,1,0.1,7,-20.20522058544134
727,500,kmetric_dorc,0.2753480101944845,0.0563143987685039,4,0.997,0.0,339.6,,d5-c1-n0.1-m7,5,1,0.1,7,-20.20522058544134
727,500,fbkernel_orc,0.3169029430334229,0.034591789705939,4,0.997,0.0,339.6,,d5-c1-n0.1-m7,5,1,0.1,7,-20.20522058544134
724,500,traj_dorc,0.145693108039141,0.0,1,0.998,0.0,2.6,,d5-c1-n0.1-m4,5,1,0.1,4,-53.95304602005903
724,500,kmetric_dorc,0.2759464585661749,0.0775176332353218,4,0.998,0.0,336.5,,d5-c1-n0.1-m4,5,1,0.1,4,-53.95304602005903
724,500,fbkernel_orc,0.2511708428119317,0.0423737362901921,4,0.998,0.0,336.5,,d5-c1-n0.1-m4,5,1,0.1,4,-53.95304602005903
721,500,traj_dorc,0.2625460146784503,0.0,1,0.998,0.0,2.2,,d5-c1-n0.1-m1,5,1,0.1,1,55.01886922438137
721,500,kmetric_dorc,0.2769472246726185,0.0659063459442372,4,0.998,0.0,334.4,,d5-c1-n0.1-m1,5,1,0.1,1,55.01886922438137
721,500,fbkernel_orc,0.2555298065478477,0.024729972287526,4,0.998,0.0,334.4,,d5-c1-n0.1-m1,5,1,0.1,1,55.01886922438137
703,500,traj_dorc,0.1676402326425551,0.0,1,0.997,0.0,2.7,,d5-c1-n0.05-m13,5,1,0.05,13,6.3932786146544505
703,500,kmetric_dorc,0.3362779744080214,0.0128810896300781,4,0.997,0.0,337.7,,d5-c1-n0.05-m13,5,1,0.05,13,6.3932786146544505
703,500,fbkernel_orc,0.3895777545643967,0.0333033425839007,4,0.997,0.0,337.7,,d5-c1-n0.05-m13,5,1,0.05,13,6.3932786146544505
700,500,traj_dorc,0.2052266740556183,0.0,1,0.996,0.0,2.4,,d5-c1-n0.05-m10,5,1,0.05,10,-62.894655678803616
700,500,kmetric_dorc,0.2952325350907591,0.0370816573166669,4,0.996,0.0,333.7,,d5-c1-n0.05-m10,5,1,0.05,10,-62.894655678803616
700,500,fbkernel_orc,0.2229318501688023,0.0213148240113227,4,0.996,0.0,333.7,,d5-c1-n0.05-m10,5,1,0.05,10,-62.894655678803616
697,500,traj_dorc,0.0153317988146913,0.0,1,0.997,0.0,2.8,,d5-c1-n0.05-m7,5,1,0.05,7,-19.7446786444012
697,500,kmetric_dorc,0.2650177189009667,0.0377178675994501,4,0.997,0.0,334.4,,d5-c1-n0.05-m7,5,1,0.05,7,-19.7446786444012
697,500,fbkernel_orc,0.193263149537062,0.0276807357542774,4,0.997,0.0,334.4,,d5-c1-n0.05-m7,5,1,0.05,7,-19.7446786444012
694,500,traj_dorc,0.2790152300357473,0.0,1,0.999,0.0,2.2,,d5-c1-n0.05-m4,5,1,0.05,4,54.88132514320018
694,500,kmetric_dorc,0.2551523891044371,0.0307741156912312,4,0.999,0.0,329.6,,d5-c1-n0.05-m4,5,1,0.05,4,54.88132514320018
694,500,fbkernel_orc,0.2057184616200404,0.0242621559578363,4,0.999,0.0,329.6,,d5-c1-n0.05-m4,5,1,0.05,4,54.88132514320018
691,500,traj_dorc,0.0228102150869407,0.0,1,0.998,0.0,2.9,,d5-c1-n0.05-m1,5,1,0.05,1,-16.171144702457998
691,500,kmetric_dorc,0.2930962052334365,0.0284122206440408,4,0.998,0.0,333.9,,d5-c1-n0.05-m1,5,1,0.05,1,-16.171144702457998
691,500,fbkernel_orc,0.2705736343455772,0.0070669938620837,4,0.998,0.0,333.9,,d5-c1-n0.05-m1,5,1,0.05,1,-16.171144702457998
673,500,traj_dorc,0.1231871802952755,0.0,1,0.998,0.0,3.2,,d5-c1-n0.01-m13,5,1,0.01,13,-29.827358750792463
673,500,kmetric_dorc,0.2505099263217891,0.0405794818958103,4,0.998,0.0,336.0,,d5-c1-n0.01-m13,5,1,0.01,13,-29.827358750792463
673,500,fbkernel_orc,0.3387305448731565,0.0312008099918372,4,0.998,0.0,336.0,,d5-c1-n0.01-m13,5,1,0.01,13,-29.827358750792463
884,500,traj_dorc,0.0355662983393356,0.0,1,0.996,0.0,3.6,,d6-c1-n0.2-m14,6,1,0.2,14,-48.22651622007661
884,500,kmetric_dorc,0.3189884212417061,0.0449600603722216,4,0.996,0.0,353.1,,d6-c1-n0.2-m14,6,1,0.2,14,-48.22651622007661
884,500,fbkernel_orc,0.2850086087417525,0.0434436538110205,4,0.996,0.0,353.1,,d6-c1-n0.2-m14,6,1,0.2,14,-48.22651622007661
881,500,traj_dorc,0.1857034666302206,0.0,1,0.997,0.0,3.0,,d6-c1-n0.2-m11,6,1,0.2,11,-26.701955637154743
881,500,kmetric_dorc,0.3220387467137137,0.0166330341410397,4,0.997,0.0,350.6,,d6-c1-n0.2-m11,6,1,0.2,11,-26.701955637154743
881,500,fbkernel_orc,0.2742052206773923,0.0481606525440936,4,0.997,0.0,350.6,,d6-c1-n0.2-m11,6,1,0.2,11,-26.701955637154743
878,500,traj_dorc,0.1852132493146189,0.0,1,0.999,0.0,2.9,,d6-c1-n0.2-m8,6,1,0.2,8,-31.98985941612672
878,500,kmetric_dorc,0.265928410917818,0.0339131812710116,4,0.999,0.0,345.7,,d6-c1-n0.2-m8,6,1,0.2,8,-31.98985941612672
878,500,fbkernel_orc,0.2856638669371056,0.0315540865554788,4,0.999,0.0,345.7,,d6-c1-n0.2-m8,6,1,0.2,8,-31.98985941612672
875,500,traj_dorc,0.2422043501904045,0.0,1,0.997,0.0,2.9,,d6-c1-n0.2-m5,6,1,0.2,5,-49.26458148457658
875,500,kmetric_dorc,0.3366971334844049,0.0664427272856128,4,0.997,0.0,344.6,,d6-c1-n0.2-m5,6,1,0.2,5,-49.26458148457658
875,500,fbkernel_orc,0.2667907362100851,0.0544215626604872,4,0.997,0.0,344.6,,d6-c1-n0.2-m5,6,1,0.2,5,-49.26458148457658
872,500,traj_dorc,0.1270938544725183,0.0,1,0.996,0.0,2.7,,d6-c1-n0.2-m2,6,1,0.2,2,-31.49232593408417
872,500,kmetric_dorc,0.2557754996589889,0.0461384970022004,4,0.996,0.0,341.5,,d6-c1-n0.2-m2,6,1,0.2,2,-31.49232593408417
872,500,fbkernel_orc,0.2726089936767874,0.0160231823390901,4,0.996,0.0,341.5,,d6-c1-n0.2-m2,6,1,0.2,2,-31.49232593408417
854,500,traj_dorc,0.2280024739137548,0.0,1,0.998,0.0,2.8,,d6-c1-n0.1-m14,6,1,0.1,14,-26.73210065400279
854,500,kmetric_dorc,0.3881945817097377,0.0822688982820907,4,0.998,0.0,337.5,,d6-c1-n0.1-m14,6,1,0.1,14,-26.73210065400279
854,500,fbkernel_orc,0.3428738482423913,0.0249538884000976,4,0.998,0.0,337.5,,d6-c1-n0.1-m14,6,1,0.1,14,-26.73210065400279
851,500,traj_dorc,0.1991899839755543,0.0,1,0.997,0.0,2.8,,d6-c1-n0.1-m11,6,1,0.1,11,-9.528899156859143
851,500,kmetric_dorc,0.3555528273017729,0.0330250344090434,4,0.997,0.0,338.0,,d6-c1-n0.1-m11,6,1,0.1,11,-9.528899156859143
851,500,fbkernel_orc,0.3275786933971618,0.0389220054393714,4,0.997,0.0,338.0,,d6-c1-n0.1-m11,6,1,0.1,11,-9.528899156859143
848,500,traj_dorc,0.1672425082098599,0.0,1,0.999,0.0,3.0,,d6-c1-n0.1-m8,6,1,0.1,8,-25.63865350280647
848,500,kmetric_dorc,0.3308126904250952,0.063352464192031,4,0.999,0.0,336.9,,d6-c1-n0.1-m8,6,1,0.1,8,-25.63865350280647
848,500,fbkernel_orc,0.248732483368015,0.0085836549418497,4,0.999,0.0,336.9,,d6-c1-n0.1-m8,6,1,0.1,8,-25.63865350280647
845,500,traj_dorc,0.065569889128644,0.0,1,0.996,0.0,3.2,,d6-c1-n0.1-m5,6,1,0.1,5,-16.385632508942592
845,500,kmetric_dorc,0.3363845404172104,0.0675147074800115,4,0.996,0.0,340.6,,d6-c1-n0.1-m5,6,1,0.1,5,-16.385632508942592
845,500,fbkernel_orc,0.3642566057940301,0.0284457022509834,4,0.996,0.0,340.6,,d6-c1-n0.1-m5,6,1,0.1,5,-16.385632508942592
842,500,traj_dorc,0.1441275754894986,0.0,1,0.996,0.0,3.0,,d6-c1-n0.1-m2,6,1,0.1,2,-70.57962561965199
842,500,kmetric_dorc,0.2965536822979764,0.0094986711915054,4,0.996,0.0,339.2,,d6-c1-n0.1-m2,6,1,0.1,2,-70.57962561965199
842,500,fbkernel_orc,0.3144173141772433,0.041675986238049,4,0.996,0.0,339.2,,d6-c1-n0.1-m2,6,1,0.1,2,-70.57962561965199
824,500,traj_dorc,0.0903129288427151,0.0,1,0.995,0.0,2.8,,d6-c1-n0.05-m14,6,1,0.05,14,-23.73030057471971
824,500,kmetric_dorc,0.3566858668338791,0.0365776689243823,4,0.995,0.0,340.2,,d6-c1-n0.05-m14,6,1,0.05,14,-23.73030057471971
824,500,fbkernel_orc,0.3640415130848143,0.0308392724381614,4,0.995,0.0,340.2,,d6-c1-n0.05-m14,6,1,0.05,14,-23.73030057471971
821,500,traj_dorc,0.1008872850346391,0.0,1,0.999,0.0,3.2,,d6-c1-n0.05-m11,6,1,0.05,11,-58.89777561628494
821,500,kmetric_dorc,0.3088023158755796,0.0209436267720427,4,0.999,0.0,337.6,,d6-c1-n0.05-m11,6,1,0.05,11,-58.89777561628494
821,500,fbkernel_orc,0.3449223570504227,0.0285323605628073,4,0.999,0.0,337.6,,d6-c1-n0.05-m11,6,1,0.05,11,-58.89777561628494
818,500,traj_dorc,0.1743465922561231,0.0,1,0.997,0.0,2.7,,d6-c1-n0.05-m8,6,1,0.05,8,-41.17873865452874
818,500,kmetric_dorc,0.3001362718562315,0.0187228534259102,4,0.997,0.0,338.6,,d6-c1-n0.05-m8,6,1,0.05,8,-41.17873865452874
818,500,fbkernel_orc,0.2925923289193917,0.0167956430780421,4,0.997,0.0,338.6,,d6-c1-n0.05-m8,6,1,0.05,8,-41.17873865452874
815,500,traj_dorc,0.1344729428057519,0.0,1,0.998,0.0,3.2,,d6-c1-n0.05-m5,6,1,0.05,5,-81.15612396422729
815,500,kmetric_dorc,0.2512153601227698,0.0287700487719569,4,0.998,0.0,336.6,,d6-c1-n0.05-m5,6,1,0.05,5,-81.15612396422729
815,500,fbkernel_orc,0.2691840948857686,0.0332854962805291,4,0.998,0.0,336.6,,d6-c1-n0.05-m5,6,1,0.05,5,-81.15612396422729
812,500,traj_dorc,0.2592992746304495,0.0,1,0.998,0.0,2.9,,d6-c1-n0.05-m2,6,1,0.05,2,-45.10090508696406
812,500,kmetric_dorc,0.3463596508447493,0.0738551278664666,4,0.998,0.0,337.7,,d6-c1-n0.05-m2,6,1,0.05,2,-45.10090508696406
812,500,fbkernel_orc,0.341555861995065,0.0410041591209824,4,0.998,0.0,337.7,,d6-c1-n0.05-m2,6,1,0.05,2,-45.10090508696406
794,500,traj_dorc,0.1784351608293245,0.0,1,0.998,0.0,2.8,,d6-c1-n0.01-m14,6,1,0.01,14,-38.89536340245233
794,500,kmetric_dorc,0.3488006896153975,0.0568525706928876,4,0.998,0.0,337.1,,d6-c1-n0.01-m14,6,1,0.01,14,-38.89536340245233
794,500,fbkernel_orc,0.3083926472485651,0.0418247814628511,4,0.998,0.0,337.1,,d6-c1-n0.01-m14,6,1,0.01,14,-38.89536340245233
791,500,traj_dorc,0.3255342896498772,0.0,1,0.997,0.0,2.4,,d6-c1-n0.01-m11,6,1,0.01,11,13.844805645269425
791,500,kmetric_dorc,0.3437644202992318,0.0223778390174341,4,0.997,0.0,336.6,,d6-c1-n0.01-m11,6,1,0.01,11,13.844805645269425
791,500,fbkernel_orc,0.3349571475753599,0.0352800013281973,4,0.997,0.0,336.6,,d6-c1-n0.01-m11,6,1,0.01,11,13.844805645269425
788,500,traj_dorc,0.3386895075515831,0.0,1,0.998,0.0,2.5,,d6-c1-n0.01-m8,6,1,0.01,8,27.82760591019963
788,500,kmetric_dorc,0.2945877760765377,0.0448062894145889,4,0.998,0.0,334.9,,d6-c1-n0.01-m8,6,1,0.01,8,27.82760591019963
788,500,fbkernel_orc,0.3440062340498477,0.0298270852177917,4,0.998,0.0,334.9,,d6-c1-n0.01-m8,6,1,0.01,8,27.82760591019963
785,500,traj_dorc,0.0794972502342882,0.0,1,0.998,0.0,3.0,,d6-c1-n0.01-m5,6,1,0.01,5,-25.903753117337263
785,500,kmetric_dorc,0.3250165291333236,0.0302771293921055,4,0.998,0.0,337.9,,d6-c1-n0.01-m5,6,1,0.01,5,-25.903753117337263
785,500,fbkernel_orc,0.3201894366480373,0.0347804102601114,4,0.998,0.0,337.9,,d6-c1-n0.01-m5,6,1,0.01,5,-25.903753117337263
782,500,traj_dorc,0.2313626689612612,0.0,1,0.994,0.0,2.9,,d6-c1-n0.01-m2,6,1,0.01,2,-86.42381835431243
782,500,kmetric_dorc,0.3156073919921228,0.0221202803518888,4,0.994,0.0,343.0,,d6-c1-n0.01-m2,6,1,0.01,2,-86.42381835431243
782,500,fbkernel_orc,0.3380569258264639,0.0355224435072548,4,0.994,0.0,343.0,,d6-c1-n0.01-m2,6,1,0.01,2,-86.42381835431243
764,500,traj_dorc,0.1946777224656612,0.0,1,0.996,0.0,2.5,,d5-c1-n0.2-m14,5,1,0.2,14,19.863413883002544
764,500,kmetric_dorc,0.331918151080157,0.042048898667188,4,0.996,0.0,341.9,,d5-c1-n0.2-m14,5,1,0.2,14,19.863413883002544
764,500,fbkernel_orc,0.2694110813944634,0.0265825170446989,4,0.996,0.0,341.9,,d5-c1-n0.2-m14,5,1,0.2,14,19.863413883002544
761,500,traj_dorc,0.0889740589682686,0.0,1,0.999,0.0,3.0,,d5-c1-n0.2-m11,5,1,0.2,11,-3.4649771563151788
761,500,kmetric_dorc,0.3165526286780387,0.0376756757254155,4,0.999,0.0,345.8,,d5-c1-n0.2-m11,5,1,0.2,11,-3.4649771563151788
761,500,fbkernel_orc,0.2732455532986029,0.0424906791224761,4,0.999,0.0,345.8,,d5-c1-n0.2-m11,5,1,0.2,11,-3.4649771563151788
758,500,traj_dorc,0.1548235035010111,0.0,1,0.997,0.0,3.1,,d5-c1-n0.2-m8,5,1,0.2,8,-31.847402516207318
758,500,kmetric_dorc,0.3296699187814877,0.0287599176509278,4,0.997,0.0,348.0,,d5-c1-n0.2-m8,5,1,0.2,8,-31.847402516207318
758,500,fbkernel_orc,0.2910337715730783,0.0244347057360031,4,0.997,0.0,348.0,,d5-c1-n0.2-m8,5,1,0.2,8,-31.847402516207318
755,500,traj_dorc,-0.0997589647972493,0.0,1,0.994,0.0,3.1,,d5-c1-n0.2-m5,5,1,0.2,5,-34.37732560792047
755,500,kmetric_dorc,0.1878321615376717,0.0263709920378249,4,0.994,0.0,344.7,,d5-c1-n0.2-m5,5,1,0.2,5,-34.37732560792047
755,500,fbkernel_orc,0.2669724771458701,0.0355911718967062,4,0.994,0.0,344.7,,d5-c1-n0.2-m5,5,1,0.2,5,-34.37732560792047
752,500,traj_dorc,0.1238045772972416,0.0,1,0.996,0.0,2.9,,d5-c1-n0.2-m2,5,1,0.2,2,-8.878799685305857
752,500,kmetric_dorc,0.3470106304775661,0.0267536717030834,4,0.996,0.0,342.7,,d5-c1-n0.2-m2,5,1,0.2,2,-8.878799685305857
752,500,fbkernel_orc,0.3347877798132813,0.0259273869256141,4,0.996,0.0,342.7,,d5-c1-n0.2-m2,5,1,0.2,2,-8.878799685305857
734,500,traj_dorc,0.266287427450721,0.0,1,0.997,0.0,2.5,,d5-c1-n0.1-m14,5,1,0.1,14,19.805718872836444
734,500,kmetric_dorc,0.2731162470069873,0.013371212638374,4,0.997,0.0,336.2,,d5-c1-n0.1-m14,5,1,0.1,14,19.805718872836444
734,500,fbkernel_orc,0.2347287237545875,0.0137210350786793,4,0.997,0.0,336.2,,d5-c1-n0.1-m14,5,1,0.1,14,19.805718872836444
731,500,traj_dorc,0.1561705603021068,0.0,1,0.996,0.0,2.6,,d5-c1-n0.1-m11,5,1,0.1,11,-18.969061686030443
731,500,kmetric_dorc,0.2636947944920788,0.0594249669245633,4,0.996,0.0,338.6,,d5-c1-n0.1-m11,5,1,0.1,11,-18.969061686030443
731,500,fbkernel_orc,0.244475657223965,0.0290091718985796,4,0.996,0.0,338.6,,d5-c1-n0.1-m11,5,1,0.1,11,-18.969061686030443
728,500,traj_dorc,0.0606924429129094,0.0,1,0.998,0.0,2.7,,d5-c1-n0.1-m8,5,1,0.1,8,-86.78332400296945
728,500,kmetric_dorc,0.2687918751021666,0.011141534499605,4,0.998,0.0,337.5,,d5-c1-n0.1-m8,5,1,0.1,8,-86.78332400296945
728,500,fbkernel_orc,0.2861244186910566,0.0188897057997695,4,0.998,0.0,337.5,,d5-c1-n0.1-m8,5,1,0.1,8,-86.78332400296945
725,500,traj_dorc,0.159656293734683,0.0,1,0.994,0.0,2.8,,d5-c1-n0.1-m5,5,1,0.1,5,-33.13785935137783
725,500,kmetric_dorc,0.2432338790353042,0.0590978328220522,4,0.994,0.0,339.3,,d5-c1-n0.1-m5,5,1,0.1,5,-33.13785935137783
725,500,fbkernel_orc,0.2072586523445109,0.0344464555571016,4,0.994,0.0,339.3,,d5-c1-n0.1-m5,5,1,0.1,5,-33.13785935137783
722,500,traj_dorc,0.0801344089712182,0.0,1,0.999,0.0,2.7,,d5-c1-n0.1-m2,5,1,0.1,2,-51.81568753840308
722,500,kmetric_dorc,0.2931862505723489,0.0561642999469567,4,0.999,0.0,337.5,,d5-c1-n0.1-m2,5,1,0.1,2,-51.81568753840308
722,500,fbkernel_orc,0.2415477818640973,0.0409251811634826,4,0.999,0.0,337.5,,d5-c1-n0.1-m2,5,1,0.1,2,-51.81568753840308
704,500,traj_dorc,0.1706099185573948,0.0,1,0.998,0.0,2.6,,d5-c1-n0.05-m14,5,1,0.05,14,-31.099208931298197
704,500,kmetric_dorc,0.2630506414044515,0.0135129853963022,4,0.998,0.0,338.0,,d5-c1-n0.05-m14,5,1,0.05,14,-31.099208931298197
704,500,fbkernel_orc,0.267835276189689,0.039024127563268,4,0.998,0.0,338.0,,d5-c1-n0.05-m14,5,1,0.05,14,-31.099208931298197
701,500,traj_dorc,0.2019545339767481,0.0,1,0.998,0.0,2.6,,d5-c1-n0.05-m11,5,1,0.05,11,-12.478273660639108
701,500,kmetric_dorc,0.2892429391182267,0.0122251616239545,4,0.998,0.0,336.3,,d5-c1-n0.05-m11,5,1,0.05,11,-12.478273660639108
701,500,fbkernel_orc,0.3401720519690567,0.0347630238669229,4,0.998,0.0,336.3,,d5-c1-n0.05-m11,5,1,0.05,11,-12.478273660639108
698,500,traj_dorc,0.1208615476134692,0.0,1,0.998,0.0,2.8,,d5-c1-n0.05-m8,5,1,0.05,8,-14.507889827778769
698,500,kmetric_dorc,0.309729175856467,0.0352145083654205,4,0.998,0.0,332.8,,d5-c1-n0.05-m8,5,1,0.05,8,-14.507889827778769
698,500,fbkernel_orc,0.2426868519782312,0.0323965852678181,4,0.998,0.0,332.8,,d5-c1-n0.05-m8,5,1,0.05,8,-14.507889827778769
695,500,traj_dorc,-0.0335618825950167,0.0,1,0.997,0.0,2.9,,d5-c1-n0.05-m5,5,1,0.05,5,-28.646174109828085
695,500,kmetric_dorc,0.2829173209469661,0.0290982941009606,4,0.997,0.0,333.3,,d5-c1-n0.05-m5,5,1,0.05,5,-28.646174109828085
695,500,fbkernel_orc,0.3196193514489809,0.0713126400132323,4,0.997,0.0,333.3,,d5-c1-n0.05-m5,5,1,0.05,5,-28.646174109828085
692,500,traj_dorc,0.1647287808960869,0.0,1,0.996,0.0,2.4,,d5-c1-n0.05-m2,5,1,0.05,2,-29.278471998111137
692,500,kmetric_dorc,0.2474590578111494,0.0326575382123033,4,0.996,0.0,334.6,,d5-c1-n0.05-m2,5,1,0.05,2,-29.278471998111137
692,500,fbkernel_orc,0.267348358905276,0.0318566117825142,4,0.996,0.0,334.6,,d5-c1-n0.05-m2,5,1,0.05,2,-29.278471998111137
674,500,traj_dorc,0.0599526906569216,0.0,1,0.999,0.0,2.9,,d5-c1-n0.01-m14,5,1,0.01,14,-25.2216018569094
674,500,kmetric_dorc,0.2596612521621206,0.0399159579719516,4,0.999,0.0,333.4,,d5-c1-n0.01-m14,5,1,0.01,14,-25.2216018569094
674,500,fbkernel_orc,0.2846068718835118,0.0108334496617324,4,0.999,0.0,333.4,,d5-c1-n0.01-m14,5,1,0.01,14,-25.2216018569094
300,100,traj_dorc,0.0019370178439985,0.0,1,0.659,0.0,1.3,,d2-c1-n0.01-m0,2,1,0.01,0,-4.073403328580132
300,100,kmetric_dorc,-0.1382702430504117,0.0890223211386259,4,0.659,0.0,78.4,,d2-c1-n0.01-m0,2,1,0.01,0,-4.073403328580132
300,100,fbkernel_orc,-0.2630694159303977,0.0381858491524707,4,0.659,0.0,78.4,,d2-c1-n0.01-m0,2,1,0.01,0,-4.073403328580132
303,100,traj_dorc,0.0298428741181367,0.0,1,0.657,0.0,0.9,,d2-c1-n0.01-m3,2,1,0.01,3,-1.704752151195842
303,100,kmetric_dorc,-0.1340413971597897,0.0432962978146048,4,0.657,0.0,73.4,,d2-c1-n0.01-m3,2,1,0.01,3,-1.704752151195842
303,100,fbkernel_orc,-0.1604209637217284,0.0041510016979576,4,0.657,0.0,73.4,,d2-c1-n0.01-m3,2,1,0.01,3,-1.704752151195842
306,100,traj_dorc,-0.0713010282994623,0.0,1,0.63,0.0539,0.9,,d2-c1-n0.01-m6,2,1,0.01,6,-8.964351133510938
306,100,kmetric_dorc,-0.1543622644730585,0.0586417821581582,4,0.63,0.0539,72.7,,d2-c1-n0.01-m6,2,1,0.01,6,-8.964351133510938
306,100,fbkernel_orc,-0.1588445561045422,0.0806668486163718,4,0.63,0.0539,72.7,,d2-c1-n0.01-m6,2,1,0.01,6,-8.964351133510938
309,100,traj_dorc,-0.0461092805927182,0.0,1,0.651,0.0069,1.1,,d2-c1-n0.01-m9,2,1,0.01,9,-8.930072585381469
309,100,kmetric_dorc,-0.1215658613857006,0.0478984609584521,4,0.651,0.0069,75.2,,d2-c1-n0.01-m9,2,1,0.01,9,-8.930072585381469
309,100,fbkernel_orc,-0.2017380587766414,0.0401222364985926,4,0.651,0.0069,75.2,,d2-c1-n0.01-m9,2,1,0.01,9,-8.930072585381469
312,100,traj_dorc,0.0132793275623761,0.0,1,0.678,0.0,1.1,,d2-c1-n0.01-m12,2,1,0.01,12,-0.8978601744396698
312,100,kmetric_dorc,-0.1477661039611855,0.0339079402853687,4,0.678,0.0,73.6,,d2-c1-n0.01-m12,2,1,0.01,12,-0.8978601744396698
312,100,fbkernel_orc,-0.1408064124333605,0.0523896207526869,4,0.678,0.0,73.6,,d2-c1-n0.01-m12,2,1,0.01,12,-0.8978601744396698
330,100,traj_dorc,-0.0363136940667191,0.0,1,0.661,0.0,0.9,,d2-c1-n0.05-m0,2,1,0.05,0,0.1641133119551789
330,100,kmetric_dorc,-0.1088892269811942,0.0377792062749572,4,0.661,0.0,72.8,,d2-c1-n0.05-m0,2,1,0.05,0,0.1641133119551789
330,100,fbkernel_orc,-0.1540329562893255,0.0365551323695997,4,0.661,0.0,72.8,,d2-c1-n0.05-m0,2,1,0.05,0,0.1641133119551789
333,100,traj_dorc,-0.1415184152880962,0.0,1,0.691,0.0,1.1,,d2-c1-n0.05-m3,2,1,0.05,3,-0.0201398711714281
333,100,kmetric_dorc,-0.1304753973917052,0.0321842865584922,4,0.691,0.0,72.3,,d2-c1-n0.05-m3,2,1,0.05,3,-0.0201398711714281
333,100,fbkernel_orc,-0.1631564572766065,0.0445204654036461,4,0.691,0.0,72.3,,d2-c1-n0.05-m3,2,1,0.05,3,-0.0201398711714281
336,100,traj_dorc,-0.0404202645334593,0.0,1,0.654,0.0,0.8,,d2-c1-n0.05-m6,2,1,0.05,6,-2.880567788146728
336,100,kmetric_dorc,-0.0632447668882949,0.0651827788640035,4,0.654,0.0,68.6,,d2-c1-n0.05-m6,2,1,0.05,6,-2.880567788146728
336,100,fbkernel_orc,-0.1414420522233884,0.0547329133035736,4,0.654,0.0,68.6,,d2-c1-n0.05-m6,2,1,0.05,6,-2.880567788146728
339,100,traj_dorc,-0.1534867908252855,0.0,1,0.677,0.0,0.9,,d2-c1-n0.05-m9,2,1,0.05,9,-11.98291658411206
339,100,kmetric_dorc,-0.1043216994039827,0.0301722539618914,4,0.677,0.0,69.6,,d2-c1-n0.05-m9,2,1,0.05,9,-11.98291658411206
339,100,fbkernel_orc,-0.1735708104186113,0.0661396413581476,4,0.677,0.0,69.6,,d2-c1-n0.05-m9,2,1,0.05,9,-11.98291658411206
342,100,traj_dorc,0.1584982196397898,0.0,1,0.698,0.0373,1.2,,d2-c1-n0.05-m12,2,1,0.05,12,-19.350068753652508
342,100,kmetric_dorc,0.0191934567972265,0.113742510459198,4,0.698,0.0373,69.4,,d2-c1-n0.05-m12,2,1,0.05,12,-19.350068753652508
342,100,fbkernel_orc,-0.1464543965604137,0.0555668601667945,4,0.698,0.0373,69.4,,d2-c1-n0.05-m12,2,1,0.05,12,-19.350068753652508
360,100,traj_dorc,-0.0075055556755158,0.0,1,0.698,0.0,1.2,,d2-c1-n0.1-m0,2,1,0.1,0,-0.2773082867850632
360,100,kmetric_dorc,-0.0663179277228098,0.025731597221752,4,0.698,0.0,69.9,,d2-c1-n0.1-m0,2,1,0.1,0,-0.2773082867850632
360,100,fbkernel_orc,-0.0480057170862473,0.0273175856607732,4,0.698,0.0,69.9,,d2-c1-n0.1-m0,2,1,0.1,0,-0.2773082867850632
363,100,traj_dorc,0.0771658621873683,0.0,1,0.68,0.0,1.0,,d2-c1-n0.1-m3,2,1,0.1,3,-0.1957350610295782
363,100,kmetric_dorc,-0.0004344422906899,0.0144296324781223,4,0.68,0.0,70.9,,d2-c1-n0.1-m3,2,1,0.1,3,-0.1957350610295782
363,100,fbkernel_orc,0.0349904177438246,0.0359381599304752,4,0.68,0.0,70.9,,d2-c1-n0.1-m3,2,1,0.1,3,-0.1957350610295782
366,100,traj_dorc,0.3936480056470139,0.0,1,0.732,0.0,1.2,,d2-c1-n0.1-m6,2,1,0.1,6,-3.606518083255943
366,100,kmetric_dorc,0.0185929952815918,0.0308268869021649,4,0.732,0.0,72.5,,d2-c1-n0.1-m6,2,1,0.1,6,-3.606518083255943
366,100,fbkernel_orc,0.0496727804092609,0.0188452499621766,4,0.732,0.0,72.5,,d2-c1-n0.1-m6,2,1,0.1,6,-3.606518083255943
369,100,traj_dorc,0.0423926315107439,0.0,1,0.703,0.0,0.8,,d2-c1-n0.1-m9,2,1,0.1,9,1.4450793517878724
369,100,kmetric_dorc,-0.0632424714268917,0.0290546186415213,4,0.703,0.0,71.3,,d2-c1-n0.1-m9,2,1,0.1,9,1.4450793517878724
369,100,fbkernel_orc,0.016541091464746,0.0478972795528171,4,0.703,0.0,71.3,,d2-c1-n0.1-m9,2,1,0.1,9,1.4450793517878724
372,100,traj_dorc,-0.0732477424276764,0.0,1,0.674,0.037,0.9,,d2-c1-n0.1-m12,2,1,0.1,12,-0.6620962286516345
372,100,kmetric_dorc,-0.0002368557961623,0.0555685008510272,4,0.674,0.037,69.3,,d2-c1-n0.1-m12,2,1,0.1,12,-0.6620962286516345
372,100,fbkernel_orc,-0.000574529794358,0.0829680581547718,4,0.674,0.037,69.3,,d2-c1-n0.1-m12,2,1,0.1,12,-0.6620962286516345
390,100,traj_dorc,0.0744802779878829,0.0,1,0.722,0.0,1.3,,d2-c1-n0.2-m0,2,1,0.2,0,6.571277573877722
390,100,kmetric_dorc,0.073793964042413,0.0286074722338767,4,0.722,0.0,69.7,,d2-c1-n0.2-m0,2,1,0.2,0,6.571277573877722
390,100,fbkernel_orc,0.0343573415822537,0.0295596719822571,4,0.722,0.0,69.7,,d2-c1-n0.2-m0,2,1,0.2,0,6.571277573877722
393,100,traj_dorc,0.1175358571876804,0.0,1,0.722,0.0,0.7,,d2-c1-n0.2-m3,2,1,0.2,3,-10.420195506771478
393,100,kmetric_dorc,0.0644958767775232,0.0327234612389356,4,0.722,0.0,70.9,,d2-c1-n0.2-m3,2,1,0.2,3,-10.420195506771478
393,100,fbkernel_orc,0.0220810658252646,0.0764017701899643,4,0.722,0.0,70.9,,d2-c1-n0.2-m3,2,1,0.2,3,-10.420195506771478
396,100,traj_dorc,-0.0269375822416566,0.0,1,0.709,0.0,0.9,,d2-c1-n0.2-m6,2,1,0.2,6,-19.90966868373765
396,100,kmetric_dorc,0.0355903600560909,0.0798769960026459,4,0.709,0.0,70.3,,d2-c1-n0.2-m6,2,1,0.2,6,-19.90966868373765
396,100,fbkernel_orc,0.0285118756462721,0.0343950343296709,4,0.709,0.0,70.3,,d2-c1-n0.2-m6,2,1,0.2,6,-19.90966868373765
399,100,traj_dorc,-0.0177238423981593,0.0,1,0.695,0.0,0.7,,d2-c1-n0.2-m9,2,1,0.2,9,0.678826668015989
399,100,kmetric_dorc,0.1135891582612312,0.0603302003641978,4,0.695,0.0,68.9,,d2-c1-n0.2-m9,2,1,0.2,9,0.678826668015989
399,100,fbkernel_orc,0.0750693085095804,0.0174625811046237,4,0.695,0.0,68.9,,d2-c1-n0.2-m9,2,1,0.2,9,0.678826668015989
402,100,traj_dorc,0.1547899109662056,0.0,1,0.684,0.0562,0.7,,d2-c1-n0.2-m12,2,1,0.2,12,5.287646988969231
402,100,kmetric_dorc,0.0976514124400067,0.0362048240184312,4,0.684,0.0562,68.3,,d2-c1-n0.2-m12,2,1,0.2,12,5.287646988969231
402,100,fbkernel_orc,0.1748961718969909,0.0189893024660616,4,0.684,0.0562,68.3,,d2-c1-n0.2-m12,2,1,0.2,12,5.287646988969231
420,100,traj_dorc,-0.1181866733293686,0.0,1,0.69,0.0,0.9,,d3-c1-n0.01-m0,3,1,0.01,0,1.2257813837761642
420,100,kmetric_dorc,0.0458324279524976,0.0278475925365409,4,0.69,0.0,68.4,,d3-c1-n0.01-m0,3,1,0.01,0,1.2257813837761642
420,100,fbkernel_orc,-0.0239797988019802,0.0367686300656734,4,0.69,0.0,68.4,,d3-c1-n0.01-m0,3,1,0.01,0,1.2257813837761642
423,100,traj_dorc,-0.0136353898250526,0.0,1,0.71,0.0756,0.9,,d3-c1-n0.01-m3,3,1,0.01,3,-4.375614595954051
423,100,kmetric_dorc,0.046827514037915,0.0651225045137985,4,0.71,0.0756,67.3,,d3-c1-n0.01-m3,3,1,0.01,3,-4.375614595954051
423,100,fbkernel_orc,0.0474502822472782,0.0679154547058384,4,0.71,0.0756,67.3,,d3-c1-n0.01-m3,3,1,0.01,3,-4.375614595954051
426,100,traj_dorc,-0.0620204497000576,0.0,1,0.66,0.1046,0.7,,d3-c1-n0.01-m6,3,1,0.01,6,-3.8235642778157457
426,100,kmetric_dorc,0.0158137483111492,0.0575437523441852,4,0.66,0.1046,67.2,,d3-c1-n0.01-m6,3,1,0.01,6,-3.8235642778157457
426,100,fbkernel_orc,-0.0748636865008909,0.0589598342216069,4,0.66,0.1046,67.2,,d3-c1-n0.01-m6,3,1,0.01,6,-3.8235642778157457
429,100,traj_dorc,-0.0008016492436875,0.0,1,0.701,0.0,0.9,,d3-c1-n0.01-m9,3,1,0.01,9,-16.296502183721266
429,100,kmetric_dorc,0.1099557953940173,0.0446038767747745,4,0.701,0.0,67.9,,d3-c1-n0.01-m9,3,1,0.01,9,-16.296502183721266
429,100,fbkernel_orc,0.053460094370758,0.0498103611547976,4,0.701,0.0,67.9,,d3-c1-n0.01-m9,3,1,0.01,9,-16.296502183721266
432,100,traj_dorc,-0.127214767288248,0.0,1,0.691,0.0,0.9,,d3-c1-n0.01-m12,3,1,0.01,12,-15.026763600360248
432,100,kmetric_dorc,0.0740663322869595,0.0817884263265887,4,0.691,0.0,69.0,,d3-c1-n0.01-m12,3,1,0.01,12,-15.026763600360248
432,100,fbkernel_orc,0.0972843879055762,0.0654185351658157,4,0.691,0.0,69.0,,d3-c1-n0.01-m12,3,1,0.01,12,-15.026763600360248
450,100,traj_dorc,-0.0579869576208655,0.0,1,0.692,0.0,1.0,,d3-c1-n0.05-m0,3,1,0.05,0,-24.89523765054504
450,100,kmetric_dorc,0.0888908707806979,0.11356941180389,4,0.692,0.0,66.4,,d3-c1-n0.05-m0,3,1,0.05,0,-24.89523765054504
450,100,fbkernel_orc,0.0536433448355088,0.1265809780936068,4,0.692,0.0,66.4,,d3-c1-n0.05-m0,3,1,0.05,0,-24.89523765054504
453,100,traj_dorc,-0.0423445253619036,0.0,1,0.702,0.1285,0.8,,d3-c1-n0.05-m3,3,1,0.05,3,16.800746756883633
453,100,kmetric_dorc,0.1586665661282743,0.0320871599476824,4,0.702,0.1285,66.6,,d3-c1-n0.05-m3,3,1,0.05,3,16.800746756883633
453,100,fbkernel_orc,0.0582312744822892,0.0570887858443014,4,0.702,0.1285,66.6,,d3-c1-n0.05-m3,3,1,0.05,3,16.800746756883633
456,100,traj_dorc,-0.0578031841524038,0.0,1,0.692,0.0,0.9,,d3-c1-n0.05-m6,3,1,0.05,6,-10.086395056679647
456,100,kmetric_dorc,0.0450306323723712,0.0247054965061782,4,0.692,0.0,65.2,,d3-c1-n0.05-m6,3,1,0.05,6,-10.086395056679647
456,100,fbkernel_orc,0.0188318886909255,0.0235230455310323,4,0.692,0.0,65.2,,d3-c1-n0.05-m6,3,1,0.05,6,-10.086395056679647
459,100,traj_dorc,-0.0858796927361617,0.0,1,0.7,0.0,1.0,,d3-c1-n0.05-m9,3,1,0.05,9,3.218057928153633
459,100,kmetric_dorc,0.1771371015455448,0.033287088711906,4,0.7,0.0,62.9,,d3-c1-n0.05-m9,3,1,0.05,9,3.218057928153633
459,100,fbkernel_orc,0.0881112035237819,0.032024969800178,4,0.7,0.0,62.9,,d3-c1-n0.05-m9,3,1,0.05,9,3.218057928153633
462,100,traj_dorc,-0.0844298223916734,0.0,1,0.711,0.2549,0.9,,d3-c1-n0.05-m12,3,1,0.05,12,4.789913485957336
462,100,kmetric_dorc,0.0878034114471787,0.0050591574981731,4,0.711,0.2549,65.2,,d3-c1-n0.05-m12,3,1,0.05,12,4.789913485957336
462,100,fbkernel_orc,0.0067133479403734,0.0439341518021441,4,0.711,0.2549,65.2,,d3-c1-n0.05-m12,3,1,0.05,12,4.789913485957336
480,100,traj_dorc,-0.1190936866086143,0.0,1,0.717,0.0,1.0,,d3-c1-n0.1-m0,3,1,0.1,0,10.984687542340705
480,100,kmetric_dorc,0.0298582813485726,0.0408074319044174,4,0.717,0.0,64.9,,d3-c1-n0.1-m0,3,1,0.1,0,10.984687542340705
480,100,fbkernel_orc,0.0776521432496088,0.0382909300627055,4,0.717,0.0,64.9,,d3-c1-n0.1-m0,3,1,0.1,0,10.984687542340705
483,100,traj_dorc,-0.1370864775747313,0.0,1,0.715,0.0,0.9,,d3-c1-n0.1-m3,3,1,0.1,3,4.107036960514779
483,100,kmetric_dorc,0.0612915027245727,0.03781235009793,4,0.715,0.0,64.1,,d3-c1-n0.1-m3,3,1,0.1,3,4.107036960514779
483,100,fbkernel_orc,0.1312069878388218,0.0298030619300119,4,0.715,0.0,64.1,,d3-c1-n0.1-m3,3,1,0.1,3,4.107036960514779
486,100,traj_dorc,-0.0611521082031155,0.0,1,0.721,0.1504,0.9,,d3-c1-n0.1-m6,3,1,0.1,6,-2.2494890599102795
486,100,kmetric_dorc,-0.0209652645694092,0.0263266744591765,4,0.721,0.1504,64.5,,d3-c1-n0.1-m6,3,1,0.1,6,-2.2494890599102795
486,100,fbkernel_orc,0.0318284569555675,0.028778650079961,4,0.721,0.1504,64.5,,d3-c1-n0.1-m6,3,1,0.1,6,-2.2494890599102795
489,100,traj_dorc,-0.1425952927590318,0.0,1,0.71,0.0,0.9,,d3-c1-n0.1-m9,3,1,0.1,9,-5.530406551054341
489,100,kmetric_dorc,0.0468044688109172,0.053176472820867,4,0.71,0.0,65.4,,d3-c1-n0.1-m9,3,1,0.1,9,-5.530406551054341
489,100,fbkernel_orc,-0.0499678895828637,0.0516187693052454,4,0.71,0.0,65.4,,d3-c1-n0.1-m9,3,1,0.1,9,-5.530406551054341
492,100,traj_dorc,-0.0730652141878925,0.0,1,0.736,0.0,1.1,,d3-c1-n0.1-m12,3,1,0.1,12,0.3353985029380055
492,100,kmetric_dorc,0.1476915444700915,0.0428200460333697,4,0.736,0.0,68.9,,d3-c1-n0.1-m12,3,1,0.1,12,0.3353985029380055
492,100,fbkernel_orc,0.0598998264668965,0.0467504755308812,4,0.736,0.0,68.9,,d3-c1-n0.1-m12,3,1,0.1,12,0.3353985029380055
510,100,traj_dorc,0.105689140465169,0.0,1,0.711,0.1954,0.9,,d3-c1-n0.2-m0,3,1,0.2,0,9.530164910380307
510,100,kmetric_dorc,0.1569457479083639,0.0074841947919404,4,0.711,0.1954,63.5,,d3-c1-n0.2-m0,3,1,0.2,0,9.530164910380307
510,100,fbkernel_orc,0.1972516473989941,0.0276723371544092,4,0.711,0.1954,63.5,,d3-c1-n0.2-m0,3,1,0.2,0,9.530164910380307
513,100,traj_dorc,-0.0791977765615623,0.0,1,0.695,0.2089,1.2,,d3-c1-n0.2-m3,3,1,0.2,3,-4.361976627914746
513,100,kmetric_dorc,0.1612496817593428,0.0150160668789659,4,0.695,0.2089,64.1,,d3-c1-n0.2-m3,3,1,0.2,3,-4.361976627914746
513,100,fbkernel_orc,0.1664102202371268,0.0360031333663667,4,0.695,0.2089,64.1,,d3-c1-n0.2-m3,3,1,0.2,3,-4.361976627914746
516,100,traj_dorc,-0.0914724699027368,0.0,1,0.722,0.1541,1.0,,d3-c1-n0.2-m6,3,1,0.2,6,-35.603562663735204
516,100,kmetric_dorc,0.1682427309475858,0.0555027292554617,4,0.722,0.1541,63.9,,d3-c1-n0.2-m6,3,1,0.2,6,-35.603562663735204
516,100,fbkernel_orc,0.2388707890763599,0.0418849649319568,4,0.722,0.1541,63.9,,d3-c1-n0.2-m6,3,1,0.2,6,-35.603562663735204
519,100,traj_dorc,0.2433186182702631,0.0,1,0.712,0.0,0.9,,d3-c1-n0.2-m9,3,1,0.2,9,2.771940661275317
519,100,kmetric_dorc,0.1193914947442677,0.0553476046771114,4,0.712,0.0,63.2,,d3-c1-n0.2-m9,3,1,0.2,9,2.771940661275317
519,100,fbkernel_orc,0.1003943250550891,0.0261905162886298,4,0.712,0.0,63.2,,d3-c1-n0.2-m9,3,1,0.2,9,2.771940661275317
522,100,traj_dorc,0.147938483351061,0.0,1,0.721,0.0,1.0,,d3-c1-n0.2-m12,3,1,0.2,12,-18.867196080469053
522,100,kmetric_dorc,0.1433090849515975,0.0339931853495753,4,0.721,0.0,63.4,,d3-c1-n0.2-m12,3,1,0.2,12,-18.867196080469053
522,100,fbkernel_orc,0.185940547761444,0.1033382367975239,4,0.721,0.0,63.4,,d3-c1-n0.2-m12,3,1,0.2,12,-18.867196080469053
540,100,traj_dorc,0.0755292685927327,0.0,1,0.716,0.0,1.3,,d4-c1-n0.01-m0,4,1,0.01,0,0.8640063178340975
540,100,kmetric_dorc,0.2641019690221359,0.0391680052216399,4,0.716,0.0,63.9,,d4-c1-n0.01-m0,4,1,0.01,0,0.8640063178340975
540,100,fbkernel_orc,0.2676305714236989,0.0811815691577944,4,0.716,0.0,63.9,,d4-c1-n0.01-m0,4,1,0.01,0,0.8640063178340975
543,100,traj_dorc,0.1240223363986586,0.0,1,0.715,0.0,1.2,,d4-c1-n0.01-m3,4,1,0.01,3,5.992532678039441
543,100,kmetric_dorc,0.2845715465236079,0.0554541263008538,4,0.715,0.0,64.7,,d4-c1-n0.01-m3,4,1,0.01,3,5.992532678039441
543,100,fbkernel_orc,0.2602317807951244,0.0372226059748063,4,0.715,0.0,64.7,,d4-c1-n0.01-m3,4,1,0.01,3,5.992532678039441
546,100,traj_dorc,0.0607383820488037,0.0,1,0.703,0.0,1.2,,d4-c1-n0.01-m6,4,1,0.01,6,-35.825477386408664
546,100,kmetric_dorc,0.2271986478072956,0.0933547819176236,4,0.703,0.0,66.2,,d4-c1-n0.01-m6,4,1,0.01,6,-35.825477386408664
546,100,fbkernel_orc,0.2029746766445779,0.0613624759827371,4,0.703,0.0,66.2,,d4-c1-n0.01-m6,4,1,0.01,6,-35.825477386408664
549,100,traj_dorc,0.0561892117911842,0.0,1,0.703,0.0,1.2,,d4-c1-n0.01-m9,4,1,0.01,9,-11.171970873719408
549,100,kmetric_dorc,0.2451982105026137,0.0695178347960069,4,0.703,0.0,66.1,,d4-c1-n0.01-m9,4,1,0.01,9,-11.171970873719408
549,100,fbkernel_orc,0.1992508843881511,0.0484536041389896,4,0.703,0.0,66.1,,d4-c1-n0.01-m9,4,1,0.01,9,-11.171970873719408
552,100,traj_dorc,-0.018752422829533,0.0,1,0.71,0.0,1.2,,d4-c1-n0.01-m12,4,1,0.01,12,-11.163127979587726
552,100,kmetric_dorc,0.2103523771330605,0.0322758503562984,4,0.71,0.0,66.0,,d4-c1-n0.01-m12,4,1,0.01,12,-11.163127979587726
552,100,fbkernel_orc,0.259972821793323,0.0426548846926046,4,0.71,0.0,66.0,,d4-c1-n0.01-m12,4,1,0.01,12,-11.163127979587726
570,100,traj_dorc,0.0389718551827919,0.0,1,0.713,0.0,1.2,,d4-c1-n0.05-m0,4,1,0.05,0,-1.0376935627011612
570,100,kmetric_dorc,0.2139209501122867,0.0550386591666178,4,0.713,0.0,66.7,,d4-c1-n0.05-m0,4,1,0.05,0,-1.0376935627011612
570,100,fbkernel_orc,0.228427879027959,0.0453914989436019,4,0.713,0.0,66.7,,d4-c1-n0.05-m0,4,1,0.05,0,-1.0376935627011612
573,100,traj_dorc,0.0222477049714262,0.0,1,0.715,0.0,1.3,,d4-c1-n0.05-m3,4,1,0.05,3,-30.16895284318092
573,100,kmetric_dorc,0.3173690243005467,0.083171029286664,4,0.715,0.0,66.9,,d4-c1-n0.05-m3,4,1,0.05,3,-30.16895284318092
573,100,fbkernel_orc,0.2626575068932483,0.0451445129042809,4,0.715,0.0,66.9,,d4-c1-n0.05-m3,4,1,0.05,3,-30.16895284318092
576,100,traj_dorc,0.0698418479167798,0.0,1,0.728,0.0,1.3,,d4-c1-n0.05-m6,4,1,0.05,6,1.5495180423592505
576,100,kmetric_dorc,0.2575373119344362,0.027291760007952,4,0.728,0.0,65.7,,d4-c1-n0.05-m6,4,1,0.05,6,1.5495180423592505
576,100,fbkernel_orc,0.2214294007792867,0.0622249836189844,4,0.728,0.0,65.7,,d4-c1-n0.05-m6,4,1,0.05,6,1.5495180423592505
579,100,traj_dorc,-0.0248164298528228,0.0,1,0.72,0.0,1.3,,d4-c1-n0.05-m9,4,1,0.05,9,-12.708320135998806
579,100,kmetric_dorc,0.2814255878197458,0.0318038760803581,4,0.72,0.0,67.4,,d4-c1-n0.05-m9,4,1,0.05,9,-12.708320135998806
579,100,fbkernel_orc,0.2753131796346418,0.0177327273374294,4,0.72,0.0,67.4,,d4-c1-n0.05-m9,4,1,0.05,9,-12.708320135998806
582,100,traj_dorc,0.0762798942516095,0.0,1,0.715,0.0,1.2,,d4-c1-n0.05-m12,4,1,0.05,12,-20.161306901824567
582,100,kmetric_dorc,0.1775593481772125,0.0707798460049768,4,0.715,0.0,65.9,,d4-c1-n0.05-m12,4,1,0.05,12,-20.161306901824567
582,100,fbkernel_orc,0.2558962884377925,0.0528640407541556,4,0.715,0.0,65.9,,d4-c1-n0.05-m12,4,1,0.05,12,-20.161306901824567
600,100,traj_dorc,0.1191627648436428,0.0,1,0.718,0.0,1.2,,d4-c1-n0.1-m0,4,1,0.1,0,-26.415311732361605
600,100,kmetric_dorc,0.2353727998437492,0.0695829850231752,4,0.718,0.0,65.2,,d4-c1-n0.1-m0,4,1,0.1,0,-26.415311732361605
600,100,fbkernel_orc,0.3184697633430917,0.0448358290920311,4,0.718,0.0,65.2,,d4-c1-n0.1-m0,4,1,0.1,0,-26.415311732361605
603,100,traj_dorc,0.0869918189146142,0.0,1,0.709,0.0,1.2,,d4-c1-n0.1-m3,4,1,0.1,3,-9.190322083736802
603,100,kmetric_dorc,0.2137269706444172,0.0719048177874027,4,0.709,0.0,64.3,,d4-c1-n0.1-m3,4,1,0.1,3,-9.190322083736802
603,100,fbkernel_orc,0.2626446695815295,0.0612805258703028,4,0.709,0.0,64.3,,d4-c1-n0.1-m3,4,1,0.1,3,-9.190322083736802
606,100,traj_dorc,0.0801906864660731,0.0,1,0.732,0.0,1.3,,d4-c1-n0.1-m6,4,1,0.1,6,-27.860036231503933
606,100,kmetric_dorc,0.2153308353329282,0.073237214885891,4,0.732,0.0,64.7,,d4-c1-n0.1-m6,4,1,0.1,6,-27.860036231503933
606,100,fbkernel_orc,0.1635375267199267,0.0436554613903693,4,0.732,0.0,64.7,,d4-c1-n0.1-m6,4,1,0.1,6,-27.860036231503933
609,100,traj_dorc,-0.0367363432877624,0.0,1,0.743,0.0,1.4,,d4-c1-n0.1-m9,4,1,0.1,9,-0.0842488264840803
609,100,kmetric_dorc,0.2759896749417425,0.0227157577178402,4,0.743,0.0,66.6,,d4-c1-n0.1-m9,4,1,0.1,9,-0.0842488264840803
609,100,fbkernel_orc,0.2538835341047689,0.0705942118971745,4,0.743,0.0,66.6,,d4-c1-n0.1-m9,4,1,0.1,9,-0.0842488264840803
612,100,traj_dorc,0.1255603402998878,0.0,1,0.728,0.0,1.2,,d4-c1-n0.1-m12,4,1,0.1,12,2.082313981868797
612,100,kmetric_dorc,0.2993293891614579,0.0535697846332626,4,0.728,0.0,65.3,,d4-c1-n0.1-m12,4,1,0.1,12,2.082313981868797
612,100,fbkernel_orc,0.2506780546579579,0.0290837240570753,4,0.728,0.0,65.3,,d4-c1-n0.1-m12,4,1,0.1,12,2.082313981868797
630,100,traj_dorc,0.0539827631351008,0.0,1,0.761,0.0,1.3,,d4-c1-n0.2-m0,4,1,0.2,0,-3.558579726048665
630,100,kmetric_dorc,0.1760491431216919,0.0520682601374148,4,0.761,0.0,67.5,,d4-c1-n0.2-m0,4,1,0.2,0,-3.558579726048665
630,100,fbkernel_orc,0.2379605306249466,0.0101376655285091,4,0.761,0.0,67.5,,d4-c1-n0.2-m0,4,1,0.2,0,-3.558579726048665
633,100,traj_dorc,0.0686187829978409,0.0,1,0.733,0.0,1.6,,d4-c1-n0.2-m3,4,1,0.2,3,-15.94121826097334
633,100,kmetric_dorc,0.2145756649076509,0.0111519104265938,4,0.733,0.0,67.0,,d4-c1-n0.2-m3,4,1,0.2,3,-15.94121826097334
633,100,fbkernel_orc,0.2243113090204708,0.0527009460239786,4,0.733,0.0,67.0,,d4-c1-n0.2-m3,4,1,0.2,3,-15.94121826097334
636,100,traj_dorc,0.0954866892474512,0.0,1,0.726,0.0,1.3,,d4-c1-n0.2-m6,4,1,0.2,6,-29.21622157395343
636,100,kmetric_dorc,0.2340043355529805,0.0141195455925185,4,0.726,0.0,66.1,,d4-c1-n0.2-m6,4,1,0.2,6,-29.21622157395343
636,100,fbkernel_orc,0.1947171813304863,0.0128260272977064,4,0.726,0.0,66.1,,d4-c1-n0.2-m6,4,1,0.2,6,-29.21622157395343
639,100,traj_dorc,0.0069168354677844,0.0,1,0.731,0.0,1.3,,d4-c1-n0.2-m9,4,1,0.2,9,-57.772627160556176
639,100,kmetric_dorc,0.2511399675686407,0.0147032783467404,4,0.731,0.0,66.8,,d4-c1-n0.2-m9,4,1,0.2,9,-57.772627160556176
639,100,fbkernel_orc,0.2059494938581187,0.0365694009540782,4,0.731,0.0,66.8,,d4-c1-n0.2-m9,4,1,0.2,9,-57.772627160556176
642,100,traj_dorc,0.0467044568749134,0.0,1,0.716,0.344,1.4,,d4-c1-n0.2-m12,4,1,0.2,12,-15.484538294325528
642,100,kmetric_dorc,0.1734791977472264,0.0443006162164753,4,0.716,0.344,67.3,,d4-c1-n0.2-m12,4,1,0.2,12,-15.484538294325528
642,100,fbkernel_orc,0.148165814865657,0.083308729782642,4,0.716,0.344,67.3,,d4-c1-n0.2-m12,4,1,0.2,12,-15.484538294325528
660,100,traj_dorc,0.2552683498522863,0.0,1,0.73,0.0,1.4,,d5-c1-n0.01-m0,5,1,0.01,0,1.9053751696081136
660,100,kmetric_dorc,0.3354543927021881,0.0284032191424569,4,0.73,0.0,66.9,,d5-c1-n0.01-m0,5,1,0.01,0,1.9053751696081136
660,100,fbkernel_orc,0.2852082149709,0.045996754342985,4,0.73,0.0,66.9,,d5-c1-n0.01-m0,5,1,0.01,0,1.9053751696081136
663,100,traj_dorc,0.1078093061773149,0.0,1,0.708,0.0,1.3,,d5-c1-n0.01-m3,5,1,0.01,3,2.1789181931808583
663,100,kmetric_dorc,0.3290490052628717,0.0457792021757932,4,0.708,0.0,66.0,,d5-c1-n0.01-m3,5,1,0.01,3,2.1789181931808583
663,100,fbkernel_orc,0.2974482921658896,0.0456137999530385,4,0.708,0.0,66.0,,d5-c1-n0.01-m3,5,1,0.01,3,2.1789181931808583
666,100,traj_dorc,0.1922747444779794,0.0,1,0.718,0.0,1.4,,d5-c1-n0.01-m6,5,1,0.01,6,-37.70430429832168
666,100,kmetric_dorc,0.3262362153447188,0.0578427017599852,4,0.718,0.0,66.2,,d5-c1-n0.01-m6,5,1,0.01,6,-37.70430429832168
666,100,fbkernel_orc,0.3212430401163673,0.0196917656209493,4,0.718,0.0,66.2,,d5-c1-n0.01-m6,5,1,0.01,6,-37.70430429832168
669,100,traj_dorc,0.1162293112012756,0.0,1,0.742,0.2961,1.6,,d5-c1-n0.01-m9,5,1,0.01,9,-18.319930087521648
669,100,kmetric_dorc,0.2550074494251358,0.0162228224818397,4,0.742,0.2961,66.4,,d5-c1-n0.01-m9,5,1,0.01,9,-18.319930087521648
669,100,fbkernel_orc,0.2326525414120079,0.0414697769449868,4,0.742,0.2961,66.4,,d5-c1-n0.01-m9,5,1,0.01,9,-18.319930087521648
672,100,traj_dorc,0.2525722039292066,0.0,1,0.734,0.0,1.7,,d5-c1-n0.01-m12,5,1,0.01,12,4.810311591502766
672,100,kmetric_dorc,0.3394065184814882,0.0769195076383635,4,0.734,0.0,64.4,,d5-c1-n0.01-m12,5,1,0.01,12,4.810311591502766
672,100,fbkernel_orc,0.3809094664676405,0.0364158304234301,4,0.734,0.0,64.4,,d5-c1-n0.01-m12,5,1,0.01,12,4.810311591502766
690,100,traj_dorc,0.0818927538236406,0.0,1,0.731,0.436,1.4,,d5-c1-n0.05-m0,5,1,0.05,0,19.46385767445848
690,100,kmetric_dorc,0.3031369798034009,0.0351102543843091,4,0.731,0.436,63.6,,d5-c1-n0.05-m0,5,1,0.05,0,19.46385767445848
690,100,fbkernel_orc,0.3103842494657888,0.0450554881010036,4,0.731,0.436,63.6,,d5-c1-n0.05-m0,5,1,0.05,0,19.46385767445848
693,100,traj_dorc,0.1336174056907287,0.0,1,0.726,0.0,1.5,,d5-c1-n0.05-m3,5,1,0.05,3,-16.703636368602854
693,100,kmetric_dorc,0.310203813195911,0.0398696414178714,4,0.726,0.0,68.0,,d5-c1-n0.05-m3,5,1,0.05,3,-16.703636368602854
693,100,fbkernel_orc,0.3318078233129478,0.032758962036095,4,0.726,0.0,68.0,,d5-c1-n0.05-m3,5,1,0.05,3,-16.703636368602854
696,100,traj_dorc,0.0587627302109308,0.0,1,0.738,0.0,1.8,,d5-c1-n0.05-m6,5,1,0.05,6,-11.136468161274196
696,100,kmetric_dorc,0.292330334145391,0.0290734611314155,4,0.738,0.0,66.9,,d5-c1-n0.05-m6,5,1,0.05,6,-11.136468161274196
696,100,fbkernel_orc,0.325546430887643,0.0502783443579787,4,0.738,0.0,66.9,,d5-c1-n0.05-m6,5,1,0.05,6,-11.136468161274196
699,100,traj_dorc,0.2242843622963556,0.0,1,0.71,0.0,1.4,,d5-c1-n0.05-m9,5,1,0.05,9,-33.03765356029634
699,100,kmetric_dorc,0.3022744214273519,0.0218909180864752,4,0.71,0.0,65.6,,d5-c1-n0.05-m9,5,1,0.05,9,-33.03765356029634
699,100,fbkernel_orc,0.2611590276847283,0.0297317185793771,4,0.71,0.0,65.6,,d5-c1-n0.05-m9,5,1,0.05,9,-33.03765356029634
702,100,traj_dorc,0.1709520717150051,0.0,1,0.725,0.0,1.5,,d5-c1-n0.05-m12,5,1,0.05,12,-8.094765280509788
702,100,kmetric_dorc,0.3658141111418611,0.052004857684576,4,0.725,0.0,63.5,,d5-c1-n0.05-m12,5,1,0.05,12,-8.094765280509788
702,100,fbkernel_orc,0.3180224533607642,0.0396734148127619,4,0.725,0.0,63.5,,d5-c1-n0.05-m12,5,1,0.05,12,-8.094765280509788
720,100,traj_dorc,0.3017854300932169,0.0,1,0.747,0.0,1.2,,d5-c1-n0.1-m0,5,1,0.1,0,9.58742063848517
720,100,kmetric_dorc,0.3218555597382005,0.1013043472344084,4,0.747,0.0,62.4,,d5-c1-n0.1-m0,5,1,0.1,0,9.58742063848517
720,100,fbkernel_orc,0.2977749106369336,0.0311799185537253,4,0.747,0.0,62.4,,d5-c1-n0.1-m0,5,1,0.1,0,9.58742063848517
723,100,traj_dorc,0.0857699618772369,0.0,1,0.721,0.5416,1.6,,d5-c1-n0.1-m3,5,1,0.1,3,-39.1042194433172
723,100,kmetric_dorc,0.2332361303429121,0.009362197423881,4,0.721,0.5416,63.8,,d5-c1-n0.1-m3,5,1,0.1,3,-39.1042194433172
723,100,fbkernel_orc,0.2314212038358548,0.0065318380702264,4,0.721,0.5416,63.8,,d5-c1-n0.1-m3,5,1,0.1,3,-39.1042194433172
726,100,traj_dorc,0.2002024879575032,0.0,1,0.714,0.4252,1.4,,d5-c1-n0.1-m6,5,1,0.1,6,-27.36501286887357
726,100,kmetric_dorc,0.3233469329830265,0.0338712100054534,4,0.714,0.4252,60.9,,d5-c1-n0.1-m6,5,1,0.1,6,-27.36501286887357
726,100,fbkernel_orc,0.2265747857067968,0.0495252432898624,4,0.714,0.4252,60.9,,d5-c1-n0.1-m6,5,1,0.1,6,-27.36501286887357
729,100,traj_dorc,0.2831367912038531,0.0,1,0.709,0.4287,1.1,,d5-c1-n0.1-m9,5,1,0.1,9,12.657273566920678
729,100,kmetric_dorc,0.3705455042451726,0.0314883232685353,4,0.709,0.4287,60.7,,d5-c1-n0.1-m9,5,1,0.1,9,12.657273566920678
729,100,fbkernel_orc,0.3098571455073138,0.0206450445579409,4,0.709,0.4287,60.7,,d5-c1-n0.1-m9,5,1,0.1,9,12.657273566920678
732,100,traj_dorc,0.1284775913758369,0.0,1,0.734,0.0,1.4,,d5-c1-n0.1-m12,5,1,0.1,12,-36.76476047112881
732,100,kmetric_dorc,0.2259389661699126,0.0341222192199776,4,0.734,0.0,63.3,,d5-c1-n0.1-m12,5,1,0.1,12,-36.76476047112881
732,100,fbkernel_orc,0.2349423137228628,0.0334955077054166,4,0.734,0.0,63.3,,d5-c1-n0.1-m12,5,1,0.1,12,-36.76476047112881
750,100,traj_dorc,0.1807520568859394,0.0,1,0.748,0.0,1.4,,d5-c1-n0.2-m0,5,1,0.2,0,-64.8943072100459
750,100,kmetric_dorc,0.2652327696567967,0.030524072117607,4,0.748,0.0,66.2,,d5-c1-n0.2-m0,5,1,0.2,0,-64.8943072100459
750,100,fbkernel_orc,0.1345836319778168,0.048262203189008,4,0.748,0.0,66.2,,d5-c1-n0.2-m0,5,1,0.2,0,-64.8943072100459
753,100,traj_dorc,0.2726750494330137,0.0,1,0.742,0.5074,1.5,,d5-c1-n0.2-m3,5,1,0.2,3,-27.36167081917381
753,100,kmetric_dorc,0.2360076405150168,0.0483654704722424,4,0.742,0.5074,68.0,,d5-c1-n0.2-m3,5,1,0.2,3,-27.36167081917381
753,100,fbkernel_orc,0.2226020994114243,0.024947239947043,4,0.742,0.5074,68.0,,d5-c1-n0.2-m3,5,1,0.2,3,-27.36167081917381
756,100,traj_dorc,0.2486377894221633,0.0,1,0.737,0.3506,1.2,,d5-c1-n0.2-m6,5,1,0.2,6,-36.6631065153695
756,100,kmetric_dorc,0.2622342510254009,0.0383670121617986,4,0.737,0.3506,66.6,,d5-c1-n0.2-m6,5,1,0.2,6,-36.6631065153695
756,100,fbkernel_orc,0.2619466538637256,0.0378065525303689,4,0.737,0.3506,66.6,,d5-c1-n0.2-m6,5,1,0.2,6,-36.6631065153695
759,100,traj_dorc,0.1539293994234041,0.0,1,0.737,0.4974,1.3,,d5-c1-n0.2-m9,5,1,0.2,9,-18.93721874462364
759,100,kmetric_dorc,0.3018377847722855,0.0785848751606468,4,0.737,0.4974,68.0,,d5-c1-n0.2-m9,5,1,0.2,9,-18.93721874462364
759,100,fbkernel_orc,0.2379082011681567,0.0235905080884076,4,0.737,0.4974,68.0,,d5-c1-n0.2-m9,5,1,0.2,9,-18.93721874462364
762,100,traj_dorc,0.1877792880764656,0.0,1,0.75,0.2382,1.4,,d5-c1-n0.2-m12,5,1,0.2,12,-19.633812002494803
762,100,kmetric_dorc,0.1880860633547205,0.032228352116204,4,0.75,0.2382,70.2,,d5-c1-n0.2-m12,5,1,0.2,12,-19.633812002494803
762,100,fbkernel_orc,0.1443749608674965,0.0443326696947526,4,0.75,0.2382,70.2,,d5-c1-n0.2-m12,5,1,0.2,12,-19.633812002494803
780,100,traj_dorc,0.2800098268221804,0.0,1,0.707,0.6102,1.5,,d6-c1-n0.01-m0,6,1,0.01,0,-45.54654777327077
780,100,kmetric_dorc,0.3310130206186662,0.0151278649940827,4,0.707,0.6102,68.2,,d6-c1-n0.01-m0,6,1,0.01,0,-45.54654777327077
780,100,fbkernel_orc,0.2510243186032705,0.0423516094739703,4,0.707,0.6102,68.2,,d6-c1-n0.01-m0,6,1,0.01,0,-45.54654777327077
783,100,traj_dorc,0.2744469929033709,0.0,1,0.741,0.0,1.5,,d6-c1-n0.01-m3,6,1,0.01,3,-42.99969305482514
783,100,kmetric_dorc,0.3155496514422112,0.0398626331130066,4,0.741,0.0,71.4,,d6-c1-n0.01-m3,6,1,0.01,3,-42.99969305482514
783,100,fbkernel_orc,0.3703538540154143,0.0352170796797861,4,0.741,0.0,71.4,,d6-c1-n0.01-m3,6,1,0.01,3,-42.99969305482514
786,100,traj_dorc,0.3946402660928962,0.0,1,0.744,0.0,1.2,,d6-c1-n0.01-m6,6,1,0.01,6,19.57578791881146
786,100,kmetric_dorc,0.4329833887685769,0.0473678773767718,4,0.744,0.0,70.2,,d6-c1-n0.01-m6,6,1,0.01,6,19.57578791881146
786,100,fbkernel_orc,0.3895069774067795,0.0291724365010536,4,0.744,0.0,70.2,,d6-c1-n0.01-m6,6,1,0.01,6,19.57578791881146
789,100,traj_dorc,0.2169220698262007,0.0,1,0.734,0.3621,1.4,,d6-c1-n0.01-m9,6,1,0.01,9,-43.329784414216405
789,100,kmetric_dorc,0.3288197551761766,0.0289753592584634,4,0.734,0.3621,71.6,,d6-c1-n0.01-m9,6,1,0.01,9,-43.329784414216405
789,100,fbkernel_orc,0.2014168451949713,0.0263980762233426,4,0.734,0.3621,71.6,,d6-c1-n0.01-m9,6,1,0.01,9,-43.329784414216405
792,100,traj_dorc,0.2739343523027337,0.0,1,0.748,0.57,1.4,,d6-c1-n0.01-m12,6,1,0.01,12,-38.33381100352402
792,100,kmetric_dorc,0.266342243464436,0.0163100065636924,4,0.748,0.57,71.1,,d6-c1-n0.01-m12,6,1,0.01,12,-38.33381100352402
792,100,fbkernel_orc,0.2503229558116834,0.0828029361118635,4,0.748,0.57,71.1,,d6-c1-n0.01-m12,6,1,0.01,12,-38.33381100352402
810,100,traj_dorc,0.2185422454300299,0.0,1,0.737,0.0,1.7,,d6-c1-n0.05-m0,6,1,0.05,0,-50.04826371600894
810,100,kmetric_dorc,0.3459975582822091,0.0329839067918851,4,0.737,0.0,71.8,,d6-c1-n0.05-m0,6,1,0.05,0,-50.04826371600894
810,100,fbkernel_orc,0.3247507978131328,0.0164650460156856,4,0.737,0.0,71.8,,d6-c1-n0.05-m0,6,1,0.05,0,-50.04826371600894
813,100,traj_dorc,0.2013303226607571,0.0,1,0.743,0.0,1.7,,d6-c1-n0.05-m3,6,1,0.05,3,-23.29512109554493
813,100,kmetric_dorc,0.3719338333047882,0.0273826476499919,4,0.743,0.0,71.7,,d6-c1-n0.05-m3,6,1,0.05,3,-23.29512109554493
813,100,fbkernel_orc,0.2961837538123549,0.0177360509414931,4,0.743,0.0,71.7,,d6-c1-n0.05-m3,6,1,0.05,3,-23.29512109554493
816,100,traj_dorc,0.3121871942321967,0.0,1,0.759,0.0,1.4,,d6-c1-n0.05-m6,6,1,0.05,6,20.366556504039107
816,100,kmetric_dorc,0.3622811967514072,0.0306143228708766,4,0.759,0.0,72.4,,d6-c1-n0.05-m6,6,1,0.05,6,20.366556504039107
816,100,fbkernel_orc,0.2847635838015944,0.0343639300677133,4,0.759,0.0,72.4,,d6-c1-n0.05-m6,6,1,0.05,6,20.366556504039107
819,100,traj_dorc,0.2865197758268969,0.0,1,0.764,0.0,1.7,,d6-c1-n0.05-m9,6,1,0.05,9,18.013705493536783
819,100,kmetric_dorc,0.3587585436521633,0.0437119673013697,4,0.764,0.0,74.9,,d6-c1-n0.05-m9,6,1,0.05,9,18.013705493536783
819,100,fbkernel_orc,0.2987453783276228,0.0150447665281491,4,0.764,0.0,74.9,,d6-c1-n0.05-m9,6,1,0.05,9,18.013705493536783
822,100,traj_dorc,0.2555350522970583,0.0,1,0.727,0.0,1.5,,d6-c1-n0.05-m12,6,1,0.05,12,-7.917380679276863
822,100,kmetric_dorc,0.356722367656833,0.0582219197876698,4,0.727,0.0,75.7,,d6-c1-n0.05-m12,6,1,0.05,12,-7.917380679276863
822,100,fbkernel_orc,0.33401835909748,0.0221535132616863,4,0.727,0.0,75.7,,d6-c1-n0.05-m12,6,1,0.05,12,-7.917380679276863
840,100,traj_dorc,0.1944891416316307,0.0,1,0.74,0.0,1.8,,d6-c1-n0.1-m0,6,1,0.1,0,-39.57480106909405
840,100,kmetric_dorc,0.30402954520131,0.0080769576662792,4,0.74,0.0,76.1,,d6-c1-n0.1-m0,6,1,0.1,0,-39.57480106909405
840,100,fbkernel_orc,0.3461858631010847,0.0250617638435339,4,0.74,0.0,76.1,,d6-c1-n0.1-m0,6,1,0.1,0,-39.57480106909405
843,100,traj_dorc,0.2298927072059332,0.0,1,0.732,0.0,1.6,,d6-c1-n0.1-m3,6,1,0.1,3,-67.23454284811166
843,100,kmetric_dorc,0.3106135170690438,0.0306020165108221,4,0.732,0.0,77.0,,d6-c1-n0.1-m3,6,1,0.1,3,-67.23454284811166
843,100,fbkernel_orc,0.2823028244917834,0.0326574694681422,4,0.732,0.0,77.0,,d6-c1-n0.1-m3,6,1,0.1,3,-67.23454284811166
846,100,traj_dorc,0.3298186597700687,0.0,1,0.738,0.0,1.4,,d6-c1-n0.1-m6,6,1,0.1,6,68.02202730824673
846,100,kmetric_dorc,0.4437472936373222,0.0856882493123604,4,0.738,0.0,73.3,,d6-c1-n0.1-m6,6,1,0.1,6,68.02202730824673
846,100,fbkernel_orc,0.4005788442015896,0.0205303537145256,4,0.738,0.0,73.3,,d6-c1-n0.1-m6,6,1,0.1,6,68.02202730824673
849,100,traj_dorc,0.2669234997777246,0.0,1,0.734,0.0,1.4,,d6-c1-n0.1-m9,6,1,0.1,9,-69.16244751925056
849,100,kmetric_dorc,0.3655442560134615,0.0316447486316554,4,0.734,0.0,70.3,,d6-c1-n0.1-m9,6,1,0.1,9,-69.16244751925056
849,100,fbkernel_orc,0.3321922851434185,0.0369463178741467,4,0.734,0.0,70.3,,d6-c1-n0.1-m9,6,1,0.1,9,-69.16244751925056
852,100,traj_dorc,0.2521043060698149,0.0,1,0.753,0.0,1.8,,d6-c1-n0.1-m12,6,1,0.1,12,-29.39241479183089
852,100,kmetric_dorc,0.3585594069223534,0.0298452751337317,4,0.753,0.0,67.1,,d6-c1-n0.1-m12,6,1,0.1,12,-29.39241479183089
852,100,fbkernel_orc,0.3030308857979288,0.0387136148857014,4,0.753,0.0,67.1,,d6-c1-n0.1-m12,6,1,0.1,12,-29.39241479183089
870,100,traj_dorc,0.1545221745709286,0.0,1,0.721,0.0,1.8,,d6-c1-n0.2-m0,6,1,0.2,0,-34.693294949412
870,100,kmetric_dorc,0.3156746921229785,0.0651707336180614,4,0.721,0.0,59.3,,d6-c1-n0.2-m0,6,1,0.2,0,-34.693294949412
870,100,fbkernel_orc,0.315670299042149,0.0399187005728829,4,0.721,0.0,59.3,,d6-c1-n0.2-m0,6,1,0.2,0,-34.693294949412
873,100,traj_dorc,0.2569685283888885,0.0,1,0.732,0.5811,1.4,,d6-c1-n0.2-m3,6,1,0.2,3,-50.45518735514644
873,100,kmetric_dorc,0.2303436417904412,0.0513542276004555,4,0.732,0.5811,59.7,,d6-c1-n0.2-m3,6,1,0.2,3,-50.45518735514644
873,100,fbkernel_orc,0.2853006270318491,0.0375540750056992,4,0.732,0.5811,59.7,,d6-c1-n0.2-m3,6,1,0.2,3,-50.45518735514644
876,100,traj_dorc,0.2778065185722917,0.0,1,0.748,0.0,1.4,,d6-c1-n0.2-m6,6,1,0.2,6,-71.87814112792898
876,100,kmetric_dorc,0.2093961073930071,0.0359094481654474,4,0.748,0.0,58.5,,d6-c1-n0.2-m6,6,1,0.2,6,-71.87814112792898
876,100,fbkernel_orc,0.2082725574864848,0.0310833951305738,4,0.748,0.0,58.5,,d6-c1-n0.2-m6,6,1,0.2,6,-71.87814112792898
879,100,traj_dorc,0.2993422224895958,0.0,1,0.736,0.0,1.4,,d6-c1-n0.2-m9,6,1,0.2,9,-34.01810499140309
879,100,kmetric_dorc,0.3287271684517703,0.0104847699352758,4,0.736,0.0,63.8,,d6-c1-n0.2-m9,6,1,0.2,9,-34.01810499140309
879,100,fbkernel_orc,0.2464391282401063,0.0364677861537891,4,0.736,0.0,63.8,,d6-c1-n0.2-m9,6,1,0.2,9,-34.01810499140309
882,100,traj_dorc,0.1826488658490278,0.0,1,0.719,0.4214,1.4,,d6-c1-n0.2-m12,6,1,0.2,12,-34.46401744692712
882,100,kmetric_dorc,0.3754686140039319,0.0438118347954107,4,0.719,0.4214,69.0,,d6-c1-n0.2-m12,6,1,0.2,12,-34.46401744692712
882,100,fbkernel_orc,0.280337675213463,0.0637858141033776,4,0.719,0.4214,69.0,,d6-c1-n0.2-m12,6,1,0.2,12,-34.46401744692712
300,500,traj_dorc,0.0287180655187858,0.0,1,0.994,0.0,3.2,,d2-c1-n0.01-m0,2,1,0.01,0,-4.073403328580132
300,500,kmetric_dorc,-0.1033014814448702,0.0218300329793284,4,0.994,0.0,354.2,,d2-c1-n0.01-m0,2,1,0.01,0,-4.073403328580132
300,500,fbkernel_orc,-0.1198458230971223,0.0520426891087996,4,0.994,0.0,354.2,,d2-c1-n0.01-m0,2,1,0.01,0,-4.073403328580132
303,500,traj_dorc,0.0250441715302138,0.0,1,0.994,0.0,2.1,,d2-c1-n0.01-m3,2,1,0.01,3,-1.704752151195842
303,500,kmetric_dorc,-0.0697057005572568,0.0245075460653977,4,0.994,0.0,349.1,,d2-c1-n0.01-m3,2,1,0.01,3,-1.704752151195842
303,500,fbkernel_orc,-0.1684791375906043,0.0456455790738291,4,0.994,0.0,349.1,,d2-c1-n0.01-m3,2,1,0.01,3,-1.704752151195842
306,500,traj_dorc,-0.0680432074889515,0.0,1,0.997,0.0,2.4,,d2-c1-n0.01-m6,2,1,0.01,6,-8.964351133510938
306,500,kmetric_dorc,-0.0374465595724184,0.0172920452197128,4,0.997,0.0,348.6,,d2-c1-n0.01-m6,2,1,0.01,6,-8.964351133510938
306,500,fbkernel_orc,-0.184601223312449,0.0251976266679956,4,0.997,0.0,348.6,,d2-c1-n0.01-m6,2,1,0.01,6,-8.964351133510938
309,500,traj_dorc,-0.048355854699804,0.0,1,0.995,0.0,2.0,,d2-c1-n0.01-m9,2,1,0.01,9,-8.930072585381469
309,500,kmetric_dorc,-0.070363476667227,0.0153799352243454,4,0.995,0.0,350.2,,d2-c1-n0.01-m9,2,1,0.01,9,-8.930072585381469
309,500,fbkernel_orc,-0.1926046963070191,0.0470576963509658,4,0.995,0.0,350.2,,d2-c1-n0.01-m9,2,1,0.01,9,-8.930072585381469
312,500,traj_dorc,0.0215519377773068,0.0,1,0.993,0.0,2.2,,d2-c1-n0.01-m12,2,1,0.01,12,-0.8978601744396698
312,500,kmetric_dorc,0.0051617140426798,0.0513591751779385,4,0.993,0.0,345.5,,d2-c1-n0.01-m12,2,1,0.01,12,-0.8978601744396698
312,500,fbkernel_orc,-0.1654589774351286,0.0368469630447367,4,0.993,0.0,345.5,,d2-c1-n0.01-m12,2,1,0.01,12,-0.8978601744396698
330,500,traj_dorc,0.0898164524553915,0.0,1,0.996,0.0,2.1,,d2-c1-n0.05-m0,2,1,0.05,0,0.1641133119551789
330,500,kmetric_dorc,-0.0530613109170127,0.040315076136684,4,0.996,0.0,346.4,,d2-c1-n0.05-m0,2,1,0.05,0,0.1641133119551789
330,500,fbkernel_orc,-0.0647231171015306,0.0348892888212957,4,0.996,0.0,346.4,,d2-c1-n0.05-m0,2,1,0.05,0,0.1641133119551789
333,500,traj_dorc,-0.0344169117187743,0.0,1,0.992,0.0,2.1,,d2-c1-n0.05-m3,2,1,0.05,3,-0.0201398711714281
333,500,kmetric_dorc,-0.0856127192117879,0.015580307785022,4,0.992,0.0,342.7,,d2-c1-n0.05-m3,2,1,0.05,3,-0.0201398711714281
333,500,fbkernel_orc,-0.1153020637080564,0.035051770459103,4,0.992,0.0,342.7,,d2-c1-n0.05-m3,2,1,0.05,3,-0.0201398711714281
336,500,traj_dorc,-0.0035836973108715,0.0,1,0.995,0.0,2.2,,d2-c1-n0.05-m6,2,1,0.05,6,-2.880567788146728
336,500,kmetric_dorc,-0.1000747475971761,0.027108179100088,4,0.995,0.0,340.2,,d2-c1-n0.05-m6,2,1,0.05,6,-2.880567788146728
336,500,fbkernel_orc,-0.1198531343867404,0.0311454785355072,4,0.995,0.0,340.2,,d2-c1-n0.05-m6,2,1,0.05,6,-2.880567788146728
339,500,traj_dorc,-0.1526079036139849,0.0,1,0.995,0.0,2.0,,d2-c1-n0.05-m9,2,1,0.05,9,-11.98291658411206
339,500,kmetric_dorc,-0.1058168727296779,0.022069607371668,4,0.995,0.0,339.3,,d2-c1-n0.05-m9,2,1,0.05,9,-11.98291658411206
339,500,fbkernel_orc,-0.1292844404237165,0.0452357314875161,4,0.995,0.0,339.3,,d2-c1-n0.05-m9,2,1,0.05,9,-11.98291658411206
342,500,traj_dorc,-0.0152603943800518,0.0,1,0.996,0.0,2.0,,d2-c1-n0.05-m12,2,1,0.05,12,-19.350068753652508
342,500,kmetric_dorc,-0.0357757148101747,0.0420688049909972,4,0.996,0.0,339.0,,d2-c1-n0.05-m12,2,1,0.05,12,-19.350068753652508
342,500,fbkernel_orc,-0.0347346605902127,0.0165802228001837,4,0.996,0.0,339.0,,d2-c1-n0.05-m12,2,1,0.05,12,-19.350068753652508
360,500,traj_dorc,0.0207941232373182,0.0,1,0.997,0.0,1.8,,d2-c1-n0.1-m0,2,1,0.1,0,-0.2773082867850632
360,500,kmetric_dorc,-0.0182097361254735,0.010039550836928,4,0.997,0.0,336.1,,d2-c1-n0.1-m0,2,1,0.1,0,-0.2773082867850632
360,500,fbkernel_orc,-0.1410106953719046,0.0524188391762069,4,0.997,0.0,336.1,,d2-c1-n0.1-m0,2,1,0.1,0,-0.2773082867850632
363,500,traj_dorc,0.1279278463941181,0.0,1,0.999,0.0,1.8,,d2-c1-n0.1-m3,2,1,0.1,3,-0.1957350610295782
363,500,kmetric_dorc,0.0064070746488964,0.042876960323728,4,0.999,0.0,338.0,,d2-c1-n0.1-m3,2,1,0.1,3,-0.1957350610295782
363,500,fbkernel_orc,-0.0259183418139579,0.0244031137849728,4,0.999,0.0,338.0,,d2-c1-n0.1-m3,2,1,0.1,3,-0.1957350610295782
366,500,traj_dorc,0.326709257175421,0.0,1,0.995,0.0,2.0,,d2-c1-n0.1-m6,2,1,0.1,6,-3.606518083255943
366,500,kmetric_dorc,-0.0046817085015742,0.0400128013678563,4,0.995,0.0,336.2,,d2-c1-n0.1-m6,2,1,0.1,6,-3.606518083255943
366,500,fbkernel_orc,-0.0170804370371415,0.0253431409681549,4,0.995,0.0,336.2,,d2-c1-n0.1-m6,2,1,0.1,6,-3.606518083255943
369,500,traj_dorc,0.0569491006746931,0.0,1,0.995,0.0,1.4,,d2-c1-n0.1-m9,2,1,0.1,9,1.4450793517878724
369,500,kmetric_dorc,-0.0144045664143562,0.0321694945419733,4,0.995,0.0,336.2,,d2-c1-n0.1-m9,2,1,0.1,9,1.4450793517878724
369,500,fbkernel_orc,-0.0717100669075268,0.0273899494082073,4,0.995,0.0,336.2,,d2-c1-n0.1-m9,2,1,0.1,9,1.4450793517878724
372,500,traj_dorc,0.0243696101108064,0.0,1,0.998,0.0,1.8,,d2-c1-n0.1-m12,2,1,0.1,12,-0.6620962286516345
372,500,kmetric_dorc,-0.0312288605519269,0.0827342977712203,4,0.998,0.0,333.8,,d2-c1-n0.1-m12,2,1,0.1,12,-0.6620962286516345
372,500,fbkernel_orc,-0.0251932423762114,0.0614289660657494,4,0.998,0.0,333.8,,d2-c1-n0.1-m12,2,1,0.1,12,-0.6620962286516345
390,500,traj_dorc,-0.00942139090446,0.0,1,0.997,0.0,2.2,,d2-c1-n0.2-m0,2,1,0.2,0,6.571277573877722
390,500,kmetric_dorc,-0.0103526345482899,0.0352215976850487,4,0.997,0.0,331.8,,d2-c1-n0.2-m0,2,1,0.2,0,6.571277573877722
390,500,fbkernel_orc,-0.0069276109310552,0.0517894732260811,4,0.997,0.0,331.8,,d2-c1-n0.2-m0,2,1,0.2,0,6.571277573877722
393,500,traj_dorc,0.0412718176058987,0.0,1,0.998,0.0,1.3,,d2-c1-n0.2-m3,2,1,0.2,3,-10.420195506771478
393,500,kmetric_dorc,0.0581915275065491,0.0041280474006689,4,0.998,0.0,331.8,,d2-c1-n0.2-m3,2,1,0.2,3,-10.420195506771478
393,500,fbkernel_orc,0.030207702634967,0.0368401186553981,4,0.998,0.0,331.8,,d2-c1-n0.2-m3,2,1,0.2,3,-10.420195506771478
396,500,traj_dorc,0.045550278900202,0.0,1,0.996,0.0,2.0,,d2-c1-n0.2-m6,2,1,0.2,6,-19.90966868373765
396,500,kmetric_dorc,0.0387000307141623,0.0319866941832156,4,0.996,0.0,331.7,,d2-c1-n0.2-m6,2,1,0.2,6,-19.90966868373765
396,500,fbkernel_orc,0.015664491394041,0.0309026074965941,4,0.996,0.0,331.7,,d2-c1-n0.2-m6,2,1,0.2,6,-19.90966868373765
399,500,traj_dorc,-0.0237732038379143,0.0,1,0.996,0.0,1.4,,d2-c1-n0.2-m9,2,1,0.2,9,0.678826668015989
399,500,kmetric_dorc,0.0347330252069682,0.0690306517237906,4,0.996,0.0,329.9,,d2-c1-n0.2-m9,2,1,0.2,9,0.678826668015989
399,500,fbkernel_orc,-0.0235145329975037,0.0195369866140565,4,0.996,0.0,329.9,,d2-c1-n0.2-m9,2,1,0.2,9,0.678826668015989
402,500,traj_dorc,0.0241541239291651,0.0,1,0.998,0.0,1.8,,d2-c1-n0.2-m12,2,1,0.2,12,5.287646988969231
402,500,kmetric_dorc,0.0797139586324461,0.029755053980796,4,0.998,0.0,330.1,,d2-c1-n0.2-m12,2,1,0.2,12,5.287646988969231
402,500,fbkernel_orc,0.034427938183377,0.0255363287127228,4,0.998,0.0,330.1,,d2-c1-n0.2-m12,2,1,0.2,12,5.287646988969231
420,500,traj_dorc,-0.0423963731117008,0.0,1,0.998,0.0,1.4,,d3-c1-n0.01-m0,3,1,0.01,0,1.2257813837761642
420,500,kmetric_dorc,0.1164311924688349,0.0308842662243775,4,0.998,0.0,330.2,,d3-c1-n0.01-m0,3,1,0.01,0,1.2257813837761642
420,500,fbkernel_orc,0.1112173474333866,0.0330391072562199,4,0.998,0.0,330.2,,d3-c1-n0.01-m0,3,1,0.01,0,1.2257813837761642
423,500,traj_dorc,-0.0932097632392869,0.0,1,0.997,0.0,1.4,,d3-c1-n0.01-m3,3,1,0.01,3,-4.375614595954051
423,500,kmetric_dorc,0.1165165837970416,0.0306823133741844,4,0.997,0.0,328.2,,d3-c1-n0.01-m3,3,1,0.01,3,-4.375614595954051
423,500,fbkernel_orc,0.0860938892784846,0.0286224124637199,4,0.997,0.0,328.2,,d3-c1-n0.01-m3,3,1,0.01,3,-4.375614595954051
426,500,traj_dorc,-0.0393161136371247,0.0,1,0.998,0.0,1.5,,d3-c1-n0.01-m6,3,1,0.01,6,-3.8235642778157457
426,500,kmetric_dorc,0.0333437171648343,0.0716804192460661,4,0.998,0.0,329.1,,d3-c1-n0.01-m6,3,1,0.01,6,-3.8235642778157457
426,500,fbkernel_orc,0.0222239756383911,0.0130118428764898,4,0.998,0.0,329.1,,d3-c1-n0.01-m6,3,1,0.01,6,-3.8235642778157457
429,500,traj_dorc,-0.0389799247457273,0.0,1,0.999,0.0,1.5,,d3-c1-n0.01-m9,3,1,0.01,9,-16.296502183721266
429,500,kmetric_dorc,0.0750695225591953,0.0177663951842381,4,0.999,0.0,328.2,,d3-c1-n0.01-m9,3,1,0.01,9,-16.296502183721266
429,500,fbkernel_orc,0.0746039764228428,0.0327962060653896,4,0.999,0.0,328.2,,d3-c1-n0.01-m9,3,1,0.01,9,-16.296502183721266
432,500,traj_dorc,-0.1656768357335827,0.0,1,0.998,0.0,1.6,,d3-c1-n0.01-m12,3,1,0.01,12,-15.026763600360248
432,500,kmetric_dorc,0.0293623461590494,0.0166659665613412,4,0.998,0.0,331.2,,d3-c1-n0.01-m12,3,1,0.01,12,-15.026763600360248
432,500,fbkernel_orc,0.0466586405537286,0.0193436515035383,4,0.998,0.0,331.2,,d3-c1-n0.01-m12,3,1,0.01,12,-15.026763600360248
450,500,traj_dorc,-0.1610555950727959,0.0,1,0.998,0.0,1.6,,d3-c1-n0.05-m0,3,1,0.05,0,-24.89523765054504
450,500,kmetric_dorc,0.0539466034457461,0.0357936200939641,4,0.998,0.0,327.5,,d3-c1-n0.05-m0,3,1,0.05,0,-24.89523765054504
450,500,fbkernel_orc,0.106321528673185,0.0331699412955,4,0.998,0.0,327.5,,d3-c1-n0.05-m0,3,1,0.05,0,-24.89523765054504
453,500,traj_dorc,-0.0258959432118572,0.0,1,0.995,0.0,1.5,,d3-c1-n0.05-m3,3,1,0.05,3,16.800746756883633
453,500,kmetric_dorc,0.1119996233287542,0.0431541469526592,4,0.995,0.0,327.5,,d3-c1-n0.05-m3,3,1,0.05,3,16.800746756883633
453,500,fbkernel_orc,0.0579528658021828,0.0578729912298143,4,0.995,0.0,327.5,,d3-c1-n0.05-m3,3,1,0.05,3,16.800746756883633
456,500,traj_dorc,-0.0820595340271322,0.0,1,0.997,0.0,1.6,,d3-c1-n0.05-m6,3,1,0.05,6,-10.086395056679647
456,500,kmetric_dorc,0.0371743669511845,0.0358610219998467,4,0.997,0.0,331.3,,d3-c1-n0.05-m6,3,1,0.05,6,-10.086395056679647
456,500,fbkernel_orc,0.0757280525793675,0.0307328655298317,4,0.997,0.0,331.3,,d3-c1-n0.05-m6,3,1,0.05,6,-10.086395056679647
459,500,traj_dorc,-0.0137534047631854,0.0,1,0.997,0.0,1.5,,d3-c1-n0.05-m9,3,1,0.05,9,3.218057928153633
459,500,kmetric_dorc,0.0597947911940125,0.0214828594539493,4,0.997,0.0,329.4,,d3-c1-n0.05-m9,3,1,0.05,9,3.218057928153633
459,500,fbkernel_orc,0.0759152538015184,0.0387554032955554,4,0.997,0.0,329.4,,d3-c1-n0.05-m9,3,1,0.05,9,3.218057928153633
462,500,traj_dorc,0.029514233182565,0.0,1,0.996,0.0,1.6,,d3-c1-n0.05-m12,3,1,0.05,12,4.789913485957336
462,500,kmetric_dorc,0.0592416134995276,0.0379599064525153,4,0.996,0.0,329.7,,d3-c1-n0.05-m12,3,1,0.05,12,4.789913485957336
462,500,fbkernel_orc,0.027849009603776,0.0241306809877195,4,0.996,0.0,329.7,,d3-c1-n0.05-m12,3,1,0.05,12,4.789913485957336
480,500,traj_dorc,-0.0589597434768386,0.0,1,0.995,0.0,1.7,,d3-c1-n0.1-m0,3,1,0.1,0,10.984687542340705
480,500,kmetric_dorc,0.0840209785125346,0.045945788825268,4,0.995,0.0,330.5,,d3-c1-n0.1-m0,3,1,0.1,0,10.984687542340705
480,500,fbkernel_orc,0.0373524766910573,0.0262343613599268,4,0.995,0.0,330.5,,d3-c1-n0.1-m0,3,1,0.1,0,10.984687542340705
483,500,traj_dorc,-0.0464149282985706,0.0,1,0.996,0.0,1.6,,d3-c1-n0.1-m3,3,1,0.1,3,4.107036960514779
483,500,kmetric_dorc,0.0867960328409581,0.0474559274562364,4,0.996,0.0,328.2,,d3-c1-n0.1-m3,3,1,0.1,3,4.107036960514779
483,500,fbkernel_orc,0.0873107856765061,0.0139617416336779,4,0.996,0.0,328.2,,d3-c1-n0.1-m3,3,1,0.1,3,4.107036960514779
486,500,traj_dorc,-0.0599977264338209,0.0,1,0.997,0.0,1.6,,d3-c1-n0.1-m6,3,1,0.1,6,-2.2494890599102795
486,500,kmetric_dorc,0.0418346975337179,0.0172840656629702,4,0.997,0.0,328.0,,d3-c1-n0.1-m6,3,1,0.1,6,-2.2494890599102795
486,500,fbkernel_orc,0.0879601803920344,0.056358525165132,4,0.997,0.0,328.0,,d3-c1-n0.1-m6,3,1,0.1,6,-2.2494890599102795
489,500,traj_dorc,-0.0550225113507897,0.0,1,0.997,0.0,1.7,,d3-c1-n0.1-m9,3,1,0.1,9,-5.530406551054341
489,500,kmetric_dorc,0.0452138046221414,0.0432434066472793,4,0.997,0.0,329.3,,d3-c1-n0.1-m9,3,1,0.1,9,-5.530406551054341
489,500,fbkernel_orc,0.0536351557454475,0.0467629807471039,4,0.997,0.0,329.3,,d3-c1-n0.1-m9,3,1,0.1,9,-5.530406551054341
492,500,traj_dorc,-0.0627320005593435,0.0,1,0.995,0.0,1.7,,d3-c1-n0.1-m12,3,1,0.1,12,0.3353985029380055
492,500,kmetric_dorc,0.0944398080064779,0.0151172932162432,4,0.995,0.0,328.7,,d3-c1-n0.1-m12,3,1,0.1,12,0.3353985029380055
492,500,fbkernel_orc,0.1078789831113248,0.0325361876571003,4,0.995,0.0,328.7,,d3-c1-n0.1-m12,3,1,0.1,12,0.3353985029380055
510,500,traj_dorc,0.0496885417116346,0.0,1,0.996,0.0,1.9,,d3-c1-n0.2-m0,3,1,0.2,0,9.530164910380307
510,500,kmetric_dorc,0.1031331006888264,0.0532536459080835,4,0.996,0.0,328.8,,d3-c1-n0.2-m0,3,1,0.2,0,9.530164910380307
510,500,fbkernel_orc,0.0558441639979098,0.0566440985463326,4,0.996,0.0,328.8,,d3-c1-n0.2-m0,3,1,0.2,0,9.530164910380307
513,500,traj_dorc,-0.0722851187744948,0.0,1,0.997,0.0,2.0,,d3-c1-n0.2-m3,3,1,0.2,3,-4.361976627914746
513,500,kmetric_dorc,0.041217735827102,0.029748529210651,4,0.997,0.0,328.5,,d3-c1-n0.2-m3,3,1,0.2,3,-4.361976627914746
513,500,fbkernel_orc,0.0488765971499853,0.0574239958267843,4,0.997,0.0,328.5,,d3-c1-n0.2-m3,3,1,0.2,3,-4.361976627914746
516,500,traj_dorc,-0.0281441744454504,0.0,1,0.997,0.0,1.8,,d3-c1-n0.2-m6,3,1,0.2,6,-35.603562663735204
516,500,kmetric_dorc,0.0307489897882345,0.035408067705164,4,0.997,0.0,327.5,,d3-c1-n0.2-m6,3,1,0.2,6,-35.603562663735204
516,500,fbkernel_orc,0.0770986948121742,0.061910060681439,4,0.997,0.0,327.5,,d3-c1-n0.2-m6,3,1,0.2,6,-35.603562663735204
519,500,traj_dorc,0.1715223089845275,0.0,1,0.997,0.0,1.5,,d3-c1-n0.2-m9,3,1,0.2,9,2.771940661275317
519,500,kmetric_dorc,0.0938866686215401,0.052862405923976,4,0.997,0.0,328.3,,d3-c1-n0.2-m9,3,1,0.2,9,2.771940661275317
519,500,fbkernel_orc,0.1545453177223067,0.0368483580501559,4,0.997,0.0,328.3,,d3-c1-n0.2-m9,3,1,0.2,9,2.771940661275317
522,500,traj_dorc,0.1113515281675327,0.0,1,0.995,0.0,1.7,,d3-c1-n0.2-m12,3,1,0.2,12,-18.867196080469053
522,500,kmetric_dorc,0.1669563105273637,0.0596762469699009,4,0.995,0.0,329.2,,d3-c1-n0.2-m12,3,1,0.2,12,-18.867196080469053
522,500,fbkernel_orc,0.1287033002583142,0.0533892885950024,4,0.995,0.0,329.2,,d3-c1-n0.2-m12,3,1,0.2,12,-18.867196080469053
540,500,traj_dorc,-0.0362696861654705,0.0,1,0.997,0.0,2.2,,d4-c1-n0.01-m0,4,1,0.01,0,0.8640063178340975
540,500,kmetric_dorc,0.1816121349236293,0.0274443304319592,4,0.997,0.0,332.3,,d4-c1-n0.01-m0,4,1,0.01,0,0.8640063178340975
540,500,fbkernel_orc,0.1317897438106318,0.0415995699393583,4,0.997,0.0,332.3,,d4-c1-n0.01-m0,4,1,0.01,0,0.8640063178340975
543,500,traj_dorc,0.0781395322921294,0.0,1,0.998,0.0,2.3,,d4-c1-n0.01-m3,4,1,0.01,3,5.992532678039441
543,500,kmetric_dorc,0.1824717464993265,0.0371819087460824,4,0.998,0.0,329.4,,d4-c1-n0.01-m3,4,1,0.01,3,5.992532678039441
543,500,fbkernel_orc,0.2064645730879369,0.0588157069723483,4,0.998,0.0,329.4,,d4-c1-n0.01-m3,4,1,0.01,3,5.992532678039441
546,500,traj_dorc,0.0346427102056364,0.0,1,0.996,0.0,2.3,,d4-c1-n0.01-m6,4,1,0.01,6,-35.825477386408664
546,500,kmetric_dorc,0.1572763439374099,0.0493927854343533,4,0.996,0.0,328.8,,d4-c1-n0.01-m6,4,1,0.01,6,-35.825477386408664
546,500,fbkernel_orc,0.13783394976174,0.0214928157454397,4,0.996,0.0,328.8,,d4-c1-n0.01-m6,4,1,0.01,6,-35.825477386408664
549,500,traj_dorc,-0.0575407738093332,0.0,1,0.996,0.0,2.3,,d4-c1-n0.01-m9,4,1,0.01,9,-11.171970873719408
549,500,kmetric_dorc,0.1408614716874706,0.0644012830452376,4,0.996,0.0,327.6,,d4-c1-n0.01-m9,4,1,0.01,9,-11.171970873719408
549,500,fbkernel_orc,0.1596054585873079,0.0388879185934425,4,0.996,0.0,327.6,,d4-c1-n0.01-m9,4,1,0.01,9,-11.171970873719408
552,500,traj_dorc,-0.0802920778427149,0.0,1,0.999,0.0,2.3,,d4-c1-n0.01-m12,4,1,0.01,12,-11.163127979587726
552,500,kmetric_dorc,0.1593087831457624,0.0465971525837041,4,0.999,0.0,328.9,,d4-c1-n0.01-m12,4,1,0.01,12,-11.163127979587726
552,500,fbkernel_orc,0.1937744930108751,0.0278125308458975,4,0.999,0.0,328.9,,d4-c1-n0.01-m12,4,1,0.01,12,-11.163127979587726
570,500,traj_dorc,-0.0581974730593185,0.0,1,0.997,0.0,2.3,,d4-c1-n0.05-m0,4,1,0.05,0,-1.0376935627011612
570,500,kmetric_dorc,0.175851953292896,0.0312043639315809,4,0.997,0.0,327.8,,d4-c1-n0.05-m0,4,1,0.05,0,-1.0376935627011612
570,500,fbkernel_orc,0.202008302381477,0.0471620133599889,4,0.997,0.0,327.8,,d4-c1-n0.05-m0,4,1,0.05,0,-1.0376935627011612
573,500,traj_dorc,0.0042747809512483,0.0,1,0.997,0.0,2.2,,d4-c1-n0.05-m3,4,1,0.05,3,-30.16895284318092
573,500,kmetric_dorc,0.2222865667862483,0.036019794616204,4,0.997,0.0,328.5,,d4-c1-n0.05-m3,4,1,0.05,3,-30.16895284318092
573,500,fbkernel_orc,0.1799422280783831,0.0378911079272905,4,0.997,0.0,328.5,,d4-c1-n0.05-m3,4,1,0.05,3,-30.16895284318092
576,500,traj_dorc,-0.0346284712841379,0.0,1,0.996,0.0,2.3,,d4-c1-n0.05-m6,4,1,0.05,6,1.5495180423592505
576,500,kmetric_dorc,0.2203655983407898,0.0239654265973804,4,0.996,0.0,328.1,,d4-c1-n0.05-m6,4,1,0.05,6,1.5495180423592505
576,500,fbkernel_orc,0.1959881148899355,0.007853410346911,4,0.996,0.0,328.1,,d4-c1-n0.05-m6,4,1,0.05,6,1.5495180423592505
579,500,traj_dorc,0.0334546327646683,0.0,1,0.998,0.0,2.2,,d4-c1-n0.05-m9,4,1,0.05,9,-12.708320135998806
579,500,kmetric_dorc,0.1879446016071118,0.0464544057097728,4,0.998,0.0,327.8,,d4-c1-n0.05-m9,4,1,0.05,9,-12.708320135998806
579,500,fbkernel_orc,0.1594783317629619,0.0214769566536591,4,0.998,0.0,327.8,,d4-c1-n0.05-m9,4,1,0.05,9,-12.708320135998806
582,500,traj_dorc,0.0286440707393069,0.0,1,0.994,0.0,2.1,,d4-c1-n0.05-m12,4,1,0.05,12,-20.161306901824567
582,500,kmetric_dorc,0.2051361914857612,0.0249592478309661,4,0.994,0.0,327.8,,d4-c1-n0.05-m12,4,1,0.05,12,-20.161306901824567
582,500,fbkernel_orc,0.1850706395800329,0.029046214748029,4,0.994,0.0,327.8,,d4-c1-n0.05-m12,4,1,0.05,12,-20.161306901824567
600,500,traj_dorc,-0.0299119637242829,0.0,1,0.999,0.0,2.4,,d4-c1-n0.1-m0,4,1,0.1,0,-26.415311732361605
600,500,kmetric_dorc,0.1838817828883953,0.0419526330301817,4,0.999,0.0,329.8,,d4-c1-n0.1-m0,4,1,0.1,0,-26.415311732361605
600,500,fbkernel_orc,0.231089634999715,0.0321054927494181,4,0.999,0.0,329.8,,d4-c1-n0.1-m0,4,1,0.1,0,-26.415311732361605
603,500,traj_dorc,0.0670003579294811,0.0,1,0.997,0.0,2.2,,d4-c1-n0.1-m3,4,1,0.1,3,-9.190322083736802
603,500,kmetric_dorc,0.1622276403108992,0.0319444659636639,4,0.997,0.0,326.3,,d4-c1-n0.1-m3,4,1,0.1,3,-9.190322083736802
603,500,fbkernel_orc,0.231163794394614,0.0355226244740123,4,0.997,0.0,326.3,,d4-c1-n0.1-m3,4,1,0.1,3,-9.190322083736802
606,500,traj_dorc,-0.078207445314189,0.0,1,0.997,0.0,2.3,,d4-c1-n0.1-m6,4,1,0.1,6,-27.860036231503933
606,500,kmetric_dorc,0.1474961326209506,0.0326310710071274,4,0.997,0.0,327.7,,d4-c1-n0.1-m6,4,1,0.1,6,-27.860036231503933
606,500,fbkernel_orc,0.1181479331563536,0.0203519434480033,4,0.997,0.0,327.7,,d4-c1-n0.1-m6,4,1,0.1,6,-27.860036231503933
609,500,traj_dorc,-0.0424032511516412,0.0,1,0.998,0.0,2.4,,d4-c1-n0.1-m9,4,1,0.1,9,-0.0842488264840803
609,500,kmetric_dorc,0.1789658393960958,0.0574425085989157,4,0.998,0.0,330.7,,d4-c1-n0.1-m9,4,1,0.1,9,-0.0842488264840803
609,500,fbkernel_orc,0.2312948101681026,0.0529561080935575,4,0.998,0.0,330.7,,d4-c1-n0.1-m9,4,1,0.1,9,-0.0842488264840803
612,500,traj_dorc,0.0538878855567672,0.0,1,0.996,0.0,2.2,,d4-c1-n0.1-m12,4,1,0.1,12,2.082313981868797
612,500,kmetric_dorc,0.2488973992948653,0.0766483150650077,4,0.996,0.0,331.2,,d4-c1-n0.1-m12,4,1,0.1,12,2.082313981868797
612,500,fbkernel_orc,0.2591747846612733,0.0292946861534193,4,0.996,0.0,331.2,,d4-c1-n0.1-m12,4,1,0.1,12,2.082313981868797
630,500,traj_dorc,-0.085982403545163,0.0,1,0.998,0.0,2.1,,d4-c1-n0.2-m0,4,1,0.2,0,-3.558579726048665
630,500,kmetric_dorc,0.2391015373036562,0.0242012868058581,4,0.998,0.0,328.5,,d4-c1-n0.2-m0,4,1,0.2,0,-3.558579726048665
630,500,fbkernel_orc,0.1795818817992704,0.0193176274605617,4,0.998,0.0,328.5,,d4-c1-n0.2-m0,4,1,0.2,0,-3.558579726048665
633,500,traj_dorc,-0.034615210226604,0.0,1,0.998,0.0,2.4,,d4-c1-n0.2-m3,4,1,0.2,3,-15.94121826097334
633,500,kmetric_dorc,0.1751547455509333,0.0342295850055958,4,0.998,0.0,332.9,,d4-c1-n0.2-m3,4,1,0.2,3,-15.94121826097334
633,500,fbkernel_orc,0.1868418278986228,0.0364801330001081,4,0.998,0.0,332.9,,d4-c1-n0.2-m3,4,1,0.2,3,-15.94121826097334
636,500,traj_dorc,0.0310380785584747,0.0,1,0.997,0.0,2.2,,d4-c1-n0.2-m6,4,1,0.2,6,-29.21622157395343
636,500,kmetric_dorc,0.2207574855294764,0.03560142541473,4,0.997,0.0,332.0,,d4-c1-n0.2-m6,4,1,0.2,6,-29.21622157395343
636,500,fbkernel_orc,0.192639600474354,0.0374285309945346,4,0.997,0.0,332.0,,d4-c1-n0.2-m6,4,1,0.2,6,-29.21622157395343
639,500,traj_dorc,-0.1181548604932014,0.0,1,0.997,0.0,2.2,,d4-c1-n0.2-m9,4,1,0.2,9,-57.772627160556176
639,500,kmetric_dorc,0.1391737379868718,0.033649953706698,4,0.997,0.0,334.3,,d4-c1-n0.2-m9,4,1,0.2,9,-57.772627160556176
639,500,fbkernel_orc,0.1679510893063217,0.0336603011908063,4,0.997,0.0,334.3,,d4-c1-n0.2-m9,4,1,0.2,9,-57.772627160556176
642,500,traj_dorc,-0.0732530758452947,0.0,1,0.996,0.0,2.4,,d4-c1-n0.2-m12,4,1,0.2,12,-15.484538294325528
642,500,kmetric_dorc,0.2046422670622542,0.0337715355077335,4,0.996,0.0,338.8,,d4-c1-n0.2-m12,4,1,0.2,12,-15.484538294325528
642,500,fbkernel_orc,0.2107047455293119,0.043442940129418,4,0.996,0.0,338.8,,d4-c1-n0.2-m12,4,1,0.2,12,-15.484538294325528
660,500,traj_dorc,0.1540138485488388,0.0,1,0.998,0.0,2.2,,d5-c1-n0.01-m0,5,1,0.01,0,1.9053751696081136
660,500,kmetric_dorc,0.2422780799693039,0.0413996621276673,4,0.998,0.0,335.7,,d5-c1-n0.01-m0,5,1,0.01,0,1.9053751696081136
660,500,fbkernel_orc,0.3106246801598954,0.0208323657399068,4,0.998,0.0,335.7,,d5-c1-n0.01-m0,5,1,0.01,0,1.9053751696081136
663,500,traj_dorc,0.1717566804644737,0.0,1,0.998,0.0,2.2,,d5-c1-n0.01-m3,5,1,0.01,3,2.1789181931808583
663,500,kmetric_dorc,0.2393815348874298,0.0286947962509796,4,0.998,0.0,338.1,,d5-c1-n0.01-m3,5,1,0.01,3,2.1789181931808583
663,500,fbkernel_orc,0.2011689568001934,0.0421696507716991,4,0.998,0.0,338.1,,d5-c1-n0.01-m3,5,1,0.01,3,2.1789181931808583
666,500,traj_dorc,-0.0018229247674927,0.0,1,0.997,0.0,2.4,,d5-c1-n0.01-m6,5,1,0.01,6,-37.70430429832168
666,500,kmetric_dorc,0.2949101953114172,0.0183400600356608,4,0.997,0.0,341.0,,d5-c1-n0.01-m6,5,1,0.01,6,-37.70430429832168
666,500,fbkernel_orc,0.2613869910573488,0.0182705361154222,4,0.997,0.0,341.0,,d5-c1-n0.01-m6,5,1,0.01,6,-37.70430429832168
669,500,traj_dorc,0.1205930653018795,0.0,1,0.997,0.0,2.5,,d5-c1-n0.01-m9,5,1,0.01,9,-18.319930087521648
669,500,kmetric_dorc,0.2977226452614091,0.0324286633212957,4,0.997,0.0,341.4,,d5-c1-n0.01-m9,5,1,0.01,9,-18.319930087521648
669,500,fbkernel_orc,0.2847325028690411,0.033697040922133,4,0.997,0.0,341.4,,d5-c1-n0.01-m9,5,1,0.01,9,-18.319930087521648
301,100,traj_dorc,0.0713317440903325,0.0,1,0.654,0.0,1.2,,d2-c1-n0.01-m1,2,1,0.01,1,24.29147882731491
301,100,kmetric_dorc,-0.0494028976133888,0.0459519799806068,4,0.654,0.0,76.1,,d2-c1-n0.01-m1,2,1,0.01,1,24.29147882731491
301,100,fbkernel_orc,-0.097305789649405,0.1613646320942862,4,0.654,0.0,76.1,,d2-c1-n0.01-m1,2,1,0.01,1,24.29147882731491
304,100,traj_dorc,-0.002424635915093,0.0,1,0.663,0.1229,0.9,,d2-c1-n0.01-m4,2,1,0.01,4,-10.811957593661983
304,100,kmetric_dorc,-0.054132631022556,0.0411268412534035,4,0.663,0.1229,73.6,,d2-c1-n0.01-m4,2,1,0.01,4,-10.811957593661983
304,100,fbkernel_orc,-0.166286971956632,0.0578200520506523,4,0.663,0.1229,73.6,,d2-c1-n0.01-m4,2,1,0.01,4,-10.811957593661983
307,100,traj_dorc,-0.0619417776241392,0.0,1,0.694,0.0,1.3,,d2-c1-n0.01-m7,2,1,0.01,7,-4.119639039475162
307,100,kmetric_dorc,-0.0964090231516403,0.0638109766136268,4,0.694,0.0,75.0,,d2-c1-n0.01-m7,2,1,0.01,7,-4.119639039475162
307,100,fbkernel_orc,-0.1341701649081852,0.0334672895184584,4,0.694,0.0,75.0,,d2-c1-n0.01-m7,2,1,0.01,7,-4.119639039475162
310,100,traj_dorc,0.0032672328678756,0.0,1,0.667,0.0203,1.0,,d2-c1-n0.01-m10,2,1,0.01,10,-13.010242390174652
310,100,kmetric_dorc,-0.0660541579378307,0.0328011623516763,4,0.667,0.0203,74.1,,d2-c1-n0.01-m10,2,1,0.01,10,-13.010242390174652
310,100,fbkernel_orc,-0.2109310927678621,0.037000894528308,4,0.667,0.0203,74.1,,d2-c1-n0.01-m10,2,1,0.01,10,-13.010242390174652
313,100,traj_dorc,-0.0747673348651811,0.0,1,0.651,0.0,0.9,,d2-c1-n0.01-m13,2,1,0.01,13,-2.9443229796812918
313,100,kmetric_dorc,-0.1608530180523015,0.0152343548150049,4,0.651,0.0,74.6,,d2-c1-n0.01-m13,2,1,0.01,13,-2.9443229796812918
313,100,fbkernel_orc,-0.2321081254661636,0.0996344264058514,4,0.651,0.0,74.6,,d2-c1-n0.01-m13,2,1,0.01,13,-2.9443229796812918
331,100,traj_dorc,0.0860034864045629,0.0,1,0.654,0.0,0.9,,d2-c1-n0.05-m1,2,1,0.05,1,0.7737598105819261
331,100,kmetric_dorc,-0.0251936783414836,0.0329164533892242,4,0.654,0.0,71.1,,d2-c1-n0.05-m1,2,1,0.05,1,0.7737598105819261
331,100,fbkernel_orc,-0.0410634876326815,0.050889483196613,4,0.654,0.0,71.1,,d2-c1-n0.05-m1,2,1,0.05,1,0.7737598105819261
334,100,traj_dorc,0.1097682948039655,0.0,1,0.704,0.0,1.1,,d2-c1-n0.05-m4,2,1,0.05,4,5.496937541713086
334,100,kmetric_dorc,-0.0285787736293198,0.041397966786988,4,0.704,0.0,71.9,,d2-c1-n0.05-m4,2,1,0.05,4,5.496937541713086
334,100,fbkernel_orc,-0.0552943925810797,0.0361899769520614,4,0.704,0.0,71.9,,d2-c1-n0.05-m4,2,1,0.05,4,5.496937541713086
337,100,traj_dorc,0.1441971716500052,0.0,1,0.681,0.0,1.0,,d2-c1-n0.05-m7,2,1,0.05,7,0.013149415250463
337,100,kmetric_dorc,-0.0650694418192966,0.0503071899362587,4,0.681,0.0,70.5,,d2-c1-n0.05-m7,2,1,0.05,7,0.013149415250463
337,100,fbkernel_orc,-0.1112490444568515,0.0945597398050499,4,0.681,0.0,70.5,,d2-c1-n0.05-m7,2,1,0.05,7,0.013149415250463
340,100,traj_dorc,0.0453566035345441,0.0,1,0.679,0.0,0.9,,d2-c1-n0.05-m10,2,1,0.05,10,-1.3523409226359646
340,100,kmetric_dorc,-0.0422581892741977,0.0413103658034307,4,0.679,0.0,69.6,,d2-c1-n0.05-m10,2,1,0.05,10,-1.3523409226359646
340,100,fbkernel_orc,-0.04475516471654,0.0232489225416098,4,0.679,0.0,69.6,,d2-c1-n0.05-m10,2,1,0.05,10,-1.3523409226359646
343,100,traj_dorc,-0.0490393823700359,0.0,1,0.674,0.0298,1.0,,d2-c1-n0.05-m13,2,1,0.05,13,-4.378023159484492
343,100,kmetric_dorc,-0.119439497111736,0.0462469137372529,4,0.674,0.0298,70.2,,d2-c1-n0.05-m13,2,1,0.05,13,-4.378023159484492
343,100,fbkernel_orc,-0.1368782051003439,0.0130725244705441,4,0.674,0.0298,70.2,,d2-c1-n0.05-m13,2,1,0.05,13,-4.378023159484492
361,100,traj_dorc,0.0330133124046962,0.0,1,0.67,0.0,0.8,,d2-c1-n0.1-m1,2,1,0.1,1,9.449520693307583
361,100,kmetric_dorc,0.1357603848994007,0.0640091342701295,4,0.67,0.0,67.4,,d2-c1-n0.1-m1,2,1,0.1,1,9.449520693307583
361,100,fbkernel_orc,0.0106330484576221,0.0381360109476452,4,0.67,0.0,67.4,,d2-c1-n0.1-m1,2,1,0.1,1,9.449520693307583
364,100,traj_dorc,-0.0149587400864597,0.0,1,0.696,0.0803,1.0,,d2-c1-n0.1-m4,2,1,0.1,4,-1.095170415248552
364,100,kmetric_dorc,0.0195362790609617,0.0714482961345089,4,0.696,0.0803,71.2,,d2-c1-n0.1-m4,2,1,0.1,4,-1.095170415248552
364,100,fbkernel_orc,0.0555686603242216,0.0362177472856806,4,0.696,0.0803,71.2,,d2-c1-n0.1-m4,2,1,0.1,4,-1.095170415248552
367,100,traj_dorc,0.0206259664599105,0.0,1,0.713,0.0399,1.0,,d2-c1-n0.1-m7,2,1,0.1,7,-1.4167534716119394
367,100,kmetric_dorc,-0.1050076102762586,0.1339114554549555,4,0.713,0.0399,71.7,,d2-c1-n0.1-m7,2,1,0.1,7,-1.4167534716119394
367,100,fbkernel_orc,-0.096715132250447,0.0445106219176545,4,0.713,0.0399,71.7,,d2-c1-n0.1-m7,2,1,0.1,7,-1.4167534716119394
370,100,traj_dorc,0.1772673737129034,0.0,1,0.708,0.0,1.0,,d2-c1-n0.1-m10,2,1,0.1,10,-7.72404280863429
370,100,kmetric_dorc,0.0450779218575774,0.0865246425103637,4,0.708,0.0,69.9,,d2-c1-n0.1-m10,2,1,0.1,10,-7.72404280863429
370,100,fbkernel_orc,0.0785847144589302,0.0324088358390729,4,0.708,0.0,69.9,,d2-c1-n0.1-m10,2,1,0.1,10,-7.72404280863429
373,100,traj_dorc,0.1506611630557393,0.0,1,0.698,0.0,0.7,,d2-c1-n0.1-m13,2,1,0.1,13,1.219879741117918
373,100,kmetric_dorc,0.002140964366288,0.0262919206273788,4,0.698,0.0,68.6,,d2-c1-n0.1-m13,2,1,0.1,13,1.219879741117918
373,100,fbkernel_orc,-0.0256141575522348,0.0288196001255818,4,0.698,0.0,68.6,,d2-c1-n0.1-m13,2,1,0.1,13,1.219879741117918
391,100,traj_dorc,-0.0254230993876471,0.0,1,0.731,0.1735,1.2,,d2-c1-n0.2-m1,2,1,0.2,1,-11.10729981739082
391,100,kmetric_dorc,0.0247710964334029,0.0494677042845826,4,0.731,0.1735,67.7,,d2-c1-n0.2-m1,2,1,0.2,1,-11.10729981739082
391,100,fbkernel_orc,0.0745678569999599,0.0103146980045845,4,0.731,0.1735,67.7,,d2-c1-n0.2-m1,2,1,0.2,1,-11.10729981739082
394,100,traj_dorc,-0.0280109142692293,0.0,1,0.719,0.0,0.9,,d2-c1-n0.2-m4,2,1,0.2,4,-2.1599274912864
394,100,kmetric_dorc,-0.0263380115194478,0.0747766479112498,4,0.719,0.0,66.8,,d2-c1-n0.2-m4,2,1,0.2,4,-2.1599274912864
394,100,fbkernel_orc,-0.0110248610261926,0.0308845934415399,4,0.719,0.0,66.8,,d2-c1-n0.2-m4,2,1,0.2,4,-2.1599274912864
397,100,traj_dorc,-0.0018341486061023,0.0,1,0.699,0.0,0.8,,d2-c1-n0.2-m7,2,1,0.2,7,-7.068274592865281
397,100,kmetric_dorc,0.0497747521235373,0.0525243876374441,4,0.699,0.0,63.4,,d2-c1-n0.2-m7,2,1,0.2,7,-7.068274592865281
397,100,fbkernel_orc,0.0371627826254589,0.024440540754021,4,0.699,0.0,63.4,,d2-c1-n0.2-m7,2,1,0.2,7,-7.068274592865281
400,100,traj_dorc,0.1895262348091382,0.0,1,0.712,0.0,1.0,,d2-c1-n0.2-m10,2,1,0.2,10,4.735398380876656
400,100,kmetric_dorc,0.0500232642353395,0.0635237334249513,4,0.712,0.0,59.6,,d2-c1-n0.2-m10,2,1,0.2,10,4.735398380876656
400,100,fbkernel_orc,0.0336032786436938,0.0456083721164561,4,0.712,0.0,59.6,,d2-c1-n0.2-m10,2,1,0.2,10,4.735398380876656
403,100,traj_dorc,0.1383055066752514,0.0,1,0.692,0.0,0.7,,d2-c1-n0.2-m13,2,1,0.2,13,-0.7938535783685272
403,100,kmetric_dorc,0.1093788977206083,0.0358339404949728,4,0.692,0.0,63.6,,d2-c1-n0.2-m13,2,1,0.2,13,-0.7938535783685272
403,100,fbkernel_orc,0.0976105304703146,0.0341938438735597,4,0.692,0.0,63.6,,d2-c1-n0.2-m13,2,1,0.2,13,-0.7938535783685272
421,100,traj_dorc,-0.0838486634890179,0.0,1,0.722,0.0,1.0,,d3-c1-n0.01-m1,3,1,0.01,1,-7.415704083686769
421,100,kmetric_dorc,-0.0420794912570475,0.0759663426335527,4,0.722,0.0,65.3,,d3-c1-n0.01-m1,3,1,0.01,1,-7.415704083686769
421,100,fbkernel_orc,-0.0710820427707634,0.0521646142238355,4,0.722,0.0,65.3,,d3-c1-n0.01-m1,3,1,0.01,1,-7.415704083686769
424,100,traj_dorc,-0.2082032878172235,0.0,1,0.7,0.0812,0.9,,d3-c1-n0.01-m4,3,1,0.01,4,-4.175905001060452
424,100,kmetric_dorc,-0.0094473643957019,0.048881755541704,4,0.7,0.0812,64.2,,d3-c1-n0.01-m4,3,1,0.01,4,-4.175905001060452
424,100,fbkernel_orc,-0.0703812508511539,0.0351976659431313,4,0.7,0.0812,64.2,,d3-c1-n0.01-m4,3,1,0.01,4,-4.175905001060452
427,100,traj_dorc,-0.089409259516436,0.0,1,0.701,0.0,0.8,,d3-c1-n0.01-m7,3,1,0.01,7,-41.3525179488977
427,100,kmetric_dorc,0.0517189434121477,0.0363553101469215,4,0.701,0.0,63.0,,d3-c1-n0.01-m7,3,1,0.01,7,-41.3525179488977
427,100,fbkernel_orc,-0.0371601937219898,0.0582898457472625,4,0.701,0.0,63.0,,d3-c1-n0.01-m7,3,1,0.01,7,-41.3525179488977
430,100,traj_dorc,-0.0474834384170522,0.0,1,0.701,0.0,0.9,,d3-c1-n0.01-m10,3,1,0.01,10,-16.842236690951605
430,100,kmetric_dorc,0.0167401457520955,0.0540415118881216,4,0.701,0.0,65.0,,d3-c1-n0.01-m10,3,1,0.01,10,-16.842236690951605
430,100,fbkernel_orc,-0.0339860214585331,0.030347528733787,4,0.701,0.0,65.0,,d3-c1-n0.01-m10,3,1,0.01,10,-16.842236690951605
433,100,traj_dorc,-0.0832542829222653,0.0,1,0.695,0.0,0.9,,d3-c1-n0.01-m13,3,1,0.01,13,0.380085965305853
433,100,kmetric_dorc,0.0479646377822271,0.0752367611192928,4,0.695,0.0,63.4,,d3-c1-n0.01-m13,3,1,0.01,13,0.380085965305853
433,100,fbkernel_orc,0.010995240551245,0.0477346297380835,4,0.695,0.0,63.4,,d3-c1-n0.01-m13,3,1,0.01,13,0.380085965305853
451,100,traj_dorc,-0.0019415710509154,0.0,1,0.712,0.0,1.2,,d3-c1-n0.05-m1,3,1,0.05,1,-12.659383196182684
451,100,kmetric_dorc,-0.0596434169080665,0.0622207701610108,4,0.712,0.0,65.3,,d3-c1-n0.05-m1,3,1,0.05,1,-12.659383196182684
451,100,fbkernel_orc,-0.0227617819340553,0.0414343517153423,4,0.712,0.0,65.3,,d3-c1-n0.05-m1,3,1,0.05,1,-12.659383196182684
454,100,traj_dorc,-0.1637194340476985,0.0,1,0.712,0.0,0.9,,d3-c1-n0.05-m4,3,1,0.05,4,-4.99685320061184
454,100,kmetric_dorc,0.0116361046830968,0.0614208992521072,4,0.712,0.0,65.8,,d3-c1-n0.05-m4,3,1,0.05,4,-4.99685320061184
454,100,fbkernel_orc,0.0012327319306392,0.0309539840928161,4,0.712,0.0,65.8,,d3-c1-n0.05-m4,3,1,0.05,4,-4.99685320061184
457,100,traj_dorc,-0.0932760109646134,0.0,1,0.704,0.0,0.9,,d3-c1-n0.05-m7,3,1,0.05,7,-16.176625387033255
457,100,kmetric_dorc,0.1391366535560808,0.0397218769174302,4,0.704,0.0,66.6,,d3-c1-n0.05-m7,3,1,0.05,7,-16.176625387033255
457,100,fbkernel_orc,0.0532786276020381,0.0400776088380729,4,0.704,0.0,66.6,,d3-c1-n0.05-m7,3,1,0.05,7,-16.176625387033255
460,100,traj_dorc,-0.1279340152856512,0.0,1,0.701,0.0,1.0,,d3-c1-n0.05-m10,3,1,0.05,10,-13.787515224982826
460,100,kmetric_dorc,0.0624252361211887,0.0713712963530277,4,0.701,0.0,68.3,,d3-c1-n0.05-m10,3,1,0.05,10,-13.787515224982826
460,100,fbkernel_orc,0.1594279874851504,0.0633338413840158,4,0.701,0.0,68.3,,d3-c1-n0.05-m10,3,1,0.05,10,-13.787515224982826
463,100,traj_dorc,-0.0020193998420873,0.0,1,0.719,0.1538,1.0,,d3-c1-n0.05-m13,3,1,0.05,13,1.5260272664429309
463,100,kmetric_dorc,0.1009145922159285,0.0664421736540124,4,0.719,0.1538,67.0,,d3-c1-n0.05-m13,3,1,0.05,13,1.5260272664429309
463,100,fbkernel_orc,0.161089507744469,0.0371298809627012,4,0.719,0.1538,67.0,,d3-c1-n0.05-m13,3,1,0.05,13,1.5260272664429309
481,100,traj_dorc,-0.0866599576280096,0.0,1,0.706,0.0,1.0,,d3-c1-n0.1-m1,3,1,0.1,1,-5.728772538116581
481,100,kmetric_dorc,-0.0016104443873076,0.0557000495118238,4,0.706,0.0,67.6,,d3-c1-n0.1-m1,3,1,0.1,1,-5.728772538116581
481,100,fbkernel_orc,0.0272564328148959,0.0402145938408833,4,0.706,0.0,67.6,,d3-c1-n0.1-m1,3,1,0.1,1,-5.728772538116581
484,100,traj_dorc,-0.1184103249563751,0.0,1,0.737,0.2692,1.2,,d3-c1-n0.1-m4,3,1,0.1,4,-9.95300009216142
484,100,kmetric_dorc,0.1156873409467582,0.0349640030687295,4,0.737,0.2692,66.5,,d3-c1-n0.1-m4,3,1,0.1,4,-9.95300009216142
484,100,fbkernel_orc,0.1355724437299853,0.0260656331986039,4,0.737,0.2692,66.5,,d3-c1-n0.1-m4,3,1,0.1,4,-9.95300009216142
487,100,traj_dorc,-0.0759461557537761,0.0,1,0.695,0.0,0.9,,d3-c1-n0.1-m7,3,1,0.1,7,-37.0087735355624
487,100,kmetric_dorc,0.058182317013566,0.0442331859948935,4,0.695,0.0,65.4,,d3-c1-n0.1-m7,3,1,0.1,7,-37.0087735355624
487,100,fbkernel_orc,0.0925405149181613,0.0468602300410436,4,0.695,0.0,65.4,,d3-c1-n0.1-m7,3,1,0.1,7,-37.0087735355624
490,100,traj_dorc,-0.1633338972892062,0.0,1,0.697,0.0,1.0,,d3-c1-n0.1-m10,3,1,0.1,10,-20.614923975239662
490,100,kmetric_dorc,-0.001670680319465,0.0278525861805177,4,0.697,0.0,66.7,,d3-c1-n0.1-m10,3,1,0.1,10,-20.614923975239662
490,100,fbkernel_orc,0.0225424026481444,0.0759179050704855,4,0.697,0.0,66.7,,d3-c1-n0.1-m10,3,1,0.1,10,-20.614923975239662
493,100,traj_dorc,0.0526400990991771,0.0,1,0.687,0.2152,0.8,,d3-c1-n0.1-m13,3,1,0.1,13,33.209975825617065
493,100,kmetric_dorc,0.1569077682994127,0.0854532562320561,4,0.687,0.2152,64.1,,d3-c1-n0.1-m13,3,1,0.1,13,33.209975825617065
493,100,fbkernel_orc,0.180977565740353,0.0570639420682616,4,0.687,0.2152,64.1,,d3-c1-n0.1-m13,3,1,0.1,13,33.209975825617065
511,100,traj_dorc,-0.116954129442982,0.0,1,0.728,0.1022,1.1,,d3-c1-n0.2-m1,3,1,0.2,1,-3.66641372894382
511,100,kmetric_dorc,0.1970478138231341,0.022081953576531,4,0.728,0.1022,66.0,,d3-c1-n0.2-m1,3,1,0.2,1,-3.66641372894382
511,100,fbkernel_orc,0.1298797414375824,0.0078259374695803,4,0.728,0.1022,66.0,,d3-c1-n0.2-m1,3,1,0.2,1,-3.66641372894382
514,100,traj_dorc,0.0104222695650754,0.0,1,0.704,0.0,1.0,,d3-c1-n0.2-m4,3,1,0.2,4,-14.544124599425984
514,100,kmetric_dorc,0.2148818931877362,0.0297674855390398,4,0.704,0.0,66.8,,d3-c1-n0.2-m4,3,1,0.2,4,-14.544124599425984
514,100,fbkernel_orc,0.2175429176005015,0.0218554898027201,4,0.704,0.0,66.8,,d3-c1-n0.2-m4,3,1,0.2,4,-14.544124599425984
517,100,traj_dorc,-0.2006284316239281,0.0,1,0.714,0.0,1.0,,d3-c1-n0.2-m7,3,1,0.2,7,-2.043394187053898
517,100,kmetric_dorc,0.0623716595527889,0.0702226574064894,4,0.714,0.0,68.2,,d3-c1-n0.2-m7,3,1,0.2,7,-2.043394187053898
517,100,fbkernel_orc,0.1178320566923328,0.0370874122840459,4,0.714,0.0,68.2,,d3-c1-n0.2-m7,3,1,0.2,7,-2.043394187053898
520,100,traj_dorc,0.0373847507770996,0.0,1,0.735,0.2112,1.2,,d3-c1-n0.2-m10,3,1,0.2,10,2.0196605728685517
520,100,kmetric_dorc,0.131506868908196,0.0632640716433496,4,0.735,0.2112,68.4,,d3-c1-n0.2-m10,3,1,0.2,10,2.0196605728685517
520,100,fbkernel_orc,0.1200286594228366,0.0549692535958726,4,0.735,0.2112,68.4,,d3-c1-n0.2-m10,3,1,0.2,10,2.0196605728685517
523,100,traj_dorc,0.0284077225535746,0.0,1,0.707,0.0,1.0,,d3-c1-n0.2-m13,3,1,0.2,13,-9.60260942351796
523,100,kmetric_dorc,0.1282076274359338,0.0243616127631611,4,0.707,0.0,68.5,,d3-c1-n0.2-m13,3,1,0.2,13,-9.60260942351796
523,100,fbkernel_orc,0.142076214611831,0.0256070064716415,4,0.707,0.0,68.5,,d3-c1-n0.2-m13,3,1,0.2,13,-9.60260942351796
541,100,traj_dorc,-0.0177331645221957,0.0,1,0.73,0.1637,1.4,,d4-c1-n0.01-m1,4,1,0.01,1,-0.036623222623584
541,100,kmetric_dorc,0.2716191544252154,0.0475464657446301,4,0.73,0.1637,69.1,,d4-c1-n0.01-m1,4,1,0.01,1,-0.036623222623584
541,100,fbkernel_orc,0.1754720124062674,0.0527232712625363,4,0.73,0.1637,69.1,,d4-c1-n0.01-m1,4,1,0.01,1,-0.036623222623584
544,100,traj_dorc,-0.0482174642494263,0.0,1,0.705,0.0,1.3,,d4-c1-n0.01-m4,4,1,0.01,4,-16.875471101588957
544,100,kmetric_dorc,0.226491419269975,0.0614612730405819,4,0.705,0.0,66.8,,d4-c1-n0.01-m4,4,1,0.01,4,-16.875471101588957
544,100,fbkernel_orc,0.195294664976819,0.0614213859851285,4,0.705,0.0,66.8,,d4-c1-n0.01-m4,4,1,0.01,4,-16.875471101588957
547,100,traj_dorc,0.0356816372964297,0.0,1,0.706,0.0,1.4,,d4-c1-n0.01-m7,4,1,0.01,7,-29.76605096445724
547,100,kmetric_dorc,0.252977325356822,0.0447720229173289,4,0.706,0.0,67.7,,d4-c1-n0.01-m7,4,1,0.01,7,-29.76605096445724
547,100,fbkernel_orc,0.26293401970963,0.0452570524841972,4,0.706,0.0,67.7,,d4-c1-n0.01-m7,4,1,0.01,7,-29.76605096445724
550,100,traj_dorc,0.2398577351412641,0.0,1,0.7,0.0,0.9,,d4-c1-n0.01-m10,4,1,0.01,10,78.43052538097425
550,100,kmetric_dorc,0.2890687810185283,0.0366330269451432,4,0.7,0.0,65.6,,d4-c1-n0.01-m10,4,1,0.01,10,78.43052538097425
550,100,fbkernel_orc,0.2187674293757483,0.0186849172489726,4,0.7,0.0,65.6,,d4-c1-n0.01-m10,4,1,0.01,10,78.43052538097425
553,100,traj_dorc,0.0770925786649089,0.0,1,0.703,0.0,1.2,,d4-c1-n0.01-m13,4,1,0.01,13,-14.479569337189464
553,100,kmetric_dorc,0.265632049768901,0.0566644634421673,4,0.703,0.0,66.2,,d4-c1-n0.01-m13,4,1,0.01,13,-14.479569337189464
553,100,fbkernel_orc,0.2576795807016169,0.0575175666057891,4,0.703,0.0,66.2,,d4-c1-n0.01-m13,4,1,0.01,13,-14.479569337189464
571,100,traj_dorc,0.053552564487478,0.0,1,0.726,0.0,1.3,,d4-c1-n0.05-m1,4,1,0.05,1,-39.90075492062513
571,100,kmetric_dorc,0.2568194547627321,0.0145364221770419,4,0.726,0.0,65.7,,d4-c1-n0.05-m1,4,1,0.05,1,-39.90075492062513
571,100,fbkernel_orc,0.2536944928654008,0.0392283899663482,4,0.726,0.0,65.7,,d4-c1-n0.05-m1,4,1,0.05,1,-39.90075492062513
574,100,traj_dorc,0.0557913752697282,0.0,1,0.734,0.3318,1.4,,d4-c1-n0.05-m4,4,1,0.05,4,-17.091759926410464
574,100,kmetric_dorc,0.1786223363148183,0.0550131734849618,4,0.734,0.3318,65.4,,d4-c1-n0.05-m4,4,1,0.05,4,-17.091759926410464
574,100,fbkernel_orc,0.1847027764493985,0.0504104334080837,4,0.734,0.3318,65.4,,d4-c1-n0.05-m4,4,1,0.05,4,-17.091759926410464
577,100,traj_dorc,0.0464828242216103,0.0,1,0.728,0.0,1.5,,d4-c1-n0.05-m7,4,1,0.05,7,-4.587718319365236
577,100,kmetric_dorc,0.2551040222739321,0.0436815471133249,4,0.728,0.0,66.5,,d4-c1-n0.05-m7,4,1,0.05,7,-4.587718319365236
577,100,fbkernel_orc,0.2210872380092237,0.03933826532534,4,0.728,0.0,66.5,,d4-c1-n0.05-m7,4,1,0.05,7,-4.587718319365236
580,100,traj_dorc,-0.0380398327452019,0.0,1,0.731,0.2834,1.4,,d4-c1-n0.05-m10,4,1,0.05,10,1.430710029764047
580,100,kmetric_dorc,0.2317892565423425,0.0377033600711305,4,0.731,0.2834,65.8,,d4-c1-n0.05-m10,4,1,0.05,10,1.430710029764047
580,100,fbkernel_orc,0.1937965271472373,0.047172574541419,4,0.731,0.2834,65.8,,d4-c1-n0.05-m10,4,1,0.05,10,1.430710029764047
583,100,traj_dorc,0.136296766042232,0.0,1,0.727,0.0,1.2,,d4-c1-n0.05-m13,4,1,0.05,13,28.472607937392368
583,100,kmetric_dorc,0.3522622925685928,0.0599408075768048,4,0.727,0.0,63.9,,d4-c1-n0.05-m13,4,1,0.05,13,28.472607937392368
583,100,fbkernel_orc,0.3124082203848695,0.0134331641571511,4,0.727,0.0,63.9,,d4-c1-n0.05-m13,4,1,0.05,13,28.472607937392368
601,100,traj_dorc,0.1083443313081736,0.0,1,0.719,0.0,1.5,,d4-c1-n0.1-m1,4,1,0.1,1,-25.490568830187783
601,100,kmetric_dorc,0.3217795097196967,0.0331441814078606,4,0.719,0.0,65.3,,d4-c1-n0.1-m1,4,1,0.1,1,-25.490568830187783
601,100,fbkernel_orc,0.2410922398398541,0.0175358429362115,4,0.719,0.0,65.3,,d4-c1-n0.1-m1,4,1,0.1,1,-25.490568830187783
604,100,traj_dorc,0.0155902733509086,0.0,1,0.75,0.3472,1.5,,d4-c1-n0.1-m4,4,1,0.1,4,-3.1032668576189137
604,100,kmetric_dorc,0.1645241607246927,0.042161636162016,4,0.75,0.3472,66.1,,d4-c1-n0.1-m4,4,1,0.1,4,-3.1032668576189137
604,100,fbkernel_orc,0.1362079872529476,0.0462603121839643,4,0.75,0.3472,66.1,,d4-c1-n0.1-m4,4,1,0.1,4,-3.1032668576189137
607,100,traj_dorc,0.0291029085452089,0.0,1,0.725,0.0,1.3,,d4-c1-n0.1-m7,4,1,0.1,7,-12.183740340828578
607,100,kmetric_dorc,0.2070975172889285,0.0224587487093256,4,0.725,0.0,65.4,,d4-c1-n0.1-m7,4,1,0.1,7,-12.183740340828578
607,100,fbkernel_orc,0.240721015320435,0.0125412141853776,4,0.725,0.0,65.4,,d4-c1-n0.1-m7,4,1,0.1,7,-12.183740340828578
610,100,traj_dorc,-0.0139506119177088,0.0,1,0.724,0.0,1.4,,d4-c1-n0.1-m10,4,1,0.1,10,4.907010535399368
610,100,kmetric_dorc,0.2859588461165999,0.0553641039093264,4,0.724,0.0,66.0,,d4-c1-n0.1-m10,4,1,0.1,10,4.907010535399368
610,100,fbkernel_orc,0.2148303979631665,0.0968063614283109,4,0.724,0.0,66.0,,d4-c1-n0.1-m10,4,1,0.1,10,4.907010535399368
613,100,traj_dorc,0.0655267302433319,0.0,1,0.731,0.0,1.4,,d4-c1-n0.1-m13,4,1,0.1,13,-22.6348913684337
613,100,kmetric_dorc,0.3313856496016806,0.031607660237373,4,0.731,0.0,65.7,,d4-c1-n0.1-m13,4,1,0.1,13,-22.6348913684337
613,100,fbkernel_orc,0.2610600297378647,0.1274779021081554,4,0.731,0.0,65.7,,d4-c1-n0.1-m13,4,1,0.1,13,-22.6348913684337
631,100,traj_dorc,0.0887850688810977,0.0,1,0.721,0.3167,1.4,,d4-c1-n0.2-m1,4,1,0.2,1,9.496456875600702
631,100,kmetric_dorc,0.2161615613232064,0.036476861667039,4,0.721,0.3167,65.0,,d4-c1-n0.2-m1,4,1,0.2,1,9.496456875600702
631,100,fbkernel_orc,0.2224640483044571,0.0464594008590069,4,0.721,0.3167,65.0,,d4-c1-n0.2-m1,4,1,0.2,1,9.496456875600702
634,100,traj_dorc,0.0177204314623888,0.0,1,0.717,0.4146,1.5,,d4-c1-n0.2-m4,4,1,0.2,4,-5.665571274105821
634,100,kmetric_dorc,0.2603322698212493,0.02366785966669,4,0.717,0.4146,63.0,,d4-c1-n0.2-m4,4,1,0.2,4,-5.665571274105821
634,100,fbkernel_orc,0.2168405935794294,0.0272187836083602,4,0.717,0.4146,63.0,,d4-c1-n0.2-m4,4,1,0.2,4,-5.665571274105821
637,100,traj_dorc,0.0892994497741153,0.0,1,0.726,0.2579,1.3,,d4-c1-n0.2-m7,4,1,0.2,7,-24.996193418222923
637,100,kmetric_dorc,0.1942972492866463,0.0334369707543592,4,0.726,0.2579,63.0,,d4-c1-n0.2-m7,4,1,0.2,7,-24.996193418222923
637,100,fbkernel_orc,0.2017613246799952,0.0518899237741589,4,0.726,0.2579,63.0,,d4-c1-n0.2-m7,4,1,0.2,7,-24.996193418222923
640,100,traj_dorc,0.1793867073598662,0.0,1,0.722,0.0,1.2,,d4-c1-n0.2-m10,4,1,0.2,10,32.54341939091398
640,100,kmetric_dorc,0.3353962810864501,0.0345492298278273,4,0.722,0.0,62.9,,d4-c1-n0.2-m10,4,1,0.2,10,32.54341939091398
640,100,fbkernel_orc,0.3492824977589154,0.0310342976867481,4,0.722,0.0,62.9,,d4-c1-n0.2-m10,4,1,0.2,10,32.54341939091398
643,100,traj_dorc,0.2027417488137333,0.0,1,0.725,0.4112,1.1,,d4-c1-n0.2-m13,4,1,0.2,13,6.224275918490596
643,100,kmetric_dorc,0.2257012741340828,0.0815506857104424,4,0.725,0.4112,64.4,,d4-c1-n0.2-m13,4,1,0.2,13,6.224275918490596
643,100,fbkernel_orc,0.1586840081425027,0.0462234598554329,4,0.725,0.4112,64.4,,d4-c1-n0.2-m13,4,1,0.2,13,6.224275918490596
661,100,traj_dorc,0.2711141188497187,0.0,1,0.739,0.0,1.4,,d5-c1-n0.01-m1,5,1,0.01,1,2.5245450099361197
661,100,kmetric_dorc,0.2953972127832145,0.0487372973478128,4,0.739,0.0,65.1,,d5-c1-n0.01-m1,5,1,0.01,1,2.5245450099361197
661,100,fbkernel_orc,0.3160982414762117,0.0334557078246868,4,0.739,0.0,65.1,,d5-c1-n0.01-m1,5,1,0.01,1,2.5245450099361197
664,100,traj_dorc,0.2211738575355277,0.0,1,0.736,0.0,1.4,,d5-c1-n0.01-m4,5,1,0.01,4,-20.746348774718008
664,100,kmetric_dorc,0.3382531911722093,0.014838512877041,4,0.736,0.0,62.7,,d5-c1-n0.01-m4,5,1,0.01,4,-20.746348774718008
664,100,fbkernel_orc,0.3406929475148154,0.0498292921013891,4,0.736,0.0,62.7,,d5-c1-n0.01-m4,5,1,0.01,4,-20.746348774718008
667,100,traj_dorc,0.3015371776834549,0.0,1,0.714,0.5436,1.4,,d5-c1-n0.01-m7,5,1,0.01,7,-13.523752961154
667,100,kmetric_dorc,0.2984987430674073,0.0378239562854318,4,0.714,0.5436,63.4,,d5-c1-n0.01-m7,5,1,0.01,7,-13.523752961154
667,100,fbkernel_orc,0.2627065892183998,0.0335147666122949,4,0.714,0.5436,63.4,,d5-c1-n0.01-m7,5,1,0.01,7,-13.523752961154
670,100,traj_dorc,0.2583848685724867,0.0,1,0.729,0.0,1.4,,d5-c1-n0.01-m10,5,1,0.01,10,-44.4013504262728
670,100,kmetric_dorc,0.3271333285403925,0.057129013932674,4,0.729,0.0,63.2,,d5-c1-n0.01-m10,5,1,0.01,10,-44.4013504262728
670,100,fbkernel_orc,0.3308719444417943,0.0954878803779776,4,0.729,0.0,63.2,,d5-c1-n0.01-m10,5,1,0.01,10,-44.4013504262728
673,100,traj_dorc,0.123688957408602,0.0,1,0.737,0.3625,1.5,,d5-c1-n0.01-m13,5,1,0.01,13,-29.827358750792463
673,100,kmetric_dorc,0.2289216531140066,0.015771818291398,4,0.737,0.3625,65.0,,d5-c1-n0.01-m13,5,1,0.01,13,-29.827358750792463
673,100,fbkernel_orc,0.1466519919273434,0.0359198544977673,4,0.737,0.3625,65.0,,d5-c1-n0.01-m13,5,1,0.01,13,-29.827358750792463
691,100,traj_dorc,0.0909625588243344,0.0,1,0.731,0.0,1.5,,d5-c1-n0.05-m1,5,1,0.05,1,-16.171144702457998
691,100,kmetric_dorc,0.3012664569470568,0.0239145603875251,4,0.731,0.0,66.7,,d5-c1-n0.05-m1,5,1,0.05,1,-16.171144702457998
691,100,fbkernel_orc,0.2772653160698379,0.035057408356114,4,0.731,0.0,66.7,,d5-c1-n0.05-m1,5,1,0.05,1,-16.171144702457998
694,100,traj_dorc,0.3911161516330732,0.0,1,0.734,0.0,1.4,,d5-c1-n0.05-m4,5,1,0.05,4,54.88132514320018
694,100,kmetric_dorc,0.2875791280389166,0.0331358453421965,4,0.734,0.0,64.8,,d5-c1-n0.05-m4,5,1,0.05,4,54.88132514320018
694,100,fbkernel_orc,0.2309356583171316,0.0270908456341851,4,0.734,0.0,64.8,,d5-c1-n0.05-m4,5,1,0.05,4,54.88132514320018
697,100,traj_dorc,0.0682443382292788,0.0,1,0.733,0.0,1.6,,d5-c1-n0.05-m7,5,1,0.05,7,-19.7446786444012
697,100,kmetric_dorc,0.322232507133088,0.0323438891839475,4,0.733,0.0,65.2,,d5-c1-n0.05-m7,5,1,0.05,7,-19.7446786444012
697,100,fbkernel_orc,0.3390237455549397,0.0321525981024515,4,0.733,0.0,65.2,,d5-c1-n0.05-m7,5,1,0.05,7,-19.7446786444012
700,100,traj_dorc,0.16840006497273,0.0,1,0.725,0.0,1.3,,d5-c1-n0.05-m10,5,1,0.05,10,-62.894655678803616
700,100,kmetric_dorc,0.2822452158498305,0.0385539976004978,4,0.725,0.0,64.2,,d5-c1-n0.05-m10,5,1,0.05,10,-62.894655678803616
700,100,fbkernel_orc,0.2810283660532909,0.0255722024022671,4,0.725,0.0,64.2,,d5-c1-n0.05-m10,5,1,0.05,10,-62.894655678803616
703,100,traj_dorc,0.2015811185242506,0.0,1,0.734,0.6016,1.4,,d5-c1-n0.05-m13,5,1,0.05,13,6.3932786146544505
703,100,kmetric_dorc,0.1735241922169342,0.0533779154993765,4,0.734,0.6016,65.7,,d5-c1-n0.05-m13,5,1,0.05,13,6.3932786146544505
703,100,fbkernel_orc,0.1927882489916295,0.0611478245935925,4,0.734,0.6016,65.7,,d5-c1-n0.05-m13,5,1,0.05,13,6.3932786146544505
721,100,traj_dorc,0.2243643937193722,0.0,1,0.735,0.5132,1.2,,d5-c1-n0.1-m1,5,1,0.1,1,55.01886922438137
721,100,kmetric_dorc,0.2859455791998185,0.0307066715142701,4,0.735,0.5132,67.8,,d5-c1-n0.1-m1,5,1,0.1,1,55.01886922438137
721,100,fbkernel_orc,0.1704697683551377,0.0289649082059459,4,0.735,0.5132,67.8,,d5-c1-n0.1-m1,5,1,0.1,1,55.01886922438137
724,100,traj_dorc,0.2503192293639632,0.0,1,0.715,0.0,1.6,,d5-c1-n0.1-m4,5,1,0.1,4,-53.95304602005903
724,100,kmetric_dorc,0.2700438727996802,0.0598044909385472,4,0.715,0.0,66.2,,d5-c1-n0.1-m4,5,1,0.1,4,-53.95304602005903
724,100,fbkernel_orc,0.2748540189546562,0.0453075192903082,4,0.715,0.0,66.2,,d5-c1-n0.1-m4,5,1,0.1,4,-53.95304602005903
727,100,traj_dorc,0.0432987014128625,0.0,1,0.718,0.3415,1.5,,d5-c1-n0.1-m7,5,1,0.1,7,-20.20522058544134
727,100,kmetric_dorc,0.261902640508975,0.0225931752230047,4,0.718,0.3415,66.7,,d5-c1-n0.1-m7,5,1,0.1,7,-20.20522058544134
727,100,fbkernel_orc,0.27484415643708,0.0172404024546642,4,0.718,0.3415,66.7,,d5-c1-n0.1-m7,5,1,0.1,7,-20.20522058544134
730,100,traj_dorc,0.2535373963271745,0.0,1,0.743,0.0,1.5,,d5-c1-n0.1-m10,5,1,0.1,10,-67.17285898139227
730,100,kmetric_dorc,0.3045634889637773,0.0730688232238296,4,0.743,0.0,69.9,,d5-c1-n0.1-m10,5,1,0.1,10,-67.17285898139227
730,100,fbkernel_orc,0.2796186174403542,0.0461574113276452,4,0.743,0.0,69.9,,d5-c1-n0.1-m10,5,1,0.1,10,-67.17285898139227
733,100,traj_dorc,0.1828684217827162,0.0,1,0.721,0.0,1.3,,d5-c1-n0.1-m13,5,1,0.1,13,-36.53140813846787
733,100,kmetric_dorc,0.3453146322583883,0.0296886526465535,4,0.721,0.0,69.5,,d5-c1-n0.1-m13,5,1,0.1,13,-36.53140813846787
733,100,fbkernel_orc,0.2972516485545126,0.021810558467559,4,0.721,0.0,69.5,,d5-c1-n0.1-m13,5,1,0.1,13,-36.53140813846787
751,100,traj_dorc,0.1541075187178623,0.0,1,0.713,0.6123,1.6,,d5-c1-n0.2-m1,5,1,0.2,1,-19.136262533696787
751,100,kmetric_dorc,0.2291014175046383,0.0545613564710164,4,0.713,0.6123,68.0,,d5-c1-n0.2-m1,5,1,0.2,1,-19.136262533696787
751,100,fbkernel_orc,0.1696890997196401,0.0394653007999184,4,0.713,0.6123,68.0,,d5-c1-n0.2-m1,5,1,0.2,1,-19.136262533696787
754,100,traj_dorc,0.1418952683891881,0.0,1,0.744,0.0,1.7,,d5-c1-n0.2-m4,5,1,0.2,4,-4.946768816439207
754,100,kmetric_dorc,0.2941171550639618,0.0142272903710262,4,0.744,0.0,69.0,,d5-c1-n0.2-m4,5,1,0.2,4,-4.946768816439207
754,100,fbkernel_orc,0.1396989115646136,0.0607121130712665,4,0.744,0.0,69.0,,d5-c1-n0.2-m4,5,1,0.2,4,-4.946768816439207
757,100,traj_dorc,0.0724448760210603,0.0,1,0.717,0.5316,1.5,,d5-c1-n0.2-m7,5,1,0.2,7,-29.417968211109795
757,100,kmetric_dorc,0.2802751781710056,0.0328281282810442,4,0.717,0.5316,67.6,,d5-c1-n0.2-m7,5,1,0.2,7,-29.417968211109795
757,100,fbkernel_orc,0.2145450435280087,0.0362967118675262,4,0.717,0.5316,67.6,,d5-c1-n0.2-m7,5,1,0.2,7,-29.417968211109795
760,100,traj_dorc,-0.0100240901821392,0.0,1,0.729,0.0,1.6,,d5-c1-n0.2-m10,5,1,0.2,10,-38.9177710392795
760,100,kmetric_dorc,0.3232509678158169,0.0722422820395827,4,0.729,0.0,68.8,,d5-c1-n0.2-m10,5,1,0.2,10,-38.9177710392795
760,100,fbkernel_orc,0.2478891185310345,0.0263344376448328,4,0.729,0.0,68.8,,d5-c1-n0.2-m10,5,1,0.2,10,-38.9177710392795
763,100,traj_dorc,0.3091125417627516,0.0,1,0.745,0.4093,1.7,,d5-c1-n0.2-m13,5,1,0.2,13,-28.47551290508757
763,100,kmetric_dorc,0.2815493741430396,0.0298929118221379,4,0.745,0.4093,70.7,,d5-c1-n0.2-m13,5,1,0.2,13,-28.47551290508757
763,100,fbkernel_orc,0.2916610028186019,0.0328713174950331,4,0.745,0.4093,70.7,,d5-c1-n0.2-m13,5,1,0.2,13,-28.47551290508757
781,100,traj_dorc,0.2057591085989628,0.0,1,0.729,0.0,1.7,,d6-c1-n0.01-m1,6,1,0.01,1,2.310630032127137
781,100,kmetric_dorc,0.386374154506244,0.058324003474813,4,0.729,0.0,68.4,,d6-c1-n0.01-m1,6,1,0.01,1,2.310630032127137
781,100,fbkernel_orc,0.3853441078417944,0.0241734830880414,4,0.729,0.0,68.4,,d6-c1-n0.01-m1,6,1,0.01,1,2.310630032127137
784,100,traj_dorc,0.1995820888125831,0.0,1,0.743,0.0,1.7,,d6-c1-n0.01-m4,6,1,0.01,4,-71.27016179316198
784,100,kmetric_dorc,0.3884318058779868,0.0268117399290765,4,0.743,0.0,70.6,,d6-c1-n0.01-m4,6,1,0.01,4,-71.27016179316198
784,100,fbkernel_orc,0.3513321047363893,0.0253598961220676,4,0.743,0.0,70.6,,d6-c1-n0.01-m4,6,1,0.01,4,-71.27016179316198
787,100,traj_dorc,0.2004488782095899,0.0,1,0.737,0.0,1.8,,d6-c1-n0.01-m7,6,1,0.01,7,-45.17999519324027
787,100,kmetric_dorc,0.3133533246037153,0.0373068514845107,4,0.737,0.0,68.8,,d6-c1-n0.01-m7,6,1,0.01,7,-45.17999519324027
787,100,fbkernel_orc,0.3568524775827254,0.0262198606278408,4,0.737,0.0,68.8,,d6-c1-n0.01-m7,6,1,0.01,7,-45.17999519324027
790,100,traj_dorc,0.3006635019174636,0.0,1,0.743,0.0,1.6,,d6-c1-n0.01-m10,6,1,0.01,10,-54.921670100446896
790,100,kmetric_dorc,0.299958323772601,0.045495421065334,4,0.743,0.0,68.9,,d6-c1-n0.01-m10,6,1,0.01,10,-54.921670100446896
790,100,fbkernel_orc,0.3480934575538782,0.0247792283996613,4,0.743,0.0,68.9,,d6-c1-n0.01-m10,6,1,0.01,10,-54.921670100446896
793,100,traj_dorc,0.1755359819399962,0.0,1,0.736,0.0,1.5,,d6-c1-n0.01-m13,6,1,0.01,13,-76.44652684559905
793,100,kmetric_dorc,0.3811845978106628,0.029803160739758,4,0.736,0.0,65.8,,d6-c1-n0.01-m13,6,1,0.01,13,-76.44652684559905
793,100,fbkernel_orc,0.3999731532304478,0.0618585121025321,4,0.736,0.0,65.8,,d6-c1-n0.01-m13,6,1,0.01,13,-76.44652684559905
811,100,traj_dorc,0.200300860071368,0.0,1,0.749,0.0,1.9,,d6-c1-n0.05-m1,6,1,0.05,1,-48.29800862013458
811,100,kmetric_dorc,0.3498380688280147,0.0475441638689524,4,0.749,0.0,62.0,,d6-c1-n0.05-m1,6,1,0.05,1,-48.29800862013458
811,100,fbkernel_orc,0.3603613068368058,0.022461608024698,4,0.749,0.0,62.0,,d6-c1-n0.05-m1,6,1,0.05,1,-48.29800862013458
814,100,traj_dorc,0.2269325609712602,0.0,1,0.732,0.5407,1.4,,d6-c1-n0.05-m4,6,1,0.05,4,-47.9480359713048
814,100,kmetric_dorc,0.337635885800145,0.055823263249953,4,0.732,0.5407,57.5,,d6-c1-n0.05-m4,6,1,0.05,4,-47.9480359713048
814,100,fbkernel_orc,0.2677225471014312,0.0545887294939998,4,0.732,0.5407,57.5,,d6-c1-n0.05-m4,6,1,0.05,4,-47.9480359713048
817,100,traj_dorc,0.263861753813008,0.0,1,0.735,0.0,1.4,,d6-c1-n0.05-m7,6,1,0.05,7,-12.910662028844692
817,100,kmetric_dorc,0.3718944656178284,0.0320813422006422,4,0.735,0.0,59.7,,d6-c1-n0.05-m7,6,1,0.05,7,-12.910662028844692
817,100,fbkernel_orc,0.3561711515552308,0.0501070021536078,4,0.735,0.0,59.7,,d6-c1-n0.05-m7,6,1,0.05,7,-12.910662028844692
820,100,traj_dorc,0.2365615020829022,0.0,1,0.736,0.0,1.6,,d6-c1-n0.05-m10,6,1,0.05,10,-44.84909729317228
820,100,kmetric_dorc,0.3414841466886689,0.0598198885530105,4,0.736,0.0,61.8,,d6-c1-n0.05-m10,6,1,0.05,10,-44.84909729317228
820,100,fbkernel_orc,0.3208108060060408,0.0209129040827431,4,0.736,0.0,61.8,,d6-c1-n0.05-m10,6,1,0.05,10,-44.84909729317228
823,100,traj_dorc,0.3565911728885359,0.0,1,0.734,0.5456,1.2,,d6-c1-n0.05-m13,6,1,0.05,13,-71.9194356359564
823,100,kmetric_dorc,0.2738759688820591,0.0573611184142954,4,0.734,0.5456,69.0,,d6-c1-n0.05-m13,6,1,0.05,13,-71.9194356359564
823,100,fbkernel_orc,0.22033326288623,0.061137797170622,4,0.734,0.5456,69.0,,d6-c1-n0.05-m13,6,1,0.05,13,-71.9194356359564
841,100,traj_dorc,0.3031464276967622,0.0,1,0.734,0.568,1.4,,d6-c1-n0.1-m1,6,1,0.1,1,-28.27057085781108
841,100,kmetric_dorc,0.2492372752018521,0.031227260620361,4,0.734,0.568,74.5,,d6-c1-n0.1-m1,6,1,0.1,1,-28.27057085781108
841,100,fbkernel_orc,0.231838700076606,0.0496439654957716,4,0.734,0.568,74.5,,d6-c1-n0.1-m1,6,1,0.1,1,-28.27057085781108
844,100,traj_dorc,0.2938890290116304,0.0,1,0.737,0.0,1.5,,d6-c1-n0.1-m4,6,1,0.1,4,-51.41557026855955
844,100,kmetric_dorc,0.3871227577707744,0.0243352735422913,4,0.737,0.0,74.8,,d6-c1-n0.1-m4,6,1,0.1,4,-51.41557026855955
844,100,fbkernel_orc,0.2989176273171707,0.0096782366638567,4,0.737,0.0,74.8,,d6-c1-n0.1-m4,6,1,0.1,4,-51.41557026855955
847,100,traj_dorc,0.3332017540231959,0.0,1,0.733,0.0,1.6,,d6-c1-n0.1-m7,6,1,0.1,7,-52.04537163029244
847,100,kmetric_dorc,0.2924073381501814,0.0390696094235787,4,0.733,0.0,77.2,,d6-c1-n0.1-m7,6,1,0.1,7,-52.04537163029244
847,100,fbkernel_orc,0.2788793831496409,0.0333947285921535,4,0.733,0.0,77.2,,d6-c1-n0.1-m7,6,1,0.1,7,-52.04537163029244
850,100,traj_dorc,0.3750350698553079,0.0,1,0.736,0.0,1.5,,d6-c1-n0.1-m10,6,1,0.1,10,36.32813350240218
850,100,kmetric_dorc,0.372153527760024,0.0536899171089063,4,0.736,0.0,75.1,,d6-c1-n0.1-m10,6,1,0.1,10,36.32813350240218
850,100,fbkernel_orc,0.3347858314094082,0.0114175012085864,4,0.736,0.0,75.1,,d6-c1-n0.1-m10,6,1,0.1,10,36.32813350240218
853,100,traj_dorc,0.1519112445597081,0.0,1,0.734,0.0,1.6,,d6-c1-n0.1-m13,6,1,0.1,13,-28.91830997833552
853,100,kmetric_dorc,0.3062701213044959,0.0416485002160774,4,0.734,0.0,74.5,,d6-c1-n0.1-m13,6,1,0.1,13,-28.91830997833552
853,100,fbkernel_orc,0.2612307647375191,0.0686297402435304,4,0.734,0.0,74.5,,d6-c1-n0.1-m13,6,1,0.1,13,-28.91830997833552
871,100,traj_dorc,0.3860595530167268,0.0,1,0.735,0.0,1.5,,d6-c1-n0.2-m1,6,1,0.2,1,0.935435246704639
871,100,kmetric_dorc,0.3313273620848087,0.0708149284670562,4,0.735,0.0,71.4,,d6-c1-n0.2-m1,6,1,0.2,1,0.935435246704639
871,100,fbkernel_orc,0.272087351667014,0.0219739459621505,4,0.735,0.0,71.4,,d6-c1-n0.2-m1,6,1,0.2,1,0.935435246704639
874,100,traj_dorc,0.2502787125559327,0.0,1,0.748,0.6856,1.6,,d6-c1-n0.2-m4,6,1,0.2,4,-3.968806191274376
874,100,kmetric_dorc,0.2569731533664899,0.0590853433673931,4,0.748,0.6856,71.6,,d6-c1-n0.2-m4,6,1,0.2,4,-3.968806191274376
874,100,fbkernel_orc,0.2686671094488133,0.0567991908163688,4,0.748,0.6856,71.6,,d6-c1-n0.2-m4,6,1,0.2,4,-3.968806191274376
877,100,traj_dorc,0.1034382496924582,0.0,1,0.738,0.0,1.9,,d6-c1-n0.2-m7,6,1,0.2,7,-36.88598049578116
877,100,kmetric_dorc,0.2498024159707587,0.0491711122705735,4,0.738,0.0,73.4,,d6-c1-n0.2-m7,6,1,0.2,7,-36.88598049578116
877,100,fbkernel_orc,0.2767260244348021,0.0134096461966778,4,0.738,0.0,73.4,,d6-c1-n0.2-m7,6,1,0.2,7,-36.88598049578116
880,100,traj_dorc,0.3531951361057737,0.0,1,0.748,0.6914,1.5,,d6-c1-n0.2-m10,6,1,0.2,10,76.14894406390464
880,100,kmetric_dorc,0.4114142728733706,0.0359082161559599,4,0.748,0.6914,71.9,,d6-c1-n0.2-m10,6,1,0.2,10,76.14894406390464
880,100,fbkernel_orc,0.2504168967053082,0.0447229990781011,4,0.748,0.6914,71.9,,d6-c1-n0.2-m10,6,1,0.2,10,76.14894406390464
883,100,traj_dorc,0.1432310652597773,0.0,1,0.735,0.0,1.8,,d6-c1-n0.2-m13,6,1,0.2,13,-26.5858890924547
883,100,kmetric_dorc,0.3625922814626554,0.0398366368621894,4,0.735,0.0,74.4,,d6-c1-n0.2-m13,6,1,0.2,13,-26.5858890924547
883,100,fbkernel_orc,0.2962812057175976,0.054719930691586,4,0.735,0.0,74.4,,d6-c1-n0.2-m13,6,1,0.2,13,-26.5858890924547
301,500,traj_dorc,0.1036267404065836,0.0,1,0.992,0.0,3.2,,d2-c1-n0.01-m1,2,1,0.01,1,24.29147882731491
301,500,kmetric_dorc,-0.0063928322269464,0.0250940951719359,4,0.992,0.0,352.2,,d2-c1-n0.01-m1,2,1,0.01,1,24.29147882731491
301,500,fbkernel_orc,-0.0101560534817911,0.0505000871336117,4,0.992,0.0,352.2,,d2-c1-n0.01-m1,2,1,0.01,1,24.29147882731491
304,500,traj_dorc,-0.016576983902286,0.0,1,0.992,0.0,2.6,,d2-c1-n0.01-m4,2,1,0.01,4,-10.811957593661983
304,500,kmetric_dorc,-0.0624859256950018,0.0208539117607179,4,0.992,0.0,352.2,,d2-c1-n0.01-m4,2,1,0.01,4,-10.811957593661983
304,500,fbkernel_orc,-0.0315550940434267,0.0275084528392285,4,0.992,0.0,352.2,,d2-c1-n0.01-m4,2,1,0.01,4,-10.811957593661983
307,500,traj_dorc,-0.0175735545963327,0.0,1,0.996,0.0,2.1,,d2-c1-n0.01-m7,2,1,0.01,7,-4.119639039475162
307,500,kmetric_dorc,-0.0932442443804395,0.0350013211099893,4,0.996,0.0,348.8,,d2-c1-n0.01-m7,2,1,0.01,7,-4.119639039475162
307,500,fbkernel_orc,-0.1039537019933449,0.0604122790042524,4,0.996,0.0,348.8,,d2-c1-n0.01-m7,2,1,0.01,7,-4.119639039475162
310,500,traj_dorc,0.0161963008994126,0.0,1,0.996,0.0,2.1,,d2-c1-n0.01-m10,2,1,0.01,10,-13.010242390174652
310,500,kmetric_dorc,-0.0765678334899461,0.0111196838287817,4,0.996,0.0,346.4,,d2-c1-n0.01-m10,2,1,0.01,10,-13.010242390174652
310,500,fbkernel_orc,-0.0901768064569901,0.0452248875867201,4,0.996,0.0,346.4,,d2-c1-n0.01-m10,2,1,0.01,10,-13.010242390174652
313,500,traj_dorc,0.032498376887883,0.0,1,0.996,0.0,2.1,,d2-c1-n0.01-m13,2,1,0.01,13,-2.9443229796812918
313,500,kmetric_dorc,-0.0533735210698976,0.0206700093206134,4,0.996,0.0,347.3,,d2-c1-n0.01-m13,2,1,0.01,13,-2.9443229796812918
313,500,fbkernel_orc,-0.1140114575167713,0.0324669781520743,4,0.996,0.0,347.3,,d2-c1-n0.01-m13,2,1,0.01,13,-2.9443229796812918
331,500,traj_dorc,0.1158775654956498,0.0,1,0.994,0.0,2.3,,d2-c1-n0.05-m1,2,1,0.05,1,0.7737598105819261
331,500,kmetric_dorc,-0.026589472363622,0.0130105464779922,4,0.994,0.0,347.1,,d2-c1-n0.05-m1,2,1,0.05,1,0.7737598105819261
331,500,fbkernel_orc,-0.0708990069842608,0.0303063958079162,4,0.994,0.0,347.1,,d2-c1-n0.05-m1,2,1,0.05,1,0.7737598105819261
334,500,traj_dorc,0.0617978483632719,0.0,1,0.997,0.0,2.3,,d2-c1-n0.05-m4,2,1,0.05,4,5.496937541713086
334,500,kmetric_dorc,-0.0156853862691636,0.0316536387349204,4,0.997,0.0,342.8,,d2-c1-n0.05-m4,2,1,0.05,4,5.496937541713086
334,500,fbkernel_orc,-0.0421491147362358,0.0247962698852825,4,0.997,0.0,342.8,,d2-c1-n0.05-m4,2,1,0.05,4,5.496937541713086
337,500,traj_dorc,0.0883902949503311,0.0,1,0.993,0.0,2.2,,d2-c1-n0.05-m7,2,1,0.05,7,0.013149415250463
337,500,kmetric_dorc,-0.0011872115787221,0.0101460389164603,4,0.993,0.0,340.6,,d2-c1-n0.05-m7,2,1,0.05,7,0.013149415250463
337,500,fbkernel_orc,-0.1215204670221022,0.0770173501139878,4,0.993,0.0,340.6,,d2-c1-n0.05-m7,2,1,0.05,7,0.013149415250463
340,500,traj_dorc,0.0713070517045397,0.0,1,0.995,0.0,2.1,,d2-c1-n0.05-m10,2,1,0.05,10,-1.3523409226359646
340,500,kmetric_dorc,-0.0022642512247521,0.0366134712096983,4,0.995,0.0,339.1,,d2-c1-n0.05-m10,2,1,0.05,10,-1.3523409226359646
340,500,fbkernel_orc,-0.0880474372734508,0.0488121533956049,4,0.995,0.0,339.1,,d2-c1-n0.05-m10,2,1,0.05,10,-1.3523409226359646
343,500,traj_dorc,0.0952976930377243,0.0,1,0.996,0.0,2.0,,d2-c1-n0.05-m13,2,1,0.05,13,-4.378023159484492
343,500,kmetric_dorc,-0.0835324380058105,0.0325244113531072,4,0.996,0.0,340.2,,d2-c1-n0.05-m13,2,1,0.05,13,-4.378023159484492
343,500,fbkernel_orc,-0.1129495424791864,0.0237264938443705,4,0.996,0.0,340.2,,d2-c1-n0.05-m13,2,1,0.05,13,-4.378023159484492
361,500,traj_dorc,0.0241242155699519,0.0,1,0.998,0.0,2.1,,d2-c1-n0.1-m1,2,1,0.1,1,9.449520693307583
361,500,kmetric_dorc,0.0016034518562765,0.0251354495054679,4,0.998,0.0,336.5,,d2-c1-n0.1-m1,2,1,0.1,1,9.449520693307583
361,500,fbkernel_orc,-0.0109224082216966,0.0702142351389376,4,0.998,0.0,336.5,,d2-c1-n0.1-m1,2,1,0.1,1,9.449520693307583
364,500,traj_dorc,0.0864012116892022,0.0,1,0.997,0.0,2.0,,d2-c1-n0.1-m4,2,1,0.1,4,-1.095170415248552
364,500,kmetric_dorc,-0.035770951081515,0.0222574911838247,4,0.997,0.0,341.4,,d2-c1-n0.1-m4,2,1,0.1,4,-1.095170415248552
364,500,fbkernel_orc,-0.0728876426921173,0.0563828939912044,4,0.997,0.0,341.4,,d2-c1-n0.1-m4,2,1,0.1,4,-1.095170415248552
367,500,traj_dorc,0.0909016520521915,0.0,1,0.996,0.0,2.1,,d2-c1-n0.1-m7,2,1,0.1,7,-1.4167534716119394
367,500,kmetric_dorc,-0.0754305273190852,0.0089641831916624,4,0.996,0.0,338.0,,d2-c1-n0.1-m7,2,1,0.1,7,-1.4167534716119394
367,500,fbkernel_orc,-0.0702047436542789,0.0313944616580673,4,0.996,0.0,338.0,,d2-c1-n0.1-m7,2,1,0.1,7,-1.4167534716119394
370,500,traj_dorc,0.1391827277404339,0.0,1,0.993,0.0,1.8,,d2-c1-n0.1-m10,2,1,0.1,10,-7.72404280863429
370,500,kmetric_dorc,0.0129336727712644,0.0767724392978724,4,0.993,0.0,335.8,,d2-c1-n0.1-m10,2,1,0.1,10,-7.72404280863429
370,500,fbkernel_orc,0.0413583557857921,0.0209314699431261,4,0.993,0.0,335.8,,d2-c1-n0.1-m10,2,1,0.1,10,-7.72404280863429
373,500,traj_dorc,0.2107001636707284,0.0,1,0.998,0.0,1.4,,d2-c1-n0.1-m13,2,1,0.1,13,1.219879741117918
373,500,kmetric_dorc,-0.0052053906698787,0.0362754339315478,4,0.998,0.0,339.7,,d2-c1-n0.1-m13,2,1,0.1,13,1.219879741117918
373,500,fbkernel_orc,-0.0471073587884875,0.0171321943530146,4,0.998,0.0,339.7,,d2-c1-n0.1-m13,2,1,0.1,13,1.219879741117918
391,500,traj_dorc,0.0323476190581033,0.0,1,0.997,0.0,2.1,,d2-c1-n0.2-m1,2,1,0.2,1,-11.10729981739082
391,500,kmetric_dorc,0.0208013582244626,0.0307921827189701,4,0.997,0.0,334.7,,d2-c1-n0.2-m1,2,1,0.2,1,-11.10729981739082
391,500,fbkernel_orc,-0.0263342763212614,0.0450649785622661,4,0.997,0.0,334.7,,d2-c1-n0.2-m1,2,1,0.2,1,-11.10729981739082
394,500,traj_dorc,-0.0673235575268742,0.0,1,0.999,0.0,1.6,,d2-c1-n0.2-m4,2,1,0.2,4,-2.1599274912864
394,500,kmetric_dorc,-0.0009152350763016,0.0637698710010138,4,0.999,0.0,334.5,,d2-c1-n0.2-m4,2,1,0.2,4,-2.1599274912864
394,500,fbkernel_orc,-0.0475356288761611,0.0448877141776412,4,0.999,0.0,334.5,,d2-c1-n0.2-m4,2,1,0.2,4,-2.1599274912864
397,500,traj_dorc,0.0242642497142491,0.0,1,0.998,0.0,1.6,,d2-c1-n0.2-m7,2,1,0.2,7,-7.068274592865281
397,500,kmetric_dorc,0.008778724882926,0.0811622211095714,4,0.998,0.0,333.3,,d2-c1-n0.2-m7,2,1,0.2,7,-7.068274592865281
397,500,fbkernel_orc,-0.0427356436967619,0.0564627175529547,4,0.998,0.0,333.3,,d2-c1-n0.2-m7,2,1,0.2,7,-7.068274592865281
400,500,traj_dorc,0.1056105509824225,0.0,1,0.995,0.0,1.8,,d2-c1-n0.2-m10,2,1,0.2,10,4.735398380876656
400,500,kmetric_dorc,0.0649151775039457,0.0524295103509872,4,0.995,0.0,329.4,,d2-c1-n0.2-m10,2,1,0.2,10,4.735398380876656
400,500,fbkernel_orc,-0.0231067456140925,0.0469490635487351,4,0.995,0.0,329.4,,d2-c1-n0.2-m10,2,1,0.2,10,4.735398380876656
403,500,traj_dorc,0.0885607708164982,0.0,1,0.996,0.0,1.4,,d2-c1-n0.2-m13,2,1,0.2,13,-0.7938535783685272
403,500,kmetric_dorc,0.0335849695754393,0.0698418726732088,4,0.996,0.0,332.2,,d2-c1-n0.2-m13,2,1,0.2,13,-0.7938535783685272
403,500,fbkernel_orc,0.010924397446417,0.032155156431615,4,0.996,0.0,332.2,,d2-c1-n0.2-m13,2,1,0.2,13,-0.7938535783685272
421,500,traj_dorc,-0.069625483505143,0.0,1,0.996,0.0,1.8,,d3-c1-n0.01-m1,3,1,0.01,1,-7.415704083686769
421,500,kmetric_dorc,0.04280790910222,0.0283455285930939,4,0.996,0.0,331.4,,d3-c1-n0.01-m1,3,1,0.01,1,-7.415704083686769
421,500,fbkernel_orc,-0.0339867390499796,0.0192684996612442,4,0.996,0.0,331.4,,d3-c1-n0.01-m1,3,1,0.01,1,-7.415704083686769
424,500,traj_dorc,-0.1181459156708383,0.0,1,0.997,0.0,1.8,,d3-c1-n0.01-m4,3,1,0.01,4,-4.175905001060452
424,500,kmetric_dorc,0.0326663837470506,0.0665504508941933,4,0.997,0.0,331.8,,d3-c1-n0.01-m4,3,1,0.01,4,-4.175905001060452
424,500,fbkernel_orc,-0.0047375783455445,0.0431131139875429,4,0.997,0.0,331.8,,d3-c1-n0.01-m4,3,1,0.01,4,-4.175905001060452
427,500,traj_dorc,-0.0776723031161321,0.0,1,0.998,0.0,1.9,,d3-c1-n0.01-m7,3,1,0.01,7,-41.3525179488977
427,500,kmetric_dorc,0.0394588829498001,0.0343116893519731,4,0.998,0.0,330.7,,d3-c1-n0.01-m7,3,1,0.01,7,-41.3525179488977
427,500,fbkernel_orc,0.0296986744886552,0.0307681830596045,4,0.998,0.0,330.7,,d3-c1-n0.01-m7,3,1,0.01,7,-41.3525179488977
430,500,traj_dorc,-0.0531707113842269,0.0,1,0.998,0.0,1.7,,d3-c1-n0.01-m10,3,1,0.01,10,-16.842236690951605
430,500,kmetric_dorc,0.0022782256441977,0.0334891137185083,4,0.998,0.0,331.9,,d3-c1-n0.01-m10,3,1,0.01,10,-16.842236690951605
430,500,fbkernel_orc,-0.0219706051846816,0.0280401021404538,4,0.998,0.0,331.9,,d3-c1-n0.01-m10,3,1,0.01,10,-16.842236690951605
433,500,traj_dorc,-0.0915214230179986,0.0,1,0.996,0.0,1.9,,d3-c1-n0.01-m13,3,1,0.01,13,0.380085965305853
433,500,kmetric_dorc,0.0481867060515419,0.0274208892647405,4,0.996,0.0,333.0,,d3-c1-n0.01-m13,3,1,0.01,13,0.380085965305853
433,500,fbkernel_orc,0.012311427090058,0.0527856865121698,4,0.996,0.0,333.0,,d3-c1-n0.01-m13,3,1,0.01,13,0.380085965305853
451,500,traj_dorc,-0.1692008156863147,0.0,1,0.997,0.0,1.9,,d3-c1-n0.05-m1,3,1,0.05,1,-12.659383196182684
451,500,kmetric_dorc,0.0344029142886793,0.0442524810499292,4,0.997,0.0,332.7,,d3-c1-n0.05-m1,3,1,0.05,1,-12.659383196182684
451,500,fbkernel_orc,-0.0164595061898636,0.0727790745371455,4,0.997,0.0,332.7,,d3-c1-n0.05-m1,3,1,0.05,1,-12.659383196182684
454,500,traj_dorc,-0.074488914135433,0.0,1,0.998,0.0,1.8,,d3-c1-n0.05-m4,3,1,0.05,4,-4.99685320061184
454,500,kmetric_dorc,0.0314554197074891,0.0448729715938209,4,0.998,0.0,330.3,,d3-c1-n0.05-m4,3,1,0.05,4,-4.99685320061184
454,500,fbkernel_orc,0.0032712136623593,0.0633873114248611,4,0.998,0.0,330.3,,d3-c1-n0.05-m4,3,1,0.05,4,-4.99685320061184
457,500,traj_dorc,-0.2161118040135749,0.0,1,0.996,0.0,1.9,,d3-c1-n0.05-m7,3,1,0.05,7,-16.176625387033255
457,500,kmetric_dorc,0.0484737448114945,0.0599667928247211,4,0.996,0.0,330.4,,d3-c1-n0.05-m7,3,1,0.05,7,-16.176625387033255
457,500,fbkernel_orc,0.0700492171118485,0.0633470148723605,4,0.996,0.0,330.4,,d3-c1-n0.05-m7,3,1,0.05,7,-16.176625387033255
460,500,traj_dorc,-0.0626323467356366,0.0,1,0.995,0.0,1.8,,d3-c1-n0.05-m10,3,1,0.05,10,-13.787515224982826
460,500,kmetric_dorc,0.0671619569060645,0.0568260174974438,4,0.995,0.0,332.6,,d3-c1-n0.05-m10,3,1,0.05,10,-13.787515224982826
460,500,fbkernel_orc,0.0042325854994412,0.0470864011023486,4,0.995,0.0,332.6,,d3-c1-n0.05-m10,3,1,0.05,10,-13.787515224982826
463,500,traj_dorc,-0.0838006767235263,0.0,1,0.999,0.0,1.8,,d3-c1-n0.05-m13,3,1,0.05,13,1.5260272664429309
463,500,kmetric_dorc,-0.0409419282930273,0.0260407923356619,4,0.999,0.0,330.7,,d3-c1-n0.05-m13,3,1,0.05,13,1.5260272664429309
463,500,fbkernel_orc,-0.0002362338721012,0.0174720525361107,4,0.999,0.0,330.7,,d3-c1-n0.05-m13,3,1,0.05,13,1.5260272664429309
481,500,traj_dorc,-0.0015032405703075,0.0,1,0.997,0.0,1.8,,d3-c1-n0.1-m1,3,1,0.1,1,-5.728772538116581
481,500,kmetric_dorc,0.0204423381883291,0.0400410819824359,4,0.997,0.0,329.4,,d3-c1-n0.1-m1,3,1,0.1,1,-5.728772538116581
481,500,fbkernel_orc,0.0419305671231784,0.0154219382258535,4,0.997,0.0,329.4,,d3-c1-n0.1-m1,3,1,0.1,1,-5.728772538116581
484,500,traj_dorc,-0.0486253774060433,0.0,1,0.996,0.0,2.0,,d3-c1-n0.1-m4,3,1,0.1,4,-9.95300009216142
484,500,kmetric_dorc,0.0787877359920416,0.0459715102151157,4,0.996,0.0,331.7,,d3-c1-n0.1-m4,3,1,0.1,4,-9.95300009216142
484,500,fbkernel_orc,0.0716304238865365,0.0732411063931614,4,0.996,0.0,331.7,,d3-c1-n0.1-m4,3,1,0.1,4,-9.95300009216142
487,500,traj_dorc,-0.0922298968981245,0.0,1,0.997,0.0,1.9,,d3-c1-n0.1-m7,3,1,0.1,7,-37.0087735355624
487,500,kmetric_dorc,0.0671802825728475,0.0408030200496234,4,0.997,0.0,329.4,,d3-c1-n0.1-m7,3,1,0.1,7,-37.0087735355624
487,500,fbkernel_orc,0.1010943875834597,0.0457667699032577,4,0.997,0.0,329.4,,d3-c1-n0.1-m7,3,1,0.1,7,-37.0087735355624
490,500,traj_dorc,-0.0850987563766756,0.0,1,0.997,0.0,2.0,,d3-c1-n0.1-m10,3,1,0.1,10,-20.614923975239662
490,500,kmetric_dorc,0.0542206529771927,0.0349743002347976,4,0.997,0.0,332.0,,d3-c1-n0.1-m10,3,1,0.1,10,-20.614923975239662
490,500,fbkernel_orc,0.0460845650766214,0.0261445035684894,4,0.997,0.0,332.0,,d3-c1-n0.1-m10,3,1,0.1,10,-20.614923975239662
493,500,traj_dorc,0.0178515488919063,0.0,1,0.997,0.0,1.6,,d3-c1-n0.1-m13,3,1,0.1,13,33.209975825617065
493,500,kmetric_dorc,0.1709406529669344,0.0459397200642513,4,0.997,0.0,330.2,,d3-c1-n0.1-m13,3,1,0.1,13,33.209975825617065
493,500,fbkernel_orc,0.0523574710061039,0.0513024129312901,4,0.997,0.0,330.2,,d3-c1-n0.1-m13,3,1,0.1,13,33.209975825617065
511,500,traj_dorc,-0.1037714249163269,0.0,1,0.998,0.0,2.2,,d3-c1-n0.2-m1,3,1,0.2,1,-3.66641372894382
511,500,kmetric_dorc,0.1191109435484504,0.0245227061647272,4,0.998,0.0,330.9,,d3-c1-n0.2-m1,3,1,0.2,1,-3.66641372894382
511,500,fbkernel_orc,0.1116873166284236,0.0650203345218348,4,0.998,0.0,330.9,,d3-c1-n0.2-m1,3,1,0.2,1,-3.66641372894382
514,500,traj_dorc,-0.0483191493686336,0.0,1,0.995,0.0,2.1,,d3-c1-n0.2-m4,3,1,0.2,4,-14.544124599425984
514,500,kmetric_dorc,0.0480798098885396,0.038941046657191,4,0.995,0.0,330.4,,d3-c1-n0.2-m4,3,1,0.2,4,-14.544124599425984
514,500,fbkernel_orc,0.0670798840936465,0.0356883109235639,4,0.995,0.0,330.4,,d3-c1-n0.2-m4,3,1,0.2,4,-14.544124599425984
517,500,traj_dorc,0.0683060794418977,0.0,1,0.997,0.0,2.0,,d3-c1-n0.2-m7,3,1,0.2,7,-2.043394187053898
517,500,kmetric_dorc,0.0611498611031509,0.0455241847778626,4,0.997,0.0,331.4,,d3-c1-n0.2-m7,3,1,0.2,7,-2.043394187053898
517,500,fbkernel_orc,0.070706686319718,0.0604106449851562,4,0.997,0.0,331.4,,d3-c1-n0.2-m7,3,1,0.2,7,-2.043394187053898
520,500,traj_dorc,0.0095254086766286,0.0,1,0.996,0.0,2.1,,d3-c1-n0.2-m10,3,1,0.2,10,2.0196605728685517
520,500,kmetric_dorc,0.0916421008639357,0.0714540550632491,4,0.996,0.0,330.0,,d3-c1-n0.2-m10,3,1,0.2,10,2.0196605728685517
520,500,fbkernel_orc,0.1591125212932916,0.0192112319117159,4,0.996,0.0,330.0,,d3-c1-n0.2-m10,3,1,0.2,10,2.0196605728685517
523,500,traj_dorc,-0.0267301250606261,0.0,1,0.993,0.0,2.0,,d3-c1-n0.2-m13,3,1,0.2,13,-9.60260942351796
523,500,kmetric_dorc,0.0578135963556566,0.0219081317452324,4,0.993,0.0,331.8,,d3-c1-n0.2-m13,3,1,0.2,13,-9.60260942351796
523,500,fbkernel_orc,0.0531341529915766,0.0330161611300921,4,0.993,0.0,331.8,,d3-c1-n0.2-m13,3,1,0.2,13,-9.60260942351796
541,500,traj_dorc,-0.0660359340983656,0.0,1,0.998,0.0,2.5,,d4-c1-n0.01-m1,4,1,0.01,1,-0.036623222623584
541,500,kmetric_dorc,0.1696627262803224,0.0355844154461031,4,0.998,0.0,329.8,,d4-c1-n0.01-m1,4,1,0.01,1,-0.036623222623584
541,500,fbkernel_orc,0.1392338474313284,0.0187284588063833,4,0.998,0.0,329.8,,d4-c1-n0.01-m1,4,1,0.01,1,-0.036623222623584
544,500,traj_dorc,-0.13598874355572,0.0,1,0.998,0.0,2.5,,d4-c1-n0.01-m4,4,1,0.01,4,-16.875471101588957
544,500,kmetric_dorc,0.1751395121000544,0.0160140141199069,4,0.998,0.0,330.2,,d4-c1-n0.01-m4,4,1,0.01,4,-16.875471101588957
544,500,fbkernel_orc,0.1356259131227775,0.0669954345124215,4,0.998,0.0,330.2,,d4-c1-n0.01-m4,4,1,0.01,4,-16.875471101588957
547,500,traj_dorc,-0.0768197644192767,0.0,1,0.999,0.0,2.6,,d4-c1-n0.01-m7,4,1,0.01,7,-29.76605096445724
547,500,kmetric_dorc,0.1772260646761279,0.0469777141402349,4,0.999,0.0,330.5,,d4-c1-n0.01-m7,4,1,0.01,7,-29.76605096445724
547,500,fbkernel_orc,0.1694768703351317,0.0502548218607937,4,0.999,0.0,330.5,,d4-c1-n0.01-m7,4,1,0.01,7,-29.76605096445724
550,500,traj_dorc,0.2209936691968131,0.0,1,0.996,0.0,1.9,,d4-c1-n0.01-m10,4,1,0.01,10,78.43052538097425
550,500,kmetric_dorc,0.2386449548495367,0.0126982881594531,4,0.996,0.0,328.0,,d4-c1-n0.01-m10,4,1,0.01,10,78.43052538097425
550,500,fbkernel_orc,0.1983663483586145,0.0309640836045219,4,0.996,0.0,328.0,,d4-c1-n0.01-m10,4,1,0.01,10,78.43052538097425
553,500,traj_dorc,-0.1611167751855091,0.0,1,0.997,0.0,2.5,,d4-c1-n0.01-m13,4,1,0.01,13,-14.479569337189464
553,500,kmetric_dorc,0.149475345125445,0.0379547273900718,4,0.997,0.0,329.7,,d4-c1-n0.01-m13,4,1,0.01,13,-14.479569337189464
553,500,fbkernel_orc,0.1453688710124483,0.0360911824402178,4,0.997,0.0,329.7,,d4-c1-n0.01-m13,4,1,0.01,13,-14.479569337189464
571,500,traj_dorc,-0.1575451044885055,0.0,1,0.997,0.0,2.5,,d4-c1-n0.05-m1,4,1,0.05,1,-39.90075492062513
571,500,kmetric_dorc,0.2107663269400181,0.0279926408584002,4,0.997,0.0,329.8,,d4-c1-n0.05-m1,4,1,0.05,1,-39.90075492062513
571,500,fbkernel_orc,0.1791053089729151,0.0379008137154181,4,0.997,0.0,329.8,,d4-c1-n0.05-m1,4,1,0.05,1,-39.90075492062513
574,500,traj_dorc,0.0056678941213009,0.0,1,0.998,0.0,2.4,,d4-c1-n0.05-m4,4,1,0.05,4,-17.091759926410464
574,500,kmetric_dorc,0.2190017683838399,0.0434605839034611,4,0.998,0.0,332.0,,d4-c1-n0.05-m4,4,1,0.05,4,-17.091759926410464
574,500,fbkernel_orc,0.2323841040024599,0.0358452508584187,4,0.998,0.0,332.0,,d4-c1-n0.05-m4,4,1,0.05,4,-17.091759926410464
577,500,traj_dorc,-0.0916362193472432,0.0,1,0.999,0.0,2.4,,d4-c1-n0.05-m7,4,1,0.05,7,-4.587718319365236
577,500,kmetric_dorc,0.1602113198073974,0.0579153077121675,4,0.999,0.0,329.8,,d4-c1-n0.05-m7,4,1,0.05,7,-4.587718319365236
577,500,fbkernel_orc,0.1722296337153108,0.0140084420220924,4,0.999,0.0,329.8,,d4-c1-n0.05-m7,4,1,0.05,7,-4.587718319365236
580,500,traj_dorc,-0.0997882637824852,0.0,1,0.999,0.0,2.7,,d4-c1-n0.05-m10,4,1,0.05,10,1.430710029764047
580,500,kmetric_dorc,0.1991266361368956,0.0413380223892133,4,0.999,0.0,329.9,,d4-c1-n0.05-m10,4,1,0.05,10,1.430710029764047
580,500,fbkernel_orc,0.2299164069925663,0.045516786244327,4,0.999,0.0,329.9,,d4-c1-n0.05-m10,4,1,0.05,10,1.430710029764047
583,500,traj_dorc,0.0645464251017934,0.0,1,0.995,0.0,2.4,,d4-c1-n0.05-m13,4,1,0.05,13,28.472607937392368
583,500,kmetric_dorc,0.2251743096250918,0.0314903658550773,4,0.995,0.0,327.7,,d4-c1-n0.05-m13,4,1,0.05,13,28.472607937392368
583,500,fbkernel_orc,0.2303252111035093,0.0183544118112882,4,0.995,0.0,327.7,,d4-c1-n0.05-m13,4,1,0.05,13,28.472607937392368
601,500,traj_dorc,-0.0964103667804705,0.0,1,0.998,0.0,2.5,,d4-c1-n0.1-m1,4,1,0.1,1,-25.490568830187783
601,500,kmetric_dorc,0.1797761390394906,0.037274418126765,4,0.998,0.0,331.4,,d4-c1-n0.1-m1,4,1,0.1,1,-25.490568830187783
601,500,fbkernel_orc,0.1945900697028376,0.0079386784452664,4,0.998,0.0,331.4,,d4-c1-n0.1-m1,4,1,0.1,1,-25.490568830187783
604,500,traj_dorc,0.0049353091297935,0.0,1,0.998,0.0,2.7,,d4-c1-n0.1-m4,4,1,0.1,4,-3.1032668576189137
604,500,kmetric_dorc,0.161804840144221,0.0136017200550138,4,0.998,0.0,331.7,,d4-c1-n0.1-m4,4,1,0.1,4,-3.1032668576189137
604,500,fbkernel_orc,0.1924687767959679,0.0217636086597136,4,0.998,0.0,331.7,,d4-c1-n0.1-m4,4,1,0.1,4,-3.1032668576189137
607,500,traj_dorc,-0.0785063828128763,0.0,1,0.995,0.0,2.5,,d4-c1-n0.1-m7,4,1,0.1,7,-12.183740340828578
607,500,kmetric_dorc,0.1649068958878681,0.0127606794957359,4,0.995,0.0,330.5,,d4-c1-n0.1-m7,4,1,0.1,7,-12.183740340828578
607,500,fbkernel_orc,0.2068542830064842,0.0254878926640964,4,0.995,0.0,330.5,,d4-c1-n0.1-m7,4,1,0.1,7,-12.183740340828578
610,500,traj_dorc,-0.0793265791858959,0.0,1,0.994,0.0,2.5,,d4-c1-n0.1-m10,4,1,0.1,10,4.907010535399368
610,500,kmetric_dorc,0.0998769532563545,0.0316978469896008,4,0.994,0.0,327.9,,d4-c1-n0.1-m10,4,1,0.1,10,4.907010535399368
610,500,fbkernel_orc,0.2289138254889936,0.0311821071287291,4,0.994,0.0,327.9,,d4-c1-n0.1-m10,4,1,0.1,10,4.907010535399368
613,500,traj_dorc,-0.0369820728462505,0.0,1,0.998,0.0,2.4,,d4-c1-n0.1-m13,4,1,0.1,13,-22.6348913684337
613,500,kmetric_dorc,0.0612619091530051,0.0720880897585909,4,0.998,0.0,329.5,,d4-c1-n0.1-m13,4,1,0.1,13,-22.6348913684337
613,500,fbkernel_orc,0.2164021698314581,0.0454921117718558,4,0.998,0.0,329.5,,d4-c1-n0.1-m13,4,1,0.1,13,-22.6348913684337
631,500,traj_dorc,0.1035621078145377,0.0,1,0.997,0.0,2.3,,d4-c1-n0.2-m1,4,1,0.2,1,9.496456875600702
631,500,kmetric_dorc,0.1866744789266298,0.0150211209327303,4,0.997,0.0,328.3,,d4-c1-n0.2-m1,4,1,0.2,1,9.496456875600702
631,500,fbkernel_orc,0.2248680495823222,0.038147249323243,4,0.997,0.0,328.3,,d4-c1-n0.2-m1,4,1,0.2,1,9.496456875600702
634,500,traj_dorc,0.0066960139535702,0.0,1,0.996,0.0,2.6,,d4-c1-n0.2-m4,4,1,0.2,4,-5.665571274105821
634,500,kmetric_dorc,0.1768697210018172,0.0622989600723496,4,0.996,0.0,326.3,,d4-c1-n0.2-m4,4,1,0.2,4,-5.665571274105821
634,500,fbkernel_orc,0.2224422104804641,0.0359398612897599,4,0.996,0.0,326.3,,d4-c1-n0.2-m4,4,1,0.2,4,-5.665571274105821
637,500,traj_dorc,0.0167498016741693,0.0,1,0.997,0.0,2.5,,d4-c1-n0.2-m7,4,1,0.2,7,-24.996193418222923
637,500,kmetric_dorc,0.121378250423645,0.0459440606753775,4,0.997,0.0,325.3,,d4-c1-n0.2-m7,4,1,0.2,7,-24.996193418222923
637,500,fbkernel_orc,0.163467398839868,0.011366908943025,4,0.997,0.0,325.3,,d4-c1-n0.2-m7,4,1,0.2,7,-24.996193418222923
640,500,traj_dorc,0.0506783409999961,0.0,1,0.997,0.0,2.1,,d4-c1-n0.2-m10,4,1,0.2,10,32.54341939091398
640,500,kmetric_dorc,0.2150484615744408,0.0297958849727991,4,0.997,0.0,324.3,,d4-c1-n0.2-m10,4,1,0.2,10,32.54341939091398
640,500,fbkernel_orc,0.2200264960181412,0.0419025907272505,4,0.997,0.0,324.3,,d4-c1-n0.2-m10,4,1,0.2,10,32.54341939091398
643,500,traj_dorc,0.195215742087097,0.0,1,0.994,0.0,2.3,,d4-c1-n0.2-m13,4,1,0.2,13,6.224275918490596
643,500,kmetric_dorc,0.2447666265387326,0.0650040556365293,4,0.994,0.0,324.3,,d4-c1-n0.2-m13,4,1,0.2,13,6.224275918490596
643,500,fbkernel_orc,0.2567682067413724,0.0335284862957614,4,0.994,0.0,324.3,,d4-c1-n0.2-m13,4,1,0.2,13,6.224275918490596
661,500,traj_dorc,0.1722863358617549,0.0,1,0.998,0.0,2.6,,d5-c1-n0.01-m1,5,1,0.01,1,2.5245450099361197
661,500,kmetric_dorc,0.245286739977198,0.026465664079589,4,0.998,0.0,323.3,,d5-c1-n0.01-m1,5,1,0.01,1,2.5245450099361197
661,500,fbkernel_orc,0.2906994504670922,0.0361205274506066,4,0.998,0.0,323.3,,d5-c1-n0.01-m1,5,1,0.01,1,2.5245450099361197
664,500,traj_dorc,0.1259499302266834,0.0,1,0.999,0.0,2.6,,d5-c1-n0.01-m4,5,1,0.01,4,-20.746348774718008
664,500,kmetric_dorc,0.2381515130081183,0.0412681002078966,4,0.999,0.0,321.2,,d5-c1-n0.01-m4,5,1,0.01,4,-20.746348774718008
664,500,fbkernel_orc,0.3096201693344375,0.033332882908822,4,0.999,0.0,321.2,,d5-c1-n0.01-m4,5,1,0.01,4,-20.746348774718008
667,500,traj_dorc,0.1456475713045084,0.0,1,0.993,0.0,2.8,,d5-c1-n0.01-m7,5,1,0.01,7,-13.523752961154
667,500,kmetric_dorc,0.2864050881889461,0.0159967110008812,4,0.993,0.0,330.5,,d5-c1-n0.01-m7,5,1,0.01,7,-13.523752961154
667,500,fbkernel_orc,0.2697713189545139,0.0571919692027593,4,0.993,0.0,330.5,,d5-c1-n0.01-m7,5,1,0.01,7,-13.523752961154
670,500,traj_dorc,0.1908281522538832,0.0,1,0.997,0.0,2.5,,d5-c1-n0.01-m10,5,1,0.01,10,-44.4013504262728
670,500,kmetric_dorc,0.2775775816926269,0.0157763513564829,4,0.997,0.0,334.6,,d5-c1-n0.01-m10,5,1,0.01,10,-44.4013504262728
670,500,fbkernel_orc,0.2198649894128092,0.0455319325623259,4,0.997,0.0,334.6,,d5-c1-n0.01-m10,5,1,0.01,10,-44.4013504262728
302,100,traj_dorc,-0.1128341261304474,0.0,1,0.67,0.0,1.4,,d2-c1-n0.01-m2,2,1,0.01,2,2.435305785100224
302,100,kmetric_dorc,-0.0873965815055044,0.0594795863738654,4,0.67,0.0,77.0,,d2-c1-n0.01-m2,2,1,0.01,2,2.435305785100224
302,100,fbkernel_orc,-0.2064583808158751,0.0219289822097462,4,0.67,0.0,77.0,,d2-c1-n0.01-m2,2,1,0.01,2,2.435305785100224
305,100,traj_dorc,-0.0651522165988537,0.0,1,0.648,0.2131,0.8,,d2-c1-n0.01-m5,2,1,0.01,5,17.833593420006732
305,100,kmetric_dorc,0.061607995491647,0.0219539912767869,4,0.648,0.2131,73.0,,d2-c1-n0.01-m5,2,1,0.01,5,17.833593420006732
305,100,fbkernel_orc,-0.0194967084009197,0.0518302775175215,4,0.648,0.2131,73.0,,d2-c1-n0.01-m5,2,1,0.01,5,17.833593420006732
308,100,traj_dorc,-0.0265975305786938,0.0,1,0.66,0.0,0.9,,d2-c1-n0.01-m8,2,1,0.01,8,-4.802158035650685
308,100,kmetric_dorc,-0.0285383246659831,0.0205085367936709,4,0.66,0.0,74.3,,d2-c1-n0.01-m8,2,1,0.01,8,-4.802158035650685
308,100,fbkernel_orc,-0.1091922877834263,0.0438453509871036,4,0.66,0.0,74.3,,d2-c1-n0.01-m8,2,1,0.01,8,-4.802158035650685
311,100,traj_dorc,0.1630631880713753,0.0,1,0.644,0.0,1.2,,d2-c1-n0.01-m11,2,1,0.01,11,6.656586154585676
311,100,kmetric_dorc,-0.0127977826334074,0.0210341359740182,4,0.644,0.0,73.4,,d2-c1-n0.01-m11,2,1,0.01,11,6.656586154585676
311,100,fbkernel_orc,-0.1498617559809886,0.0788225739647853,4,0.644,0.0,73.4,,d2-c1-n0.01-m11,2,1,0.01,11,6.656586154585676
314,100,traj_dorc,-0.0478317759565265,0.0,1,0.647,0.0,0.9,,d2-c1-n0.01-m14,2,1,0.01,14,-2.853722380261491
314,100,kmetric_dorc,-0.199383379745221,0.0328162484868023,4,0.647,0.0,72.5,,d2-c1-n0.01-m14,2,1,0.01,14,-2.853722380261491
314,100,fbkernel_orc,-0.1268461145044239,0.0742856408087835,4,0.647,0.0,72.5,,d2-c1-n0.01-m14,2,1,0.01,14,-2.853722380261491
332,100,traj_dorc,0.0950379416886886,0.0,1,0.684,0.0,1.0,,d2-c1-n0.05-m2,2,1,0.05,2,1.728836197424718
332,100,kmetric_dorc,-0.1510050493227321,0.0321785016049453,4,0.684,0.0,70.5,,d2-c1-n0.05-m2,2,1,0.05,2,1.728836197424718
332,100,fbkernel_orc,-0.101161692723296,0.0765561132408874,4,0.684,0.0,70.5,,d2-c1-n0.05-m2,2,1,0.05,2,1.728836197424718
335,100,traj_dorc,-0.0246011840172381,0.0,1,0.7,0.0,1.3,,d2-c1-n0.05-m5,2,1,0.05,5,-6.985728960248757
335,100,kmetric_dorc,-0.08195900754561,0.0670764743860977,4,0.7,0.0,71.0,,d2-c1-n0.05-m5,2,1,0.05,5,-6.985728960248757
335,100,fbkernel_orc,-0.1227472499273437,0.0705402483991251,4,0.7,0.0,71.0,,d2-c1-n0.05-m5,2,1,0.05,5,-6.985728960248757
338,100,traj_dorc,0.1467024773307642,0.0,1,0.685,0.0,1.0,,d2-c1-n0.05-m8,2,1,0.05,8,13.350834999027844
338,100,kmetric_dorc,-0.0567551195098603,0.0702815489795391,4,0.685,0.0,67.8,,d2-c1-n0.05-m8,2,1,0.05,8,13.350834999027844
338,100,fbkernel_orc,-0.0546005252477701,0.0237716115192299,4,0.685,0.0,67.8,,d2-c1-n0.05-m8,2,1,0.05,8,13.350834999027844
341,100,traj_dorc,0.0305821633242138,0.0,1,0.681,0.0,1.0,,d2-c1-n0.05-m11,2,1,0.05,11,-1.8164727412950512
341,100,kmetric_dorc,-0.0753559627604796,0.0337889094558094,4,0.681,0.0,64.7,,d2-c1-n0.05-m11,2,1,0.05,11,-1.8164727412950512
341,100,fbkernel_orc,-0.1157361702926494,0.0082732852227489,4,0.681,0.0,64.7,,d2-c1-n0.05-m11,2,1,0.05,11,-1.8164727412950512
344,100,traj_dorc,0.0815901753819582,0.0,1,0.707,0.0464,0.9,,d2-c1-n0.05-m14,2,1,0.05,14,3.330936894367293
344,100,kmetric_dorc,-0.0662458135404693,0.0371854022194062,4,0.707,0.0464,63.4,,d2-c1-n0.05-m14,2,1,0.05,14,3.330936894367293
344,100,fbkernel_orc,-0.1585052346132674,0.014042235003958,4,0.707,0.0464,63.4,,d2-c1-n0.05-m14,2,1,0.05,14,3.330936894367293
362,100,traj_dorc,0.0977636064233125,0.0,1,0.701,0.0,1.0,,d2-c1-n0.1-m2,2,1,0.1,2,-12.086218290266444
362,100,kmetric_dorc,-0.0439917739827152,0.0666701660519548,4,0.701,0.0,62.4,,d2-c1-n0.1-m2,2,1,0.1,2,-12.086218290266444
362,100,fbkernel_orc,0.0302034154046575,0.0393702892120732,4,0.701,0.0,62.4,,d2-c1-n0.1-m2,2,1,0.1,2,-12.086218290266444
365,100,traj_dorc,0.0171631969243615,0.0,1,0.664,0.0,0.8,,d2-c1-n0.1-m5,2,1,0.1,5,11.08152312025702
365,100,kmetric_dorc,0.0200569893666672,0.1232379485657454,4,0.664,0.0,62.2,,d2-c1-n0.1-m5,2,1,0.1,5,11.08152312025702
365,100,fbkernel_orc,-0.0673614108599991,0.1249643156345083,4,0.664,0.0,62.2,,d2-c1-n0.1-m5,2,1,0.1,5,11.08152312025702
368,100,traj_dorc,0.001488509395017,0.0,1,0.704,0.142,1.0,,d2-c1-n0.1-m8,2,1,0.1,8,-4.380389712820355
368,100,kmetric_dorc,-0.0484944684424876,0.0354051222988625,4,0.704,0.142,60.3,,d2-c1-n0.1-m8,2,1,0.1,8,-4.380389712820355
368,100,fbkernel_orc,-0.1292067634909818,0.0768739522901966,4,0.704,0.142,60.3,,d2-c1-n0.1-m8,2,1,0.1,8,-4.380389712820355
371,100,traj_dorc,0.040799811984563,0.0,1,0.686,0.0,0.6,,d2-c1-n0.1-m11,2,1,0.1,11,-16.934696980264345
371,100,kmetric_dorc,-0.1068182884274881,0.0493468681032489,4,0.686,0.0,59.2,,d2-c1-n0.1-m11,2,1,0.1,11,-16.934696980264345
371,100,fbkernel_orc,-0.0786007761400997,0.0544779186129871,4,0.686,0.0,59.2,,d2-c1-n0.1-m11,2,1,0.1,11,-16.934696980264345
374,100,traj_dorc,-0.0036400116502586,0.0,1,0.708,0.038,1.0,,d2-c1-n0.1-m14,2,1,0.1,14,-7.89412429083137
374,100,kmetric_dorc,-0.0295429664705293,0.0672817610804632,4,0.708,0.038,65.5,,d2-c1-n0.1-m14,2,1,0.1,14,-7.89412429083137
374,100,fbkernel_orc,-0.1014524700429399,0.0725900037738172,4,0.708,0.038,65.5,,d2-c1-n0.1-m14,2,1,0.1,14,-7.89412429083137
392,100,traj_dorc,-0.0024424964784554,0.0,1,0.724,0.0,0.7,,d2-c1-n0.2-m2,2,1,0.2,2,0.5863070446801962
392,100,kmetric_dorc,0.1399589945246747,0.0306632913187171,4,0.724,0.0,68.2,,d2-c1-n0.2-m2,2,1,0.2,2,0.5863070446801962
392,100,fbkernel_orc,0.0786075594735521,0.0398933853212936,4,0.724,0.0,68.2,,d2-c1-n0.2-m2,2,1,0.2,2,0.5863070446801962
395,100,traj_dorc,0.0708947239336539,0.0,1,0.709,0.0,0.7,,d2-c1-n0.2-m5,2,1,0.2,5,-9.597076646976651
395,100,kmetric_dorc,0.1440784622881896,0.0743916372487629,4,0.709,0.0,68.2,,d2-c1-n0.2-m5,2,1,0.2,5,-9.597076646976651
395,100,fbkernel_orc,0.056210100125753,0.0612776034852418,4,0.709,0.0,68.2,,d2-c1-n0.2-m5,2,1,0.2,5,-9.597076646976651
398,100,traj_dorc,0.0795604683137663,0.0,1,0.693,0.0354,1.0,,d2-c1-n0.2-m8,2,1,0.2,8,-3.912962490843667
398,100,kmetric_dorc,0.050968065094777,0.0510005206635261,4,0.693,0.0354,67.3,,d2-c1-n0.2-m8,2,1,0.2,8,-3.912962490843667
398,100,fbkernel_orc,0.080793927352664,0.1014369178604887,4,0.693,0.0354,67.3,,d2-c1-n0.2-m8,2,1,0.2,8,-3.912962490843667
401,100,traj_dorc,0.0161042049101546,0.0,1,0.712,0.0,1.1,,d2-c1-n0.2-m11,2,1,0.2,11,-23.39944863774402
401,100,kmetric_dorc,0.0506516574053158,0.0456259971823306,4,0.712,0.0,71.2,,d2-c1-n0.2-m11,2,1,0.2,11,-23.39944863774402
401,100,fbkernel_orc,0.0363982122121111,0.0466616718748677,4,0.712,0.0,71.2,,d2-c1-n0.2-m11,2,1,0.2,11,-23.39944863774402
404,100,traj_dorc,0.0745304357893477,0.0,1,0.714,0.0814,1.0,,d2-c1-n0.2-m14,2,1,0.2,14,2.4139725477943967
404,100,kmetric_dorc,-0.046476408599558,0.0790149224428727,4,0.714,0.0814,69.8,,d2-c1-n0.2-m14,2,1,0.2,14,2.4139725477943967
404,100,fbkernel_orc,0.0122275275112313,0.0686255330230706,4,0.714,0.0814,69.8,,d2-c1-n0.2-m14,2,1,0.2,14,2.4139725477943967
422,100,traj_dorc,-0.1004663372230525,0.0,1,0.685,0.0,0.9,,d3-c1-n0.01-m2,3,1,0.01,2,-10.734204673555151
422,100,kmetric_dorc,0.0382003621103703,0.0588386852636966,4,0.685,0.0,70.5,,d3-c1-n0.01-m2,3,1,0.01,2,-10.734204673555151
422,100,fbkernel_orc,-0.034160419497798,0.0438645255613536,4,0.685,0.0,70.5,,d3-c1-n0.01-m2,3,1,0.01,2,-10.734204673555151
425,100,traj_dorc,-0.0506558727718728,0.0,1,0.706,0.0,0.8,,d3-c1-n0.01-m5,3,1,0.01,5,-6.077102370699984
425,100,kmetric_dorc,0.0251809670553989,0.0618227357119785,4,0.706,0.0,69.7,,d3-c1-n0.01-m5,3,1,0.01,5,-6.077102370699984
425,100,fbkernel_orc,-0.0012617935511185,0.0141002401593402,4,0.706,0.0,69.7,,d3-c1-n0.01-m5,3,1,0.01,5,-6.077102370699984
428,100,traj_dorc,-0.0698351227446442,0.0,1,0.708,0.0,0.9,,d3-c1-n0.01-m8,3,1,0.01,8,-4.470633486317453
428,100,kmetric_dorc,0.0668863480106283,0.0914814112371389,4,0.708,0.0,67.6,,d3-c1-n0.01-m8,3,1,0.01,8,-4.470633486317453
428,100,fbkernel_orc,-0.0290852017967928,0.0711006826755757,4,0.708,0.0,67.6,,d3-c1-n0.01-m8,3,1,0.01,8,-4.470633486317453
431,100,traj_dorc,-0.0725972279840704,0.0,1,0.677,0.0,0.7,,d3-c1-n0.01-m11,3,1,0.01,11,14.164580864957042
431,100,kmetric_dorc,0.2769166241843319,0.0676538750578746,4,0.677,0.0,67.4,,d3-c1-n0.01-m11,3,1,0.01,11,14.164580864957042
431,100,fbkernel_orc,0.268054504952897,0.0345360425097027,4,0.677,0.0,67.4,,d3-c1-n0.01-m11,3,1,0.01,11,14.164580864957042
434,100,traj_dorc,-0.1070950599531712,0.0,1,0.707,0.0,0.9,,d3-c1-n0.01-m14,3,1,0.01,14,1.6301777294930675
434,100,kmetric_dorc,0.0281210600707857,0.0306484949907209,4,0.707,0.0,68.5,,d3-c1-n0.01-m14,3,1,0.01,14,1.6301777294930675
434,100,fbkernel_orc,0.0123218844568243,0.0246736167842255,4,0.707,0.0,68.5,,d3-c1-n0.01-m14,3,1,0.01,14,1.6301777294930675
452,100,traj_dorc,0.0241847375258881,0.0,1,0.674,0.1054,0.7,,d3-c1-n0.05-m2,3,1,0.05,2,-8.503913817275507
452,100,kmetric_dorc,0.0419124660479777,0.0594661654554996,4,0.674,0.1054,67.7,,d3-c1-n0.05-m2,3,1,0.05,2,-8.503913817275507
452,100,fbkernel_orc,0.0300972870529569,0.0594306788187162,4,0.674,0.1054,67.7,,d3-c1-n0.05-m2,3,1,0.05,2,-8.503913817275507
455,100,traj_dorc,-0.0504827674347044,0.0,1,0.674,0.1445,0.8,,d3-c1-n0.05-m5,3,1,0.05,5,0.1038120113334293
455,100,kmetric_dorc,0.0735695320478201,0.0265432195588931,4,0.674,0.1445,68.1,,d3-c1-n0.05-m5,3,1,0.05,5,0.1038120113334293
455,100,fbkernel_orc,0.0149371978161451,0.0431930275371173,4,0.674,0.1445,68.1,,d3-c1-n0.05-m5,3,1,0.05,5,0.1038120113334293
458,100,traj_dorc,-0.1486671806890111,0.0,1,0.712,0.0,0.9,,d3-c1-n0.05-m8,3,1,0.05,8,0.4466454396956449
458,100,kmetric_dorc,0.1470020718110039,0.0593587743886894,4,0.712,0.0,68.6,,d3-c1-n0.05-m8,3,1,0.05,8,0.4466454396956449
458,100,fbkernel_orc,0.0906659588963475,0.0265165476591352,4,0.712,0.0,68.6,,d3-c1-n0.05-m8,3,1,0.05,8,0.4466454396956449
461,100,traj_dorc,-0.049507394758382,0.0,1,0.685,0.0,0.8,,d3-c1-n0.05-m11,3,1,0.05,11,21.368395828400903
461,100,kmetric_dorc,0.0175265182331604,0.0809912658147001,4,0.685,0.0,67.4,,d3-c1-n0.05-m11,3,1,0.05,11,21.368395828400903
461,100,fbkernel_orc,0.0419062241696583,0.054546010273004,4,0.685,0.0,67.4,,d3-c1-n0.05-m11,3,1,0.05,11,21.368395828400903
464,100,traj_dorc,-0.119631112977964,0.0,1,0.713,0.0,1.0,,d3-c1-n0.05-m14,3,1,0.05,14,-21.079559573576592
464,100,kmetric_dorc,0.0707260765705459,0.0784812599699879,4,0.713,0.0,66.9,,d3-c1-n0.05-m14,3,1,0.05,14,-21.079559573576592
464,100,fbkernel_orc,0.1353947822706763,0.0565442956645511,4,0.713,0.0,66.9,,d3-c1-n0.05-m14,3,1,0.05,14,-21.079559573576592
482,100,traj_dorc,-0.0019594314251592,0.0,1,0.72,0.0,1.0,,d3-c1-n0.1-m2,3,1,0.1,2,-3.557038532205605
482,100,kmetric_dorc,0.0570995699084981,0.0624199870088493,4,0.72,0.0,66.5,,d3-c1-n0.1-m2,3,1,0.1,2,-3.557038532205605
482,100,fbkernel_orc,0.1179460839129551,0.0441731825846346,4,0.72,0.0,66.5,,d3-c1-n0.1-m2,3,1,0.1,2,-3.557038532205605
485,100,traj_dorc,-0.207523575423996,0.0,1,0.693,0.1737,1.1,,d3-c1-n0.1-m5,3,1,0.1,5,-20.52226204708142
485,100,kmetric_dorc,0.1341107619221775,0.0730702994893357,4,0.693,0.1737,65.4,,d3-c1-n0.1-m5,3,1,0.1,5,-20.52226204708142
485,100,fbkernel_orc,0.068357530264685,0.0393375884622335,4,0.693,0.1737,65.4,,d3-c1-n0.1-m5,3,1,0.1,5,-20.52226204708142
488,100,traj_dorc,0.1270422421934701,0.0,1,0.686,0.0,0.8,,d3-c1-n0.1-m8,3,1,0.1,8,25.65230615275553
488,100,kmetric_dorc,0.0778855710051172,0.0582015440339849,4,0.686,0.0,66.4,,d3-c1-n0.1-m8,3,1,0.1,8,25.65230615275553
488,100,fbkernel_orc,0.046084802180073,0.0096123415852776,4,0.686,0.0,66.4,,d3-c1-n0.1-m8,3,1,0.1,8,25.65230615275553
491,100,traj_dorc,-0.2056742705822176,0.0,1,0.715,0.0,1.0,,d3-c1-n0.1-m11,3,1,0.1,11,-13.136520272342572
491,100,kmetric_dorc,0.0483919016564999,0.0361201977902098,4,0.715,0.0,66.9,,d3-c1-n0.1-m11,3,1,0.1,11,-13.136520272342572
491,100,fbkernel_orc,0.0141945536798003,0.0687638851541906,4,0.715,0.0,66.9,,d3-c1-n0.1-m11,3,1,0.1,11,-13.136520272342572
494,100,traj_dorc,-0.0745924627745937,0.0,1,0.729,0.0,1.1,,d3-c1-n0.1-m14,3,1,0.1,14,-1.6689192913019415
494,100,kmetric_dorc,0.0952151450519546,0.0466484228199809,4,0.729,0.0,65.4,,d3-c1-n0.1-m14,3,1,0.1,14,-1.6689192913019415
494,100,fbkernel_orc,0.0271020125347982,0.0468833590565191,4,0.729,0.0,65.4,,d3-c1-n0.1-m14,3,1,0.1,14,-1.6689192913019415
512,100,traj_dorc,-0.0330587878913726,0.0,1,0.717,0.0,1.2,,d3-c1-n0.2-m2,3,1,0.2,2,-7.144697080372662
512,100,kmetric_dorc,0.1062426595633416,0.0595436842093485,4,0.717,0.0,65.8,,d3-c1-n0.2-m2,3,1,0.2,2,-7.144697080372662
512,100,fbkernel_orc,0.0977091927558521,0.0489043042160989,4,0.717,0.0,65.8,,d3-c1-n0.2-m2,3,1,0.2,2,-7.144697080372662
515,100,traj_dorc,0.0092127331712129,0.0,1,0.723,0.0,1.1,,d3-c1-n0.2-m5,3,1,0.2,5,0.0089580823909294
515,100,kmetric_dorc,0.054372233160756,0.0370246579066452,4,0.723,0.0,67.4,,d3-c1-n0.2-m5,3,1,0.2,5,0.0089580823909294
515,100,fbkernel_orc,0.139427713876121,0.0247506327476319,4,0.723,0.0,67.4,,d3-c1-n0.2-m5,3,1,0.2,5,0.0089580823909294
518,100,traj_dorc,0.0478947763225534,0.0,1,0.721,0.0,1.1,,d3-c1-n0.2-m8,3,1,0.2,8,6.008144855297212
518,100,kmetric_dorc,0.1100745244089966,0.0668165158311362,4,0.721,0.0,67.8,,d3-c1-n0.2-m8,3,1,0.2,8,6.008144855297212
518,100,fbkernel_orc,0.1063184451136155,0.0614978755034436,4,0.721,0.0,67.8,,d3-c1-n0.2-m8,3,1,0.2,8,6.008144855297212
521,100,traj_dorc,0.1188182513737252,0.0,1,0.724,0.2746,1.1,,d3-c1-n0.2-m11,3,1,0.2,11,-2.5949241501049283
521,100,kmetric_dorc,0.109314760901046,0.0330670352305803,4,0.724,0.2746,67.4,,d3-c1-n0.2-m11,3,1,0.2,11,-2.5949241501049283
521,100,fbkernel_orc,0.1028090628837179,0.0729124882784035,4,0.724,0.2746,67.4,,d3-c1-n0.2-m11,3,1,0.2,11,-2.5949241501049283
524,100,traj_dorc,0.0512448995568214,0.0,1,0.718,0.0,1.0,,d3-c1-n0.2-m14,3,1,0.2,14,-10.794922538515332
524,100,kmetric_dorc,0.1362690230627185,0.04989601772762,4,0.718,0.0,65.8,,d3-c1-n0.2-m14,3,1,0.2,14,-10.794922538515332
524,100,fbkernel_orc,0.1356869393737494,0.024633923153537,4,0.718,0.0,65.8,,d3-c1-n0.2-m14,3,1,0.2,14,-10.794922538515332
542,100,traj_dorc,-0.051992608487357,0.0,1,0.724,0.0,1.2,,d4-c1-n0.01-m2,4,1,0.01,2,22.442617233270976
542,100,kmetric_dorc,0.2700824692810294,0.0332732771956513,4,0.724,0.0,68.4,,d4-c1-n0.01-m2,4,1,0.01,2,22.442617233270976
542,100,fbkernel_orc,0.2644707836986503,0.096272617824734,4,0.724,0.0,68.4,,d4-c1-n0.01-m2,4,1,0.01,2,22.442617233270976
545,100,traj_dorc,0.0454421697024107,0.0,1,0.721,0.1943,1.2,,d4-c1-n0.01-m5,4,1,0.01,5,-25.421391317475663
545,100,kmetric_dorc,0.1957813713891411,0.052525197331475,4,0.721,0.1943,64.8,,d4-c1-n0.01-m5,4,1,0.01,5,-25.421391317475663
545,100,fbkernel_orc,0.161586227727648,0.0456381386857245,4,0.721,0.1943,64.8,,d4-c1-n0.01-m5,4,1,0.01,5,-25.421391317475663
548,100,traj_dorc,0.1403242602362472,0.0,1,0.717,0.3693,1.2,,d4-c1-n0.01-m8,4,1,0.01,8,-37.35838600844277
548,100,kmetric_dorc,0.1932425277525384,0.0605031643180823,4,0.717,0.3693,63.0,,d4-c1-n0.01-m8,4,1,0.01,8,-37.35838600844277
548,100,fbkernel_orc,0.1562676071898942,0.0638373786627091,4,0.717,0.3693,63.0,,d4-c1-n0.01-m8,4,1,0.01,8,-37.35838600844277
551,100,traj_dorc,0.0943661713387014,0.0,1,0.71,0.1114,1.2,,d4-c1-n0.01-m11,4,1,0.01,11,-12.598162870506057
551,100,kmetric_dorc,0.2670419997236253,0.0291244623891631,4,0.71,0.1114,63.4,,d4-c1-n0.01-m11,4,1,0.01,11,-12.598162870506057
551,100,fbkernel_orc,0.2576196577894686,0.0119002820416335,4,0.71,0.1114,63.4,,d4-c1-n0.01-m11,4,1,0.01,11,-12.598162870506057
554,100,traj_dorc,-0.0560582212079419,0.0,1,0.714,0.0,1.3,,d4-c1-n0.01-m14,4,1,0.01,14,-4.503402761482203
554,100,kmetric_dorc,0.1959424191444746,0.0588245218037183,4,0.714,0.0,65.9,,d4-c1-n0.01-m14,4,1,0.01,14,-4.503402761482203
554,100,fbkernel_orc,0.2305997957768151,0.0585083170913257,4,0.714,0.0,65.9,,d4-c1-n0.01-m14,4,1,0.01,14,-4.503402761482203
572,100,traj_dorc,0.0775841847400507,0.0,1,0.696,0.0,1.3,,d4-c1-n0.05-m2,4,1,0.05,2,-16.09270414189458
572,100,kmetric_dorc,0.274446508592182,0.0311044475156404,4,0.696,0.0,63.3,,d4-c1-n0.05-m2,4,1,0.05,2,-16.09270414189458
572,100,fbkernel_orc,0.2503428458206168,0.0422561942249488,4,0.696,0.0,63.3,,d4-c1-n0.05-m2,4,1,0.05,2,-16.09270414189458
575,100,traj_dorc,0.040226956938805,0.0,1,0.734,0.0,1.4,,d4-c1-n0.05-m5,4,1,0.05,5,-31.28121797229592
575,100,kmetric_dorc,0.2142509194307846,0.0409406486532194,4,0.734,0.0,65.4,,d4-c1-n0.05-m5,4,1,0.05,5,-31.28121797229592
575,100,fbkernel_orc,0.2544480974891947,0.0489923004454898,4,0.734,0.0,65.4,,d4-c1-n0.05-m5,4,1,0.05,5,-31.28121797229592
578,100,traj_dorc,0.0020741941134649,0.0,1,0.709,0.3119,1.3,,d4-c1-n0.05-m8,4,1,0.05,8,-22.05882557409797
578,100,kmetric_dorc,0.1715479553991789,0.0609481719005426,4,0.709,0.3119,61.9,,d4-c1-n0.05-m8,4,1,0.05,8,-22.05882557409797
578,100,fbkernel_orc,0.2097362633368688,0.0490409560216626,4,0.709,0.3119,61.9,,d4-c1-n0.05-m8,4,1,0.05,8,-22.05882557409797
581,100,traj_dorc,0.1028148379930251,0.0,1,0.695,0.3326,1.2,,d4-c1-n0.05-m11,4,1,0.05,11,-27.984450651921836
581,100,kmetric_dorc,0.2050973556770351,0.0231172866536526,4,0.695,0.3326,62.6,,d4-c1-n0.05-m11,4,1,0.05,11,-27.984450651921836
581,100,fbkernel_orc,0.2181685763032683,0.0373578522832903,4,0.695,0.3326,62.6,,d4-c1-n0.05-m11,4,1,0.05,11,-27.984450651921836
584,100,traj_dorc,0.0241805949171271,0.0,1,0.713,0.0,1.2,,d4-c1-n0.05-m14,4,1,0.05,14,-18.85016105524571
584,100,kmetric_dorc,0.2698931526855311,0.0249402178875539,4,0.713,0.0,64.5,,d4-c1-n0.05-m14,4,1,0.05,14,-18.85016105524571
584,100,fbkernel_orc,0.2067086440263616,0.0467358514248919,4,0.713,0.0,64.5,,d4-c1-n0.05-m14,4,1,0.05,14,-18.85016105524571
602,100,traj_dorc,0.056502530766203,0.0,1,0.72,0.3343,1.3,,d4-c1-n0.1-m2,4,1,0.1,2,29.480145418186098
602,100,kmetric_dorc,0.2576459158705798,0.0733437529539631,4,0.72,0.3343,66.0,,d4-c1-n0.1-m2,4,1,0.1,2,29.480145418186098
602,100,fbkernel_orc,0.2162020228705116,0.0282958772263557,4,0.72,0.3343,66.0,,d4-c1-n0.1-m2,4,1,0.1,2,29.480145418186098
605,100,traj_dorc,0.0278049721073977,0.0,1,0.715,0.2821,1.4,,d4-c1-n0.1-m5,4,1,0.1,5,-15.198491523550626
605,100,kmetric_dorc,0.2172812420644467,0.0256648583528602,4,0.715,0.2821,63.5,,d4-c1-n0.1-m5,4,1,0.1,5,-15.198491523550626
605,100,fbkernel_orc,0.1870678055482487,0.0149643381358654,4,0.715,0.2821,63.5,,d4-c1-n0.1-m5,4,1,0.1,5,-15.198491523550626
608,100,traj_dorc,-0.074609266372785,0.0,1,0.718,0.0,1.4,,d4-c1-n0.1-m8,4,1,0.1,8,5.924945353387931
608,100,kmetric_dorc,0.2488830083306884,0.0071911327462922,4,0.718,0.0,64.0,,d4-c1-n0.1-m8,4,1,0.1,8,5.924945353387931
608,100,fbkernel_orc,0.2680669810283503,0.0352218311992621,4,0.718,0.0,64.0,,d4-c1-n0.1-m8,4,1,0.1,8,5.924945353387931
611,100,traj_dorc,-0.0336154662554075,0.0,1,0.715,0.0,1.3,,d4-c1-n0.1-m11,4,1,0.1,11,-3.3189630707114124
611,100,kmetric_dorc,0.2993790629920121,0.0279258063442566,4,0.715,0.0,65.0,,d4-c1-n0.1-m11,4,1,0.1,11,-3.3189630707114124
611,100,fbkernel_orc,0.2768639758346822,0.016338055618312,4,0.715,0.0,65.0,,d4-c1-n0.1-m11,4,1,0.1,11,-3.3189630707114124
614,100,traj_dorc,0.0045844934206725,0.0,1,0.718,0.3952,1.2,,d4-c1-n0.1-m14,4,1,0.1,14,-12.13766082906188
614,100,kmetric_dorc,0.1858957972328049,0.0414546512348779,4,0.718,0.3952,62.2,,d4-c1-n0.1-m14,4,1,0.1,14,-12.13766082906188
614,100,fbkernel_orc,0.1647832717079563,0.0738087921294966,4,0.718,0.3952,62.2,,d4-c1-n0.1-m14,4,1,0.1,14,-12.13766082906188
632,100,traj_dorc,0.048225387092766,0.0,1,0.74,0.2974,1.5,,d4-c1-n0.2-m2,4,1,0.2,2,-24.04856054825175
632,100,kmetric_dorc,0.2543668897887486,0.0276530696541162,4,0.74,0.2974,64.3,,d4-c1-n0.2-m2,4,1,0.2,2,-24.04856054825175
632,100,fbkernel_orc,0.246432672098355,0.0353347624416644,4,0.74,0.2974,64.3,,d4-c1-n0.2-m2,4,1,0.2,2,-24.04856054825175
635,100,traj_dorc,0.1353541707500911,0.0,1,0.738,0.0,1.5,,d4-c1-n0.2-m5,4,1,0.2,5,-39.18539102422648
635,100,kmetric_dorc,0.2041958102310715,0.090407962725549,4,0.738,0.0,64.7,,d4-c1-n0.2-m5,4,1,0.2,5,-39.18539102422648
635,100,fbkernel_orc,0.261942161355562,0.0189319369787785,4,0.738,0.0,64.7,,d4-c1-n0.2-m5,4,1,0.2,5,-39.18539102422648
638,100,traj_dorc,0.2014912022146509,0.0,1,0.707,0.4034,1.1,,d4-c1-n0.2-m8,4,1,0.2,8,-22.997619759109075
638,100,kmetric_dorc,0.1952896873269453,0.0205079689667403,4,0.707,0.4034,66.7,,d4-c1-n0.2-m8,4,1,0.2,8,-22.997619759109075
638,100,fbkernel_orc,0.1302769387294358,0.0077484716884347,4,0.707,0.4034,66.7,,d4-c1-n0.2-m8,4,1,0.2,8,-22.997619759109075
641,100,traj_dorc,0.153035757503599,0.0,1,0.721,0.0,1.2,,d4-c1-n0.2-m11,4,1,0.2,11,-16.067167115072312
641,100,kmetric_dorc,0.2264124897051777,0.0482450934671032,4,0.721,0.0,65.9,,d4-c1-n0.2-m11,4,1,0.2,11,-16.067167115072312
641,100,fbkernel_orc,0.2181816585776328,0.0260688385797002,4,0.721,0.0,65.9,,d4-c1-n0.2-m11,4,1,0.2,11,-16.067167115072312
644,100,traj_dorc,0.2334967195781034,0.0,1,0.728,0.2961,1.2,,d4-c1-n0.2-m14,4,1,0.2,14,53.48846762686056
644,100,kmetric_dorc,0.1976620369863717,0.039928859071181,4,0.728,0.2961,67.9,,d4-c1-n0.2-m14,4,1,0.2,14,53.48846762686056
644,100,fbkernel_orc,0.1778818879501763,0.0407562921367656,4,0.728,0.2961,67.9,,d4-c1-n0.2-m14,4,1,0.2,14,53.48846762686056
662,100,traj_dorc,0.2313360438390687,0.0,1,0.72,0.0,1.4,,d5-c1-n0.01-m2,5,1,0.01,2,-1.454894501301056
662,100,kmetric_dorc,0.396851058761598,0.0413413502867415,4,0.72,0.0,67.0,,d5-c1-n0.01-m2,5,1,0.01,2,-1.454894501301056
662,100,fbkernel_orc,0.3472857216296167,0.054200871339381,4,0.72,0.0,67.0,,d5-c1-n0.01-m2,5,1,0.01,2,-1.454894501301056
665,100,traj_dorc,0.1771433824046076,0.0,1,0.736,0.0,1.6,,d5-c1-n0.01-m5,5,1,0.01,5,-44.1232350861954
665,100,kmetric_dorc,0.3507727006496736,0.032052185086324,4,0.736,0.0,67.3,,d5-c1-n0.01-m5,5,1,0.01,5,-44.1232350861954
665,100,fbkernel_orc,0.344659610319423,0.0420795908925396,4,0.736,0.0,67.3,,d5-c1-n0.01-m5,5,1,0.01,5,-44.1232350861954
668,100,traj_dorc,0.0807463500327277,0.0,1,0.746,0.4185,1.7,,d5-c1-n0.01-m8,5,1,0.01,8,-28.42240351450837
668,100,kmetric_dorc,0.2042813956688866,0.0062699502150873,4,0.746,0.4185,67.0,,d5-c1-n0.01-m8,5,1,0.01,8,-28.42240351450837
668,100,fbkernel_orc,0.1733020880240104,0.0346015418456505,4,0.746,0.4185,67.0,,d5-c1-n0.01-m8,5,1,0.01,8,-28.42240351450837
671,100,traj_dorc,0.144939070390231,0.0,1,0.738,0.0,1.5,,d5-c1-n0.01-m11,5,1,0.01,11,-19.616145636909778
671,100,kmetric_dorc,0.3271807731014781,0.0291236736930874,4,0.738,0.0,67.6,,d5-c1-n0.01-m11,5,1,0.01,11,-19.616145636909778
671,100,fbkernel_orc,0.3086269385793723,0.0480686293072281,4,0.738,0.0,67.6,,d5-c1-n0.01-m11,5,1,0.01,11,-19.616145636909778
674,100,traj_dorc,0.2022955213274962,0.0,1,0.734,0.0,1.4,,d5-c1-n0.01-m14,5,1,0.01,14,-25.2216018569094
674,100,kmetric_dorc,0.3190631430190612,0.0721498228437255,4,0.734,0.0,65.7,,d5-c1-n0.01-m14,5,1,0.01,14,-25.2216018569094
674,100,fbkernel_orc,0.3455016684578779,0.0197720900225114,4,0.734,0.0,65.7,,d5-c1-n0.01-m14,5,1,0.01,14,-25.2216018569094
692,100,traj_dorc,0.2098056046628432,0.0,1,0.733,0.374,1.5,,d5-c1-n0.05-m2,5,1,0.05,2,-29.278471998111137
692,100,kmetric_dorc,0.255228963644259,0.0240817641418909,4,0.733,0.374,66.2,,d5-c1-n0.05-m2,5,1,0.05,2,-29.278471998111137
692,100,fbkernel_orc,0.1875511783789502,0.0435687951944642,4,0.733,0.374,66.2,,d5-c1-n0.05-m2,5,1,0.05,2,-29.278471998111137
695,100,traj_dorc,0.1586433369726397,0.0,1,0.738,0.4105,1.9,,d5-c1-n0.05-m5,5,1,0.05,5,-28.646174109828085
695,100,kmetric_dorc,0.3778620918335825,0.0371949859536143,4,0.738,0.4105,63.4,,d5-c1-n0.05-m5,5,1,0.05,5,-28.646174109828085
695,100,fbkernel_orc,0.3645490275619534,0.0453680960244802,4,0.738,0.4105,63.4,,d5-c1-n0.05-m5,5,1,0.05,5,-28.646174109828085
698,100,traj_dorc,0.1262807424341797,0.0,1,0.738,0.0,1.5,,d5-c1-n0.05-m8,5,1,0.05,8,-14.507889827778769
698,100,kmetric_dorc,0.3875311238221159,0.0378741628758126,4,0.738,0.0,65.2,,d5-c1-n0.05-m8,5,1,0.05,8,-14.507889827778769
698,100,fbkernel_orc,0.3678645357532883,0.0529575852927494,4,0.738,0.0,65.2,,d5-c1-n0.05-m8,5,1,0.05,8,-14.507889827778769
701,100,traj_dorc,0.1550574064820669,0.0,1,0.744,0.0,1.6,,d5-c1-n0.05-m11,5,1,0.05,11,-12.478273660639108
701,100,kmetric_dorc,0.336947259574248,0.0215712198003537,4,0.744,0.0,66.0,,d5-c1-n0.05-m11,5,1,0.05,11,-12.478273660639108
701,100,fbkernel_orc,0.2777212235918803,0.0704209842815555,4,0.744,0.0,66.0,,d5-c1-n0.05-m11,5,1,0.05,11,-12.478273660639108
704,100,traj_dorc,0.1670175623389014,0.0,1,0.723,0.0,1.5,,d5-c1-n0.05-m14,5,1,0.05,14,-31.099208931298197
704,100,kmetric_dorc,0.3119908888761686,0.0320250732520626,4,0.723,0.0,67.2,,d5-c1-n0.05-m14,5,1,0.05,14,-31.099208931298197
704,100,fbkernel_orc,0.2478248382056449,0.0492561298001319,4,0.723,0.0,67.2,,d5-c1-n0.05-m14,5,1,0.05,14,-31.099208931298197
722,100,traj_dorc,0.1730611850314959,0.0,1,0.74,0.0,1.6,,d5-c1-n0.1-m2,5,1,0.1,2,-51.81568753840308
722,100,kmetric_dorc,0.2636499749017711,0.0558541654197548,4,0.74,0.0,68.7,,d5-c1-n0.1-m2,5,1,0.1,2,-51.81568753840308
722,100,fbkernel_orc,0.2455071528625289,0.0649164598233223,4,0.74,0.0,68.7,,d5-c1-n0.1-m2,5,1,0.1,2,-51.81568753840308
725,100,traj_dorc,0.1612638804811321,0.0,1,0.722,0.0,1.7,,d5-c1-n0.1-m5,5,1,0.1,5,-33.13785935137783
725,100,kmetric_dorc,0.3358793356327016,0.0636080173613157,4,0.722,0.0,67.5,,d5-c1-n0.1-m5,5,1,0.1,5,-33.13785935137783
725,100,fbkernel_orc,0.3317676454541006,0.0231752195727615,4,0.722,0.0,67.5,,d5-c1-n0.1-m5,5,1,0.1,5,-33.13785935137783
728,100,traj_dorc,0.3293277941597655,0.0,1,0.733,0.0,1.3,,d5-c1-n0.1-m8,5,1,0.1,8,-86.78332400296945
728,100,kmetric_dorc,0.306132689099197,0.0153010351711487,4,0.733,0.0,69.0,,d5-c1-n0.1-m8,5,1,0.1,8,-86.78332400296945
728,100,fbkernel_orc,0.312009759139655,0.0294353226878551,4,0.733,0.0,69.0,,d5-c1-n0.1-m8,5,1,0.1,8,-86.78332400296945
731,100,traj_dorc,0.2361863998100244,0.0,1,0.729,0.5039,1.4,,d5-c1-n0.1-m11,5,1,0.1,11,-18.969061686030443
731,100,kmetric_dorc,0.3066949846739347,0.053634286337688,4,0.729,0.5039,68.5,,d5-c1-n0.1-m11,5,1,0.1,11,-18.969061686030443
731,100,fbkernel_orc,0.2665654221291242,0.0247784371276384,4,0.729,0.5039,68.5,,d5-c1-n0.1-m11,5,1,0.1,11,-18.969061686030443
734,100,traj_dorc,0.1892941868259993,0.0,1,0.71,0.0,1.4,,d5-c1-n0.1-m14,5,1,0.1,14,19.805718872836444
734,100,kmetric_dorc,0.285472365458064,0.050145440473799,4,0.71,0.0,68.1,,d5-c1-n0.1-m14,5,1,0.1,14,19.805718872836444
734,100,fbkernel_orc,0.2681759137741141,0.0235140884433372,4,0.71,0.0,68.1,,d5-c1-n0.1-m14,5,1,0.1,14,19.805718872836444
752,100,traj_dorc,0.1921240666226824,0.0,1,0.735,0.0,1.5,,d5-c1-n0.2-m2,5,1,0.2,2,-8.878799685305857
752,100,kmetric_dorc,0.3470403098198241,0.0349525235588649,4,0.735,0.0,68.6,,d5-c1-n0.2-m2,5,1,0.2,2,-8.878799685305857
752,100,fbkernel_orc,0.2956138650235945,0.0325537989597102,4,0.735,0.0,68.6,,d5-c1-n0.2-m2,5,1,0.2,2,-8.878799685305857
755,100,traj_dorc,0.1962805909401573,0.0,1,0.72,0.0,1.4,,d5-c1-n0.2-m5,5,1,0.2,5,-34.37732560792047
755,100,kmetric_dorc,0.2240590809500311,0.0238061416141782,4,0.72,0.0,63.8,,d5-c1-n0.2-m5,5,1,0.2,5,-34.37732560792047
755,100,fbkernel_orc,0.3107620551278832,0.0475920123600038,4,0.72,0.0,63.8,,d5-c1-n0.2-m5,5,1,0.2,5,-34.37732560792047
758,100,traj_dorc,0.179194058814049,0.0,1,0.724,0.4874,1.7,,d5-c1-n0.2-m8,5,1,0.2,8,-31.847402516207318
758,100,kmetric_dorc,0.2705084192817287,0.0172054572965664,4,0.724,0.4874,63.0,,d5-c1-n0.2-m8,5,1,0.2,8,-31.847402516207318
758,100,fbkernel_orc,0.2479895606933645,0.0173393107108382,4,0.724,0.4874,63.0,,d5-c1-n0.2-m8,5,1,0.2,8,-31.847402516207318
761,100,traj_dorc,0.2543894630003876,0.0,1,0.717,0.0,1.2,,d5-c1-n0.2-m11,5,1,0.2,11,-3.4649771563151788
761,100,kmetric_dorc,0.3505561952689564,0.0724586806002277,4,0.717,0.0,61.6,,d5-c1-n0.2-m11,5,1,0.2,11,-3.4649771563151788
761,100,fbkernel_orc,0.3193333187985386,0.0442022468839814,4,0.717,0.0,61.6,,d5-c1-n0.2-m11,5,1,0.2,11,-3.4649771563151788
764,100,traj_dorc,0.2362223300122015,0.0,1,0.723,0.0,1.2,,d5-c1-n0.2-m14,5,1,0.2,14,19.863413883002544
764,100,kmetric_dorc,0.3760895882185068,0.0286499574341223,4,0.723,0.0,61.6,,d5-c1-n0.2-m14,5,1,0.2,14,19.863413883002544
764,100,fbkernel_orc,0.3150673941536213,0.031770608842045,4,0.723,0.0,61.6,,d5-c1-n0.2-m14,5,1,0.2,14,19.863413883002544
782,100,traj_dorc,0.267103882855087,0.0,1,0.736,0.0,1.5,,d6-c1-n0.01-m2,6,1,0.01,2,-86.42381835431243
782,100,kmetric_dorc,0.3543179871907477,0.0212611232278588,4,0.736,0.0,60.6,,d6-c1-n0.01-m2,6,1,0.01,2,-86.42381835431243
782,100,fbkernel_orc,0.342244962624211,0.0344002262246937,4,0.736,0.0,60.6,,d6-c1-n0.01-m2,6,1,0.01,2,-86.42381835431243
785,100,traj_dorc,0.3480245151520431,0.0,1,0.724,0.0,1.3,,d6-c1-n0.01-m5,6,1,0.01,5,-25.903753117337263
785,100,kmetric_dorc,0.3330776457872731,0.0339322257470271,4,0.724,0.0,63.2,,d6-c1-n0.01-m5,6,1,0.01,5,-25.903753117337263
785,100,fbkernel_orc,0.3638547603016685,0.0278116515477051,4,0.724,0.0,63.2,,d6-c1-n0.01-m5,6,1,0.01,5,-25.903753117337263
788,100,traj_dorc,0.296975183203767,0.0,1,0.724,0.0,1.3,,d6-c1-n0.01-m8,6,1,0.01,8,27.82760591019963
788,100,kmetric_dorc,0.4506611741694096,0.0529987715585082,4,0.724,0.0,62.4,,d6-c1-n0.01-m8,6,1,0.01,8,27.82760591019963
788,100,fbkernel_orc,0.387871979552987,0.0209297830413373,4,0.724,0.0,62.4,,d6-c1-n0.01-m8,6,1,0.01,8,27.82760591019963
791,100,traj_dorc,0.340182995279823,0.0,1,0.733,0.6273,1.3,,d6-c1-n0.01-m11,6,1,0.01,11,13.844805645269425
791,100,kmetric_dorc,0.3400420747655921,0.1032768620208137,4,0.733,0.6273,67.7,,d6-c1-n0.01-m11,6,1,0.01,11,13.844805645269425
791,100,fbkernel_orc,0.2765377841611965,0.0184191813091996,4,0.733,0.6273,67.7,,d6-c1-n0.01-m11,6,1,0.01,11,13.844805645269425
794,100,traj_dorc,0.3040108053190645,0.0,1,0.705,0.0,1.2,,d6-c1-n0.01-m14,6,1,0.01,14,-38.89536340245233
794,100,kmetric_dorc,0.3799665281103569,0.0776107670614638,4,0.705,0.0,69.5,,d6-c1-n0.01-m14,6,1,0.01,14,-38.89536340245233
794,100,fbkernel_orc,0.3645354982864983,0.0348994676810713,4,0.705,0.0,69.5,,d6-c1-n0.01-m14,6,1,0.01,14,-38.89536340245233
812,100,traj_dorc,0.3295584557355943,0.0,1,0.717,0.0,1.4,,d6-c1-n0.05-m2,6,1,0.05,2,-45.10090508696406
812,100,kmetric_dorc,0.3709487768208355,0.0227968453651081,4,0.717,0.0,69.4,,d6-c1-n0.05-m2,6,1,0.05,2,-45.10090508696406
812,100,fbkernel_orc,0.3086414006553767,0.0272547694832625,4,0.717,0.0,69.4,,d6-c1-n0.05-m2,6,1,0.05,2,-45.10090508696406
815,100,traj_dorc,0.1765486548603298,0.0,1,0.741,0.0,1.6,,d6-c1-n0.05-m5,6,1,0.05,5,-81.15612396422729
815,100,kmetric_dorc,0.3611363507323673,0.037589830727741,4,0.741,0.0,72.4,,d6-c1-n0.05-m5,6,1,0.05,5,-81.15612396422729
815,100,fbkernel_orc,0.3090523116805151,0.0308810394068256,4,0.741,0.0,72.4,,d6-c1-n0.05-m5,6,1,0.05,5,-81.15612396422729
818,100,traj_dorc,0.1871939729773557,0.0,1,0.729,0.0,1.6,,d6-c1-n0.05-m8,6,1,0.05,8,-41.17873865452874
818,100,kmetric_dorc,0.333524124257592,0.0099809762275076,4,0.729,0.0,70.7,,d6-c1-n0.05-m8,6,1,0.05,8,-41.17873865452874
818,100,fbkernel_orc,0.2868441833163805,0.0273850914338208,4,0.729,0.0,70.7,,d6-c1-n0.05-m8,6,1,0.05,8,-41.17873865452874
821,100,traj_dorc,0.2256532599393439,0.0,1,0.752,0.0,1.6,,d6-c1-n0.05-m11,6,1,0.05,11,-58.89777561628494
821,100,kmetric_dorc,0.2005343037247845,0.0902016035580758,4,0.752,0.0,72.4,,d6-c1-n0.05-m11,6,1,0.05,11,-58.89777561628494
821,100,fbkernel_orc,0.2668021086822463,0.021758954222823,4,0.752,0.0,72.4,,d6-c1-n0.05-m11,6,1,0.05,11,-58.89777561628494
824,100,traj_dorc,0.1765660995649289,0.0,1,0.75,0.3925,2.0,,d6-c1-n0.05-m14,6,1,0.05,14,-23.73030057471971
824,100,kmetric_dorc,0.2823620256176816,0.0094754236894674,4,0.75,0.3925,74.8,,d6-c1-n0.05-m14,6,1,0.05,14,-23.73030057471971
824,100,fbkernel_orc,0.2326348319221706,0.0379132640142162,4,0.75,0.3925,74.8,,d6-c1-n0.05-m14,6,1,0.05,14,-23.73030057471971
842,100,traj_dorc,0.288544920982498,0.0,1,0.741,0.0,1.5,,d6-c1-n0.1-m2,6,1,0.1,2,-70.57962561965199
842,100,kmetric_dorc,0.3137630807964026,0.0704245885632985,4,0.741,0.0,77.6,,d6-c1-n0.1-m2,6,1,0.1,2,-70.57962561965199
842,100,fbkernel_orc,0.2665790947212069,0.0148370857581128,4,0.741,0.0,77.6,,d6-c1-n0.1-m2,6,1,0.1,2,-70.57962561965199
845,100,traj_dorc,0.1721404410341261,0.0,1,0.755,0.0,1.6,,d6-c1-n0.1-m5,6,1,0.1,5,-16.385632508942592
845,100,kmetric_dorc,0.3203350634789231,0.0444896488646188,4,0.755,0.0,77.4,,d6-c1-n0.1-m5,6,1,0.1,5,-16.385632508942592
845,100,fbkernel_orc,0.3310138407369301,0.0310021489682091,4,0.755,0.0,77.4,,d6-c1-n0.1-m5,6,1,0.1,5,-16.385632508942592
848,100,traj_dorc,0.172591072820278,0.0,1,0.74,0.0,1.6,,d6-c1-n0.1-m8,6,1,0.1,8,-25.63865350280647
848,100,kmetric_dorc,0.3299529841199172,0.0421074629971967,4,0.74,0.0,77.1,,d6-c1-n0.1-m8,6,1,0.1,8,-25.63865350280647
848,100,fbkernel_orc,0.2362049602579566,0.0336841119791869,4,0.74,0.0,77.1,,d6-c1-n0.1-m8,6,1,0.1,8,-25.63865350280647
851,100,traj_dorc,0.2641473144407255,0.0,1,0.759,0.0,1.6,,d6-c1-n0.1-m11,6,1,0.1,11,-9.528899156859143
851,100,kmetric_dorc,0.3755121469280794,0.0823061416829256,4,0.759,0.0,76.1,,d6-c1-n0.1-m11,6,1,0.1,11,-9.528899156859143
851,100,fbkernel_orc,0.3100291833400676,0.0308499999382251,4,0.759,0.0,76.1,,d6-c1-n0.1-m11,6,1,0.1,11,-9.528899156859143
854,100,traj_dorc,0.3303984737199727,0.0,1,0.731,0.619,1.3,,d6-c1-n0.1-m14,6,1,0.1,14,-26.73210065400279
854,100,kmetric_dorc,0.3050096856139181,0.0392945449299592,4,0.731,0.619,74.4,,d6-c1-n0.1-m14,6,1,0.1,14,-26.73210065400279
854,100,fbkernel_orc,0.2677596542351811,0.0512022769296944,4,0.731,0.619,74.4,,d6-c1-n0.1-m14,6,1,0.1,14,-26.73210065400279
872,100,traj_dorc,0.2169924985322169,0.0,1,0.739,0.0,1.6,,d6-c1-n0.2-m2,6,1,0.2,2,-31.49232593408417
872,100,kmetric_dorc,0.2721417438305381,0.0248944716525197,4,0.739,0.0,72.6,,d6-c1-n0.2-m2,6,1,0.2,2,-31.49232593408417
872,100,fbkernel_orc,0.2809204118003346,0.0252401610773512,4,0.739,0.0,72.6,,d6-c1-n0.2-m2,6,1,0.2,2,-31.49232593408417
875,100,traj_dorc,0.2556380042836711,0.0,1,0.749,0.4923,1.4,,d6-c1-n0.2-m5,6,1,0.2,5,-49.26458148457658
875,100,kmetric_dorc,0.3481777378473363,0.065244906685313,4,0.749,0.4923,70.4,,d6-c1-n0.2-m5,6,1,0.2,5,-49.26458148457658
875,100,fbkernel_orc,0.3065868707551097,0.0180016726807698,4,0.749,0.4923,70.4,,d6-c1-n0.2-m5,6,1,0.2,5,-49.26458148457658
878,100,traj_dorc,0.3168216942815428,0.0,1,0.752,0.0,1.3,,d6-c1-n0.2-m8,6,1,0.2,8,-31.98985941612672
878,100,kmetric_dorc,0.2991723361822366,0.0411470670051221,4,0.752,0.0,72.4,,d6-c1-n0.2-m8,6,1,0.2,8,-31.98985941612672
878,100,fbkernel_orc,0.273472078030532,0.0257660825515132,4,0.752,0.0,72.4,,d6-c1-n0.2-m8,6,1,0.2,8,-31.98985941612672
881,100,traj_dorc,0.1841196039382012,0.0,1,0.767,0.0,1.6,,d6-c1-n0.2-m11,6,1,0.2,11,-26.701955637154743
881,100,kmetric_dorc,0.3088379865343871,0.0214534015189563,4,0.767,0.0,72.9,,d6-c1-n0.2-m11,6,1,0.2,11,-26.701955637154743
881,100,fbkernel_orc,0.2445168254223331,0.0623057365435822,4,0.767,0.0,72.9,,d6-c1-n0.2-m11,6,1,0.2,11,-26.701955637154743
884,100,traj_dorc,0.2846713210211135,0.0,1,0.73,0.0,1.7,,d6-c1-n0.2-m14,6,1,0.2,14,-48.22651622007661
884,100,kmetric_dorc,0.322312679798199,0.0625599686829395,4,0.73,0.0,74.3,,d6-c1-n0.2-m14,6,1,0.2,14,-48.22651622007661
884,100,fbkernel_orc,0.303723037242794,0.031725713693714,4,0.73,0.0,74.3,,d6-c1-n0.2-m14,6,1,0.2,14,-48.22651622007661
302,500,traj_dorc,0.0120752569052186,0.0,1,0.996,0.0,3.1,,d2-c1-n0.01-m2,2,1,0.01,2,2.435305785100224
302,500,kmetric_dorc,-0.0458262394200286,0.0404430176183869,4,0.996,0.0,352.0,,d2-c1-n0.01-m2,2,1,0.01,2,2.435305785100224
302,500,fbkernel_orc,-0.1293879371070249,0.0427073377875412,4,0.996,0.0,352.0,,d2-c1-n0.01-m2,2,1,0.01,2,2.435305785100224
305,500,traj_dorc,0.0597774071041222,0.0,1,0.991,0.0,2.7,,d2-c1-n0.01-m5,2,1,0.01,5,17.833593420006732
305,500,kmetric_dorc,0.0235541386227412,0.0536564570454936,4,0.991,0.0,348.9,,d2-c1-n0.01-m5,2,1,0.01,5,17.833593420006732
305,500,fbkernel_orc,-0.0156106951597049,0.0214478325232798,4,0.991,0.0,348.9,,d2-c1-n0.01-m5,2,1,0.01,5,17.833593420006732
308,500,traj_dorc,-0.0296630592580413,0.0,1,0.994,0.0,2.4,,d2-c1-n0.01-m8,2,1,0.01,8,-4.802158035650685
308,500,kmetric_dorc,-0.0534062030262033,0.0337313974769084,4,0.994,0.0,349.2,,d2-c1-n0.01-m8,2,1,0.01,8,-4.802158035650685
308,500,fbkernel_orc,-0.1801723632442593,0.0274566107450119,4,0.994,0.0,349.2,,d2-c1-n0.01-m8,2,1,0.01,8,-4.802158035650685
311,500,traj_dorc,-0.0177347364449932,0.0,1,0.997,0.0,2.1,,d2-c1-n0.01-m11,2,1,0.01,11,6.656586154585676
311,500,kmetric_dorc,-0.0734226660656573,0.0088826544579891,4,0.997,0.0,346.9,,d2-c1-n0.01-m11,2,1,0.01,11,6.656586154585676
311,500,fbkernel_orc,-0.0956134733416472,0.013077168407991,4,0.997,0.0,346.9,,d2-c1-n0.01-m11,2,1,0.01,11,6.656586154585676
314,500,traj_dorc,-0.0439294402053755,0.0,1,0.996,0.0,2.1,,d2-c1-n0.01-m14,2,1,0.01,14,-2.853722380261491
314,500,kmetric_dorc,-0.0162481741892771,0.0182300565446232,4,0.996,0.0,344.6,,d2-c1-n0.01-m14,2,1,0.01,14,-2.853722380261491
314,500,fbkernel_orc,-0.0932039023329643,0.067285999994806,4,0.996,0.0,344.6,,d2-c1-n0.01-m14,2,1,0.01,14,-2.853722380261491
332,500,traj_dorc,0.0400176626906768,0.0,1,0.997,0.0,2.4,,d2-c1-n0.05-m2,2,1,0.05,2,1.728836197424718
332,500,kmetric_dorc,-0.1192461110658698,0.0550565734211843,4,0.997,0.0,343.4,,d2-c1-n0.05-m2,2,1,0.05,2,1.728836197424718
332,500,fbkernel_orc,-0.0725425152936218,0.0283385519492627,4,0.997,0.0,343.4,,d2-c1-n0.05-m2,2,1,0.05,2,1.728836197424718
335,500,traj_dorc,0.0084961382091742,0.0,1,0.992,0.0,2.1,,d2-c1-n0.05-m5,2,1,0.05,5,-6.985728960248757
335,500,kmetric_dorc,-0.0481978125012829,0.0454131331519103,4,0.992,0.0,337.3,,d2-c1-n0.05-m5,2,1,0.05,5,-6.985728960248757
335,500,fbkernel_orc,-0.1188727598573442,0.0272333323082741,4,0.992,0.0,337.3,,d2-c1-n0.05-m5,2,1,0.05,5,-6.985728960248757
338,500,traj_dorc,0.0504249913836081,0.0,1,0.997,0.0,2.4,,d2-c1-n0.05-m8,2,1,0.05,8,13.350834999027844
338,500,kmetric_dorc,0.0028238789893126,0.0371833816478357,4,0.997,0.0,332.0,,d2-c1-n0.05-m8,2,1,0.05,8,13.350834999027844
338,500,fbkernel_orc,0.0110332479983891,0.0811272446094521,4,0.997,0.0,332.0,,d2-c1-n0.05-m8,2,1,0.05,8,13.350834999027844
341,500,traj_dorc,0.0949073481913962,0.0,1,0.998,0.0,2.2,,d2-c1-n0.05-m11,2,1,0.05,11,-1.8164727412950512
341,500,kmetric_dorc,-0.0925482419655631,0.0574095046027169,4,0.998,0.0,323.5,,d2-c1-n0.05-m11,2,1,0.05,11,-1.8164727412950512
341,500,fbkernel_orc,-0.1669364777119736,0.0599895543215009,4,0.998,0.0,323.5,,d2-c1-n0.05-m11,2,1,0.05,11,-1.8164727412950512
344,500,traj_dorc,0.0371213185642114,0.0,1,0.996,0.0,2.2,,d2-c1-n0.05-m14,2,1,0.05,14,3.330936894367293
344,500,kmetric_dorc,-0.0149387435282229,0.0357995420593283,4,0.996,0.0,323.6,,d2-c1-n0.05-m14,2,1,0.05,14,3.330936894367293
344,500,fbkernel_orc,-0.09474557421842,0.0229384039083992,4,0.996,0.0,323.6,,d2-c1-n0.05-m14,2,1,0.05,14,3.330936894367293
362,500,traj_dorc,0.1523785679907124,0.0,1,0.996,0.0,1.9,,d2-c1-n0.1-m2,2,1,0.1,2,-12.086218290266444
362,500,kmetric_dorc,-0.0030536671960485,0.0287675611229706,4,0.996,0.0,324.8,,d2-c1-n0.1-m2,2,1,0.1,2,-12.086218290266444
362,500,fbkernel_orc,-0.0539430153682121,0.0268644901839959,4,0.996,0.0,324.8,,d2-c1-n0.1-m2,2,1,0.1,2,-12.086218290266444
365,500,traj_dorc,0.0664917553099736,0.0,1,0.998,0.0,2.0,,d2-c1-n0.1-m5,2,1,0.1,5,11.08152312025702
365,500,kmetric_dorc,0.0169493474972639,0.0026241262968493,4,0.998,0.0,326.0,,d2-c1-n0.1-m5,2,1,0.1,5,11.08152312025702
365,500,fbkernel_orc,0.0022290310057035,0.0541670181307139,4,0.998,0.0,326.0,,d2-c1-n0.1-m5,2,1,0.1,5,11.08152312025702
368,500,traj_dorc,0.0566476186870881,0.0,1,0.996,0.0,2.1,,d2-c1-n0.1-m8,2,1,0.1,8,-4.380389712820355
368,500,kmetric_dorc,-0.0345818719547881,0.0720125310596102,4,0.996,0.0,325.8,,d2-c1-n0.1-m8,2,1,0.1,8,-4.380389712820355
368,500,fbkernel_orc,0.0179662576224496,0.0399996382118488,4,0.996,0.0,325.8,,d2-c1-n0.1-m8,2,1,0.1,8,-4.380389712820355
371,500,traj_dorc,0.0176883120038741,0.0,1,0.997,0.0,1.9,,d2-c1-n0.1-m11,2,1,0.1,11,-16.934696980264345
371,500,kmetric_dorc,-0.0968178298182705,0.0923584165401094,4,0.997,0.0,330.0,,d2-c1-n0.1-m11,2,1,0.1,11,-16.934696980264345
371,500,fbkernel_orc,-0.1211136832601754,0.0437339204635874,4,0.997,0.0,330.0,,d2-c1-n0.1-m11,2,1,0.1,11,-16.934696980264345
374,500,traj_dorc,-0.0161176860098117,0.0,1,0.993,0.0,2.0,,d2-c1-n0.1-m14,2,1,0.1,14,-7.89412429083137
374,500,kmetric_dorc,-0.0582727972039887,0.0271051595619798,4,0.993,0.0,327.3,,d2-c1-n0.1-m14,2,1,0.1,14,-7.89412429083137
374,500,fbkernel_orc,-0.0911524077095429,0.0380280896428265,4,0.993,0.0,327.3,,d2-c1-n0.1-m14,2,1,0.1,14,-7.89412429083137
392,500,traj_dorc,0.0042527155133191,0.0,1,0.997,0.0,1.5,,d2-c1-n0.2-m2,2,1,0.2,2,0.5863070446801962
392,500,kmetric_dorc,0.0134396757397046,0.0527282023258233,4,0.997,0.0,330.9,,d2-c1-n0.2-m2,2,1,0.2,2,0.5863070446801962
392,500,fbkernel_orc,-0.0166621863333035,0.0490067420369028,4,0.997,0.0,330.9,,d2-c1-n0.2-m2,2,1,0.2,2,0.5863070446801962
395,500,traj_dorc,0.0679356401322881,0.0,1,0.996,0.0,1.5,,d2-c1-n0.2-m5,2,1,0.2,5,-9.597076646976651
395,500,kmetric_dorc,0.0753536786173939,0.0561833364717809,4,0.996,0.0,329.9,,d2-c1-n0.2-m5,2,1,0.2,5,-9.597076646976651
395,500,fbkernel_orc,0.0561548264117724,0.0375779634345176,4,0.996,0.0,329.9,,d2-c1-n0.2-m5,2,1,0.2,5,-9.597076646976651
398,500,traj_dorc,0.1181647841759687,0.0,1,0.995,0.0,2.0,,d2-c1-n0.2-m8,2,1,0.2,8,-3.912962490843667
398,500,kmetric_dorc,0.0216908719254286,0.030835959596666,4,0.995,0.0,330.2,,d2-c1-n0.2-m8,2,1,0.2,8,-3.912962490843667
398,500,fbkernel_orc,0.0227409750390452,0.027514043525371,4,0.995,0.0,330.2,,d2-c1-n0.2-m8,2,1,0.2,8,-3.912962490843667
401,500,traj_dorc,0.0520654990684103,0.0,1,0.996,0.0,2.0,,d2-c1-n0.2-m11,2,1,0.2,11,-23.39944863774402
401,500,kmetric_dorc,-0.0387753950188523,0.0309385053255798,4,0.996,0.0,330.3,,d2-c1-n0.2-m11,2,1,0.2,11,-23.39944863774402
401,500,fbkernel_orc,-0.024011482605545,0.033732390113149,4,0.996,0.0,330.3,,d2-c1-n0.2-m11,2,1,0.2,11,-23.39944863774402
404,500,traj_dorc,0.1247667625975112,0.0,1,0.996,0.0,2.0,,d2-c1-n0.2-m14,2,1,0.2,14,2.4139725477943967
404,500,kmetric_dorc,0.0678012602173494,0.0339351788225508,4,0.996,0.0,331.2,,d2-c1-n0.2-m14,2,1,0.2,14,2.4139725477943967
404,500,fbkernel_orc,-0.0338533539952807,0.0639557875863973,4,0.996,0.0,331.2,,d2-c1-n0.2-m14,2,1,0.2,14,2.4139725477943967
422,500,traj_dorc,-0.0420434224925924,0.0,1,0.993,0.0,1.8,,d3-c1-n0.01-m2,3,1,0.01,2,-10.734204673555151
422,500,kmetric_dorc,0.0341497872223566,0.0429425665752708,4,0.993,0.0,334.4,,d3-c1-n0.01-m2,3,1,0.01,2,-10.734204673555151
422,500,fbkernel_orc,0.0491680520025071,0.0627257911785118,4,0.993,0.0,334.4,,d3-c1-n0.01-m2,3,1,0.01,2,-10.734204673555151
425,500,traj_dorc,-0.1337433296503218,0.0,1,0.994,0.0,1.8,,d3-c1-n0.01-m5,3,1,0.01,5,-6.077102370699984
425,500,kmetric_dorc,-0.0031061761633015,0.0320121389379697,4,0.994,0.0,332.3,,d3-c1-n0.01-m5,3,1,0.01,5,-6.077102370699984
425,500,fbkernel_orc,-0.0211503047488786,0.0147424193158126,4,0.994,0.0,332.3,,d3-c1-n0.01-m5,3,1,0.01,5,-6.077102370699984
428,500,traj_dorc,-0.0824310727160937,0.0,1,0.993,0.0,1.9,,d3-c1-n0.01-m8,3,1,0.01,8,-4.470633486317453
428,500,kmetric_dorc,0.0373531061622045,0.0210482157384478,4,0.993,0.0,331.8,,d3-c1-n0.01-m8,3,1,0.01,8,-4.470633486317453
428,500,fbkernel_orc,0.0317593154544476,0.0288266255654125,4,0.993,0.0,331.8,,d3-c1-n0.01-m8,3,1,0.01,8,-4.470633486317453
431,500,traj_dorc,-0.0429602823917984,0.0,1,0.994,0.0,1.7,,d3-c1-n0.01-m11,3,1,0.01,11,14.164580864957042
431,500,kmetric_dorc,0.0845122010579049,0.0423265775700081,4,0.994,0.0,331.1,,d3-c1-n0.01-m11,3,1,0.01,11,14.164580864957042
431,500,fbkernel_orc,0.0763722825728246,0.0311932705098979,4,0.994,0.0,331.1,,d3-c1-n0.01-m11,3,1,0.01,11,14.164580864957042
434,500,traj_dorc,0.111800898192863,0.0,1,0.998,0.0,1.6,,d3-c1-n0.01-m14,3,1,0.01,14,1.6301777294930675
434,500,kmetric_dorc,0.0755834976922114,0.0327818806174331,4,0.998,0.0,330.6,,d3-c1-n0.01-m14,3,1,0.01,14,1.6301777294930675
434,500,fbkernel_orc,0.0567638048989094,0.0563381926569546,4,0.998,0.0,330.6,,d3-c1-n0.01-m14,3,1,0.01,14,1.6301777294930675
452,500,traj_dorc,-0.0625393677273768,0.0,1,0.998,0.0,1.7,,d3-c1-n0.05-m2,3,1,0.05,2,-8.503913817275507
452,500,kmetric_dorc,0.0249347171280381,0.0494176971060358,4,0.998,0.0,332.5,,d3-c1-n0.05-m2,3,1,0.05,2,-8.503913817275507
452,500,fbkernel_orc,0.0627213365945453,0.0450210844075467,4,0.998,0.0,332.5,,d3-c1-n0.05-m2,3,1,0.05,2,-8.503913817275507
455,500,traj_dorc,-0.0444670590699564,0.0,1,0.997,0.0,1.8,,d3-c1-n0.05-m5,3,1,0.05,5,0.1038120113334293
455,500,kmetric_dorc,0.0587329407023263,0.0099484405266159,4,0.997,0.0,333.3,,d3-c1-n0.05-m5,3,1,0.05,5,0.1038120113334293
455,500,fbkernel_orc,0.0007780581672324,0.008653863417869,4,0.997,0.0,333.3,,d3-c1-n0.05-m5,3,1,0.05,5,0.1038120113334293
458,500,traj_dorc,-0.1215328109536491,0.0,1,0.997,0.0,1.8,,d3-c1-n0.05-m8,3,1,0.05,8,0.4466454396956449
458,500,kmetric_dorc,0.024566829805252,0.0724573287026427,4,0.997,0.0,331.3,,d3-c1-n0.05-m8,3,1,0.05,8,0.4466454396956449
458,500,fbkernel_orc,0.0937552675644425,0.0294831195896151,4,0.997,0.0,331.3,,d3-c1-n0.05-m8,3,1,0.05,8,0.4466454396956449
461,500,traj_dorc,-0.0292452115867494,0.0,1,0.996,0.0,1.7,,d3-c1-n0.05-m11,3,1,0.05,11,21.368395828400903
461,500,kmetric_dorc,0.0280608976019374,0.0466236409853279,4,0.996,0.0,329.1,,d3-c1-n0.05-m11,3,1,0.05,11,21.368395828400903
461,500,fbkernel_orc,0.0922275011634203,0.0373361273272993,4,0.996,0.0,329.1,,d3-c1-n0.05-m11,3,1,0.05,11,21.368395828400903
464,500,traj_dorc,-0.120214400471019,0.0,1,0.996,0.0,2.0,,d3-c1-n0.05-m14,3,1,0.05,14,-21.079559573576592
464,500,kmetric_dorc,0.0671273801079508,0.0181073128600157,4,0.996,0.0,330.8,,d3-c1-n0.05-m14,3,1,0.05,14,-21.079559573576592
464,500,fbkernel_orc,0.0825176117109297,0.022047866487677,4,0.996,0.0,330.8,,d3-c1-n0.05-m14,3,1,0.05,14,-21.079559573576592
482,500,traj_dorc,-0.0421816950435473,0.0,1,1.0,0.0,1.9,,d3-c1-n0.1-m2,3,1,0.1,2,-3.557038532205605
482,500,kmetric_dorc,0.0915451121933829,0.0360392705403204,4,1.0,0.0,329.6,,d3-c1-n0.1-m2,3,1,0.1,2,-3.557038532205605
482,500,fbkernel_orc,0.1336093764133072,0.0354235920602058,4,1.0,0.0,329.6,,d3-c1-n0.1-m2,3,1,0.1,2,-3.557038532205605
485,500,traj_dorc,-0.1356666892686576,0.0,1,0.996,0.0,1.9,,d3-c1-n0.1-m5,3,1,0.1,5,-20.52226204708142
485,500,kmetric_dorc,-0.0088675771933861,0.0472263519515962,4,0.996,0.0,330.2,,d3-c1-n0.1-m5,3,1,0.1,5,-20.52226204708142
485,500,fbkernel_orc,-0.013017534527973,0.0201208187739959,4,0.996,0.0,330.2,,d3-c1-n0.1-m5,3,1,0.1,5,-20.52226204708142
488,500,traj_dorc,0.0843207891882163,0.0,1,0.995,0.0,1.8,,d3-c1-n0.1-m8,3,1,0.1,8,25.65230615275553
488,500,kmetric_dorc,0.0580603450824964,0.0649048551584435,4,0.995,0.0,330.9,,d3-c1-n0.1-m8,3,1,0.1,8,25.65230615275553
488,500,fbkernel_orc,0.1006184465575422,0.039963848396662,4,0.995,0.0,330.9,,d3-c1-n0.1-m8,3,1,0.1,8,25.65230615275553
491,500,traj_dorc,-0.1322106279661976,0.0,1,0.998,0.0,1.9,,d3-c1-n0.1-m11,3,1,0.1,11,-13.136520272342572
491,500,kmetric_dorc,-0.0184343790042147,0.0329261099025157,4,0.998,0.0,333.7,,d3-c1-n0.1-m11,3,1,0.1,11,-13.136520272342572
491,500,fbkernel_orc,-0.0032008191207901,0.0561068705520576,4,0.998,0.0,333.7,,d3-c1-n0.1-m11,3,1,0.1,11,-13.136520272342572
494,500,traj_dorc,0.0051769510522598,0.0,1,0.996,0.0,1.8,,d3-c1-n0.1-m14,3,1,0.1,14,-1.6689192913019415
494,500,kmetric_dorc,0.0571254999488588,0.0695071159576597,4,0.996,0.0,331.7,,d3-c1-n0.1-m14,3,1,0.1,14,-1.6689192913019415
494,500,fbkernel_orc,0.0168835768226037,0.0376728629817,4,0.996,0.0,331.7,,d3-c1-n0.1-m14,3,1,0.1,14,-1.6689192913019415
512,500,traj_dorc,-0.1221540595789388,0.0,1,0.995,0.0,2.1,,d3-c1-n0.2-m2,3,1,0.2,2,-7.144697080372662
512,500,kmetric_dorc,0.0270993313222136,0.0662228238025762,4,0.995,0.0,330.3,,d3-c1-n0.2-m2,3,1,0.2,2,-7.144697080372662
512,500,fbkernel_orc,0.1254431978730156,0.0340229427919503,4,0.995,0.0,330.3,,d3-c1-n0.2-m2,3,1,0.2,2,-7.144697080372662
515,500,traj_dorc,-0.0794189168735072,0.0,1,0.998,0.0,2.3,,d3-c1-n0.2-m5,3,1,0.2,5,0.0089580823909294
515,500,kmetric_dorc,0.1012711996995311,0.0373728394067407,4,0.998,0.0,333.0,,d3-c1-n0.2-m5,3,1,0.2,5,0.0089580823909294
515,500,fbkernel_orc,0.0640941558563733,0.024042176717841,4,0.998,0.0,333.0,,d3-c1-n0.2-m5,3,1,0.2,5,0.0089580823909294
518,500,traj_dorc,0.066745626400011,0.0,1,0.998,0.0,2.2,,d3-c1-n0.2-m8,3,1,0.2,8,6.008144855297212
518,500,kmetric_dorc,0.0513254945463393,0.0214090822549617,4,0.998,0.0,330.9,,d3-c1-n0.2-m8,3,1,0.2,8,6.008144855297212
518,500,fbkernel_orc,0.1155599250273799,0.0488427242936567,4,0.998,0.0,330.9,,d3-c1-n0.2-m8,3,1,0.2,8,6.008144855297212
521,500,traj_dorc,0.0115750874738777,0.0,1,0.995,0.0,2.1,,d3-c1-n0.2-m11,3,1,0.2,11,-2.5949241501049283
521,500,kmetric_dorc,0.1417406711789711,0.0436521979042131,4,0.995,0.0,329.9,,d3-c1-n0.2-m11,3,1,0.2,11,-2.5949241501049283
521,500,fbkernel_orc,0.1332613553246911,0.0277678120775466,4,0.995,0.0,329.9,,d3-c1-n0.2-m11,3,1,0.2,11,-2.5949241501049283
524,500,traj_dorc,-0.01773749785328,0.0,1,0.996,0.0,1.9,,d3-c1-n0.2-m14,3,1,0.2,14,-10.794922538515332
524,500,kmetric_dorc,0.145530146055279,0.0167505548399927,4,0.996,0.0,329.7,,d3-c1-n0.2-m14,3,1,0.2,14,-10.794922538515332
524,500,fbkernel_orc,0.0838086300282516,0.049192971572412,4,0.996,0.0,329.7,,d3-c1-n0.2-m14,3,1,0.2,14,-10.794922538515332
542,500,traj_dorc,-0.0535822243426508,0.0,1,0.998,0.0,2.2,,d4-c1-n0.01-m2,4,1,0.01,2,22.442617233270976
542,500,kmetric_dorc,0.1222894649054245,0.0726241053016735,4,0.998,0.0,332.1,,d4-c1-n0.01-m2,4,1,0.01,2,22.442617233270976
542,500,fbkernel_orc,0.2224587915108511,0.0222696051974988,4,0.998,0.0,332.1,,d4-c1-n0.01-m2,4,1,0.01,2,22.442617233270976
545,500,traj_dorc,0.0585099378853996,0.0,1,0.998,0.0,2.4,,d4-c1-n0.01-m5,4,1,0.01,5,-25.421391317475663
545,500,kmetric_dorc,0.2238618416238489,0.0484825187890979,4,0.998,0.0,329.1,,d4-c1-n0.01-m5,4,1,0.01,5,-25.421391317475663
545,500,fbkernel_orc,0.2034625037493312,0.0437349081044411,4,0.998,0.0,329.1,,d4-c1-n0.01-m5,4,1,0.01,5,-25.421391317475663
548,500,traj_dorc,0.0216144557741518,0.0,1,0.997,0.0,2.3,,d4-c1-n0.01-m8,4,1,0.01,8,-37.35838600844277
548,500,kmetric_dorc,0.2399173740008852,0.049084868678601,4,0.997,0.0,329.4,,d4-c1-n0.01-m8,4,1,0.01,8,-37.35838600844277
548,500,fbkernel_orc,0.2130503219003475,0.0351170167785385,4,0.997,0.0,329.4,,d4-c1-n0.01-m8,4,1,0.01,8,-37.35838600844277
551,500,traj_dorc,-0.0661775113097225,0.0,1,0.997,0.0,2.6,,d4-c1-n0.01-m11,4,1,0.01,11,-12.598162870506057
551,500,kmetric_dorc,0.1561718840071923,0.0275999978412733,4,0.997,0.0,331.8,,d4-c1-n0.01-m11,4,1,0.01,11,-12.598162870506057
551,500,fbkernel_orc,0.1350636154599979,0.0175558442173435,4,0.997,0.0,331.8,,d4-c1-n0.01-m11,4,1,0.01,11,-12.598162870506057
554,500,traj_dorc,-0.1874652958038258,0.0,1,0.996,0.0,2.4,,d4-c1-n0.01-m14,4,1,0.01,14,-4.503402761482203
554,500,kmetric_dorc,0.1580614191750748,0.019426134038247,4,0.996,0.0,331.8,,d4-c1-n0.01-m14,4,1,0.01,14,-4.503402761482203
554,500,fbkernel_orc,0.1539636406278271,0.0260641441830457,4,0.996,0.0,331.8,,d4-c1-n0.01-m14,4,1,0.01,14,-4.503402761482203
572,500,traj_dorc,-0.0637605087145406,0.0,1,0.998,0.0,2.3,,d4-c1-n0.05-m2,4,1,0.05,2,-16.09270414189458
572,500,kmetric_dorc,0.1975598774328847,0.0362387378746297,4,0.998,0.0,329.7,,d4-c1-n0.05-m2,4,1,0.05,2,-16.09270414189458
572,500,fbkernel_orc,0.1573765202263586,0.0222332208259958,4,0.998,0.0,329.7,,d4-c1-n0.05-m2,4,1,0.05,2,-16.09270414189458
575,500,traj_dorc,-0.0069122493257932,0.0,1,0.997,0.296,2.5,,d4-c1-n0.05-m5,4,1,0.05,5,-31.28121797229592
575,500,kmetric_dorc,0.1908029677317237,0.0445349404356029,4,0.997,0.296,328.8,,d4-c1-n0.05-m5,4,1,0.05,5,-31.28121797229592
575,500,fbkernel_orc,0.1675740010266765,0.0586987837276947,4,0.997,0.296,328.8,,d4-c1-n0.05-m5,4,1,0.05,5,-31.28121797229592
578,500,traj_dorc,0.0009848534410332,0.0,1,0.996,0.0,2.6,,d4-c1-n0.05-m8,4,1,0.05,8,-22.05882557409797
578,500,kmetric_dorc,0.2102703674185486,0.0374786729908088,4,0.996,0.0,329.2,,d4-c1-n0.05-m8,4,1,0.05,8,-22.05882557409797
578,500,fbkernel_orc,0.1871164842613425,0.0362264163232845,4,0.996,0.0,329.2,,d4-c1-n0.05-m8,4,1,0.05,8,-22.05882557409797
581,500,traj_dorc,0.0109651454291405,0.0,1,1.0,0.0,2.6,,d4-c1-n0.05-m11,4,1,0.05,11,-27.984450651921836
581,500,kmetric_dorc,0.1557763822498672,0.0956226528164604,4,1.0,0.0,331.3,,d4-c1-n0.05-m11,4,1,0.05,11,-27.984450651921836
581,500,fbkernel_orc,0.1878560568074744,0.0240381931071182,4,1.0,0.0,331.3,,d4-c1-n0.05-m11,4,1,0.05,11,-27.984450651921836
584,500,traj_dorc,-0.0997601293511948,0.0,1,0.998,0.0,2.5,,d4-c1-n0.05-m14,4,1,0.05,14,-18.85016105524571
584,500,kmetric_dorc,0.1116123614801622,0.0657245676228137,4,0.998,0.0,329.6,,d4-c1-n0.05-m14,4,1,0.05,14,-18.85016105524571
584,500,fbkernel_orc,0.1432154075283152,0.0257987089665232,4,0.998,0.0,329.6,,d4-c1-n0.05-m14,4,1,0.05,14,-18.85016105524571
602,500,traj_dorc,0.0285929824698309,0.0,1,1.0,0.0,2.4,,d4-c1-n0.1-m2,4,1,0.1,2,29.480145418186098
602,500,kmetric_dorc,0.2245984503987133,0.0426270565037711,4,1.0,0.0,330.0,,d4-c1-n0.1-m2,4,1,0.1,2,29.480145418186098
602,500,fbkernel_orc,0.2590039576305486,0.0131188977516706,4,1.0,0.0,330.0,,d4-c1-n0.1-m2,4,1,0.1,2,29.480145418186098
605,500,traj_dorc,-0.1336179800668144,0.0,1,0.997,0.0,2.5,,d4-c1-n0.1-m5,4,1,0.1,5,-15.198491523550626
605,500,kmetric_dorc,0.2283805724069059,0.0488211316843444,4,0.997,0.0,330.1,,d4-c1-n0.1-m5,4,1,0.1,5,-15.198491523550626
605,500,fbkernel_orc,0.2616282935971546,0.0120970375463947,4,0.997,0.0,330.1,,d4-c1-n0.1-m5,4,1,0.1,5,-15.198491523550626
608,500,traj_dorc,-0.0949322930885377,0.0,1,0.998,0.0,2.5,,d4-c1-n0.1-m8,4,1,0.1,8,5.924945353387931
608,500,kmetric_dorc,0.1812508900060231,0.0425227168917138,4,0.998,0.0,329.3,,d4-c1-n0.1-m8,4,1,0.1,8,5.924945353387931
608,500,fbkernel_orc,0.1728039898349311,0.0120194483138172,4,0.998,0.0,329.3,,d4-c1-n0.1-m8,4,1,0.1,8,5.924945353387931
611,500,traj_dorc,0.0005617100621826,0.0,1,0.997,0.0,2.4,,d4-c1-n0.1-m11,4,1,0.1,11,-3.3189630707114124
611,500,kmetric_dorc,0.2114534041861452,0.0391943441979661,4,0.997,0.0,331.0,,d4-c1-n0.1-m11,4,1,0.1,11,-3.3189630707114124
611,500,fbkernel_orc,0.1551059985430587,0.0208167972300901,4,0.997,0.0,331.0,,d4-c1-n0.1-m11,4,1,0.1,11,-3.3189630707114124
614,500,traj_dorc,-0.0173592930748809,0.0,1,0.996,0.0,2.7,,d4-c1-n0.1-m14,4,1,0.1,14,-12.13766082906188
614,500,kmetric_dorc,0.2625596899778596,0.0220102902655017,4,0.996,0.0,331.9,,d4-c1-n0.1-m14,4,1,0.1,14,-12.13766082906188
614,500,fbkernel_orc,0.2216636734049648,0.0373809123095423,4,0.996,0.0,331.9,,d4-c1-n0.1-m14,4,1,0.1,14,-12.13766082906188
632,500,traj_dorc,-0.0855841907632824,0.0,1,0.998,0.0,2.7,,d4-c1-n0.2-m2,4,1,0.2,2,-24.04856054825175
632,500,kmetric_dorc,0.1425577218925263,0.0498131906869548,4,0.998,0.0,331.7,,d4-c1-n0.2-m2,4,1,0.2,2,-24.04856054825175
632,500,fbkernel_orc,0.1596325249836453,0.0478933360270959,4,0.998,0.0,331.7,,d4-c1-n0.2-m2,4,1,0.2,2,-24.04856054825175
635,500,traj_dorc,0.1110443651532934,0.0,1,0.996,0.0,2.4,,d4-c1-n0.2-m5,4,1,0.2,5,-39.18539102422648
635,500,kmetric_dorc,0.1761194491385229,0.0430504432570441,4,0.996,0.0,334.2,,d4-c1-n0.2-m5,4,1,0.2,5,-39.18539102422648
635,500,fbkernel_orc,0.2216322289393922,0.0331536250818625,4,0.996,0.0,334.2,,d4-c1-n0.2-m5,4,1,0.2,5,-39.18539102422648
638,500,traj_dorc,0.054395141773847,0.0,1,0.998,0.0,2.4,,d4-c1-n0.2-m8,4,1,0.2,8,-22.997619759109075
638,500,kmetric_dorc,0.2156352020798068,0.0288896930010314,4,0.998,0.0,333.5,,d4-c1-n0.2-m8,4,1,0.2,8,-22.997619759109075
638,500,fbkernel_orc,0.2159316971521433,0.0439608250569282,4,0.998,0.0,333.5,,d4-c1-n0.2-m8,4,1,0.2,8,-22.997619759109075
641,500,traj_dorc,0.0681420341471206,0.0,1,0.996,0.0,2.3,,d4-c1-n0.2-m11,4,1,0.2,11,-16.067167115072312
641,500,kmetric_dorc,0.2614493686198472,0.043389337835649,4,0.996,0.0,335.2,,d4-c1-n0.2-m11,4,1,0.2,11,-16.067167115072312
641,500,fbkernel_orc,0.2626235606143977,0.0491126307695293,4,0.996,0.0,335.2,,d4-c1-n0.2-m11,4,1,0.2,11,-16.067167115072312
644,500,traj_dorc,0.0614631057155704,0.0,1,0.995,0.0,2.5,,d4-c1-n0.2-m14,4,1,0.2,14,53.48846762686056
644,500,kmetric_dorc,0.1661927017886456,0.0437670096802017,4,0.995,0.0,337.2,,d4-c1-n0.2-m14,4,1,0.2,14,53.48846762686056
644,500,fbkernel_orc,0.2109008643032748,0.0505065761485983,4,0.995,0.0,337.2,,d4-c1-n0.2-m14,4,1,0.2,14,53.48846762686056
662,500,traj_dorc,0.0771035923073712,0.0,1,0.996,0.0,2.9,,d5-c1-n0.01-m2,5,1,0.01,2,-1.454894501301056
662,500,kmetric_dorc,0.3230198238561191,0.0429378716297953,4,0.996,0.0,338.8,,d5-c1-n0.01-m2,5,1,0.01,2,-1.454894501301056
662,500,fbkernel_orc,0.2841697319259488,0.0301669208587049,4,0.996,0.0,338.8,,d5-c1-n0.01-m2,5,1,0.01,2,-1.454894501301056
665,500,traj_dorc,0.1089564778224882,0.0,1,0.997,0.0,3.0,,d5-c1-n0.01-m5,5,1,0.01,5,-44.1232350861954
665,500,kmetric_dorc,0.3131951051455112,0.013232705693948,4,0.997,0.0,341.0,,d5-c1-n0.01-m5,5,1,0.01,5,-44.1232350861954
665,500,fbkernel_orc,0.2740560806570001,0.024928723074957,4,0.997,0.0,341.0,,d5-c1-n0.01-m5,5,1,0.01,5,-44.1232350861954
668,500,traj_dorc,-0.0031340218104288,0.0,1,0.997,0.0,3.2,,d5-c1-n0.01-m8,5,1,0.01,8,-28.42240351450837
668,500,kmetric_dorc,0.2452479303632386,0.0609402673673119,4,0.997,0.0,341.7,,d5-c1-n0.01-m8,5,1,0.01,8,-28.42240351450837
668,500,fbkernel_orc,0.3161206014829683,0.0539178280168326,4,0.997,0.0,341.7,,d5-c1-n0.01-m8,5,1,0.01,8,-28.42240351450837
671,500,traj_dorc,0.1727393842436264,0.0,1,0.997,0.0,2.6,,d5-c1-n0.01-m11,5,1,0.01,11,-19.616145636909778
671,500,kmetric_dorc,0.3061833521112891,0.0361820208039558,4,0.997,0.0,341.0,,d5-c1-n0.01-m11,5,1,0.01,11,-19.616145636909778
671,500,fbkernel_orc,0.3012468555110014,0.0573141132344902,4,0.997,0.0,341.0,,d5-c1-n0.01-m11,5,1,0.01,11,-19.616145636909778
