instance,n_traj,traj_len,err,dim,noise,ks_true,coverage,tps,kappa_plus,frac,ent_cak_t2,ent_cak_t4,ent_cak_t8,frac_emp,ent_emp_t2,ent_emp_t4,ent_emp_t8,kappa_surp,frac_fb,ent_fb
420,10,50,,3,0.01,1.2257813837761642,0.105,1.62,-0.0385997829602246,0.0,3.2551419734954834,3.426077365875244,3.492327928543091,0.0,1.1912117004394531,1.7829736471176147,2.3629260063171387,0.6890065938792109,0.0,3.916025221347809
482,10,50,,3,0.1,-3.557038532205605,0.124,1.37,0.0742349227287841,0.0875,2.733553647994995,3.2829601764678955,3.793327808380127,0.0625,1.6645374298095703,2.145105361938477,2.3762121200561523,0.8020066365036232,0.30625,4.247230887413025
544,10,50,,4,0.01,-16.875471101588957,0.113,1.5,0.8364624359735344,0.8,2.339315176010132,3.1059672832489014,3.858341217041016,0.4,1.5589812994003296,2.142737865447998,2.780895233154297,-0.269872401589526,0.296875,4.144736170768738
606,10,50,,4,0.1,-27.860036231503933,0.12,1.42,-0.0705032487248507,0.125,2.499446392059326,2.8607661724090576,3.2653934955596924,0.125,1.380868434906006,1.9751288890838623,2.458650588989258,0.444917070526145,0.046875,4.166693568229675
668,10,50,,5,0.01,-28.42240351450837,0.127,1.34,0.6469786321389692,0.3,2.264864683151245,2.7545478343963623,3.301372528076172,0.25,0.8876773715019226,1.310628890991211,1.8838860988616943,-0.2026152995531422,0.7578125,4.494759917259216
730,10,50,,5,0.1,-67.17285898139227,0.119,1.42,0.942741548634762,0.8375,1.670813798904419,2.2005093097686768,2.7616097927093506,0.2222222222222222,1.4882915019989014,1.9744600057601929,2.364527702331543,0.1741948314470048,0.1197916666666666,4.351202487945557
792,10,50,,6,0.01,-38.33381100352402,0.131,1.29,0.6966100170095799,0.975,1.541680932044983,2.138593435287476,2.8270745277404785,0.0,0.627752423286438,0.9024393558502196,1.1948702335357666,0.4804687205637484,0.6640625,4.593584537506104
854,10,50,,6,0.1,-26.73210065400279,0.128,1.33,0.7248379039008124,0.4625,1.831045389175415,2.514322280883789,3.2418572902679443,0.0,1.306736946105957,1.6776131391525269,2.10334587097168,0.1675375586343744,0.4895833333333333,4.700537443161011
420,10,400,,3,0.01,1.2257813837761642,0.591,2.26,-0.0044666000820326,0.0,5.1661248207092285,5.931554317474365,6.5106964111328125,0.0,1.8491491079330444,2.9755301475524902,4.211028099060059,-0.101914526105784,0.53125,5.816224813461304
482,10,400,,3,0.1,-3.557038532205605,0.578,2.31,0.137964531488815,0.125,4.646938323974609,5.422840118408203,6.180171489715576,0.1428571428571428,2.4353692531585693,3.171083211898804,3.788162231445313,0.2039270231034973,0.49375,5.913235664367676
544,10,400,,4,0.01,-16.875471101588957,0.643,2.08,-0.0282822182459338,0.9125,4.960511207580566,6.061376094818115,6.80364465713501,0.1153846153846153,2.2354490756988525,3.0666654109954834,4.029181957244873,-0.1977124227014399,0.94375,6.0179762840271
606,10,400,,4,0.1,-27.860036231503933,0.597,2.24,0.109857896681556,0.0,4.480781555175781,5.492974281311035,6.322258472442627,0.1666666666666666,2.2085368633270264,3.131809949874878,3.9972808361053462,-0.2509575777825562,0.0,5.676714420318604
668,10,400,,5,0.01,-28.42240351450837,0.623,2.15,0.0895177371204106,1.0,4.373703002929688,5.486837863922119,6.3377604484558105,0.0833333333333333,1.5903505086898804,2.314459800720215,3.295156955718994,-0.5409202443243257,0.0,5.918735504150391
730,10,400,,5,0.1,-67.17285898139227,0.615,2.17,-0.5080766023043815,1.0,4.902541637420654,5.944995403289795,6.593848705291748,0.5172413793103449,2.7996203899383545,4.231777191162109,5.501924991607666,-0.0342376520436492,1.0,5.771554231643677
792,10,400,,6,0.01,-38.33381100352402,0.626,2.14,0.1389337396946741,1.0,4.504518032073975,5.600094795227051,6.402096748352051,0.2631578947368421,2.309486389160156,3.6119866371154794,4.937078952789307,-0.1506992106440876,0.15625,6.043724417686462
854,10,400,,6,0.1,-26.73210065400279,0.635,2.11,-0.2602518608042485,1.0,4.063622951507568,5.133666515350342,6.021972179412842,0.2,1.6865005493164062,2.683950424194336,4.025031089782715,-0.0632572545189873,0.78515625,5.923482179641724
421,40,400,,3,0.01,-7.415704083686769,0.963,5.55,-0.0216405413241496,0.65,5.501441478729248,6.535116672515869,7.299441814422607,0.175,3.047338485717773,3.942633390426636,4.896701335906982,0.103537678202352,0.65625,6.153121709823608
483,40,400,,3,0.1,4.107036960514779,0.95,5.63,0.1164723780773556,0.225,5.47429895401001,6.416600227355957,7.112648963928223,0.2758620689655172,2.752660751342773,4.064120769500732,5.292901515960693,-0.1348870960161157,0.140625,6.2222113609313965
545,40,400,,4,0.01,-25.421391317475663,0.966,5.53,-0.1080547328299923,0.0125,5.608984470367432,6.548915386199951,7.140103340148926,0.1886792452830188,3.2728309631347656,4.376281261444092,5.518553256988525,0.0573201562918387,0.0,6.241564631462097
607,40,400,,4,0.1,-12.183740340828578,0.971,5.51,-0.0656616231573329,0.525,5.549665927886963,6.556707859039307,7.217074871063232,0.303030303030303,2.965524435043335,4.452308177947998,5.875906467437744,-0.1228656079469108,0.59375,6.393883109092712
669,40,400,,5,0.01,-18.319930087521648,0.971,5.51,-0.2295826190788602,1.0,5.4685959815979,6.5865797996521,7.246842861175537,0.24,3.481550693511963,4.961332321166992,6.258853435516357,0.2479501316693863,0.328125,6.458718538284302
731,40,400,,5,0.1,-18.969061686030443,0.982,5.45,-0.1236566123160381,0.25,5.399196147918701,6.379815101623535,7.018002510070801,0.5142857142857142,3.27219557762146,5.052098751068115,6.308496952056885,0.1805634281049493,0.0562499999999999,6.374721050262451
793,40,400,,6,0.01,-76.44652684559905,0.973,5.5,0.0515385839539584,1.0,5.138441562652588,6.277094841003418,6.9668169021606445,0.5882352941176471,3.302121877670288,5.215062618255615,6.500125408172607,0.1810395981722411,0.2406249999999999,6.415630459785461
870,40,400,,6,0.2,-34.693294949412,0.973,5.5,-0.1784530559482291,1.0,5.054697513580322,6.228606224060059,7.054112434387207,0.5348837209302325,3.6960155963897705,5.535789489746094,6.761105537414551,0.3324434680857735,0.7156250000000001,6.38302481174469
761,40,400,,5,0.2,-3.4649771563151788,0.974,5.49,-0.2859073144373166,0.05,5.275006771087647,6.33723783493042,7.025068759918213,0.28,2.6974122524261475,4.366982936859131,5.973919868469238,0.2062590056473029,0.0,6.381253480911255
823,40,400,,6,0.05,-71.9194356359564,0.968,5.52,-0.0153619125808329,1.0,5.198041915893555,6.208755493164063,6.868022441864014,0.5116279069767442,3.433600664138794,5.315475463867188,6.558506965637207,0.2187600186672419,1.0,6.4066550731658936
513,40,1600,,3,0.2,-4.361976627914746,1.0,21.35,-0.2876440892623398,0.8875,5.776723384857178,6.647122383117676,7.264190673828125,0.5272727272727272,3.569417715072632,4.974273204803467,6.145923614501953,0.0229849156961615,0.553125,6.286018371582031
575,40,1600,,4,0.05,-31.28121797229592,1.0,21.35,-0.1852481267485323,0.55,5.799172401428223,6.754502773284912,7.342238903045654,0.6153846153846154,3.6205108165740967,5.183654308319092,6.441053867340088,0.0750406370736976,0.9375,6.455945372581482
762,10,1600,,5,0.2,-19.633812002494803,0.977,5.46,-0.5711952763499275,1.0,5.125220775604248,6.071515083312988,6.877976894378662,0.28,3.5353264808654785,4.958457946777344,6.120559215545654,0.2843452397712943,0.121875,6.209667682647705
824,10,1600,,6,0.05,-23.73030057471971,0.978,5.46,-0.7025902741047705,1.0,5.132113933563232,6.2953925132751465,7.083343029022217,0.5121951219512195,3.538740873336792,5.312013149261475,6.651564121246338,0.2367103559927249,0.3687499999999999,6.4628496170043945
452,40,400,,3,0.05,-8.503913817275507,0.963,5.55,-0.0462662551222551,0.25,5.6551618576049805,6.533041477203369,7.191592693328857,0.1363636363636363,2.413573980331421,3.749990940093994,5.003108978271484,-0.2251644006995334,0.3249999999999999,6.350941777229309
514,40,400,,3,0.2,-14.544124599425984,0.968,5.52,-0.0030536143826294,0.0125,5.595344066619873,6.439853191375732,7.0619049072265625,0.2647058823529412,3.0609395503997803,4.354472637176514,5.482381343841553,0.1075570121343424,0.4875,6.210234522819519
576,40,400,,4,0.05,1.5495180423592505,0.946,5.65,-0.0621076452894054,0.0625,5.367656230926514,6.464694499969482,7.181888580322266,0.4444444444444444,3.102775812149048,4.602404594421387,5.932658672332764,0.0207535477855681,1.0,6.407690167427063
638,40,400,,4,0.2,-22.997619759109075,0.969,5.52,-0.0842341666710272,0.0875,5.635036468505859,6.500692844390869,7.061273097991943,0.4146341463414634,3.3595330715179443,4.864593505859375,6.021276950836182,0.0515673362332107,0.125,6.227277755737305
700,40,400,,5,0.05,-62.894655678803616,0.962,5.56,0.0619356528238332,0.225,5.488831996917725,6.378305912017822,6.9400835037231445,0.5945945945945946,3.227349042892456,4.980693817138672,6.268942832946777,0.1672846177879893,1.0,6.383323431015015
762,40,400,,5,0.2,-19.633812002494803,0.978,5.47,-0.3749961340070278,1.0,5.143941879272461,6.084081172943115,6.882786750793457,0.1489361702127659,3.4714863300323486,4.828545570373535,5.972906589508057,0.0933188966347209,0.328125,6.151242017745972
824,40,400,,6,0.05,-23.73030057471971,0.976,5.48,-0.5960871392069589,1.0,5.136518478393555,6.300010681152344,7.08289098739624,0.5476190476190477,3.574394702911377,5.368634223937988,6.676892280578613,0.2517314426017955,0.8031250000000001,6.4120261669158936
576,40,1600,,4,0.05,1.5495180423592505,1.0,21.35,0.026720993724701,0.0125,5.489300727844238,6.557532787322998,7.232661724090576,0.396551724137931,3.616751909255981,4.946154594421387,6.171858310699463,0.0262117367247808,0.0,6.361628890037537
638,40,1600,,4,0.2,-22.997619759109075,1.0,21.35,0.0038211103936895,0.075,5.669290065765381,6.532906532287598,7.091488838195801,0.4363636363636363,3.804620504379273,5.278566837310791,6.2989349365234375,0.2153988022090517,0.009375,6.309687495231628
700,40,1600,,5,0.05,-62.894655678803616,1.0,21.35,0.0047547730239875,0.175,5.561246395111084,6.428416728973389,6.977416515350342,0.423728813559322,3.929760456085205,5.551620006561279,6.537930488586426,0.226270443977665,0.00625,6.515461802482605
421,40,1600,,3,0.01,-7.415704083686769,1.0,21.35,-0.1058395991831127,0.675,5.552815914154053,6.587591648101807,7.343047618865967,0.1578947368421052,3.477452039718628,4.489419460296631,5.465711116790772,0.1087140162504769,0.7218749999999999,6.193629026412964
452,40,1600,,3,0.05,-8.503913817275507,1.0,21.35,-0.2295548456070848,0.275,5.703584671020508,6.5836992263793945,7.242199897766113,0.2586206896551724,3.4184787273406982,4.386057376861572,5.334998607635498,-0.0487590284976092,0.121875,6.078741431236267
483,40,1600,,3,0.1,4.107036960514779,1.0,21.35,-0.0437765024316197,0.2125,5.51712703704834,6.457512855529785,7.159584999084473,0.2711864406779661,3.614393711090088,4.670867443084717,5.636630058288574,0.0701904516152356,0.0,6.103052496910095
514,40,1600,,3,0.2,-14.544124599425984,1.0,21.35,0.0652085721344998,0.0125,5.624178409576416,6.472586154937744,7.10040283203125,0.5636363636363636,3.613760709762573,4.865894317626953,5.893582820892334,0.1182220525058099,0.0,6.256043076515198
545,40,1600,,4,0.01,-25.421391317475663,1.0,21.35,-0.0481542584547231,0.0125,5.672030925750732,6.612473964691162,7.192782878875732,0.3220338983050847,3.5808029174804688,4.884583950042725,6.101242065429688,0.0656584409680741,0.0,6.347020387649536
607,40,1600,,4,0.1,-12.183740340828578,1.0,21.35,-0.1101631227068485,0.5125,5.586236953735352,6.59572172164917,7.254055976867676,0.6274509803921569,3.557722568511963,5.169578552246094,6.45382833480835,0.0277308661598034,0.540625,6.534918308258057
669,40,1600,,5,0.01,-18.319930087521648,1.0,21.35,-0.0141126576693023,1.0,5.497467517852783,6.625119209289551,7.289416790008545,0.6212121212121212,3.8504364490509033,5.614099025726318,6.889334201812744,0.1624446855813091,0.015625,6.64977502822876
731,40,1600,,5,0.1,-18.969061686030443,1.0,21.35,-0.1443023600545552,0.225,5.421868801116943,6.403958320617676,7.042693614959717,0.7857142857142857,3.898218870162964,5.563989162445068,6.60482931137085,0.1967999045833658,0.384375,6.398548364639282
793,40,1600,,6,0.01,-76.44652684559905,1.0,21.35,-0.3991365687267846,1.0,5.204650402069092,6.335682392120361,7.011156558990479,0.6349206349206349,4.173348903656006,5.973100185394287,6.924002170562744,0.1878607716665413,0.784375,6.502394914627075
870,40,1600,,6,0.2,-34.693294949412,1.0,21.35,-0.669064868679892,1.0,5.089257717132568,6.266157627105713,7.089410305023193,0.5135135135135135,4.264122009277344,5.979915142059326,7.069901466369629,0.3049510831105358,0.534375,6.598526239395142
763,10,1600,,5,0.2,-28.47551290508757,0.973,5.49,-0.3397348796184628,1.0,5.546303749084473,6.513904094696045,7.089682102203369,0.46875,2.948113918304444,4.814266204833984,6.303544044494629,0.2311691228921248,0.428125,6.350099325180054
840,10,1600,,6,0.1,-39.57480106909405,0.976,5.47,-0.4456767199875675,1.0,5.093133449554443,6.32893705368042,7.0958099365234375,0.6410256410256411,3.4457924365997314,5.359248638153076,6.749644756317139,0.2103949775393421,0.75,6.415851593017578
763,40,400,,5,0.2,-28.47551290508757,0.977,5.47,-0.1163693500313995,1.0,5.533394813537598,6.50991153717041,7.09316873550415,0.6052631578947368,3.262543201446533,5.139907836914063,6.495227336883545,0.1696200538635159,1.0,6.358601689338684
840,40,400,,6,0.1,-39.57480106909405,0.979,5.46,-0.6295109408385242,1.0,5.100567817687988,6.33724308013916,7.104329586029053,0.7142857142857143,3.486902952194214,5.434567451477051,6.746511936187744,0.204571154946086,0.8062499999999999,6.367716431617737
515,40,1600,,3,0.2,0.0089580823909294,1.0,21.35,-0.0944126308350936,0.2,5.461365699768066,6.36312198638916,7.039066314697266,0.2857142857142857,3.513176679611206,4.787507057189941,5.872359275817871,0.053878534153648,0.30625,6.2891000509262085
577,40,1600,,4,0.05,-4.587718319365236,1.0,21.35,0.0215926288254259,0.1,5.594252109527588,6.665124416351318,7.319979190826416,0.3518518518518518,3.457015991210937,4.779910564422607,6.104135990142822,-0.0196392101946778,1.0,6.459272503852844
764,10,1600,,5,0.2,19.863413883002544,0.973,5.49,0.559416189316801,0.0,5.277228832244873,6.205557823181152,6.801017284393311,0.3333333333333333,2.7650294303894043,4.459836006164551,5.978024959564209,0.1721320665006932,0.0,6.354380488395691
841,10,1600,,6,0.1,-28.27057085781108,0.975,5.47,0.0481481479739958,1.0,5.216334342956543,6.24306583404541,6.877919673919678,0.4390243902439024,3.5071053504943848,5.281093597412109,6.476758003234863,0.2759097811391462,1.0,6.30752420425415
764,40,400,,5,0.2,19.863413883002544,0.98,5.45,0.3050980121594183,0.0,5.30550479888916,6.236643314361572,6.827507972717285,0.5208333333333334,3.613821506500244,5.256083011627197,6.36920690536499,0.1874490671707321,0.0,6.36933434009552
841,40,400,,6,0.1,-28.27057085781108,0.977,5.47,0.0162234431329598,1.0,5.219940662384033,6.242510318756104,6.872451305389404,0.4857142857142857,3.377705335617065,5.215734481811523,6.388257026672363,0.3040574959085645,0.2281249999999999,6.306431531906128
578,40,1600,,4,0.05,-22.05882557409797,1.0,21.35,-0.2229267698699732,0.525,5.6506452560424805,6.662492275238037,7.304449558258057,0.2592592592592592,3.4684383869171143,4.756863594055176,6.011204719543457,0.1741034553254931,0.2875,6.338951230049133
640,40,1600,,4,0.2,32.54341939091398,1.0,21.35,-0.1163215142856051,0.0,5.281834125518799,6.192994117736816,6.823386669158936,0.4444444444444444,3.8384406566619873,5.272642612457275,6.258430004119873,0.2968602279502906,0.0,6.189620494842529
702,40,1600,,5,0.05,-8.094765280509788,1.0,21.35,-0.1072502361528271,0.1625,5.51339864730835,6.541386604309082,7.136910915374756,0.6885245901639344,3.945208787918091,5.686126708984375,6.796133518218994,0.2710055620200298,0.221875,6.598651170730591
422,10,50,,3,0.01,-10.734204673555151,0.117,1.45,0.61980782230843,0.0,3.1495492458343506,3.524442672729492,3.8164193630218506,0.3333333333333333,1.3296661376953125,1.721841812133789,2.0177793502807617,0.0486135366203152,0.140625,4.252533912658691
453,10,50,,3,0.05,16.800746756883633,0.108,1.58,0.027411903266401,0.0,3.4715702533721924,3.896994352340698,4.16742753982544,0.1818181818181818,1.3218756914138794,1.833928108215332,2.362616539001465,0.7983114760807118,0.2578125,4.169361233711243
484,10,50,,3,0.1,-9.95300009216142,0.124,1.37,0.3856025883431168,0.175,3.14870285987854,3.728626251220703,4.292172908782959,0.25,1.4138133525848389,2.0400824546813965,2.6993672847747803,0.0808894140127443,0.7604166666666667,4.436395406723023
515,10,50,,3,0.2,0.0089580823909294,0.122,1.39,0.2353880125429288,0.0,3.459717273712158,4.026230812072754,4.452323913574219,0.2857142857142857,1.0320837497711182,1.5105094909667969,2.0540246963500977,-0.3303543793480972,0.1666666666666666,4.594168663024902
546,10,50,,4,0.01,-35.825477386408664,0.121,1.41,0.4856589508254142,0.35,3.194435834884644,3.738372802734375,4.205921649932861,0.1666666666666666,1.2053706645965576,1.7973153591156006,2.451932907104492,-0.459169413785688,0.6197916666666666,4.347559809684753
577,10,50,,4,0.05,-4.587718319365236,0.115,1.48,0.7679029848730599,1.0,1.6032999753952026,2.0343358516693115,2.4997365474700928,0.1666666666666666,1.0397279262542725,1.4583523273468018,1.8399614095687864,0.0175685255276105,0.3020833333333333,4.258555293083191
608,10,50,,4,0.1,5.924945353387931,0.122,1.39,0.7852086061121626,0.85,2.4322006702423096,3.1692445278167725,3.8272273540496826,0.0,1.0397284030914309,1.407546043395996,1.8466720581054688,-0.0778656578581592,0.0677083333333333,4.331760406494141
639,10,50,,4,0.2,-57.772627160556176,0.12,1.42,0.5402317413975014,0.95,2.4347310066223145,3.0544064044952397,3.6210219860076895,0.1666666666666666,1.4726051092147827,1.927695870399475,2.319198608398437,-0.263653514552066,0.5125,4.341792106628418
670,10,50,,5,0.01,-44.4013504262728,0.131,1.3,0.8193545850425135,0.0,2.5278236865997314,3.3526673316955566,4.070432186126709,0.0,1.0214802026748655,1.818894624710083,2.6645636558532715,0.5663170760783377,0.7578125,4.356087923049927
701,10,50,,5,0.05,-12.478273660639108,0.126,1.35,0.8928560541820932,0.2625,1.744235277175903,2.2615346908569336,2.8709347248077397,0.2857142857142857,1.1199171543121338,1.3732926845550537,1.558045744895935,0.3252315105006992,0.5,4.354621052742004
732,10,50,,5,0.1,-36.76476047112881,0.122,1.39,0.3730867946537389,0.85,2.254859209060669,2.773686408996582,3.351804733276367,0.0,1.0320837497711182,1.352217674255371,1.69164776802063,-0.0139979660193747,0.6979166666666666,4.506140828132629
763,10,50,,5,0.2,-28.47551290508757,0.128,1.32,0.7686216277676419,0.5625,2.8763113021850586,3.682685613632202,4.265748500823975,0.0,1.0397286415100098,1.589679479598999,2.176256895065308,-0.2829070206487999,0.25,4.401565194129944
794,10,50,,6,0.01,-38.89536340245233,0.136,1.25,0.7940140301990432,1.0,1.852218508720398,2.4622795581817627,3.109243392944336,0.0,0.6277527213096619,0.974894881248474,1.489726424217224,0.24386573479322,0.5546875,4.672246932983398
840,10,50,,6,0.1,-39.57480106909405,0.119,1.43,0.5395982681676188,1.0,2.012202024459839,2.679551839828491,3.358372926712036,0.0,0.627751350402832,0.9024374485015868,1.1948668956756592,0.4794921369789343,0.3046875,4.610262870788574
871,10,50,,6,0.2,0.935435246704639,0.124,1.37,0.8414722808942157,1.0,2.553319215774536,3.2246015071868896,3.813877582550049,0.1538461538461538,1.5127623081207275,1.998399019241333,2.5559773445129395,-0.2288488531153594,0.465625,4.680546998977661
780,10,1600,,6,0.01,-45.54654777327077,0.979,5.45,-0.4034081296269477,1.0,5.142678737640381,6.2334303855896,6.948747158050537,0.5348837209302325,3.553485155105591,5.344475746154785,6.477424144744873,0.3155668958041532,0.003125,6.349299192428589
842,10,1600,,6,0.1,-70.57962561965199,0.977,5.46,-0.4367922458065534,1.0,5.2090678215026855,6.272221565246582,6.963658332824707,0.6,3.5374972820281982,5.367276668548584,6.585778713226318,0.2187520581990333,0.86875,6.3635547161102295
780,40,400,,6,0.01,-45.54654777327077,0.981,5.45,-0.1549332054775682,1.0,5.133499622344971,6.2345733642578125,6.958259582519531,0.6818181818181818,3.630518674850464,5.4160895347595215,6.593471050262451,0.3080265414861718,0.834375,6.322928309440613
842,40,400,,6,0.1,-70.57962561965199,0.98,5.46,-1.1388117770690336,1.0,5.200186729431152,6.261165142059326,6.959388732910156,0.3478260869565217,3.506725788116455,5.212556838989258,6.503261089324951,0.2078831600855463,0.19375,6.354205250740051
517,40,1600,,3,0.2,-2.043394187053898,1.0,21.35,-0.077709943275872,0.2375,5.625602722167969,6.558760166168213,7.191868782043457,0.3508771929824561,3.559553861618042,4.803715229034424,5.902230739593506,0.0549196239934968,0.434375,6.288974404335022
579,40,1600,,4,0.05,-12.708320135998806,1.0,21.35,-0.2684528546228094,0.4875,5.63572883605957,6.651817321777344,7.295749664306641,0.4821428571428571,3.624598741531372,5.1352858543396,6.380147457122803,0.0449741705696077,0.775,6.414662718772888
781,10,1600,,6,0.01,2.310630032127137,0.974,5.48,-0.2856403973486868,0.8375,5.006718158721924,6.243804931640625,7.064237117767334,0.5454545454545454,3.2020821571350098,5.071229457855225,6.512088775634766,0.1513322960271202,0.025,6.373988270759583
843,10,1600,,6,0.1,-67.23454284811166,0.977,5.46,-0.7381306673836462,1.0,5.206441402435303,6.365211009979248,7.077611446380615,0.6153846153846154,3.0385613441467285,5.129281520843506,6.599579811096191,0.3247199723374246,0.28125,6.490262508392334
422,10,400,,3,0.01,-10.734204673555151,0.527,2.53,-0.089331669204335,0.475,4.756740093231201,5.749750137329102,6.4595255851745605,0.0909090909090909,1.851047396659851,2.535933494567871,3.314902067184448,-0.0022271915996789,0.5052083333333333,5.94518768787384
453,10,400,,3,0.05,16.800746756883633,0.588,2.27,0.2639090000377955,0.1,4.927951812744141,5.763358116149902,6.320959091186523,0.0,1.2655397653579712,1.9488301277160645,2.664968967437744,0.3953418174390427,0.0989583333333333,5.807830810546875
484,10,400,,3,0.1,-9.95300009216142,0.589,2.27,0.1313772538029667,0.2875,5.155906677246094,6.026041507720947,6.548133850097656,0.3333333333333333,1.2645246982574463,1.8390244245529173,2.716505765914917,-0.3918067239593102,0.2395833333333333,5.535145044326782
515,10,400,,3,0.2,0.0089580823909294,0.609,2.2,0.1380561200251416,0.15,4.660175800323486,5.614249229431152,6.327881336212158,0.0,1.427922010421753,2.249751567840576,3.1843504905700684,-0.205751998666325,0.328125,5.8508380651474
546,10,400,,4,0.01,-35.825477386408664,0.614,2.18,-0.1533622706081872,0.1125,5.133501529693604,6.016753673553467,6.570655822753906,0.1428571428571428,1.2297449111938477,2.044919729232788,3.118515491485596,-0.6801048917580979,0.1041666666666666,5.732945919036865
577,10,400,,4,0.05,-4.587718319365236,0.609,2.2,0.2124940011459901,0.0,4.712893962860107,5.719769477844238,6.491891384124756,0.0476190476190476,2.2577598094940186,2.839975595474243,3.471209049224853,-0.0410048546582761,0.0,5.989926815032959
608,10,400,,4,0.1,5.924945353387931,0.613,2.18,-0.0690682068484695,0.1,4.884193420410156,5.774422645568848,6.503227233886719,0.36,2.362175464630127,3.625138521194458,4.873181343078613,-0.1301696359634636,0.821875,5.981027364730835
639,10,400,,4,0.2,-57.772627160556176,0.634,2.11,-0.2432591938701308,1.0,4.883782863616943,5.852649211883545,6.573525428771973,0.3684210526315789,2.8042197227478027,3.953956127166748,4.86848783493042,-0.0803469007481754,0.8229166666666666,5.654247760772705
670,10,400,,5,0.01,-44.4013504262728,0.623,2.15,0.0257962877096666,0.875,4.720746994018555,5.800680637359619,6.552894592285156,0.375,2.3463616371154785,3.447200059890747,4.630937099456787,-0.1117612150243623,0.746875,5.996452212333679
701,10,400,,5,0.05,-12.478273660639108,0.607,2.2,0.6905646663995902,0.05,4.57147741317749,5.695847511291504,6.4905219078063965,0.32,2.2759017944335938,3.418013095855713,4.683287143707275,0.0903504325731535,0.359375,5.889094233512878
732,10,400,,5,0.1,-36.76476047112881,0.629,2.13,0.0207114972568095,1.0,4.883737087249756,5.9457106590271,6.672119140625,0.25,2.194823265075684,3.510215759277344,4.88911771774292,-0.0115137952800462,0.6510416666666666,5.831647276878357
763,10,400,,5,0.2,-28.47551290508757,0.601,2.22,-0.1143812505660382,0.875,4.468662261962891,5.620131492614746,6.4153900146484375,0.2727272727272727,2.122785806655884,3.4793334007263184,4.995285034179688,-0.1022394454798164,0.0,5.923993229866028
794,10,400,,6,0.01,-38.89536340245233,0.635,2.1,-0.6981154518503453,1.0,4.46570348739624,5.553147792816162,6.324150085449219,0.5172413793103449,2.6804616451263428,3.949253082275391,5.097010135650635,0.0301270954606858,0.209375,5.969425678253174
840,10,400,,6,0.1,-39.57480106909405,0.66,2.03,-0.3610955149056728,1.0,4.327943325042725,5.548966407775879,6.417517185211182,0.2857142857142857,2.0137808322906494,3.1217050552368164,4.40023136138916,-0.299416621310282,0.41796875,6.061522126197815
871,10,400,,6,0.2,0.935435246704639,0.662,2.02,0.7131777137688666,1.0,4.064746856689453,5.136480808258057,5.978568077087402,0.0,1.375529170036316,2.35360050201416,3.7584598064422607,-0.191768084603958,0.0052083333333333,6.01939070224762
704,40,400,,5,0.05,-31.099208931298197,0.972,5.5,-0.4026511980323274,1.0,5.562119960784912,6.567330360412598,7.169270515441895,0.75,3.1031806468963623,4.976311206817627,6.380269527435303,0.159458736614067,0.584375,6.41037654876709
781,40,400,,6,0.01,2.310630032127137,0.976,5.48,-0.1523056360342502,0.9625,5.011956214904785,6.245747089385986,7.066511631011963,0.7560975609756098,3.576509952545166,5.407464027404785,6.64915943145752,0.1473742133976024,0.98125,6.346064209938049
843,40,400,,6,0.1,-67.23454284811166,0.973,5.5,-0.490336089531288,1.0,5.21881628036499,6.369138717651367,7.073034763336182,0.6170212765957447,3.473008394241333,5.229308128356934,6.527548313140869,0.2309787153167479,0.64375,6.400107026100159
518,40,1600,,3,0.2,6.008144855297212,1.0,21.35,0.0718272665293399,0.1375,5.611624717712402,6.430629730224609,7.066346645355225,0.320754716981132,3.523693799972534,4.816142559051514,5.885678768157959,0.0734986921585128,0.15,6.261335849761963
580,40,1600,,4,0.05,1.430710029764047,1.0,21.35,-0.2934561946605689,0.05,5.557218551635742,6.560171604156494,7.184338569641113,0.7678571428571429,3.833996534347534,5.345853328704834,6.457640171051025,0.1314337771364952,1.0,6.383273005485535
720,10,1600,,5,0.1,9.58742063848517,0.975,5.47,0.3713671096886906,0.0,5.2353386878967285,6.216515064239502,6.845255374908447,0.3684210526315789,3.274787664413452,4.947261333465576,6.170065879821777,0.1734880531599171,0.0,6.220188617706299
782,10,1600,,6,0.01,-86.42381835431243,0.985,5.42,-0.6878313567626353,1.0,5.312334537506104,6.345919132232666,6.983603000640869,0.5897435897435898,3.43560791015625,5.333863735198975,6.627110481262207,0.2231155662959499,0.29375,6.49242377281189
844,10,1600,,6,0.1,-51.41557026855955,0.968,5.51,-0.2681334759374214,1.0,5.28731632232666,6.322721004486084,6.991842746734619,0.5581395348837209,3.466392993927002,5.34269905090332,6.592761993408203,0.2914034051158253,0.459375,6.409451603889465
782,40,400,,6,0.01,-86.42381835431243,0.971,5.5,-0.2309855213193569,0.925,5.2660346031188965,6.316279888153076,6.969132900238037,0.7027027027027027,3.4765288829803467,5.400838851928711,6.613776683807373,0.2911510976235498,0.528125,6.331819295883179
844,40,400,,6,0.1,-51.41557026855955,0.972,5.5,-0.2232689493285253,1.0,5.3030524253845215,6.337928295135498,7.001204013824463,0.631578947368421,3.1806015968322754,5.160079002380371,6.6415324211120605,0.2153629975470102,1.0,6.371087193489075
581,40,1600,,4,0.05,-27.984450651921836,1.0,21.35,-0.4755621519901311,0.525,5.592711925506592,6.617928981781006,7.273757934570312,0.5263157894736842,3.71271562576294,5.190623760223389,6.383131980895996,0.0973335055193336,0.7437499999999999,6.409281253814697
643,40,1600,,4,0.2,6.224275918490596,1.0,21.35,0.0635084770362574,0.025,5.468237400054932,6.2937331199646,6.845285892486572,0.2413793103448276,3.68716049194336,5.0430426597595215,6.130843639373779,0.2974884331252094,0.0,6.343549847602844
720,40,1600,,5,0.1,9.58742063848517,1.0,21.35,0.463245772833516,0.0,5.268678188323975,6.256180286407471,6.885720729827881,0.5538461538461539,3.8770599365234375,5.42049503326416,6.4566802978515625,0.251268094770671,0.2906249999999999,6.32746422290802
422,10,1600,,3,0.01,-10.734204673555151,0.931,5.73,-0.083199601287585,0.1625,5.585046768188477,6.51219654083252,7.172637939453125,0.4,2.0442261695861816,3.294073820114136,4.550161361694336,-0.105007086733764,0.5520833333333333,6.396096110343933
453,10,1600,,3,0.05,16.800746756883633,0.938,5.69,0.1042660672530949,0.05,5.410538673400879,6.2484941482543945,6.8873491287231445,0.0930232558139534,3.1456048488616943,4.137330055236816,5.032538414001465,0.0076366621720554,0.0281249999999999,5.876180171966553
484,10,1600,,3,0.1,-9.95300009216142,0.949,5.62,0.1486266161109802,0.725,5.70706844329834,6.651505947113037,7.293179512023926,0.4054054054054054,3.1334214210510254,4.451001167297363,5.558060646057129,0.0736309565361765,0.978125,6.275641798973084
515,10,1600,,3,0.2,0.0089580823909294,0.96,5.56,-0.056539991047277,0.1875,5.422433376312256,6.320641994476318,6.993999004364014,0.3714285714285714,3.2176730632781982,4.485111713409424,5.485693454742432,0.1132489445868979,0.85,6.21312403678894
546,10,1600,,4,0.01,-35.825477386408664,0.975,5.47,-0.3800006647726264,0.2625,5.70907735824585,6.664425849914551,7.205873966217041,0.2083333333333333,2.600665330886841,4.138852596282959,5.625625133514404,-0.0402015269314285,0.359375,6.466546177864075
577,10,1600,,4,0.05,-4.587718319365236,0.965,5.53,0.1004865557385213,0.1,5.552341461181641,6.623849391937256,7.278454780578613,0.3541666666666667,3.3879494667053223,4.626607418060303,5.768259525299072,0.0579985877487288,0.25625,6.330844521522522
608,10,1600,,4,0.1,5.924945353387931,0.97,5.5,-0.1223593739049517,0.0625,5.329668998718262,6.346584320068359,7.121251106262207,0.3846153846153846,2.880643129348755,4.482755184173584,5.8700714111328125,0.0801362702631493,0.0,6.345548510551453
639,10,1600,,4,0.2,-57.772627160556176,0.969,5.51,-0.2247275452817545,1.0,5.451498508453369,6.431565761566162,7.1298699378967285,0.2058823529411764,2.9377760887146,4.381808757781982,5.747198581695557,0.2305441506110336,0.196875,6.278220891952515
670,10,1600,,5,0.01,-44.4013504262728,0.976,5.47,-0.2284772687493045,0.525,5.413677215576172,6.4997172355651855,7.140561580657959,0.3333333333333333,3.0706732273101807,4.758603572845459,6.287219524383545,0.1021524519370425,0.0968749999999999,6.49533224105835
701,10,1600,,5,0.05,-12.478273660639108,0.978,5.45,0.18066800307308,0.05,5.390254497528076,6.519027233123779,7.166579723358154,0.6,3.409573793411255,5.080400943756104,6.393214702606201,0.1558785944619893,0.0125,6.351806998252869
732,10,1600,,5,0.1,-36.76476047112881,0.976,5.47,-0.3506267577002,1.0,5.505385875701904,6.570561408996582,7.210031986236572,0.7674418604651163,3.562095642089844,5.331031322479248,6.572531223297119,0.1592176846962765,0.9625,6.351402878761292
794,10,1600,,6,0.01,-38.89536340245233,0.982,5.44,-0.0655992968592479,1.0,5.177836894989014,6.246737480163574,6.919286251068115,0.5918367346938775,3.665980100631714,5.41749382019043,6.575155735015869,0.3537827069518692,0.4874999999999999,6.495280146598816
871,10,1600,,6,0.2,0.935435246704639,0.977,5.46,-0.2061480412488666,1.0,4.727989196777344,5.897216796875,6.72569751739502,0.2142857142857142,3.517807006835937,5.306882381439209,6.540259838104248,0.3329389960341611,0.6625,6.282166242599487
783,10,1600,,6,0.01,-42.99969305482514,0.975,5.47,-0.3354846125370925,1.0,5.191722393035889,6.351985454559326,7.096624851226807,0.625,3.566992998123169,5.363079071044922,6.589534759521484,0.2004917376346904,0.8218750000000001,6.305634140968323
845,10,1600,,6,0.1,-16.385632508942592,0.978,5.46,-0.6225472011031462,1.0,4.965610504150391,6.17486572265625,7.033313751220703,0.5581395348837209,3.419233798980713,5.149296760559082,6.550628662109375,0.2021645655198056,0.0406249999999999,6.436694979667664
721,40,400,,5,0.1,55.01886922438137,0.974,5.49,-0.2807095793779002,0.0,5.269221782684326,6.108194828033447,6.681290626525879,0.2954545454545454,3.572896242141724,5.0359296798706055,6.025007247924805,0.2519906921804641,0.0,6.129434585571289
783,40,400,,6,0.01,-42.99969305482514,0.972,5.5,-0.376192623671458,1.0,5.169199466705322,6.337277889251709,7.089482307434082,0.4772727272727273,3.4694182872772217,5.3427605628967285,6.727424621582031,0.1679062305866119,0.24375,6.383420348167419
845,40,400,,6,0.1,-16.385632508942592,0.978,5.47,0.2435984364259301,1.0,4.979909896850586,6.185970783233643,7.037484169006348,0.5217391304347826,3.618595838546753,5.3135199546813965,6.593191623687744,0.2118714601194254,0.859375,6.386040568351746
520,40,1600,,3,0.2,2.0196605728685517,1.0,21.35,-0.4233097032069433,0.0875,5.642117977142334,6.420084476470947,7.003381252288818,0.5614035087719298,3.7030670642852783,5.105276584625244,6.089612483978272,0.1340259074271015,0.7281249999999999,6.188378214836121
582,40,1600,,4,0.05,-20.161306901824567,1.0,21.35,-0.1486792423163797,0.25,5.74127721786499,6.686742305755615,7.256974697113037,0.6666666666666666,3.6790733337402335,5.209305763244629,6.419633388519287,0.0632982209000967,1.0,6.405002951622009
722,10,1600,,5,0.1,-51.81568753840308,0.969,5.51,-0.1952471568387292,1.0,5.270949840545654,6.35520076751709,7.08840274810791,0.4,3.4549248218536377,5.003103733062744,6.2699360847473145,0.1793436394686047,0.65625,6.183807849884033
784,10,1600,,6,0.01,-71.27016179316198,0.967,5.52,-0.7932267309488534,1.0,5.241211891174316,6.384256839752197,7.087089538574219,0.6666666666666666,3.516132354736328,5.375308036804199,6.66823148727417,0.2797823162225952,1.0,6.270112276077271
846,10,1600,,6,0.1,68.02202730824673,0.97,5.5,0.3364844574818134,0.025,4.9301066398620605,5.974157810211182,6.631613254547119,0.4722222222222222,3.447136640548706,5.206682205200195,6.359302520751953,0.3209238771252027,0.0,6.228677988052368
784,40,400,,6,0.01,-71.27016179316198,0.974,5.49,-0.3407068722555766,1.0,5.257535457611084,6.392887115478516,7.0919952392578125,0.5897435897435898,3.4256417751312256,5.353342056274414,6.677103519439697,0.1100735787969791,0.8875,6.361157298088074
846,40,400,,6,0.1,68.02202730824673,0.978,5.47,0.503402605198122,0.025,4.933550357818604,5.979062080383301,6.637182712554932,0.4680851063829787,3.5791261196136475,5.136526584625244,6.227356433868408,0.2407436332418638,0.1375,6.162314057350159
583,40,1600,,4,0.05,28.472607937392368,1.0,21.35,0.1302894537580969,0.0,5.646512508392334,6.556805610656738,7.08279275894165,0.3833333333333333,3.6408519744873047,5.002761363983154,6.204325675964356,0.1524956406641001,0.0,6.30365514755249
660,40,1600,,5,0.01,1.9053751696081136,1.0,21.35,0.0117104532051672,0.2125,5.363983154296875,6.422834873199463,7.0731706619262695,0.5555555555555556,3.915441274642944,5.518946170806885,6.631811618804932,0.12292677540859,0.0375,6.54539155960083
722,40,1600,,5,0.1,-51.81568753840308,1.0,21.35,-0.2100568424677807,1.0,5.318862915039063,6.401776313781738,7.127496242523193,0.8103448275862069,4.02875280380249,5.8313307762146,6.917304515838623,0.2080751355784495,0.45,6.5483808517456055
422,40,50,,3,0.01,-10.734204673555151,0.368,1.85,0.1075498321597415,0.1625,4.374402523040772,5.03231954574585,5.660872936248779,0.1111111111111111,1.243146300315857,1.954060435295105,2.803896427154541,-0.0159624815919587,0.7447916666666666,5.590571403503418
453,40,50,,3,0.05,16.800746756883633,0.398,1.71,0.3928660208112836,0.0375,4.309343338012695,5.193472385406494,5.893784999847412,0.3333333333333333,0.5435588955879211,0.8735808730125427,1.4672671556472778,-0.0384736203196909,0.375,5.566410779953003
484,40,50,,3,0.1,-9.95300009216142,0.385,1.77,-0.1756992551989458,0.5875,4.516088008880615,5.346890449523926,6.043807506561279,0.0769230769230769,2.136598825454712,2.944240093231201,3.7472176551818848,-0.1981774959049917,0.5885416666666666,5.757154583930969
515,40,50,,3,0.2,0.0089580823909294,0.4,1.7,0.1933586154326953,0.2875,4.4880051612854,5.27178430557251,5.890200138092041,0.1,1.5664480924606323,2.253211498260498,2.916957378387451,-0.2007579792524354,0.94140625,5.412045836448669
546,40,50,,4,0.01,-35.825477386408664,0.415,1.64,0.1524477473726014,0.8875,4.50686502456665,5.517159461975098,6.223150730133057,0.0833333333333333,1.9420247077941892,2.5082430839538574,3.0705437660217285,0.3123003962626762,0.5989583333333333,5.549477934837341
577,40,50,,4,0.05,-4.587718319365236,0.403,1.69,0.0274135051621093,0.4125,3.781713485717773,4.852325439453125,5.758413314819336,0.2,0.9775429368019104,1.2557306289672852,1.6122405529022217,-0.7978772889804453,0.328125,5.62862503528595
608,40,50,,4,0.1,5.924945353387931,0.387,1.76,0.1684973678985382,0.3,4.213326930999756,5.145216941833496,5.945537090301514,0.25,1.128990650177002,1.8125463724136357,2.6405811309814453,-0.3739676128891228,0.0234375,5.5266313552856445
639,40,50,,4,0.2,-57.772627160556176,0.418,1.63,0.274770823342451,1.0,4.033352375030518,5.050608158111572,5.818573951721191,0.25,0.8876912593841553,1.439778447151184,2.3031294345855717,-0.7628558479088762,0.578125,5.545643210411072
670,40,50,,5,0.01,-44.4013504262728,0.411,1.65,0.1168859002543097,1.0,4.510392189025879,5.496856689453125,6.126184940338135,0.125,1.4582359790802002,2.2888641357421875,3.3483214378356934,-0.5578790264024387,0.7083333333333334,5.526998639106751
701,40,50,,5,0.05,-12.478273660639108,0.419,1.62,0.4042599635180993,0.0,3.8934438228607178,4.927613258361816,5.741156101226807,0.2307692307692307,1.6276826858520508,2.269105195999145,3.0535311698913574,-0.2139654583050131,0.05078125,5.542866468429565
732,40,50,,5,0.1,-36.76476047112881,0.412,1.65,-0.1279610261446834,1.0,4.472214698791504,5.429874420166016,6.091568946838379,0.1666666666666666,1.4726197719573977,2.180014610290528,3.0990710258483887,-0.5416915080033864,0.85625,5.58303427696228
763,40,50,,5,0.2,-28.47551290508757,0.424,1.6,-0.3332200908152463,1.0,4.005886077880859,5.089565753936768,5.854044437408447,0.1111111111111111,1.6782978773117063,2.5350074768066406,3.4906396865844727,-0.4538961977225185,0.5260416666666666,5.677811861038208
794,40,50,,6,0.01,-38.89536340245233,0.422,1.61,-0.2265411076778423,1.0,3.9939827919006343,4.983409404754639,5.763908386230469,0.2,1.8660786151885984,2.7879319190979004,3.8565497398376474,-0.3626376249482992,0.93359375,5.64378035068512
840,40,50,,6,0.1,-39.57480106909405,0.421,1.62,-0.196047696592675,1.0,3.4941442012786865,4.549159526824951,5.501385688781738,0.16,2.230795383453369,3.1235430240631104,4.056281566619873,0.0397463034927006,0.6625,5.737069129943848
871,40,50,,6,0.2,0.935435246704639,0.416,1.64,0.2517435664817074,0.975,3.519718885421753,4.558043003082275,5.380495548248291,0.1111111111111111,1.6205843687057495,2.4595656394958496,3.4461894035339355,-0.0777444727251976,0.3697916666666666,5.669600605964661
785,10,1600,,6,0.01,-25.903753117337263,0.981,5.44,-1.167415139890605,1.0,5.2041215896606445,6.232215404510498,6.914039134979248,0.5348837209302325,3.502453565597534,5.3600945472717285,6.596714973449707,0.2223340970512661,0.15,6.343441605567932
847,10,1600,,6,0.1,-52.04537163029244,0.968,5.51,-0.9427911812246804,0.9125,4.991820812225342,6.054606914520264,6.806297302246094,0.68,3.809999227523804,5.510519504547119,6.564689636230469,0.2900774322746657,0.2,6.399002313613892
723,40,400,,5,0.1,-39.1042194433172,0.973,5.5,-0.1663410302856616,1.0,5.427806377410889,6.586812496185303,7.286595821380615,0.5757575757575758,3.1888465881347656,5.096063137054443,6.552104473114014,0.1342206680189352,0.9375,6.365817666053772
785,40,400,,6,0.01,-25.903753117337263,0.981,5.45,-0.4905224853650298,1.0,5.207276821136475,6.23810625076294,6.917918682098389,0.5517241379310345,3.060452699661255,4.865065574645996,6.305812358856201,0.2023166677759761,0.0,6.392619967460632
847,40,400,,6,0.1,-52.04537163029244,0.976,5.48,-0.4090615227383347,1.0,5.04115629196167,6.096469879150391,6.82843542098999,0.6764705882352942,3.363384246826172,5.209872722625732,6.482827186584473,0.3125998437639665,0.04375,6.473434448242188
522,40,1600,,3,0.2,-18.867196080469053,1.0,21.35,-0.1123539705703147,0.0,5.714102745056152,6.411712646484375,6.8886542320251465,0.3529411764705882,3.7464382648468018,4.953631401062012,5.918091773986816,0.069732067610272,0.0,6.150688052177429
584,40,1600,,4,0.05,-18.85016105524571,1.0,21.35,0.0722872188032212,0.3875,5.566694259643555,6.615020751953125,7.332009792327881,0.3333333333333333,3.7708892822265625,5.181647777557373,6.405703067779541,-0.0045569219096267,0.4937499999999999,6.387677431106567
724,10,1600,,5,0.1,-53.95304602005903,0.975,5.47,0.0213702005900708,0.25,5.4078545570373535,6.424853801727295,7.036679267883301,0.6451612903225806,3.072519063949585,4.915143013000488,6.189537525177002,0.068964957694416,0.003125,6.29170823097229
786,10,1600,,6,0.01,19.57578791881146,0.976,5.47,0.1140207321863399,0.1625,5.203340530395508,6.228523254394531,6.864724636077881,0.4074074074074074,3.6067054271698,5.282588958740234,6.390911102294922,0.2679335102551658,0.1999999999999999,6.276358485221863
848,10,1600,,6,0.1,-25.63865350280647,0.982,5.43,-0.5829734614756046,1.0,5.04051685333252,6.1509222984313965,6.938607215881348,0.4571428571428571,3.307744264602661,5.037059783935547,6.399068832397461,0.2065680664520801,0.178125,6.393015265464783
422,40,400,,3,0.01,-10.734204673555151,0.948,5.64,-0.0634507990018555,0.1625,5.664592266082764,6.594196319580078,7.210933208465576,0.125,2.700652599334717,3.937158346176148,4.95255184173584,0.0071537217149806,0.8802083333333334,6.355055332183838
453,40,400,,3,0.05,16.800746756883633,0.944,5.66,0.1474453928746448,0.0625,5.404728889465332,6.265261173248291,6.9104180335998535,0.1379310344827586,2.705881834030152,3.9089722633361816,4.942140102386475,-0.057929537046721,0.009375,6.124096870422363
484,40,400,,3,0.1,-9.95300009216142,0.957,5.59,-0.0481875463953921,0.725,5.644356727600098,6.6232194900512695,7.299989223480225,0.4210526315789473,2.345853328704834,3.64216423034668,4.939254760742188,-0.366498005712266,0.30859375,6.40710711479187
515,40,400,,3,0.2,0.0089580823909294,0.963,5.55,-0.0508450176953792,0.2125,5.399979114532471,6.321930885314941,7.011378765106201,0.1891891891891892,3.072535753250122,4.303333759307861,5.411351203918457,-0.002805615546705,0.890625,6.312167286872864
546,40,400,,4,0.01,-35.825477386408664,0.952,5.61,-0.0170982908922229,0.275,5.631760597229004,6.619616985321045,7.190022468566895,0.4090909090909091,3.3034608364105225,4.671948432922363,5.904123306274414,0.0460612277599542,0.8125,6.20639705657959
577,40,400,,4,0.05,-4.587718319365236,0.971,5.5,0.0009785407935408,0.1125,5.5582804679870605,6.630497932434082,7.288281440734863,0.2941176470588235,2.8891327381134038,4.22104549407959,5.608074188232422,-0.2785743563916856,0.765625,6.584499716758728
608,40,400,,4,0.1,5.924945353387931,0.961,5.57,-0.3048341967891079,0.05,5.348828315734863,6.360466003417969,7.119542598724365,0.4473684210526316,3.224499225616455,4.710414409637451,6.050522804260254,0.0074021195934005,1.0,6.350321173667908
639,40,400,,4,0.2,-57.772627160556176,0.978,5.47,-0.2601436029281818,1.0,5.484767436981201,6.465770244598389,7.153048992156982,0.3541666666666667,3.426278829574585,4.865314483642578,6.0830078125,0.0357573171540657,0.11875,6.231662631034851
670,40,400,,5,0.01,-44.4013504262728,0.976,5.48,-0.242100414821808,0.475,5.415364742279053,6.515317440032959,7.152743816375732,0.2903225806451613,2.859198093414306,4.638856410980225,6.225298404693604,0.0535539178173519,0.909375,6.3118650913238525
701,40,400,,5,0.05,-12.478273660639108,0.97,5.51,-0.1880101309396886,0.05,5.409171581268311,6.529792785644531,7.169411659240723,0.7608695652173914,3.528847932815552,5.325768947601318,6.567648410797119,0.2153457131501922,0.534375,6.390817642211914
732,40,400,,5,0.1,-36.76476047112881,0.973,5.5,-0.3975718902331937,1.0,5.502148628234863,6.566159248352051,7.200698852539063,0.5272727272727272,3.63437819480896,5.205688953399658,6.44479513168335,0.1786456956424868,0.1124999999999999,6.4130613803863525
794,40,400,,6,0.01,-38.89536340245233,0.982,5.45,-0.2995104755186448,1.0,5.189272403717041,6.255612373352051,6.9233598709106445,0.4545454545454545,3.4998581409454346,5.235036373138428,6.425489902496338,0.2997593492143444,0.5,6.42277193069458
871,40,400,,6,0.2,0.935435246704639,0.98,5.46,0.3820408617475693,1.0,4.734675884246826,5.900595188140869,6.726665019989014,0.3829787234042553,3.675341844558716,5.368324279785156,6.522174835205078,0.3026588862055163,0.0,6.2975462675094604
724,40,400,,5,0.1,-53.95304602005903,0.973,5.49,-0.3842068374176379,0.2625,5.431070327758789,6.440196514129639,7.0465989112854,0.4722222222222222,3.2988553047180176,4.983612537384033,6.237170219421387,0.2626944027346359,1.0,6.159240007400513
786,40,400,,6,0.01,19.57578791881146,0.966,5.53,0.1255843229266387,0.1625,5.186644077301025,6.2139506340026855,6.852362155914307,0.5405405405405406,3.414782762527466,5.2144317626953125,6.430802345275879,0.2612487013819581,0.15,6.330170631408691
848,40,400,,6,0.1,-25.63865350280647,0.982,5.45,-0.2567428892075489,1.0,5.045779705047607,6.150579929351807,6.9327545166015625,0.4181818181818181,3.7675163745880127,5.368129730224609,6.517337799072266,0.3030924617073407,0.56875,6.375779151916504
523,40,1600,,3,0.2,-9.60260942351796,1.0,21.35,0.0125086940713561,0.075,5.646154880523682,6.442698001861572,7.0470709800720215,0.4736842105263157,3.7180118560791016,4.975487232208252,5.925513744354248,-0.0035865287934249,0.896875,6.240007400512695
600,40,1600,,4,0.1,-26.415311732361605,1.0,21.35,-0.1824868451635824,0.525,5.705337047576904,6.655606269836426,7.247130870819092,0.5932203389830508,3.754002332687378,5.25494384765625,6.45410680770874,0.0616283778599772,1.0,6.515048146247864
725,10,1600,,5,0.1,-33.13785935137783,0.97,5.5,-0.4455341946390093,0.7125,5.42987060546875,6.419173717498779,7.081637859344482,0.4390243902439024,3.2496585845947266,4.8697686195373535,6.226390838623047,0.2233058620135567,0.834375,6.442037701606751
787,10,1600,,6,0.01,-45.17999519324027,0.978,5.46,-0.2853448305577982,1.0,5.030961036682129,6.312755584716797,7.101902961730957,0.7916666666666666,3.6095902919769287,5.464410305023193,6.800093173980713,0.279131106901091,0.2406249999999999,6.412368297576904
849,10,1600,,6,0.1,-69.16244751925056,0.961,5.55,-0.3095030922237745,1.0,5.175778865814209,6.163278102874756,6.827788829803467,0.6756756756756757,3.477238178253174,5.272696018218994,6.486654758453369,0.2537601805242471,0.00625,6.402018666267395
787,40,400,,6,0.01,-45.17999519324027,0.972,5.5,0.0840244084047514,1.0,5.014017105102539,6.296066284179688,7.090385437011719,0.6222222222222222,3.4779045581817627,5.277152061462402,6.585652828216553,0.137580006899613,0.990625,6.42931604385376
849,40,400,,6,0.1,-69.16244751925056,0.974,5.49,-0.0647161016508427,1.0,5.19934606552124,6.17542028427124,6.837136745452881,0.4146341463414634,3.3597991466522217,5.091498374938965,6.315654277801514,0.2363272501475851,0.084375,6.450181484222412
524,40,1600,,3,0.2,-10.794922538515332,1.0,21.35,0.1535849778277981,0.0,5.399881839752197,6.231214046478272,6.894044399261475,0.3333333333333333,3.4468636512756348,4.515725135803223,5.511468887329102,0.1163778381658725,0.24375,5.893574357032776
601,40,1600,,4,0.1,-25.490568830187783,1.0,21.35,-0.1404695168399607,0.5625,5.601331233978272,6.652264595031738,7.303781032562256,0.375,3.680126190185547,5.035438537597656,6.302785396575928,-0.0164872328960695,0.453125,6.354194402694702
422,40,1600,,3,0.01,-10.734204673555151,1.0,21.35,0.0257537353883434,0.2,5.719303607940674,6.628939151763916,7.254004001617432,0.2142857142857142,3.367706060409546,4.358291149139404,5.372588634490967,-0.038277887599725,0.3249999999999999,6.288285493850708
453,40,1600,,3,0.05,16.800746756883633,1.0,21.35,0.1757102733840681,0.05,5.491368770599365,6.333488464355469,6.970693111419678,0.2115384615384615,3.314373016357422,4.406655788421631,5.426723003387451,0.0147976235905045,0.9625,5.936057806015015
484,40,1600,,3,0.1,-9.95300009216142,1.0,21.35,-0.0757941118917779,0.725,5.742830753326416,6.699688911437988,7.353218078613281,0.3829787234042553,3.388100862503052,4.65657901763916,5.778934955596924,-0.040914684764255,0.4125,6.3938223123550415
546,40,1600,,4,0.01,-35.825477386408664,1.0,21.35,-0.2144697592090479,0.175,5.726444721221924,6.683019161224365,7.226919651031494,0.6415094339622641,3.562422275543213,5.072542190551758,6.337150573730469,0.1240837680098901,0.559375,6.540868401527405
608,40,1600,,4,0.1,5.924945353387931,1.0,21.35,-0.1616198393091995,0.0625,5.378129482269287,6.398980617523193,7.16669225692749,0.3076923076923077,3.796841859817505,5.077567100524902,6.228869438171387,0.0884162007257498,0.13125,6.242404222488403
670,40,1600,,5,0.01,-44.4013504262728,1.0,21.35,-0.4091290334178792,0.5375,5.445356369018555,6.53969669342041,7.176696300506592,0.4666666666666667,3.658126831054688,5.324432849884033,6.661632061004639,0.2359857894910055,0.5093749999999999,6.640963554382324
732,40,1600,,5,0.1,-36.76476047112881,1.0,21.35,-0.2278407930161043,1.0,5.543862342834473,6.606283664703369,7.237608432769775,0.6290322580645161,3.982234954833984,5.695796966552734,6.885601997375488,0.2287132060044981,0.46875,6.600283145904541
788,10,1600,,6,0.01,27.82760591019963,0.976,5.47,0.712583333641886,0.0125,5.088210582733154,6.15584135055542,6.802920818328857,0.5897435897435898,3.3175830841064453,5.160556316375732,6.406764507293701,0.2546589082724604,0.0,6.241155028343201
850,10,1600,,6,0.1,36.32813350240218,0.978,5.45,0.779405569918254,0.0,4.986788272857666,6.005558490753174,6.690173625946045,0.3272727272727272,3.699371337890625,5.2902703285217285,6.356950283050537,0.3522176900008738,0.0,6.239360213279724
726,40,400,,5,0.1,-27.36501286887357,0.974,5.49,-0.0515838297412214,1.0,5.257094860076904,6.308115005493164,6.995509624481201,0.4,2.920717477798462,4.654191493988037,6.157772064208984,0.1941087389136131,0.428125,6.295734763145447
788,40,400,,6,0.01,27.82760591019963,0.977,5.47,0.504250860950921,0.0125,5.092803955078125,6.160214900970459,6.810367107391357,0.5675675675675675,3.2211289405822754,5.106452941894531,6.386910438537598,0.2845658150403199,0.753125,6.214635372161865
850,40,400,,6,0.1,36.32813350240218,0.976,5.48,0.5562360051684481,0.0,4.995210647583008,6.009840965270996,6.689886569976807,0.4468085106382978,3.601390600204468,5.356269359588623,6.430534362792969,0.3319462752093259,0.0,6.186270475387573
540,40,1600,,4,0.01,0.8640063178340975,1.0,21.35,0.0455632644695365,0.275,5.510362148284912,6.5358428955078125,7.19216251373291,0.3389830508474576,3.556793689727783,4.988592624664307,6.250208377838135,0.0949765054197792,0.096875,6.337076425552368
602,40,1600,,4,0.1,29.480145418186098,1.0,21.35,-0.1971081157461006,0.0375,5.426826477050781,6.33898401260376,6.9765143394470215,0.5,3.751845598220825,5.206140041351318,6.261107921600342,0.1789919390193295,0.0125,6.346045732498169
727,10,1600,,5,0.1,-20.20522058544134,0.974,5.48,-0.2515038544745002,0.075,5.357499599456787,6.387537002563477,7.04964017868042,0.4615384615384615,3.319943189620972,5.017276763916016,6.230376720428467,0.0787654740764866,1.0,6.173275232315064
789,10,1600,,6,0.01,-43.329784414216405,0.976,5.47,-0.6469212518535644,1.0,5.251893520355225,6.465962886810303,7.172018527984619,0.3333333333333333,2.869208812713623,4.910963535308838,6.645717144012451,0.1979279930568666,0.7281249999999999,6.557236433029175
851,10,1600,,6,0.1,-9.528899156859143,0.978,5.46,-0.0464388125330243,0.0625,4.568049907684326,5.815743923187256,6.725863933563232,0.6590909090909091,3.512030124664306,5.309261322021484,6.541136264801025,0.1997948415931361,1.0,6.312552213668823
789,40,400,,6,0.01,-43.329784414216405,0.976,5.48,-0.907342069403872,1.0,5.238735198974609,6.4561052322387695,7.167418956756592,0.5833333333333334,3.3432929515838623,5.27382230758667,6.656457424163818,0.1783418942048728,0.8781249999999999,6.462137937545776
851,40,400,,6,0.1,-9.528899156859143,0.977,5.47,0.5297099512226302,0.025,4.5613932609558105,5.8091654777526855,6.722876071929932,0.4166666666666667,3.240075826644897,5.070504188537598,6.466921329498291,0.182911457675244,0.00625,6.441615343093872
541,40,1600,,4,0.01,-0.036623222623584,1.0,21.35,-0.0376738186494959,0.2,5.492332458496094,6.578196048736572,7.258872509002685,0.2068965517241379,3.387692213058472,4.647063255310059,5.950998783111572,0.0167580641524103,1.0,6.386061787605286
603,40,1600,,4,0.1,-9.190322083736802,1.0,21.35,-0.0059865129976553,0.075,5.681834697723389,6.593524932861328,7.153209209442139,0.5517241379310345,3.769903898239136,5.246686458587647,6.398160934448242,0.141100452177689,1.0,6.435062646865845
423,10,50,,3,0.01,-4.375614595954051,0.118,1.44,0.3190331953705853,0.3125,2.373534917831421,2.5422019958496094,2.78873348236084,0.0,1.3067364692687988,1.7226232290267944,2.11324405670166,0.6250977084732656,0.7604166666666667,4.425822496414185
454,10,50,,3,0.05,-4.99685320061184,0.109,1.56,0.7486317997473173,0.0,3.623462438583374,3.823710203170776,3.999542236328125,0.125,1.2694768905639648,1.8671197891235352,2.5391108989715576,0.5105951549570311,0.0,4.10457044839859
485,10,50,,3,0.1,-20.52226204708142,0.119,1.43,-0.1537654193436154,0.6125,3.0151257514953613,3.6817123889923096,4.348937034606934,0.0,1.0397281646728516,1.407545566558838,1.7667558193206787,-2.896218331827072e-08,0.3489583333333333,4.272328019142151
516,10,50,,3,0.2,-35.603562663735204,0.126,1.35,0.7265724528595823,0.0,3.211076498031616,3.843711853027344,4.390965938568115,0.0,1.0397284030914309,1.43894362449646,1.8424584865570068,0.3281516048366465,0.3489583333333333,4.340091228485107
547,10,50,,4,0.01,-29.76605096445724,0.121,1.4,0.517610288802038,0.1625,2.880754947662353,3.4668686389923096,4.024264335632324,0.0,1.0397284030914309,1.5731791257858276,2.211630344390869,-0.0785512063954533,0.265625,4.590327262878418
578,10,50,,4,0.05,-22.05882557409797,0.13,1.31,0.6895711111530902,0.7875,2.9743852615356445,3.621934652328491,4.2639923095703125,0.25,1.458221435546875,2.10327696800232,2.6965889930725098,-0.0044546552751701,0.8020833333333333,4.559810042381287
609,10,50,,4,0.1,-0.0842488264840803,0.124,1.37,0.7721894049209881,1.0,2.4521024227142334,3.200536727905273,4.02511739730835,0.125,1.053885817527771,1.3431271314620972,1.699691653251648,0.5694284696091142,0.9114583333333334,4.489864349365234
640,10,50,,4,0.2,32.54341939091398,0.13,1.31,0.3838898782185283,0.0,3.195127010345459,3.693631410598755,4.073733806610107,0.0,0.6277522444725037,0.9024391770362854,1.1948699951171875,0.4804687210323546,0.25,4.220803141593933
671,10,50,,5,0.01,-19.616145636909778,0.129,1.32,0.6238897074099969,1.0,2.326999425888061,3.0694737434387207,3.831127166748047,0.1666666666666666,1.1912131309509275,1.6756064891815186,2.09975004196167,-0.0713787256412827,0.5677083333333334,4.449639320373535
702,10,50,,5,0.05,-8.094765280509788,0.125,1.36,0.6654755709502537,1.0,2.424446582794189,3.109103918075561,3.818577289581299,0.0,0.9699960947036744,1.1236213445663452,1.3166401386260986,0.8458872099739374,0.6015625,4.443159461021423
733,10,50,,5,0.1,-36.53140813846787,0.139,1.22,0.5220569409873017,0.9125,2.2590267658233643,3.007282257080078,3.734417676925659,0.1428571428571428,1.032084584236145,1.3841149806976318,1.791791319847107,-0.0540535514291242,0.0104166666666666,4.683361053466797
764,10,50,,5,0.2,19.863413883002544,0.129,1.31,0.5041234298028853,0.0125,2.460657835006714,2.9542815685272217,3.316291093826294,0.0,1.2392851114273071,1.6764119863510132,2.151379108428955,0.4124392922655701,0.0,3.89644593000412
810,10,50,,6,0.05,-50.04826371600894,0.124,1.37,0.5989683077072689,1.0,2.059223890304565,2.768857717514038,3.4783623218536377,0.0,1.0397284030914309,1.407546043395996,1.813028335571289,-0.0108507320592009,0.4479166666666666,4.493450880050659
841,10,50,,6,0.1,-28.27057085781108,0.119,1.43,0.5163939977776164,0.1,1.946452021598816,2.594285726547241,3.23618483543396,0.2352941176470588,1.687175750732422,2.2399022579193115,2.768470764160156,0.1961393150290144,0.44375,4.455790519714356
872,10,50,,6,0.2,-31.49232593408417,0.134,1.27,0.7470593967529913,1.0,2.447328329086304,3.309906005859375,4.0730156898498535,0.2,1.585485816001892,2.2513883113861084,2.8722987174987797,0.2222844536563505,1.0,4.58115816116333
728,10,1600,,5,0.1,-86.78332400296945,0.976,5.47,-0.4565284673391756,1.0,5.538299083709717,6.438964366912842,7.026444435119629,0.7,3.4190239906311035,5.205201148986816,6.426616191864014,0.2121798585715033,0.784375,6.418700337409973
790,10,1600,,6,0.01,-54.921670100446896,0.974,5.48,-0.3800264933397952,0.05,5.162947177886963,6.181060791015625,6.852832317352295,0.4444444444444444,3.0385563373565674,4.746478080749512,6.149117946624756,0.1557799184045959,0.0,6.349233508110046
852,10,1600,,6,0.1,-29.39241479183089,0.976,5.47,-0.2461628270330961,1.0,5.029275417327881,6.255591869354248,7.052219390869141,0.5,3.517157793045044,5.170422077178955,6.394717216491699,0.2457750961199906,0.575,6.147146105766296
728,40,400,,5,0.1,-86.78332400296945,0.972,5.5,-0.0547642881848242,0.7125,5.5728759765625,6.459044933319092,7.029800415039063,0.5428571428571428,3.213586807250977,4.983280181884766,6.2757887840271,0.2722498882383181,0.840625,6.345166921615601
790,40,400,,6,0.01,-54.921670100446896,0.978,5.47,-0.3000025467803546,0.1125,5.196876049041748,6.20088529586792,6.860314846038818,0.2894736842105263,3.0933899879455566,4.720704555511475,6.178382396697998,0.2785362654056642,0.0,6.426378130912781
852,40,400,,6,0.1,-29.39241479183089,0.975,5.49,-0.4586242974204109,1.0,5.000283718109131,6.238933086395264,7.050384521484375,0.4634146341463415,3.443489551544189,5.136382579803467,6.444377422332764,0.2527587866371773,0.8375,6.1690434217453
542,40,1600,,4,0.01,22.442617233270976,1.0,21.35,0.1279478083162034,0.0,5.320682048797607,6.341091156005859,7.042569160461426,0.2394366197183098,3.7531020641326895,4.947498321533203,6.063468933105469,0.0841460577949563,0.0,6.250784516334534
604,40,1600,,4,0.1,-3.1032668576189137,1.0,21.35,0.0571698397926755,0.1375,5.485727787017822,6.521100044250488,7.227831363677978,0.3387096774193548,3.692627668380737,4.9958271980285645,6.211846828460693,0.1028750157352971,1.0,6.395702481269836
729,10,1600,,5,0.1,12.657273566920678,0.975,5.48,0.4878449175847729,0.025,5.302781581878662,6.35264778137207,6.959853649139404,0.75,3.293905973434448,5.084170818328857,6.384692668914795,0.2150164391919188,0.025,6.287824749946594
791,10,1600,,6,0.01,13.844805645269425,0.971,5.5,-0.1554577270913514,0.0625,4.908938884735107,6.025086879730225,6.7123613357543945,0.5,2.998290061950684,4.881817817687988,6.21052360534668,0.3163573872854803,0.078125,6.399289608001709
853,10,1600,,6,0.1,-28.91830997833552,0.974,5.48,-0.4873801117365851,1.0,5.272486209869385,6.4400835037231445,7.181664943695068,0.5423728813559322,3.703985929489136,5.368009090423584,6.633912086486816,0.1940236977414688,0.646875,6.341088652610779
423,10,400,,3,0.01,-4.375614595954051,0.543,2.46,-0.0407120497753309,0.4,4.705714702606201,5.706797122955322,6.467892646789551,0.0,1.4958992004394531,2.357555866241455,3.485234260559082,-0.0588374144391471,0.9427083333333334,5.870216131210327
454,10,400,,3,0.05,-4.99685320061184,0.548,2.44,-0.1261744370539768,0.9625,5.057814121246338,5.942250728607178,6.647870063781738,0.28,2.346526622772217,3.3697822093963623,4.389522552490234,-0.1000449525033381,0.825,5.754292249679565
485,10,400,,3,0.1,-20.52226204708142,0.569,2.35,-0.1239686897478885,0.575,5.094844818115234,5.950296878814697,6.634060859680176,0.1428571428571428,2.3079984188079834,3.234725952148437,4.071366786956787,0.2558170591439435,0.859375,5.97880232334137
516,10,400,,3,0.2,-35.603562663735204,0.561,2.38,-0.0046103945069674,0.3,4.350749969482422,5.314990520477295,6.190368175506592,0.2307692307692307,1.83394718170166,2.563934326171875,3.2267746925354004,-0.0314791500481077,0.01953125,5.761106252670288
547,10,400,,4,0.01,-29.76605096445724,0.604,2.21,-0.0459866699309835,1.0,5.015183448791504,6.0309929847717285,6.716509342193604,0.0,1.6570299863815308,2.6700806617736816,3.5875558853149414,0.2156762357420911,0.6770833333333333,5.943406105041504
578,10,400,,4,0.05,-22.05882557409797,0.592,2.26,-0.1063383049213153,0.275,4.881865978240967,5.891575813293457,6.644618988037109,0.0833333333333333,1.9023313522338867,2.933192014694214,4.0297956466674805,-0.2544165504100428,0.0,5.8986958265304565
609,10,400,,4,0.1,-0.0842488264840803,0.623,2.15,0.0769012934193079,0.325,4.6175408363342285,5.61850118637085,6.48538064956665,0.1428571428571428,1.518079161643982,2.5277111530303955,3.694368362426758,0.1895553808238229,0.109375,5.804277896881104
640,10,400,,4,0.2,32.54341939091398,0.649,2.06,0.604666016492701,0.0125,4.686574459075928,5.553285121917725,6.1519775390625,0.4137931034482758,2.696262121200561,3.756249189376831,4.627768039703369,0.1678783684947883,0.0,5.763517260551453
671,10,400,,5,0.01,-19.616145636909778,0.621,2.15,-0.0964775945801243,0.95,4.6034255027771,5.637650966644287,6.421402931213379,0.0,1.670851707458496,2.566070318222046,3.7110915184021,-0.1477344748084897,0.328125,5.89164674282074
702,10,400,,5,0.05,-8.094765280509788,0.6,2.23,0.0408421429926765,0.8625,4.874236583709717,5.937691688537598,6.61245059967041,0.2916666666666667,2.5847957134246826,3.910370349884033,5.245673656463623,0.1391192610020126,0.959375,5.879135370254517
733,10,400,,5,0.1,-36.53140813846787,0.637,2.1,0.1057673391358468,0.825,4.598609447479248,5.698554039001465,6.414607524871826,0.0769230769230769,1.678394794464111,2.355492115020752,3.204981565475464,-0.3868559357150911,0.02734375,5.84097695350647
764,10,400,,5,0.2,19.863413883002544,0.637,2.1,0.4269066627600064,0.0,4.586345195770264,5.531249523162842,6.163072109222412,0.1111111111111111,1.3282281160354614,2.02335786819458,3.1562891006469727,-0.433282337328887,0.0,5.816357970237732
810,10,400,,6,0.05,-50.04826371600894,0.658,2.03,-0.4956599464113465,1.0,4.504612922668457,5.676171779632568,6.5196051597595215,0.0909090909090909,1.863969802856445,2.920108795166016,4.316097259521484,-0.0700723302417499,0.73046875,6.130357384681702
841,10,400,,6,0.1,-28.27057085781108,0.641,2.08,-0.2285664102525872,0.925,4.407069683074951,5.494161128997803,6.222419261932373,0.1,1.924664855003357,3.28564715385437,4.673813819885254,-0.0679984161350161,0.1927083333333333,6.064854621887207
872,10,400,,6,0.2,-31.49232593408417,0.641,2.09,-0.3433567106098739,1.0,4.509055614471436,5.635793209075928,6.397567272186279,0.3333333333333333,2.4774465560913086,3.815687894821167,5.090625286102295,0.1319193931968723,0.6499999999999999,6.047695636749268
729,40,400,,5,0.1,12.657273566920678,0.972,5.5,0.4448585719050341,0.025,5.307093143463135,6.3586249351501465,6.964601039886475,0.7777777777777778,3.308872699737549,5.066075325012207,6.349951267242432,0.1626799530209575,0.553125,6.330569744110107
791,40,400,,6,0.01,13.844805645269425,0.976,5.48,0.1746811974751698,0.1,4.930971622467041,6.0535969734191895,6.739209175109863,0.5365853658536586,3.437973737716675,5.246175765991211,6.45080041885376,0.3183044141466442,0.91875,6.231276512145996
853,40,400,,6,0.1,-28.91830997833552,0.984,5.43,-0.632099099571265,1.0,5.296159267425537,6.461665630340576,7.198076725006104,0.6666666666666666,3.517812490463257,5.460256099700928,6.816342353820801,0.2918111724111594,0.95,6.498453259468079
543,40,1600,,4,0.01,5.992532678039441,1.0,21.35,0.132473782589644,0.0125,5.443489074707031,6.440243721008301,7.055125713348389,0.5686274509803921,3.695712327957153,5.17524003982544,6.271404266357422,0.1202708571963641,0.078125,6.332930088043213
605,40,1600,,4,0.1,-15.198491523550626,1.0,21.35,-0.1075907578940061,0.3375,5.638833522796631,6.644083499908447,7.319982051849365,0.5081967213114754,3.772789716720581,5.203776836395264,6.407309055328369,0.0037059837187148,0.8875000000000001,6.281058073043823
420,10,1600,,3,0.01,1.2257813837761642,0.958,5.57,0.0427238245580764,0.025,5.532414436340332,6.39024829864502,7.028625011444092,0.1515151515151515,2.7984511852264404,3.7973029613494873,4.641066551208496,0.0287000088240352,0.034375,6.210393309593201
482,10,1600,,3,0.1,-3.557038532205605,0.954,5.59,0.0702852830086923,0.075,5.483109474182129,6.353019714355469,6.997355937957764,0.3214285714285714,2.7261784076690674,4.026447772979736,5.128915309906006,-0.0788778372275328,0.275,6.174458146095276
544,10,1600,,4,0.01,-16.875471101588957,0.969,5.51,-0.0089178064379678,0.35,5.523090839385986,6.587169170379639,7.245723724365234,0.2448979591836734,3.257127046585083,4.546536922454834,5.802134990692139,0.0722585710820621,0.66875,6.362799882888794
606,10,1600,,4,0.1,-27.860036231503933,0.964,5.54,0.015576395345605,0.675,5.659374237060547,6.696525573730469,7.323415279388428,0.6470588235294118,3.124427556991577,4.653286933898926,5.988750457763672,-0.0110082909247112,0.5843750000000001,6.290381193161011
668,10,1600,,5,0.01,-28.42240351450837,0.977,5.46,-0.2604395699048065,1.0,5.425624370574951,6.5460052490234375,7.226624965667725,0.65,3.2212722301483154,5.084513187408447,6.54369068145752,0.1095262336091558,0.2624999999999999,6.408279895782471
730,10,1600,,5,0.1,-67.17285898139227,0.964,5.54,-0.2267254634891223,0.5875,5.409729957580566,6.397163391113281,7.020118713378906,0.3695652173913043,3.4446518421173096,4.963459491729736,6.209344863891602,0.0926260343716204,0.028125,6.317028641700745
792,10,1600,,6,0.01,-38.33381100352402,0.977,5.46,-0.6068843145001834,1.0,5.214043617248535,6.324775218963623,7.066346168518066,0.7692307692307693,3.4661571979522705,5.331118106842041,6.673130035400391,0.1646774411986878,0.715625,6.413530588150024
854,10,1600,,6,0.1,-26.73210065400279,0.981,5.44,-0.8658160525799249,1.0,5.103959560394287,6.237559795379639,6.994563579559326,0.625,3.232560873031616,5.111555576324463,6.552318096160889,0.2248200545352108,0.3375,6.365564584732056
423,10,1600,,3,0.01,-4.375614595954051,0.923,5.78,-0.0921644047286427,0.175,5.50938606262207,6.3944244384765625,7.085080146789551,0.25,3.0032308101654053,3.9954545497894287,4.956126689910889,0.0193500548064276,0.984375,5.966270327568054
454,10,1600,,3,0.05,-4.99685320061184,0.957,5.57,-0.06491478915014,0.6875,5.592142581939697,6.546359539031982,7.260261058807373,0.2068965517241379,2.815476655960083,3.913757085800171,4.893861293792725,-0.0381395200832527,0.41875,6.187817454338074
485,10,1600,,3,0.1,-20.52226204708142,0.955,5.59,-0.2394412836312032,0.3875,5.753164768218994,6.632380962371826,7.243297576904297,0.2682926829268293,3.1163439750671387,4.338624477386475,5.303555965423584,-0.0902008646538987,0.096875,6.275940537452698
516,10,1600,,3,0.2,-35.603562663735204,0.961,5.55,-0.1174059263943477,0.0,5.648458003997803,6.425082683563232,7.01317834854126,0.1372549019607843,3.332626342773437,4.36859655380249,5.319488048553467,0.23270553950851,0.409375,6.217283010482788
547,10,1600,,4,0.01,-29.76605096445724,0.966,5.53,-0.2054067535991392,0.4375,5.677875518798828,6.693154811859131,7.301052093505859,0.3478260869565217,2.4544265270233154,3.921331167221069,5.5311455726623535,-0.2946465841289348,0.796875,6.44733726978302
578,10,1600,,4,0.05,-22.05882557409797,0.974,5.48,-0.0382428619000612,0.5125,5.6095476150512695,6.629404544830322,7.276466369628906,0.1428571428571428,2.0961573123931885,3.5793919563293457,5.203110694885254,0.0514856444315872,0.4609375,6.338196039199829
609,10,1600,,4,0.1,-0.0842488264840803,0.971,5.5,0.0834376566329187,0.25,5.491039276123047,6.544064998626709,7.268617153167725,0.2666666666666666,3.399121046066284,4.681246280670166,5.88532018661499,0.0060889881413258,1.0,6.260244607925415
640,10,1600,,4,0.2,32.54341939091398,0.965,5.53,-0.1171366362899593,0.0,5.210142135620117,6.113487720489502,6.740249633789063,0.2142857142857142,3.2540414333343506,4.644565105438232,5.675575733184815,0.2730940987493435,0.0,6.046269178390503
671,10,1600,,5,0.01,-19.616145636909778,0.972,5.49,-0.0075991606479849,1.0,5.351612567901611,6.478028774261475,7.183081150054932,0.5,3.1812455654144287,4.935562133789063,6.323182582855225,0.1488864880459101,1.0,6.447778701782227
702,10,1600,,5,0.05,-8.094765280509788,0.962,5.55,-0.2289418407552945,0.375,5.426770210266113,6.477189540863037,7.09425687789917,0.78125,3.306705474853516,5.134178638458252,6.409927368164063,0.2006220001372947,0.815625,6.277413606643677
733,10,1600,,5,0.1,-36.53140813846787,0.977,5.46,0.1246831954664626,1.0,5.475821018218994,6.530222415924072,7.1473565101623535,0.5526315789473685,3.2437045574188232,4.937859058380127,6.266085624694824,0.0768181817192777,0.65,6.454929709434509
810,10,1600,,6,0.05,-50.04826371600894,0.977,5.46,-0.705564245388492,1.0,5.18720006942749,6.374852657318115,7.111287593841553,0.6818181818181818,3.650432586669922,5.469765663146973,6.74536657333374,0.2843523716708176,0.25,6.412328243255615
872,10,1600,,6,0.2,-31.49232593408417,0.981,5.44,-0.771035807145721,1.0,5.103298187255859,6.227399349212647,6.957984924316406,0.6,3.4960899353027344,5.30328893661499,6.579076290130615,0.2480549547611317,0.3,6.340334892272949
423,40,50,,3,0.01,-4.375614595954051,0.378,1.8,0.0465815649962055,0.125,4.568815231323242,5.174221038818359,5.762617111206055,0.125,1.5207695960998535,2.1322712898254395,2.842097282409668,0.2198791820748261,0.140625,5.448769092559815
454,40,50,,3,0.05,-4.99685320061184,0.389,1.75,0.1620246729132225,0.225,4.394408702850342,5.207629203796387,5.927496433258057,0.0,2.002873420715332,2.722020149230957,3.203007221221924,0.5273332425833774,0.5520833333333334,5.455863237380981
485,40,50,,3,0.1,-20.52226204708142,0.407,1.67,0.0489328668103774,0.3625,4.55950403213501,5.335494518280029,5.934863090515137,0.375,1.5053186416625977,2.2297048568725586,2.830898761749268,-0.3512444095150985,0.0989583333333333,5.5475687980651855
516,40,50,,3,0.2,-35.603562663735204,0.391,1.74,-0.0686180375661446,0.125,4.658383369445801,5.367303371429443,5.922126293182373,0.1,1.4959750175476074,2.1713995933532715,2.991931438446045,-0.3126961153644059,0.6614583333333334,5.572357535362244
547,40,50,,4,0.01,-29.76605096445724,0.404,1.68,0.0431772579044239,0.9875,4.442615032196045,5.2757649421691895,5.893112659454346,0.0,1.2373809814453125,1.8219108581542969,2.5552589893341064,-0.3486639669876124,0.4791666666666666,5.446501851081848
578,40,50,,4,0.05,-22.05882557409797,0.39,1.74,0.2443060250186891,0.4375,4.674590587615967,5.460639476776123,5.99428129196167,0.0,0.765097975730896,1.2225680351257324,1.957688808441162,-0.0201421561420493,0.8958333333333334,5.468606114387512
609,40,50,,4,0.1,-0.0842488264840803,0.409,1.66,0.0735310413240258,0.725,4.1577677726745605,5.120719909667969,5.918715953826904,0.1875,1.954119682312012,2.9207897186279297,3.849610567092896,-0.2806711743272007,0.97265625,5.529836654663086
640,40,50,,4,0.2,32.54341939091398,0.435,1.56,-0.0839776628654025,0.075,4.141525268554688,5.051883220672607,5.776950359344482,0.0,1.3193639516830444,2.146724224090576,3.078749418258667,-0.1804575284632309,0.0260416666666666,5.567644834518433
671,40,50,,5,0.01,-19.616145636909778,0.393,1.73,-0.1908529639416777,0.9375,3.8234283924102783,4.803082466125488,5.650416374206543,0.4,1.9267816543579104,2.889613628387451,3.81334376335144,-0.0674409264377418,0.3489583333333333,5.614207267761231
702,40,50,,5,0.05,-8.094765280509788,0.418,1.63,0.1564634357864218,0.1,4.014453411102295,5.081663131713867,5.802894592285156,0.0,1.1334680318832395,1.6959604024887085,2.5729165077209477,-0.3419528575588146,0.09375,5.444719910621643
733,40,50,,5,0.1,-36.53140813846787,0.418,1.63,-0.2600143919653729,1.0,3.8055286407470703,4.7127685546875,5.464298248291016,0.0,1.0397467613220217,1.4389779567718506,1.9268935918807983,-0.1104778288682031,0.765625,5.467092990875244
764,40,50,,5,0.2,19.863413883002544,0.418,1.63,0.4413466459008931,0.0,4.25240421295166,5.11911153793335,5.764153957366943,0.4230769230769231,2.289564847946167,3.3023154735565186,4.328254222869873,-0.0878928939307052,0.590625,5.535750508308411
810,40,50,,6,0.05,-50.04826371600894,0.444,1.53,0.0230787723650159,1.0,3.3239705562591557,4.421173095703125,5.382211208343506,0.0,1.5460622310638428,2.304325819015503,3.273422718048096,-0.3777716544490304,0.578125,5.639288663864136
841,40,50,,6,0.1,-28.27057085781108,0.419,1.62,-0.3643506527317114,1.0,3.1016862392425537,4.0460205078125,4.975938320159912,0.0,1.571027159690857,2.2601842880249023,2.901956081390381,0.4650596049183959,0.890625,5.758270621299744
872,40,50,,6,0.2,-31.49232593408417,0.429,1.59,0.4560042392474338,1.0,3.4163646697998047,4.6162872314453125,5.616099834442139,0.0,1.133468747138977,1.737558364868164,2.6397128105163574,-0.2398385380015566,0.6458333333333334,5.799102425575256
423,40,400,,3,0.01,-4.375614595954051,0.96,5.57,0.0063014316989439,0.0875,5.55545711517334,6.446331977844238,7.11055326461792,0.3043478260869565,2.675945281982422,3.862918376922608,4.975811004638672,-0.1357459386179655,0.18359375,6.231263756752014
454,40,400,,3,0.05,-4.99685320061184,0.953,5.61,-0.1036515930704483,0.7375,5.620837688446045,6.57367467880249,7.273627758026123,0.2051282051282051,3.0470833778381348,4.073094844818115,4.960301876068115,0.0547674866983962,0.38125,6.102956175804138
485,40,400,,3,0.1,-20.52226204708142,0.967,5.53,-0.2617064187833141,0.425,5.768775463104248,6.667923927307129,7.279976844787598,0.1777777777777777,3.1947808265686035,4.336035251617432,5.345813274383545,0.0240726747880061,0.225,6.158594965934753
516,40,400,,3,0.2,-35.603562663735204,0.968,5.52,0.0468424024042386,0.0,5.690466403961182,6.463255405426025,7.031306743621826,0.2368421052631578,3.00579047203064,4.315412998199463,5.481537342071533,0.002989898677696,0.815625,6.379531145095825
547,40,400,,4,0.01,-29.76605096445724,0.98,5.45,-0.0332989434708743,0.3625,5.714605808258057,6.706027507781982,7.305333137512207,0.2352941176470588,3.007820844650269,4.53174352645874,5.843513011932373,-0.1214404915364046,0.7749999999999999,6.43989360332489
578,40,400,,4,0.05,-22.05882557409797,0.963,5.55,-0.1450530556347519,0.55,5.599006175994873,6.614663600921631,7.265450954437256,0.1224489795918367,3.2339928150177,4.401426792144775,5.536379337310791,0.1105042131281788,0.959375,6.192741751670837
609,40,400,,4,0.1,-0.0842488264840803,0.976,5.48,0.0241017750542593,0.2625,5.496492862701416,6.543717861175537,7.267139434814453,0.119047619047619,3.3259549140930176,4.574705600738525,5.769636154174805,0.0525015493131675,1.0,6.217132091522217
640,40,400,,4,0.2,32.54341939091398,0.978,5.47,-0.3278435894783979,0.0,5.257253646850586,6.170962810516357,6.802773475646973,0.4651162790697674,3.498424530029297,5.015264987945557,6.009920120239258,0.2986191362466092,0.0,6.118294954299927
671,40,400,,5,0.01,-19.616145636909778,0.981,5.45,0.0050495292073862,1.0,5.347818851470947,6.4774169921875,7.1923346519470215,0.3,3.1164920330047607,4.543572902679443,5.949968338012695,0.0747256762556809,0.878125,6.4234654903411865
702,40,400,,5,0.05,-8.094765280509788,0.972,5.5,-0.156496276484911,0.1875,5.463047504425049,6.495719909667969,7.099288940429688,0.4358974358974359,3.316664218902588,4.999641418457031,6.286552429199219,0.1456087797942232,0.43125,6.292028427124023
733,40,400,,5,0.1,-36.53140813846787,0.976,5.48,0.3122302567265777,1.0,5.479817867279053,6.52623987197876,7.139898777008057,0.35,2.551438331604004,4.341318130493164,6.053548812866211,0.033928686441322,0.0625,6.451203107833862
810,40,400,,6,0.05,-50.04826371600894,0.979,5.46,-0.5667918439261554,1.0,5.200930595397949,6.385862350463867,7.117301940917969,0.6363636363636364,3.23636794090271,5.102220058441162,6.567553997039795,0.283466439021115,0.49375,6.49516499042511
872,40,400,,6,0.2,-31.49232593408417,0.98,5.46,-0.3981284414915877,1.0,5.101942539215088,6.2276716232299805,6.9594902992248535,0.5111111111111111,3.657293796539306,5.485577583312988,6.6408371925354,0.2588604845527418,0.571875,6.259493708610535
423,40,1600,,3,0.01,-4.375614595954051,1.0,21.35,0.0446395740737042,0.1625,5.620460510253906,6.502638339996338,7.164041996002197,0.2641509433962264,3.1668872833251958,4.148845672607422,5.144162654876709,-0.1966594069349229,0.034375,6.123804688453674
454,40,1600,,3,0.05,-4.99685320061184,1.0,21.35,-0.1182437186680923,0.7125,5.658195018768311,6.612280368804932,7.317067623138428,0.2333333333333333,3.539251804351806,4.5711669921875,5.522494316101074,0.0120533556028918,1.0,6.159221053123474
485,40,1600,,3,0.1,-20.52226204708142,1.0,21.35,-0.1323725979941758,0.425,5.812475204467773,6.717643737792969,7.325856685638428,0.1714285714285714,3.669124603271485,4.726554393768311,5.719571590423584,0.0575413553909859,0.696875,6.215904712677002
516,40,1600,,3,0.2,-35.603562663735204,1.0,21.35,-0.0720841700376869,0.0,5.729365825653076,6.495820045471191,7.062211513519287,0.1857142857142857,3.668642520904541,4.744996547698975,5.700338840484619,0.0715652219717345,0.015625,6.214757919311523
547,40,1600,,4,0.01,-29.76605096445724,1.0,21.35,-0.275117578799423,0.3625,5.738553047180176,6.73187780380249,7.329955577850342,0.2456140350877192,3.5418701171875,4.898263454437256,6.171500205993652,-0.0163306068451992,0.58125,6.470620512962341
609,40,1600,,4,0.1,-0.0842488264840803,1.0,21.35,0.0738317888926479,0.2625,5.523980617523193,6.573948860168457,7.296821594238281,0.2698412698412698,3.646238803863525,4.927918434143066,6.19279146194458,0.0159845395113052,0.996875,6.337284326553345
671,40,1600,,5,0.01,-19.616145636909778,1.0,21.35,0.1997233632768302,1.0,5.380715370178223,6.510047435760498,7.217268466949463,0.3389830508474576,3.853669881820679,5.361024856567383,6.590768337249756,0.1611486527518091,0.809375,6.483623027801514
733,40,1600,,5,0.1,-36.53140813846787,1.0,21.35,0.0360129958950916,1.0,5.524003028869629,6.571788311004639,7.179222106933594,0.7818181818181819,3.9048023223876953,5.6829352378845215,6.797115325927734,0.2347132789385378,0.73125,6.571084499359131
810,40,1600,,6,0.05,-50.04826371600894,1.0,21.35,-0.8003164928223271,1.0,5.232553958892822,6.416171550750732,7.144028663635254,0.53125,4.088430881500244,5.913778305053711,7.068234443664551,0.2616809050393391,0.28125,6.6750476360321045
872,40,1600,,6,0.2,-31.49232593408417,1.0,21.35,-0.4372295623786896,1.0,5.141076564788818,6.261400699615479,6.987464904785156,0.5671641791044776,4.265142917633057,5.984474182128906,6.948089599609375,0.3053158166342483,0.753125,6.413681745529175
424,10,50,,3,0.01,-4.175905001060452,0.118,1.44,-0.5153006089501426,0.4,3.024143934249878,3.7013556957244873,4.299073696136475,0.0,1.19121253490448,1.7829750776290894,2.373431205749512,0.6845121297982436,0.2552083333333333,4.664344787597656
455,10,50,,3,0.05,0.1038120113334293,0.117,1.45,0.6462170910558465,0.1625,2.584178686141968,3.1208717823028564,3.634686231613159,0.0,1.039728045463562,1.5682790279388428,2.276792526245117,0.2889717655036892,0.25,4.305358171463013
486,10,50,,3,0.1,-2.2494890599102795,0.119,1.43,0.4198126111904069,0.0,3.5602424144744877,3.888006687164306,4.13629150390625,0.25,0.9952402114868164,1.5262799263000488,2.021409511566162,-0.1858212971506805,0.078125,4.458640694618225
517,10,50,,3,0.2,-2.043394187053898,0.126,1.35,0.3042414638850258,0.3125,3.221398115158081,3.738250732421875,4.096036911010742,0.25,0.8876773118972778,1.2744014263153076,1.753166675567627,-0.1535553275464267,0.5,4.394519329071045
548,10,50,,4,0.01,-37.35838600844277,0.107,1.58,0.1297604835684873,0.85,1.851278305053711,2.343271017074585,2.898180723190308,0.0,0.7650761008262634,1.0109968185424805,1.279954433441162,0.3819724004067981,0.9895833333333331,4.476352334022522
579,10,50,,4,0.05,-12.708320135998806,0.121,1.41,0.634606049240038,1.0,3.294282913208008,3.820866346359253,4.251101970672607,0.3684210526315789,1.855414032936096,2.640240430831909,3.316980123519897,-0.1619659602945767,0.4625,4.524284839630127
610,10,50,,4,0.1,4.907010535399368,0.114,1.5,0.6551342965714058,0.5375,2.317671775817871,2.8833582401275635,3.485441207885742,0.0,1.039727807044983,1.4505703449249268,1.8833316564559937,-0.0996652721929656,0.6822916666666666,4.359354615211487
641,10,50,,4,0.2,-16.067167115072312,0.127,1.34,0.6695566027564659,1.0,2.82080602645874,3.494680404663086,4.12376880645752,0.0,1.3426975011825562,1.936142921447754,2.5588173866271973,0.3864346394541361,0.9270833333333331,4.626628518104553
672,10,50,,5,0.01,4.810311591502766,0.124,1.37,0.8025248631920466,0.0,2.457268476486206,3.053163290023804,3.672515869140625,0.0,1.0397284030914309,1.407546043395996,1.7710366249084473,-0.0081466515934586,0.0,4.193748235702515
703,10,50,,5,0.05,6.3932786146544505,0.122,1.39,0.6650871292323497,0.0,2.926246404647827,3.758092641830444,4.398971080780029,0.0,1.0397282838821411,1.5089645385742188,2.150396585464477,-0.3978927375257473,0.2604166666666666,4.577783584594727
734,10,50,,5,0.1,19.805718872836444,0.12,1.42,0.7043432905407886,0.0,2.5125269889831543,3.2571804523468018,3.9144692420959473,0.1666666666666666,1.2849348783493042,1.772890329360962,2.252166748046875,-0.2213208572899342,0.25,4.118265688419342
780,10,50,,6,0.01,-45.54654777327077,0.131,1.3,0.8643906095370908,1.0,1.1845635175704956,1.7530899047851562,2.4461891651153564,0.0,1.0397288799285889,1.4565796852111816,1.9024056196212769,-0.131736728633578,0.515625,4.483028411865234
811,10,50,,6,0.05,-48.29800862013458,0.135,1.26,0.4615201354908493,1.0,2.5222508907318115,3.271737813949585,3.946686983108521,0.0,0.7143905162811279,1.2939143180847168,2.0361433029174805,0.4150620299771798,0.8828125,4.650994658470154
842,10,50,,6,0.1,-70.57962561965199,0.128,1.33,0.6352243972267093,0.975,1.9489620923995967,2.483685255050659,3.0206105709075928,0.0,1.0523402690887451,1.4998931884765625,1.937903881072998,-0.1808779117326913,0.84375,4.458685874938965
873,10,50,,6,0.2,-50.45518735514644,0.134,1.27,0.866461982526749,1.0,2.0314557552337646,2.682146549224853,3.335771322250366,0.0,1.1912134885787964,1.6714189052581787,2.145689010620117,0.4178704972541004,0.859375,4.561673879623413
424,10,400,,3,0.01,-4.175905001060452,0.576,2.32,0.0714020352301389,0.475,4.80890703201294,5.632742881774902,6.282428741455078,0.1666666666666666,1.4350255727767944,2.463745355606079,3.5403738021850586,-0.3254677681838575,0.0312499999999999,5.812555313110352
455,10,400,,3,0.05,0.1038120113334293,0.56,2.39,0.1612159092412889,0.2875,5.0179948806762695,5.865696907043457,6.521873474121094,0.1785714285714285,2.6076576709747314,3.4102299213409424,4.116462230682373,-0.3284406765713371,0.465625,5.873141050338745
486,10,400,,3,0.1,-2.2494890599102795,0.562,2.38,0.1624199450124718,0.1625,4.707897186279297,5.662484169006348,6.405569553375244,0.2857142857142857,1.7945349216461182,2.4970812797546387,3.245023727416992,-0.1099843885633669,0.78125,5.885388016700745
517,10,400,,3,0.2,-2.043394187053898,0.533,2.51,0.0961091839848911,0.025,4.700247287750244,5.560313701629639,6.21923828125,0.1818181818181818,1.641439437866211,2.199676513671875,2.9099197387695312,-0.0463246178737819,0.6666666666666666,6.018460392951965
548,10,400,,4,0.01,-37.35838600844277,0.588,2.27,0.1477597356032359,0.175,4.9952073097229,5.878277778625488,6.498696327209473,0.4615384615384615,2.2673227787017822,3.4406135082244877,4.626160621643066,-0.3151756894038878,0.9635416666666666,5.761624813079834
579,10,400,,4,0.05,-12.708320135998806,0.566,2.36,-0.0556030295153454,0.5875,4.648521900177002,5.768877983093262,6.58435583114624,0.0,1.7272272109985352,2.843533992767334,4.122953414916992,-0.2283729831073666,0.4166666666666666,5.993943095207214
610,10,400,,4,0.1,4.907010535399368,0.595,2.25,-0.0781491934112297,0.075,4.329658508300781,5.387613773345947,6.14996862411499,0.0,1.614654302597046,2.640217065811157,3.748601913452149,-0.3508500669319837,0.0052083333333333,5.606939911842346
641,10,400,,4,0.2,-16.067167115072312,0.631,2.12,-0.1161319757371792,0.475,4.760322570800781,5.682909965515137,6.401586055755615,0.2142857142857142,1.7365115880966189,2.6086080074310303,3.765503406524658,-0.4136940055573527,0.071875,5.873258709907532
672,10,400,,5,0.01,4.810311591502766,0.637,2.1,0.4108500584736213,0.0625,4.598981857299805,5.711991786956787,6.513072967529297,0.1904761904761904,2.2006208896636963,3.160909414291382,4.281367778778076,-0.1249626851598638,0.3093749999999999,5.984827995300293
703,10,400,,5,0.05,6.3932786146544505,0.617,2.17,0.1955784728359143,0.1375,4.536853313446045,5.569636821746826,6.317731380462647,0.1111111111111111,1.6382592916488647,2.5421085357666016,3.721969366073608,-0.2293235093026542,1.0,5.758548378944397
734,10,400,,5,0.1,19.805718872836444,0.615,2.17,-0.4243573106180617,0.5375,4.61566162109375,5.682497978210449,6.399334907531738,0.05,2.3104608058929443,3.711750507354736,4.97137975692749,0.0130286043758396,0.5875,5.839767217636108
780,10,400,,6,0.01,-45.54654777327077,0.654,2.04,0.2644157972104926,0.75,4.175802707672119,5.171815395355225,6.035176753997803,0.0,1.9245001077651975,2.9969191551208496,4.239445686340332,-0.0403586352298709,0.2109375,5.922877907752991
811,10,400,,6,0.05,-48.29800862013458,0.605,2.21,-0.3743981522983334,1.0,4.300113677978516,5.315403938293457,6.114816188812256,0.2258064516129032,2.729196310043335,3.955152988433838,5.099242687225342,0.0726355980696866,0.4312499999999999,5.906057357788086
842,10,400,,6,0.1,-70.57962561965199,0.614,2.18,0.0721948693406329,1.0,4.465933322906494,5.564454078674316,6.36733341217041,0.5,2.8319222927093506,4.322002410888672,5.611303806304932,0.0582134488975963,0.75625,5.933922171592712
873,10,400,,6,0.2,-50.45518735514644,0.641,2.08,-0.3079976203566188,1.0,4.367728233337402,5.416309356689453,6.278106212615967,0.1052631578947368,2.263303756713867,3.3966259956359863,4.772510528564453,0.0128317484174164,0.33203125,6.087411165237427
424,10,1600,,3,0.01,-4.175905001060452,0.961,5.55,-0.0762094226475257,0.5375,5.481325149536133,6.462837219238281,7.2307634353637695,0.2608695652173913,2.56602144241333,3.781363248825073,4.897014141082764,-0.0555440384920739,0.6531250000000001,6.338757157325745
455,10,1600,,3,0.05,0.1038120113334293,0.969,5.51,-0.0186539179805041,0.55,5.570690631866455,6.502984523773193,7.198983669281006,0.1818181818181818,2.738355159759521,3.994362354278565,5.0310468673706055,-0.1836335563025033,0.74609375,6.278317093849182
486,10,1600,,3,0.1,-2.2494890599102795,0.962,5.55,0.0052544200917279,0.0125,5.5332932472229,6.409263610839844,7.050952434539795,0.217391304347826,2.303642749786377,3.3441340923309326,4.343259811401367,0.0811262328965713,0.00625,6.365222334861755
517,10,1600,,3,0.2,-2.043394187053898,0.963,5.54,-0.0878618539933087,0.2375,5.5796217918396,6.50966215133667,7.147796630859375,0.1944444444444444,3.092233180999756,4.306712627410889,5.37447452545166,-0.2370644359530802,0.7156250000000001,6.361989378929138
548,10,1600,,4,0.01,-37.35838600844277,0.963,5.54,-0.106489133289044,0.075,5.745076656341553,6.6041460037231445,7.121835231781006,0.3214285714285714,3.0913147926330566,4.599202156066895,5.771883010864258,0.1746262055653751,0.1640625,6.237275004386902
579,10,1600,,4,0.05,-12.708320135998806,0.965,5.53,-0.164102123345662,0.525,5.5867438316345215,6.606025695800781,7.254128932952881,0.2894736842105263,3.2101733684539795,4.71112060546875,5.964305400848389,-0.0806673262185439,1.0,6.313959956169128
610,10,1600,,4,0.1,4.907010535399368,0.964,5.54,-0.391794498174135,0.575,5.197877407073975,6.312634468078613,7.075564861297607,0.2580645161290322,2.724766969680786,4.209140300750732,5.618834495544434,0.028197312328335,0.146875,6.28868293762207
641,10,1600,,4,0.2,-16.067167115072312,0.966,5.52,-0.0833720371627904,0.2875,5.402269840240479,6.28137731552124,6.915496349334717,0.5476190476190477,3.46036958694458,4.9703049659729,6.057113170623779,0.2415576939115198,0.0,6.308395743370056
672,10,1600,,5,0.01,4.810311591502766,0.976,5.47,-0.1970469291578874,0.0125,5.344153881072998,6.409368991851807,7.07635498046875,0.3023255813953488,3.146644353866577,4.507541656494141,5.851480960845947,0.1866336104787905,0.03125,6.323463678359985
703,10,1600,,5,0.05,6.3932786146544505,0.98,5.45,-0.0029626861395159,0.0375,5.307966709136963,6.379398345947266,7.022449016571045,0.4772727272727273,3.4003074169158936,4.984971523284912,6.168642520904541,0.1634453779898543,0.828125,6.221951246261597
734,10,1600,,5,0.1,19.805718872836444,0.977,5.46,0.0680040566858522,0.2,5.235050201416016,6.234199523925781,6.853567600250244,0.3142857142857143,3.188795328140259,4.784627437591553,6.068734645843506,0.1624914052821344,1.0,6.320090532302856
811,10,1600,,6,0.05,-48.29800862013458,0.971,5.5,-0.2133627429424681,1.0,5.239185810089111,6.2801032066345215,6.94751501083374,0.375,3.26586651802063,4.943817138671875,6.305541515350342,0.2187496584509699,0.290625,6.408711791038513
873,10,1600,,6,0.2,-50.45518735514644,0.973,5.48,-0.853223434742769,1.0,5.06282901763916,6.14999532699585,6.925570011138916,0.4285714285714285,3.623277425765991,5.336905479431152,6.562019348144531,0.2244804121605877,0.8437500000000001,6.341697931289673
424,40,50,,3,0.01,-4.175905001060452,0.388,1.75,0.3198338435338597,0.5875,4.184421062469482,5.133357524871826,5.992788314819336,0.0,1.8430204391479488,2.2716383934021,2.5952601432800293,0.8043358785165139,0.0572916666666666,5.709211230278015
455,40,50,,3,0.05,0.1038120113334293,0.39,1.74,0.0087015585074306,0.425,4.083334445953369,4.925618171691895,5.7295660972595215,0.2222222222222222,1.1219360828399658,1.6109622716903689,2.294973373413086,0.0816764632513824,0.7239583333333333,5.595850348472595
486,40,50,,3,0.1,-2.2494890599102795,0.4,1.7,0.1181329664246036,0.125,4.33909797668457,5.162006378173828,5.877580165863037,0.25,1.5973753929138184,2.191936016082764,2.7436399459838867,-0.0892521972776531,0.5416666666666666,5.552521109580994
517,40,50,,3,0.2,-2.043394187053898,0.407,1.67,0.1958213614107993,0.375,4.333541393280029,5.2157793045043945,5.917315006256104,0.5555555555555556,1.7517876625061035,2.5054197311401367,3.2432706356048584,-0.3327493566805539,0.2760416666666666,5.522223711013794
548,40,50,,4,0.01,-37.35838600844277,0.423,1.61,0.2223812538420282,0.0625,4.5530686378479,5.289344310760498,5.830142498016357,0.0909090909090909,1.59013831615448,2.317106008529663,3.197132110595703,-0.5568197165060492,0.48046875,5.487887740135193
579,40,50,,4,0.05,-12.708320135998806,0.392,1.74,0.0078748099634707,0.1375,4.0830841064453125,5.086390018463135,5.886295795440674,0.4117647058823529,1.8868917226791384,2.8821375370025635,3.914438009262085,-0.5566650031543989,0.578125,5.6161627769470215
610,40,50,,4,0.1,4.907010535399368,0.398,1.71,0.1613179161216034,1.0,4.020750522613525,4.923371315002441,5.691756248474121,0.0,1.2209233045578003,1.7480634450912476,2.411972761154175,0.2459885504248445,0.0,5.283556580543518
641,40,50,,4,0.2,-16.067167115072312,0.413,1.65,0.0378677692243338,1.0,4.478366374969482,5.275392532348633,5.88332462310791,0.1818181818181818,1.7412817478179932,2.644409418106079,3.501950025558472,0.172203328828047,0.9270833333333334,5.38988995552063
672,40,50,,5,0.01,4.810311591502766,0.407,1.67,0.1464620181169269,0.3625,3.908040761947632,4.999814510345459,5.870223045349121,0.2222222222222222,1.684086799621582,2.404179811477661,3.2225680351257324,-0.1200468280953557,0.5833333333333333,5.524074673652649
703,40,50,,5,0.05,6.3932786146544505,0.416,1.64,0.0092308089688416,0.15,3.9956347942352295,5.051439762115479,5.847569942474365,0.125,1.3067524433135986,1.8168370723724363,2.403785467147827,-0.2560945366670688,0.5260416666666666,5.669889688491821
734,40,50,,5,0.1,19.805718872836444,0.435,1.56,-0.0871702595143315,0.325,3.5363357067108154,4.641637325286865,5.567363262176514,0.0,1.2532689571380615,1.9874217510223389,2.928752899169922,-0.0796433387865797,0.5104166666666667,5.659510254859924
780,40,50,,6,0.01,-45.54654777327077,0.411,1.65,-0.6018960019732992,1.0,3.821526288986206,4.681146144866943,5.424867153167725,0.1111111111111111,1.8439373970031736,3.041898250579834,4.113017082214356,-0.0736656164452758,0.125,5.450634479522705
811,40,50,,6,0.05,-48.29800862013458,0.413,1.65,-0.1756274922915895,1.0,3.318634033203125,4.204748630523682,5.073185920715332,0.0833333333333333,1.9538335800170896,3.022449016571045,4.082998275756836,0.154369888036934,0.8541666666666666,5.630036473274231
842,40,50,,6,0.1,-70.57962561965199,0.423,1.61,0.1956272668924765,1.0,3.65130877494812,4.678761959075928,5.589282512664795,0.1111111111111111,1.5460355281829834,2.422400951385498,3.5155067443847656,-0.3619573654299321,0.8489583333333334,5.741872191429138
873,40,50,,6,0.2,-50.45518735514644,0.424,1.61,-0.1617468505058696,1.0,3.5977463722229004,4.624444484710693,5.535116672515869,0.2222222222222222,1.6730005741119385,2.49538516998291,3.2371985912323,-0.0037090562529325,0.90625,5.733197212219238
424,40,400,,3,0.01,-4.175905001060452,0.951,5.62,0.0816144501840834,0.6,5.458367347717285,6.4297356605529785,7.198525905609131,0.3571428571428571,2.6958999633789062,4.15645694732666,5.258804321289063,-0.0098224682594581,0.328125,6.140586733818054
455,40,400,,3,0.05,0.1038120113334293,0.93,5.75,-0.034318822026977,0.4125,5.3697614669799805,6.325321197509766,7.050163269042969,0.1388888888888889,2.8923442363739014,4.034740447998047,4.964478015899658,-0.1016703150586139,0.1375,6.3203243017196655
486,40,400,,3,0.1,-2.2494890599102795,0.965,5.54,0.0541186984544611,0.025,5.548042297363281,6.393397331237793,7.028247833251953,0.2777777777777778,2.360113859176636,3.757305145263672,4.90103006362915,0.1607107528260537,0.05078125,6.242452025413513
517,40,400,,3,0.2,-2.043394187053898,0.959,5.58,-0.217859255946411,0.25,5.561816215515137,6.510595798492432,7.155017375946045,0.3555555555555555,3.150702953338623,4.31928825378418,5.340548992156982,0.0499975454167486,0.709375,6.330503344535828
548,40,400,,4,0.01,-37.35838600844277,0.979,5.46,0.1087676683889524,0.075,5.758514881134033,6.620503902435303,7.138244152069092,0.4838709677419355,2.928928852081299,4.51649284362793,5.832150936126709,-0.0893380626329101,0.01875,6.348575949668884
579,40,400,,4,0.05,-12.708320135998806,0.979,5.46,-0.0950125788817342,0.45,5.606839656829834,6.626283168792725,7.273924350738525,0.4,3.2650604248046875,4.654630184173584,5.888445854187012,-0.0217679364942639,0.59375,6.282220840454102
610,40,400,,4,0.1,4.907010535399368,0.971,5.5,-0.3850536621825088,0.4,5.202828884124756,6.321450710296631,7.083308696746826,0.5135135135135135,3.214836835861206,4.787664890289307,5.974400997161865,-0.0454993661589358,0.38125,6.238344550132752
641,40,400,,4,0.2,-16.067167115072312,0.962,5.56,-0.3473334381024144,0.325,5.4192728996276855,6.291964530944824,6.921382427215576,0.5142857142857142,3.250572204589844,4.801104545593262,6.009955883026123,-0.0524381004786033,1.0,6.394790530204773
672,40,400,,5,0.01,4.810311591502766,0.966,5.53,0.0111090472366578,0.0125,5.353759288787842,6.419496059417725,7.087308406829834,0.55,3.379883289337158,5.012320041656494,6.306429386138916,0.2472690354790272,1.0,6.31352162361145
703,40,400,,5,0.05,6.3932786146544505,0.968,5.52,-0.2602354804440737,0.0375,5.278719425201416,6.3564982414245605,7.003283977508545,0.7333333333333333,2.869344711303711,4.767214298248291,6.184460639953613,0.1124548804436396,0.3333333333333333,6.333035349845886
734,40,400,,5,0.1,19.805718872836444,0.977,5.47,0.3592868194167796,0.2125,5.24182653427124,6.228654861450195,6.843062877655029,0.2857142857142857,3.2876594066619877,4.797985076904297,6.033326625823975,0.2269214977950091,1.0,6.475321531295776
811,40,400,,6,0.05,-48.29800862013458,0.972,5.5,-0.4936490440445644,1.0,5.247661113739014,6.293944835662842,6.961611270904541,0.4888888888888889,3.68498969078064,5.33789587020874,6.483967781066895,0.2893930240128592,1.0,6.380509734153748
873,40,400,,6,0.2,-50.45518735514644,0.971,5.51,-0.2316715024677993,1.0,5.080512046813965,6.156449794769287,6.921331882476807,0.5510204081632653,3.641336917877197,5.442554473876953,6.6271071434021,0.2874528164219103,0.3249999999999999,6.421622157096863
424,40,1600,,3,0.01,-4.175905001060452,1.0,21.35,-0.0069892180797232,0.5375,5.531559944152832,6.508941650390625,7.270028591156006,0.196078431372549,3.353212118148804,4.429821968078613,5.428245067596436,0.0533318940021541,0.528125,6.211751222610474
455,40,1600,,3,0.05,0.1038120113334293,1.0,21.35,-0.0826036165711968,0.4625,5.526001453399658,6.462245464324951,7.173309326171875,0.2727272727272727,3.4415442943573,4.529802322387695,5.532397747039795,-0.0547555878881311,0.08125,6.2657859325408936
486,40,1600,,3,0.1,-2.2494890599102795,1.0,21.35,-0.077096412289504,0.025,5.62002420425415,6.461281776428223,7.082278728485107,0.2456140350877192,3.555569887161255,4.672977447509766,5.580272197723389,-0.0436078197101043,1.0,6.152701020240784
548,40,1600,,4,0.01,-37.35838600844277,1.0,21.35,0.0835839960317238,0.075,5.799696922302246,6.649838924407959,7.158996105194092,0.7115384615384616,3.802132368087769,5.283737182617188,6.313113689422607,0.2221315123178956,0.0,6.383565664291382
610,40,1600,,4,0.1,4.907010535399368,1.0,21.35,-0.287438643337315,0.6875,5.269769191741943,6.3771071434021,7.123741149902344,0.5789473684210527,3.754793643951416,5.204876899719238,6.324295997619629,0.0344756987467002,0.275,6.403590798377991
672,40,1600,,5,0.01,4.810311591502766,1.0,21.35,-0.5115255639881896,0.0125,5.380444526672363,6.445579051971436,7.109763622283936,0.7547169811320755,3.928417205810547,5.625836372375488,6.683636665344238,0.2466528485323685,0.003125,6.393147826194763
734,40,1600,,5,0.1,19.805718872836444,1.0,21.35,0.2634975806129863,0.2,5.270020961761475,6.259329319000244,6.872317790985107,0.3793103448275862,3.823785781860352,5.439060211181641,6.521575927734375,0.2506371074376524,0.0968749999999999,6.535464286804199
420,40,50,,3,0.01,1.2257813837761642,0.37,1.84,0.125798565340945,0.025,4.391767978668213,5.059635162353516,5.640499591827393,0.2068965517241379,2.4927451610565186,3.258223056793213,3.850178480148315,0.1558664303397087,0.534375,5.444305658340454
482,40,50,,3,0.1,-3.557038532205605,0.37,1.84,0.1821420650989568,0.1375,4.0375075340271,4.874123573303223,5.656301021575928,0.1428571428571428,1.400470733642578,1.9667167663574217,2.451585054397583,0.5048406241705149,0.7239583333333334,5.652918815612793
544,40,50,,4,0.01,-16.875471101588957,0.402,1.69,-0.0230285855090267,0.6875,4.384021759033203,5.319291591644287,5.98265552520752,0.0,1.039745569229126,1.554183840751648,2.243748188018799,-0.4022033414675176,0.3072916666666667,5.328556060791016
606,40,50,,4,0.1,-27.860036231503933,0.41,1.66,0.05955366464115,1.0,4.256593704223633,5.146209716796875,5.902333736419678,0.0952380952380952,2.161873579025269,2.931992769241333,3.666623830795288,-0.01280404135165,0.36875,5.572523593902588
668,40,50,,5,0.01,-28.42240351450837,0.428,1.59,-0.271322639976708,1.0,3.994616031646729,5.044498443603516,5.838099002838135,0.1,1.5527108907699585,2.167806625366211,2.8796803951263428,-0.5398813712004438,0.3177083333333333,5.548341870307922
730,40,50,,5,0.1,-67.17285898139227,0.415,1.64,0.0068761557614545,1.0,3.920242071151733,4.893250942230225,5.679385662078857,0.25,1.1639732122421265,1.7359464168548584,2.572889804840088,-0.5212940267868882,0.55078125,5.526342034339905
792,40,50,,6,0.01,-38.33381100352402,0.424,1.6,0.583593509799033,1.0,3.872636079788208,4.930169582366943,5.7816572189331055,0.0,1.574759006500244,2.706923484802246,4.004351615905762,-0.1133145928050433,0.7499999999999999,5.718719124794006
854,40,50,,6,0.1,-26.73210065400279,0.419,1.62,0.4372562403847023,1.0,3.289156436920166,4.263682842254639,5.160696506500244,0.0,1.3686237335205078,1.9592103958129885,2.58280086517334,-0.3373723117813283,0.1875,5.580188989639282
425,10,50,,3,0.01,-6.077102370699984,0.107,1.58,0.6273542693116841,0.2125,3.01047945022583,3.7048377990722656,4.314080715179443,0.3076923076923077,1.3459124565124512,1.8381954431533811,2.489661931991577,-0.0001369323788614,0.559375,4.200766563415527
456,10,50,,3,0.05,-10.086395056679647,0.101,1.68,0.4616641040968772,0.0,3.089247226715088,3.528257131576538,3.800297498703003,0.0,1.1912115812301636,1.8086862564086916,2.4483234882354736,-0.185394017897878,0.0104166666666666,4.214363932609558
487,10,50,,3,0.1,-37.0087735355624,0.121,1.4,0.1419954579658949,0.65,2.6029958724975586,2.9781415462493896,3.506406784057617,0.2727272727272727,1.386263728141785,1.7949042320251465,2.120776653289795,0.4722736972009906,0.8125,4.225000739097595
518,10,50,,3,0.2,6.008144855297212,0.123,1.38,0.2153400798947606,0.4625,2.675689697265625,3.2040047645568848,3.812307357788086,0.3333333333333333,1.0781681537628174,1.3768422603607178,1.6924564838409424,0.0112802894854214,0.6927083333333334,4.624600887298584
549,10,50,,4,0.01,-11.171970873719408,0.114,1.5,0.2330708778809185,0.1,2.8494136333465576,3.483267307281494,4.017353057861328,0.25,0.8876766562461853,1.349423050880432,1.9521294832229612,-0.2936461439948865,0.0,4.297702312469482
580,10,50,,4,0.05,1.430710029764047,0.126,1.35,0.8649705348919219,1.0,2.968052625656128,3.752825975418091,4.516929626464844,0.125,1.3984127044677734,1.9620673656463623,2.476157188415528,-0.0742073491243917,0.8541666666666667,4.75663423538208
611,10,50,,4,0.1,-3.3189630707114124,0.122,1.39,0.6298698092374894,0.15,3.007084608078003,3.729210615158081,4.27653169631958,0.0,1.0397284030914309,1.498134970664978,2.035241842269897,-0.2539701904070501,0.5052083333333334,4.484722375869751
642,10,50,,4,0.2,-15.484538294325528,0.125,1.36,0.6230779773929398,1.0,2.3331005573272705,2.920439481735229,3.508318424224853,0.0,1.0320837497711182,1.3557450771331787,1.7517576217651367,-0.1208381061092375,0.5,4.564430952072144
673,10,50,,5,0.01,-29.827358750792463,0.118,1.44,0.8918368231571608,1.0,2.1506459712982178,2.8629748821258545,3.616659641265869,0.0,0.7650768160820007,1.0109984874725342,1.2710187435150146,0.3632812431961791,0.796875,4.322113513946533
704,10,50,,5,0.05,-31.099208931298197,0.124,1.37,0.3261782701363004,1.0,2.645526885986328,3.2559170722961426,3.829794406890869,0.3,1.3003419637680054,1.7333056926727295,2.258070707321167,0.0498329115028525,0.5052083333333334,4.577230930328369
750,10,50,,5,0.2,-64.8943072100459,0.12,1.42,0.8658431874929755,0.8,1.896196365356445,2.4025745391845703,2.95843243598938,0.0,1.2489739656448364,1.8180415630340576,2.41890025138855,-0.1747326168438894,0.6875,4.455676555633545
781,10,50,,6,0.01,2.310630032127137,0.134,1.27,0.9150536538051336,1.0,2.031211376190185,2.664668560028076,3.318408966064453,0.125,1.0538864135742188,1.2766982316970823,1.464999437332153,0.739746107821851,0.6145833333333334,4.625760316848755
812,10,50,,6,0.05,-45.10090508696406,0.13,1.31,0.5468172837350018,1.0,1.856356501579285,2.490498781204224,3.157788038253784,0.0,1.0397288799285889,1.5043656826019287,1.9633777141571045,-0.0604228740774944,0.8333333333333333,4.68909215927124
843,10,50,,6,0.1,-67.23454284811166,0.131,1.3,0.9023344184388196,1.0,1.2175928354263306,1.888399958610535,2.7170827388763428,0.0,1.0397288799285889,1.4075469970703125,1.7742631435394287,-0.0074159960526872,1.0,4.575924277305603
874,10,50,,6,0.2,-3.968806191274376,0.135,1.26,0.7098603198279142,1.0,1.843781352043152,2.425402879714966,3.077399969100952,0.0,1.1843225955963137,1.737133502960205,2.407062530517578,-0.3729914207992534,0.9010416666666666,4.525508642196655
425,10,400,,3,0.01,-6.077102370699984,0.529,2.53,0.002643656454355,0.3625,4.791285991668701,5.591571807861328,6.216328144073486,0.0,1.0397534370422363,1.758734941482544,2.849224090576172,-0.2313920110573949,0.4270833333333333,5.909990429878235
456,10,400,,3,0.05,-10.086395056679647,0.57,2.34,0.0701595968552352,0.2125,4.984766960144043,5.824928283691406,6.545398235321045,0.4666666666666667,2.503839492797852,3.596437454223633,4.503139495849609,-0.3428326697214242,0.71875,5.870105743408203
487,10,400,,3,0.1,-37.0087735355624,0.527,2.54,-0.0824029695056486,0.1625,4.933199405670166,5.769500732421875,6.436771392822266,0.1666666666666666,2.565802812576294,3.297773838043213,4.0255656242370605,0.0570550959458891,1.0,5.724637269973755
518,10,400,,3,0.2,6.008144855297212,0.616,2.17,-0.0611188367824431,0.025,4.865310192108154,5.621734619140625,6.2660088539123535,0.1818181818181818,2.232985019683838,3.2532026767730717,4.206507682800293,-0.0927561084138579,0.078125,5.759979844093323
549,10,400,,4,0.01,-11.171970873719408,0.593,2.25,-0.0222566236962202,0.1375,4.5654730796813965,5.591700077056885,6.4228715896606445,0.1333333333333333,1.6248924732208252,2.452856540679932,3.6017842292785645,-0.4134428390716889,0.4125,6.020585417747498
580,10,400,,4,0.05,1.430710029764047,0.579,2.31,0.037200704254804,0.325,4.621085166931152,5.660707950592041,6.425375461578369,0.2,1.2343270778656006,1.61621356010437,2.159231185913086,-0.3327361450406026,0.8359375,6.141926288604736
611,10,400,,4,0.1,-3.3189630707114124,0.61,2.19,-0.1622399225308984,0.1875,5.150984764099121,6.013230800628662,6.577017307281494,0.2,2.2465291023254395,3.3000454902648926,4.315122127532959,0.1252232296505631,0.821875,5.844441533088684
642,10,400,,4,0.2,-15.484538294325528,0.632,2.12,-0.2328067571325746,1.0,4.972987174987793,5.868779182434082,6.528784275054932,0.2,1.843374729156494,2.7777533531188965,3.9417781829833984,-0.0348085270817832,0.0104166666666666,6.0529996156692505
673,10,400,,5,0.01,-29.827358750792463,0.639,2.09,-0.1676865795997007,1.0,4.892064571380615,5.97637414932251,6.65582275390625,0.0,1.7230079174041748,2.7113406658172607,4.05309534072876,-0.4341627399485791,0.4453125,6.01539957523346
704,10,400,,5,0.05,-31.099208931298197,0.62,2.15,-0.4771320180899325,1.0,4.845418453216553,5.863453388214111,6.54840087890625,0.4333333333333333,2.39612364768982,3.573930501937866,4.791760921478272,-0.0331649060980541,0.6312500000000001,5.922285079956055
750,10,400,,5,0.2,-64.8943072100459,0.622,2.15,-0.2609830536116513,1.0,4.606324672698975,5.687737941741943,6.4501953125,0.0625,2.019750595092773,3.048671007156372,4.214637756347656,-0.1941071661065602,0.08203125,5.94787061214447
781,10,400,,6,0.01,2.310630032127137,0.639,2.09,-0.1903127605597961,1.0,4.0674567222595215,5.281762599945068,6.281959533691406,0.2222222222222222,2.0698883533477783,3.276905298233032,4.754657745361328,-0.2901929893833278,0.2890625,6.045026421546936
812,10,400,,6,0.05,-45.10090508696406,0.667,2.0,-0.2044702739617298,0.45,4.742523193359375,5.827490329742432,6.523983001708984,0.3,2.83034086227417,4.030982971191406,5.100846767425537,-0.0072204251275534,0.2447916666666666,6.047980308532715
843,10,400,,6,0.1,-67.23454284811166,0.666,2.01,-0.5511967918126441,1.0,4.496116638183594,5.626019477844238,6.435146331787109,0.2222222222222222,1.6598668098449707,2.7250537872314453,4.186870098114014,-0.09736714055131,1.0,5.945661544799805
874,10,400,,6,0.2,-3.968806191274376,0.657,2.03,-0.0100139921616053,0.9125,4.402507305145264,5.452588081359863,6.274566173553467,0.45,2.4332151412963867,3.7432219982147217,5.152248859405518,-0.059116101056136,0.3,6.095066666603088
425,10,1600,,3,0.01,-6.077102370699984,0.954,5.59,-0.0359716027529454,0.6875,5.6501665115356445,6.583672523498535,7.276528835296631,0.1612903225806451,2.9651548862457275,4.245952129364014,5.253150463104248,-0.3411978025734031,0.9375,6.217297315597534
456,10,1600,,3,0.05,-10.086395056679647,0.938,5.69,-0.0937077680959814,0.0625,5.53375244140625,6.450560092926025,7.149867534637451,0.14,3.124739170074463,3.996881246566773,4.809458255767822,-0.1186382647088942,0.71875,6.184020042419434
487,10,1600,,3,0.1,-37.0087735355624,0.934,5.71,0.1889148539366072,0.125,5.564164161682129,6.482202053070068,7.122703552246094,0.0,2.1245810985565186,3.36724853515625,4.725775241851807,-0.2445239335734217,0.0,6.266768097877502
518,10,1600,,3,0.2,6.008144855297212,0.972,5.49,-0.2081895575222363,0.125,5.560575485229492,6.385063648223877,7.031662940979004,0.1333333333333333,2.5942201614379883,4.107965469360352,5.285746574401856,-0.0604955327810836,0.2083333333333333,6.4978238344192505
549,10,1600,,4,0.01,-11.171970873719408,0.975,5.48,-0.0036467941178773,0.3,5.483119010925293,6.544189453125,7.217933654785156,0.2972972972972973,2.957199811935425,4.13116455078125,5.423852443695068,0.0323214128776955,0.625,6.472102880477905
580,10,1600,,4,0.05,1.430710029764047,0.964,5.54,-0.2571365819226331,0.05,5.482850551605225,6.48189115524292,7.112163066864014,0.3939393939393939,2.9594838619232178,4.506145000457764,5.836039543151856,-0.1732337832939862,0.428125,6.430499196052551
611,10,1600,,4,0.1,-3.3189630707114124,0.972,5.49,-0.0175784616540169,0.1625,5.558709144592285,6.516624450683594,7.096991062164307,0.2244897959183673,3.35757064819336,4.633111476898193,5.798480987548828,0.1310028629586098,1.0,6.251299023628235
642,10,1600,,4,0.2,-15.484538294325528,0.968,5.51,-0.1440712199912042,1.0,5.567491054534912,6.494088172912598,7.127681255340576,0.4074074074074074,2.8305671215057373,4.468702793121338,5.939178943634033,0.0559358189957039,0.71875,6.458167195320129
673,10,1600,,5,0.01,-29.827358750792463,0.972,5.49,-0.3554128907617279,1.0,5.387051582336426,6.458378791809082,7.133409023284912,0.5925925925925926,2.826366662979126,4.695772647857666,6.210653305053711,0.106863214241527,0.459375,6.238767147064209
704,10,1600,,5,0.05,-31.099208931298197,0.975,5.47,-0.04241935525128,1.0,5.574870586395264,6.579057216644287,7.182122707366943,0.9393939393939394,3.3421380519866943,5.187486171722412,6.476132392883301,0.0898663164806214,1.0,6.361722707748413
750,10,1600,,5,0.2,-64.8943072100459,0.962,5.55,-0.5044033687070983,1.0,5.373107433319092,6.3822021484375,7.057263851165772,0.3725490196078431,3.5638039112091064,5.171321392059326,6.382522106170654,0.2101704173176357,0.575,6.165093183517456
812,10,1600,,6,0.05,-45.10090508696406,0.979,5.45,-0.1246822406016092,0.8875,5.174565315246582,6.269702434539795,6.957221984863281,0.6585365853658537,3.481771945953369,5.31230354309082,6.530613899230957,0.3037437041685009,1.0,6.263300776481628
874,10,1600,,6,0.2,-3.968806191274376,0.98,5.45,0.219302798047308,0.8,4.734201908111572,5.928163051605225,6.766457557678223,0.5555555555555556,3.352678775787353,5.273612976074219,6.528764247894287,0.0873164287475531,1.0,6.385124444961548
425,40,50,,3,0.01,-6.077102370699984,0.386,1.76,0.1128277241216357,0.3625,4.7990007400512695,5.517147541046143,6.09731388092041,0.1428571428571428,1.3165645599365234,2.0574207305908203,3.019982099533081,-0.2613626335425857,0.8072916666666667,5.630767107009888
456,40,50,,3,0.05,-10.086395056679647,0.382,1.78,0.1448439611912053,0.1625,3.988216400146485,4.731297492980957,5.536102771759033,0.0,1.0321016311645508,1.4184024333953855,1.8864428997039795,-0.0617924473996684,0.390625,5.604118824005127
487,40,50,,3,0.1,-37.0087735355624,0.387,1.76,0.1914279913134086,0.0375,4.675975322723389,5.469358444213867,6.075259685516357,0.2083333333333333,2.1310875415802,3.023242950439453,3.872468233108521,0.2984774470355616,0.7375,5.438813447952271
518,40,50,,3,0.2,6.008144855297212,0.401,1.7,0.0746453501766065,0.2375,4.716688632965088,5.497592449188232,6.022241115570068,0.0833333333333333,1.6358245611190796,2.2771196365356445,3.147090196609497,-0.428556311414465,0.609375,5.49574887752533
549,40,50,,4,0.01,-11.171970873719408,0.412,1.65,0.192970299109818,0.4875,4.291889190673828,5.285719394683838,6.079012870788574,0.2666666666666666,1.9404480457305908,2.78253436088562,3.7170915603637695,-0.1537897092243866,0.90625,5.739762544631958
580,40,50,,4,0.05,1.430710029764047,0.39,1.74,0.3106602938725987,0.125,4.1995720863342285,5.0006937980651855,5.619727611541748,0.25,1.7564589977264404,2.874843120574951,3.941807746887207,-0.0919774962352563,0.203125,5.356207847595215
611,40,50,,4,0.1,-3.3189630707114124,0.407,1.67,0.1849664569660871,0.1125,4.271131038665772,5.099193096160889,5.726008415222168,0.6666666666666666,2.1096816062927246,3.103842735290528,4.041416645050049,-0.2016256604654702,0.7760416666666667,5.482541918754578
642,40,50,,4,0.2,-15.484538294325528,0.411,1.65,-0.0702385433974143,1.0,4.19674825668335,5.211710453033447,5.991342067718506,0.25,0.9952535033226012,1.7939863204956057,2.9365038871765137,-0.3093272205707771,0.6796875,5.432199478149414
673,40,50,,5,0.01,-29.827358750792463,0.405,1.68,-0.3233737157176625,0.9125,3.9953248500823975,4.870619773864746,5.571371078491211,0.0,1.039745807647705,1.6204123497009275,2.351505994796753,-0.3677547873493121,0.0989583333333333,5.510617971420288
704,40,50,,5,0.05,-31.099208931298197,0.421,1.62,-0.1341869725355412,1.0,4.020428657531738,5.036326885223389,5.845278263092041,0.0,0.8833791017532349,1.4961313009262085,2.05540132522583,0.4553756889651929,0.6796875,5.663985967636108
750,40,50,,5,0.2,-64.8943072100459,0.418,1.63,0.0139396133729112,1.0,4.04306173324585,4.986414432525635,5.785530090332031,0.1333333333333333,1.6687473058700562,2.4416959285736084,3.341787099838257,-0.2028704185874951,0.5625,5.584135890007019
781,40,50,,6,0.01,2.310630032127137,0.43,1.58,0.0564176503598093,1.0,3.866755723953247,4.912195682525635,5.793104648590088,0.375,1.7505897283554075,2.8242433071136475,4.0544753074646,-0.549195060864037,0.9010416666666666,5.701661944389343
812,40,50,,6,0.05,-45.10090508696406,0.412,1.65,0.4477587326230302,0.475,3.403739213943481,4.474862098693848,5.360875606536865,0.0,0.9844605326652528,1.4057934284210205,1.939107894897461,-0.2268388554222938,0.1875,5.682268261909485
843,40,50,,6,0.1,-67.23454284811166,0.412,1.65,-0.0670409220220283,1.0,3.2734506130218506,4.241039752960205,5.121179103851318,0.0,1.133467674255371,1.528075933456421,1.992451548576355,-0.1460751925941856,0.6302083333333334,5.619320392608643
874,40,50,,6,0.2,-3.968806191274376,0.422,1.61,0.3262760863143956,1.0,2.5789074897766118,3.6076889038085938,4.6897172927856445,0.2,1.4326472282409668,1.938097715377808,2.599270820617676,-0.0483710211014128,0.6302083333333334,5.647944331169128
425,40,400,,3,0.01,-6.077102370699984,0.963,5.55,-0.0169493449633504,0.725,5.649594783782959,6.589605808258057,7.285000801086426,0.2857142857142857,3.3187546730041504,4.389540672302246,5.223926544189453,0.0214580158557378,0.3999999999999999,6.043063759803772
456,40,400,,3,0.05,-10.086395056679647,0.964,5.55,0.0344400450515801,0.05,5.590198040008545,6.484589576721191,7.167977809906006,0.2368421052631578,3.165830373764038,4.295169353485107,5.242151737213135,0.0875289248469418,0.8999999999999999,6.250978589057922
487,40,400,,3,0.1,-37.0087735355624,0.962,5.56,-0.0848133683215948,0.025,5.559946537017822,6.459269046783447,7.127652645111084,0.1860465116279069,3.0475285053253174,3.920800924301148,4.860799312591553,-0.099861259451234,0.703125,6.143503665924072
518,40,400,,3,0.2,6.008144855297212,0.973,5.5,-0.1045501660745997,0.1375,5.574795722961426,6.395669460296631,7.034964084625244,0.238095238095238,3.1532936096191406,4.437463760375977,5.525719165802002,0.1655201267656926,0.6375,6.20144784450531
549,40,400,,4,0.01,-11.171970873719408,0.967,5.53,0.0340934048561702,0.2875,5.510899066925049,6.55868673324585,7.213003635406494,0.3658536585365853,3.118778705596924,4.405584812164307,5.663288116455078,-0.00531549222598,0.45,6.488056778907776
580,40,400,,4,0.05,1.430710029764047,0.968,5.52,-0.2005725931538082,0.05,5.484910488128662,6.509481906890869,7.143876075744629,0.2,2.111751079559326,3.747687816619873,5.364139556884766,0.0461277413902582,0.0,6.5070377588272095
611,40,400,,4,0.1,-3.3189630707114124,0.969,5.52,-0.0710606509844529,0.1625,5.557685375213623,6.507625102996826,7.084238529205322,0.2432432432432432,3.1067683696746826,4.503271579742432,5.818467617034912,0.058949814455568,0.35,6.487222671508789
642,40,400,,4,0.2,-15.484538294325528,0.977,5.47,-0.1532577048902148,1.0,5.575341701507568,6.501762390136719,7.134563446044922,0.3414634146341463,3.3230743408203125,4.834414958953857,6.100071907043457,0.1759562130333526,0.809375,6.433342695236206
673,40,400,,5,0.01,-29.827358750792463,0.974,5.49,0.0282373033348213,1.0,5.458116054534912,6.559083461761475,7.2102556228637695,0.5517241379310345,2.801201581954956,4.6595778465271,6.243982315063477,0.132772659419507,0.2875,6.388625860214233
750,40,400,,5,0.2,-64.8943072100459,0.972,5.5,-0.421423160602809,1.0,5.401383876800537,6.401029109954834,7.066317081451416,0.3488372093023256,3.389104127883911,4.967388153076172,6.24650764465332,0.2151735169270324,0.421875,6.243459105491638
812,40,400,,6,0.05,-45.10090508696406,0.975,5.49,-0.3251726029809741,0.7125,5.177017688751221,6.271691799163818,6.955562114715576,0.5227272727272727,3.563034772872925,5.34271764755249,6.55258321762085,0.2627577221403094,0.96875,6.275530219078064
874,40,400,,6,0.2,-3.968806191274376,0.977,5.47,-0.3545365592062187,0.8,4.713379383087158,5.910543441772461,6.754722595214844,0.5,3.478642702102661,5.335090160369873,6.55116605758667,0.2578138384194701,0.0125,6.434050440788269
425,40,1600,,3,0.01,-6.077102370699984,1.0,21.35,0.0075715790048614,0.7,5.697603702545166,6.639692783355713,7.331521511077881,0.3584905660377358,3.4585092067718506,4.630879878997803,5.629403114318848,0.0263133944187609,0.54375,6.232151627540588
456,40,1600,,3,0.05,-10.086395056679647,1.0,21.35,0.0024034764453549,0.0625,5.6236090660095215,6.533267974853516,7.220518589019775,0.1935483870967742,3.4328975677490234,4.385706424713135,5.347372055053711,0.129491578247292,0.009375,6.122272610664368
487,40,1600,,3,0.1,-37.0087735355624,1.0,21.35,-0.1844344080187265,0.0125,5.609494686126709,6.510079383850098,7.174746036529541,0.3333333333333333,3.4168248176574707,4.485169887542725,5.533908367156982,-0.0603929040091388,1.0,6.221127033233643
549,40,1600,,4,0.01,-11.171970873719408,1.0,21.35,0.1242814953502339,0.2875,5.538762092590332,6.589939117431641,7.24715518951416,0.4807692307692308,3.4216020107269287,4.935767650604248,6.310184001922607,0.096011336123538,0.09375,6.662868022918701
611,40,1600,,4,0.1,-3.3189630707114124,1.0,21.35,-0.0496249283699761,0.15,5.603785991668701,6.5477142333984375,7.119491100311279,0.360655737704918,3.680606842041016,5.089940071105957,6.271474361419678,0.0125152770105697,0.021875,6.448160648345947
673,40,1600,,5,0.01,-29.827358750792463,1.0,21.35,-0.3038578655023538,1.0,5.49484395980835,6.596936225891113,7.244599342346191,0.6607142857142857,3.837866306304932,5.646614074707031,6.802864074707031,0.0822418153667543,0.709375,6.580572843551636
750,40,1600,,5,0.2,-64.8943072100459,1.0,21.35,-0.2778604409198245,1.0,5.452580451965332,6.4459967613220215,7.104588508605957,0.4385964912280701,3.839464664459229,5.4822096824646,6.681520938873291,0.169802476262992,0.109375,6.447968244552612
426,10,50,,3,0.01,-3.8235642778157457,0.118,1.44,-0.473820065483623,0.4375,2.9439127445220947,3.5820062160491943,4.093050479888916,0.0,1.0397281646728516,1.438942790031433,1.842720866203308,-0.0422256288068452,0.2083333333333333,4.52093780040741
457,10,50,,3,0.05,-16.176625387033255,0.123,1.38,-0.1033866779327045,0.3,3.085105657577514,3.68052339553833,4.115724086761475,0.0,1.306736707687378,1.8168067932128904,2.4139623641967773,-0.1777586285959174,0.0104166666666666,4.340089201927185
488,10,50,,3,0.1,25.65230615275553,0.116,1.47,0.0743476337011144,0.0,3.2398929595947266,3.868070363998413,4.259639263153076,0.0,1.1334501504898071,1.4371827840805054,1.6960972547531128,0.1381381531014343,0.3958333333333333,4.224418640136719
519,10,50,,3,0.2,2.771940661275317,0.127,1.34,0.6639842017257854,1.0,2.8054990768432617,3.3873791694641118,3.996565580368042,0.2105263157894736,1.8601016998291016,2.417959213256836,2.870124340057373,0.3263585251730879,0.521875,4.462808728218079
550,10,50,,4,0.01,78.43052538097425,0.117,1.45,0.7192401107202759,0.0,2.816833257675171,3.311166524887085,3.9008750915527344,0.0,1.0942531824111938,1.8029210567474363,2.4766411781311035,0.675631021490523,1.0,4.715055346488953
581,10,50,,4,0.05,-27.984450651921836,0.117,1.46,0.5652331745760693,0.2375,2.57792329788208,2.9594027996063232,3.3710358142852783,0.3333333333333333,0.8559527397155762,1.0639771223068235,1.3318792581558228,0.2926492317100571,0.0572916666666666,4.360779762268066
612,10,50,,4,0.1,2.082313981868797,0.117,1.46,0.3613517345338274,0.1875,2.5919134616851807,2.9879567623138428,3.4097163677215576,0.1,1.6856582164764404,2.14076828956604,2.573619842529297,0.5986823309067596,0.578125,4.3187010288238525
643,10,50,,4,0.2,6.224275918490596,0.13,1.31,0.2297673580770746,0.15,2.689945936203003,3.279998540878296,3.8504891395568848,0.125,1.3110997676849363,1.6039766073226929,1.8980255126953125,0.7972392407236943,0.5677083333333333,4.497987151145935
674,10,50,,5,0.01,-25.2216018569094,0.124,1.37,0.8120101431906694,0.95,2.346853733062744,3.080092430114746,3.7418465614318848,0.0,1.0397284030914309,1.549516677856445,2.174910306930542,-0.174693665211754,0.6822916666666666,4.3890098333358765
720,10,50,,5,0.1,9.58742063848517,0.124,1.37,0.755671710248132,0.5,2.108929395675659,2.7669670581817627,3.447338104248047,0.125,1.16395902633667,1.5455914735794067,1.9212515354156492,0.0400017861091873,0.10546875,4.420753479003906
751,10,50,,5,0.2,-19.136262533696787,0.129,1.31,0.9281121276938912,1.0,1.7614895105361938,2.433810949325561,3.147395610809326,0.0,1.111647605895996,1.4479001760482788,1.8276071548461916,-0.0891527032057446,0.71875,4.60426139831543
782,10,50,,6,0.01,-86.42381835431243,0.138,1.23,0.7229034279644366,1.0,1.788015365600586,2.494612216949463,3.2304649353027344,0.0,1.039729356765747,1.4075478315353394,1.7700436115264893,-4.7557726201574724e-08,0.3958333333333333,4.870223760604858
813,10,50,,6,0.05,-23.29512109554493,0.13,1.31,0.8557405069885279,1.0,1.7675293684005735,2.248244524002075,2.7346177101135254,0.1428571428571428,1.125806212425232,1.418142557144165,1.7289408445358276,-0.0017381744077094,0.296875,4.325300931930542
844,10,50,,6,0.1,-51.41557026855955,0.13,1.3,0.7252499240990455,1.0,1.9491043090820312,2.6520135402679443,3.3712120056152344,0.0,1.0397288799285889,1.4075469970703125,1.6882429122924805,0.109375052277729,0.3125,4.662926197052002
875,10,50,,6,0.2,-49.26458148457658,0.125,1.36,0.8308228909884492,0.225,1.250225305557251,1.8366825580596924,2.5552661418914795,0.2857142857142857,1.183568239212036,1.6177399158477783,2.0837602615356445,-0.2656781078019108,0.5364583333333333,4.662190198898315
426,10,400,,3,0.01,-3.8235642778157457,0.572,2.34,-0.0093827174908668,0.3875,4.787377834320068,5.635469436645508,6.337706089019775,0.1904761904761904,2.115842819213867,2.9413788318634038,3.62491774559021,0.3940893996028949,0.1781249999999999,5.897952437400818
457,10,400,,3,0.05,-16.176625387033255,0.536,2.5,0.0338883089984176,0.375,4.454302310943604,5.262462139129639,5.981742858886719,0.125,1.3984344005584717,2.0499300956726074,2.679440975189209,-0.2961101480248388,0.0,5.560102820396423
488,10,400,,3,0.1,25.65230615275553,0.561,2.38,0.5050686445610504,0.0,4.454249858856201,5.140712261199951,5.665762901306152,0.1428571428571428,1.975683093070984,2.7408175468444824,3.5402495861053467,0.0174782986201295,0.0,5.5118430852890015
519,10,400,,3,0.2,2.771940661275317,0.605,2.21,0.1142090507547553,0.0125,4.657264709472656,5.623039722442627,6.370545387268066,0.0,1.299780249595642,1.9548782110214236,2.880240201950073,-0.017997488382797,0.0,5.826224207878113
550,10,400,,4,0.01,78.43052538097425,0.625,2.14,0.3006610011035484,0.0,4.409401893615723,5.344738960266113,6.079229831695557,0.4,1.6715905666351318,2.7152469158172607,4.0295023918151855,-0.1955550750873348,0.5208333333333334,5.787637710571289
581,10,400,,4,0.05,-27.984450651921836,0.6,2.23,-0.1925267153955087,0.2125,4.885221004486084,5.838784694671631,6.5064616203308105,0.0,2.1659059524536133,3.2379372119903564,4.237777233123779,0.1434179968514993,0.015625,5.882948994636536
612,10,400,,4,0.1,2.082313981868797,0.625,2.14,0.113916653565202,0.025,5.066461086273193,5.96998929977417,6.519368648529053,0.0869565217391304,2.418870687484741,3.4506332874298096,4.510737895965576,-0.2141318086206433,0.36875,5.748425960540772
643,10,400,,4,0.2,6.224275918490596,0.585,2.28,0.2963794557831575,0.0125,4.240360260009766,5.093906402587891,5.666981220245361,0.0,1.1334779262542725,1.745092749595642,2.660839796066284,-0.5565127118427693,0.0,5.528319835662842
674,10,400,,5,0.01,-25.2216018569094,0.599,2.23,-0.1718755896978004,0.2875,5.0236334800720215,5.999265670776367,6.5751237869262695,0.0833333333333333,1.8250688314437864,2.896509885787964,4.231729030609131,-0.2266278052505517,0.27734375,5.954091787338257
720,10,400,,5,0.1,9.58742063848517,0.632,2.11,0.2247493480534015,0.0,4.433589458465576,5.494845390319824,6.259875297546387,0.2307692307692307,1.8835551738739011,2.5684211254119877,3.3853015899658203,-0.2852327999600483,0.0,5.841865062713623
751,10,400,,5,0.2,-19.136262533696787,0.635,2.1,-0.344277673156375,0.85,3.993239641189575,5.114872455596924,6.064143180847168,0.3125,2.1815831661224365,3.233642578125,4.301252365112305,-0.1889436377484654,0.03515625,5.873324751853943
782,10,400,,6,0.01,-86.42381835431243,0.628,2.13,0.1149480181818547,0.8875,4.194866180419922,5.2858567237854,6.098681926727295,0.0,1.3311147689819336,2.224478244781494,3.38055419921875,-0.3381362671082225,0.6041666666666666,6.02477765083313
813,10,400,,6,0.05,-23.29512109554493,0.659,2.03,-0.551385649722768,1.0,4.508279323577881,5.615417003631592,6.435719966888428,0.6666666666666666,2.55946683883667,3.860322952270508,5.187701225280762,-0.1477555589043144,0.7708333333333334,6.117572903633118
844,10,400,,6,0.1,-51.41557026855955,0.631,2.12,-0.52345487253464,1.0,4.62872838973999,5.6468000411987305,6.382916927337647,0.4166666666666667,2.309778928756714,3.812056541442871,5.269465446472168,0.101312566797946,0.9895833333333334,5.9996577501297
875,10,400,,6,0.2,-49.26458148457658,0.648,2.06,-0.1947570575013339,1.0,4.466058254241943,5.657628059387207,6.448045253753662,0.6,2.213217735290528,3.5490622520446777,4.971896648406982,-0.0407069675900454,0.703125,6.04374885559082
426,10,1600,,3,0.01,-3.8235642778157457,0.955,5.59,-0.1455635336279834,0.5875,5.515111446380615,6.45396900177002,7.215371131896973,0.5555555555555556,2.781529664993286,4.072152614593506,5.09096622467041,-0.0444898457754205,0.44375,6.184187412261963
457,10,1600,,3,0.05,-16.176625387033255,0.911,5.86,-0.1613214212747149,0.7125,5.819465637207031,6.661689758300781,7.21768045425415,0.2571428571428571,2.950975179672241,4.217904090881348,5.37310791015625,-0.0777752995694108,0.8031250000000001,6.230957627296448
488,10,1600,,3,0.1,25.65230615275553,0.942,5.67,-0.0740729923449058,0.0,5.122756481170654,6.073395729064941,6.783462047576904,0.0,2.3839974403381348,3.4798169136047363,4.563474655151367,-0.0070975180530372,0.1510416666666666,6.420740127563477
519,10,1600,,3,0.2,2.771940661275317,0.966,5.52,-0.0316380341079208,0.0625,5.246837615966797,6.246691703796387,6.984969615936279,0.0909090909090909,2.875038146972656,3.930490970611572,4.964303493499756,-0.0618756588614876,0.05,6.171648144721985
550,10,1600,,4,0.01,78.43052538097425,0.972,5.49,0.2033940361073531,0.0,4.7681403160095215,5.725178718566895,6.517270088195801,0.0967741935483871,2.92290472984314,4.172638893127441,5.284352779388428,0.3042755055059365,0.121875,6.20607852935791
581,10,1600,,4,0.05,-27.984450651921836,0.968,5.51,-0.3506823064291892,0.5875,5.521203517913818,6.567672729492188,7.240379333496094,0.3666666666666666,3.064580202102661,4.648258209228516,5.9673686027526855,0.0096735693572796,0.24375,6.38141679763794
612,10,1600,,4,0.1,2.082313981868797,0.965,5.53,-0.0065677132414993,0.125,5.396366119384766,6.357443332672119,6.992445468902588,0.1860465116279069,3.217747449874878,4.514322757720947,5.6377458572387695,0.041426572124626,0.0,6.275518536567688
643,10,1600,,4,0.2,6.224275918490596,0.972,5.49,-0.0385933031666956,0.025,5.436398983001709,6.266614437103272,6.824063777923584,0.35,3.2447822093963623,4.784979343414307,5.938106060028076,0.1381056061244223,0.053125,6.16685676574707
674,10,1600,,5,0.01,-25.2216018569094,0.968,5.51,-0.0893981274048053,0.3375,5.443799018859863,6.560929775238037,7.192440986633301,0.5,3.3328914642333984,5.024318695068359,6.366220951080322,0.0709102316247681,0.50625,6.307151198387146
751,10,1600,,5,0.2,-19.136262533696787,0.952,5.6,-0.2204380503622059,1.0,4.939452648162842,6.13983964920044,7.014491558074951,0.5526315789473685,3.2533035278320312,5.118789196014404,6.535099983215332,0.1639606375724841,0.09375,6.2242536544799805
813,10,1600,,6,0.05,-23.29512109554493,0.982,5.44,-0.6991717554169459,1.0,4.992533206939697,6.186866283416748,7.005441188812256,0.5,3.443531036376953,5.286563873291016,6.612023830413818,0.2202946204580725,0.00625,6.470343351364136
875,10,1600,,6,0.2,-49.26458148457658,0.974,5.48,-0.2726531173147588,1.0,5.027081489562988,6.196805477142334,6.933264255523682,0.32,3.347337484359741,5.153034210205078,6.417853832244873,0.2429288007919962,0.140625,6.389208555221558
426,40,50,,3,0.01,-3.8235642778157457,0.371,1.83,-0.0045508949863561,0.4625,4.289106845855713,5.00574254989624,5.562245845794678,0.125,1.415631651878357,2.149688243865967,2.9422061443328857,-0.1574537004498713,0.484375,5.259430170059204
457,40,50,,3,0.05,-16.176625387033255,0.377,1.8,0.0988757346064875,0.7125,4.139841556549072,5.085620403289795,5.893408298492432,0.0,1.7032016515731812,2.192128419876098,2.6649422645568848,0.1228986902533943,0.0281249999999999,5.272221684455872
488,40,50,,3,0.1,25.65230615275553,0.385,1.77,0.4646176766538291,0.0125,4.400609016418457,5.062877178192139,5.5083723068237305,0.2,1.2045485973358154,1.6851812601089478,2.3455729484558105,-0.0295214295223562,0.8203125,5.500632166862488
519,40,50,,3,0.2,2.771940661275317,0.403,1.69,0.1614910096483226,0.075,4.080794811248779,4.941251277923584,5.673987865447998,0.1666666666666666,1.472619891166687,2.01192045211792,2.5712153911590576,-0.3978876015262201,0.125,5.312801003456116
550,40,50,,4,0.01,78.43052538097425,0.403,1.69,0.4755820874478121,0.0,3.950697660446167,4.662368774414063,5.336180210113525,0.2727272727272727,1.9776990413665767,2.877068281173706,3.654600143432617,0.0121614816679483,0.3385416666666667,5.395073771476746
581,40,50,,4,0.05,-27.984450651921836,0.404,1.68,0.1169094508343111,0.4625,4.444363594055176,5.293689250946045,5.970244884490967,0.0,0.8739660382270813,1.9060745239257808,3.058023452758789,0.1467021012519355,0.0703125,5.600230932235718
612,40,50,,4,0.1,2.082313981868797,0.407,1.67,0.1649602282606964,0.1125,4.339906215667725,5.038778781890869,5.6047186851501465,0.2,1.476081371307373,1.787505865097046,2.0674362182617188,0.8827275890873025,0.5625,5.182435631752014
643,40,50,,4,0.2,6.224275918490596,0.405,1.68,0.1129546306374415,0.0875,4.40215539932251,5.304959297180176,5.949681758880615,0.0,1.2251216173171997,1.8352484703063965,2.713640689849853,-0.2961697734285157,0.0859375,5.437958002090454
674,40,50,,5,0.01,-25.2216018569094,0.402,1.69,-0.2476169605167986,1.0,3.780824422836304,4.9040303230285645,5.793004035949707,0.1333333333333333,1.8726314306259155,2.728620767593384,3.694796323776245,-0.7074617633547107,0.7718749999999999,5.507440209388733
720,40,50,,5,0.1,9.58742063848517,0.419,1.62,0.7075605513054157,0.0125,3.850510835647583,4.911262035369873,5.723172187805176,0.25,1.570199728012085,2.409940481185913,3.2556777000427246,-0.2129189726093185,0.0625,5.419834852218628
751,40,50,,5,0.2,-19.136262533696787,0.428,1.59,0.1593623869860537,0.9875,3.4849629402160645,4.54589319229126,5.5492329597473145,0.0,1.284952163696289,2.0909907817840576,3.0797383785247803,-0.411114678791166,0.671875,5.664931535720825
782,40,50,,6,0.01,-86.42381835431243,0.418,1.63,0.851765653935335,1.0,3.3713881969451904,4.415043354034424,5.332564830780029,0.1,1.4391849040985107,1.997822642326355,2.73611068725586,-0.4089540871434464,0.6041666666666666,5.732082009315491
813,40,50,,6,0.05,-23.29512109554493,0.421,1.62,-0.5838980077376021,1.0,3.7174148559570312,4.7296648025512695,5.583259105682373,0.2307692307692307,1.718722939491272,2.613311290740967,3.6848435401916495,-0.5842055204081388,0.60546875,5.703253269195557
844,40,50,,6,0.1,-51.41557026855955,0.416,1.64,-0.3651265800955453,1.0,3.5108413696289062,4.625027656555176,5.56665563583374,0.0,0.8833787441253662,1.5680208206176758,2.528625249862671,-0.1059090196014925,1.0,5.677350997924805
875,40,50,,6,0.2,-49.26458148457658,0.426,1.59,-0.2151604709407824,0.65,3.1751437187194824,4.239945411682129,5.209651470184326,0.0,1.1912307739257812,1.816903829574585,2.651190996170044,0.0628012922075752,0.8385416666666667,5.718467473983765
420,40,400,,3,0.01,1.2257813837761642,0.951,5.62,0.0086135473412708,0.15,5.502317905426025,6.398644924163818,7.039596080780029,0.1212121212121212,2.6260831356048584,3.539942979812622,4.411365032196045,-0.1755283777648236,0.3625,6.313740968704224
451,40,400,,3,0.05,-12.659383196182684,0.961,5.56,-0.0533256710796152,0.75,5.701582431793213,6.702624797821045,7.353209018707275,0.1875,2.678020477294922,3.967429876327514,5.156126022338867,-0.211239077202204,0.6770833333333334,6.3326685428619385
482,40,400,,3,0.1,-3.557038532205605,0.938,5.7,-0.0025375116256407,0.1,5.44687032699585,6.322903156280518,6.983766078948975,0.1489361702127659,3.1078312397003174,4.101964473724365,4.963846683502197,0.0422199085432944,0.7187499999999999,6.11585533618927
513,40,400,,3,0.2,-4.361976627914746,0.972,5.5,-0.3502904476442219,0.8625,5.730754852294922,6.604775905609131,7.227340221405029,0.3421052631578947,3.2031571865081787,4.68679141998291,5.8780012130737305,0.063427025092027,0.45,6.292621970176697
544,40,400,,4,0.01,-16.875471101588957,0.953,5.61,-0.0748917722417134,0.4125,5.489573955535889,6.5651726722717285,7.240930080413818,0.4137931034482758,2.8894615173339844,4.5462965965271,6.076999664306641,-0.032609737357507,0.95,6.405694246292114
575,40,400,,4,0.05,-31.28121797229592,0.966,5.54,-0.2164670998878892,0.6125,5.7424635887146,6.701625823974609,7.299584865570068,0.5,3.046943664550781,4.488524436950684,5.829876899719238,0.0539941268103521,0.5125,6.439397931098938
606,40,400,,4,0.1,-27.860036231503933,0.978,5.47,-0.2063868725591041,0.5125,5.663210391998291,6.704690456390381,7.335267543792725,0.4130434782608695,3.287102222442627,4.611497402191162,5.831055641174316,0.1029270628044952,0.8187500000000001,6.287129878997803
637,40,400,,4,0.2,-24.996193418222923,0.974,5.49,-0.2855241576230672,0.1125,5.479002475738525,6.356513500213623,7.012237071990967,0.3684210526315789,3.232269287109375,4.757121562957764,5.975473880767822,0.193776672345107,0.921875,6.034884929656982
668,40,400,,5,0.01,-28.42240351450837,0.971,5.51,-0.2674038006845927,1.0,5.406832218170166,6.542332649230957,7.227491855621338,0.7083333333333334,2.828129291534424,4.767219543457031,6.462224006652832,0.0798374800332987,0.925,6.342509031295776
699,40,400,,5,0.05,-33.03765356029634,0.979,5.46,0.0472779979375278,0.375,5.482959747314453,6.392078399658203,6.979960918426514,0.6,3.222604513168335,4.870162487030029,6.0988450050354,0.18552506312797,0.640625,6.278856039047241
730,40,400,,5,0.1,-67.17285898139227,0.977,5.47,-0.3910113925377659,0.7125,5.458542346954346,6.438488960266113,7.047173976898193,0.7352941176470589,3.4070146083831787,5.257386207580566,6.389436721801758,0.3224710801231317,0.01875,6.331336259841919
792,40,400,,6,0.01,-38.33381100352402,0.981,5.45,-0.2933455689443677,1.0,5.21703052520752,6.325194835662842,7.065181255340576,0.4705882352941176,3.247885227203369,5.159066677093506,6.592833042144775,0.1685472761705941,0.425,6.468631029129028
854,40,400,,6,0.1,-26.73210065400279,0.977,5.47,-0.1154367129430785,1.0,5.109984874725342,6.236623287200928,6.988200664520264,0.5116279069767442,3.431992292404175,5.292809009552002,6.573745727539063,0.2401213628093446,0.521875,6.366790413856506
426,40,400,,3,0.01,-3.8235642778157457,0.946,5.65,-0.1719051297651214,0.5625,5.501786708831787,6.4419121742248535,7.209067821502685,0.0666666666666666,3.153200626373291,4.160262584686279,5.074774265289307,0.1932959199236442,0.971875,6.190451979637146
457,40,400,,3,0.05,-16.176625387033255,0.964,5.55,-0.0269368894902457,0.6375,5.814304351806641,6.672397136688232,7.250463962554932,0.2894736842105263,3.059439182281494,4.316288471221924,5.331508159637451,-0.0784105979677648,0.6437499999999999,6.193930983543396
488,40,400,,3,0.1,25.65230615275553,0.965,5.54,0.032144509326919,0.0,5.420452117919922,6.228243350982666,6.88173770904541,0.3611111111111111,2.9585065841674805,4.168939113616943,5.1874613761901855,-0.0766851351582619,0.24375,6.062726378440857
519,40,400,,3,0.2,2.771940661275317,0.971,5.51,-0.152190409546611,0.075,5.254322052001953,6.247951030731201,6.988336086273193,0.1219512195121951,2.8789937496185303,3.7658615112304688,4.789857387542725,0.0869150001632911,1.0,5.990437626838684
550,40,400,,4,0.01,78.43052538097425,0.978,5.47,0.3582948509752751,0.0,4.843688488006592,5.815136909484863,6.567690372467041,0.0,2.444491147994995,3.575864791870117,4.811882019042969,0.1517234682757066,0.0,6.184862732887268
581,40,400,,4,0.05,-27.984450651921836,0.97,5.51,-0.1486293713244921,0.525,5.549856185913086,6.574695587158203,7.2371721267700195,0.2826086956521739,3.2786178588867188,4.54425573348999,5.735321998596191,-0.0136213557854659,0.334375,6.299292325973511
612,40,400,,4,0.1,2.082313981868797,0.965,5.54,-0.0370038373464767,0.1375,5.396828651428223,6.385980606079102,7.032374858856201,0.4137931034482758,3.0122761726379395,4.611096382141113,5.857049465179443,0.064062351810357,0.190625,6.307087302207947
643,40,400,,4,0.2,6.224275918490596,0.974,5.49,-0.0574950096441037,0.0125,5.428458690643311,6.251965522766113,6.805305004119873,0.3421052631578947,3.171753406524658,4.665586948394775,5.847442626953125,0.199783840474498,0.00625,6.193958878517151
674,40,400,,5,0.01,-25.2216018569094,0.979,5.46,-0.7716370904454621,0.3625,5.475738525390625,6.590585231781006,7.209285736083984,0.5,3.228867292404175,4.926861763000488,6.288308620452881,0.1990907677884186,0.053125,6.453943133354187
720,40,400,,5,0.1,9.58742063848517,0.973,5.49,0.2953738870125616,0.0,5.201168060302734,6.202006340026856,6.845137119293213,0.225,3.314528226852417,4.852494716644287,6.098427772521973,0.1550391234341501,0.0,6.2238863706588745
751,40,400,,5,0.2,-19.136262533696787,0.976,5.48,-0.1238135154773278,1.0,4.963935852050781,6.164280891418457,7.0382080078125,0.1818181818181818,3.184703826904297,4.773528575897217,6.09848165512085,0.1093791919589414,0.6927083333333333,6.138121008872986
813,40,400,,6,0.05,-23.29512109554493,0.975,5.49,-0.3795363425199899,1.0,4.96963357925415,6.167417049407959,6.992640972137451,0.5365853658536586,3.445215940475464,5.385533332824707,6.73006534576416,0.2132520449099149,0.2875,6.456507802009583
875,40,400,,6,0.2,-49.26458148457658,0.964,5.55,-0.4383408956106056,1.0,5.009261608123779,6.18505334854126,6.92877721786499,0.4634146341463415,3.5427498817443848,5.428750038146973,6.65142297744751,0.3955679505700709,0.821875,6.277792811393738
426,40,1600,,3,0.01,-3.8235642778157457,1.0,21.35,-0.0238084099284538,0.5625,5.566000461578369,6.510517120361328,7.274386882781982,0.1379310344827586,3.523620367050171,4.563190460205078,5.495621681213379,-0.0314933633911696,0.984375,6.234285950660706
457,40,1600,,3,0.05,-16.176625387033255,1.0,21.35,-0.1373055750878987,0.6375,5.849462985992432,6.710918426513672,7.293715953826904,0.4210526315789473,3.578192949295044,4.713106155395508,5.725361347198486,0.0158722073165376,0.103125,6.196188569068909
488,40,1600,,3,0.1,25.65230615275553,1.0,21.35,0.2951401468159912,0.0,5.281726360321045,6.197465896606445,6.891251564025879,0.2075471698113207,3.534367084503174,4.596282958984375,5.503472328186035,0.1638804805879249,0.165625,5.933855414390564
519,40,1600,,3,0.2,2.771940661275317,1.0,21.35,-0.0583599730085325,0.0625,5.289910793304443,6.281100749969482,7.020260810852051,0.0784313725490196,3.313279867172241,4.44618558883667,5.534514427185059,0.2228182256675051,0.11875,6.128404378890991
550,40,1600,,4,0.01,78.43052538097425,1.0,21.35,0.3199222458786471,0.0,4.84740686416626,5.788661003112793,6.564379215240479,0.1320754716981132,3.461071014404297,4.598443508148193,5.62277364730835,0.3339711008182639,0.075,6.114111423492432
612,40,1600,,4,0.1,2.082313981868797,1.0,21.35,-0.2356439764989169,0.1375,5.450915336608887,6.42674732208252,7.06261157989502,0.392156862745098,3.6421189308166495,5.090964794158936,6.180108547210693,-0.0442304895996335,1.0,6.410424828529358
674,40,1600,,5,0.01,-25.2216018569094,1.0,21.35,0.1181125623239876,0.3625,5.50038480758667,6.606536388397217,7.228386878967285,0.9016393442622952,3.978656530380249,5.800793170928955,6.877218723297119,0.2294593977565844,0.0406249999999999,6.56828510761261
751,40,1600,,5,0.2,-19.136262533696787,1.0,21.35,-0.2142062991946632,1.0,5.023922920227051,6.215325355529785,7.076785564422607,0.5714285714285714,4.000202178955078,5.770806789398193,6.91637134552002,0.1364683998376297,0.740625,6.38966977596283
813,40,1600,,6,0.05,-23.29512109554493,1.0,21.35,-0.5940461681751381,1.0,5.041440486907959,6.229498863220215,7.036200046539307,0.6197183098591549,4.175137519836426,5.970269203186035,7.015695095062256,0.2763827300771894,0.346875,6.6191664934158325
875,40,1600,,6,0.2,-49.26458148457658,1.0,21.35,-0.5948270311597471,1.0,5.077305316925049,6.24348258972168,6.9734787940979,0.543859649122807,4.151553630828857,6.010655403137207,7.01028299331665,0.3681651194592156,0.3843749999999999,6.521769046783447
427,10,50,,3,0.01,-41.3525179488977,0.112,1.52,0.3804489347160655,0.1,3.296546697616577,3.638256788253784,3.945509433746338,0.25,1.0582704544067385,1.5880639553070068,2.24306869506836,-0.1844095931535951,0.421875,4.291242003440857
458,10,50,,3,0.05,0.4466454396956449,0.116,1.47,-1.0127334176961853,0.075,2.656360626220703,3.1296346187591557,3.4486076831817627,0.0,1.039728045463562,1.4953621625900269,2.0524473190307617,-0.2795298762968696,0.78125,4.340191841125488
489,10,50,,3,0.1,-5.530406551054341,0.12,1.42,0.4101275526146731,0.0,3.101368904113769,3.6836884021759033,4.288649082183838,0.125,1.444061517715454,1.9183664321899412,2.378923892974853,0.263841400071547,0.1666666666666666,4.460129022598267
520,10,50,,3,0.2,2.0196605728685517,0.122,1.39,0.6271954064952767,1.0,2.914926767349243,3.364729404449463,3.801435947418213,0.25,1.0538856983184814,1.3962630033493042,1.9261316061019895,0.5883461335355888,0.0364583333333333,4.582281947135925
551,10,50,,4,0.01,-12.598162870506057,0.117,1.46,0.6078965820115323,0.2625,1.908952116966248,2.4921977519989014,3.148590087890625,0.3333333333333333,0.8559527397155762,1.0639772415161133,1.2735739946365356,0.315924005144706,0.4583333333333333,4.319345951080322
582,10,50,,4,0.05,-20.161306901824567,0.125,1.36,0.116627398502491,0.225,2.7380261421203613,3.411659240722656,3.971758365631104,0.0,1.2849351167678833,1.8992342948913572,2.5272977352142334,-0.2102780422900098,0.4479166666666667,4.333126187324524
613,10,50,,4,0.1,-22.6348913684337,0.125,1.36,0.7665847347898239,0.0,2.6990842819213867,3.194753646850586,3.6495590209960938,0.4285714285714285,1.1912120580673218,1.5146291255950928,1.791238784790039,0.1718750992813263,0.5208333333333334,4.441266417503357
644,10,50,,4,0.2,53.48846762686056,0.126,1.35,0.7340357727079632,0.0,1.5666687488555908,1.9569953680038448,2.4229893684387207,0.0,1.0397286415100098,1.4075464010238647,1.802587866783142,-0.0298913388019418,0.109375,4.388306617736816
690,10,50,,5,0.05,19.46385767445848,0.124,1.37,0.7337177738912825,0.0,2.693692922592163,3.50989031791687,4.241668224334717,0.0,1.133450627326965,1.5038822889328003,1.8785653114318848,-0.0512183776822761,0.3697916666666667,4.622178077697754
721,10,50,,5,0.1,55.01886922438137,0.126,1.35,0.777482296747935,0.0125,2.176208019256592,2.8218953609466557,3.461943864822388,0.0,1.0397286415100098,1.47936749458313,1.984099268913269,-0.1112743714740791,0.6822916666666667,4.466920495033264
752,10,50,,5,0.2,-8.878799685305857,0.125,1.36,0.637295312021303,0.2,2.1977498531341557,2.8810317516326904,3.54280161857605,0.1,1.34859299659729,1.882140040397644,2.415224075317383,-0.2407264904960021,0.16796875,4.662311553955078
783,10,50,,6,0.01,-42.99969305482514,0.134,1.27,0.7124207523831101,1.0,2.4405651092529297,3.163252592086792,3.852566957473755,0.0,1.5680506229400637,2.3224055767059326,2.996262311935425,0.1241145652245031,0.2760416666666666,4.631020188331604
814,10,50,,6,0.05,-47.9480359713048,0.127,1.34,0.6332711861773683,1.0,1.763643503189087,2.459488868713379,3.284184694290161,0.0,1.0397286415100098,1.4190528392791748,1.7896593809127808,-0.0087046273921236,0.9010416666666666,4.633252024650574
845,10,50,,6,0.1,-16.385632508942592,0.128,1.32,0.8366227811035696,1.0,2.483834743499756,3.136220216751098,3.702603578567505,0.0,1.1334508657455444,1.8241876363754272,2.6721911430358887,-0.4949550072987321,0.4479166666666666,4.491073369979858
876,10,50,,6,0.2,-71.87814112792898,0.129,1.32,0.2966231353248627,1.0,2.4640324115753174,3.123725175857544,3.720555067062378,0.1428571428571428,1.0320839881896973,1.4437893629074097,2.0130395889282227,-0.2176040386137626,0.953125,4.486128330230713
427,10,400,,3,0.01,-41.3525179488977,0.531,2.52,0.2859572235322973,0.1875,4.850083827972412,5.623387336730957,6.057640552520752,0.125,1.6935975551605225,2.736387252807617,3.799219846725464,-0.1086729160466241,0.109375,5.688460230827332
458,10,400,,3,0.05,0.4466454396956449,0.558,2.4,0.168877660923356,0.125,4.926941871643066,5.669888973236084,6.230109214782715,0.3529411764705882,2.09100079536438,3.123884439468384,4.158558368682861,-0.3880369952394331,0.09375,5.678295373916626
489,10,400,,3,0.1,-5.530406551054341,0.604,2.21,-0.0290110293620315,0.825,4.8802266120910645,5.884168148040772,6.705050945281982,0.1818181818181818,2.070919752120972,3.011827230453491,3.945488691329956,-0.1750265578085845,0.6125,5.963322043418884
520,10,400,,3,0.2,2.0196605728685517,0.616,2.17,-0.0233131101032027,0.1375,4.764848709106445,5.58577299118042,6.263076305389404,0.0714285714285714,1.727081537246704,2.572819471359253,3.6952788829803462,-0.6143754290846837,0.0281249999999999,5.756596684455872
551,10,400,,4,0.01,-12.598162870506057,0.625,2.14,-0.1366904274571024,0.75,4.606647491455078,5.584071636199951,6.42147970199585,0.0,1.5641168355941772,2.402367353439331,3.400994777679444,-0.1597269906493252,0.0416666666666666,5.769978761672974
582,10,400,,4,0.05,-20.161306901824567,0.587,2.28,0.2898911228675299,0.125,5.02512788772583,5.970876216888428,6.591591835021973,0.3,1.9998338222503664,3.3220224380493164,4.63157320022583,-0.1434817152719463,0.6510416666666666,5.890903830528259
613,10,400,,4,0.1,-22.6348913684337,0.578,2.31,0.0238773440952334,0.025,4.947686195373535,5.849259376525879,6.463888645172119,0.3333333333333333,2.145479679107666,3.2474629878997803,4.304398536682129,-0.3340465300345656,0.0,5.744388461112976
644,10,400,,4,0.2,53.48846762686056,0.613,2.18,0.7153315436420242,0.025,4.415340423583984,5.445152282714844,6.223325252532959,0.3103448275862069,2.678382396697998,3.7960495948791504,4.820685863494873,-0.1273068852183334,0.0562499999999999,5.839980721473694
690,10,400,,5,0.05,19.46385767445848,0.617,2.17,0.681545775154879,0.0,4.392754554748535,5.4203643798828125,6.191218852996826,0.3,1.6358071565628052,2.393244743347168,3.333165645599365,-0.6958631093315427,0.0,5.94829249382019
721,10,400,,5,0.1,55.01886922438137,0.629,2.12,0.1676107672644118,0.0,4.753760814666748,5.491574764251709,6.031991481781006,0.3076923076923077,2.546972751617432,3.67745852470398,4.685748100280762,-0.0764672379254516,0.0,5.823109865188599
752,10,400,,5,0.2,-8.878799685305857,0.606,2.21,-0.2320598490385978,1.0,4.028476238250732,5.111208438873291,6.052515983581543,0.1,1.863431692123413,2.717828750610352,3.701796531677246,0.1573904448292228,0.0104166666666666,5.876114845275879
783,10,400,,6,0.01,-42.99969305482514,0.661,2.02,0.262739630954421,1.0,4.487571239471436,5.689168453216553,6.544447422027588,0.2916666666666667,2.3820979595184326,3.523620367050171,4.7769927978515625,-0.0787250558607452,0.8468749999999999,6.0368794202804565
814,10,400,,6,0.05,-47.9480359713048,0.627,2.13,-0.1254149960895604,0.8375,4.389978885650635,5.573819637298584,6.428257942199707,0.0,1.638611078262329,2.6653974056243896,4.0234880447387695,-0.2802725348870143,0.1041666666666666,6.072495222091675
845,10,400,,6,0.1,-16.385632508942592,0.634,2.11,-0.2847988771330143,0.9875,4.298443794250488,5.46877908706665,6.382421016693115,0.5,2.498953342437744,3.971688032150269,5.42825174331665,-0.0677818593548895,0.74375,5.952851295471191
876,10,400,,6,0.2,-71.87814112792898,0.639,2.09,-0.090126610156761,1.0,3.940771579742432,5.0388922691345215,5.944573402404785,0.1428571428571428,2.3027639389038086,3.3995540142059326,4.577975749969482,-0.0473666702394496,0.78125,5.902400255203247
427,10,1600,,3,0.01,-41.3525179488977,0.959,5.56,0.1263061872391432,0.1875,5.6501007080078125,6.501912593841553,7.022714138031006,0.2857142857142857,2.278043270111084,3.533104658126831,4.810605525970459,-0.0946759729432435,0.053125,6.463826656341553
458,10,1600,,3,0.05,0.4466454396956449,0.969,5.51,-0.2178800960850313,0.475,5.628580570220947,6.524471282958984,7.157422065734863,0.1,2.1655845642089844,3.2318673133850098,4.433536529541016,-0.1255350031253519,0.0364583333333333,6.289700746536255
489,10,1600,,3,0.1,-5.530406551054341,0.966,5.53,-0.0113557855259399,0.65,5.507558345794678,6.490724086761475,7.271905422210693,0.0,2.350288391113281,3.542813777923584,4.709155082702637,0.2614885019484769,0.625,6.364848732948303
520,10,1600,,3,0.2,2.0196605728685517,0.966,5.52,-0.1607469938124875,0.05,5.562301635742188,6.379006385803223,6.976260662078857,0.4090909090909091,2.330479145050049,3.690583944320679,5.03040075302124,-0.312914482857425,0.003125,6.248801946640015
551,10,1600,,4,0.01,-12.598162870506057,0.965,5.53,-0.1365051568785617,0.65,5.613261222839356,6.657418727874756,7.3268609046936035,0.2647058823529412,2.8392162322998047,4.201047897338867,5.630279064178467,-0.1620155566102542,0.4875,6.4790250062942505
582,10,1600,,4,0.05,-20.161306901824567,0.953,5.6,-0.1070926512404697,0.35,5.6522746086120605,6.614863872528076,7.209695339202881,0.4736842105263157,3.17837142944336,4.663861274719238,6.013701915740967,-0.0801931895916235,0.653125,6.36859941482544
613,10,1600,,4,0.1,-22.6348913684337,0.966,5.52,0.0377430618478059,0.075,5.579090118408203,6.564464092254639,7.1655707359313965,0.25,3.07824182510376,4.528728008270264,5.811346530914307,0.2050201217585699,0.19375,6.327293872833252
644,10,1600,,4,0.2,53.48846762686056,0.977,5.46,0.0739292173901854,0.0,5.005382537841797,6.068537712097168,6.799903869628906,0.2702702702702703,3.1178343296051025,4.6075358390808105,5.834837913513184,0.16751669288666,0.2624999999999999,6.228868842124939
690,10,1600,,5,0.05,19.46385767445848,0.978,5.46,-0.1294147508060937,0.0,5.336697578430176,6.380671501159668,7.061425685882568,0.34375,3.0834996700286865,4.799530982971191,6.151180744171143,-0.0063830926080495,0.00625,6.1427319049835205
721,10,1600,,5,0.1,55.01886922438137,0.953,5.6,-0.0726742984674227,0.0125,5.2640910148620605,6.11065673828125,6.686315059661865,0.3488372093023256,3.486720323562622,5.027772903442383,6.091546535491943,0.2795877137907898,1.0,6.150254964828491
752,10,1600,,5,0.2,-8.878799685305857,0.98,5.45,-0.1853275959896413,1.0,5.410402774810791,6.509732723236084,7.174294948577881,0.64,3.027586936950684,4.923304080963135,6.41546630859375,0.0540647791933129,0.53515625,6.491374850273132
814,10,1600,,6,0.05,-47.9480359713048,0.978,5.46,-1.225593521053132,1.0,5.193416118621826,6.362953186035156,7.072082042694092,0.5106382978723404,3.6286873817443848,5.441359996795654,6.70089864730835,0.2645414270750228,1.0,6.362591743469238
876,10,1600,,6,0.2,-71.87814112792898,0.976,5.47,-0.0158505118413329,1.0,4.671884059906006,5.840579986572266,6.719264507293701,0.4897959183673469,3.7164599895477295,5.371249675750732,6.500013828277588,0.3232038844064975,0.671875,6.191637754440308
427,40,50,,3,0.01,-41.3525179488977,0.383,1.78,0.1404950786675082,0.2,4.592866897583008,5.283324241638184,5.7624101638793945,0.25,0.8876894116401672,1.2490284442901611,1.7841174602508545,-0.2695444464709345,0.7421875,5.336259126663208
458,40,50,,3,0.05,0.4466454396956449,0.391,1.74,0.1702950575918673,0.3,4.296412944793701,5.11282205581665,5.825009822845459,0.0,1.408365249633789,2.041944980621338,2.5989315509796143,0.4762426638607369,0.4322916666666666,5.303831338882446
489,40,50,,3,0.1,-5.530406551054341,0.395,1.72,-0.0024461355607369,0.8375,4.306638240814209,5.222934246063232,6.027710437774658,0.0,1.6903603076934814,2.4759998321533203,3.1815505027771,0.0912079291877242,0.6822916666666666,5.64894437789917
520,40,50,,3,0.2,2.0196605728685517,0.416,1.63,-0.0992398170228113,0.05,4.481330871582031,5.143988132476807,5.7156500816345215,0.0833333333333333,1.6977381706237793,2.302546501159668,3.0717315673828125,-0.188084247101532,0.1015625,5.464358925819397
551,40,50,,4,0.01,-12.598162870506057,0.396,1.72,-0.1183216218402468,0.5,4.23030424118042,5.07583475112915,5.775306701660156,0.25,1.682855248451233,2.526414632797241,3.5051491260528564,-0.4966712206287539,0.13125,5.342456102371216
582,40,50,,4,0.05,-20.161306901824567,0.364,1.87,0.5926151816007729,0.0,4.230182647705078,5.081991195678711,5.709182262420654,0.0,0.9844581484794616,1.3725321292877195,2.0389113426208496,-0.1640116314109262,0.0,5.374457001686096
613,40,50,,4,0.1,-22.6348913684337,0.396,1.72,0.0729359323374433,0.0125,4.369041919708252,5.18887996673584,5.824648380279541,0.2307692307692307,1.6283787488937378,2.2499687671661377,2.928641557693481,-0.3686231668931293,0.31875,5.351540684700012
644,40,50,,4,0.2,53.48846762686056,0.412,1.65,0.4387777914078231,0.15,3.880058765411377,4.941184043884277,5.7570576667785645,0.0,1.0397462844848633,1.597665786743164,2.472792148590088,-0.5655011698742866,0.65625,5.714773058891296
690,40,50,,5,0.05,19.46385767445848,0.41,1.66,0.4555226600352858,0.0,4.0087103843688965,5.087481498718262,5.860168933868408,0.0,1.0397460460662842,1.666595458984375,2.644853115081787,-0.6686309741546063,0.2708333333333333,5.498789429664612
721,40,50,,5,0.1,55.01886922438137,0.427,1.59,0.4532391271393732,0.0,3.019188642501831,3.827590227127075,4.668337345123291,0.0,1.03974711894989,1.4075816869735718,1.906415343284607,-0.005409323300137,0.0,5.421626687049866
752,40,50,,5,0.2,-8.878799685305857,0.424,1.6,-0.1527011022313836,0.5,3.906444549560547,4.991061687469482,5.852163791656494,0.0,1.1334683895111084,1.645946741104126,2.2742838859558105,-0.2724066920281333,0.4739583333333333,5.542282462120056
783,40,50,,6,0.01,-42.99969305482514,0.419,1.62,0.1053008298777718,1.0,3.262554168701172,4.292386054992676,5.319438457489014,0.3,1.710296630859375,2.443842649459839,3.3457236289978027,-0.3926251281137924,0.9791666666666669,5.667311668395996
814,40,50,,6,0.05,-47.9480359713048,0.428,1.59,-0.4852359945019494,1.0,3.9608116149902335,4.986993312835693,5.754734039306641,0.6923076923076923,2.277754306793213,3.3140761852264404,4.212396621704102,-0.2410863653288463,0.7239583333333333,5.733929991722107
845,40,50,,6,0.1,-16.385632508942592,0.424,1.61,-0.0938405525310949,1.0,3.715588331222534,4.737806797027588,5.639422416687012,0.0909090909090909,1.3687868118286133,2.098487377166748,3.1444287300109863,-0.560170682534558,0.625,5.730830907821655
876,40,50,,6,0.2,-71.87814112792898,0.42,1.62,-0.3361424320009008,1.0,3.7013909816741934,4.725285053253174,5.55829668045044,0.0,1.5710268020629885,2.398535251617432,3.2706611156463623,-0.1231544955484831,0.3958333333333333,5.52307116985321
427,40,400,,3,0.01,-41.3525179488977,0.958,5.58,0.023263143905021,0.2375,5.668296813964844,6.507084846496582,7.011709690093994,0.4838709677419355,2.97754454612732,4.322774410247803,5.36693811416626,-0.077872367542225,0.2625,6.132603049278259
458,40,400,,3,0.05,0.4466454396956449,0.96,5.57,-0.0082688749747142,0.45,5.5921125411987305,6.522911071777344,7.183724880218506,0.1590909090909091,3.039134979248047,4.123839855194092,5.138179302215576,-0.0790302072107864,0.034375,6.133131146430969
489,40,400,,3,0.1,-5.530406551054341,0.952,5.62,-0.0418872131724601,0.725,5.516578674316406,6.488837718963623,7.26527738571167,0.1568627450980392,3.201223850250244,4.221189975738525,5.1788330078125,0.024511642963309,0.69375,6.054655075073242
520,40,400,,3,0.2,2.0196605728685517,0.969,5.52,-0.2561999842321565,0.0875,5.602266788482666,6.389331817626953,6.976039409637451,0.2826086956521739,3.411320209503174,4.710996150970459,5.716723442077637,-0.0124903666116658,0.0,6.036023020744324
551,40,400,,4,0.01,-12.598162870506057,0.957,5.59,-0.3200650291355369,0.85,5.632253170013428,6.662731170654297,7.321601867675781,0.28125,3.0820891857147217,4.611364841461182,5.948846340179443,-0.0285686928045216,0.734375,6.419904947280884
582,40,400,,4,0.05,-20.161306901824567,0.961,5.56,-0.0810726360108735,0.2625,5.685563564300537,6.634207248687744,7.209779262542725,0.6410256410256411,3.257795810699463,4.789774417877197,6.053456783294678,-0.0061224114749462,0.5875,6.386477112770081
613,40,400,,4,0.1,-22.6348913684337,0.963,5.55,-0.3079284581842917,0.075,5.548186302185059,6.550144195556641,7.165875911712647,0.3333333333333333,3.323671817779541,4.698021411895752,5.944114208221436,-0.0114029882343332,0.5375,6.350609302520752
644,40,400,,4,0.2,53.48846762686056,0.982,5.44,-0.0199475914880663,0.0,5.029427528381348,6.092237949371338,6.822063446044922,0.36,2.859064817428589,4.537137508392334,5.887373924255371,0.218600302308793,0.378125,6.156464457511902
690,40,400,,5,0.05,19.46385767445848,0.961,5.57,-0.0605316314336141,0.0125,5.302540302276611,6.346042156219482,7.03364896774292,0.5121951219512195,3.4338834285736084,5.157609462738037,6.391070365905762,0.1429157355965082,0.8593749999999999,6.3028647899627686
752,40,400,,5,0.2,-8.878799685305857,0.972,5.5,-0.2308984152462049,1.0,5.413861274719238,6.510536193847656,7.167680263519287,0.4864864864864865,3.2165534496307373,4.988361358642578,6.396279811859131,0.286234675104717,0.7374999999999999,6.54409122467041
814,40,400,,6,0.05,-47.9480359713048,0.978,5.47,-0.8102163210345839,1.0,5.212302684783936,6.373336315155029,7.070202827453613,0.4736842105263157,3.285407781600952,5.196804523468018,6.586831569671631,0.2747361235511941,0.2,6.430980443954468
876,40,400,,6,0.2,-71.87814112792898,0.981,5.45,-0.1729581455875926,1.0,4.673598766326904,5.848229885101318,6.732342720031738,0.2571428571428571,3.401446580886841,5.032290935516357,6.2450785636901855,0.3888861956555736,0.971875,6.248025178909302
427,40,1600,,3,0.01,-41.3525179488977,1.0,21.35,0.1188599822833393,0.25,5.700470924377441,6.549867153167725,7.070323944091797,0.4716981132075472,3.421527624130249,4.550079345703125,5.597261905670166,-0.1050945623415105,0.196875,6.191452145576477
458,40,1600,,3,0.05,0.4466454396956449,1.0,21.35,-0.0662812374835663,0.4375,5.622875213623047,6.557770729064941,7.21791410446167,0.2580645161290322,3.5393588542938232,4.514060497283936,5.4354095458984375,-0.0070680327053066,0.00625,6.104502439498901
489,40,1600,,3,0.1,-5.530406551054341,1.0,21.35,0.0082404386954301,0.675,5.563487529754639,6.546792030334473,7.322212219238281,0.2962962962962963,3.52656626701355,4.6901373863220215,5.714354991912842,-0.0411257630776007,0.546875,6.233128786087036
551,40,1600,,4,0.01,-12.598162870506057,1.0,21.35,-0.1538597484708467,0.725,5.6801347732543945,6.71497106552124,7.3689866065979,0.5384615384615384,3.5716824531555176,5.029133319854736,6.308891773223877,0.0847108739444752,0.896875,6.474844217300415
613,40,1600,,4,0.1,-22.6348913684337,1.0,21.35,-0.3940190789562047,0.075,5.611169815063477,6.601853370666504,7.2048211097717285,0.7142857142857143,3.768379211425781,5.326879501342773,6.465161323547363,0.1040682663845303,0.11875,6.437275171279907
690,40,1600,,5,0.05,19.46385767445848,1.0,21.35,-0.1289710485499983,0.0,5.377395153045654,6.41360330581665,7.084785461425781,0.625,3.871292114257813,5.545857906341553,6.665412902832031,0.2063899857240356,0.0,6.420873165130615
752,40,1600,,5,0.2,-8.878799685305857,1.0,21.35,-0.0488376089078097,1.0,5.452491283416748,6.549644470214844,7.206059455871582,0.7333333333333333,3.964908361434937,5.813893795013428,6.94290018081665,0.1512001005895503,0.428125,6.594506740570068
428,10,50,,3,0.01,-4.470633486317453,0.12,1.41,-0.2411747507831549,0.0,3.014209508895874,3.516350507736206,3.928075075149536,0.2,0.808254063129425,0.9620487689971924,1.1576610803604126,0.2153743785384481,0.46875,4.328312873840332
459,10,50,,3,0.05,3.218057928153633,0.122,1.39,-0.8356699396077762,0.0875,2.7211854457855225,3.265798330307007,3.768808126449585,0.0,1.2373645305633545,1.849560260772705,2.480384826660156,-0.1202146228679634,0.25,4.254856944084168
490,10,50,,3,0.1,-20.614923975239662,0.118,1.44,0.265977787404817,0.1,3.0045690536499023,3.404071807861328,3.836248874664306,0.2857142857142857,1.6996525526046753,2.177469491958618,2.546093702316284,0.4334394159685245,0.528125,4.64290726184845
521,10,50,,3,0.2,-2.5949241501049283,0.126,1.35,0.5199618943567306,0.15,2.9235637187957764,3.4104621410369877,3.866473913192749,0.0,1.0397285223007202,1.4075464010238647,1.7717493772506714,-0.0002443111142196,0.3020833333333333,4.216830015182495
552,10,50,,4,0.01,-11.163127979587726,0.125,1.36,0.7422013900085818,0.0,3.3306915760040283,3.902951002120972,4.377190589904785,0.0,1.688563585281372,2.276559829711914,2.9235026836395264,-0.023820584353965,0.615625,4.4969892501831055
583,10,50,,4,0.05,28.472607937392368,0.111,1.53,0.5818705212928665,0.0,2.203649044036865,2.9130420684814453,3.657201766967773,0.0,1.0397276878356934,1.5881118774414062,2.1988561153411865,-0.2067768016938203,0.1927083333333333,4.39530086517334
614,10,50,,4,0.1,-12.13766082906188,0.123,1.39,0.528265116164081,0.6875,3.5078911781311035,4.103475093841553,4.544836521148682,0.0833333333333333,1.5711429119110107,2.168939113616944,2.722219944000244,0.0555797328599467,0.3203125,4.42907977104187
660,10,50,,5,0.01,1.9053751696081136,0.12,1.42,0.7408602297281974,0.1875,1.9398170709609983,2.635351181030273,3.359987735748291,0.0,0.7650769948959351,1.0109987258911133,1.2969684600830078,0.3369360154641523,0.0,4.343281984329224
691,10,50,,5,0.05,-16.171144702457998,0.129,1.32,0.7482005901827725,0.225,2.0788722038269043,2.7879700660705566,3.5894711017608643,0.0,1.0397288799285889,1.503679633140564,1.9861745834350584,-0.0430203071074947,0.6302083333333334,4.5295504331588745
722,10,50,,5,0.1,-51.81568753840308,0.132,1.29,0.8707203101392831,1.0,2.654437303543091,3.2816948890686035,3.913584470748901,0.375,1.8617817163467407,2.621082067489624,3.3125922679901123,-0.0468528764972659,0.784375,4.328202962875366
753,10,50,,5,0.2,-27.36167081917381,0.13,1.31,0.504590972970336,0.7875,1.9323748350143437,2.2963223457336426,2.6794509887695312,0.0,1.0320842266082764,1.3522183895111084,1.671675205230713,0.0214844697990471,0.109375,4.545670032501221
784,10,50,,6,0.01,-71.27016179316198,0.129,1.31,0.8159363952427691,1.0,2.04738998413086,2.822339534759521,3.5765130519866943,0.0,1.2373648881912231,1.7472041845321655,2.1887645721435547,-0.0941264967937521,0.9895833333333334,4.569080114364624
815,10,50,,6,0.05,-81.15612396422729,0.127,1.34,0.5972147414014342,1.0,2.6709086894989014,3.1294970512390137,3.557867765426636,0.0,1.0397286415100098,1.503679275512695,2.027717113494873,0.117263867599904,0.4218749999999999,4.673940896987915
846,10,50,,6,0.1,68.02202730824673,0.134,1.27,0.6906978574929725,0.225,1.836218237876892,2.471454620361328,3.1700198650360107,0.0,1.1912133693695068,1.7333498001098633,2.36503267288208,0.1429428500216845,0.5833333333333333,4.457810640335083
877,10,50,,6,0.2,-36.88598049578116,0.127,1.34,0.7786981725048427,1.0,1.9009857177734373,2.590287446975708,3.308093786239624,0.0,0.9165619611740112,1.3348798751831057,1.7909088134765625,0.515625085680407,0.7552083333333333,4.766880393028259
428,10,400,,3,0.01,-4.470633486317453,0.57,2.35,-0.0574827785472649,0.9375,5.065674304962158,5.96633243560791,6.709018230438232,0.2608695652173913,2.242161750793457,3.2495129108428955,4.190080165863037,-0.246033246226101,0.796875,5.797972798347473
459,10,400,,3,0.05,3.218057928153633,0.565,2.37,0.2275016693008629,0.0125,4.911676406860352,5.698771953582764,6.3839287757873535,0.0869565217391304,2.2231605052948,2.90354323387146,3.515061616897583,0.3858537641319312,0.2375,5.847947478294373
490,10,400,,3,0.1,-20.614923975239662,0.587,2.28,0.3752870933727286,0.7375,4.714580059051514,5.900247097015381,6.7260050773620605,0.2222222222222222,1.3384398221969604,1.8853464126586916,2.809751510620117,-0.2348467887656219,0.1197916666666666,5.938935995101929
521,10,400,,3,0.2,-2.5949241501049283,0.575,2.33,-0.0968750797392219,0.1125,4.975703716278076,5.780619144439697,6.430174350738525,0.2758620689655172,2.6401939392089844,3.7572178840637207,4.719305515289307,-0.0181387917745256,0.778125,5.776773810386658
552,10,400,,4,0.01,-11.163127979587726,0.595,2.25,-0.2716991748406383,0.4375,4.82774829864502,5.77136754989624,6.516831874847412,0.0,1.276441216468811,2.326715469360352,3.859117031097412,-0.2607218150816344,0.8229166666666667,5.956382632255554
583,10,400,,4,0.05,28.472607937392368,0.623,2.15,0.0630661435386862,0.0,4.955270290374756,5.847738742828369,6.428849697113037,0.375,2.367002248764038,3.521512269973755,4.539510250091553,-0.2794685540462918,0.0,5.847219586372376
614,10,400,,4,0.1,-12.13766082906188,0.583,2.29,0.0729786197138218,0.4375,4.311328411102295,5.4340009689331055,6.369065284729004,0.3333333333333333,1.991599917411804,3.1225242614746094,4.261554718017578,-0.1580177335300903,0.15625,5.772525668144226
660,10,400,,5,0.01,1.9053751696081136,0.61,2.19,-0.1276489103995859,1.0,4.648022651672363,5.753448486328125,6.488786220550537,0.217391304347826,2.2917709350585938,3.4291138648986816,4.667030334472656,-0.2168625490756827,0.7156250000000001,5.825697898864746
691,10,400,,5,0.05,-16.171144702457998,0.635,2.1,-0.1111212991328224,1.0,4.775004863739014,5.878051280975342,6.638721466064453,0.0,1.864237189292908,3.0009078979492188,4.32764196395874,-0.2261954297234872,1.0,5.821830987930298
722,10,400,,5,0.1,-51.81568753840308,0.605,2.21,-0.2426785722725013,1.0,4.479059219360352,5.581189155578613,6.413299560546875,0.125,1.990554451942444,3.2453207969665527,4.648272514343262,-0.1871812647990872,0.9375,5.999942183494568
753,10,400,,5,0.2,-27.36167081917381,0.618,2.16,-0.5460867800711873,1.0,4.487205505371094,5.65153169631958,6.505785465240479,0.36,2.405461549758911,3.680986166000366,5.088931560516357,-0.3561721063774875,0.4312499999999999,5.955051779747009
784,10,400,,6,0.01,-71.27016179316198,0.586,2.28,0.0607647276224989,1.0,4.270057201385498,5.463922023773193,6.3405351638793945,0.2,1.494119644165039,2.62037205696106,4.140375137329102,-0.1324153955749476,0.8515625,6.014906525611877
815,10,400,,6,0.05,-81.15612396422729,0.622,2.15,-0.5181895992399592,0.8375,4.5655131340026855,5.623831272125244,6.361575603485107,0.3,2.311039447784424,3.605767250061035,4.989481449127197,0.0336373341295047,0.37890625,6.110534310340881
846,10,400,,6,0.1,68.02202730824673,0.635,2.1,0.7596154636855591,0.075,4.204578399658203,5.293502807617188,6.045966625213623,0.25,2.3335208892822266,3.662943363189697,5.096285343170166,-0.0185867064543579,0.54375,5.935667276382446
877,10,400,,6,0.2,-36.88598049578116,0.65,2.06,-0.4530407168183918,1.0,4.206189155578613,5.384723663330078,6.364333629608154,0.5384615384615384,2.61551570892334,3.917622327804565,5.305384635925293,0.0115214448942398,0.4125,6.011216282844544
420,40,1600,,3,0.01,1.2257813837761642,1.0,21.35,-0.0405545126795871,0.025,5.590928077697754,6.453723430633545,7.093626499176025,0.2142857142857142,3.4392364025115967,4.430365085601807,5.376399993896484,0.0943927966357912,0.815625,6.023069500923157
451,40,1600,,3,0.05,-12.659383196182684,1.0,21.35,-0.0475037727352828,0.725,5.759641170501709,6.751857757568359,7.39107084274292,0.6086956521739131,3.345383405685425,4.655091762542725,5.810678958892822,-0.1889654010153215,0.484375,6.37650203704834
482,40,1600,,3,0.1,-3.557038532205605,1.0,21.35,0.0951432943396774,0.05,5.54026985168457,6.408474922180176,7.048597812652588,0.4333333333333333,3.4850800037384038,4.511135101318359,5.4525299072265625,0.0380170693940783,0.8375,6.2109047174453735
544,40,1600,,4,0.01,-16.875471101588957,1.0,21.35,-0.1570355094008618,0.35,5.5558180809021,6.6255388259887695,7.286656856536865,0.3166666666666666,3.56728744506836,4.984736919403076,6.290253162384033,0.1063100642928673,0.984375,6.467903256416321
606,40,1600,,4,0.1,-27.860036231503933,1.0,21.35,-0.1616592646834028,0.5125,5.699971675872803,6.742095947265625,7.366744518280029,0.4561403508771929,3.6289448738098153,4.999389171600342,6.243457317352295,0.0981491361985297,0.753125,6.455155849456787
668,40,1600,,5,0.01,-28.42240351450837,1.0,21.35,-0.2975214804723327,1.0,5.463603973388672,6.583152294158936,7.2600555419921875,0.7962962962962963,3.8514404296875,5.750938415527344,6.951109409332275,0.1015611512940363,0.5406249999999999,6.582805037498474
730,40,1600,,5,0.1,-67.17285898139227,1.0,21.35,-0.4342669820284141,0.7125,5.4797682762146,6.460803985595703,7.072391510009766,0.5645161290322581,4.0089497566223145,5.66351318359375,6.709442138671875,0.1983631052899455,0.0,6.465413928031921
428,10,1600,,3,0.01,-4.470633486317453,0.948,5.63,-0.0792630345082473,0.875,5.64671802520752,6.596183776855469,7.292872905731201,0.4473684210526316,3.0575273036956787,4.232422828674316,5.248303413391113,-0.2034766459776434,0.8843749999999999,6.211808085441589
459,10,1600,,3,0.05,3.218057928153633,0.936,5.7,0.1469873381445591,0.05,5.405988693237305,6.35752534866333,7.122693538665772,0.1612903225806451,3.144786834716797,4.246365547180176,5.201198577880859,0.3512022171737751,0.171875,6.057100296020508
490,10,1600,,3,0.1,-20.614923975239662,0.962,5.55,-0.0383838435655527,0.6625,5.773151397705078,6.745324611663818,7.368323802947998,0.1875,2.2896175384521484,3.658306121826172,4.974091529846191,-0.1714826983272444,0.38671875,6.431962132453919
521,10,1600,,3,0.2,-2.5949241501049283,0.963,5.54,-0.1276246712024321,0.025,5.540862083435059,6.354138374328613,7.006589412689209,0.2857142857142857,3.1819331645965576,4.450890064239502,5.429877758026123,0.1851049785989667,0.965625,6.132776975631714
552,10,1600,,4,0.01,-11.163127979587726,0.97,5.5,-0.2682840278093857,0.1625,5.5072455406188965,6.458085536956787,7.132504463195801,0.3823529411764705,3.032843351364136,4.4998979568481445,5.839857578277588,0.1706101103586201,0.51875,6.316453695297241
583,10,1600,,4,0.05,28.472607937392368,0.964,5.54,0.2781056195354086,0.0,5.593664646148682,6.517007350921631,7.057547092437744,0.2857142857142857,3.0064573287963867,4.434932231903076,5.741803169250488,0.0372751801097186,1.0,6.247318148612976
614,10,1600,,4,0.1,-12.13766082906188,0.963,5.54,-0.163501618751755,0.275,5.6245293617248535,6.593202114105225,7.180188179016113,0.5,3.0551211833953857,4.6068949699401855,5.912278652191162,0.0670450893289195,1.0,6.286734938621521
660,10,1600,,5,0.01,1.9053751696081136,0.97,5.5,0.0759502285118684,0.2375,5.278705596923828,6.354955196380615,7.030589580535889,0.4782608695652174,3.297422409057617,4.865511417388916,6.198174476623535,-0.0124032278678678,0.259375,6.287133097648621
691,10,1600,,5,0.05,-16.171144702457998,0.974,5.48,-0.3488772135562305,1.0,5.311822414398193,6.442329406738281,7.145640850067139,0.1860465116279069,3.332214832305908,4.8206787109375,6.158231258392334,0.2227362814380069,0.50625,6.311496257781982
753,10,1600,,5,0.2,-27.36167081917381,0.971,5.5,-0.3534573481935712,1.0,5.25185489654541,6.382401466369629,7.11854887008667,0.4666666666666667,3.35046124458313,4.87072229385376,6.200171947479248,0.1619742650034964,0.840625,6.313447833061218
815,10,1600,,6,0.05,-81.15612396422729,0.972,5.49,-0.2706769088250198,0.9,5.093230724334717,6.21453857421875,6.953414916992188,0.6060606060606061,3.135394811630249,5.047973155975342,6.45504903793335,0.243351328986585,0.359375,6.450850963592529
877,10,1600,,6,0.2,-36.88598049578116,0.969,5.51,-0.0974996576989928,1.0,4.907254695892334,6.139890670776367,7.020063877105713,0.5555555555555556,3.562828779220581,5.326031684875488,6.659316539764404,0.2339707008483214,0.24375,6.450972318649292
428,40,50,,3,0.01,-4.470633486317453,0.382,1.78,0.0103131471301689,0.725,4.376283645629883,5.214300632476807,5.923844814300537,0.25,0.887689471244812,1.30575692653656,1.9630039930343628,-0.4528311519944021,0.1328125,5.400951743125916
459,40,50,,3,0.05,3.218057928153633,0.394,1.73,0.1690709777517681,0.3,4.53127384185791,5.31369161605835,6.047120094299316,0.0,1.2381854057312012,2.0545666217803955,2.9469218254089355,0.2602064514160013,0.8333333333333334,5.647829294204712
490,40,50,,3,0.1,-20.614923975239662,0.392,1.74,-0.1046695337681126,0.7625,4.602294445037842,5.550076961517334,6.286802768707275,0.25,1.104299545288086,1.490363597869873,1.9620747566223145,-0.2295457114449131,0.41015625,5.677953243255615
521,40,50,,3,0.2,-2.5949241501049283,0.392,1.74,-0.0725452262024138,0.375,3.9882829189300537,4.804340839385986,5.633674621582031,0.0555555555555555,1.7137149572372437,2.4134232997894287,3.2762322425842285,-0.1296868582470101,0.14375,5.34100341796875
552,40,50,,4,0.01,-11.163127979587726,0.4,1.7,0.2406698083998737,0.3375,4.175858497619629,4.997725009918213,5.736169338226318,0.25,1.6097190380096436,2.49294662475586,3.3294997215271,-0.4483175813986499,0.5104166666666666,5.6051342487335205
583,40,50,,4,0.05,28.472607937392368,0.407,1.67,0.335835354840862,0.0,4.291354656219482,5.103860855102539,5.696589946746826,0.3636363636363636,1.9588165283203125,3.0150108337402344,3.888803005218506,0.2070588115521764,0.0052083333333333,5.336908221244812
614,40,50,,4,0.1,-12.13766082906188,0.415,1.64,-0.366041219451764,0.575,4.224623680114746,5.2516913414001465,6.051545143127441,0.0909090909090909,2.243226289749145,3.006976842880249,3.6890499591827393,-0.1024282324233183,0.5843750000000001,5.60204005241394
660,40,50,,5,0.01,1.9053751696081136,0.417,1.63,-0.1100787394551915,0.2875,4.140151023864746,5.142119884490967,5.84656286239624,0.15,1.8860965967178345,2.4738712310791016,3.155456304550171,-0.132069703115865,0.625,5.515398383140564
691,40,50,,5,0.05,-16.171144702457998,0.419,1.62,-0.19698909643282,1.0,3.9504780769348153,4.939709663391113,5.75658130645752,0.3333333333333333,1.6521577835083008,2.455913782119751,3.458134412765503,-0.4142527514746292,0.40625,5.484284043312073
722,40,50,,5,0.1,-51.81568753840308,0.423,1.61,0.1671723532700922,1.0,3.566488265991211,4.588902473449707,5.5073089599609375,0.0952380952380952,2.130934238433838,2.992892026901245,3.85362696647644,-0.3192371618054161,0.7125,5.520577549934387
753,40,50,,5,0.2,-27.36167081917381,0.422,1.61,0.2422885040954566,0.9,3.718829870223999,4.866446018218994,5.8073248863220215,0.0909090909090909,1.7947295904159546,2.635684967041016,3.542022228240967,-0.1182147820028697,0.9010416666666669,5.307074189186096
784,40,50,,6,0.01,-71.27016179316198,0.418,1.63,-0.1777441868365117,1.0,3.58739709854126,4.7432780265808105,5.638682842254639,0.3529411764705882,1.8832062482833865,2.893230438232422,4.002824306488037,-0.2871569581134056,0.728125,5.691578388214111
815,40,50,,6,0.05,-81.15612396422729,0.407,1.67,0.0022568884301113,1.0,3.799025297164917,4.827821254730225,5.671936988830566,0.3333333333333333,1.4592150449752808,2.506371259689331,3.7821621894836426,0.1093553708608114,0.765625,5.707357287406921
846,40,50,,6,0.1,68.02202730824673,0.424,1.6,0.4555030294755957,0.025,3.1031951904296875,4.070630073547363,4.908616542816162,0.1875,1.6394633054733276,2.338991641998291,3.167396306991577,-0.3958659759571503,0.6625,5.507000923156738
877,40,50,,6,0.2,-36.88598049578116,0.436,1.56,-0.2968535694127949,1.0,3.4883835315704346,4.738121032714844,5.796799659729004,0.0,1.237382888793945,1.867689609527588,2.628365993499756,-0.0646760709184315,0.4739583333333333,5.773043990135193
428,40,400,,3,0.01,-4.470633486317453,0.958,5.58,-0.1550039569152345,0.825,5.6243510246276855,6.581479072570801,7.310069561004639,0.2,2.379296064376831,3.548713445663452,4.785075664520264,0.0353203619350651,1.0,6.2108213901519775
459,40,400,,3,0.05,3.218057928153633,0.955,5.6,-0.066026130582152,0.05,5.452096939086914,6.401853084564209,7.134150981903076,0.2285714285714285,3.014450788497925,4.082416534423828,5.026391506195068,0.0055500257592731,0.003125,6.16786253452301
490,40,400,,3,0.1,-20.614923975239662,0.959,5.58,-0.2192703109347099,0.6,5.740489482879639,6.716686248779297,7.34761381149292,0.282051282051282,2.988112211227417,4.140902996063232,5.252212047576904,-0.0038941603361429,0.253125,6.255483627319336
521,40,400,,3,0.2,-2.5949241501049283,0.979,5.46,-0.1746746295866676,0.0125,5.546810150146484,6.359498500823975,7.007565498352051,0.2571428571428571,3.0575480461120605,4.357038497924805,5.456895351409912,0.124945961020978,0.0,6.212828636169434
552,40,400,,4,0.01,-11.163127979587726,0.977,5.47,-0.2867764769323144,0.1375,5.51793909072876,6.456158638000488,7.12588357925415,0.4615384615384615,3.2839066982269287,4.694169521331787,5.862609386444092,0.0442892672599027,0.125,6.247090458869934
583,40,400,,4,0.05,28.472607937392368,0.941,5.68,0.2024271001849963,0.0,5.535924434661865,6.474269866943359,7.03253173828125,0.4545454545454545,3.294346570968628,4.711275577545166,5.86121129989624,0.1392791082399871,0.990625,6.288351058959961
614,40,400,,4,0.1,-12.13766082906188,0.979,5.46,-0.032187019508246,0.15,5.672889232635498,6.623693943023682,7.197551727294922,0.6785714285714286,2.862407922744751,4.5415358543396,5.98446798324585,-0.0510656762733333,0.2,6.456241965293884
660,40,400,,5,0.01,1.9053751696081136,0.981,5.45,-0.1861056936759816,0.225,5.33040189743042,6.388901710510254,7.04530668258667,0.3888888888888889,3.0811328887939453,4.612466335296631,6.0125813484191895,0.1185275155626682,0.059375,6.368565082550049
691,40,400,,5,0.05,-16.171144702457998,0.975,5.49,-0.2911518607080308,1.0,5.31956958770752,6.447421550750732,7.147110939025879,0.3809523809523809,3.27947998046875,4.835747718811035,6.195659160614014,0.1833792370842239,0.7125,6.429668307304382
722,40,400,,5,0.1,-51.81568753840308,0.975,5.49,-0.129082776480071,1.0,5.269896030426025,6.3552117347717285,7.08642578125,0.4651162790697674,3.3563461303710938,5.047155857086182,6.369897365570068,0.1255888002064981,0.38125,6.323976159095764
753,40,400,,5,0.2,-27.36167081917381,0.977,5.47,-0.5433988951392997,1.0,5.260434627532959,6.392551898956299,7.128131866455078,0.6774193548387096,3.088331699371338,4.924754619598389,6.363847255706787,0.2236596679183189,0.515625,6.3488487005233765
815,40,400,,6,0.05,-81.15612396422729,0.971,5.5,-0.6909330320352802,0.9125,5.1093926429748535,6.219130039215088,6.947721004486084,0.5675675675675675,3.319286108016968,5.167037487030029,6.516907691955566,0.278026295642943,0.4781249999999999,6.440325617790222
877,40,400,,6,0.2,-36.88598049578116,0.976,5.48,-0.3562867564954828,1.0,4.923306465148926,6.158259391784668,7.036988258361816,0.5714285714285714,3.485224962234497,5.3348588943481445,6.696665287017822,0.0778732843717542,0.04375,6.40504264831543
428,40,1600,,3,0.01,-4.470633486317453,1.0,21.35,-0.0775235001284242,0.8625,5.697904109954834,6.666385650634766,7.371151924133301,0.3,3.4135830402374268,4.521398067474365,5.529118537902832,-0.1294421203374361,1.0,6.172965168952942
459,40,1600,,3,0.05,3.218057928153633,1.0,21.35,0.2649209395633984,0.05,5.512670993804932,6.462715148925781,7.1990251541137695,0.0793650793650793,3.4237351417541504,4.341883659362793,5.312980651855469,0.0356624897827495,0.396875,6.106881856918335
490,40,1600,,3,0.1,-20.614923975239662,1.0,21.35,-0.0422870167641214,0.6125,5.805009365081787,6.7742018699646,7.398791790008545,0.2592592592592592,3.5357425212860107,4.555917263031006,5.561812877655029,0.0408544227252015,0.73125,6.205076456069946
521,40,1600,,3,0.2,-2.5949241501049283,1.0,21.35,-0.1266591097359816,0.0125,5.5756516456604,6.393383502960205,7.042046546936035,0.265625,3.7695603370666495,4.999503612518311,5.948545932769775,0.2057134980250891,0.0312499999999999,6.198880553245544
552,40,1600,,4,0.01,-11.163127979587726,1.0,21.35,-0.1090573896748201,0.15,5.538697719573975,6.485424995422363,7.16014575958252,0.2539682539682539,3.642472505569458,4.92617654800415,6.132085800170898,0.1332366430708846,1.0,6.358110308647156
614,40,1600,,4,0.1,-12.13766082906188,1.0,21.35,0.0104626526934714,0.1375,5.694118499755859,6.644404888153076,7.216455936431885,0.6727272727272727,3.741209030151367,5.22121000289917,6.358554363250732,0.1135994965759209,0.0,6.458002209663391
691,40,1600,,5,0.05,-16.171144702457998,1.0,21.35,-0.0176257855615762,1.0,5.364324569702148,6.487773895263672,7.181375026702881,0.66,3.650824069976807,5.364899158477783,6.6920928955078125,0.1748361077865194,0.9125,6.611084818840027
753,40,1600,,5,0.2,-27.36167081917381,1.0,21.35,-0.6744597705920831,1.0,5.309085369110107,6.434417724609375,7.161067485809326,0.5166666666666667,3.8308334350585938,5.609050273895264,6.862545967102051,0.0163317310796727,0.603125,6.525347709655762
815,40,1600,,6,0.05,-81.15612396422729,1.0,21.35,-0.2931180812351679,0.9125,5.152526378631592,6.267784595489502,6.992974758148193,0.6567164179104478,4.23032808303833,5.964093208312988,6.940305233001709,0.2012906951316333,0.4656249999999999,6.594332933425903
877,40,1600,,6,0.2,-36.88598049578116,1.0,21.35,-0.480198529520482,1.0,4.984700202941895,6.212656497955322,7.074388980865479,0.582089552238806,4.202928066253662,5.947555541992188,7.030045509338379,0.3026220079965759,0.878125,6.502500891685486
429,10,50,,3,0.01,-16.296502183721266,0.111,1.53,0.4726082093721594,0.0,3.148925304412842,3.666463851928711,4.169746398925781,0.0,1.0523393154144287,1.481989860534668,1.875991702079773,-0.0413659557810389,0.578125,4.424073338508606
460,10,50,,3,0.05,-13.787515224982826,0.113,1.5,0.5159230648707386,1.0,3.4948737621307373,4.052243709564209,4.563786506652832,0.2857142857142857,1.485584020614624,2.3493106365203857,3.2381303310394287,0.1101967161929202,0.6302083333333333,4.536628365516663
491,10,50,,3,0.1,-13.136520272342572,0.118,1.44,0.5402648228541288,0.0,3.398019552230835,3.882354497909546,4.287153244018555,0.5,1.7697653770446775,2.5501394271850586,3.21887469291687,0.0400901552550247,0.2864583333333333,4.44998824596405
522,10,50,,3,0.2,-18.867196080469053,0.123,1.38,0.7579534087220119,0.0125,2.4570205211639404,3.0547657012939453,3.631778478622437,0.0,0.6277516484260559,0.9024380445480348,1.1948679685592651,0.4804687239616833,0.390625,4.1903098821640015
553,10,50,,4,0.01,-14.479569337189464,0.119,1.43,0.6528711586550475,0.3875,2.87210464477539,3.683490753173828,4.386602878570557,0.2857142857142857,1.1258057355880735,1.4500370025634766,1.848349332809448,-0.0932826618433116,0.53125,4.679470896720886
584,10,50,,4,0.05,-18.85016105524571,0.126,1.35,0.5550581724801819,1.0,2.73423171043396,3.510935544967652,4.257052898406982,0.2857142857142857,0.8864461183547974,1.221152901649475,1.6855740547180176,0.3760099583954122,0.4895833333333333,4.643218398094177
630,10,50,,4,0.2,-3.558579726048665,0.127,1.34,0.4600408877067454,0.15,2.3683369159698486,2.9154090881347656,3.5093796253204346,0.0909090909090909,1.5569947957992554,2.282309055328369,3.055771350860596,0.0760018843540983,0.7578125,4.261664628982544
661,10,50,,5,0.01,2.5245450099361197,0.123,1.38,0.6331510528746208,0.175,1.5079420804977417,2.051474094390869,2.6957898139953613,0.0,0.8587994575500488,1.130947232246399,1.3630633354187012,0.5197203091891883,0.40625,4.389928698539734
692,10,50,,5,0.05,-29.278471998111137,0.133,1.28,0.4763059077905246,0.425,2.007688283920288,2.4560418128967285,2.9480645656585693,0.0,1.0397288799285889,1.438944697380066,1.807687520980835,-4.05127478231293e-08,0.4166666666666666,4.285638689994812
723,10,50,,5,0.1,-39.1042194433172,0.128,1.32,0.8649697113402496,1.0,2.520210266113281,3.176243305206299,3.848143100738525,0.1666666666666666,1.052340388298035,1.310710906982422,1.5822585821151731,0.242719282226105,0.65625,4.510378360748291
754,10,50,,5,0.2,-4.946768816439207,0.135,1.26,0.7378223762704672,0.175,2.188894510269165,2.991130113601685,3.805901288986206,0.0,1.1866025924682615,1.968153953552246,2.7806191444396973,0.3771286249457488,0.3828125,4.459612727165222
785,10,50,,6,0.01,-25.903753117337263,0.131,1.3,0.6708704655449322,0.7625,1.776223063468933,2.320946455001831,2.855902910232544,0.0,0.9150056838989258,1.2603442668914795,1.662571668624878,-0.026989864814761,0.7552083333333333,4.346013307571411
816,10,50,,6,0.05,20.366556504039107,0.134,1.27,0.5808351116131026,0.125,2.3308942317962646,3.116229772567749,3.8517563343048096,0.0,1.039729118347168,1.5252063274383545,2.1403818130493164,-0.1562504980572471,0.625,4.574428200721741
847,10,50,,6,0.1,-52.04537163029244,0.123,1.38,0.9451531835191908,0.05,1.2013919353485107,1.843150496482849,2.600478410720825,0.0,1.1912126541137695,1.784534215927124,2.508639097213745,-0.3580374764720035,0.71875,4.591569185256958
878,10,50,,6,0.2,-31.98985941612672,0.117,1.46,0.7958164674528274,1.0,1.8214191198349,2.3036794662475586,2.759828567504883,0.0,1.5190458297729492,2.120105028152466,2.5916013717651367,0.7590634072253436,0.92578125,4.138020038604736
429,10,400,,3,0.01,-16.296502183721266,0.546,2.45,-0.0065168589729763,0.2,4.694928646087647,5.60964298248291,6.389784812927246,0.0,1.0397546291351318,1.4075955152511597,1.9201407432556152,-0.1480224438270638,0.2864583333333333,5.953402280807495
460,10,400,,3,0.05,-13.787515224982826,0.56,2.39,0.0758854049951637,0.525,5.236574649810791,6.108503341674805,6.634469509124756,0.1428571428571428,1.053906798362732,1.5366475582122805,2.407069683074951,-0.7143422944421562,0.1822916666666666,5.74217677116394
491,10,400,,3,0.1,-13.136520272342572,0.554,2.41,-0.013538898086788,0.35,4.956257343292236,5.874782085418701,6.567836284637451,0.25,2.232532024383545,3.1641604900360107,4.191782474517822,-0.4420865735716865,0.7124999999999999,5.890444278717041
522,10,400,,3,0.2,-18.867196080469053,0.633,2.11,0.3556416352080084,0.0,4.930673122406006,5.64247465133667,6.186548233032227,0.0,1.826247215270996,2.588472843170166,3.431307554244995,0.2161954070377621,0.0,5.569100260734558
553,10,400,,4,0.01,-14.479569337189464,0.631,2.12,-0.0028028900605928,0.0875,4.96614408493042,5.973313808441162,6.637112617492676,0.1764705882352941,2.042025327682495,3.194460153579712,4.380347728729248,-0.1227014764289947,0.08125,5.875487804412842
584,10,400,,4,0.05,-18.85016105524571,0.648,2.06,-0.2112707706037528,0.475,5.039428234100342,6.051106452941895,6.8008880615234375,0.4,1.9085956811904907,2.856064558029175,3.866789340972901,-0.0959980794019296,0.34765625,6.048104405403137
630,10,400,,4,0.2,-3.558579726048665,0.604,2.21,-0.1486593345049806,0.9375,4.899669170379639,5.870884418487549,6.528633117675781,0.1578947368421052,2.0534892082214355,3.0233592987060547,4.12741756439209,0.2414501555589508,0.2578125,5.872894644737244
661,10,400,,5,0.01,2.5245450099361197,0.605,2.21,0.2569259311052219,0.1125,4.022670745849609,4.998685359954834,5.813712596893311,0.0,1.3701627254486084,2.3143346309661865,3.3010096549987797,0.1501260992474926,0.0,5.771394729614258
692,10,400,,5,0.05,-29.278471998111137,0.616,2.17,-0.0609560520836394,0.8625,4.674350738525391,5.7754645347595215,6.524774074554443,0.2083333333333333,2.455692768096924,3.3545961380004883,4.390473365783691,0.0513597046923947,0.96875,5.91525936126709
723,10,400,,5,0.1,-39.1042194433172,0.643,2.08,-0.0744767697231912,1.0,4.877870559692383,6.007570743560791,6.729455471038818,0.1176470588235294,2.5250179767608643,3.4846370220184326,4.539029121398926,-0.0467184416448823,0.3333333333333333,5.979626774787903
754,10,400,,5,0.2,-4.946768816439207,0.638,2.1,-0.3811134818071057,0.8,3.932150363922119,5.050785064697266,6.025328159332275,0.2352941176470588,1.9069948196411133,2.7305421829223637,3.703991889953613,-0.0538105853380922,0.265625,5.882800459861755
785,10,400,,6,0.01,-25.903753117337263,0.651,2.05,-0.896060647505763,1.0,4.752023220062256,5.762710094451904,6.444868564605713,0.6363636363636364,2.386263132095337,3.8488128185272217,5.271363258361816,0.1140986190759759,0.703125,6.013499855995178
816,10,400,,6,0.05,20.366556504039107,0.631,2.12,-0.5665006623381925,0.5,4.211904048919678,5.306360721588135,6.158707618713379,0.2941176470588235,2.2908260822296143,3.6024293899536133,5.005229473114014,-0.0507130941967336,1.0,5.956508636474609
847,10,400,,6,0.1,-52.04537163029244,0.612,2.19,0.0521869833836039,0.8625,4.534495830535889,5.556344509124756,6.240231037139893,0.125,1.5821889638900757,2.694493770599365,4.172299385070801,-0.2059532166043987,0.1302083333333333,6.077911972999573
878,10,400,,6,0.2,-31.98985941612672,0.659,2.03,-0.4925802183378638,1.0,4.1909050941467285,5.228601932525635,6.116238594055176,0.1714285714285714,2.944651365280152,4.0189971923828125,4.93648099899292,0.2881752382115128,0.95,5.869679093360901
429,10,1600,,3,0.01,-16.296502183721266,0.95,5.62,0.0424454236403743,0.2125,5.6989054679870605,6.537271022796631,7.128747463226318,0.1914893617021276,3.019144058227539,3.985813856124878,5.013763427734375,-0.113604739119598,1.0,6.05196475982666
460,10,1600,,3,0.05,-13.787515224982826,0.946,5.64,-0.0472826741610434,0.7875,5.923081398010254,6.776669502258301,7.302005767822266,0.4285714285714285,2.79236912727356,4.0002055168151855,5.219062805175781,-0.1492693714173938,0.7249999999999999,6.208810329437256
491,10,1600,,3,0.1,-13.136520272342572,0.96,5.56,-0.0570015771983342,0.0875,5.568256378173828,6.483185768127441,7.164007663726807,0.3846153846153846,3.09338927268982,4.285378456115723,5.293478488922119,-0.1566089118492128,0.11875,6.279353976249695
522,10,1600,,3,0.2,-18.867196080469053,0.968,5.51,-0.1749835444057872,0.0,5.656705379486084,6.3656535148620605,6.851073741912842,0.3,2.993921995162964,4.109152317047119,5.161284923553467,-0.0943198124601572,0.0,6.113569974899292
553,10,1600,,4,0.01,-14.479569337189464,0.971,5.5,-0.297703237232703,0.1875,5.39708423614502,6.504774570465088,7.205937385559082,0.3888888888888889,3.042771816253662,4.544506549835205,5.930896759033203,0.0566005829800243,0.975,6.426751255989075
584,10,1600,,4,0.05,-18.85016105524571,0.945,5.65,-0.0580873921297154,0.5375,5.481330394744873,6.531759738922119,7.2615485191345215,0.3043478260869565,3.337977647781372,4.64450216293335,5.914743900299072,-0.0184496000392799,0.6968749999999999,6.451784372329712
630,10,1600,,4,0.2,-3.558579726048665,0.976,5.47,0.0860038149349297,0.0125,5.51809024810791,6.4370880126953125,7.040358066558838,0.2272727272727272,3.1358535289764404,4.518509864807129,5.804319858551025,0.1480060107018911,1.0,6.358712911605835
661,10,1600,,5,0.01,2.5245450099361197,0.981,5.44,0.109162546703345,0.4375,5.212350368499756,6.242530345916748,6.94020414352417,0.475,3.277074098587036,4.960888862609863,6.214190483093262,0.1519221602976454,0.6781250000000001,6.2492148876190186
692,10,1600,,5,0.05,-29.278471998111137,0.963,5.54,-0.1699572086044963,0.775,5.215898036956787,6.315537929534912,7.007395267486572,0.28125,3.045086145401001,4.521964550018311,5.929903984069824,0.063446618479917,0.0,6.377909660339356
723,10,1600,,5,0.1,-39.1042194433172,0.97,5.5,-0.6550792149708442,1.0,5.437429428100586,6.586284160614014,7.2779221534729,0.3548387096774194,3.022392749786377,4.698386192321777,6.1883978843688965,0.0581801390837292,0.315625,6.370428442955017
754,10,1600,,5,0.2,-4.946768816439207,0.981,5.44,-0.0751696066290975,0.65,5.185846328735352,6.227456569671631,6.954089641571045,0.4594594594594595,3.4016921520233154,5.123466968536377,6.344316005706787,0.2171683114994262,0.009375,6.220609426498413
816,10,1600,,6,0.05,20.366556504039107,0.979,5.45,-0.0589882538494705,0.5,5.004582405090332,6.11407470703125,6.849624633789063,0.3877551020408163,3.4824178218841557,5.185948848724365,6.392100811004639,0.3521286854813397,0.0,6.478933572769165
878,10,1600,,6,0.2,-31.98985941612672,0.968,5.51,-0.5107166929354733,1.0,4.766549587249756,5.9125800132751465,6.77705717086792,0.3823529411764705,3.1667745113372803,4.882688999176025,6.303818225860596,0.3012950212798222,0.115625,6.392111420631409
429,40,50,,3,0.01,-16.296502183721266,0.394,1.72,0.306406014971511,0.225,4.5478596687316895,5.3155598640441895,5.862851619720459,0.1538461538461538,1.7204169034957886,2.491325855255127,3.257108688354492,-0.3662661734970218,0.0125,5.431791424751282
460,40,50,,3,0.05,-13.787515224982826,0.379,1.79,0.1021145310401236,0.0625,4.691233158111572,5.3827409744262695,5.944847106933594,0.2727272727272727,1.6000369787216189,2.33357572555542,3.079487562179565,0.1734141677801057,0.0,5.234227299690247
491,40,50,,3,0.1,-13.136520272342572,0.411,1.65,0.1561760274472576,0.1125,4.318577766418457,5.17141056060791,5.862400054931641,0.0,1.024536371231079,1.4113714694976809,2.055366039276123,0.3824869949456461,0.0104166666666666,5.556345105171204
522,40,50,,3,0.2,-18.867196080469053,0.404,1.68,0.1746873354820101,0.0,4.660257816314697,5.261803150177002,5.640028476715088,0.0,1.4273728132247925,2.224942684173584,3.221613883972168,-0.1738180469229999,0.0,5.28393816947937
553,40,50,,4,0.01,-14.479569337189464,0.386,1.76,-0.0356561407835073,0.0625,3.8944108486175537,4.883852958679199,5.614580631256104,0.3,1.4793329238891602,2.1882619857788086,3.056204319000244,-0.3977857978826495,0.796875,5.24611234664917
584,40,50,,4,0.05,-18.85016105524571,0.404,1.68,0.1930562300181246,0.2875,4.3691229820251465,5.207030296325684,5.9745306968688965,0.217391304347826,2.14337420463562,2.923053979873657,3.729987859725952,-0.3707279626718028,0.55,5.583472013473511
630,40,50,,4,0.2,-3.558579726048665,0.412,1.65,0.17623516088471,0.15,4.199848175048828,5.097751140594482,5.757938385009766,0.0,1.0397462844848633,1.4351165294647217,1.887805700302124,-0.0427537979254779,0.3854166666666667,5.449515700340271
661,40,50,,5,0.01,2.5245450099361197,0.416,1.63,-0.1128784743390064,0.2375,3.8197877407073975,4.75949239730835,5.480207920074463,0.1,1.4040006399154663,2.051717519760132,2.775116443634033,0.4578666329717277,0.53125,5.517114281654358
692,40,50,,5,0.05,-29.278471998111137,0.415,1.64,0.2090225204515942,0.7625,3.668008804321289,4.746564865112305,5.6548752784729,0.0,0.8833787441253662,1.434002161026001,2.1038763523101807,0.1842636231805718,0.5390625,5.502636432647705
723,40,50,,5,0.1,-39.1042194433172,0.407,1.67,0.2295131765074176,1.0,4.035805702209473,5.090064525604248,5.932836055755615,0.1111111111111111,1.468285322189331,2.2221548557281494,3.261200428009033,-0.3578161488975363,0.5364583333333334,5.61872136592865
754,40,50,,5,0.2,-4.946768816439207,0.408,1.67,-0.103222602202127,1.0,3.3206937313079834,4.376964092254639,5.346540451049805,0.0,1.5059949159622192,2.252946376800537,3.1519229412078857,-0.4666189206517606,0.70703125,5.569368481636047
785,40,50,,6,0.01,-25.903753117337263,0.425,1.6,0.2505302941953165,1.0,4.091835021972656,5.074938774108887,5.808103084564209,0.0,1.7042396068572998,2.7812042236328125,4.012701034545898,-0.0201649336814496,0.9322916666666666,5.63355553150177
816,40,50,,6,0.05,20.366556504039107,0.426,1.59,-0.1039957040588221,0.7125,3.668527364730835,4.725191593170166,5.589227199554443,0.1428571428571428,1.3193634748458862,2.136223793029785,3.185909986495972,-0.3822281362911051,0.9895833333333334,5.770164728164673
847,40,50,,6,0.1,-52.04537163029244,0.384,1.77,-0.2661342508392322,1.0,3.5750558376312256,4.551838874816895,5.361844539642334,0.0,1.0397446155548096,1.407576560974121,1.8497428894042969,-0.0718220523598538,0.7447916666666666,5.693264365196228
878,40,50,,6,0.2,-31.98985941612672,0.432,1.57,0.2936839940958866,1.0,3.085615634918213,4.129774570465088,5.132574558258057,0.0666666666666666,1.8602516651153564,2.646004199981689,3.4764187335968018,-0.3175187670125857,0.284375,5.702094316482544
429,40,400,,3,0.01,-16.296502183721266,0.948,5.64,0.016383052270712,0.2125,5.67771577835083,6.52545166015625,7.117341041564941,0.0975609756097561,2.7830398082733154,3.757930040359497,4.765271663665772,-0.0777435795958233,0.9125,6.119980096817017
460,40,400,,3,0.05,-13.787515224982826,0.931,5.74,-0.0880011857656918,0.75,5.907112121582031,6.744789123535156,7.257635593414307,0.3870967741935484,2.785356044769287,4.227214336395264,5.328761577606201,-0.1171905591394318,0.5,6.204154253005981
491,40,400,,3,0.1,-13.136520272342572,0.96,5.57,0.0832486661476419,0.075,5.542169094085693,6.455535888671875,7.149406433105469,0.1276595744680851,3.228672504425049,4.21184778213501,5.056054592132568,0.2293697117904704,0.4625,6.313477516174316
522,40,400,,3,0.2,-18.867196080469053,0.965,5.54,-0.2767005702920782,0.0,5.697447299957275,6.397296905517578,6.874179363250732,0.4634146341463415,3.2908084392547607,4.715553283691406,5.771361351013184,0.1315177985246948,0.90625,6.043295621871948
553,40,400,,4,0.01,-14.479569337189464,0.979,5.46,-0.0802013895017699,0.1625,5.429750919342041,6.527074337005615,7.216124057769775,0.3953488372093023,3.3698692321777344,4.79573917388916,6.054215431213379,0.046186522688294,0.425,6.383082866668701
584,40,400,,4,0.05,-18.85016105524571,0.976,5.48,0.0543705601334116,0.4,5.5437750816345215,6.588958740234375,7.307115077972412,0.3333333333333333,3.123638391494751,4.634440898895264,6.000259399414063,-0.0099829235408088,0.7,6.44172477722168
630,40,400,,4,0.2,-3.558579726048665,0.973,5.49,0.0439763983890427,0.0125,5.532506465911865,6.437115669250488,7.028636932373047,0.3225806451612903,2.940419435501098,4.259152889251709,5.54052734375,-0.0502672358988291,0.446875,6.508009433746338
661,40,400,,5,0.01,2.5245450099361197,0.974,5.49,-0.0557337873535516,0.525,5.210214138031006,6.238971710205078,6.936158657073975,0.358974358974359,3.251708984375,4.766221046447754,6.06542444229126,0.1519839581995601,1.0,6.178048372268677
692,40,400,,5,0.05,-29.278471998111137,0.976,5.48,0.0290026766433483,0.8,5.257125377655029,6.3594818115234375,7.0430521965026855,0.3409090909090909,3.2524189949035645,4.860209941864014,6.208751678466797,0.2164388344326381,0.00625,6.361711144447327
754,40,400,,5,0.2,-4.946768816439207,0.969,5.52,-0.463731573262499,0.6875,5.160802364349365,6.209741592407227,6.9428911209106445,0.2363636363636363,3.5599822998046875,4.961894035339356,6.093493938446045,0.2817315245059768,0.7,6.058977842330933
816,40,400,,6,0.05,20.366556504039107,0.977,5.47,-0.0717361097683108,0.5,5.005056858062744,6.123394966125488,6.862250804901123,0.3962264150943396,3.7412712574005127,5.476115703582764,6.543606758117676,0.4370209530361136,0.75,6.325221419334412
878,40,400,,6,0.2,-31.98985941612672,0.969,5.52,-0.6337716851028349,1.0,4.78010892868042,5.926624298095703,6.792505741119385,0.4166666666666667,3.2990710735321045,5.169415473937988,6.4890642166137695,0.1969108247921455,1.0,6.300471901893616
429,40,1600,,3,0.01,-16.296502183721266,1.0,21.35,0.1312788925389204,0.2125,5.736098289489746,6.579303741455078,7.16517972946167,0.1636363636363636,3.301321506500244,4.364614009857178,5.408365249633789,0.0418387639575413,0.0,6.063298940658569
460,40,1600,,3,0.05,-13.787515224982826,1.0,21.35,-0.0252411607504266,0.7375,6.007497310638428,6.8381171226501465,7.344434261322021,0.3673469387755102,3.4273364543914795,4.645350933074951,5.695339202880859,-0.2098451167613048,0.4125,6.207948088645935
491,40,1600,,3,0.1,-13.136520272342572,0.999,21.36,0.0679085038692621,0.1,5.5971760749816895,6.520620822906494,7.211087226867676,0.3333333333333333,3.659773349761963,4.707310199737549,5.618122577667236,-0.0310380797589867,0.91875,6.24689245223999
553,40,1600,,4,0.01,-14.479569337189464,1.0,21.35,-0.0945366522284135,0.1625,5.435483455657959,6.53955078125,7.234426021575928,0.4736842105263157,3.7052993774414062,5.049986362457275,6.2450337409973145,0.0223627928662656,1.0,6.419790625572205
630,40,1600,,4,0.2,-3.558579726048665,0.998,21.39,-0.1999479168321778,0.0125,5.554431438446045,6.466824531555176,7.062301635742188,0.3939393939393939,3.756899356842041,5.132175922393799,6.298470973968506,0.1856399598714413,1.0,6.40848696231842
692,40,1600,,5,0.05,-29.278471998111137,1.0,21.35,0.2518528444215351,0.8,5.296983242034912,6.395143032073975,7.072963237762451,0.4918032786885246,3.803107500076294,5.463589668273926,6.671311378479004,0.2085451079836367,1.0,6.55020546913147
754,40,1600,,5,0.2,-4.946768816439207,1.0,21.35,-0.3476070516745674,0.675,5.214927673339844,6.257934093475342,6.980274200439453,0.3538461538461538,3.939976453781128,5.48195743560791,6.556373596191406,0.1559323991765285,0.009375,6.359191060066223
421,10,50,,3,0.01,-7.415704083686769,0.11,1.55,-3.7708200917074457,0.8125,2.3243517875671387,2.8021249771118164,3.456916093826294,0.0,0.8805996775627136,1.1032761335372925,1.3291276693344116,0.322265613677755,0.2291666666666666,4.055469632148743
452,10,50,,3,0.05,-8.503913817275507,0.108,1.57,0.2697475617240916,0.1875,3.266066789627075,3.934391736984253,4.405776023864746,0.25,0.8876764178276062,1.2067627906799316,1.449359655380249,0.342773576717778,0.109375,4.297471046447754
483,10,50,,3,0.1,4.107036960514779,0.125,1.36,0.3477565066702704,0.0,3.017662286758423,3.5571296215057373,3.971469640731812,0.0,1.0397285223007202,1.543506383895874,2.0819754600524902,0.4622228380822936,0.1927083333333333,4.332319855690002
514,10,50,,3,0.2,-14.544124599425984,0.118,1.44,0.6449966999347548,0.475,2.212017297744751,2.6104896068573,3.1468892097473145,0.1666666666666666,1.436477780342102,1.9625252485275269,2.561215877532959,-0.203011019821531,0.46875,4.014788031578064
545,10,50,,4,0.01,-25.421391317475663,0.117,1.45,0.7973542676560973,0.0,2.973435163497925,3.6204993724823,4.141581058502197,0.1,1.3925166130065918,1.9999144077301023,2.699721574783325,-0.1700057316168817,0.01953125,4.144806385040283
576,10,50,,4,0.05,1.5495180423592505,0.122,1.39,0.8435667536245429,0.0,2.9275922775268555,3.459047317504883,4.029414653778076,0.0,1.400458574295044,1.8955528736114504,2.429352283477783,0.1565375243263859,0.9166666666666666,4.41422712802887
607,10,50,,4,0.1,-12.183740340828578,0.126,1.35,0.7965741971517746,0.8875,2.3679795265197754,2.9340920448303223,3.442070722579956,0.0,0.6277519464492798,0.902438461780548,1.2527062892913818,0.3911236080518765,0.5078125,4.298276901245117
638,10,50,,4,0.2,-22.997619759109075,0.13,1.31,0.5644298904311249,0.425,2.814478874206543,3.6529247760772714,4.372625827789307,0.125,1.3406507968902588,1.8672091960906985,2.4075253009796143,-0.2167138044128108,0.59375,4.476882100105286
669,10,50,,5,0.01,-18.319930087521648,0.123,1.39,0.7811019523614766,0.075,2.430867910385132,2.977519989013672,3.446181535720825,0.0,1.0397284030914309,1.4593524932861328,1.9143903255462649,-0.1136274010560866,0.046875,4.296737313270569
700,10,50,,5,0.05,-62.894655678803616,0.131,1.29,0.5256241058968488,0.05,2.922925472259521,3.543328046798706,4.135441780090332,0.0,1.068044662475586,1.6212356090545654,2.4063615798950195,0.1903163956851766,0.5989583333333334,4.585805773735046
731,10,50,,5,0.1,-18.969061686030443,0.12,1.41,0.6843791754591447,1.0,1.764243721961975,2.34099555015564,2.970344305038452,0.25,1.3067365884780884,1.816806674003601,2.4031310081481934,0.1115209436254321,0.9166666666666669,4.4415600299835205
762,10,50,,5,0.2,-19.633812002494803,0.13,1.31,0.7472771060531815,0.0625,2.352964162826538,2.786597967147827,3.19714903831482,0.25,0.8876775503158569,1.24900484085083,1.6671578884124756,0.0041297593479003,0.4609375,4.352872133255005
793,10,50,,6,0.01,-76.44652684559905,0.132,1.29,0.5156756257847566,1.0,1.233497977256775,1.726487398147583,2.2687478065490723,0.125,1.306737184524536,1.7709698677062988,2.2444167137146,0.1961144331028407,0.6197916666666666,4.580408334732056
824,10,50,,6,0.05,-23.73030057471971,0.122,1.39,0.863554091236497,1.0,2.4713094234466557,3.192244291305542,3.859687089920044,0.125,1.369531512260437,2.024322032928467,2.659388542175293,-0.0827502146082851,0.890625,4.501607179641724
870,10,50,,6,0.2,-34.693294949412,0.128,1.33,0.7190755497327863,1.0,2.252039194107056,2.847256183624268,3.3875157833099365,0.2,1.261037826538086,1.839423418045044,2.470456600189209,-0.20655603491297,0.21875,4.515352487564087
430,10,50,,3,0.01,-16.842236690951605,0.114,1.49,0.2795844631095663,0.0,2.954472780227661,3.102116346359253,3.1777331829071045,0.0,2.032402753829956,2.6062498092651367,2.9426112174987797,0.7588125990946899,0.203125,3.553754448890686
461,10,50,,3,0.05,21.368395828400903,0.118,1.44,0.6462276395668652,0.0,3.377096652984619,3.8614654541015625,4.286746501922607,0.0,1.19121253490448,1.817872405052185,2.4883921146392822,0.6132856958918691,0.2708333333333333,4.108213484287262
492,10,50,,3,0.1,0.3353985029380055,0.118,1.44,0.007866182592587,0.0,2.8030877113342285,3.1185219287872314,3.323117017745972,0.25,1.6027392148971558,2.200529098510742,2.7332217693328857,0.0524008453603602,0.025,3.9940181970596313
523,10,50,,3,0.2,-9.60260942351796,0.123,1.39,0.1004527322094437,0.4125,2.40022349357605,2.952881097793579,3.656874418258667,0.0,0.8876771926879883,1.274401068687439,1.6645445823669434,-0.0273892612760445,0.953125,4.532360196113586
554,10,50,,4,0.01,-4.503402761482203,0.124,1.37,0.364799408067738,0.7,2.5505566596984863,3.0975100994110107,3.6564862728118896,0.1666666666666666,1.2186517715454102,1.828091502189636,2.358260154724121,-0.0110678534704222,0.5520833333333334,4.617993474006653
600,10,50,,4,0.1,-26.415311732361605,0.127,1.34,0.3179500982421661,0.4375,3.377474308013916,4.05169677734375,4.553674221038818,0.0833333333333333,1.5550012588500977,1.999272584915161,2.3369011878967285,-0.0563901483539942,0.28125,4.625119805335999
631,10,50,,4,0.2,9.496456875600702,0.137,1.24,0.7593705103727548,0.9375,2.904847383499145,3.4830245971679688,4.030517101287842,0.0,1.191213607788086,1.7097634077072144,2.30409836769104,-0.0061759102564855,0.4375,4.792542576789856
662,10,50,,5,0.01,-1.454894501301056,0.119,1.42,0.7757470267305211,0.0375,2.5891382694244385,3.204383850097656,3.701460361480713,0.125,1.4582209587097168,1.895033836364746,2.2972867488861084,0.4794925653323629,0.0,4.452506303787232
693,10,50,,5,0.05,-16.703636368602854,0.131,1.3,0.7799830078417761,1.0,2.0856308937072754,2.685168504714966,3.316972494125366,0.0,1.0397288799285889,1.4635770320892334,1.8652833700180051,0.0519311966942515,0.6302083333333334,4.46826434135437
724,10,50,,5,0.1,-53.95304602005903,0.128,1.32,0.8900910847641011,0.0375,2.5913732051849365,3.406097412109375,4.151602268218994,0.375,1.426436424255371,2.11741304397583,2.783273220062256,-0.3164105407481291,0.2760416666666667,4.539098143577576
755,10,50,,5,0.2,-34.37732560792047,0.128,1.33,0.9295173731112856,1.0,2.3013432025909424,2.9976985454559326,3.6698734760284415,0.1428571428571428,1.627349853515625,2.3448281288146973,3.076079130172729,-0.0437860967107905,0.559375,4.427258491516113
786,10,50,,6,0.01,19.57578791881146,0.136,1.25,0.3477443213092622,0.65,1.829885482788086,2.4963481426239014,3.2699203491210938,0.1666666666666666,1.284935712814331,1.974331378936768,2.637021541595459,-0.1715836818929334,0.796875,4.820591926574707
817,10,50,,6,0.05,-12.910662028844692,0.127,1.34,0.6440231539341353,1.0,1.8189648389816284,2.4591822624206543,3.1377837657928467,0.25,1.1042863130569458,1.4817008972167969,1.931916356086731,-0.1927144928879897,0.47265625,4.635803461074829
848,10,50,,6,0.1,-25.63865350280647,0.135,1.26,0.7190333730497562,1.0,2.335432767868042,2.94136643409729,3.4961159229278564,0.0,1.2489748001098633,1.7276480197906494,2.164193630218506,-0.0576182796737582,0.578125,4.629268407821655
879,10,50,,6,0.2,-34.01810499140309,0.133,1.28,0.7184389250519312,1.0,1.6432030200958252,2.179893016815185,2.7193284034729004,0.125,1.306737184524536,1.6860921382904053,2.0824787616729736,0.4357042884940744,0.7343750000000001,4.653556823730469
430,10,400,,3,0.01,-16.842236690951605,0.565,2.37,0.0565528536570162,0.3625,5.147232532501221,6.012993335723877,6.607244968414307,0.0714285714285714,1.7085198163986206,2.6074624061584477,3.739845275878906,-0.4812555472286798,0.378125,5.873733162879944
461,10,400,,3,0.05,21.368395828400903,0.522,2.56,0.2936819450917387,0.0,4.185683727264404,4.782102584838867,5.326128959655762,0.217391304347826,1.8548736572265625,2.5857341289520264,3.297363042831421,-0.0494876513535177,0.0,5.4423054456710815
492,10,400,,3,0.1,0.3353985029380055,0.593,2.25,0.0301265211743437,0.475,4.954573154449463,5.85244083404541,6.593162536621094,0.0,1.039757490158081,1.407601237297058,1.790127515792847,-0.00684275399815,0.4583333333333333,5.944449663162232
523,10,400,,3,0.2,-9.60260942351796,0.573,2.33,0.1395994697711929,0.15,5.074673652648926,5.815314292907715,6.389485359191895,0.125,1.7638092041015625,3.033447265625,4.31866455078125,0.0690286588906951,0.03125,5.82730770111084
554,10,400,,4,0.01,-4.503402761482203,0.615,2.17,0.0425811126216294,0.925,4.497028350830078,5.6389594078063965,6.608234405517578,0.2,1.27121102809906,1.9105439186096191,2.707423448562622,-0.2318022272186029,0.9375,5.97577166557312
600,10,400,,4,0.1,-26.415311732361605,0.626,2.14,0.14557957952159,0.5375,5.064420223236084,6.075355052947998,6.697241306304932,0.0,1.2759020328521729,2.1348018646240234,3.4059057235717773,-0.50959698719406,0.1197916666666666,6.1591023206710815
631,10,400,,4,0.2,9.496456875600702,0.61,2.19,0.1785714427689065,0.1875,4.505064010620117,5.4672932624816895,6.187350273132324,0.0,1.133479356765747,1.891277551651001,2.976481914520264,-0.0406590371526678,0.0416666666666666,5.909773349761963
662,10,400,,5,0.01,-1.454894501301056,0.637,2.1,-0.453993219237187,0.325,4.55336332321167,5.744630336761475,6.599748134613037,0.1,2.0945661067962646,3.052642822265625,4.178927898406982,-0.5336626133056046,0.2124999999999999,6.075853943824768
693,10,400,,5,0.05,-16.703636368602854,0.642,2.08,-0.2659056806122773,1.0,4.729068756103516,5.842588901519775,6.679286956787109,0.0689655172413793,2.372692346572876,3.383504629135132,4.4849371910095215,-0.0567562709884495,0.4125,5.951478123664856
724,10,400,,5,0.1,-53.95304602005903,0.63,2.12,0.0280621588969134,0.5375,4.664936542510986,5.740657329559326,6.44687032699585,0.5,1.93131160736084,2.9966955184936523,3.989875316619873,-0.2027345328255909,0.875,5.845608353614807
755,10,400,,5,0.2,-34.37732560792047,0.616,2.17,-0.7980469303128456,1.0,4.196636199951172,5.241481781005859,6.153026580810547,0.1666666666666666,1.5419186353683472,2.656611680984497,4.083152294158936,-0.1962746643782657,0.9921875,5.784227728843689
786,10,400,,6,0.01,19.57578791881146,0.641,2.09,-0.0079230543130862,0.2375,4.56903886795044,5.538299560546875,6.225879669189453,0.0833333333333333,2.0970983505249023,2.972248077392578,4.154019832611084,-0.1937706268950988,0.3229166666666667,5.939033150672913
817,10,400,,6,0.05,-12.910662028844692,0.612,2.19,-0.4823832782011286,0.6875,4.269214630126953,5.322705268859863,6.098994255065918,0.0,1.5396223068237305,2.4891605377197266,3.687237739562988,-0.1880656315764827,0.0,6.049527525901794
848,10,400,,6,0.1,-25.63865350280647,0.633,2.11,-0.3181482361775271,1.0,4.474622249603272,5.496696949005127,6.3036065101623535,0.5,2.526592969894409,3.906694412231445,5.222142696380615,0.0486791834240801,0.546875,5.942474722862244
879,10,400,,6,0.2,-34.01810499140309,0.637,2.1,-0.5445853194050383,1.0,4.646898746490479,5.741755962371826,6.448680877685547,0.0,1.870319366455078,2.8937699794769287,4.111128807067871,-0.3564082942781963,0.50625,6.085363030433655
430,10,1600,,3,0.01,-16.842236690951605,0.972,5.49,-0.1345337524370902,0.175,5.686219692230225,6.580689907073975,7.179528713226318,0.1818181818181818,2.7990572452545166,4.102121829986572,5.280736446380615,0.0367393735822019,0.64375,6.292173743247986
461,10,1600,,3,0.05,21.368395828400903,0.9,5.93,0.0192641417294184,0.025,5.34103536605835,6.222443580627441,6.893135070800781,0.3125,2.7955281734466557,3.964902639389038,5.052380561828613,-0.2298768042557643,0.471875,6.1788259744644165
492,10,1600,,3,0.1,0.3353985029380055,0.932,5.72,-0.0636720422984142,0.2,5.590242862701416,6.452328681945801,7.054869174957275,0.3636363636363636,3.029873371124268,4.191751003265381,5.211767673492432,0.0799952014469842,0.134375,6.306493401527405
523,10,1600,,3,0.2,-9.60260942351796,0.961,5.56,-0.0336412055801398,0.0875,5.591099739074707,6.384831428527832,6.992070198059082,0.2,3.1467785835266118,4.511346340179443,5.536788940429688,0.1091269143483604,0.31875,6.202582597732544
554,10,1600,,4,0.01,-4.503402761482203,0.966,5.53,0.028848820746689,0.3125,5.359536647796631,6.46352481842041,7.2731614112854,0.1818181818181818,2.9885447025299072,4.312458038330078,5.615732669830322,-0.0113806485184897,0.315625,6.467226147651672
600,10,1600,,4,0.1,-26.415311732361605,0.969,5.51,-0.1394316849275797,0.525,5.652347087860107,6.605459690093994,7.202258586883545,0.4736842105263157,3.2374844551086426,4.741873741149902,5.986126899719238,-0.0505163141200063,0.19375,6.355489730834961
631,10,1600,,4,0.2,9.496456875600702,0.971,5.5,-0.1032425781144707,0.25,5.213834762573242,6.265298843383789,7.009093761444092,0.2272727272727272,3.0132997035980225,4.189731121063232,5.462243556976318,-0.0034175382407525,0.6499999999999999,6.418482184410095
662,10,1600,,5,0.01,-1.454894501301056,0.976,5.47,0.1710849873910332,0.225,5.365445613861084,6.519601345062256,7.222438812255859,0.6111111111111112,3.1031503677368164,4.805747985839844,6.360245227813721,0.0787139364188705,0.453125,6.539921522140503
693,10,1600,,5,0.05,-16.703636368602854,0.971,5.5,-0.1555223808463166,1.0,5.351410865783691,6.524743556976318,7.27272367477417,0.4117647058823529,3.461666822433472,5.116257667541504,6.49434757232666,0.0900010054554123,0.8656250000000001,6.44310986995697
755,10,1600,,5,0.2,-34.37732560792047,0.965,5.53,-0.7190881631303954,1.0,5.199811458587647,6.287784099578857,7.041062355041504,0.5,3.506580352783203,5.133072853088379,6.427992343902588,0.1684369699837617,0.0125,6.224091291427612
817,10,1600,,6,0.05,-12.910662028844692,0.97,5.5,-0.0399205574310047,0.975,4.994771480560303,6.1338324546813965,6.920453071594238,0.5833333333333334,3.661321401596069,5.433286190032959,6.591532230377197,0.2955102744709611,0.5750000000000001,6.334523320198059
879,10,1600,,6,0.2,-34.01810499140309,0.97,5.5,-0.5505978600272173,1.0,5.177491188049316,6.310719966888428,7.024205207824707,0.4634146341463415,3.426679372787476,5.348474502563477,6.695565223693848,0.3654919315736762,0.4375,6.475425958633423
430,40,50,,3,0.01,-16.842236690951605,0.392,1.73,0.0193189806141551,0.125,4.130594730377197,4.850916385650635,5.584354877471924,0.0,1.7614768743515017,2.407205581665039,2.9521355628967285,0.6785633263514343,0.5520833333333333,5.225956320762634
461,40,50,,3,0.05,21.368395828400903,0.355,1.92,0.1262068019546537,0.0,4.592418670654297,5.272417545318604,5.794400691986084,0.4761904761904761,2.0586225986480717,2.922704696655273,3.701469421386719,-0.1125180239353542,0.715625,5.248936772346497
492,40,50,,3,0.1,0.3353985029380055,0.377,1.81,0.1616949877720947,0.15,4.246838569641113,5.063297271728516,5.78060245513916,0.2857142857142857,1.340662956237793,2.0581746101379395,2.819538116455078,-0.0632262776056712,0.4583333333333333,5.271090507507324
523,40,50,,3,0.2,-9.60260942351796,0.415,1.64,0.3138338444570409,0.125,4.257788181304932,5.01911735534668,5.733895301818848,0.0,1.158245086669922,1.5727593898773191,2.081700563430786,-0.0780591990855965,0.328125,5.442371487617493
554,40,50,,4,0.01,-4.503402761482203,0.384,1.77,0.0253606061689253,0.975,4.3923845291137695,5.288980007171631,6.047892093658447,0.25,1.7672905921936035,2.7015304565429688,3.6824758052825928,-0.3661048862998026,0.875,5.564245939254761
600,40,50,,4,0.1,-26.415311732361605,0.42,1.62,-0.2983142644426642,0.925,4.051408290863037,5.080015182495117,5.895986557006836,0.0,1.032104253768921,1.6116154193878174,2.445889472961426,-0.7098927409852887,0.15625,5.512234687805176
631,40,50,,4,0.2,9.496456875600702,0.406,1.68,0.4115741325882549,0.3625,3.854872941970825,4.876349925994873,5.692543029785156,0.2857142857142857,1.4004724025726318,2.0722975730896,2.84293270111084,-0.3466616756116646,0.3958333333333333,5.538365840911865
662,40,50,,5,0.01,-1.454894501301056,0.404,1.68,0.1987198525777546,0.3125,4.2422709465026855,5.287867069244385,6.028262138366699,0.0,1.6847518682479858,2.6074352264404297,3.5496997833251958,-0.3651767448535182,0.75,5.562525153160095
693,40,50,,5,0.05,-16.703636368602854,0.411,1.65,0.0876615426796807,1.0,3.787461042404175,4.892726421356201,5.900535106658936,0.0769230769230769,1.6514792442321775,2.362788677215576,3.265431880950928,-0.1684132366734476,0.79296875,5.765557527542114
724,40,50,,5,0.1,-53.95304602005903,0.418,1.63,0.3754719061635958,0.075,3.5994584560394287,4.438090801239014,5.207602024078369,0.0,1.0397467613220217,1.534201979637146,2.191020965576172,-0.1872084964057734,0.265625,5.597191333770752
755,40,50,,5,0.2,-34.37732560792047,0.43,1.58,0.1132978354676729,1.0,4.135358333587647,5.192601680755615,5.985887050628662,0.0,1.2720435857772827,1.8757466077804563,2.604295253753662,-0.3868131691392547,0.3489583333333333,5.647084474563599
786,40,50,,6,0.01,19.57578791881146,0.408,1.67,0.1049431167847099,0.5,3.009163618087769,4.011772155761719,4.91796350479126,0.125,1.3984277248382568,2.045703411102295,2.85176420211792,-0.133991000590388,0.2083333333333333,5.63927149772644
817,40,50,,6,0.05,-12.910662028844692,0.411,1.65,0.1269046732642518,1.0,3.740113019943237,4.551038265228272,5.249397277832031,0.3333333333333333,2.0165023803710938,2.881314992904663,3.704514265060425,-0.2209919817630252,0.378125,5.63276743888855
848,40,50,,6,0.1,-25.63865350280647,0.43,1.58,-0.3644911853790995,1.0,3.797556400299072,4.82661247253418,5.66433048248291,0.1111111111111111,1.4425201416015625,2.2108540534973145,3.225719451904297,0.0213605252897844,0.8333333333333334,5.7713388204574585
879,40,50,,6,0.2,-34.01810499140309,0.433,1.57,0.1933393843022867,1.0,3.74267315864563,4.927980899810791,5.838768005371094,0.0,1.1325443983078003,1.7505983114242554,2.638925075531006,-0.1973692753834979,0.625,5.810757637023926
430,40,400,,3,0.01,-16.842236690951605,0.961,5.57,-0.0799690058147655,0.175,5.666219234466553,6.564624786376953,7.165052890777588,0.1764705882352941,2.720148801803589,3.759247541427612,4.823386669158936,-0.1894119515233583,0.36875,6.348589658737183
461,40,400,,3,0.05,21.368395828400903,0.928,5.76,0.0251954213323855,0.025,5.469441890716553,6.305185794830322,6.931491851806641,0.1428571428571428,3.186885356903076,4.29356861114502,5.24337100982666,0.0741353120435369,0.834375,5.980539441108704
492,40,400,,3,0.1,0.3353985029380055,0.959,5.58,-0.3856147935496885,0.25,5.639581680297852,6.502627849578857,7.122783184051514,0.1875,2.9493978023529053,4.05764102935791,5.016366004943848,0.1395460632087734,0.084375,6.204034209251404
523,40,400,,3,0.2,-9.60260942351796,0.971,5.5,0.0826258291935219,0.075,5.614588260650635,6.399056434631348,7.002238750457764,0.3448275862068966,2.884307384490967,4.302425384521484,5.466447830200195,-0.0398478910683113,0.075,6.362648367881775
554,40,400,,4,0.01,-4.503402761482203,0.959,5.58,0.0043090569742493,0.4875,5.351838111877441,6.455953121185303,7.272810459136963,0.25,3.2437217235565186,4.401650905609131,5.622464179992676,0.0251909159497869,1.0,6.3258161544799805
600,40,400,,4,0.1,-26.415311732361605,0.971,5.5,-0.1712876165049687,0.575,5.669034957885742,6.626120090484619,7.2197771072387695,0.6764705882352942,2.9847662448883057,4.615594387054443,5.992061138153076,-0.0485225445772747,0.803125,6.292841553688049
631,40,400,,4,0.2,9.496456875600702,0.974,5.49,0.0369649672466825,0.2,5.223398208618164,6.263927459716797,7.002864360809326,0.1951219512195122,3.0440988540649414,4.301932334899902,5.515202045440674,0.1468396881118931,0.0,6.3322848081588745
662,40,400,,5,0.01,-1.454894501301056,0.976,5.48,0.3061573073943115,0.225,5.354094982147217,6.5193400382995605,7.229276180267334,0.4736842105263157,3.1485674381256104,4.879217147827148,6.328784942626953,-0.0056049641886021,0.903125,6.4783066511154175
693,40,400,,5,0.05,-16.703636368602854,0.978,5.47,-0.2060128686183935,1.0,5.3617353439331055,6.536434173583984,7.282475471496582,0.2916666666666667,3.5715348720550537,5.156433582305908,6.436685085296631,0.0758187805882657,1.0,6.4167479276657104
755,40,400,,5,0.2,-34.37732560792047,0.976,5.48,-0.3458435730297447,1.0,5.232515811920166,6.324113845825195,7.0698442459106445,0.7894736842105263,3.585675001144409,5.347912788391113,6.546743869781494,0.1843969867155527,0.5125,6.35569167137146
817,40,400,,6,0.05,-12.910662028844692,0.976,5.48,-0.2206512634918291,1.0,5.024229526519775,6.154496669769287,6.9309983253479,0.2280701754385964,3.6046178340911865,5.2162909507751465,6.498132228851318,0.1415079685484249,0.996875,6.37536609172821
879,40,400,,6,0.2,-34.01810499140309,0.971,5.51,-0.4955007799509164,1.0,5.209072589874268,6.33637809753418,7.039340496063232,0.64,3.785345554351807,5.662303447723389,6.800622463226318,0.3404893303077057,0.8343749999999999,6.440056800842285
430,40,1600,,3,0.01,-16.842236690951605,1.0,21.35,-0.0791341324117525,0.2,5.715432643890381,6.616264343261719,7.219356536865234,0.2156862745098039,3.3387908935546875,4.425071239471436,5.47714900970459,0.1116885866530584,0.8062499999999999,6.181885242462158
461,40,1600,,3,0.05,21.368395828400903,1.0,21.35,0.1050407058645639,0.025,5.544912338256836,6.377102851867676,6.991678714752197,0.4137931034482758,3.554136037826538,4.567086219787598,5.4729204177856445,0.0548702968385842,0.003125,6.0284024477005005
492,40,1600,,3,0.1,0.3353985029380055,1.0,21.35,-0.1713872903009934,0.2875,5.70247745513916,6.567376613616943,7.1828203201293945,0.288135593220339,3.626529693603516,4.742132663726807,5.689934730529785,-0.0671692504016547,0.4156249999999999,6.138837814331055
554,40,1600,,4,0.01,-4.503402761482203,1.0,21.35,-0.0401535150872053,0.3,5.406612873077393,6.516427516937256,7.3233323097229,0.4307692307692308,3.7065372467041016,4.9482269287109375,6.198459148406982,0.0754633769872038,0.30625,6.381256341934204
631,40,1600,,4,0.2,9.496456875600702,1.0,21.35,0.1320822839112918,0.2,5.273972988128662,6.316738605499268,7.048515319824219,0.3508771929824561,3.5518295764923096,4.9152655601501465,6.189080238342285,-0.002290674790488,1.0,6.397420883178711
693,40,1600,,5,0.05,-16.703636368602854,1.0,21.35,-0.2639578154874228,1.0,5.396536827087402,6.566379547119141,7.30706262588501,0.4657534246575342,4.063510417938232,5.637914180755615,6.833224773406982,0.2154675549236532,0.953125,6.516380071640015
755,40,1600,,5,0.2,-34.37732560792047,1.0,21.35,-0.8569095048834047,1.0,5.269284725189209,6.356702327728272,7.097760200500488,0.7164179104477612,4.1051764488220215,5.823108196258545,6.945193767547607,0.2326124724937775,1.0,6.535629868507385
431,10,50,,3,0.01,14.164580864957042,0.116,1.46,0.3403728429869071,0.175,2.8218884468078613,3.0846710205078125,3.3333680629730225,0.25,0.7082531452178955,0.908063530921936,1.148366928100586,0.3039551241161674,0.046875,4.207218170166016
462,10,50,,3,0.05,4.789913485957336,0.109,1.55,-0.4193654776416342,0.0,2.9296059608459477,3.29931640625,3.5322015285491943,0.0,1.3578555583953855,1.9600944519042969,2.548011302947998,0.6413830578971224,0.3489583333333333,4.288742899894714
493,10,50,,3,0.1,33.209975825617065,0.122,1.39,0.5733050157563914,0.0,2.8546321392059326,3.1315205097198486,3.382627487182617,0.0,1.577334761619568,2.0462183952331543,2.436939001083374,0.7216526855481483,0.7604166666666666,4.408381462097168
524,10,50,,3,0.2,-10.794922538515332,0.121,1.4,0.5353298940566489,0.0,2.947441577911377,3.463452100753784,3.904619693756104,0.25,1.3695313930511477,1.961713552474976,2.5361828804016118,0.0278232751420381,0.0624999999999999,4.349344611167908
570,10,50,,4,0.05,-1.0376935627011612,0.127,1.34,0.7408237346936427,1.0,2.839914083480835,3.271677017211914,3.7090115547180176,0.125,1.5210161209106443,2.032283306121826,2.440902709960937,0.2846215609925653,0.6979166666666666,4.495227932929993
601,10,50,,4,0.1,-25.490568830187783,0.122,1.4,0.716200696912746,1.0,2.2377684116363525,2.827296495437622,3.525721311569214,0.0,1.0397282838821411,1.407545804977417,1.7625926733016968,0.0061035144976687,0.3489583333333333,4.39976704120636
632,10,50,,4,0.2,-24.04856054825175,0.131,1.3,0.573033254353693,1.0,2.4268949031829834,2.9618616104125977,3.542297840118408,0.0833333333333333,1.38600492477417,1.840695858001709,2.390395164489746,-0.0927595068833033,0.328125,4.432114005088806
663,10,50,,5,0.01,2.1789181931808583,0.123,1.38,0.923303855131514,0.9,2.490786552429199,3.1083576679229736,3.6624276638031006,0.0909090909090909,1.7901042699813845,2.42567777633667,3.009653091430664,0.6276920582319188,0.765625,4.244301676750183
694,10,50,,5,0.05,54.88132514320018,0.129,1.31,0.8040839116029985,0.0,2.8688771724700928,3.5745017528533936,4.154155254364014,0.2,1.8659932613372805,2.6770882606506348,3.444230079650879,-0.0449711668043666,0.4453125,4.233428001403809
725,10,50,,5,0.1,-33.13785935137783,0.126,1.35,0.9091771085683942,0.75,2.0115203857421875,2.7520408630371094,3.546958923339844,0.0,0.7967117428779602,1.297589659690857,1.8701286315917969,0.3019333096671556,0.4765625,4.526581048965454
756,10,50,,5,0.2,-36.6631065153695,0.129,1.31,0.6760605815167424,0.0125,2.749223470687866,3.4989230632781982,4.148331642150879,0.0,1.1912131309509275,1.712336540222168,2.2336344718933105,-0.0821144194163342,0.3958333333333333,4.402772426605225
787,10,50,,6,0.01,-45.17999519324027,0.136,1.25,0.892343810958032,1.0,1.912784218788147,2.5627686977386475,3.2645668983459477,0.2857142857142857,1.047277569770813,1.4172738790512085,1.9294960498809812,-0.2612169202553533,0.75,4.544550061225891
818,10,50,,6,0.05,-41.17873865452874,0.127,1.34,0.6859184472102065,0.3875,2.3326992988586426,2.891835927963257,3.382425308227539,0.3333333333333333,1.292074203491211,1.6124314069747925,1.88651442527771,0.6203152562535318,0.39453125,4.449343681335449
849,10,50,,6,0.1,-69.16244751925056,0.124,1.37,0.5352543704000949,0.4375,1.90485417842865,2.2627573013305664,2.622103452682495,0.0,1.1843218803405762,1.6513622999191284,2.150050640106201,0.5598139403739443,0.4791666666666666,4.480844259262085
880,10,50,,6,0.2,76.14894406390464,0.134,1.27,0.7633357717031632,1.0,1.2745752334594729,1.829586386680603,2.4175095558166504,0.1666666666666666,1.2230792045593262,1.959025263786316,2.6106958389282227,-0.1647862259229018,0.9166666666666666,4.63593065738678
431,10,400,,3,0.01,14.164580864957042,0.585,2.28,0.2094822760213099,0.0375,4.901423931121826,5.728299617767334,6.409207344055176,0.1666666666666666,1.8104133605957031,2.9975647926330566,4.155148506164551,0.1450383398098104,0.3359375,6.056822538375855
462,10,400,,3,0.05,4.789913485957336,0.599,2.23,0.0363921925495235,0.3375,4.769819736480713,5.611433029174805,6.344480514526367,0.0,1.2759003639221191,2.141417980194092,3.1770389080047607,-0.0974106981915449,0.5416666666666666,6.007755517959595
493,10,400,,3,0.1,33.209975825617065,0.553,2.42,0.2783916680343053,0.0,4.748623847961426,5.4780120849609375,6.0774641036987305,0.25,2.074528217315674,3.307260513305664,4.429471969604492,-0.213087149299171,0.9140625,5.7701815366745
524,10,400,,3,0.2,-10.794922538515332,0.635,2.1,-0.0205380225914776,0.225,4.749492645263672,5.6720871925354,6.387845516204834,0.375,1.4220802783966064,2.067060947418213,2.90435791015625,-0.3036522373863318,0.7083333333333333,5.647753357887268
570,10,400,,4,0.05,-1.0376935627011612,0.618,2.16,0.1572817367999311,0.0125,4.600851535797119,5.59157133102417,6.339416027069092,0.0,1.5472469329833984,2.5442826747894287,3.862132787704468,-0.2249578380107555,0.0,5.763003587722778
601,10,400,,4,0.1,-25.490568830187783,0.565,2.37,0.2416177557442723,0.1,4.5679030418396,5.492558002471924,6.315749645233154,0.1923076923076923,2.6656532287597656,3.583024740219116,4.414061069488525,0.0543658360699381,0.0125,5.861079931259155
632,10,400,,4,0.2,-24.04856054825175,0.626,2.14,-0.1343235193371541,0.775,5.053444862365723,6.002450466156006,6.652377605438232,0.3636363636363636,2.4265477657318115,3.640841245651245,4.953419208526611,-0.4196440045626936,0.509375,5.876865148544312
663,10,400,,5,0.01,2.1789181931808583,0.623,2.15,-0.1752182800964492,0.1375,4.54431676864624,5.615782737731934,6.392614841461182,0.0,2.043841361999512,3.310737371444702,4.562399864196777,-0.0313236717673444,0.796875,5.998731255531311
694,10,400,,5,0.05,54.88132514320018,0.63,2.12,0.7941703075661909,0.0,4.138362407684326,5.126006603240967,5.899590969085693,0.2352941176470588,2.0459744930267334,3.2070558071136475,4.510928630828857,-0.0365426985933177,0.159375,5.621600389480591
725,10,400,,5,0.1,-33.13785935137783,0.628,2.13,-0.1951802320301912,0.95,4.7319207191467285,5.668273448944092,6.385776519775391,0.2352941176470588,2.2128794193267822,3.277329683303833,4.431878566741943,-0.0927761878001561,0.05859375,5.776645183563232
756,10,400,,5,0.2,-36.6631065153695,0.616,2.17,0.3423973782362212,0.0125,4.801193237304688,5.694028377532959,6.283699035644531,0.0,1.0397586822509766,1.6499755382537842,2.6549746990203857,-0.297526698038854,0.0,5.889686107635498
787,10,400,,6,0.01,-45.17999519324027,0.63,2.12,-0.0729203403686773,1.0,4.155503749847412,5.443746089935303,6.418187141418457,0.35,2.181709051132202,3.299535751342773,4.509875774383545,-0.1456886421940361,0.2375,6.070857882499695
818,10,400,,6,0.05,-41.17873865452874,0.637,2.1,-0.3536348615106872,1.0,4.650559902191162,5.718594074249268,6.457543849945068,0.1578947368421052,2.037867307662964,2.9151275157928467,4.031383514404297,-0.2296494534392763,0.375,6.0651257038116455
849,10,400,,6,0.1,-69.16244751925056,0.618,2.16,-0.0574506301608174,1.0,4.640303134918213,5.628297328948975,6.328823089599609,0.1538461538461538,2.173900365829468,3.5511350631713867,4.9191179275512695,0.1889371861295155,0.640625,5.989912986755371
880,10,400,,6,0.2,76.14894406390464,0.646,2.07,0.3403582187656876,0.0,3.4827544689178467,4.575057506561279,5.530793190002441,0.0909090909090909,2.0445501804351807,3.2673165798187256,4.485324859619141,-0.1001246812051875,0.7447916666666667,5.719416499137878
431,10,1600,,3,0.01,14.164580864957042,0.965,5.53,0.0418942348090134,0.0375,5.559591770172119,6.478978157043457,7.125775337219238,0.1025641025641025,3.1540534496307373,4.195611000061035,5.205193519592285,0.0196990764047129,0.3281249999999999,6.1435394287109375
462,10,1600,,3,0.05,4.789913485957336,0.961,5.55,0.0008975537662277,0.65,5.626765251159668,6.539895057678223,7.189186096191406,0.217391304347826,2.830865859985352,4.233362674713135,5.278023719787598,-0.1393775887332776,0.765625,6.21127724647522
493,10,1600,,3,0.1,33.209975825617065,0.956,5.58,0.183627043477855,0.0,5.345217704772949,6.191499710083008,6.834578037261963,0.0238095238095238,3.126208066940308,4.086670875549316,4.931065082550049,0.0450194256028195,0.040625,6.040374159812927
524,10,1600,,3,0.2,-10.794922538515332,0.973,5.48,0.0149194036973181,0.0,5.345452785491943,6.179775238037109,6.85360860824585,0.1836734693877551,3.227304220199585,4.1705474853515625,5.066296577453613,-0.003461357277715,0.053125,5.7859379053115845
570,10,1600,,4,0.05,-1.0376935627011612,0.967,5.52,-0.1907114473115094,0.025,5.302282810211182,6.3630690574646,7.100029945373535,0.0909090909090909,2.9712026119232178,4.250648498535156,5.500726222991943,0.1403134317083047,0.0,6.171842575073242
601,10,1600,,4,0.1,-25.490568830187783,0.957,5.58,-0.2752599497084487,0.825,5.517570495605469,6.581489562988281,7.252981662750244,0.4285714285714285,3.118786096572876,4.646974086761475,5.996094226837158,-0.1630362056026124,1.0,6.343990683555603
632,10,1600,,4,0.2,-24.04856054825175,0.97,5.5,-0.4129270468610368,0.675,5.597527980804443,6.575425148010254,7.208770751953125,0.4772727272727273,3.424802541732788,4.969797134399414,6.18585205078125,0.0807554988052524,0.5625,6.250417947769165
663,10,1600,,5,0.01,2.1789181931808583,0.973,5.48,-0.151682823419143,0.125,5.086900234222412,6.163216590881348,6.873237133026123,0.325,3.202176809310913,4.714123725891113,5.9540534019470215,0.2333530475714146,0.0,6.164817810058594
694,10,1600,,5,0.05,54.88132514320018,0.98,5.45,0.5783633683793103,0.0,4.885740756988525,5.874291896820068,6.579351902008057,0.2,2.9981377124786377,4.609553813934326,5.822149753570557,0.1016819811874304,0.0,5.96687650680542
756,10,1600,,5,0.2,-36.6631065153695,0.985,5.42,-0.0448477669845366,0.1625,5.5182294845581055,6.402574062347412,6.953559875488281,0.4333333333333333,3.082949161529541,4.762784481048584,6.033400058746338,0.2115190691772558,0.0,6.3554527759552
818,10,1600,,6,0.05,-41.17873865452874,0.975,5.48,0.090315547318974,1.0,5.315244197845459,6.453427791595459,7.143789768218994,0.4,2.9200334548950195,4.803005218505859,6.499739170074463,0.1415574047448509,0.34375,6.374796032905579
880,10,1600,,6,0.2,76.14894406390464,0.972,5.49,0.8189586600537488,0.0,4.216776371002197,5.38251256942749,6.300509929656982,0.2647058823529412,3.084282636642456,4.591350078582764,5.898967266082764,0.3190365624127441,0.0,6.139116525650024
431,40,50,,3,0.01,14.164580864957042,0.405,1.68,0.2715902530172733,0.0375,4.502274513244629,5.240236759185791,5.922111034393311,0.0,2.053508281707764,2.852806806564331,3.506307363510132,0.1277339810264401,0.4583333333333333,5.482814311981201
462,40,50,,3,0.05,4.789913485957336,0.374,1.82,0.345992056554983,0.125,3.7717483043670654,4.734890937805176,5.5211920738220215,0.0,1.1334655284881592,1.5897220373153689,2.1235158443450928,-0.2580508249384504,0.3020833333333333,5.137477993965149
493,40,50,,3,0.1,33.209975825617065,0.39,1.74,0.261382733190912,0.0,3.886441946029663,4.629054546356201,5.285288333892822,0.0,1.2424906492233276,2.015617847442627,2.821054458618164,0.5663053528731746,0.0052083333333333,5.306488990783691
524,40,50,,3,0.2,-10.794922538515332,0.416,1.63,0.2149099083225065,0.0875,4.274224758148193,4.938953399658203,5.594371795654297,0.1666666666666666,1.9003493785858157,2.616298198699951,3.182265281677246,0.3531232667988888,0.8177083333333334,5.310003876686096
570,40,50,,4,0.05,-1.0376935627011612,0.398,1.71,0.3680299703405519,0.0125,3.1841602325439453,4.256759643554688,5.281740188598633,0.0,0.7650985717773438,1.0568766593933103,1.5509357452392578,0.2009781327707288,0.0729166666666666,5.401263356208801
601,40,50,,4,0.1,-25.490568830187783,0.403,1.69,0.1252830591487262,0.7,4.165826320648193,5.229626655578613,6.018680572509766,0.0,1.133467197418213,1.762998342514038,2.5451502799987797,-0.3180330339900137,0.359375,5.534850835800171
632,40,50,,4,0.2,-24.04856054825175,0.419,1.62,-0.045112033111517,1.0,4.672196865081787,5.530303955078125,6.139973163604736,0.0,1.6109607219696045,2.562636137008667,3.63947868347168,-0.0952460867299212,0.3671875,5.660923719406128
663,40,50,,5,0.01,2.1789181931808583,0.416,1.63,0.3161582902149877,0.45,3.68082046508789,4.701062679290772,5.566973209381104,0.3125,1.8668838739395144,2.776521921157837,3.736739873886109,-0.3351672669603627,0.278125,5.2816630601882935
694,40,50,,5,0.05,54.88132514320018,0.416,1.63,0.80319277673303,0.0,4.006284236907959,4.898149967193604,5.587258338928223,0.0,1.191230058670044,1.850449085235596,2.678068161010742,-0.1099683843986711,0.5833333333333333,5.403548002243042
725,40,50,,5,0.1,-33.13785935137783,0.407,1.67,0.2487091380306961,1.0,3.970890522003174,4.970939159393311,5.722690582275391,0.0,0.6277759075164795,1.2348487377166748,2.407221794128418,-0.1133374668862381,0.765625,5.5272135734558105
756,40,50,,5,0.2,-36.6631065153695,0.416,1.64,0.41404507811998,0.05,3.9339852333068848,4.898451328277588,5.632694244384766,0.0,1.3965086936950684,2.2523739337921143,3.098360061645508,0.2049003009437208,0.078125,5.625461459159851
787,40,50,,6,0.01,-45.17999519324027,0.406,1.67,-0.2745958367196086,1.0,2.9612040519714355,3.996342420578003,4.996363162994385,0.1,1.8308528661727903,2.7323784828186035,3.689901828765869,-0.4435043709277788,0.5364583333333334,5.677750468254089
818,40,50,,6,0.05,-41.17873865452874,0.418,1.63,-0.4043572070325749,1.0,4.126796722412109,5.158714294433594,5.926595211029053,0.0,1.3209097385406494,2.004835605621338,3.047362804412842,-0.6813231726979116,0.6927083333333334,5.755476713180542
849,40,50,,6,0.1,-69.16244751925056,0.421,1.61,-0.0900620020560057,1.0,4.139416694641113,5.055226802825928,5.727638244628906,0.0714285714285714,1.696663498878479,2.7269301414489746,4.0255231857299805,-0.2453556702326559,0.603125,5.678767085075378
880,40,50,,6,0.2,76.14894406390464,0.414,1.64,0.5052049864442516,0.0,2.6710565090179443,3.481520414352417,4.382907390594482,0.3333333333333333,1.1359442472457886,1.808143615722656,2.578709125518799,-0.3719332074061467,0.7083333333333334,5.3767019510269165
421,10,400,,3,0.01,-7.415704083686769,0.556,2.4,0.0472861826254543,0.425,4.535953044891357,5.579598903656006,6.432582378387451,0.0,1.4582433700561523,2.3473689556121826,3.499293088912964,-0.4055286391460533,0.7291666666666666,6.039645791053772
452,10,400,,3,0.05,-8.503913817275507,0.592,2.26,-0.1896821204721606,0.5625,5.149388790130615,5.97517728805542,6.615796089172363,0.1,2.290513515472412,3.328511953353882,4.248816013336182,-0.0276758564614461,0.515625,5.958574414253235
483,10,400,,3,0.1,4.107036960514779,0.572,2.34,0.2511332296904628,0.05,4.638740062713623,5.532020568847656,6.349119186401367,0.0,1.4568041563034058,2.4426984786987305,3.5022904872894287,0.1790188048601847,0.1510416666666666,5.837232828140259
514,10,400,,3,0.2,-14.544124599425984,0.611,2.19,0.1076315201337642,0.025,4.973487854003906,5.826216697692871,6.509357452392578,0.1176470588235294,2.381265878677368,3.2592227458953857,4.066650390625,0.0152858953729411,0.0677083333333333,5.7425302267074585
545,10,400,,4,0.01,-25.421391317475663,0.527,2.53,0.326485182636973,0.0125,4.791364669799805,5.676753044128418,6.241826057434082,0.0,1.5434424877166748,2.3059561252593994,3.008928775787353,0.2149651914853992,0.0,5.837854743003845
576,10,400,,4,0.05,1.5495180423592505,0.605,2.21,0.3960657146189104,0.0,4.662816524505615,5.68873929977417,6.434944152832031,0.3333333333333333,2.0118253231048584,2.7218494415283203,3.532395124435425,-0.3606328783252268,0.0364583333333333,5.840227365493774
607,10,400,,4,0.1,-12.183740340828578,0.61,2.19,0.2257299538278937,0.775,4.892149448394775,5.8740553855896,6.571033477783203,0.2142857142857142,1.9272068738937376,2.8315651416778564,3.925638675689697,-0.4221528065457665,0.05,5.70746660232544
638,10,400,,4,0.2,-22.997619759109075,0.548,2.44,0.326158581273655,0.0125,4.969385147094727,5.749167919158936,6.2732110023498535,0.5,2.263048887252808,3.4921555519104004,4.69398832321167,-0.1258062652944604,0.0,5.845284819602966
669,10,400,,5,0.01,-18.319930087521648,0.624,2.14,0.0288089185758337,1.0,4.602015972137451,5.791125297546387,6.610333442687988,0.125,1.7678688764572144,2.820538282394409,4.04670524597168,-0.4122519696217804,0.8125000000000001,5.765788435935974
700,10,400,,5,0.05,-62.894655678803616,0.632,2.12,0.0176145544534136,0.3125,4.886498928070068,5.742988109588623,6.30113697052002,0.0,1.340675711631775,2.0408718585968018,3.017359495162964,-0.2344089373660342,0.6458333333333333,5.975872039794922
731,10,400,,5,0.1,-18.969061686030443,0.621,2.15,-0.1317596173937994,0.8125,4.5407233238220215,5.556796550750732,6.261843681335449,0.3,2.005064010620117,3.2718582153320312,4.460256099700928,0.005462253135179,0.2395833333333333,5.81704306602478
762,10,400,,5,0.2,-19.633812002494803,0.645,2.07,-0.7341140695973549,1.0,4.457958221435547,5.472085475921631,6.364991664886475,0.1111111111111111,1.5776524543762207,2.6505494117736816,4.094382286071777,0.0261309793139603,0.7395833333333334,5.837695479393005
793,10,400,,6,0.01,-76.44652684559905,0.63,2.12,-0.6232571559112746,1.0,4.483193397521973,5.627349376678467,6.371650218963623,0.1,2.1604814529418945,3.4370429515838623,4.806265830993652,-0.1972529679167989,0.9375,5.95093047618866
824,10,400,,6,0.05,-23.73030057471971,0.643,2.08,-0.4704449777235875,1.0,4.2174072265625,5.356026649475098,6.2911529541015625,0.238095238095238,2.124563694000244,3.1909079551696777,4.505584716796875,-0.2364313985489768,0.571875,6.050900936126709
870,10,400,,6,0.2,-34.693294949412,0.625,2.14,-0.1807508649666604,1.0,4.19537878036499,5.408717155456543,6.336341381072998,0.1666666666666666,2.1269009113311768,3.290693998336792,4.622016906738281,-0.2237623964098636,1.0,6.030153870582581
431,40,400,,3,0.01,14.164580864957042,0.969,5.52,0.021465706745307,0.05,5.542140007019043,6.467767238616943,7.109516143798828,0.2162162162162162,2.80741548538208,3.856678485870361,4.913149833679199,0.0091778951196753,0.4031249999999999,6.229023218154907
462,40,400,,3,0.05,4.789913485957336,0.956,5.59,0.0325892502773307,0.6625,5.62235164642334,6.528695106506348,7.177999973297119,0.4571428571428571,3.053328514099121,4.319133758544922,5.29918909072876,-0.1696008093583218,0.584375,6.206382036209106
493,40,400,,3,0.1,33.209975825617065,0.961,5.56,0.0840239755832087,0.0,5.31104040145874,6.185574531555176,6.851245403289795,0.1333333333333333,2.8118796348571777,3.9384262561798096,4.894513130187988,0.0512295591544953,0.028125,6.058164954185486
524,40,400,,3,0.2,-10.794922538515332,0.966,5.54,0.2447566480031591,0.0,5.351354122161865,6.193740367889404,6.86256742477417,0.4054054054054054,3.089735984802246,4.16065788269043,5.116200923919678,-0.0769198624927868,0.078125,5.752331972122192
570,40,400,,4,0.05,-1.0376935627011612,0.974,5.49,-0.0320803827544965,0.0125,5.318559646606445,6.383152484893799,7.114693641662598,0.2142857142857142,2.6567695140838623,4.074965000152588,5.519317150115967,-0.1049034077193785,0.00625,6.240800857543945
601,40,400,,4,0.1,-25.490568830187783,0.972,5.5,-0.3474181180548356,0.4875,5.550466060638428,6.599162578582764,7.261181831359863,0.1666666666666666,2.9243853092193604,4.215152263641357,5.553123950958252,0.0483325026068209,0.2312499999999999,6.491364121437073
632,40,400,,4,0.2,-24.04856054825175,0.977,5.47,-0.1164214897738386,0.7875,5.62561559677124,6.595654487609863,7.220925331115723,0.6206896551724138,3.053675413131714,4.841686248779297,6.321303844451904,0.0202611725697392,0.24375,6.430440068244934
663,40,400,,5,0.01,2.1789181931808583,0.973,5.49,-0.4259634813421276,0.0875,5.083949565887451,6.16112232208252,6.867151737213135,0.2954545454545454,3.3424313068389893,4.797454833984375,5.897506237030029,0.3205817938366654,0.003125,6.172513246536255
694,40,400,,5,0.05,54.88132514320018,0.978,5.47,0.1999234287730363,0.0,4.9062819480896,5.8964691162109375,6.599878787994385,0.3888888888888889,3.199810743331909,4.817238807678223,5.954743385314941,0.0361329088557762,0.046875,6.038857579231262
725,40,400,,5,0.1,-33.13785935137783,0.974,5.49,-0.2915656848974802,0.7375,5.409392833709717,6.409852504730225,7.082112789154053,0.4615384615384615,3.378730058670044,4.973918437957764,6.257821559906006,0.1910838369775667,1.0,6.2902621030807495
756,40,400,,5,0.2,-36.6631065153695,0.967,5.53,0.1118609800684131,0.075,5.49763822555542,6.386481285095215,6.938070774078369,0.4736842105263157,3.240612506866455,4.991673946380615,6.302443027496338,0.1469039458825751,0.096875,6.241752982139587
818,40,400,,6,0.05,-41.17873865452874,0.976,5.48,-0.1068476788190324,1.0,5.318933010101318,6.4574480056762695,7.146438121795654,0.7567567567567568,3.403710126876831,5.334234714508057,6.665881633758545,0.2703490266795322,0.65625,6.401630759239197
880,40,400,,6,0.2,76.14894406390464,0.977,5.47,0.7790508817298278,0.0,4.208976268768311,5.373956680297852,6.302787780761719,0.09375,2.890226364135742,4.428034782409668,5.789927005767822,0.3130498871419946,0.0,6.142776966094971
431,40,1600,,3,0.01,14.164580864957042,1.0,21.35,0.0130418286194611,0.025,5.569580554962158,6.48971700668335,7.1377272605896,0.1403508771929824,3.381037950515747,4.323108196258545,5.282711982727051,-0.1054781716990245,0.00625,6.147165417671204
462,40,1600,,3,0.05,4.789913485957336,1.0,21.35,0.0901693811126181,0.6625,5.672259330749512,6.584542751312256,7.231362819671631,0.6,3.47669529914856,4.7468695640563965,5.718173503875732,-0.08392431481658,0.834375,6.251402735710144
493,40,1600,,3,0.1,33.209975825617065,1.0,21.35,-0.0776189487041503,0.0,5.374304294586182,6.2228851318359375,6.872462749481201,0.1142857142857142,3.606076955795288,4.449019908905029,5.33528995513916,0.1644976526722046,0.0,5.920457601547241
570,40,1600,,4,0.05,-1.0376935627011612,1.0,21.35,-0.2026447795086212,0.025,5.354355335235596,6.417532444000244,7.149739265441895,0.55,3.6300456523895264,4.983944416046143,6.1633806228637695,0.0039368365222655,1.0,6.191699504852295
632,40,1600,,4,0.2,-24.04856054825175,1.0,21.35,-0.1159548368866556,0.75,5.645668983459473,6.618603706359863,7.244580745697021,0.6724137931034483,3.813421249389648,5.443722724914551,6.636876106262207,0.1491996303635002,1.0,6.480403304100037
694,40,1600,,5,0.05,54.88132514320018,1.0,21.35,0.4804845081448625,0.0,4.928022861480713,5.918437480926514,6.621993541717529,0.4655172413793103,3.9749252796173096,5.407172203063965,6.290744304656982,0.2313443179208584,1.0,6.097941160202026
756,40,1600,,5,0.2,-36.6631065153695,1.0,21.35,0.006083954584958,0.15,5.548360347747803,6.4267754554748535,6.976233005523682,0.4516129032258064,3.99118971824646,5.542480945587158,6.5440545082092285,0.2416451297437223,0.0,6.276424169540405
432,10,50,,3,0.01,-15.026763600360248,0.104,1.63,0.4902717938576578,0.15,3.419963121414185,4.076231002807617,4.565704822540283,0.0,0.7650758028030396,1.042393922805786,1.5120147466659546,0.1561438074375353,0.0,4.388027191162109
463,10,50,,3,0.05,1.5260272664429309,0.119,1.43,-0.1472056740889974,0.0,2.98667311668396,3.398441791534424,3.771559953689575,0.0714285714285714,1.7265633344650269,2.1309473514556885,2.512730121612549,0.0482029324477925,0.0,4.18476128578186
494,10,50,,3,0.1,-1.6689192913019415,0.115,1.48,0.7604534734888495,0.0,2.8153436183929443,3.287508726119995,3.6885826587677,0.1428571428571428,1.03208327293396,1.4271230697631836,1.952308654785156,0.5164471992049661,0.5208333333333333,4.475806355476379
540,10,50,,4,0.01,0.8640063178340975,0.117,1.45,0.7844909236622327,0.0,3.407622575759888,3.873212575912476,4.142069339752197,0.0,1.0385618209838867,1.6000627279281616,2.2259862422943115,0.3777824985991758,0.25,4.072247862815857
571,10,50,,4,0.05,-39.90075492062513,0.137,1.24,0.7333243429964346,0.075,3.1540513038635254,3.8280704021453857,4.362920761108398,0.0,1.0397292375564575,1.4075477123260498,1.7223970890045166,0.0654297200262353,0.265625,4.435006618499756
602,10,50,,4,0.1,29.480145418186098,0.128,1.32,0.7160759851766321,0.0125,3.1718928813934326,3.8247687816619873,4.346153259277344,0.0,1.039728760719299,1.5167754888534546,2.0919206142425537,-0.2787064185809019,0.3489583333333333,4.289596676826477
633,10,50,,4,0.2,-15.94121826097334,0.129,1.32,0.7678618500002128,1.0,2.8373374938964844,3.6973259449005127,4.544097423553467,0.25,1.163959264755249,1.6168315410614014,2.102511405944824,0.5116533337902781,0.44921875,4.5403687953948975
664,10,50,,5,0.01,-20.746348774718008,0.125,1.36,0.578220759085084,1.0,2.1641786098480225,2.8120486736297607,3.4502999782562256,0.125,1.540949821472168,1.976589560508728,2.2327375411987305,0.7023402955769702,0.1302083333333333,4.409159660339356
695,10,50,,5,0.05,-28.646174109828085,0.131,1.3,0.687071750858359,1.0,2.3356289863586426,3.126359701156616,3.8624267578125,0.0,1.1912133693695068,1.652515172958374,2.057119369506836,0.6535408566369992,0.890625,4.4978238344192505
726,10,50,,5,0.1,-27.36501286887357,0.133,1.27,0.4564374263011179,1.0,2.203758478164673,3.039963483810425,3.843186140060425,0.0,1.2373652458190918,1.7668933868408203,2.352844715118408,-0.2461739646484327,0.8489583333333334,4.502260565757752
757,10,50,,5,0.2,-29.417968211109795,0.125,1.36,0.6547207754337997,0.9625,2.335719347000122,3.0872561931610107,3.849573850631714,0.0,1.1912119388580322,1.773961067199707,2.4810945987701416,-0.1546581551969125,0.734375,4.479846477508545
788,10,50,,6,0.01,27.82760591019963,0.121,1.41,0.772799884546884,0.0,1.8810173273086548,2.478508234024048,3.0242695808410645,0.0,1.3193479776382446,1.898530960083008,2.5213611125946045,-0.2321988120096969,0.078125,4.349207282066345
819,10,50,,6,0.05,18.013705493536783,0.129,1.32,0.8680282648204305,0.0125,1.967463731765747,2.5659496784210205,3.1539306640625,0.25,1.486315131187439,2.1322269439697266,2.778027296066284,-0.1770141166150076,0.6197916666666667,4.43022096157074
850,10,50,,6,0.1,36.32813350240218,0.133,1.28,0.7880328135228942,0.0,1.3657310009002686,1.876983642578125,2.441636800765991,0.0,1.0397289991378784,1.4075473546981812,1.6882436275482178,0.1093750526246359,0.46875,4.559141397476196
881,10,50,,6,0.2,-26.701955637154743,0.132,1.29,0.4148750126196706,0.7625,2.162341833114624,2.9467718601226807,3.644476413726807,0.0,1.0397288799285889,1.5162829160690308,2.1246113777160645,-0.26731793208332,0.3281249999999999,4.454199910163879
432,10,400,,3,0.01,-15.026763600360248,0.546,2.45,-0.0030583203481545,0.5875,4.719940185546875,5.654098510742188,6.282630443572998,0.0,1.086984634399414,1.4663715362548828,1.9662965536117556,-0.1347908675021345,0.0,5.515631437301636
463,10,400,,3,0.05,1.5260272664429309,0.549,2.43,0.1507950356818228,0.475,4.4962158203125,5.516963481903076,6.391164302825928,0.2307692307692307,2.3038811683654785,3.086166381835937,3.701028347015381,0.2448632187287479,0.2760416666666666,5.792721509933472
494,10,400,,3,0.1,-1.6689192913019415,0.563,2.38,-0.0987706339811717,0.85,4.906434059143066,5.783972263336182,6.517428874969482,0.2,1.6590819358825684,2.574626445770264,3.655232191085816,0.1289773803700936,0.8958333333333334,5.908445358276367
540,10,400,,4,0.01,0.8640063178340975,0.557,2.4,0.2451077332556444,0.0,4.738030433654785,5.625354290008545,6.222648143768311,0.2222222222222222,1.5222270488739014,2.428194046020508,3.4588112831115723,-0.5619121449977337,0.05078125,5.76194703578949
571,10,400,,4,0.05,-39.90075492062513,0.601,2.23,-0.2462001391195996,1.0,5.02260160446167,5.993663787841797,6.670112609863281,0.25,1.7229702472686768,2.613501071929932,3.558310270309448,-0.3603873073868655,0.26171875,5.883548140525818
602,10,400,,4,0.1,29.480145418186098,0.569,2.35,0.3558346550269557,0.025,4.445858955383301,5.250784397125244,5.849855422973633,0.1428571428571428,1.132697343826294,1.7355912923812866,2.54632830619812,-0.5574415331604275,0.0,5.794041156768799
633,10,400,,4,0.2,-15.94121826097334,0.63,2.12,-0.1040494425155352,0.35,4.6485209465026855,5.648450374603272,6.4586944580078125,0.2777777777777778,2.0922207832336426,3.0935609340667725,4.106374263763428,-0.1489832602231593,0.95,5.733476877212524
664,10,400,,5,0.01,-20.746348774718008,0.614,2.18,0.4514382085075061,0.0375,4.7264814376831055,5.717870712280273,6.359779357910156,0.2727272727272727,1.9693273305892944,3.0572056770324707,4.412290573120117,-0.5666416880673535,0.0125,5.97352659702301
695,10,400,,5,0.05,-28.646174109828085,0.591,2.26,0.2973623921775475,1.0,4.395796298980713,5.619608879089356,6.503602504730225,0.2,2.372791290283203,3.486169576644897,4.743024349212647,-0.192783224212095,0.384375,5.791150569915772
726,10,400,,5,0.1,-27.36501286887357,0.583,2.29,-0.3014121267969021,1.0,4.503121376037598,5.578880310058594,6.309759616851807,0.2222222222222222,2.12274432182312,3.303661108016968,4.608804702758789,-0.0972758569425069,0.91875,5.819769978523254
757,10,400,,5,0.2,-29.417968211109795,0.641,2.09,-0.6914240777585399,0.9375,4.849350929260254,5.83168888092041,6.5165863037109375,0.0,1.3888777494430542,2.331429004669189,3.716698408126831,-0.2284196700801794,0.21875,5.938557386398315
788,10,400,,6,0.01,27.82760591019963,0.642,2.08,0.6726862533835054,0.05,4.440130710601807,5.582680702209473,6.300513744354248,0.4545454545454545,2.241072177886963,3.6465232372283936,5.070969581604004,0.0163745239157154,1.0,5.990411281585693
819,10,400,,6,0.05,18.013705493536783,0.642,2.08,-0.6467932631757651,0.1625,3.791121006011963,4.912522315979004,5.873965740203857,0.0,1.878170371055603,3.0452451705932617,4.481230735778809,-0.0208004685212808,0.9114583333333334,5.999745011329651
850,10,400,,6,0.1,36.32813350240218,0.641,2.09,0.7854692572674592,0.0,4.221508979797363,5.173770427703857,5.898886203765869,0.1052631578947368,2.170971393585205,3.219442129135132,4.252597332000732,-0.0047084059399642,0.0,5.812518239021301
881,10,400,,6,0.2,-26.701955637154743,0.665,2.01,-0.2848383585528833,0.9875,4.430583477020264,5.528731822967529,6.322219371795654,0.4,2.225933074951172,3.560409545898437,4.925163745880127,-0.0786485153679896,0.43359375,5.948519229888916
432,10,1600,,3,0.01,-15.026763600360248,0.9,5.93,-0.1215605085130702,0.7125,5.710127353668213,6.659300327301025,7.24556827545166,0.2258064516129032,2.8396713733673096,3.957127332687378,4.9807963371276855,-0.0209378260787552,0.325,6.319287180900574
463,10,1600,,3,0.05,1.5260272664429309,0.95,5.62,0.0007980151375547,0.2625,5.490715503692627,6.468783855438232,7.147432804107666,0.1481481481481481,2.4312140941619877,3.5660388469696045,4.722550868988037,0.172137445274829,0.021875,6.295756220817566
494,10,1600,,3,0.1,-1.6689192913019415,0.953,5.6,-0.046370683176257,0.3375,5.421104907989502,6.381612777709961,7.142660617828369,0.1666666666666666,2.746668577194214,4.01763391494751,5.066789627075195,-0.0364061005807248,0.859375,6.2345951795578
540,10,1600,,4,0.01,0.8640063178340975,0.97,5.5,0.1292701793566277,0.2875,5.456907272338867,6.485036373138428,7.147895812988281,0.1578947368421052,2.971696138381958,4.165146827697754,5.439395904541016,-0.001155372306341,0.021875,6.357029914855957
571,10,1600,,4,0.05,-39.90075492062513,0.975,5.47,-0.265852692231519,0.4875,5.677306652069092,6.635300636291504,7.262477874755859,0.1785714285714285,2.78983473777771,4.12047004699707,5.56892728805542,-0.0757010996655004,0.7093750000000001,6.440882325172424
602,10,1600,,4,0.1,29.480145418186098,0.965,5.53,0.0073508448822558,0.0375,5.384175777435303,6.293611526489258,6.925328254699707,0.7058823529411765,3.161926746368408,4.7925705909729,5.939134120941162,0.1255596478343703,0.1625,6.253226399421692
633,10,1600,,4,0.2,-15.94121826097334,0.978,5.45,-0.0987231566131261,0.475,5.651883602142334,6.644429683685303,7.263221263885498,0.3793103448275862,3.020087957382202,4.611739158630371,6.009318828582764,0.0364228288762229,0.14375,6.370607256889343
664,10,1600,,5,0.01,-20.746348774718008,0.972,5.49,0.0940978469153446,0.0375,5.387109756469727,6.417443752288818,7.031037330627441,0.6486486486486487,3.3042938709259038,5.109180927276611,6.3997979164123535,0.1369700626703321,0.959375,6.239840865135193
695,10,1600,,5,0.05,-28.646174109828085,0.971,5.5,-0.2435362668995476,1.0,5.214124202728272,6.4947710037231445,7.2522125244140625,0.5263157894736842,3.1899397373199463,4.808776378631592,6.232157230377197,0.0651707921683474,0.903125,6.225811839103699
726,10,1600,,5,0.1,-27.36501286887357,0.977,5.46,-0.0220369656057643,1.0,5.274281978607178,6.318578243255615,6.998783111572266,0.5555555555555556,3.2676186561584477,5.020991802215576,6.244840621948242,0.2112776539446823,1.0,6.281390190124512
757,10,1600,,5,0.2,-29.417968211109795,0.963,5.54,-0.4050054646907954,1.0,5.382726192474365,6.424084663391113,7.098423004150391,0.3095238095238095,3.3661179542541504,4.9818644523620605,6.322235107421875,0.3122483159558225,0.7,6.319480657577515
819,10,1600,,6,0.05,18.013705493536783,0.982,5.44,-0.5236010077467796,0.1375,4.911893367767334,6.050609111785889,6.781869411468506,0.5365853658536586,3.571929216384888,5.393493175506592,6.470931529998779,0.2080777818606834,1.0,6.3162373304367065
881,10,1600,,6,0.2,-26.701955637154743,0.979,5.45,-0.1982553921250347,1.0,5.066565990447998,6.1913933753967285,6.943973064422607,0.475,3.411363363265991,5.30204439163208,6.5948100090026855,0.2446071448405793,0.78125,6.393258333206177
432,40,50,,3,0.01,-15.026763600360248,0.382,1.78,0.2665489660451345,0.375,4.566847801208496,5.355310440063477,5.914515972137451,0.0,1.1945273876190186,1.628468036651611,2.258219718933105,0.5561049854759887,0.1614583333333333,5.077367544174194
463,40,50,,3,0.05,1.5260272664429309,0.394,1.72,0.1125636487673128,0.1625,4.71343469619751,5.477426528930664,6.120416164398193,0.4,2.391912937164306,3.2807016372680664,3.945968627929688,-0.1964818695905846,0.796875,5.59494686126709
494,40,50,,3,0.1,-1.6689192913019415,0.396,1.72,-0.0183783826108241,0.4875,4.406894207000732,5.249924659729004,6.001503467559815,0.0,1.3335621356964111,1.7632262706756592,2.1177477836608887,0.6704685200256346,0.6015625,5.576586246490479
540,40,50,,4,0.01,0.8640063178340975,0.424,1.6,-0.0009775672041788,0.175,4.517112255096436,5.448127269744873,6.150396823883057,0.2105263157894736,1.968984603881836,2.735631465911865,3.612934827804565,-0.4019138441154245,0.4875,5.643073081970215
571,40,50,,4,0.05,-39.90075492062513,0.406,1.67,-0.152560608358782,0.5,4.653318881988525,5.405740737915039,5.984721183776856,0.4285714285714285,1.183582782745361,1.838544249534607,2.501072406768799,-0.1738961587458296,0.796875,5.4673826694488525
602,40,50,,4,0.1,29.480145418186098,0.411,1.65,0.2380317099132003,0.1375,4.418736934661865,5.222639083862305,5.823029518127441,0.2222222222222222,1.9635509252548216,2.8716890811920166,3.6919801235198975,-0.0456260364538047,0.3125,5.5382232666015625
633,40,50,,4,0.2,-15.94121826097334,0.416,1.63,-0.2505710230082997,0.975,4.373140335083008,5.248185157775879,5.95309591293335,0.0,1.196950078010559,1.8831892013549805,2.9726130962371826,-0.6317192571173954,0.6614583333333334,5.519617199897766
664,40,50,,5,0.01,-20.746348774718008,0.417,1.63,0.5596221941999484,0.0125,3.7696845531463614,4.629039287567139,5.334819316864014,0.1818181818181818,1.5779508352279663,2.08801531791687,2.6735198497772217,0.0938398537790586,0.15625,5.386131644248962
695,40,50,,5,0.05,-28.646174109828085,0.422,1.61,-0.0863890197651802,1.0,3.774101972579956,4.884156227111816,5.80794095993042,0.3333333333333333,1.0643930435180664,1.4185794591903689,1.770533561706543,-0.3481321225894515,0.625,5.577799439430237
726,40,50,,5,0.1,-27.36501286887357,0.42,1.62,0.0864907719308346,1.0,3.922298431396485,4.725161075592041,5.451962471008301,0.0714285714285714,1.967872738838196,2.6552515029907227,3.426442623138428,0.0715842003416842,0.6640625,5.455293416976929
757,40,50,,5,0.2,-29.417968211109795,0.415,1.64,-0.2794899831559841,1.0,3.819809675216675,4.739468097686768,5.575545310974121,0.0,1.0510237216949463,1.5057923793792725,2.0460307598114014,0.3337110211590233,0.5260416666666666,5.650564789772034
788,40,50,,6,0.01,27.82760591019963,0.425,1.6,0.8843602085915829,0.0125,3.739256381988525,4.822094917297363,5.630217552185059,0.0,1.1334683895111084,1.6352776288986206,2.391986846923828,-0.1417285655652238,0.7083333333333333,5.653518319129944
819,40,50,,6,0.05,18.013705493536783,0.424,1.6,0.5124555267065123,0.3625,2.7179436683654785,3.727294921875,4.755930423736572,0.2666666666666666,1.7508147954940796,2.47808051109314,3.12601900100708,-0.3291989079732734,0.140625,5.663257002830505
850,40,50,,6,0.1,36.32813350240218,0.43,1.58,0.7458366742441301,0.025,3.366558790206909,4.354335308074951,5.154303073883057,0.0,1.0397474765777588,1.4946346282958984,2.0522656440734863,-0.2228446380453059,0.3125,5.449886083602905
881,40,50,,6,0.2,-26.701955637154743,0.4,1.7,-0.7915471917877854,1.0,3.391069173812866,4.371503829956055,5.250241756439209,0.0,1.2489886283874512,1.8505773544311523,2.5817437171936035,-0.2191922299492618,0.8020833333333333,5.766379594802856
432,40,400,,3,0.01,-15.026763600360248,0.932,5.74,-0.0880793636524171,0.8,5.789575576782227,6.742166996002197,7.322319984436035,0.0769230769230769,2.614549398422241,3.777222394943237,4.90657377243042,0.083738572165847,0.8875,6.188031196594238
463,40,400,,3,0.05,1.5260272664429309,0.965,5.54,-0.0297891557215154,0.25,5.476021766662598,6.459620952606201,7.154499053955078,0.0769230769230769,2.274904727935791,3.5896716117858887,4.838300704956055,0.0513576565411555,0.0885416666666666,6.304900527000427
494,40,400,,3,0.1,-1.6689192913019415,0.956,5.59,-0.2336103849863623,0.3375,5.450569152832031,6.4068284034729,7.155378818511963,0.0833333333333333,3.140601396560669,4.278969764709473,5.227538585662842,0.0979452720589446,0.978125,6.090105295181274
540,40,400,,4,0.01,0.8640063178340975,0.974,5.49,-0.0142433092264123,0.275,5.483850002288818,6.505282878875732,7.161334991455078,0.5,3.3738410472869877,4.876861095428467,6.0637526512146,0.0758747709239923,1.0,6.310179233551025
571,40,400,,4,0.05,-39.90075492062513,0.948,5.64,-0.1943466834757421,0.475,5.634969234466553,6.596238136291504,7.22763204574585,0.34375,3.107371091842652,4.447932720184326,5.69542932510376,0.0910140647207355,0.634375,6.431172609329224
602,40,400,,4,0.1,29.480145418186098,0.972,5.5,-0.0698202661386894,0.025,5.389603614807129,6.29768180847168,6.936087131500244,0.4358974358974359,3.2954819202423096,4.790276527404785,5.898452758789063,0.2286009555736757,0.1124999999999999,6.220529675483704
633,40,400,,4,0.2,-15.94121826097334,0.971,5.5,-0.1464651220183166,0.5,5.633971691131592,6.6242499351501465,7.24641752243042,0.3170731707317073,3.2724056243896484,4.813823223114014,6.116973400115967,0.1324929114255612,1.0,6.407142519950867
664,40,400,,5,0.01,-20.746348774718008,0.967,5.53,0.0324240017908673,0.0375,5.392630100250244,6.416141033172607,7.023411750793457,0.6578947368421053,3.323162078857422,4.941284656524658,6.165546417236328,0.1982285168580255,0.003125,6.282466650009155
695,40,400,,5,0.05,-28.646174109828085,0.965,5.54,-0.5899318123208064,1.0,5.15938138961792,6.459600925445557,7.237500190734863,0.4,3.25921893119812,4.798831939697266,6.210124969482422,0.0832648166229613,0.584375,6.251139044761658
757,40,400,,5,0.2,-29.417968211109795,0.957,5.59,-0.3779510377607113,1.0,5.397982120513916,6.4293413162231445,7.0888671875,0.4722222222222222,3.2037575244903564,5.032751560211182,6.444774150848389,0.3145494425064223,0.478125,6.385796904563904
819,40,400,,6,0.05,18.013705493536783,0.981,5.45,-0.3088064289197537,0.1375,4.919831275939941,6.051866054534912,6.777266979217529,0.5333333333333333,3.563467741012573,5.309973239898682,6.406332492828369,0.3030958573773532,0.609375,6.285845756530762
881,40,400,,6,0.2,-26.701955637154743,0.964,5.54,-0.3789102657663006,1.0,5.037948131561279,6.167675018310547,6.927252292633057,0.32,3.755019426345825,5.4873576164245605,6.61166524887085,0.3457681039092183,0.940625,6.37692403793335
432,40,1600,,3,0.01,-15.026763600360248,1.0,21.35,-0.1019678859926712,0.825,5.9100751876831055,6.834796905517578,7.38959264755249,0.1818181818181818,3.209890842437744,4.285665035247803,5.422387599945068,-0.1137907493774201,0.2625,6.25216007232666
463,40,1600,,3,0.05,1.5260272664429309,1.0,21.35,-0.0461241952407277,0.2875,5.55544376373291,6.538279056549072,7.21901273727417,0.3191489361702128,3.3382489681243896,4.533290386199951,5.645686626434326,-0.0082329773633447,0.165625,6.338856220245361
494,40,1600,,3,0.1,-1.6689192913019415,1.0,21.35,-0.119182041776642,0.3375,5.486330509185791,6.449781894683838,7.200406074523926,0.2075471698113207,3.317925214767456,4.393093585968018,5.420565605163574,0.15150810855822,0.109375,6.156318426132202
571,40,1600,,4,0.05,-39.90075492062513,1.0,21.35,-0.3779631647335069,0.4625,5.709640026092529,6.663356304168701,7.28792142868042,0.2222222222222222,3.4783287048339844,4.732886791229248,6.035492897033691,0.0452799236382768,0.98125,6.41055965423584
633,40,1600,,4,0.2,-15.94121826097334,1.0,21.35,-0.2352134077846888,0.4375,5.684800624847412,6.673171520233154,7.286279201507568,0.5166666666666667,3.786262273788452,5.3125505447387695,6.529858589172363,-0.0067022197210887,0.603125,6.468621611595154
695,40,1600,,5,0.05,-28.646174109828085,1.0,21.35,-0.367019257576029,1.0,5.265603065490723,6.534916877746582,7.278212070465088,0.7407407407407407,3.837975263595581,5.624844074249268,6.824389934539795,0.2403187530510476,0.6125,6.644864082336426
757,40,1600,,5,0.2,-29.417968211109795,1.0,21.35,-0.5000068522219192,1.0,5.440503120422363,6.474714756011963,7.13958740234375,0.5901639344262295,3.913493394851685,5.678135871887207,6.838611602783203,0.1467850384891741,1.0,6.5397562980651855
433,10,50,,3,0.01,0.380085965305853,0.116,1.47,0.6249873456507488,0.0,3.1500604152679443,3.773707628250122,4.254641056060791,0.0,1.19121253490448,1.6734107732772827,2.135277271270752,-0.1902887301972996,0.1979166666666666,4.129179537296295
464,10,50,,3,0.05,-21.079559573576592,0.122,1.39,0.4249746643718803,0.0,3.3005473613739014,3.6622447967529297,3.94014048576355,0.0,1.191212773323059,1.719652533531189,2.3050334453582764,0.5975424660807005,0.0,4.31377637386322
510,10,50,,3,0.2,9.530164910380307,0.12,1.42,0.4039145087207705,0.0125,3.305096387863159,3.811307668685913,4.118831634521484,0.0,1.0397281646728516,1.5762914419174194,2.1145973205566406,-0.1758467457062709,0.0625,4.537675738334656
541,10,50,,4,0.01,-0.036623222623584,0.116,1.46,0.6659763797749236,0.0,2.958215475082397,3.545459747314453,4.054778575897217,0.0,1.0397279262542725,1.453383207321167,1.932145118713379,-0.033449304051777,0.0520833333333333,4.169268846511841
572,10,50,,4,0.05,-16.09270414189458,0.121,1.4,0.4510094277897174,0.175,2.7425851821899414,3.3817126750946045,4.00363302230835,0.0,1.0397281646728516,1.407545804977417,1.7743619680404663,-0.0107482698894599,0.5572916666666666,4.340208172798157
603,10,50,,4,0.1,-9.190322083736802,0.122,1.4,0.7352464844799562,0.0,4.064168930053711,4.632508754730225,4.936435699462891,0.4,1.622381567955017,2.185521125793457,2.7811107635498047,-0.1505844787763355,0.5729166666666667,4.520207405090332
634,10,50,,4,0.2,-5.665571274105821,0.12,1.41,0.9023256298653408,0.3875,2.5609097480773926,3.1307873725891118,3.742025136947632,0.1666666666666666,0.9150052070617676,1.1903965473175049,1.4413942098617554,0.1187921648897285,0.2291666666666666,4.524569153785706
665,10,50,,5,0.01,-44.1232350861954,0.122,1.39,0.3834023428570672,0.5,2.184011220932007,2.786532163619995,3.3967950344085693,0.0,1.0397284030914309,1.4945993423461914,1.9522838592529297,-0.0178100307615627,0.7135416666666666,4.331021547317505
696,10,50,,5,0.05,-11.136468161274196,0.136,1.25,0.5417995169871946,0.9125,2.06540846824646,2.6710240840911865,3.3617560863494877,0.0,1.039729118347168,1.4389448165893557,1.8076881170272827,-4.83802767847763e-08,0.8749999999999999,4.644090175628662
727,10,50,,5,0.1,-20.20522058544134,0.126,1.35,0.6634090734920922,0.25,2.4379982948303223,2.951413631439209,3.447771549224853,0.0,0.6277519464492798,0.9024385213851928,1.198593020439148,0.4670141701669876,0.046875,4.151524662971497
758,10,50,,5,0.2,-31.847402516207318,0.125,1.36,0.7035654019086536,1.0,2.0952281951904297,2.6972546577453613,3.3107001781463623,0.0,1.058218479156494,1.4194397926330566,1.8156404495239256,0.0608014551388705,0.72265625,4.487316370010376
789,10,50,,6,0.01,-43.329784414216405,0.135,1.26,0.7226857390683938,1.0,2.221015930175781,3.014946699142456,3.8632309436798096,0.0,1.039729118347168,1.454721212387085,1.95333194732666,-0.1255162537573974,0.7552083333333333,4.654736757278442
820,10,50,,6,0.05,-44.84909729317228,0.121,1.4,0.7491029354239136,1.0,1.9167026281356807,2.5523929595947266,3.211903810501098,0.0,1.0397284030914309,1.407545804977417,1.8466272354125977,-0.0725214046151204,0.78125,4.650556802749634
851,10,50,,6,0.1,-9.528899156859143,0.131,1.3,0.6954669760212042,0.475,2.245800495147705,3.00757384300232,3.686094045639038,0.0,0.6277523636817932,0.9532333612442015,1.4321916103363037,0.2963804490457001,0.53125,4.42007303237915
882,10,50,,6,0.2,-34.46401744692712,0.124,1.37,0.8817212313126658,1.0,1.5282851457595823,2.0391030311584477,2.5969340801239014,0.1428571428571428,1.0538852214813232,1.3633472919464111,1.820644736289978,0.4236072776936185,0.203125,4.267186045646668
433,10,400,,3,0.01,0.380085965305853,0.524,2.55,0.0853808902160311,0.6375,4.809641361236572,5.766040325164795,6.537297248840332,0.0869565217391304,2.2839043140411377,3.312246084213257,4.316154479980469,-0.054003274051376,0.353125,5.676492214202881
464,10,400,,3,0.05,-21.079559573576592,0.576,2.32,-0.3159230047291748,0.475,5.133927822113037,5.955167293548584,6.546516418457031,0.5,2.425792694091797,3.6565146446228023,4.506883144378662,-0.049111005168624,0.4375,5.790992259979248
510,10,400,,3,0.2,9.530164910380307,0.594,2.25,-0.2565237097196907,0.2625,4.80972146987915,5.636533737182617,6.3058762550354,0.0,1.4028689861297607,2.4207656383514404,3.752791166305542,-0.0239953466459476,0.0,5.5647090673446655
541,10,400,,4,0.01,-0.036623222623584,0.594,2.25,-0.155615319805045,0.0875,4.46645450592041,5.62667989730835,6.497723579406738,0.3,1.936609148979187,2.7346112728118896,3.663914442062378,-0.3954460404899585,0.01875,5.929757356643677
572,10,400,,4,0.05,-16.09270414189458,0.602,2.22,-0.012749158637965,0.5125,4.966335773468018,6.010016918182373,6.715926647186279,0.25,1.1858384609222412,2.0386605262756348,3.213944911956787,-0.2852571966992757,0.5,6.01824688911438
603,10,400,,4,0.1,-9.190322083736802,0.597,2.24,0.0095039604700613,0.025,5.122315406799316,6.023233890533447,6.603291988372803,0.7142857142857143,2.617056369781494,3.9585559368133545,5.101128578186035,-0.0647715427327932,0.9322916666666666,5.871587753295898
634,10,400,,4,0.2,-5.665571274105821,0.629,2.13,-0.0201488880150332,1.0,4.812074184417725,5.806615352630615,6.544969081878662,0.1,2.1124095916748047,3.406090497970581,4.770542621612549,0.075016302075705,1.0,5.663234829902649
665,10,400,,5,0.01,-44.1232350861954,0.622,2.15,-0.2848329316624987,1.0,4.814260005950928,5.774932861328125,6.454305171966553,0.4736842105263157,2.5034637451171875,3.808249473571777,4.97389030456543,-0.3224738456312558,0.4427083333333333,5.943777322769165
696,10,400,,5,0.05,-11.136468161274196,0.623,2.15,-0.1926251797213453,1.0,4.474404811859131,5.636277198791504,6.563183784484863,0.4210526315789473,2.298926591873169,3.6336610317230233,5.100037574768066,-0.1773032809636595,0.6874999999999999,5.926690936088562
727,10,400,,5,0.1,-20.20522058544134,0.619,2.16,0.062969705093428,0.675,4.726003170013428,5.72733736038208,6.510022163391113,0.0,1.596991777420044,2.5875260829925537,3.8052821159362793,-0.1386147860938426,0.6354166666666666,6.02001953125
758,10,400,,5,0.2,-31.847402516207318,0.655,2.04,-0.3916789518391833,1.0,4.569005012512207,5.742918491363525,6.5524444580078125,0.0,1.0871758460998535,2.0472488403320312,3.463963508605957,-0.17381030984133,0.671875,6.109201192855835
789,10,400,,6,0.01,-43.329784414216405,0.646,2.07,-0.2441702080935383,1.0,4.492218494415283,5.684953212738037,6.5216593742370605,0.1428571428571428,1.9059512615203855,2.990444660186768,4.340858459472656,-0.0531947716165605,0.28125,6.116037726402283
820,10,400,,6,0.05,-44.84909729317228,0.618,2.16,-0.414851927148661,1.0,4.542573928833008,5.668651103973389,6.47366189956665,0.2083333333333333,2.548972845077514,3.738555192947388,5.01185941696167,0.0706818260176972,0.946875,5.977681756019592
851,10,400,,6,0.1,-9.528899156859143,0.626,2.14,0.2070402275037677,0.55,3.8503646850585938,4.977773189544678,5.902125835418701,0.2857142857142857,2.277538061141968,3.650093078613281,5.119629859924316,-0.1032612564319119,1.0,5.859313726425171
882,10,400,,6,0.2,-34.46401744692712,0.614,2.18,0.0910982006086769,1.0,3.882871389389038,5.084350109100342,6.041652202606201,0.2307692307692307,2.1033525466918945,3.287630796432495,4.657448768615723,0.1368485882302019,0.51953125,5.954666972160339
421,10,1600,,3,0.01,-7.415704083686769,0.965,5.53,-0.146528385000447,0.675,5.504087448120117,6.526868343353272,7.283947944641113,0.2692307692307692,2.765005826950073,4.085143566131592,5.246938705444336,-0.0284575268438466,0.6015625,6.221163988113403
452,10,1600,,3,0.05,-8.503913817275507,0.937,5.7,-0.0236528843018093,0.25,5.620887756347656,6.476505279541016,7.129208564758301,0.125,2.2518200874328613,3.407263994216919,4.390292644500732,0.1138495266688938,0.109375,6.300796627998352
483,10,1600,,3,0.1,4.107036960514779,0.96,5.56,0.009989299510567,0.2,5.480665683746338,6.413083076477051,7.113214015960693,0.2619047619047619,3.195698976516724,4.395186901092529,5.355672359466553,-0.0444799156901836,0.959375,6.162830114364624
514,10,1600,,3,0.2,-14.544124599425984,0.968,5.51,0.0014183023248678,0.0125,5.575173854827881,6.425403118133545,7.062231540679932,0.3548387096774194,3.032604694366455,4.518550395965576,5.633626461029053,0.097534323930524,0.975,6.093462944030762
545,10,1600,,4,0.01,-25.421391317475663,0.938,5.69,-0.0706490450932265,0.0125,5.539538860321045,6.494990825653076,7.110568523406982,0.2,2.7749266624450684,4.250277519226074,5.614285945892334,0.1821569480174016,0.0,6.5243659019470215
576,10,1600,,4,0.05,1.5495180423592505,0.975,5.47,0.0382631732486092,0.0125,5.460568904876709,6.5297722816467285,7.211888313293457,0.2,3.0432562828063965,4.327512264251709,5.611918926239014,0.1125923491508853,1.0,6.388724684715271
607,10,1600,,4,0.1,-12.183740340828578,0.962,5.55,-0.143636992959162,0.475,5.536026477813721,6.543203830718994,7.20433521270752,0.4242424242424242,3.161642551422119,4.756849765777588,6.0436320304870605,0.0227468464162943,0.003125,6.317474126815796
638,10,1600,,4,0.2,-22.997619759109075,0.975,5.48,0.0564965578460691,0.075,5.62722635269165,6.494969367980957,7.060201168060303,0.3863636363636363,3.3203728199005127,4.713222503662109,5.841146945953369,0.1351430861174729,0.7562500000000001,6.224086880683899
669,10,1600,,5,0.01,-18.319930087521648,0.976,5.47,-0.2369703947216753,1.0,5.462789058685303,6.589435577392578,7.258358955383301,0.7222222222222222,3.261494874954224,4.931901454925537,6.420398235321045,0.1652772176494496,0.8843750000000001,6.481341242790222
700,10,1600,,5,0.05,-62.894655678803616,0.965,5.53,0.2060262436040654,0.175,5.523993015289307,6.389862060546875,6.9349517822265625,0.4761904761904761,2.4685230255126958,4.211175441741943,5.83673095703125,0.1384458510495852,0.596875,6.3889724016189575
731,10,1600,,5,0.1,-18.969061686030443,0.968,5.51,-0.1812886296153537,0.2125,5.324789524078369,6.361016750335693,7.01500415802002,0.2666666666666666,2.122920274734497,3.6123974323272714,5.365174293518066,0.1696226967550435,0.0,6.369971990585327
793,10,1600,,6,0.01,-76.44652684559905,0.984,5.43,-0.3663217585219452,1.0,5.182581901550293,6.317343711853027,6.995372295379639,0.717391304347826,3.530719757080078,5.317410945892334,6.510547161102295,0.3481980693130693,0.265625,6.31570291519165
870,10,1600,,6,0.2,-34.693294949412,0.967,5.52,-0.8639716586438912,1.0,5.038734436035156,6.2163987159729,7.0490336418151855,0.7111111111111111,3.547919511795044,5.433605194091797,6.771344184875488,0.2322257296716228,0.53125,6.445988655090332
433,10,1600,,3,0.01,0.380085965305853,0.954,5.59,0.0354497191848856,0.6625,5.550024509429932,6.528157234191895,7.199838161468506,0.2307692307692307,3.0473315715789795,4.189461708068848,5.188187599182129,-0.0814415245607416,0.421875,6.242049217224121
464,10,1600,,3,0.05,-21.079559573576592,0.948,5.63,0.0154634817368894,0.6125,5.858356952667236,6.677055358886719,7.195239543914795,0.425531914893617,3.2368202209472656,4.282639503479004,5.196150302886963,-0.1412567040637789,1.0,6.104474067687988
510,10,1600,,3,0.2,9.530164910380307,0.973,5.48,-0.036100181122783,0.0625,5.361125469207764,6.281331539154053,7.010049343109131,0.4333333333333333,2.752697706222534,4.158694744110107,5.351372718811035,0.153695936336755,0.021875,6.10484790802002
541,10,1600,,4,0.01,-0.036623222623584,0.977,5.46,-0.0434247208072559,0.225,5.458844661712647,6.5438385009765625,7.226038455963135,0.25,2.492142677307129,3.92463493347168,5.476499557495117,-0.0961627087867719,0.4427083333333333,6.50221061706543
572,10,1600,,4,0.05,-16.09270414189458,0.96,5.56,-0.0639478998902051,0.4,5.538856029510498,6.567901134490967,7.229546546936035,0.21875,2.7655320167541504,4.166478633880615,5.499654293060303,-0.009715715840012,0.828125,6.44100034236908
603,10,1600,,4,0.1,-9.190322083736802,0.968,5.51,-0.124276965840497,0.1625,5.663999080657959,6.565227031707764,7.120038032531738,0.5652173913043478,2.67075777053833,4.265750885009766,5.603822231292725,0.109304566493329,1.0,6.187536120414734
634,10,1600,,4,0.2,-5.665571274105821,0.975,5.47,-0.2491936978364105,0.8875,5.399917602539063,6.375344753265381,7.09559965133667,0.3513513513513513,3.341650485992432,4.864247798919678,6.085433483123779,-0.0146913673326586,0.040625,6.290313124656677
665,10,1600,,5,0.01,-44.1232350861954,0.979,5.45,-0.0590167659242328,0.575,5.545655727386475,6.543972015380859,7.163665294647217,0.6756756756756757,3.3601131439208984,5.152909278869629,6.454173564910889,0.1254787378955416,0.940625,6.380549907684326
696,10,1600,,5,0.05,-11.136468161274196,0.978,5.45,-0.0669726894406337,1.0,5.20520544052124,6.398722171783447,7.195326328277588,0.3448275862068966,3.125487327575684,4.750373840332031,6.201300621032715,0.119323719814426,0.49609375,6.410240530967712
758,10,1600,,5,0.2,-31.847402516207318,0.973,5.48,-0.1848285091079957,1.0,5.268751621246338,6.425710201263428,7.13038969039917,0.8571428571428571,3.4916985034942627,5.346251487731934,6.599761486053467,0.2819728149279886,0.8187500000000001,6.315503478050232
820,10,1600,,6,0.05,-44.84909729317228,0.976,5.47,-0.8162657883310337,1.0,5.2882161140441895,6.436498165130615,7.132014751434326,0.4090909090909091,2.853785753250122,4.7535905838012695,6.386819839477539,0.1490027047445211,0.51171875,6.506737232208252
882,10,1600,,6,0.2,-34.46401744692712,0.975,5.48,-0.8236937669645942,1.0,5.121723651885986,6.187642574310303,6.913515567779541,0.3396226415094339,3.667929172515869,5.374276638031006,6.587133884429932,0.2552826608313768,0.984375,6.356317400932312
433,40,50,,3,0.01,0.380085965305853,0.379,1.79,0.3875008496963593,0.3,4.578849315643311,5.428600311279297,5.999308109283447,0.1,1.7509692907333374,2.098123073577881,2.416752338409424,0.5529339965156069,0.2604166666666667,5.488885045051575
464,40,50,,3,0.05,-21.079559573576592,0.4,1.7,0.1519036380639489,0.2375,4.45946741104126,5.2296977043151855,5.8157243728637695,0.3,1.6509274244308472,2.453901052474976,3.2048280239105225,-0.0031540430950482,0.53125,5.461589813232422
510,40,50,,3,0.2,9.530164910380307,0.407,1.67,0.3151067323473991,0.0125,3.686753988265991,4.513377666473389,5.202752113342285,0.0909090909090909,1.7897639274597168,2.345371723175049,2.9494690895080566,0.4393611810505237,0.0,5.199151992797852
541,40,50,,4,0.01,-0.036623222623584,0.414,1.64,-0.0419397811889358,0.4,4.201358318328857,5.238547801971436,6.105088233947754,0.5454545454545454,1.8278923034667969,2.394850730895996,2.85343074798584,0.3552599966278518,0.7968750000000001,5.658586382865906
572,40,50,,4,0.05,-16.09270414189458,0.424,1.6,0.2396451315194246,0.575,4.2435173988342285,5.173415184020996,5.978620052337647,0.25,1.3395507335662842,1.8986263275146484,2.620669364929199,0.1738449702164334,0.4635416666666667,5.524857521057129
603,40,50,,4,0.1,-9.190322083736802,0.407,1.67,0.1796945109991809,0.1125,4.484860897064209,5.265940189361572,5.840420246124268,0.0909090909090909,1.7552144527435305,2.6540300846099854,3.617938756942749,-0.5049263640521884,0.046875,5.538142204284668
634,40,50,,4,0.2,-5.665571274105821,0.424,1.6,0.0120828930771058,1.0,3.8580379486083984,4.709292888641357,5.533257484436035,0.0,1.6256650686264038,2.407943725585937,3.155078887939453,0.3990895892990156,0.171875,5.5280961990356445
665,40,50,,5,0.01,-44.1232350861954,0.414,1.64,-0.1128704400072577,1.0,4.363525390625,5.362586975097656,6.065508842468262,0.1875,2.051764488220215,3.0984017848968506,4.233286380767822,-0.5095162880747391,0.5234375,5.571212530136108
696,40,50,,5,0.05,-11.136468161274196,0.402,1.69,-0.066428900166135,1.0,3.9939041137695312,5.0630412101745605,5.901118278503418,0.1428571428571428,1.6095646619796753,2.30229926109314,3.078634262084961,-0.2691281850481766,0.6125,5.538864135742188
727,40,50,,5,0.1,-20.20522058544134,0.413,1.65,-0.1647163803856341,0.2,4.065644264221191,5.074260234832764,5.822256088256836,0.0,1.521342158317566,2.215270519256592,3.0019125938415527,-0.1079595307292895,0.234375,5.39789891242981
758,40,50,,5,0.2,-31.847402516207318,0.404,1.68,-0.4450980943968075,1.0,3.5376317501068115,4.704173564910889,5.655102252960205,0.0,1.0636334419250488,1.717564582824707,2.588599681854248,0.0391829260479305,0.828125,5.689935684204102
789,40,50,,6,0.01,-43.329784414216405,0.414,1.64,-0.3723309054928653,1.0,3.925395965576172,5.001160144805908,5.7830328941345215,0.1111111111111111,1.5978496074676514,2.432987689971924,3.3995747566223145,-0.0612471886634732,0.9270833333333334,5.738424897193909
820,40,50,,6,0.05,-44.84909729317228,0.4,1.7,-0.0203118694358256,1.0,3.748762845993042,4.6877121925354,5.468928813934326,0.0,1.4184532165527344,2.073529958724976,2.8954172134399414,-0.1539227292187642,0.3697916666666666,5.665452361106873
851,40,50,,6,0.1,-9.528899156859143,0.424,1.6,0.3110362137213219,0.2875,3.2765538692474365,4.212682247161865,5.112390995025635,0.0,1.2038416862487793,1.9098577499389648,2.87873649597168,-0.2256037823540801,0.609375,5.739359259605408
882,40,50,,6,0.2,-34.46401744692712,0.423,1.61,-0.4775643525770512,1.0,3.772697925567627,4.8383469581604,5.65360164642334,0.0,1.6987799406051636,2.459841251373291,3.3193578720092773,0.086679441594436,1.0,5.767644882202148
433,40,400,,3,0.01,0.380085965305853,0.967,5.53,0.0079121355082576,0.675,5.543531894683838,6.530889987945557,7.225576877593994,0.21875,2.678077220916748,3.904895067214966,5.10843563079834,-0.1265829004567649,0.221875,6.396851658821106
464,40,400,,3,0.05,-21.079559573576592,0.953,5.61,-0.1470789892589102,0.525,5.844380855560303,6.652835369110107,7.166162014007568,0.2692307692307692,2.5604569911956787,3.7484192848205566,4.87660026550293,-0.1981586254531707,0.05625,6.245500802993774
510,40,400,,3,0.2,9.530164910380307,0.978,5.47,0.1013461401801787,0.1125,5.367953777313232,6.300021648406982,7.029099941253662,0.0909090909090909,2.846819400787353,3.961370944976807,5.177823066711426,-0.0301772934865528,0.003125,6.208105087280273
541,40,400,,4,0.01,-0.036623222623584,0.975,5.48,0.006977429195805,0.2,5.4531683921813965,6.537131786346436,7.220125675201416,0.2972972972972973,2.892742872238159,4.085085868835449,5.409839153289795,0.003703310594559,0.05625,6.46753191947937
572,40,400,,4,0.05,-16.09270414189458,0.976,5.48,-0.0704466430831811,0.3875,5.57079553604126,6.593196392059326,7.246449947357178,0.1555555555555555,3.1573293209075928,4.359446048736572,5.624452114105225,-0.0387805532779789,0.990625,6.405659198760986
603,40,400,,4,0.1,-9.190322083736802,0.968,5.53,-0.1430267581229945,0.125,5.662143230438232,6.563165187835693,7.111814975738525,0.3571428571428571,2.6116652488708496,4.365052223205566,5.85886287689209,0.0041442676133105,0.0208333333333333,6.455551743507385
634,40,400,,4,0.2,-5.665571274105821,0.974,5.49,-0.113878340597061,0.8875,5.389389514923096,6.377252101898193,7.104803562164307,0.5641025641025641,3.39766001701355,4.942951202392578,6.15615701675415,0.1292058005789744,0.053125,6.267069816589356
665,40,400,,5,0.01,-44.1232350861954,0.98,5.45,-0.3023057271244316,0.65,5.540994644165039,6.537108898162842,7.158158302307129,0.6428571428571429,2.788700580596924,4.553360939025879,6.051204681396484,0.0221355742691859,0.1458333333333333,6.493953227996826
696,40,400,,5,0.05,-11.136468161274196,0.974,5.49,-0.0611493578513206,1.0,5.210843086242676,6.394927501678467,7.186985969543457,0.5526315789473685,3.289814710617065,4.943570613861084,6.289317607879639,0.1963033474626885,0.65,6.33770751953125
727,40,400,,5,0.1,-20.20522058544134,0.978,5.47,0.0838881425650026,0.0625,5.371096611022949,6.404400825500488,7.061895847320557,0.6111111111111112,3.2192299365997314,5.024182796478272,6.397727966308594,0.0591896366136628,0.7999999999999999,6.2142356634140015
758,40,400,,5,0.2,-31.847402516207318,0.974,5.49,-0.1376270571826189,1.0,5.283402919769287,6.433848857879639,7.131895542144775,0.425531914893617,3.2817788124084477,4.959541320800781,6.359442234039307,0.150416529001533,0.5875000000000001,6.353943705558777
820,40,400,,6,0.05,-44.84909729317228,0.973,5.49,-0.5899080893779886,1.0,5.298591136932373,6.448739051818848,7.1408281326293945,0.7142857142857143,3.603645086288452,5.540267467498779,6.806268215179443,0.318695096178939,0.7687499999999999,6.432348728179932
882,40,400,,6,0.2,-34.46401744692712,0.967,5.53,-0.7794552096016091,1.0,5.063469886779785,6.156443595886231,6.90485143661499,0.3947368421052631,3.5148398876190186,5.422855377197266,6.645707607269287,0.2446482940960376,0.10625,6.384294390678406
433,40,1600,,3,0.01,0.380085965305853,1.0,21.35,0.0540249935912995,0.7,5.613617897033691,6.5995073318481445,7.279615879058838,0.4423076923076923,3.432699680328369,4.653487205505371,5.725862979888916,-0.1377072686040922,1.0,6.273869156837463
464,40,1600,,3,0.05,-21.079559573576592,1.0,21.35,-0.1713101536997621,0.6125,5.8952956199646,6.711280345916748,7.22914981842041,0.6346153846153846,3.518398761749268,4.674447536468506,5.680202960968018,-0.095932574289976,0.409375,6.215470910072327
510,40,1600,,3,0.2,9.530164910380307,1.0,21.35,-0.0315313349491249,0.1125,5.396308898925781,6.327084541320801,7.05731201171875,0.3653846153846153,3.579110860824585,4.853038787841797,5.891455173492432,0.0046627373150901,1.0,6.109114766120911
572,40,1600,,4,0.05,-16.09270414189458,1.0,21.35,-0.2635630357405066,0.35,5.5966477394104,6.622875213623047,7.276208400726318,0.4545454545454545,3.594099521636963,5.030181407928467,6.29511833190918,-0.0360176539474893,0.23125,6.526716828346252
634,40,1600,,4,0.2,-5.665571274105821,1.0,21.35,-0.1760314047443969,0.8875,5.4227142333984375,6.406228065490723,7.130776405334473,0.5333333333333333,3.866919040679932,5.294903755187988,6.362184047698975,0.1367263345301443,0.990625,6.269052267074585
696,40,1600,,5,0.05,-11.136468161274196,1.0,21.35,-0.3788011817629024,1.0,5.2526445388793945,6.437449932098389,7.221472263336182,0.7014925373134329,3.9133689403533936,5.545105934143066,6.8107500076293945,0.0936398438384212,0.7906250000000001,6.497089624404907
758,40,1600,,5,0.2,-31.847402516207318,1.0,21.35,-0.3554502648991374,1.0,5.321442604064941,6.469343662261963,7.164165019989014,0.6363636363636364,3.907714128494263,5.690696716308594,6.838778972625732,0.2638631208459444,0.84375,6.473678827285767
434,10,50,,3,0.01,1.6301777294930675,0.11,1.54,0.125414365336104,0.0,3.4076240062713623,3.806976079940796,4.119725227355957,0.25,1.468733549118042,2.076920509338379,2.63138747215271,0.0608024781507973,0.7291666666666666,4.458687901496887
480,10,50,,3,0.1,10.984687542340705,0.116,1.47,0.3585898288632881,0.3375,2.4993233680725098,2.897742748260498,3.2196881771087646,0.0,0.6277462244033813,0.9891090393066406,1.5041072368621826,0.3304651078167261,0.0078125,4.520657896995544
511,10,50,,3,0.2,-3.66641372894382,0.111,1.53,0.6666504554121594,0.05,2.675836563110352,3.273090124130249,3.888118505477905,0.0,0.9743219614028932,1.1916407346725464,1.4170488119125366,0.4137095635092377,0.1302083333333333,4.20145571231842
542,10,50,,4,0.01,22.442617233270976,0.118,1.44,0.6531646485114092,0.1125,2.6611077785491943,3.408376693725586,4.1310577392578125,0.0,1.0397281646728516,1.4075454473495483,1.7828328609466553,-0.0007331780987869,0.2552083333333333,4.248609662055969
573,10,50,,4,0.05,-30.16895284318092,0.117,1.45,0.8589407568691857,1.0,3.0899651050567627,3.875605821609497,4.512880325317383,0.0,1.2373642921447754,1.8617132902145384,2.5844643115997314,-0.396746044843119,0.0416666666666666,4.520393013954163
604,10,50,,4,0.1,-3.1032668576189137,0.124,1.37,0.6286119120813688,1.0,3.3077104091644287,3.790419340133667,4.219803333282471,0.0,1.0397284030914309,1.407546043395996,1.8626642227172847,-0.0933673992971053,0.9322916666666666,4.427953124046326
635,10,50,,4,0.2,-39.18539102422648,0.127,1.34,0.4990320002516458,1.0,2.860583066940308,3.5603187084198,4.256816864013672,0.125,1.1706218719482422,1.6773052215576172,2.308801412582397,0.1370664383805359,0.6041666666666667,4.873460173606873
666,10,50,,5,0.01,-37.70430429832168,0.123,1.39,0.7384207423061789,1.0,2.282386779785156,2.8327555656433105,3.382189989089966,0.1666666666666666,1.541899561882019,2.311422348022461,3.092029094696045,-0.1280309085220287,0.453125,4.252812147140503
697,10,50,,5,0.05,-19.7446786444012,0.129,1.32,0.7399881677758111,1.0,2.97336483001709,3.5721747875213623,4.241857051849365,0.1666666666666666,1.526651382446289,2.1648054122924805,2.80458664894104,-0.2599284108116235,0.703125,4.64257550239563
728,10,50,,5,0.1,-86.78332400296945,0.125,1.36,0.5143884219351358,0.4375,2.7189507484436035,3.2007057666778564,3.6164822578430176,0.0,1.3471652269363403,1.9106661081314087,2.416410207748413,0.6392671668857584,0.7265625,4.257897257804871
759,10,50,,5,0.2,-18.93721874462364,0.128,1.32,0.4184220908806115,0.0,2.551219940185547,3.193731546401977,3.70989203453064,0.1666666666666666,1.1912131309509275,1.9021905660629272,2.6827056407928467,-0.3400335110556455,0.25,4.139526605606079
790,10,50,,6,0.01,-54.921670100446896,0.132,1.29,0.8440696581956847,0.9375,1.7406374216079712,2.519951343536377,3.3700358867645264,0.0833333333333333,1.577125906944275,2.2659950256347656,2.9620907306671143,-0.3840516998384539,0.8046875,4.756580114364624
821,10,50,,6,0.05,-58.89777561628494,0.13,1.31,0.594705660564484,1.0,1.8347320556640625,2.4738609790802,3.1697614192962646,0.0,1.1334511041641235,1.489309310913086,1.8165233135223389,-0.0078927146581091,0.6614583333333333,4.635358572006226
852,10,50,,6,0.1,-29.39241479183089,0.129,1.32,0.863112398698746,1.0,1.6369056701660156,2.27020263671875,2.9144704341888428,0.0,1.0397286415100098,1.503679633140564,1.9588830471038816,0.009277340136378,0.8489583333333333,4.557656407356262
883,10,50,,6,0.2,-26.5858890924547,0.126,1.35,0.8924736641788638,0.8625,2.124354124069214,2.886603116989136,3.5813148021698,0.25,0.8876772522926331,1.372232437133789,1.995253682136536,-0.3551741774556792,0.125,4.409704685211182
434,10,400,,3,0.01,1.6301777294930675,0.521,2.56,0.3366342718597507,0.5375,4.457103252410889,5.385276317596436,6.159258365631104,0.0,1.5911264419555664,2.450026512145996,3.269082546234131,0.1682582909575329,0.015625,5.706403017044067
480,10,400,,3,0.1,10.984687542340705,0.586,2.28,0.1123788432564874,0.8125,4.709507465362549,5.722306728363037,6.581899166107178,0.1176470588235294,1.9000389575958248,2.754368782043457,3.64286732673645,-0.2602027733287295,0.6500000000000001,6.107363343238831
511,10,400,,3,0.2,-3.66641372894382,0.591,2.26,0.1245063294195595,0.0,4.663259029388428,5.563904285430908,6.303955078125,0.0588235294117647,1.873379468917847,2.843945026397705,3.913899183273315,0.3223510307762989,0.0,5.724255084991455
542,10,400,,4,0.01,22.442617233270976,0.625,2.14,0.1707172318466733,0.0,4.663186073303223,5.601903438568115,6.353885173797607,0.3043478260869565,2.38965368270874,3.485487461090088,4.495956897735596,-0.0444596529667572,0.2749999999999999,5.785060524940491
573,10,400,,4,0.05,-30.16895284318092,0.583,2.29,-0.1971322489813157,0.5125,4.955308437347412,5.900877475738525,6.5726518630981445,0.0,1.6991124153137207,2.6646482944488525,3.769084930419922,0.0521585567768008,0.3125,5.996858239173889
604,10,400,,4,0.1,-3.1032668576189137,0.604,2.21,0.1380385299713961,0.1375,4.463743686676025,5.54887580871582,6.415874004364014,0.1428571428571428,1.2417443990707395,1.859287142753601,2.751121997833252,-0.3429070646255251,0.0260416666666666,6.001628398895264
635,10,400,,4,0.2,-39.18539102422648,0.643,2.08,-0.2639612744290396,0.9375,4.823861598968506,5.711551189422607,6.433384895324707,0.1666666666666666,2.098090887069702,3.158480405807495,4.3450846672058105,-0.1763950662996338,0.8437499999999999,5.858357906341553
666,10,400,,5,0.01,-37.70430429832168,0.596,2.24,-0.1544378499855123,1.0,4.977272033691406,5.919360637664795,6.561306953430176,0.1,1.7963755130767822,2.8605518341064453,4.220921516418457,-0.2160601357996149,0.109375,5.996378064155579
697,10,400,,5,0.05,-19.7446786444012,0.642,2.08,-0.2817343020495523,1.0,4.783027648925781,5.816145420074463,6.618904113769531,0.25,2.2684764862060547,3.216369390487671,4.216281414031982,0.08841377809665,0.9875,6.0324366092681885
728,10,400,,5,0.1,-86.78332400296945,0.642,2.08,-0.4589225065035291,1.0,4.827695369720459,5.753237247467041,6.417518615722656,0.44,2.4730064868927,3.790076494216919,4.941514492034912,0.0485957103980091,0.6468750000000001,5.732420921325684
759,10,400,,5,0.2,-18.93721874462364,0.629,2.13,0.4192891669332071,0.0,4.5003180503845215,5.434731483459473,6.072026252746582,0.35,2.0484607219696045,3.0811574459075928,4.204905986785889,-0.3682610135559663,0.0,5.721378564834595
790,10,400,,6,0.01,-54.921670100446896,0.654,2.04,-0.1438982365932853,0.1125,4.612988471984863,5.556338787078857,6.236658096313477,0.1428571428571428,2.2240753173828125,3.377443313598633,4.63595724105835,-0.0850461074556828,0.0,6.14198362827301
821,10,400,,6,0.05,-58.89777561628494,0.651,2.05,-0.1944200155842768,1.0,4.6568922996521,5.80713415145874,6.555566310882568,0.25,2.1534745693206787,3.358628749847412,4.681832790374756,-0.1510425624384882,0.9635416666666669,5.9000279903411865
852,10,400,,6,0.1,-29.39241479183089,0.651,2.05,-0.3275169018722742,1.0,4.301505565643311,5.52894926071167,6.423862457275391,0.0666666666666666,1.7703497409820557,2.5686752796173096,3.6118106842041016,-0.2595070541259621,0.25,6.0297532081604
883,10,400,,6,0.2,-26.5858890924547,0.645,2.07,0.1862824495420259,1.0,4.389699459075928,5.445054054260254,6.304845333099365,0.1904761904761904,2.0861823558807373,3.214250326156616,4.631782531738281,-0.1375246418615649,0.0,6.052921652793884
434,10,1600,,3,0.01,1.6301777294930675,0.969,5.51,0.0272239682230147,0.1,5.452199935913086,6.409265995025635,7.142265319824219,0.08,2.5831716060638428,3.79372763633728,4.9185967445373535,0.1174062669294971,0.628125,6.257186412811279
480,10,1600,,3,0.1,10.984687542340705,0.976,5.47,-0.0777751982819683,0.2875,5.378580570220947,6.383484363555908,7.1857218742370605,0.173076923076923,3.337308168411255,4.3610520362854,5.320019245147705,-0.1413484625759168,0.721875,6.147939443588257
511,10,1600,,3,0.2,-3.66641372894382,0.965,5.53,0.0255881845881637,0.075,5.426558971405029,6.341908931732178,7.041514873504639,0.5625,3.02477765083313,4.518502235412598,5.672652244567871,0.1545104112473592,1.0,6.080991625785828
542,10,1600,,4,0.01,22.442617233270976,0.979,5.45,0.172562203627262,0.0,5.303138256072998,6.317582130432129,7.016788005828857,0.275,3.22135591506958,4.469333648681641,5.645350933074951,0.067373910623298,0.0125,6.35662579536438
573,10,1600,,4,0.05,-30.16895284318092,0.968,5.51,-0.2425367759194285,0.575,5.769389152526856,6.710488796234131,7.286624908447266,0.5428571428571428,3.1802940368652344,4.696407794952393,5.964146137237549,0.1025722692189245,0.9375,6.3826189041137695
604,10,1600,,4,0.1,-3.1032668576189137,0.948,5.63,0.1052512258115777,0.1875,5.411445140838623,6.461784362792969,7.182581424713135,0.2558139534883721,3.17297101020813,4.538552761077881,5.810573101043701,0.125414462546142,0.8218749999999999,6.428167819976807
635,10,1600,,4,0.2,-39.18539102422648,0.96,5.56,-0.3759790624173819,0.8125,5.5845561027526855,6.4860429763793945,7.083204746246338,0.3243243243243243,2.83598256111145,4.410539150238037,5.874457359313965,0.0018194700495264,0.2125,6.3604782819747925
666,10,1600,,5,0.01,-37.70430429832168,0.96,5.56,0.1872413422847162,1.0,5.572494029998779,6.558879852294922,7.185794353485107,0.6341463414634146,3.4429290294647217,5.1357421875,6.466939449310303,0.1846347299206848,0.86875,6.306673645973206
697,10,1600,,5,0.05,-19.7446786444012,0.979,5.45,-0.2356764346491356,1.0,5.251227855682373,6.450664043426514,7.255792140960693,0.15,3.198265790939331,4.56794548034668,5.9392290115356445,-0.0317686894980734,0.871875,6.424134016036987
759,10,1600,,5,0.2,-18.93721874462364,0.971,5.5,-0.2246126593378712,0.1,5.147566795349121,6.173233985900879,6.829598903656006,0.5238095238095238,3.3034675121307373,5.08878755569458,6.323022365570068,0.2713429557623067,0.440625,6.166403412818909
821,10,1600,,6,0.05,-58.89777561628494,0.976,5.47,-0.7190610383905447,1.0,5.310060977935791,6.450810432434082,7.107193946838379,0.6585365853658537,3.3974311351776123,5.245140075683594,6.587493896484375,0.2143585887647946,1.0,6.31930422782898
883,10,1600,,6,0.2,-26.5858890924547,0.976,5.47,-1.2681607531943668,0.9375,5.111033916473389,6.1802825927734375,6.9723801612854,0.5,3.567044496536255,5.345791816711426,6.674866676330566,0.2711753875897293,1.0,6.38441812992096
434,40,50,,3,0.01,1.6301777294930675,0.373,1.82,-0.048555353356446,0.125,4.053390502929688,4.700199604034424,5.302331447601318,0.0,1.3572232723236084,2.3662869930267334,3.294219493865967,0.5322866563890021,0.109375,5.329667091369629
480,40,50,,3,0.1,10.984687542340705,0.41,1.66,0.0906654685232467,0.475,4.171994686126709,5.03285551071167,5.825838565826416,0.0,1.1912298202514648,1.8063262701034544,2.5875744819641118,0.4581608892693143,0.1666666666666666,5.61482298374176
511,40,50,,3,0.2,-3.66641372894382,0.397,1.71,0.256807533564471,0.0,4.201363563537598,5.0944504737854,5.880514144897461,0.0,1.806014060974121,2.6757619380950928,3.645695686340332,-0.2198323824067764,0.1458333333333333,5.480723857879639
542,40,50,,4,0.01,22.442617233270976,0.394,1.72,0.0644121698569913,0.0375,4.285428524017334,5.189277648925781,5.944549560546875,0.1111111111111111,2.024885654449463,2.965397357940674,3.897850751876831,0.0086076616106912,0.59375,5.50175142288208
573,40,50,,4,0.05,-30.16895284318092,0.412,1.65,0.0598344789452424,0.9125,4.489438533782959,5.2463059425354,5.874421119689941,0.0,1.1912298202514648,1.894007682800293,2.7359988689422607,0.323609130197251,0.1510416666666666,5.4070141315460205
604,40,50,,4,0.1,-3.1032668576189137,0.418,1.63,0.1790339959643662,0.35,4.338674068450928,5.211281776428223,5.977038860321045,0.5,1.6792091131210327,2.519822835922241,3.390927791595459,-0.3531787491688999,0.4427083333333333,5.502630949020386
635,40,50,,4,0.2,-39.18539102422648,0.41,1.66,0.0522727768685563,0.25,3.5369465351104736,4.555837631225586,5.505177021026611,0.0,1.3067522048950195,1.7967256307601929,2.221975564956665,-0.0931545827734995,0.0,5.541662335395813
666,40,50,,5,0.01,-37.70430429832168,0.414,1.64,0.303637201142969,1.0,4.478148937225342,5.421253681182861,6.0306549072265625,0.1428571428571428,1.1326892375946045,1.5965265035629272,2.2277112007141118,-0.2733127345974129,0.40625,5.610159039497376
697,40,50,,5,0.05,-19.7446786444012,0.434,1.57,-0.0508816068786742,1.0,4.042074680328369,5.038763999938965,5.982607364654541,0.1111111111111111,2.056325674057007,2.7681941986083984,3.5061280727386475,-0.2358240997456818,0.6593749999999999,5.6349276304245
728,40,50,,5,0.1,-86.78332400296945,0.424,1.6,-0.2902663370732924,1.0,4.263094425201416,5.173722743988037,5.866290092468262,0.1111111111111111,1.6605514287948608,2.5059447288513184,3.570164680480957,-0.341748933572253,0.6145833333333334,5.577343821525574
759,40,50,,5,0.2,-18.93721874462364,0.41,1.66,-0.337937571667105,1.0,3.7668182849884033,4.743213653564453,5.613816738128662,0.0833333333333333,2.047186851501465,3.1716628074646,4.281508445739746,-0.0603023613341793,0.7291666666666667,5.531827807426453
790,40,50,,6,0.01,-54.921670100446896,0.402,1.69,0.9163340211853308,0.0125,3.5147416591644287,4.438274383544922,5.255142211914063,0.0,1.2489886283874512,1.778694987297058,2.4937987327575684,-0.2766978511171357,0.0833333333333333,5.5687490701675415
821,40,50,,6,0.05,-58.89777561628494,0.427,1.59,-0.0477765680901834,1.0,3.718072891235352,4.8195085525512695,5.674173831939697,0.1818181818181818,2.204345226287842,3.136266231536865,3.828566074371338,0.3896914438004891,0.4479166666666667,5.675202131271362
852,40,50,,6,0.1,-29.39241479183089,0.431,1.58,-0.2307220536176249,1.0,3.590388536453247,4.727771759033203,5.71580171585083,0.217391304347826,2.066574811935425,3.009503126144409,4.061478614807129,-0.2137020237443514,0.7593749999999999,5.663429617881775
883,40,50,,6,0.2,-26.5858890924547,0.431,1.58,-0.7670017457356907,1.0,3.794995069503784,4.838514804840088,5.722317695617676,0.0714285714285714,1.947435736656189,2.871046781539917,3.889775037765503,0.1828347252263105,0.765625,5.814871549606323
434,40,400,,3,0.01,1.6301777294930675,0.963,5.55,0.0558677358181709,0.1875,5.492209911346436,6.407733917236328,7.117280006408691,0.1071428571428571,2.5567493438720703,3.6111862659454346,4.67712926864624,-0.0989381747350114,0.3375,6.19152557849884
480,40,400,,3,0.1,10.984687542340705,0.957,5.59,0.0439064669753944,0.2375,5.313859462738037,6.305999755859375,7.119680881500244,0.4,2.54875922203064,3.986420392990112,5.188203811645508,-0.1186335923705592,0.3645833333333333,6.375832200050354
511,40,400,,3,0.2,-3.66641372894382,0.974,5.49,0.0189964826175482,0.15,5.455760478973389,6.37872838973999,7.068037509918213,0.0857142857142857,2.9363555908203125,4.2118449211120605,5.364494323730469,-0.0487203557779119,0.0,6.171931982040405
542,40,400,,4,0.01,22.442617233270976,0.979,5.46,0.1556724280122852,0.0,5.299558162689209,6.3130645751953125,7.0094804763793945,0.1944444444444444,3.1684107780456543,4.469037055969238,5.609275341033936,0.0158004789844605,0.0,6.376479506492615
573,40,400,,4,0.05,-30.16895284318092,0.976,5.48,-0.123411773387022,0.5125,5.769779682159424,6.716534614562988,7.295059204101562,0.4324324324324324,3.040898323059082,4.644578456878662,6.012277126312256,-0.0115462300233978,0.928125,6.398549914360046
604,40,400,,4,0.1,-3.1032668576189137,0.969,5.52,0.0451327685673024,0.1125,5.449775218963623,6.481663703918457,7.188559055328369,0.4722222222222222,3.2061450481414795,4.718852996826172,5.999546527862549,0.1540964166376038,0.7875000000000001,6.371358275413513
635,40,400,,4,0.2,-39.18539102422648,0.969,5.52,-0.2816890655720218,0.825,5.609038829803467,6.500420570373535,7.086028575897217,0.4347826086956521,3.359787702560425,4.87852144241333,6.086063861846924,-0.0130856513685417,0.80625,6.211723804473877
666,40,400,,5,0.01,-37.70430429832168,0.98,5.46,-0.3059934161137492,1.0,5.621303081512451,6.590671539306641,7.20278787612915,0.6904761904761905,3.360131025314331,5.183050155639648,6.510232448577881,0.1801654020997735,0.85,6.35634183883667
697,40,400,,5,0.05,-19.7446786444012,0.976,5.48,-0.0248369368235849,1.0,5.238314628601074,6.440709590911865,7.250820159912109,0.3636363636363636,3.4754478931427,4.9384765625,6.310329437255859,0.0676121297623375,1.0,6.388188123703003
759,40,400,,5,0.2,-18.93721874462364,0.977,5.47,0.2444006282565806,0.0875,5.1728105545043945,6.18672513961792,6.832011699676514,0.7105263157894737,3.4186623096466064,5.193539619445801,6.395765781402588,0.2300015975845512,0.0,6.219139218330383
821,40,400,,6,0.05,-58.89777561628494,0.967,5.53,-0.6549552983344716,1.0,5.293686866760254,6.437179565429688,7.098484039306641,0.6222222222222222,3.626625061035156,5.482157230377197,6.6911139488220215,0.2625648872602598,0.7343750000000001,6.281528234481812
883,40,400,,6,0.2,-26.5858890924547,0.976,5.48,-0.3264205217548247,0.975,5.116218566894531,6.183407783508301,6.970284938812256,0.6041666666666666,3.776720523834229,5.5932793617248535,6.776893615722656,0.3007597149348585,0.33125,6.468545317649841
434,40,1600,,3,0.01,1.6301777294930675,1.0,21.35,-0.049006028027843,0.0625,5.499173641204834,6.433670997619629,7.158393859863281,0.2,3.5060219764709477,4.429859161376953,5.333221435546875,0.2812454058622615,0.2406249999999999,6.203282356262207
480,40,1600,,3,0.1,10.984687542340705,1.0,21.35,-0.0703970898092036,0.275,5.407172203063965,6.414458751678467,7.213266849517822,0.3278688524590163,3.562341451644897,4.66841459274292,5.6696600914001465,-0.0016449133574821,1.0,6.20016074180603
511,40,1600,,3,0.2,-3.66641372894382,1.0,21.35,0.0595494912234729,0.15,5.501798152923584,6.411983013153076,7.094560146331787,0.2452830188679245,3.502748966217041,4.850630283355713,5.929640769958496,0.0870450287156929,0.003125,6.152384996414185
573,40,1600,,4,0.05,-30.16895284318092,1.0,21.35,0.011230063230231,0.5,5.802658081054688,6.743058681488037,7.317050933837891,0.7058823529411765,3.714787721633911,5.242049694061279,6.38446044921875,-0.038989526450332,0.14375,6.425356507301331
635,40,1600,,4,0.2,-39.18539102422648,1.0,21.35,-0.3894625789063112,0.7875,5.634984493255615,6.526275157928467,7.113337993621826,0.5689655172413793,3.7977466583251953,5.30147123336792,6.408635139465332,0.1663593459243597,0.003125,6.390282034873962
697,40,1600,,5,0.05,-19.7446786444012,1.0,21.35,-0.2084901233542661,1.0,5.275015354156494,6.478740692138672,7.282012939453125,0.4545454545454545,3.791311740875244,5.325933933258057,6.685940742492676,0.1267329521852123,1.0,6.559564471244812
759,40,1600,,5,0.2,-18.93721874462364,1.0,21.35,-0.0849568409751363,0.1,5.2080607414245605,6.221431255340576,6.864659309387207,0.6507936507936508,4.014499664306641,5.617318630218506,6.585708618164063,0.2291291063489099,0.003125,6.323768973350525
421,40,50,,3,0.01,-7.415704083686769,0.376,1.81,0.1427860537998379,0.75,4.449329376220703,5.322902202606201,6.096017360687256,0.2222222222222222,1.6453441381454468,2.4035940170288086,3.262962818145752,0.1172049821976848,0.3802083333333333,5.457651019096375
452,40,50,,3,0.05,-8.503913817275507,0.383,1.78,0.2569668050938568,0.5125,4.245172023773193,5.051454067230225,5.822427272796631,0.1666666666666666,1.695502758026123,2.4707603454589844,2.926405429840088,0.5364160751348696,0.390625,5.631351947784424
483,40,50,,3,0.1,4.107036960514779,0.419,1.62,0.2486783513993065,0.375,4.376705646514893,5.2215752601623535,5.894896984100342,0.0,1.0397467613220217,1.5037126541137695,1.997697234153748,-0.1716457281045854,0.3645833333333333,5.578686594963074
514,40,50,,3,0.2,-14.544124599425984,0.411,1.66,0.0083374656700134,0.0,4.362885475158691,5.063355922698975,5.6996378898620605,0.1578947368421052,2.1308603286743164,2.8045639991760254,3.347377300262451,0.5421519731045716,0.44140625,5.254886150360107
545,40,50,,4,0.01,-25.421391317475663,0.404,1.68,0.1728276150697081,0.15,4.327324867248535,5.2936296463012695,6.040133953094482,0.0,1.1988729238510132,1.6999666690826416,2.433607578277588,-0.3368063068807597,0.3020833333333333,5.491968393325806
576,40,50,,4,0.05,1.5495180423592505,0.407,1.67,0.1619634096520343,0.2875,4.07385778427124,5.117333889007568,6.046842098236084,0.0,1.2146408557891846,1.7732629776000977,2.3946878910064697,0.1640377288980114,0.9296875,5.787839889526367
607,40,50,,4,0.1,-12.183740340828578,0.423,1.61,-0.0450439052017266,1.0,4.334081172943115,5.275521278381348,5.984601020812988,0.2,1.5085468292236328,2.671722412109375,3.7885918617248535,0.1178304169355659,0.4140625,5.38165271282196
638,40,50,,4,0.2,-22.997619759109075,0.417,1.63,0.1059227511728898,0.25,3.948394060134888,5.086225986480713,5.888997554779053,0.2857142857142857,1.237376689910889,1.6150000095367432,1.957453727722168,0.2332779371991636,0.484375,5.51403546333313
669,40,50,,5,0.01,-18.319930087521648,0.405,1.68,0.2449129049455027,1.0,4.174627780914307,5.23619556427002,5.981535911560059,0.125,1.2144825458526611,1.8218994140625,2.6502456665039062,-0.755420011935172,0.2760416666666666,5.652463436126709
700,40,50,,5,0.05,-62.894655678803616,0.409,1.66,0.1195631204869404,0.55,3.6171815395355225,4.5124335289001465,5.246056079864502,0.0,1.1696127653121948,1.7736629247665403,2.661965847015381,-0.4364444525330107,0.4166666666666667,5.518641233444214
731,40,50,,5,0.1,-18.969061686030443,0.417,1.63,0.078085102910183,0.1,3.4227473735809326,4.538459777832031,5.484683513641357,0.1666666666666666,1.3957757949829102,2.600968360900879,3.883052349090576,-0.0777023140275719,0.453125,5.494547724723816
762,40,50,,5,0.2,-19.633812002494803,0.417,1.63,-0.0407963462899537,1.0,3.763777256011963,4.490182876586914,5.285621643066406,0.0,1.0385754108428955,1.537553071975708,2.124938488006592,-0.0136251033308199,0.5625,5.705354690551758
793,40,50,,6,0.01,-76.44652684559905,0.424,1.61,-0.3893355119512699,0.9,3.654124975204468,4.768003940582275,5.696008205413818,0.0,1.3067529201507568,2.0139100551605225,2.9721858501434326,-0.5029313387073588,0.53125,5.729652166366577
824,40,50,,6,0.05,-23.73030057471971,0.433,1.57,0.2565063439392225,0.9125,3.0125207901000977,4.047662734985352,5.14038610458374,0.0,1.71960186958313,2.467583656311035,3.2989325523376465,0.0297194474959792,0.8125,5.757921814918518
870,40,50,,6,0.2,-34.693294949412,0.415,1.64,0.0492610176581478,1.0,3.53596305847168,4.564653396606445,5.524264812469482,0.0,1.4353231191635132,2.0788168907165527,2.9836487770080566,0.0099513787962137,0.4947916666666666,5.730000853538513
450,10,50,,3,0.05,-24.89523765054504,0.108,1.57,0.4654741943813464,0.1625,2.2109947204589844,2.7041375637054443,3.2695541381835938,0.1428571428571428,1.1835672855377195,1.630093336105347,2.234913110733032,-0.3348106335865106,0.3385416666666667,3.859992027282715
481,10,50,,3,0.1,-5.728772538116581,0.122,1.39,0.6861819148114174,0.0,2.684867143630981,3.379462957382202,4.119094371795654,0.1666666666666666,1.0538864135742188,1.4011380672454834,1.6804722547531128,0.0524608120761584,0.1197916666666666,4.382208585739136
512,10,50,,3,0.2,-7.144697080372662,0.125,1.36,0.5694554739505995,1.0,3.066349983215332,3.535885572433472,4.054630279541016,0.0,1.472945213317871,2.259782552719116,2.803153276443481,0.2192654936898214,0.84375,4.508841872215271
543,10,50,,4,0.01,5.992532678039441,0.121,1.4,0.6316801037655845,0.0625,2.889987707138061,3.452949285507202,3.950581789016724,0.0,1.1293563842773438,1.7218408584594729,2.417402744293213,-0.2028844886853823,0.2083333333333333,4.216495871543884
574,10,50,,4,0.05,-17.091759926410464,0.125,1.36,0.6403355881662762,0.0,2.9327642917633057,3.521400451660156,4.0363287925720215,0.3333333333333333,1.0115022659301758,1.249217867851257,1.5782016515731812,-0.1216669840906037,0.25,4.040366411209106
605,10,50,,4,0.1,-15.198491523550626,0.122,1.39,0.7189788830327999,0.8875,2.5103440284729004,3.3015496730804443,4.111271381378174,0.0,1.1843217611312866,1.7117962837219238,2.40736722946167,-0.1814907021593513,0.1510416666666666,4.64448082447052
636,10,50,,4,0.2,-29.21622157395343,0.117,1.45,0.6421114516858601,0.175,2.1280362606048584,2.5392396450042725,3.0007476806640625,0.2857142857142857,1.107304334640503,1.5203694105148315,1.9679388999938965,0.4264096778460912,0.390625,4.447006940841675
667,10,50,,5,0.01,-13.523752961154,0.129,1.32,0.6687400376790177,0.9125,2.023232698440552,2.707772970199585,3.4411354064941406,0.1666666666666666,1.133450984954834,1.688090682029724,2.2468981742858887,-0.1327238812253381,0.6302083333333334,4.3185635805130005
698,10,50,,5,0.05,-14.507889827778769,0.125,1.36,0.8727168104935978,1.0,2.045372486114502,2.5207409858703613,3.0059211254119877,0.4,0.7215506434440613,0.9914292693138124,1.3948553800582886,0.1231343103478851,0.8177083333333334,4.3109519481658936
729,10,50,,5,0.1,12.657273566920678,0.127,1.34,0.6947518586046552,1.0,2.7134854793548584,3.293452501296997,3.7949275970458975,0.0,1.1912131309509275,1.716875433921814,2.1735236644744877,-0.1143319360258918,0.515625,4.30736517906189
760,10,50,,5,0.2,-38.9177710392795,0.127,1.34,0.812914455930822,1.0,2.518022298812866,3.275136709213257,4.003214359283447,0.3,1.3646092414855957,1.9125897884368896,2.47438383102417,-0.1581047029482241,0.7421875,4.422235369682312
791,10,50,,6,0.01,13.844805645269425,0.118,1.44,0.7967965256086595,0.0,1.344343662261963,2.025840759277344,2.7838692665100098,0.0,1.042877435684204,1.4716229438781738,1.9463675022125244,-0.1152460985391592,0.890625,4.674677610397339
822,10,50,,6,0.05,-7.917380679276863,0.13,1.31,0.9954737797105004,0.925,1.9213306903839111,2.5512263774871826,3.201362609863281,0.0,1.0397288799285889,1.422673225402832,1.8243184089660645,-0.0373303097718315,0.6770833333333333,4.584208488464356
853,10,50,,6,0.1,-28.91830997833552,0.125,1.36,0.8584450630749859,1.0,1.605571150779724,2.1384010314941406,2.7009050846099854,0.0,1.0397285223007202,1.2956128120422363,1.5021302700042725,0.3802083528086965,0.6041666666666666,4.76428759098053
884,10,50,,6,0.2,-48.22651622007661,0.127,1.34,0.8213805368053428,1.0,2.0666871070861816,2.928544282913208,3.795711278915405,0.0,0.8876773118972778,1.2744015455245972,1.818270206451416,-0.3050930142738971,0.7109375,4.64870285987854
450,10,400,,3,0.05,-24.89523765054504,0.567,2.36,0.0793293371979728,0.1375,4.686800479888916,5.522012233734131,6.080876350402832,0.1666666666666666,2.3567159175872803,3.2521913051605225,4.058205604553223,-0.120902987838142,0.0,5.530052423477173
481,10,400,,3,0.1,-5.728772538116581,0.552,2.42,0.1482428508984395,0.3375,4.611855506896973,5.457618713378906,6.300506591796875,0.0,1.6424503326416016,2.5251827239990234,3.3125970363616943,0.0165961116929452,0.515625,5.863736867904663
512,10,400,,3,0.2,-7.144697080372662,0.601,2.23,-0.1429510684074847,0.85,4.7097015380859375,5.6705732345581055,6.530661106109619,0.125,1.9500820636749268,3.032101631164551,4.222509860992432,-0.3163126631300899,0.03125,5.71938169002533
543,10,400,,4,0.01,5.992532678039441,0.618,2.16,-0.0064463511334651,0.075,4.558335304260254,5.558997631072998,6.346767425537109,0.3684210526315789,2.213880777359009,3.341735601425171,4.466022968292236,-0.1232943255632912,0.21875,5.829892992973328
574,10,400,,4,0.05,-17.091759926410464,0.615,2.17,0.1412430156039249,0.25,5.200962066650391,6.043569087982178,6.564826965332031,0.1428571428571428,1.4876844882965088,2.5913662910461426,3.988319396972656,-0.4509429214909188,0.4114583333333333,5.850602388381958
605,10,400,,4,0.1,-15.198491523550626,0.588,2.27,-0.2657713995636789,0.8375,4.861419677734375,5.970026969909668,6.752873420715332,0.0,0.9844694137573242,1.6204341650009155,2.726759910583496,-0.3788526544713607,0.0260416666666666,5.902878999710083
636,10,400,,4,0.2,-29.21622157395343,0.614,2.18,-0.052449588279567,1.0,4.922551155090332,5.769198894500732,6.430016994476318,0.2222222222222222,2.6559083461761475,3.808416843414306,4.807076930999756,0.064609811086342,0.925,5.723826289176941
667,10,400,,5,0.01,-13.523752961154,0.622,2.15,0.4720006319921312,0.95,4.589053630828857,5.717281341552734,6.487832546234131,0.0,1.0397591590881348,1.6871669292449951,2.8319671154022217,-0.3433811817759764,0.953125,5.985073804855347
698,10,400,,5,0.05,-14.507889827778769,0.65,2.06,-0.1232177311788521,1.0,4.764292240142822,5.790939331054688,6.548354625701904,0.125,2.547505140304565,3.5386452674865723,4.718523025512695,-0.3186155909878571,0.8375,6.051208972930908
729,10,400,,5,0.1,12.657273566920678,0.634,2.11,0.1911144900201715,0.15,4.390664577484131,5.408548831939697,6.192784786224365,0.2,1.7886009216308594,2.97913122177124,4.411544322967529,-0.2930158151784543,0.3489583333333333,5.710344433784485
760,10,400,,5,0.2,-38.9177710392795,0.627,2.13,-0.202224843180489,1.0,4.843603134155273,5.963968753814697,6.70750904083252,0.2962962962962963,2.3876121044158936,3.67268180847168,5.026267528533936,-0.181562380570284,0.6375,5.947190284729004
791,10,400,,6,0.01,13.844805645269425,0.633,2.11,0.3680345266859446,0.3375,3.2601120471954346,4.347689151763916,5.331443786621094,0.1,2.324342727661133,3.463735342025757,4.599631786346436,0.1686008745813061,0.0,5.858704924583435
822,10,400,,6,0.05,-7.917380679276863,0.646,2.07,0.6221832124327424,1.0,4.298050880432129,5.357978820800781,6.246786594390869,0.25,2.373986005783081,3.3526058197021484,4.448687076568604,0.0044461040950293,0.7718750000000001,6.027981162071228
853,10,400,,6,0.1,-28.91830997833552,0.636,2.1,-0.2551551476389694,1.0,4.393798828125,5.619354248046875,6.535008907318115,0.3214285714285714,2.6097023487091064,3.782728910446167,5.020412445068359,-0.2153326654705958,0.66875,6.08006763458252
884,10,400,,6,0.2,-48.22651622007661,0.618,2.16,-1.2423352514336825,1.0,4.0796661376953125,5.2455153465271,6.194264888763428,0.1818181818181818,2.0119471549987797,3.249965190887451,4.88932466506958,-0.0460300794540385,0.9583333333333334,5.961678147315979
450,10,1600,,3,0.05,-24.89523765054504,0.872,6.12,0.0617233267325058,0.1875,5.499554634094238,6.395888328552246,6.953106880187988,0.4146341463414634,3.2030837535858154,4.4878435134887695,5.590249538421631,-0.0678606957343554,1.0,6.148259878158569
481,10,1600,,3,0.1,-5.728772538116581,0.963,5.54,0.1047579715841158,0.4875,5.521657943725586,6.479454040527344,7.213433742523193,0.2105263157894736,2.962665557861328,4.074004650115967,5.090312480926514,-0.1509624738882206,0.253125,6.1906328201293945
512,10,1600,,3,0.2,-7.144697080372662,0.966,5.52,-0.1376126297243365,0.2,5.4798784255981445,6.439618110656738,7.160383701324463,0.2777777777777778,2.956679105758667,4.265393733978272,5.461108684539795,-0.0739923266748914,0.9875,6.264731526374817
543,10,1600,,4,0.01,5.992532678039441,0.978,5.46,-0.0114429655376828,0.0125,5.412843227386475,6.409527778625488,7.029435157775879,0.5365853658536586,3.222733736038208,4.7782135009765625,5.9989190101623535,-0.0878236809947873,0.390625,6.271852135658264
574,10,1600,,4,0.05,-17.091759926410464,0.973,5.49,-0.0847756940945333,0.175,5.704310417175293,6.653662204742432,7.207471370697021,0.5789473684210527,3.1251091957092285,4.7013702392578125,6.054102420806885,-0.0463897913874515,0.83125,6.4076162576675415
605,10,1600,,4,0.1,-15.198491523550626,0.971,5.5,-0.3412982534451393,0.35,5.592198371887207,6.597381591796875,7.282302856445312,0.5,3.3899972438812256,4.764485836029053,5.9228057861328125,-0.1020117647039316,0.0875,6.271825909614563
636,10,1600,,4,0.2,-29.21622157395343,0.97,5.5,-0.1958587168158814,0.5625,5.446430206298828,6.367984771728516,7.019891262054443,0.3414634146341463,3.3594658374786377,4.839175701141357,5.993858814239502,0.2025214562796007,0.003125,6.178788900375366
667,10,1600,,5,0.01,-13.523752961154,0.977,5.46,-0.3469939437382032,0.8375,5.277072906494141,6.368269443511963,7.082237243652344,0.4642857142857143,2.854511022567749,4.642744541168213,6.219720840454102,0.1245549630658683,0.0,6.3874218463897705
698,10,1600,,5,0.05,-14.507889827778769,0.981,5.44,-0.4194764247038522,0.7875,5.225381851196289,6.368543148040772,7.132582187652588,0.3181818181818182,3.400341033935547,4.9402384757995605,6.218590259552002,0.1638710511440269,0.2781249999999999,6.335791110992432
760,10,1600,,5,0.2,-38.9177710392795,0.971,5.49,-0.3662741921231952,1.0,5.560014247894287,6.61481237411499,7.250110626220703,0.5333333333333333,3.463115692138672,5.293078899383545,6.660853862762451,0.2836320465845725,0.625,6.394909858703613
822,10,1600,,6,0.05,-7.917380679276863,0.979,5.45,-0.5054644390943079,1.0,4.8619465827941895,6.064685344696045,6.918755531311035,0.575,3.3202271461486816,5.146519660949707,6.480757236480713,0.2007687541690456,0.621875,6.330718874931336
884,10,1600,,6,0.2,-48.22651622007661,0.975,5.47,-0.8983655442180164,1.0,5.1201605796813965,6.237196445465088,6.976397037506104,0.7288135593220338,3.869960784912109,5.691503047943115,6.800949096679688,0.2663211036145018,1.0,6.397127389907837
450,40,50,,3,0.05,-24.89523765054504,0.398,1.71,0.2646402781125357,0.0875,4.535218238830566,5.364222049713135,5.9444451332092285,0.0,1.2530335187911987,1.9939212799072263,2.99678111076355,0.4191044043974077,0.3645833333333333,5.322938919067383
481,40,50,,3,0.1,-5.728772538116581,0.379,1.8,0.0448062336685466,0.4125,4.521921634674072,5.33502721786499,5.943786144256592,0.125,1.5983566045761108,2.63196325302124,3.692981481552124,-0.1726684678540712,0.0364583333333333,5.383973479270935
512,40,50,,3,0.2,-7.144697080372662,0.407,1.67,0.1862807946913136,0.2625,4.308473587036133,5.2367753982543945,5.96431827545166,0.0,1.4922730922698977,2.0614404678344727,2.566709518432617,0.7843328829898997,0.125,5.498980760574341
543,40,50,,4,0.01,5.992532678039441,0.409,1.66,0.2056555932418072,0.3875,4.254082202911377,5.180655002593994,5.862638473510742,0.0,1.0397460460662842,1.5159738063812256,2.183968544006348,-0.4482963195066373,0.6145833333333334,5.441196441650391
574,40,50,,4,0.05,-17.091759926410464,0.405,1.68,0.1437709923587605,0.3,4.337151527404785,5.371362209320068,6.039130687713623,0.0,0.9952532052993774,1.3628590106964111,1.9976093769073489,-0.1025351124591258,0.5859375,5.630706429481506
605,40,50,,4,0.1,-15.198491523550626,0.392,1.74,-0.174828271945893,0.925,4.406013011932373,5.145165920257568,5.807175636291504,0.1333333333333333,1.7596629858016968,2.373558759689331,3.017524003982544,0.0405356585898706,0.46875,5.489547967910767
636,40,50,,4,0.2,-29.21622157395343,0.422,1.61,0.1260058926845255,1.0,4.515513896942139,5.346964359283447,5.973710536956787,0.3529411764705882,1.7632359266281128,2.2576749324798584,2.685516119003296,0.5595905993783676,0.259375,5.586218237876892
667,40,50,,5,0.01,-13.523752961154,0.421,1.62,-0.040226928486487,1.0,3.6818206310272217,4.584514617919922,5.440274238586426,0.2,1.891505479812622,2.7972631454467773,3.5547661781311035,-0.132187820807144,0.7239583333333333,5.471503376960754
698,40,50,,5,0.05,-14.507889827778769,0.417,1.63,-0.1589775425089377,1.0,4.0955424308776855,5.115447998046875,5.933939456939697,0.2142857142857142,2.106120586395264,2.9179720878601074,3.8391809463500977,-0.023085750207529,0.4635416666666667,5.590811014175415
729,40,50,,5,0.1,12.657273566920678,0.41,1.66,0.5690351118137522,0.0125,4.003129005432129,4.943908214569092,5.595935821533203,0.1428571428571428,1.143624782562256,1.5729230642318726,2.0207202434539795,0.0588679314815379,0.0,5.4236369132995605
760,40,50,,5,0.2,-38.9177710392795,0.417,1.63,-0.1197826419823846,1.0,4.236106395721436,5.331637382507324,6.101133823394775,0.0,1.6531541347503662,2.580644369125366,3.6541032791137695,-0.0271941925826703,0.4583333333333333,5.562651753425598
791,40,50,,6,0.01,13.844805645269425,0.417,1.63,0.536871728344602,0.025,3.5111091136932373,4.530259609222412,5.329919338226318,0.2777777777777778,1.916849970817566,2.827052116394043,3.862384796142578,-0.2555319768677901,0.30625,5.628631353378296
822,40,50,,6,0.05,-7.917380679276863,0.43,1.58,-0.2203831643537637,1.0,3.80307936668396,4.834904670715332,5.652535438537598,0.3809523809523809,2.2493021488189697,3.4110703468322754,4.578228950500488,-0.3615298830668388,0.934375,5.610842943191528
853,40,50,,6,0.1,-28.91830997833552,0.421,1.62,-0.5463315992731026,1.0,4.0178985595703125,5.152808666229248,5.943688869476318,0.4444444444444444,1.2780563831329346,1.933661699295044,2.931558132171631,-0.131831513720278,0.5,5.622821569442749
884,40,50,,6,0.2,-48.22651622007661,0.422,1.61,-0.9180008792473808,1.0,3.683329105377197,4.808788299560547,5.720746040344238,0.0,1.4358220100402832,2.5099124908447266,3.856679916381836,-0.1296117037350582,0.890625,5.672320246696472
450,40,400,,3,0.05,-24.89523765054504,0.942,5.68,0.0921361073443952,0.1125,5.628018856048584,6.460753917694092,6.96924352645874,0.4,3.2087178230285645,4.461435794830322,5.41726541519165,0.0052031946234471,0.15,6.128789067268372
481,40,400,,3,0.1,-5.728772538116581,0.968,5.52,-0.0375228339109901,0.35,5.499403476715088,6.45198392868042,7.20209264755249,0.0980392156862745,3.286077976226806,4.224119186401367,5.153708934783936,0.0046261012253102,0.775,6.167787313461304
512,40,400,,3,0.2,-7.144697080372662,0.963,5.55,-0.1574575463299253,0.175,5.473957061767578,6.438378810882568,7.156373023986816,0.1136363636363636,3.0985748767852783,4.163631916046143,5.228658199310303,0.1292407325227583,0.009375,6.038256287574768
543,40,400,,4,0.01,5.992532678039441,0.967,5.53,-0.0471138989361501,0.0125,5.39884614944458,6.391281127929688,7.009016513824463,0.4857142857142857,3.1346356868743896,4.693797588348389,5.863685131072998,0.1353846416846439,0.45625,6.249489188194275
574,40,400,,4,0.05,-17.091759926410464,0.979,5.46,0.1912643553031719,0.15,5.714272975921631,6.666234016418457,7.219280242919922,0.48,2.931424140930176,4.50848913192749,5.910617828369141,-0.0173528868871999,0.984375,6.438844680786133
605,40,400,,4,0.1,-15.198491523550626,0.953,5.61,-0.2367564827494754,0.45,5.573790073394775,6.587357997894287,7.278152465820312,0.4186046511627907,3.340033769607544,4.750350475311279,5.980453014373779,-0.0828710334630959,0.8031250000000001,6.150563597679138
636,40,400,,4,0.2,-29.21622157395343,0.973,5.5,-0.1277240221443121,0.6625,5.455883979797363,6.376783847808838,7.027037143707275,0.2777777777777778,3.1428029537200928,4.633267879486084,5.920645236968994,0.1898581277298312,0.009375,6.1987128257751465
667,40,400,,5,0.01,-13.523752961154,0.974,5.49,-0.2230328650571595,0.85,5.261186122894287,6.369170665740967,7.0912675857543945,0.5333333333333333,3.103480100631714,4.900336742401123,6.24549674987793,0.1524372295461585,0.79375,6.1985228061676025
698,40,400,,5,0.05,-14.507889827778769,0.971,5.51,-0.2431217862489579,0.825,5.191230773925781,6.338252544403076,7.111161708831787,0.5625,3.077558755874634,4.952929973602295,6.376384258270264,0.1694717969520777,0.91875,6.359326720237732
760,40,400,,5,0.2,-38.9177710392795,0.967,5.53,-0.5034389146290704,1.0,5.547355651855469,6.603189945220947,7.241829872131348,0.6052631578947368,3.41956114768982,5.230210304260254,6.584387302398682,0.3179543511491522,0.625,6.367287278175354
822,40,400,,6,0.05,-7.917380679276863,0.977,5.47,-0.7393891294009606,1.0,4.864497661590576,6.06760311126709,6.919679164886475,0.4358974358974359,3.334677219390869,5.028927326202393,6.346890926361084,0.2806382815376111,0.0,6.384549975395203
884,40,400,,6,0.2,-48.22651622007661,0.972,5.5,-0.3829207089405556,1.0,5.113643169403076,6.231220722198486,6.972629547119141,0.6363636363636364,3.673788547515869,5.61161470413208,6.802107334136963,0.2933391511781533,1.0,6.439434170722961
450,40,1600,,3,0.05,-24.89523765054504,1.0,21.35,0.0635811116992472,0.15,5.721604347229004,6.551150798797607,7.05044412612915,0.4406779661016949,3.592571258544922,4.68929386138916,5.732896327972412,-0.1988905269573768,0.053125,6.195925712585449
481,40,1600,,3,0.1,-5.728772538116581,1.0,21.35,-0.053466591447519,0.35,5.550511837005615,6.502540111541748,7.242594242095947,0.1639344262295081,3.4506356716156006,4.5064311027526855,5.541613578796387,0.0147696549521266,0.478125,6.192589044570923
512,40,1600,,3,0.2,-7.144697080372662,1.0,21.35,-0.1775942264972204,0.1875,5.514313697814941,6.478904724121094,7.196576118469238,0.15,3.452699661254883,4.568290710449219,5.673861026763916,0.1516269193946088,0.0,6.210655927658081
574,40,1600,,4,0.05,-17.091759926410464,1.0,21.35,0.0575817754896115,0.15,5.742408275604248,6.688493251800537,7.237744808197021,0.7142857142857143,3.687063694000244,5.283925533294678,6.449391841888428,0.0821393136936066,0.65625,6.4974987506866455
636,40,1600,,4,0.2,-29.21622157395343,1.0,21.35,-0.2996578744088246,0.675,5.494969367980957,6.418618679046631,7.065560817718506,0.1833333333333333,3.6205894947052,4.890298366546631,6.077313423156738,0.1531482800951992,0.028125,6.290792346000671
698,40,1600,,5,0.05,-14.507889827778769,1.0,21.35,-0.3769289078918511,0.9,5.245147705078125,6.389594554901123,7.151097297668457,0.4444444444444444,3.802375078201294,5.3975114822387695,6.668715000152588,0.230013066435878,0.0,6.592474222183228
760,40,1600,,5,0.2,-38.9177710392795,1.0,21.35,-0.4155076690273704,1.0,5.600701332092285,6.651698589324951,7.281655788421631,0.6290322580645161,3.978723526000977,5.746912479400635,6.917226314544678,0.1069113784281071,0.91875,6.506277084350586
451,10,50,,3,0.05,-12.659383196182684,0.122,1.39,-0.6278193407619075,0.0,3.092495441436768,3.4542698860168457,3.637988328933716,0.0,1.0397284030914309,1.5303815603256226,2.003939151763916,0.3542204993681797,0.015625,4.128252744674683
513,10,50,,3,0.2,-4.361976627914746,0.125,1.36,0.587638853762712,0.95,2.8013265132904053,3.551717519760132,4.27626371383667,0.0,1.0397285223007202,1.453384280204773,1.9366569519042969,-0.0442060125652495,0.1145833333333333,4.568865895271301
575,10,50,,4,0.05,-31.28121797229592,0.125,1.36,0.8622822575335064,1.0,2.3277270793914795,3.094103574752808,3.9084126949310303,0.0,1.0397285223007202,1.4679807424545288,2.177168607711792,-0.3129634857451888,0.0364583333333333,4.358843445777893
637,10,50,,4,0.2,-24.996193418222923,0.122,1.4,0.615538822224827,0.5125,2.642285823822021,3.335868120193481,3.8614461421966553,0.0,0.8876770734786987,1.4593840837478638,2.0915489196777344,-0.376412742194413,0.25,4.206900060176849
699,10,50,,5,0.05,-33.03765356029634,0.123,1.39,0.3522165938627807,0.4375,2.0993566513061523,2.544764757156372,3.03639817237854,0.0,1.342696189880371,1.830532431602478,2.21216368675232,0.6159071057365905,0.46875,4.234400033950806
761,10,50,,5,0.2,-3.4649771563151788,0.132,1.29,0.8496790537812747,0.0,1.9839149713516235,2.706688642501831,3.463846206665039,0.0,0.627752423286438,0.9233969449996948,1.203131914138794,0.5133857639182344,0.0078125,4.2284767627716064
823,10,50,,6,0.05,-71.9194356359564,0.131,1.3,0.6315760728477836,1.0,2.3986432552337646,3.210234880447388,3.967807769775391,0.0,1.3578567504882812,2.010464668273926,2.719367504119873,-0.0495753700585691,0.8072916666666666,4.523621559143066
451,10,400,,3,0.05,-12.659383196182684,0.563,2.37,0.0635569766015038,0.675,4.828879833221436,5.803517818450928,6.553834438323975,0.0714285714285714,2.282382011413574,3.166693687438965,4.016013622283936,0.1900934592660712,0.2447916666666666,5.928563952445984
513,10,400,,3,0.2,-4.361976627914746,0.596,2.24,-0.0384072988807041,0.8,5.137119293212891,5.990129470825195,6.621875762939453,0.0,1.7104285955429075,2.627050399780273,3.7045915126800537,-0.3923971441555555,0.484375,5.9555240869522095
575,10,400,,4,0.05,-31.28121797229592,0.615,2.17,-0.2368760602543886,0.9375,5.241509437561035,6.178080081939697,6.76352071762085,0.6428571428571429,2.1092331409454346,3.282768726348877,4.526620864868164,-0.1611536303988628,0.37890625,5.957664728164673
637,10,400,,4,0.2,-24.996193418222923,0.616,2.17,-0.0484761528931611,0.4625,4.852505683898926,5.754814147949219,6.429582118988037,0.1333333333333333,1.6411994695663452,2.42199969291687,3.3776142597198486,-0.2310995091665872,0.10625,5.873332381248474
699,10,400,,5,0.05,-33.03765356029634,0.607,2.2,0.3807573356986631,0.225,4.435246467590332,5.322822093963623,6.072479724884033,0.0,1.0397582054138184,1.659937858581543,2.7379150390625,-0.3291712278954313,0.2239583333333333,5.874220013618469
761,10,400,,5,0.2,-3.4649771563151788,0.629,2.13,0.5579570176720482,0.1375,4.562398433685303,5.605759143829346,6.384979248046875,0.3,1.841003894805908,3.148544311523437,4.567709922790527,0.0572820336465159,0.0520833333333333,5.92804741859436
823,10,400,,6,0.05,-71.9194356359564,0.634,2.11,-0.4134236049477005,1.0,4.638387680053711,5.675164699554443,6.393012523651123,0.55,2.7636351585388184,4.274725914001465,5.523999214172363,0.1682938263669364,0.66015625,5.906534552574158
451,10,1600,,3,0.05,-12.659383196182684,0.971,5.5,0.0594901978507846,0.75,5.722097396850586,6.72243070602417,7.357303619384766,0.2580645161290322,2.6191329956054688,3.912286758422852,5.203970432281494,-0.3801871537906371,0.6656249999999999,6.3802958726882935
513,10,1600,,3,0.2,-4.361976627914746,0.977,5.46,-0.2381356359016475,0.8875,5.7623724937438965,6.643167972564697,7.254763126373291,0.3333333333333333,3.051320791244507,4.370584964752197,5.620407581329346,0.0025602501812815,0.096875,6.273008227348328
575,10,1600,,4,0.05,-31.28121797229592,0.975,5.47,-0.1935423814476178,0.6875,5.757302761077881,6.719520568847656,7.316411018371582,0.6363636363636364,3.0673553943634038,4.624839782714844,5.916516304016113,0.0139057886658156,0.715625,6.363578796386719
637,10,1600,,4,0.2,-24.996193418222923,0.96,5.56,0.0008260679842877,0.1625,5.45907735824585,6.350241661071777,7.011648654937744,0.2926829268292683,3.4176571369171143,4.92127799987793,6.040108680725098,0.0293365634408037,0.990625,5.917252540588379
699,10,1600,,5,0.05,-33.03765356029634,0.97,5.5,0.0310328012052566,0.3375,5.468240737915039,6.376705169677734,6.967141151428223,0.6153846153846154,3.348483800888061,4.987843990325928,6.13556432723999,0.1710395837966436,0.6156250000000001,6.314613699913025
761,10,1600,,5,0.2,-3.4649771563151788,0.977,5.46,-0.3337066226687171,0.075,5.291167736053467,6.361767292022705,7.043950080871582,0.3571428571428571,3.2713494300842285,4.758145809173584,6.083767414093018,0.2796843612210505,0.0,6.411789417266846
823,10,1600,,6,0.05,-71.9194356359564,0.976,5.47,-0.2249406681613071,1.0,5.202077388763428,6.209845066070557,6.869372844696045,0.2888888888888888,3.3411850929260254,5.001965522766113,6.298692226409912,0.1962558927270791,0.159375,6.461231827735901
451,40,50,,3,0.05,-12.659383196182684,0.38,1.79,-0.0049259368449216,0.525,4.651111125946045,5.527027130126953,6.141127109527588,0.1666666666666666,1.147623062133789,1.679497480392456,2.3170294761657715,-0.329306341240825,0.4635416666666667,5.456853985786438
513,40,50,,3,0.2,-4.361976627914746,0.393,1.73,0.1192279212528646,0.975,4.71624231338501,5.522400856018066,6.110515117645264,0.125,1.5120694637298584,2.3123950958251958,3.207208633422852,-0.0727461450661879,0.4739583333333333,5.532539129257202
575,40,50,,4,0.05,-31.28121797229592,0.404,1.68,0.0220745842828512,0.8625,4.486855983734131,5.485075950622559,6.159540176391602,0.0,1.039745807647705,1.578221082687378,2.3320629596710205,-0.4817238001343292,0.4375,5.559591770172119
637,40,50,,4,0.2,-24.996193418222923,0.42,1.62,0.228764382902236,0.2,4.0853447914123535,4.907723426818848,5.631157875061035,0.2222222222222222,1.4190952777862549,2.204533576965332,3.092833995819092,0.1600354958018233,0.4739583333333333,5.504543423652649
699,40,50,,5,0.05,-33.03765356029634,0.408,1.67,0.0588078739930947,1.0,3.880751371383667,4.710719585418701,5.417837619781494,0.4545454545454545,1.762622356414795,2.5375418663024902,3.32854437828064,-0.3484082467429962,0.71875,5.467004895210266
761,40,50,,5,0.2,-3.4649771563151788,0.42,1.62,0.0100230151406104,0.0,4.253920555114746,5.106408596038818,5.758045196533203,0.0,1.677674651145935,2.358863353729248,3.153307676315308,0.1568361546078432,0.0,5.570358872413635
823,40,50,,6,0.05,-71.9194356359564,0.431,1.58,-0.4243523117569097,1.0,3.561675310134888,4.501664161682129,5.370840072631836,0.0,0.9059796333312988,1.1939082145690918,1.4466739892959597,0.6135134293079801,0.125,5.706907749176025
