dataset,instance,method,ks_hat,elapsed_s,fb_elapsed_s,err,name,dim,codim,noise,m,shape,ks_true
colosseum,0,dc2,-0.6589512825012207,12.22,,,d2-c1-n0.01-m0,2,1,0.01,0,,-8.22702089640385
colosseum,0,dc_wasserstein_ollivier,0.2218492031097412,3.79,,,d2-c1-n0.01-m0,2,1,0.01,0,,-8.22702089640385
colosseum,0,dc_entropic_subtraction,-0.0271229743957519,3.19,,,d2-c1-n0.01-m0,2,1,0.01,0,,-8.22702089640385
colosseum,0,hickock,1.2957652973058356,45.88,,,d2-c1-n0.01-m0,2,1,0.01,0,,-8.22702089640385
colosseum,0,frc_weighted_adaptive,-11.742206547676783,0.78,,,d2-c1-n0.01-m0,2,1,0.01,0,,-8.22702089640385
colosseum,0,frc_unweighted_knn,-3.7142857142857135,0.24,,,d2-c1-n0.01-m0,2,1,0.01,0,,-8.22702089640385
colosseum,0,orc,-0.0745722088708508,5.93,,,d2-c1-n0.01-m0,2,1,0.01,0,,-8.22702089640385
colosseum,0,spc_hop,246.48971295855264,61.84,,,d2-c1-n0.01-m0,2,1,0.01,0,,-8.22702089640385
colosseum,0,spc_diffusion_t5,-22.46977723374515,18.75,,,d2-c1-n0.01-m0,2,1,0.01,0,,-8.22702089640385
colosseum,0,laziness_knn_t5,-4.294573783874512,0.89,,,d2-c1-n0.01-m0,2,1,0.01,0,,-8.22702089640385
colosseum,0,laziness_adaptive_t5,-4.2087931632995605,0.61,,,d2-c1-n0.01-m0,2,1,0.01,0,,-8.22702089640385
colosseum,0,successor_entropy,-2.5978239550540843,0.05,843.65,,d2-c1-n0.01-m0,2,1,0.01,0,,-8.22702089640385
colosseum,0,successor_orc,0.9311575200747136,4.58,843.65,,d2-c1-n0.01-m0,2,1,0.01,0,,-8.22702089640385
colosseum,1,dc2,0.2583372592926025,11.41,,,d2-c1-n0.01-m1,2,1,0.01,1,,-9.495795244165128
colosseum,1,dc_wasserstein_ollivier,0.1447997689247131,3.13,,,d2-c1-n0.01-m1,2,1,0.01,1,,-9.495795244165128
colosseum,1,dc_entropic_subtraction,-0.0872168540954589,2.69,,,d2-c1-n0.01-m1,2,1,0.01,1,,-9.495795244165128
colosseum,1,hickock,0.8729116463301541,48.94,,,d2-c1-n0.01-m1,2,1,0.01,1,,-9.495795244165128
colosseum,1,frc_weighted_adaptive,-44.51125109477457,0.8,,,d2-c1-n0.01-m1,2,1,0.01,1,,-9.495795244165128
colosseum,1,frc_unweighted_knn,-7.0,0.24,,,d2-c1-n0.01-m1,2,1,0.01,1,,-9.495795244165128
colosseum,1,orc,-0.0118566778267528,6.21,,,d2-c1-n0.01-m1,2,1,0.01,1,,-9.495795244165128
colosseum,1,spc_hop,160.03698491095017,63.45,,,d2-c1-n0.01-m1,2,1,0.01,1,,-9.495795244165128
colosseum,1,spc_diffusion_t5,-480.879860871282,18.9,,,d2-c1-n0.01-m1,2,1,0.01,1,,-9.495795244165128
colosseum,1,laziness_knn_t5,-4.361598968505859,0.67,,,d2-c1-n0.01-m1,2,1,0.01,1,,-9.495795244165128
colosseum,1,laziness_adaptive_t5,-4.301027297973633,0.62,,,d2-c1-n0.01-m1,2,1,0.01,1,,-9.495795244165128
colosseum,1,successor_entropy,-2.5818176851669947,0.04,824.45,,d2-c1-n0.01-m1,2,1,0.01,1,,-9.495795244165128
colosseum,1,successor_orc,0.9357440228711156,4.61,824.45,,d2-c1-n0.01-m1,2,1,0.01,1,,-9.495795244165128
colosseum,2,dc2,0.261542797088623,11.34,,,d2-c1-n0.01-m2,2,1,0.01,2,,-4.427669392249164
colosseum,2,dc_wasserstein_ollivier,0.1546729803085327,3.07,,,d2-c1-n0.01-m2,2,1,0.01,2,,-4.427669392249164
colosseum,2,dc_entropic_subtraction,-0.2729902267456054,2.62,,,d2-c1-n0.01-m2,2,1,0.01,2,,-4.427669392249164
colosseum,2,hickock,1.659217414983997,49.29,,,d2-c1-n0.01-m2,2,1,0.01,2,,-4.427669392249164
colosseum,2,frc_weighted_adaptive,-26.69538464643285,0.77,,,d2-c1-n0.01-m2,2,1,0.01,2,,-4.427669392249164
colosseum,2,frc_unweighted_knn,-1.9090909090909087,0.24,,,d2-c1-n0.01-m2,2,1,0.01,2,,-4.427669392249164
colosseum,2,orc,0.0384352914137061,6.71,,,d2-c1-n0.01-m2,2,1,0.01,2,,-4.427669392249164
colosseum,2,spc_hop,25.76783222367432,61.06,,,d2-c1-n0.01-m2,2,1,0.01,2,,-4.427669392249164
colosseum,2,spc_diffusion_t5,-171.6099716579757,18.78,,,d2-c1-n0.01-m2,2,1,0.01,2,,-4.427669392249164
colosseum,2,laziness_knn_t5,-4.218195915222168,0.66,,,d2-c1-n0.01-m2,2,1,0.01,2,,-4.427669392249164
colosseum,2,laziness_adaptive_t5,-4.191596031188965,0.61,,,d2-c1-n0.01-m2,2,1,0.01,2,,-4.427669392249164
colosseum,2,successor_entropy,-2.612165607134501,0.05,821.31,,d2-c1-n0.01-m2,2,1,0.01,2,,-4.427669392249164
colosseum,2,successor_orc,0.9374365292907773,4.68,821.31,,d2-c1-n0.01-m2,2,1,0.01,2,,-4.427669392249164
colosseum,3,dc2,-0.2315740585327148,11.34,,,d2-c1-n0.01-m3,2,1,0.01,3,,9.767683719992135
colosseum,3,dc_wasserstein_ollivier,0.3716658353805542,3.08,,,d2-c1-n0.01-m3,2,1,0.01,3,,9.767683719992135
colosseum,3,dc_entropic_subtraction,0.0931887626647949,2.62,,,d2-c1-n0.01-m3,2,1,0.01,3,,9.767683719992135
colosseum,3,hickock,2.5551215712569126,49.86,,,d2-c1-n0.01-m3,2,1,0.01,3,,9.767683719992135
colosseum,3,frc_weighted_adaptive,-17.443145817698902,0.79,,,d2-c1-n0.01-m3,2,1,0.01,3,,9.767683719992135
colosseum,3,frc_unweighted_knn,-3.466666666666667,0.24,,,d2-c1-n0.01-m3,2,1,0.01,3,,9.767683719992135
colosseum,3,orc,-0.0014248667143324,6.46,,,d2-c1-n0.01-m3,2,1,0.01,3,,9.767683719992135
colosseum,3,spc_hop,3944.223493680541,63.46,,,d2-c1-n0.01-m3,2,1,0.01,3,,9.767683719992135
colosseum,3,spc_diffusion_t5,-242.24227947599536,19.03,,,d2-c1-n0.01-m3,2,1,0.01,3,,9.767683719992135
colosseum,3,laziness_knn_t5,-4.187618732452393,0.67,,,d2-c1-n0.01-m3,2,1,0.01,3,,9.767683719992135
colosseum,3,laziness_adaptive_t5,-4.124271869659424,0.64,,,d2-c1-n0.01-m3,2,1,0.01,3,,9.767683719992135
colosseum,3,successor_entropy,-2.5033595513204734,0.05,805.7,,d2-c1-n0.01-m3,2,1,0.01,3,,9.767683719992135
colosseum,3,successor_orc,0.924547143042975,4.5,805.7,,d2-c1-n0.01-m3,2,1,0.01,3,,9.767683719992135
colosseum,4,dc2,-0.4187402725219726,11.47,,,d2-c1-n0.01-m4,2,1,0.01,4,,-3.626886640134704
colosseum,4,dc_wasserstein_ollivier,0.220706820487976,3.13,,,d2-c1-n0.01-m4,2,1,0.01,4,,-3.626886640134704
colosseum,4,dc_entropic_subtraction,-0.0597705841064453,2.78,,,d2-c1-n0.01-m4,2,1,0.01,4,,-3.626886640134704
colosseum,4,hickock,1.505824650727949,46.93,,,d2-c1-n0.01-m4,2,1,0.01,4,,-3.626886640134704
colosseum,4,frc_weighted_adaptive,-13.682726425165104,0.78,,,d2-c1-n0.01-m4,2,1,0.01,4,,-3.626886640134704
colosseum,4,frc_unweighted_knn,-2.2142857142857144,0.24,,,d2-c1-n0.01-m4,2,1,0.01,4,,-3.626886640134704
colosseum,4,orc,-0.0114318608009608,6.73,,,d2-c1-n0.01-m4,2,1,0.01,4,,-3.626886640134704
colosseum,4,spc_hop,22.90420991353723,49.35,,,d2-c1-n0.01-m4,2,1,0.01,4,,-3.626886640134704
colosseum,4,spc_diffusion_t5,55.46768978051056,18.88,,,d2-c1-n0.01-m4,2,1,0.01,4,,-3.626886640134704
colosseum,4,laziness_knn_t5,-4.15071964263916,0.67,,,d2-c1-n0.01-m4,2,1,0.01,4,,-3.626886640134704
colosseum,4,laziness_adaptive_t5,-4.093192100524902,0.6,,,d2-c1-n0.01-m4,2,1,0.01,4,,-3.626886640134704
colosseum,4,successor_entropy,-2.569344819486141,0.05,822.05,,d2-c1-n0.01-m4,2,1,0.01,4,,-3.626886640134704
colosseum,4,successor_orc,0.9321255742893012,4.64,822.05,,d2-c1-n0.01-m4,2,1,0.01,4,,-3.626886640134704
colosseum,5,dc2,-0.5403690338134766,11.52,,,d2-c1-n0.01-m5,2,1,0.01,5,,-2.6925260397280826
colosseum,5,dc_wasserstein_ollivier,0.2182475924491882,3.1,,,d2-c1-n0.01-m5,2,1,0.01,5,,-2.6925260397280826
colosseum,5,dc_entropic_subtraction,0.0259385108947753,2.65,,,d2-c1-n0.01-m5,2,1,0.01,5,,-2.6925260397280826
colosseum,5,hickock,1.3683606748077244,50.0,,,d2-c1-n0.01-m5,2,1,0.01,5,,-2.6925260397280826
colosseum,5,frc_weighted_adaptive,-28.229683014347582,0.84,,,d2-c1-n0.01-m5,2,1,0.01,5,,-2.6925260397280826
colosseum,5,frc_unweighted_knn,-3.6,0.24,,,d2-c1-n0.01-m5,2,1,0.01,5,,-2.6925260397280826
colosseum,5,orc,-0.0533231528842684,6.71,,,d2-c1-n0.01-m5,2,1,0.01,5,,-2.6925260397280826
colosseum,5,spc_hop,83.00460640358092,64.36,,,d2-c1-n0.01-m5,2,1,0.01,5,,-2.6925260397280826
colosseum,5,spc_diffusion_t5,103.37643322926694,18.89,,,d2-c1-n0.01-m5,2,1,0.01,5,,-2.6925260397280826
colosseum,5,laziness_knn_t5,-4.346283912658691,0.67,,,d2-c1-n0.01-m5,2,1,0.01,5,,-2.6925260397280826
colosseum,5,laziness_adaptive_t5,-4.281597137451172,0.63,,,d2-c1-n0.01-m5,2,1,0.01,5,,-2.6925260397280826
colosseum,5,successor_entropy,-2.558798432946205,0.05,807.53,,d2-c1-n0.01-m5,2,1,0.01,5,,-2.6925260397280826
colosseum,5,successor_orc,0.9388275680715272,4.58,807.53,,d2-c1-n0.01-m5,2,1,0.01,5,,-2.6925260397280826
colosseum,6,dc2,-0.1842374801635742,11.37,,,d2-c1-n0.01-m6,2,1,0.01,6,,-7.0182172812213
colosseum,6,dc_wasserstein_ollivier,0.119225800037384,3.1,,,d2-c1-n0.01-m6,2,1,0.01,6,,-7.0182172812213
colosseum,6,dc_entropic_subtraction,-0.1940321922302246,2.65,,,d2-c1-n0.01-m6,2,1,0.01,6,,-7.0182172812213
colosseum,6,hickock,0.80708003135659,50.54,,,d2-c1-n0.01-m6,2,1,0.01,6,,-7.0182172812213
colosseum,6,frc_weighted_adaptive,-13.232863619711177,0.8,,,d2-c1-n0.01-m6,2,1,0.01,6,,-7.0182172812213
colosseum,6,frc_unweighted_knn,-3.5454545454545454,0.24,,,d2-c1-n0.01-m6,2,1,0.01,6,,-7.0182172812213
colosseum,6,orc,-0.0202238099569631,6.79,,,d2-c1-n0.01-m6,2,1,0.01,6,,-7.0182172812213
colosseum,6,spc_hop,-23.844537799845536,61.27,,,d2-c1-n0.01-m6,2,1,0.01,6,,-7.0182172812213
colosseum,6,spc_diffusion_t5,83.46228132868558,18.9,,,d2-c1-n0.01-m6,2,1,0.01,6,,-7.0182172812213
colosseum,6,laziness_knn_t5,-4.286900520324707,0.67,,,d2-c1-n0.01-m6,2,1,0.01,6,,-7.0182172812213
colosseum,6,laziness_adaptive_t5,-4.231294631958008,0.61,,,d2-c1-n0.01-m6,2,1,0.01,6,,-7.0182172812213
colosseum,6,successor_entropy,-2.52536269257466,0.05,802.9,,d2-c1-n0.01-m6,2,1,0.01,6,,-7.0182172812213
colosseum,6,successor_orc,0.932001631761782,4.6,802.9,,d2-c1-n0.01-m6,2,1,0.01,6,,-7.0182172812213
colosseum,7,dc2,-0.2359237670898437,11.53,,,d2-c1-n0.01-m7,2,1,0.01,7,,-0.0005691632326329
colosseum,7,dc_wasserstein_ollivier,0.174239695072174,3.09,,,d2-c1-n0.01-m7,2,1,0.01,7,,-0.0005691632326329
colosseum,7,dc_entropic_subtraction,-0.2659873962402344,2.64,,,d2-c1-n0.01-m7,2,1,0.01,7,,-0.0005691632326329
colosseum,7,hickock,1.753975122751152,50.1,,,d2-c1-n0.01-m7,2,1,0.01,7,,-0.0005691632326329
colosseum,7,frc_weighted_adaptive,-50.546685103254354,0.8,,,d2-c1-n0.01-m7,2,1,0.01,7,,-0.0005691632326329
colosseum,7,frc_unweighted_knn,0.0909090909090909,0.25,,,d2-c1-n0.01-m7,2,1,0.01,7,,-0.0005691632326329
colosseum,7,orc,0.0920911147384305,6.55,,,d2-c1-n0.01-m7,2,1,0.01,7,,-0.0005691632326329
colosseum,7,spc_hop,-111.25110913314634,63.19,,,d2-c1-n0.01-m7,2,1,0.01,7,,-0.0005691632326329
colosseum,7,spc_diffusion_t5,514.4762987172875,18.99,,,d2-c1-n0.01-m7,2,1,0.01,7,,-0.0005691632326329
colosseum,7,laziness_knn_t5,-4.160984992980957,0.69,,,d2-c1-n0.01-m7,2,1,0.01,7,,-0.0005691632326329
colosseum,7,laziness_adaptive_t5,-4.086144924163818,0.64,,,d2-c1-n0.01-m7,2,1,0.01,7,,-0.0005691632326329
colosseum,7,successor_entropy,-2.523404262185097,0.04,812.89,,d2-c1-n0.01-m7,2,1,0.01,7,,-0.0005691632326329
colosseum,7,successor_orc,0.9322871373876016,4.64,812.89,,d2-c1-n0.01-m7,2,1,0.01,7,,-0.0005691632326329
colosseum,8,dc2,-0.1250295639038086,11.34,,,d2-c1-n0.01-m8,2,1,0.01,8,,2.8924769807445814
colosseum,8,dc_wasserstein_ollivier,0.2246995568275451,3.14,,,d2-c1-n0.01-m8,2,1,0.01,8,,2.8924769807445814
colosseum,8,dc_entropic_subtraction,0.1391592025756836,2.68,,,d2-c1-n0.01-m8,2,1,0.01,8,,2.8924769807445814
colosseum,8,hickock,1.752516311462927,49.33,,,d2-c1-n0.01-m8,2,1,0.01,8,,2.8924769807445814
colosseum,8,frc_weighted_adaptive,-31.028843524196198,0.77,,,d2-c1-n0.01-m8,2,1,0.01,8,,2.8924769807445814
colosseum,8,frc_unweighted_knn,0.6666666666666666,0.24,,,d2-c1-n0.01-m8,2,1,0.01,8,,2.8924769807445814
colosseum,8,orc,0.090574546260149,6.45,,,d2-c1-n0.01-m8,2,1,0.01,8,,2.8924769807445814
colosseum,8,spc_hop,-197.51215478600596,60.39,,,d2-c1-n0.01-m8,2,1,0.01,8,,2.8924769807445814
colosseum,8,spc_diffusion_t5,432.5133003258652,19.09,,,d2-c1-n0.01-m8,2,1,0.01,8,,2.8924769807445814
colosseum,8,laziness_knn_t5,-4.0688652992248535,0.69,,,d2-c1-n0.01-m8,2,1,0.01,8,,2.8924769807445814
colosseum,8,laziness_adaptive_t5,-3.9710206985473633,0.62,,,d2-c1-n0.01-m8,2,1,0.01,8,,2.8924769807445814
colosseum,8,successor_entropy,-2.5429448637564978,0.05,810.92,,d2-c1-n0.01-m8,2,1,0.01,8,,2.8924769807445814
colosseum,8,successor_orc,0.9350948063284774,4.51,810.92,,d2-c1-n0.01-m8,2,1,0.01,8,,2.8924769807445814
colosseum,9,dc2,-0.4840278625488281,11.44,,,d2-c1-n0.01-m9,2,1,0.01,9,,-54.85271811603898
colosseum,9,dc_wasserstein_ollivier,0.0398430824279785,3.05,,,d2-c1-n0.01-m9,2,1,0.01,9,,-54.85271811603898
colosseum,9,dc_entropic_subtraction,0.0081639289855957,2.57,,,d2-c1-n0.01-m9,2,1,0.01,9,,-54.85271811603898
colosseum,9,hickock,-1.4661478455671093,45.63,,,d2-c1-n0.01-m9,2,1,0.01,9,,-54.85271811603898
colosseum,9,frc_weighted_adaptive,-14.597175106501073,0.78,,,d2-c1-n0.01-m9,2,1,0.01,9,,-54.85271811603898
colosseum,9,frc_unweighted_knn,3.7857142857142856,0.24,,,d2-c1-n0.01-m9,2,1,0.01,9,,-54.85271811603898
colosseum,9,orc,0.1628170971592223,6.55,,,d2-c1-n0.01-m9,2,1,0.01,9,,-54.85271811603898
colosseum,9,spc_hop,20.371223240559434,62.87,,,d2-c1-n0.01-m9,2,1,0.01,9,,-54.85271811603898
colosseum,9,spc_diffusion_t5,19.37844160440848,19.01,,,d2-c1-n0.01-m9,2,1,0.01,9,,-54.85271811603898
colosseum,9,laziness_knn_t5,-3.903373718261719,0.65,,,d2-c1-n0.01-m9,2,1,0.01,9,,-54.85271811603898
colosseum,9,laziness_adaptive_t5,-3.857690572738648,0.61,,,d2-c1-n0.01-m9,2,1,0.01,9,,-54.85271811603898
colosseum,9,successor_entropy,-2.6220500469207764,0.05,808.49,,d2-c1-n0.01-m9,2,1,0.01,9,,-54.85271811603898
colosseum,9,successor_orc,0.9341721543534698,5.68,808.49,,d2-c1-n0.01-m9,2,1,0.01,9,,-54.85271811603898
colosseum,10,dc2,-0.5037202835083008,11.49,,,d2-c1-n0.01-m10,2,1,0.01,10,,-3.374625568481371
colosseum,10,dc_wasserstein_ollivier,0.1448971033096313,3.1,,,d2-c1-n0.01-m10,2,1,0.01,10,,-3.374625568481371
colosseum,10,dc_entropic_subtraction,-0.2834820747375488,2.63,,,d2-c1-n0.01-m10,2,1,0.01,10,,-3.374625568481371
colosseum,10,hickock,1.6968143818663828,48.9,,,d2-c1-n0.01-m10,2,1,0.01,10,,-3.374625568481371
colosseum,10,frc_weighted_adaptive,-3.547950747315934,0.77,,,d2-c1-n0.01-m10,2,1,0.01,10,,-3.374625568481371
colosseum,10,frc_unweighted_knn,-0.7,0.24,,,d2-c1-n0.01-m10,2,1,0.01,10,,-3.374625568481371
colosseum,10,orc,0.0309506817090443,6.74,,,d2-c1-n0.01-m10,2,1,0.01,10,,-3.374625568481371
colosseum,10,spc_hop,-19.931243713955688,60.95,,,d2-c1-n0.01-m10,2,1,0.01,10,,-3.374625568481371
colosseum,10,spc_diffusion_t5,417.5417058302993,18.83,,,d2-c1-n0.01-m10,2,1,0.01,10,,-3.374625568481371
colosseum,10,laziness_knn_t5,-4.170096397399902,0.93,,,d2-c1-n0.01-m10,2,1,0.01,10,,-3.374625568481371
colosseum,10,laziness_adaptive_t5,-4.104415893554688,0.61,,,d2-c1-n0.01-m10,2,1,0.01,10,,-3.374625568481371
colosseum,10,successor_entropy,-2.5755831182599067,0.04,796.0,,d2-c1-n0.01-m10,2,1,0.01,10,,-3.374625568481371
colosseum,10,successor_orc,0.9355804847416452,4.66,796.0,,d2-c1-n0.01-m10,2,1,0.01,10,,-3.374625568481371
colosseum,11,dc2,-0.1477370262145996,11.46,,,d2-c1-n0.01-m11,2,1,0.01,11,,-6.696368748963649
colosseum,11,dc_wasserstein_ollivier,0.1998499035835266,3.18,,,d2-c1-n0.01-m11,2,1,0.01,11,,-6.696368748963649
colosseum,11,dc_entropic_subtraction,-0.1170434951782226,2.72,,,d2-c1-n0.01-m11,2,1,0.01,11,,-6.696368748963649
colosseum,11,hickock,1.4454283623791797,49.08,,,d2-c1-n0.01-m11,2,1,0.01,11,,-6.696368748963649
colosseum,11,frc_weighted_adaptive,-37.340742764590125,0.78,,,d2-c1-n0.01-m11,2,1,0.01,11,,-6.696368748963649
colosseum,11,frc_unweighted_knn,-3.3,0.24,,,d2-c1-n0.01-m11,2,1,0.01,11,,-6.696368748963649
colosseum,11,orc,-0.1150901088117279,6.58,,,d2-c1-n0.01-m11,2,1,0.01,11,,-6.696368748963649
colosseum,11,spc_hop,-6.694219834452596e-12,63.46,,,d2-c1-n0.01-m11,2,1,0.01,11,,-6.696368748963649
colosseum,11,spc_diffusion_t5,-43.47654258020189,19.05,,,d2-c1-n0.01-m11,2,1,0.01,11,,-6.696368748963649
colosseum,11,laziness_knn_t5,-4.339859008789063,0.68,,,d2-c1-n0.01-m11,2,1,0.01,11,,-6.696368748963649
colosseum,11,laziness_adaptive_t5,-4.294744491577148,0.63,,,d2-c1-n0.01-m11,2,1,0.01,11,,-6.696368748963649
colosseum,11,successor_entropy,-2.534785635213057,0.04,813.61,,d2-c1-n0.01-m11,2,1,0.01,11,,-6.696368748963649
colosseum,11,successor_orc,0.9326572456016764,4.78,813.61,,d2-c1-n0.01-m11,2,1,0.01,11,,-6.696368748963649
colosseum,12,dc2,-0.0903325080871582,18.06,,,d2-c1-n0.01-m12,2,1,0.01,12,,6.558097802223264
colosseum,12,dc_wasserstein_ollivier,0.2812938094139099,5.77,,,d2-c1-n0.01-m12,2,1,0.01,12,,6.558097802223264
colosseum,12,dc_entropic_subtraction,0.0424518585205078,5.16,,,d2-c1-n0.01-m12,2,1,0.01,12,,6.558097802223264
colosseum,12,hickock,2.061797492675004,86.55,,,d2-c1-n0.01-m12,2,1,0.01,12,,6.558097802223264
colosseum,12,frc_weighted_adaptive,-2.900734027804671,0.79,,,d2-c1-n0.01-m12,2,1,0.01,12,,6.558097802223264
colosseum,12,frc_unweighted_knn,2.8181818181818183,0.24,,,d2-c1-n0.01-m12,2,1,0.01,12,,6.558097802223264
colosseum,12,orc,0.1175206668015725,8.59,,,d2-c1-n0.01-m12,2,1,0.01,12,,6.558097802223264
colosseum,12,spc_hop,-259.0559034395851,226.53,,,d2-c1-n0.01-m12,2,1,0.01,12,,6.558097802223264
colosseum,12,spc_diffusion_t5,1350.612692438404,25.25,,,d2-c1-n0.01-m12,2,1,0.01,12,,6.558097802223264
colosseum,12,laziness_knn_t5,-3.9813642501831055,0.75,,,d2-c1-n0.01-m12,2,1,0.01,12,,6.558097802223264
colosseum,12,laziness_adaptive_t5,-3.830265760421753,0.69,,,d2-c1-n0.01-m12,2,1,0.01,12,,6.558097802223264
colosseum,12,successor_entropy,-2.5238791205485662,0.05,884.21,,d2-c1-n0.01-m12,2,1,0.01,12,,6.558097802223264
colosseum,12,successor_orc,0.9283407232555956,4.66,884.21,,d2-c1-n0.01-m12,2,1,0.01,12,,6.558097802223264
colosseum,13,dc2,-0.4253382682800293,11.97,,,d2-c1-n0.01-m13,2,1,0.01,13,,-16.973244020340044
colosseum,13,dc_wasserstein_ollivier,0.0276697874069213,3.33,,,d2-c1-n0.01-m13,2,1,0.01,13,,-16.973244020340044
colosseum,13,dc_entropic_subtraction,-0.1981725692749023,2.85,,,d2-c1-n0.01-m13,2,1,0.01,13,,-16.973244020340044
colosseum,13,hickock,-0.109075073462059,54.94,,,d2-c1-n0.01-m13,2,1,0.01,13,,-16.973244020340044
colosseum,13,frc_weighted_adaptive,-18.846655267770355,0.8,,,d2-c1-n0.01-m13,2,1,0.01,13,,-16.973244020340044
colosseum,13,frc_unweighted_knn,-2.363636363636364,0.24,,,d2-c1-n0.01-m13,2,1,0.01,13,,-16.973244020340044
colosseum,13,orc,0.0376437790851386,7.26,,,d2-c1-n0.01-m13,2,1,0.01,13,,-16.973244020340044
colosseum,13,spc_hop,15.301135724186642,76.06,,,d2-c1-n0.01-m13,2,1,0.01,13,,-16.973244020340044
colosseum,13,spc_diffusion_t5,-246.77449427769872,21.4,,,d2-c1-n0.01-m13,2,1,0.01,13,,-16.973244020340044
colosseum,13,laziness_knn_t5,-3.996513843536377,0.75,,,d2-c1-n0.01-m13,2,1,0.01,13,,-16.973244020340044
colosseum,13,laziness_adaptive_t5,-3.997370958328247,0.68,,,d2-c1-n0.01-m13,2,1,0.01,13,,-16.973244020340044
colosseum,13,successor_entropy,-2.6515959860483806,0.04,892.57,,d2-c1-n0.01-m13,2,1,0.01,13,,-16.973244020340044
colosseum,13,successor_orc,0.9322301778512766,4.47,892.57,,d2-c1-n0.01-m13,2,1,0.01,13,,-16.973244020340044
colosseum,14,dc2,-0.3065228462219238,11.85,,,d2-c1-n0.01-m14,2,1,0.01,14,,-0.7405636974774349
colosseum,14,dc_wasserstein_ollivier,0.1858562231063842,3.63,,,d2-c1-n0.01-m14,2,1,0.01,14,,-0.7405636974774349
colosseum,14,dc_entropic_subtraction,-0.348670482635498,2.88,,,d2-c1-n0.01-m14,2,1,0.01,14,,-0.7405636974774349
colosseum,14,hickock,2.1121938421522364,57.89,,,d2-c1-n0.01-m14,2,1,0.01,14,,-0.7405636974774349
colosseum,14,frc_weighted_adaptive,-19.77050216149396,0.81,,,d2-c1-n0.01-m14,2,1,0.01,14,,-0.7405636974774349
colosseum,14,frc_unweighted_knn,-1.7272727272727273,0.25,,,d2-c1-n0.01-m14,2,1,0.01,14,,-0.7405636974774349
colosseum,14,orc,-0.0127828200721704,7.23,,,d2-c1-n0.01-m14,2,1,0.01,14,,-0.7405636974774349
colosseum,14,spc_hop,274.4435066047621,74.82,,,d2-c1-n0.01-m14,2,1,0.01,14,,-0.7405636974774349
colosseum,14,spc_diffusion_t5,-36.24231847211063,21.76,,,d2-c1-n0.01-m14,2,1,0.01,14,,-0.7405636974774349
colosseum,14,laziness_knn_t5,-4.149287223815918,0.73,,,d2-c1-n0.01-m14,2,1,0.01,14,,-0.7405636974774349
colosseum,14,laziness_adaptive_t5,-4.067409992218018,0.77,,,d2-c1-n0.01-m14,2,1,0.01,14,,-0.7405636974774349
colosseum,14,successor_entropy,-2.598237026135126,0.05,881.24,,d2-c1-n0.01-m14,2,1,0.01,14,,-0.7405636974774349
colosseum,14,successor_orc,0.9326500990857168,4.55,881.24,,d2-c1-n0.01-m14,2,1,0.01,14,,-0.7405636974774349
colosseum,15,dc2,0.478973388671875,12.38,,,d2-c1-n0.01-m15,2,1,0.01,15,,-10.148491309499368
colosseum,15,dc_wasserstein_ollivier,0.1459966301918029,3.53,,,d2-c1-n0.01-m15,2,1,0.01,15,,-10.148491309499368
colosseum,15,dc_entropic_subtraction,-0.0520730018615722,2.73,,,d2-c1-n0.01-m15,2,1,0.01,15,,-10.148491309499368
colosseum,15,hickock,1.008979421972105,52.64,,,d2-c1-n0.01-m15,2,1,0.01,15,,-10.148491309499368
colosseum,15,frc_weighted_adaptive,-78.59672650105925,0.82,,,d2-c1-n0.01-m15,2,1,0.01,15,,-10.148491309499368
colosseum,15,frc_unweighted_knn,-4.75,0.24,,,d2-c1-n0.01-m15,2,1,0.01,15,,-10.148491309499368
colosseum,15,orc,-0.0313021143747414,6.89,,,d2-c1-n0.01-m15,2,1,0.01,15,,-10.148491309499368
colosseum,15,spc_hop,336.38475332151734,68.75,,,d2-c1-n0.01-m15,2,1,0.01,15,,-10.148491309499368
colosseum,15,spc_diffusion_t5,-368.2487176510634,20.01,,,d2-c1-n0.01-m15,2,1,0.01,15,,-10.148491309499368
colosseum,15,laziness_knn_t5,-4.391579627990723,0.71,,,d2-c1-n0.01-m15,2,1,0.01,15,,-10.148491309499368
colosseum,15,laziness_adaptive_t5,-4.286892890930176,0.67,,,d2-c1-n0.01-m15,2,1,0.01,15,,-10.148491309499368
colosseum,15,successor_entropy,-2.5633191764156025,0.05,869.97,,d2-c1-n0.01-m15,2,1,0.01,15,,-10.148491309499368
colosseum,15,successor_orc,0.9361642118683596,4.89,869.97,,d2-c1-n0.01-m15,2,1,0.01,15,,-10.148491309499368
colosseum,16,dc2,-0.3252243995666504,12.12,,,d2-c1-n0.01-m16,2,1,0.01,16,,-9.663799230158167
colosseum,16,dc_wasserstein_ollivier,0.0965073108673095,3.55,,,d2-c1-n0.01-m16,2,1,0.01,16,,-9.663799230158167
colosseum,16,dc_entropic_subtraction,-0.0610780715942382,2.83,,,d2-c1-n0.01-m16,2,1,0.01,16,,-9.663799230158167
colosseum,16,hickock,0.5583004932823312,51.38,,,d2-c1-n0.01-m16,2,1,0.01,16,,-9.663799230158167
colosseum,16,frc_weighted_adaptive,-40.35872315600411,0.79,,,d2-c1-n0.01-m16,2,1,0.01,16,,-9.663799230158167
colosseum,16,frc_unweighted_knn,-3.923076923076923,0.24,,,d2-c1-n0.01-m16,2,1,0.01,16,,-9.663799230158167
colosseum,16,orc,-0.0337125721874093,6.72,,,d2-c1-n0.01-m16,2,1,0.01,16,,-9.663799230158167
colosseum,16,spc_hop,-20.798845431413547,64.62,,,d2-c1-n0.01-m16,2,1,0.01,16,,-9.663799230158167
colosseum,16,spc_diffusion_t5,-157.22692479903083,19.41,,,d2-c1-n0.01-m16,2,1,0.01,16,,-9.663799230158167
colosseum,16,laziness_knn_t5,-4.156895637512207,0.72,,,d2-c1-n0.01-m16,2,1,0.01,16,,-9.663799230158167
colosseum,16,laziness_adaptive_t5,-4.101598262786865,0.68,,,d2-c1-n0.01-m16,2,1,0.01,16,,-9.663799230158167
colosseum,16,successor_entropy,-2.5810829228361447,0.06,870.1,,d2-c1-n0.01-m16,2,1,0.01,16,,-9.663799230158167
colosseum,16,successor_orc,0.9295745498316528,4.87,870.1,,d2-c1-n0.01-m16,2,1,0.01,16,,-9.663799230158167
colosseum,17,dc2,-0.2716155052185058,12.32,,,d2-c1-n0.01-m17,2,1,0.01,17,,-16.30776736015744
colosseum,17,dc_wasserstein_ollivier,0.0598148107528686,3.47,,,d2-c1-n0.01-m17,2,1,0.01,17,,-16.30776736015744
colosseum,17,dc_entropic_subtraction,-0.0698204040527343,2.88,,,d2-c1-n0.01-m17,2,1,0.01,17,,-16.30776736015744
colosseum,17,hickock,0.1257690779046151,54.89,,,d2-c1-n0.01-m17,2,1,0.01,17,,-16.30776736015744
colosseum,17,frc_weighted_adaptive,-28.435994577983525,0.8,,,d2-c1-n0.01-m17,2,1,0.01,17,,-16.30776736015744
colosseum,17,frc_unweighted_knn,1.7,0.24,,,d2-c1-n0.01-m17,2,1,0.01,17,,-16.30776736015744
colosseum,17,orc,0.1438449717908053,7.13,,,d2-c1-n0.01-m17,2,1,0.01,17,,-16.30776736015744
colosseum,17,spc_hop,-120.65160511841192,74.98,,,d2-c1-n0.01-m17,2,1,0.01,17,,-16.30776736015744
colosseum,17,spc_diffusion_t5,358.2466372780143,21.11,,,d2-c1-n0.01-m17,2,1,0.01,17,,-16.30776736015744
colosseum,17,laziness_knn_t5,-4.025722980499268,0.72,,,d2-c1-n0.01-m17,2,1,0.01,17,,-16.30776736015744
colosseum,17,laziness_adaptive_t5,-3.990626335144043,0.68,,,d2-c1-n0.01-m17,2,1,0.01,17,,-16.30776736015744
colosseum,17,successor_entropy,-2.5640185059507687,0.05,855.67,,d2-c1-n0.01-m17,2,1,0.01,17,,-16.30776736015744
colosseum,17,successor_orc,0.9364630770671916,5.69,855.67,,d2-c1-n0.01-m17,2,1,0.01,17,,-16.30776736015744
colosseum,18,dc2,-0.3007822036743164,12.15,,,d2-c1-n0.01-m18,2,1,0.01,18,,-22.15659410991749
colosseum,18,dc_wasserstein_ollivier,0.1275402903556823,3.8,,,d2-c1-n0.01-m18,2,1,0.01,18,,-22.15659410991749
colosseum,18,dc_entropic_subtraction,0.0807533264160156,2.83,,,d2-c1-n0.01-m18,2,1,0.01,18,,-22.15659410991749
colosseum,18,hickock,0.1080814261091359,57.06,,,d2-c1-n0.01-m18,2,1,0.01,18,,-22.15659410991749
colosseum,18,frc_weighted_adaptive,-75.98177284932945,0.8,,,d2-c1-n0.01-m18,2,1,0.01,18,,-22.15659410991749
colosseum,18,frc_unweighted_knn,2.5,0.25,,,d2-c1-n0.01-m18,2,1,0.01,18,,-22.15659410991749
colosseum,18,orc,0.0251781632885603,7.24,,,d2-c1-n0.01-m18,2,1,0.01,18,,-22.15659410991749
colosseum,18,spc_hop,-116.64927726146688,73.87,,,d2-c1-n0.01-m18,2,1,0.01,18,,-22.15659410991749
colosseum,18,spc_diffusion_t5,527.331764980963,21.32,,,d2-c1-n0.01-m18,2,1,0.01,18,,-22.15659410991749
colosseum,18,laziness_knn_t5,-3.861919403076172,0.72,,,d2-c1-n0.01-m18,2,1,0.01,18,,-22.15659410991749
colosseum,18,laziness_adaptive_t5,-3.8102312088012695,0.67,,,d2-c1-n0.01-m18,2,1,0.01,18,,-22.15659410991749
colosseum,18,successor_entropy,-2.6404239112834134,0.04,856.37,,d2-c1-n0.01-m18,2,1,0.01,18,,-22.15659410991749
colosseum,18,successor_orc,0.933127033195146,5.34,856.37,,d2-c1-n0.01-m18,2,1,0.01,18,,-22.15659410991749
colosseum,19,dc2,-1.467876434326172,12.27,,,d2-c1-n0.01-m19,2,1,0.01,19,,5.6174375013851
colosseum,19,dc_wasserstein_ollivier,0.2892872095108032,3.71,,,d2-c1-n0.01-m19,2,1,0.01,19,,5.6174375013851
colosseum,19,dc_entropic_subtraction,-0.0439295768737793,2.97,,,d2-c1-n0.01-m19,2,1,0.01,19,,5.6174375013851
colosseum,19,hickock,2.4606556303111606,57.45,,,d2-c1-n0.01-m19,2,1,0.01,19,,5.6174375013851
colosseum,19,frc_weighted_adaptive,-13.629926262369317,0.81,,,d2-c1-n0.01-m19,2,1,0.01,19,,5.6174375013851
colosseum,19,frc_unweighted_knn,-1.0909090909090908,0.25,,,d2-c1-n0.01-m19,2,1,0.01,19,,5.6174375013851
colosseum,19,orc,0.0986678370920415,7.17,,,d2-c1-n0.01-m19,2,1,0.01,19,,5.6174375013851
colosseum,19,spc_hop,260.7160947922517,77.71,,,d2-c1-n0.01-m19,2,1,0.01,19,,5.6174375013851
colosseum,19,spc_diffusion_t5,-81.21176653887663,21.43,,,d2-c1-n0.01-m19,2,1,0.01,19,,5.6174375013851
colosseum,19,laziness_knn_t5,-4.193856239318848,0.73,,,d2-c1-n0.01-m19,2,1,0.01,19,,5.6174375013851
colosseum,19,laziness_adaptive_t5,-4.13569974899292,0.69,,,d2-c1-n0.01-m19,2,1,0.01,19,,5.6174375013851
colosseum,19,successor_entropy,-2.448835177699725,0.05,869.86,,d2-c1-n0.01-m19,2,1,0.01,19,,5.6174375013851
colosseum,19,successor_orc,0.9242865497395706,4.62,869.86,,d2-c1-n0.01-m19,2,1,0.01,19,,5.6174375013851
colosseum,20,dc2,-0.0897603034973144,12.12,,,d2-c1-n0.01-m20,2,1,0.01,20,,-4.664660855794895
colosseum,20,dc_wasserstein_ollivier,0.250358521938324,3.8,,,d2-c1-n0.01-m20,2,1,0.01,20,,-4.664660855794895
colosseum,20,dc_entropic_subtraction,0.0005598068237304,2.89,,,d2-c1-n0.01-m20,2,1,0.01,20,,-4.664660855794895
colosseum,20,hickock,1.4723868630660737,56.92,,,d2-c1-n0.01-m20,2,1,0.01,20,,-4.664660855794895
colosseum,20,frc_weighted_adaptive,-16.183567600972488,0.8,,,d2-c1-n0.01-m20,2,1,0.01,20,,-4.664660855794895
colosseum,20,frc_unweighted_knn,-2.5384615384615383,0.25,,,d2-c1-n0.01-m20,2,1,0.01,20,,-4.664660855794895
colosseum,20,orc,-0.0454758850411868,7.17,,,d2-c1-n0.01-m20,2,1,0.01,20,,-4.664660855794895
colosseum,20,spc_hop,-27.248003379374826,74.35,,,d2-c1-n0.01-m20,2,1,0.01,20,,-4.664660855794895
colosseum,20,spc_diffusion_t5,-215.2509098996704,21.32,,,d2-c1-n0.01-m20,2,1,0.01,20,,-4.664660855794895
colosseum,20,laziness_knn_t5,-4.161856651306152,0.73,,,d2-c1-n0.01-m20,2,1,0.01,20,,-4.664660855794895
colosseum,20,laziness_adaptive_t5,-4.0762939453125,0.67,,,d2-c1-n0.01-m20,2,1,0.01,20,,-4.664660855794895
colosseum,20,successor_entropy,-2.585397974093755,0.06,865.18,,d2-c1-n0.01-m20,2,1,0.01,20,,-4.664660855794895
colosseum,20,successor_orc,0.9331607561282944,4.58,865.18,,d2-c1-n0.01-m20,2,1,0.01,20,,-4.664660855794895
colosseum,21,dc2,-0.2009472846984863,12.32,,,d2-c1-n0.01-m21,2,1,0.01,21,,1.266781251656489
colosseum,21,dc_wasserstein_ollivier,0.3178029656410217,3.84,,,d2-c1-n0.01-m21,2,1,0.01,21,,1.266781251656489
colosseum,21,dc_entropic_subtraction,-0.018040657043457,2.86,,,d2-c1-n0.01-m21,2,1,0.01,21,,1.266781251656489
colosseum,21,hickock,1.9488908850573128,57.16,,,d2-c1-n0.01-m21,2,1,0.01,21,,1.266781251656489
colosseum,21,frc_weighted_adaptive,-55.65707105490929,0.8,,,d2-c1-n0.01-m21,2,1,0.01,21,,1.266781251656489
colosseum,21,frc_unweighted_knn,0.6666666666666666,0.25,,,d2-c1-n0.01-m21,2,1,0.01,21,,1.266781251656489
colosseum,21,orc,0.0649422368285101,7.1,,,d2-c1-n0.01-m21,2,1,0.01,21,,1.266781251656489
colosseum,21,spc_hop,-65.49165495093104,76.88,,,d2-c1-n0.01-m21,2,1,0.01,21,,1.266781251656489
colosseum,21,spc_diffusion_t5,435.0868244379774,21.23,,,d2-c1-n0.01-m21,2,1,0.01,21,,1.266781251656489
colosseum,21,laziness_knn_t5,-4.065934658050537,0.71,,,d2-c1-n0.01-m21,2,1,0.01,21,,1.266781251656489
colosseum,21,laziness_adaptive_t5,-3.9890811443328857,0.68,,,d2-c1-n0.01-m21,2,1,0.01,21,,1.266781251656489
colosseum,21,successor_entropy,-2.5444901410539944,0.05,869.16,,d2-c1-n0.01-m21,2,1,0.01,21,,1.266781251656489
colosseum,21,successor_orc,0.9355584991056328,5.82,869.16,,d2-c1-n0.01-m21,2,1,0.01,21,,1.266781251656489
colosseum,22,dc2,-0.1633238792419433,12.03,,,d2-c1-n0.01-m22,2,1,0.01,22,,-5.205695579173026
colosseum,22,dc_wasserstein_ollivier,0.1206687092781066,3.68,,,d2-c1-n0.01-m22,2,1,0.01,22,,-5.205695579173026
colosseum,22,dc_entropic_subtraction,-0.2110567092895507,2.85,,,d2-c1-n0.01-m22,2,1,0.01,22,,-5.205695579173026
colosseum,22,hickock,1.1679573628207935,56.73,,,d2-c1-n0.01-m22,2,1,0.01,22,,-5.205695579173026
colosseum,22,frc_weighted_adaptive,-26.41209178799889,0.79,,,d2-c1-n0.01-m22,2,1,0.01,22,,-5.205695579173026
colosseum,22,frc_unweighted_knn,-2.090909090909091,0.25,,,d2-c1-n0.01-m22,2,1,0.01,22,,-5.205695579173026
colosseum,22,orc,-0.0354491272283438,7.11,,,d2-c1-n0.01-m22,2,1,0.01,22,,-5.205695579173026
colosseum,22,spc_hop,-2.280232946943532,74.85,,,d2-c1-n0.01-m22,2,1,0.01,22,,-5.205695579173026
colosseum,22,spc_diffusion_t5,-103.90193180212636,21.33,,,d2-c1-n0.01-m22,2,1,0.01,22,,-5.205695579173026
colosseum,22,laziness_knn_t5,-4.277741432189941,0.71,,,d2-c1-n0.01-m22,2,1,0.01,22,,-5.205695579173026
colosseum,22,laziness_adaptive_t5,-4.204721450805664,0.69,,,d2-c1-n0.01-m22,2,1,0.01,22,,-5.205695579173026
colosseum,22,successor_entropy,-2.586364959259828,0.03,866.4,,d2-c1-n0.01-m22,2,1,0.01,22,,-5.205695579173026
colosseum,22,successor_orc,0.9331671289597668,4.55,866.4,,d2-c1-n0.01-m22,2,1,0.01,22,,-5.205695579173026
colosseum,23,dc2,-0.3489212989807129,12.37,,,d2-c1-n0.01-m23,2,1,0.01,23,,-5.509673842034486
colosseum,23,dc_wasserstein_ollivier,0.1458657383918762,3.64,,,d2-c1-n0.01-m23,2,1,0.01,23,,-5.509673842034486
colosseum,23,dc_entropic_subtraction,-0.0874848365783691,2.85,,,d2-c1-n0.01-m23,2,1,0.01,23,,-5.509673842034486
colosseum,23,hickock,1.4492423447803442,58.08,,,d2-c1-n0.01-m23,2,1,0.01,23,,-5.509673842034486
colosseum,23,frc_weighted_adaptive,-5.57008215229758,0.81,,,d2-c1-n0.01-m23,2,1,0.01,23,,-5.509673842034486
colosseum,23,frc_unweighted_knn,1.8333333333333333,0.24,,,d2-c1-n0.01-m23,2,1,0.01,23,,-5.509673842034486
colosseum,23,orc,0.1075026335337832,7.18,,,d2-c1-n0.01-m23,2,1,0.01,23,,-5.509673842034486
colosseum,23,spc_hop,160.65817966811244,77.81,,,d2-c1-n0.01-m23,2,1,0.01,23,,-5.509673842034486
colosseum,23,spc_diffusion_t5,231.299142645991,21.62,,,d2-c1-n0.01-m23,2,1,0.01,23,,-5.509673842034486
colosseum,23,laziness_knn_t5,-4.026069641113281,0.74,,,d2-c1-n0.01-m23,2,1,0.01,23,,-5.509673842034486
colosseum,23,laziness_adaptive_t5,-3.9536654949188232,0.68,,,d2-c1-n0.01-m23,2,1,0.01,23,,-5.509673842034486
colosseum,23,successor_entropy,-2.622562270840009,0.04,866.06,,d2-c1-n0.01-m23,2,1,0.01,23,,-5.509673842034486
colosseum,23,successor_orc,0.9348402673018944,5.68,866.06,,d2-c1-n0.01-m23,2,1,0.01,23,,-5.509673842034486
colosseum,24,dc2,-0.496225357055664,11.89,,,d2-c1-n0.01-m24,2,1,0.01,24,,3.586326739883466
colosseum,24,dc_wasserstein_ollivier,0.2687083482742309,3.6,,,d2-c1-n0.01-m24,2,1,0.01,24,,3.586326739883466
colosseum,24,dc_entropic_subtraction,0.1090836524963378,2.82,,,d2-c1-n0.01-m24,2,1,0.01,24,,3.586326739883466
colosseum,24,hickock,1.973429022463096,51.97,,,d2-c1-n0.01-m24,2,1,0.01,24,,3.586326739883466
colosseum,24,frc_weighted_adaptive,-13.17763249371226,0.78,,,d2-c1-n0.01-m24,2,1,0.01,24,,3.586326739883466
colosseum,24,frc_unweighted_knn,-1.7142857142857142,0.24,,,d2-c1-n0.01-m24,2,1,0.01,24,,3.586326739883466
colosseum,24,orc,0.0674582742737098,6.47,,,d2-c1-n0.01-m24,2,1,0.01,24,,3.586326739883466
colosseum,24,spc_hop,178.76821310742434,62.22,,,d2-c1-n0.01-m24,2,1,0.01,24,,3.586326739883466
colosseum,24,spc_diffusion_t5,211.75300087014045,18.91,,,d2-c1-n0.01-m24,2,1,0.01,24,,3.586326739883466
colosseum,24,laziness_knn_t5,-3.955841064453125,0.72,,,d2-c1-n0.01-m24,2,1,0.01,24,,3.586326739883466
colosseum,24,laziness_adaptive_t5,-3.9026691913604736,0.65,,,d2-c1-n0.01-m24,2,1,0.01,24,,3.586326739883466
colosseum,24,successor_entropy,-2.5503635210990905,0.03,816.91,,d2-c1-n0.01-m24,2,1,0.01,24,,3.586326739883466
colosseum,24,successor_orc,0.9288385792409888,4.59,816.91,,d2-c1-n0.01-m24,2,1,0.01,24,,3.586326739883466
colosseum,25,dc2,-0.0232143402099609,11.92,,,d2-c1-n0.01-m25,2,1,0.01,25,,-10.398827384911735
colosseum,25,dc_wasserstein_ollivier,0.11701500415802,3.53,,,d2-c1-n0.01-m25,2,1,0.01,25,,-10.398827384911735
colosseum,25,dc_entropic_subtraction,-0.2104535102844238,2.78,,,d2-c1-n0.01-m25,2,1,0.01,25,,-10.398827384911735
colosseum,25,hickock,0.9322812095232624,50.5,,,d2-c1-n0.01-m25,2,1,0.01,25,,-10.398827384911735
colosseum,25,frc_weighted_adaptive,-9.610033524178151,0.79,,,d2-c1-n0.01-m25,2,1,0.01,25,,-10.398827384911735
colosseum,25,frc_unweighted_knn,-1.818181818181818,0.24,,,d2-c1-n0.01-m25,2,1,0.01,25,,-10.398827384911735
colosseum,25,orc,0.027064666671306,6.49,,,d2-c1-n0.01-m25,2,1,0.01,25,,-10.398827384911735
colosseum,25,spc_hop,113.91233225213588,63.41,,,d2-c1-n0.01-m25,2,1,0.01,25,,-10.398827384911735
colosseum,25,spc_diffusion_t5,0.9914584483307528,18.77,,,d2-c1-n0.01-m25,2,1,0.01,25,,-10.398827384911735
colosseum,25,laziness_knn_t5,-4.161577224731445,0.73,,,d2-c1-n0.01-m25,2,1,0.01,25,,-10.398827384911735
colosseum,25,laziness_adaptive_t5,-4.102595329284668,0.67,,,d2-c1-n0.01-m25,2,1,0.01,25,,-10.398827384911735
colosseum,25,successor_entropy,-2.552168317635854,0.04,819.0,,d2-c1-n0.01-m25,2,1,0.01,25,,-10.398827384911735
colosseum,25,successor_orc,0.9349892376588084,4.51,819.0,,d2-c1-n0.01-m25,2,1,0.01,25,,-10.398827384911735
colosseum,26,dc2,0.2944526672363281,12.04,,,d2-c1-n0.01-m26,2,1,0.01,26,,5.901740896716933
colosseum,26,dc_wasserstein_ollivier,0.2629878520965576,3.21,,,d2-c1-n0.01-m26,2,1,0.01,26,,5.901740896716933
colosseum,26,dc_entropic_subtraction,-0.1444573402404785,3.09,,,d2-c1-n0.01-m26,2,1,0.01,26,,5.901740896716933
colosseum,26,hickock,1.889158178391773,45.98,,,d2-c1-n0.01-m26,2,1,0.01,26,,5.901740896716933
colosseum,26,frc_weighted_adaptive,-36.86779972280094,0.79,,,d2-c1-n0.01-m26,2,1,0.01,26,,5.901740896716933
colosseum,26,frc_unweighted_knn,-5.0,0.24,,,d2-c1-n0.01-m26,2,1,0.01,26,,5.901740896716933
colosseum,26,orc,-0.0771387599354757,6.42,,,d2-c1-n0.01-m26,2,1,0.01,26,,5.901740896716933
colosseum,26,spc_hop,-3532.015653139384,61.18,,,d2-c1-n0.01-m26,2,1,0.01,26,,5.901740896716933
colosseum,26,spc_diffusion_t5,-2.2274173769282903,18.79,,,d2-c1-n0.01-m26,2,1,0.01,26,,5.901740896716933
colosseum,26,laziness_knn_t5,-4.407983779907227,0.72,,,d2-c1-n0.01-m26,2,1,0.01,26,,5.901740896716933
colosseum,26,laziness_adaptive_t5,-4.338006973266602,0.67,,,d2-c1-n0.01-m26,2,1,0.01,26,,5.901740896716933
colosseum,26,successor_entropy,-2.47219306631883,0.04,814.66,,d2-c1-n0.01-m26,2,1,0.01,26,,5.901740896716933
colosseum,26,successor_orc,0.9277567953989884,4.5,814.66,,d2-c1-n0.01-m26,2,1,0.01,26,,5.901740896716933
colosseum,27,dc2,-0.5856351852416992,11.8,,,d2-c1-n0.01-m27,2,1,0.01,27,,1.8013854320250848
colosseum,27,dc_wasserstein_ollivier,0.2505912184715271,3.16,,,d2-c1-n0.01-m27,2,1,0.01,27,,1.8013854320250848
colosseum,27,dc_entropic_subtraction,-0.1401596069335937,2.96,,,d2-c1-n0.01-m27,2,1,0.01,27,,1.8013854320250848
colosseum,27,hickock,1.88874802157142,41.06,,,d2-c1-n0.01-m27,2,1,0.01,27,,1.8013854320250848
colosseum,27,frc_weighted_adaptive,-11.577733637515893,0.76,,,d2-c1-n0.01-m27,2,1,0.01,27,,1.8013854320250848
colosseum,27,frc_unweighted_knn,1.4,0.24,,,d2-c1-n0.01-m27,2,1,0.01,27,,1.8013854320250848
colosseum,27,orc,0.1187651210694777,6.7,,,d2-c1-n0.01-m27,2,1,0.01,27,,1.8013854320250848
colosseum,27,spc_hop,-1097.7731741813427,64.29,,,d2-c1-n0.01-m27,2,1,0.01,27,,1.8013854320250848
colosseum,27,spc_diffusion_t5,550.8186288489295,19.66,,,d2-c1-n0.01-m27,2,1,0.01,27,,1.8013854320250848
colosseum,27,laziness_knn_t5,-4.12984037399292,0.75,,,d2-c1-n0.01-m27,2,1,0.01,27,,1.8013854320250848
colosseum,27,laziness_adaptive_t5,-4.04258918762207,0.79,,,d2-c1-n0.01-m27,2,1,0.01,27,,1.8013854320250848
colosseum,27,successor_entropy,-2.5018830356995263,0.05,835.52,,d2-c1-n0.01-m27,2,1,0.01,27,,1.8013854320250848
colosseum,27,successor_orc,0.9356044934868912,4.63,835.52,,d2-c1-n0.01-m27,2,1,0.01,27,,1.8013854320250848
colosseum,28,dc2,-0.098846435546875,11.98,,,d2-c1-n0.01-m28,2,1,0.01,28,,2.9987430315802146
colosseum,28,dc_wasserstein_ollivier,0.2496678829193115,3.27,,,d2-c1-n0.01-m28,2,1,0.01,28,,2.9987430315802146
colosseum,28,dc_entropic_subtraction,-0.0626745223999023,3.07,,,d2-c1-n0.01-m28,2,1,0.01,28,,2.9987430315802146
colosseum,28,hickock,2.0584678502401266,46.89,,,d2-c1-n0.01-m28,2,1,0.01,28,,2.9987430315802146
colosseum,28,frc_weighted_adaptive,-19.47197338179801,0.78,,,d2-c1-n0.01-m28,2,1,0.01,28,,2.9987430315802146
colosseum,28,frc_unweighted_knn,-2.6875,0.24,,,d2-c1-n0.01-m28,2,1,0.01,28,,2.9987430315802146
colosseum,28,orc,-0.0137255212304041,6.95,,,d2-c1-n0.01-m28,2,1,0.01,28,,2.9987430315802146
colosseum,28,spc_hop,77.18216062239094,54.29,,,d2-c1-n0.01-m28,2,1,0.01,28,,2.9987430315802146
colosseum,28,spc_diffusion_t5,-432.2944598046612,19.51,,,d2-c1-n0.01-m28,2,1,0.01,28,,2.9987430315802146
colosseum,28,laziness_knn_t5,-4.002969741821289,0.7,,,d2-c1-n0.01-m28,2,1,0.01,28,,2.9987430315802146
colosseum,28,laziness_adaptive_t5,-3.924395084381104,0.65,,,d2-c1-n0.01-m28,2,1,0.01,28,,2.9987430315802146
colosseum,0,dc2,-0.2812907695770263,15.05,,,d2-c1-n0.05-m0,2,1,0.05,0,,20.718578521203963
colosseum,0,dc_wasserstein_ollivier,0.4113612174987793,4.95,,,d2-c1-n0.05-m0,2,1,0.05,0,,20.718578521203963
colosseum,0,dc_entropic_subtraction,0.2559986114501953,3.85,,,d2-c1-n0.05-m0,2,1,0.05,0,,20.718578521203963
colosseum,0,hickock,1.1975429583156847,49.69,,,d2-c1-n0.05-m0,2,1,0.05,0,,20.718578521203963
colosseum,0,frc_weighted_adaptive,-49.88309803516796,0.83,,,d2-c1-n0.05-m0,2,1,0.05,0,,20.718578521203963
colosseum,0,frc_unweighted_knn,-5.0,0.26,,,d2-c1-n0.05-m0,2,1,0.05,0,,20.718578521203963
colosseum,0,orc,0.0048966238130901,7.61,,,d2-c1-n0.05-m0,2,1,0.05,0,,20.718578521203963
colosseum,0,spc_hop,165.1912145885563,86.22,,,d2-c1-n0.05-m0,2,1,0.05,0,,20.718578521203963
colosseum,0,spc_diffusion_t5,42.43747966741253,23.4,,,d2-c1-n0.05-m0,2,1,0.05,0,,20.718578521203963
colosseum,0,laziness_knn_t5,-4.234540939331055,1.01,,,d2-c1-n0.05-m0,2,1,0.05,0,,20.718578521203963
colosseum,0,laziness_adaptive_t5,-4.203221797943115,0.75,,,d2-c1-n0.05-m0,2,1,0.05,0,,20.718578521203963
colosseum,0,successor_entropy,-2.589403517961502,0.05,1003.9,,d2-c1-n0.05-m0,2,1,0.05,0,,20.718578521203963
colosseum,0,successor_orc,0.9341822244021548,8.37,1003.9,,d2-c1-n0.05-m0,2,1,0.05,0,,20.718578521203963
colosseum,1,dc2,-1.2954645156860352,13.97,,,d2-c1-n0.05-m1,2,1,0.05,1,,-0.0116362338057273
colosseum,1,dc_wasserstein_ollivier,0.1090641021728515,3.86,,,d2-c1-n0.05-m1,2,1,0.05,1,,-0.0116362338057273
colosseum,1,dc_entropic_subtraction,-0.2292766571044922,2.88,,,d2-c1-n0.05-m1,2,1,0.05,1,,-0.0116362338057273
colosseum,1,hickock,-1.8077455439010333,52.8,,,d2-c1-n0.05-m1,2,1,0.05,1,,-0.0116362338057273
colosseum,1,frc_weighted_adaptive,-78.70187641708436,0.84,,,d2-c1-n0.05-m1,2,1,0.05,1,,-0.0116362338057273
colosseum,1,frc_unweighted_knn,-4.25,0.28,,,d2-c1-n0.05-m1,2,1,0.05,1,,-0.0116362338057273
colosseum,1,orc,-0.0040944864207379,7.25,,,d2-c1-n0.05-m1,2,1,0.05,1,,-0.0116362338057273
colosseum,1,spc_hop,-150.3147055026244,89.07,,,d2-c1-n0.05-m1,2,1,0.05,1,,-0.0116362338057273
colosseum,1,spc_diffusion_t5,213.36482430611653,21.81,,,d2-c1-n0.05-m1,2,1,0.05,1,,-0.0116362338057273
colosseum,1,laziness_knn_t5,-4.546356201171875,0.83,,,d2-c1-n0.05-m1,2,1,0.05,1,,-0.0116362338057273
colosseum,1,laziness_adaptive_t5,-4.500096321105957,0.73,,,d2-c1-n0.05-m1,2,1,0.05,1,,-0.0116362338057273
colosseum,1,successor_entropy,-2.5204801823894183,0.05,944.13,,d2-c1-n0.05-m1,2,1,0.05,1,,-0.0116362338057273
colosseum,1,successor_orc,0.9406723839384216,7.94,944.13,,d2-c1-n0.05-m1,2,1,0.05,1,,-0.0116362338057273
colosseum,2,dc2,-0.9944438934326172,12.23,,,d2-c1-n0.05-m2,2,1,0.05,2,,-5.253799154269197
colosseum,2,dc_wasserstein_ollivier,0.1331796646118164,3.98,,,d2-c1-n0.05-m2,2,1,0.05,2,,-5.253799154269197
colosseum,2,dc_entropic_subtraction,-0.2722334861755371,3.23,,,d2-c1-n0.05-m2,2,1,0.05,2,,-5.253799154269197
colosseum,2,hickock,-0.7997036129872743,52.93,,,d2-c1-n0.05-m2,2,1,0.05,2,,-5.253799154269197
colosseum,2,frc_weighted_adaptive,-16.51228167944431,0.83,,,d2-c1-n0.05-m2,2,1,0.05,2,,-5.253799154269197
colosseum,2,frc_unweighted_knn,-3.117647058823529,0.26,,,d2-c1-n0.05-m2,2,1,0.05,2,,-5.253799154269197
colosseum,2,orc,0.0417517013575737,7.67,,,d2-c1-n0.05-m2,2,1,0.05,2,,-5.253799154269197
colosseum,2,spc_hop,75.24652562893904,64.9,,,d2-c1-n0.05-m2,2,1,0.05,2,,-5.253799154269197
colosseum,2,spc_diffusion_t5,45.43587064326191,20.44,,,d2-c1-n0.05-m2,2,1,0.05,2,,-5.253799154269197
colosseum,2,laziness_knn_t5,-4.262668609619141,0.74,,,d2-c1-n0.05-m2,2,1,0.05,2,,-5.253799154269197
colosseum,2,laziness_adaptive_t5,-4.239449501037598,0.7,,,d2-c1-n0.05-m2,2,1,0.05,2,,-5.253799154269197
colosseum,2,successor_entropy,-2.653985902309418,0.05,962.28,,d2-c1-n0.05-m2,2,1,0.05,2,,-5.253799154269197
colosseum,2,successor_orc,0.9371634124197752,5.72,962.28,,d2-c1-n0.05-m2,2,1,0.05,2,,-5.253799154269197
colosseum,3,dc2,-0.4119496345520019,13.13,,,d2-c1-n0.05-m3,2,1,0.05,3,,25.42149213499973
colosseum,3,dc_wasserstein_ollivier,0.4429810047149658,4.1,,,d2-c1-n0.05-m3,2,1,0.05,3,,25.42149213499973
colosseum,3,dc_entropic_subtraction,0.1304712295532226,3.36,,,d2-c1-n0.05-m3,2,1,0.05,3,,25.42149213499973
colosseum,3,hickock,2.47801934555282,55.62,,,d2-c1-n0.05-m3,2,1,0.05,3,,25.42149213499973
colosseum,3,frc_weighted_adaptive,-28.14957133343049,0.9,,,d2-c1-n0.05-m3,2,1,0.05,3,,25.42149213499973
colosseum,3,frc_unweighted_knn,-3.5,0.31,,,d2-c1-n0.05-m3,2,1,0.05,3,,25.42149213499973
colosseum,3,orc,0.1034248457365752,7.58,,,d2-c1-n0.05-m3,2,1,0.05,3,,25.42149213499973
colosseum,3,spc_hop,-13.508377719667209,64.93,,,d2-c1-n0.05-m3,2,1,0.05,3,,25.42149213499973
colosseum,3,spc_diffusion_t5,-194.89029812141624,20.42,,,d2-c1-n0.05-m3,2,1,0.05,3,,25.42149213499973
colosseum,3,laziness_knn_t5,-4.332056522369385,0.79,,,d2-c1-n0.05-m3,2,1,0.05,3,,25.42149213499973
colosseum,3,laziness_adaptive_t5,-4.32124137878418,0.74,,,d2-c1-n0.05-m3,2,1,0.05,3,,25.42149213499973
colosseum,3,successor_entropy,-2.536451025992632,0.05,995.5,,d2-c1-n0.05-m3,2,1,0.05,3,,25.42149213499973
colosseum,3,successor_orc,0.934230956300309,6.05,995.5,,d2-c1-n0.05-m3,2,1,0.05,3,,25.42149213499973
colosseum,4,dc2,0.480259895324707,13.15,,,d2-c1-n0.05-m4,2,1,0.05,4,,-2.6643373390384406
colosseum,4,dc_wasserstein_ollivier,0.1845373511314392,4.11,,,d2-c1-n0.05-m4,2,1,0.05,4,,-2.6643373390384406
colosseum,4,dc_entropic_subtraction,-0.1767425537109375,3.13,,,d2-c1-n0.05-m4,2,1,0.05,4,,-2.6643373390384406
colosseum,4,hickock,0.2724372182086871,52.75,,,d2-c1-n0.05-m4,2,1,0.05,4,,-2.6643373390384406
colosseum,4,frc_weighted_adaptive,-24.507822855293597,0.83,,,d2-c1-n0.05-m4,2,1,0.05,4,,-2.6643373390384406
colosseum,4,frc_unweighted_knn,-0.5,0.27,,,d2-c1-n0.05-m4,2,1,0.05,4,,-2.6643373390384406
colosseum,4,orc,0.2860221730523342,7.57,,,d2-c1-n0.05-m4,2,1,0.05,4,,-2.6643373390384406
colosseum,4,spc_hop,23.91715466148219,70.63,,,d2-c1-n0.05-m4,2,1,0.05,4,,-2.6643373390384406
colosseum,4,spc_diffusion_t5,855.1968638407619,23.1,,,d2-c1-n0.05-m4,2,1,0.05,4,,-2.6643373390384406
colosseum,4,laziness_knn_t5,-4.301678657531738,0.79,,,d2-c1-n0.05-m4,2,1,0.05,4,,-2.6643373390384406
colosseum,4,laziness_adaptive_t5,-4.194505214691162,0.75,,,d2-c1-n0.05-m4,2,1,0.05,4,,-2.6643373390384406
colosseum,4,successor_entropy,-2.643780892789364,0.05,1006.6,,d2-c1-n0.05-m4,2,1,0.05,4,,-2.6643373390384406
colosseum,4,successor_orc,0.9361857144755636,8.01,1006.6,,d2-c1-n0.05-m4,2,1,0.05,4,,-2.6643373390384406
colosseum,5,dc2,-0.4975996017456054,12.91,,,d2-c1-n0.05-m5,2,1,0.05,5,,-6.464759627041063
colosseum,5,dc_wasserstein_ollivier,0.1546922922134399,4.29,,,d2-c1-n0.05-m5,2,1,0.05,5,,-6.464759627041063
colosseum,5,dc_entropic_subtraction,-0.0954933166503906,2.98,,,d2-c1-n0.05-m5,2,1,0.05,5,,-6.464759627041063
colosseum,5,hickock,-0.610101596888633,49.74,,,d2-c1-n0.05-m5,2,1,0.05,5,,-6.464759627041063
colosseum,5,frc_weighted_adaptive,-53.19643180278717,0.91,,,d2-c1-n0.05-m5,2,1,0.05,5,,-6.464759627041063
colosseum,5,frc_unweighted_knn,-4.2,0.32,,,d2-c1-n0.05-m5,2,1,0.05,5,,-6.464759627041063
colosseum,5,orc,0.0229884087157771,7.86,,,d2-c1-n0.05-m5,2,1,0.05,5,,-6.464759627041063
colosseum,5,spc_hop,146.28328465644296,73.38,,,d2-c1-n0.05-m5,2,1,0.05,5,,-6.464759627041063
colosseum,5,spc_diffusion_t5,-65.68567087244185,20.85,,,d2-c1-n0.05-m5,2,1,0.05,5,,-6.464759627041063
colosseum,5,laziness_knn_t5,-4.471856117248535,0.81,,,d2-c1-n0.05-m5,2,1,0.05,5,,-6.464759627041063
colosseum,5,laziness_adaptive_t5,-4.3938751220703125,0.76,,,d2-c1-n0.05-m5,2,1,0.05,5,,-6.464759627041063
colosseum,5,successor_entropy,-2.583274277806282,0.04,1004.86,,d2-c1-n0.05-m5,2,1,0.05,5,,-6.464759627041063
colosseum,5,successor_orc,0.9398168883330554,7.53,1004.86,,d2-c1-n0.05-m5,2,1,0.05,5,,-6.464759627041063
colosseum,6,dc2,-1.495361566543579,12.76,,,d2-c1-n0.05-m6,2,1,0.05,6,,-0.619475408336472
colosseum,6,dc_wasserstein_ollivier,0.2243028879165649,3.67,,,d2-c1-n0.05-m6,2,1,0.05,6,,-0.619475408336472
colosseum,6,dc_entropic_subtraction,-0.1368045806884765,2.85,,,d2-c1-n0.05-m6,2,1,0.05,6,,-0.619475408336472
colosseum,6,hickock,-0.212829622084029,50.89,,,d2-c1-n0.05-m6,2,1,0.05,6,,-0.619475408336472
colosseum,6,frc_weighted_adaptive,-32.98095323665363,0.83,,,d2-c1-n0.05-m6,2,1,0.05,6,,-0.619475408336472
colosseum,6,frc_unweighted_knn,-5.6,0.27,,,d2-c1-n0.05-m6,2,1,0.05,6,,-0.619475408336472
colosseum,6,orc,0.0705378658375452,7.81,,,d2-c1-n0.05-m6,2,1,0.05,6,,-0.619475408336472
colosseum,6,spc_hop,-206.40644086928063,64.68,,,d2-c1-n0.05-m6,2,1,0.05,6,,-0.619475408336472
colosseum,6,spc_diffusion_t5,297.6898828964643,21.34,,,d2-c1-n0.05-m6,2,1,0.05,6,,-0.619475408336472
colosseum,6,laziness_knn_t5,-4.401216506958008,0.73,,,d2-c1-n0.05-m6,2,1,0.05,6,,-0.619475408336472
colosseum,6,laziness_adaptive_t5,-4.370724201202393,0.68,,,d2-c1-n0.05-m6,2,1,0.05,6,,-0.619475408336472
colosseum,6,successor_entropy,-2.5905392012993493,0.05,936.31,,d2-c1-n0.05-m6,2,1,0.05,6,,-0.619475408336472
colosseum,6,successor_orc,0.9404755505333954,6.11,936.31,,d2-c1-n0.05-m6,2,1,0.05,6,,-0.619475408336472
colosseum,7,dc2,-1.24609637260437,12.25,,,d2-c1-n0.05-m7,2,1,0.05,7,,-0.3223061905156283
colosseum,7,dc_wasserstein_ollivier,0.2727579474449157,3.76,,,d2-c1-n0.05-m7,2,1,0.05,7,,-0.3223061905156283
colosseum,7,dc_entropic_subtraction,-0.0041804313659667,2.86,,,d2-c1-n0.05-m7,2,1,0.05,7,,-0.3223061905156283
colosseum,7,hickock,-0.0360107196693361,53.13,,,d2-c1-n0.05-m7,2,1,0.05,7,,-0.3223061905156283
colosseum,7,frc_weighted_adaptive,-24.22210197017348,0.86,,,d2-c1-n0.05-m7,2,1,0.05,7,,-0.3223061905156283
colosseum,7,frc_unweighted_knn,-4.071428571428571,0.56,,,d2-c1-n0.05-m7,2,1,0.05,7,,-0.3223061905156283
colosseum,7,orc,-0.0137972185357364,7.47,,,d2-c1-n0.05-m7,2,1,0.05,7,,-0.3223061905156283
colosseum,7,spc_hop,-195.8914825717325,72.75,,,d2-c1-n0.05-m7,2,1,0.05,7,,-0.3223061905156283
colosseum,7,spc_diffusion_t5,-247.7617894266738,21.62,,,d2-c1-n0.05-m7,2,1,0.05,7,,-0.3223061905156283
colosseum,7,laziness_knn_t5,-4.275660514831543,0.72,,,d2-c1-n0.05-m7,2,1,0.05,7,,-0.3223061905156283
colosseum,7,laziness_adaptive_t5,-4.225754261016846,0.66,,,d2-c1-n0.05-m7,2,1,0.05,7,,-0.3223061905156283
colosseum,7,successor_entropy,-2.590043637464444,0.05,949.67,,d2-c1-n0.05-m7,2,1,0.05,7,,-0.3223061905156283
colosseum,7,successor_orc,0.9395919130343012,9.48,949.67,,d2-c1-n0.05-m7,2,1,0.05,7,,-0.3223061905156283
colosseum,8,dc2,-0.8315467834472656,13.09,,,d2-c1-n0.05-m8,2,1,0.05,8,,5.67357135755095
colosseum,8,dc_wasserstein_ollivier,0.2870927453041076,3.58,,,d2-c1-n0.05-m8,2,1,0.05,8,,5.67357135755095
colosseum,8,dc_entropic_subtraction,0.0340652465820312,2.95,,,d2-c1-n0.05-m8,2,1,0.05,8,,5.67357135755095
colosseum,8,hickock,-0.3830822486712952,52.74,,,d2-c1-n0.05-m8,2,1,0.05,8,,5.67357135755095
colosseum,8,frc_weighted_adaptive,-28.146331287733897,0.82,,,d2-c1-n0.05-m8,2,1,0.05,8,,5.67357135755095
colosseum,8,frc_unweighted_knn,1.5833333333333333,0.56,,,d2-c1-n0.05-m8,2,1,0.05,8,,5.67357135755095
colosseum,8,orc,0.1459349832544566,7.39,,,d2-c1-n0.05-m8,2,1,0.05,8,,5.67357135755095
colosseum,8,spc_hop,711.9473779872515,69.61,,,d2-c1-n0.05-m8,2,1,0.05,8,,5.67357135755095
colosseum,8,spc_diffusion_t5,-990.4446993863633,23.47,,,d2-c1-n0.05-m8,2,1,0.05,8,,5.67357135755095
colosseum,8,laziness_knn_t5,-3.889390707015991,0.75,,,d2-c1-n0.05-m8,2,1,0.05,8,,5.67357135755095
colosseum,8,laziness_adaptive_t5,-3.797395944595337,0.67,,,d2-c1-n0.05-m8,2,1,0.05,8,,5.67357135755095
colosseum,8,successor_entropy,-2.5424666322668394,0.05,947.39,,d2-c1-n0.05-m8,2,1,0.05,8,,5.67357135755095
colosseum,8,successor_orc,0.9360131839030096,6.36,947.39,,d2-c1-n0.05-m8,2,1,0.05,8,,5.67357135755095
colosseum,9,dc2,-0.945460557937622,12.12,,,d2-c1-n0.05-m9,2,1,0.05,9,,6.004040776762736
colosseum,9,dc_wasserstein_ollivier,0.2951781153678894,3.76,,,d2-c1-n0.05-m9,2,1,0.05,9,,6.004040776762736
colosseum,9,dc_entropic_subtraction,-0.0403022766113281,2.83,,,d2-c1-n0.05-m9,2,1,0.05,9,,6.004040776762736
colosseum,9,hickock,-0.0247136344883031,49.12,,,d2-c1-n0.05-m9,2,1,0.05,9,,6.004040776762736
colosseum,9,frc_weighted_adaptive,-33.46682660513475,1.2,,,d2-c1-n0.05-m9,2,1,0.05,9,,6.004040776762736
colosseum,9,frc_unweighted_knn,-0.1818181818181818,0.3,,,d2-c1-n0.05-m9,2,1,0.05,9,,6.004040776762736
colosseum,9,orc,0.1016558387134933,7.81,,,d2-c1-n0.05-m9,2,1,0.05,9,,6.004040776762736
colosseum,9,spc_hop,-107.0332564079851,69.84,,,d2-c1-n0.05-m9,2,1,0.05,9,,6.004040776762736
colosseum,9,spc_diffusion_t5,-571.909546634255,22.83,,,d2-c1-n0.05-m9,2,1,0.05,9,,6.004040776762736
colosseum,9,laziness_knn_t5,-4.015890598297119,0.76,,,d2-c1-n0.05-m9,2,1,0.05,9,,6.004040776762736
colosseum,9,laziness_adaptive_t5,-3.923875331878662,0.66,,,d2-c1-n0.05-m9,2,1,0.05,9,,6.004040776762736
colosseum,9,successor_entropy,-2.5782245378891626,0.04,930.03,,d2-c1-n0.05-m9,2,1,0.05,9,,6.004040776762736
colosseum,9,successor_orc,0.936901034157146,5.92,930.03,,d2-c1-n0.05-m9,2,1,0.05,9,,6.004040776762736
colosseum,10,dc2,-0.90183424949646,12.37,,,d2-c1-n0.05-m10,2,1,0.05,10,,1.1028164948742647
colosseum,10,dc_wasserstein_ollivier,0.3172081708908081,3.71,,,d2-c1-n0.05-m10,2,1,0.05,10,,1.1028164948742647
colosseum,10,dc_entropic_subtraction,-0.0752248764038086,2.93,,,d2-c1-n0.05-m10,2,1,0.05,10,,1.1028164948742647
colosseum,10,hickock,-0.7777286403122231,50.58,,,d2-c1-n0.05-m10,2,1,0.05,10,,1.1028164948742647
colosseum,10,frc_weighted_adaptive,-69.01926656780621,0.83,,,d2-c1-n0.05-m10,2,1,0.05,10,,1.1028164948742647
colosseum,10,frc_unweighted_knn,-3.230769230769231,0.57,,,d2-c1-n0.05-m10,2,1,0.05,10,,1.1028164948742647
colosseum,10,orc,0.0572157474792747,7.38,,,d2-c1-n0.05-m10,2,1,0.05,10,,1.1028164948742647
colosseum,10,spc_hop,231.9785023279533,66.8,,,d2-c1-n0.05-m10,2,1,0.05,10,,1.1028164948742647
colosseum,10,spc_diffusion_t5,-570.8434678290391,20.91,,,d2-c1-n0.05-m10,2,1,0.05,10,,1.1028164948742647
colosseum,10,laziness_knn_t5,-4.210880279541016,0.72,,,d2-c1-n0.05-m10,2,1,0.05,10,,1.1028164948742647
colosseum,10,laziness_adaptive_t5,-4.172243118286133,0.66,,,d2-c1-n0.05-m10,2,1,0.05,10,,1.1028164948742647
colosseum,10,successor_entropy,-2.561817609886329,0.04,945.93,,d2-c1-n0.05-m10,2,1,0.05,10,,1.1028164948742647
colosseum,10,successor_orc,0.9374707788916598,6.13,945.93,,d2-c1-n0.05-m10,2,1,0.05,10,,1.1028164948742647
colosseum,11,dc2,-0.642941951751709,13.6,,,d2-c1-n0.05-m11,2,1,0.05,11,,-6.187876969280762
colosseum,11,dc_wasserstein_ollivier,0.1633809208869934,3.62,,,d2-c1-n0.05-m11,2,1,0.05,11,,-6.187876969280762
colosseum,11,dc_entropic_subtraction,0.059727668762207,2.9,,,d2-c1-n0.05-m11,2,1,0.05,11,,-6.187876969280762
colosseum,11,hickock,-1.2258724755112818,52.63,,,d2-c1-n0.05-m11,2,1,0.05,11,,-6.187876969280762
colosseum,11,frc_weighted_adaptive,-23.421146337019938,0.89,,,d2-c1-n0.05-m11,2,1,0.05,11,,-6.187876969280762
colosseum,11,frc_unweighted_knn,-2.923076923076923,0.63,,,d2-c1-n0.05-m11,2,1,0.05,11,,-6.187876969280762
colosseum,11,orc,0.0076281578738228,7.99,,,d2-c1-n0.05-m11,2,1,0.05,11,,-6.187876969280762
colosseum,11,spc_hop,1.786680767816973,63.94,,,d2-c1-n0.05-m11,2,1,0.05,11,,-6.187876969280762
colosseum,11,spc_diffusion_t5,-14.431366962347992,20.98,,,d2-c1-n0.05-m11,2,1,0.05,11,,-6.187876969280762
colosseum,11,laziness_knn_t5,-4.374701499938965,0.8,,,d2-c1-n0.05-m11,2,1,0.05,11,,-6.187876969280762
colosseum,11,laziness_adaptive_t5,-4.333803176879883,0.67,,,d2-c1-n0.05-m11,2,1,0.05,11,,-6.187876969280762
colosseum,11,successor_entropy,-2.6124253257711727,0.05,971.31,,d2-c1-n0.05-m11,2,1,0.05,11,,-6.187876969280762
colosseum,11,successor_orc,0.9343520791276954,8.01,971.31,,d2-c1-n0.05-m11,2,1,0.05,11,,-6.187876969280762
colosseum,12,dc2,-0.9460904598236084,13.74,,,d2-c1-n0.05-m12,2,1,0.05,12,,6.8023853794026925
colosseum,12,dc_wasserstein_ollivier,0.3008910417556762,3.88,,,d2-c1-n0.05-m12,2,1,0.05,12,,6.8023853794026925
colosseum,12,dc_entropic_subtraction,0.2532391548156738,3.05,,,d2-c1-n0.05-m12,2,1,0.05,12,,6.8023853794026925
colosseum,12,hickock,0.317641553544972,52.19,,,d2-c1-n0.05-m12,2,1,0.05,12,,6.8023853794026925
colosseum,12,frc_weighted_adaptive,-9.84544170387804,0.89,,,d2-c1-n0.05-m12,2,1,0.05,12,,6.8023853794026925
colosseum,12,frc_unweighted_knn,0.1818181818181818,0.63,,,d2-c1-n0.05-m12,2,1,0.05,12,,6.8023853794026925
colosseum,12,orc,0.1730781534270597,7.88,,,d2-c1-n0.05-m12,2,1,0.05,12,,6.8023853794026925
colosseum,12,spc_hop,54.686245854177066,63.23,,,d2-c1-n0.05-m12,2,1,0.05,12,,6.8023853794026925
colosseum,12,spc_diffusion_t5,842.3893648578218,21.06,,,d2-c1-n0.05-m12,2,1,0.05,12,,6.8023853794026925
colosseum,12,laziness_knn_t5,-4.171241760253906,0.94,,,d2-c1-n0.05-m12,2,1,0.05,12,,6.8023853794026925
colosseum,12,laziness_adaptive_t5,-4.125873565673828,0.76,,,d2-c1-n0.05-m12,2,1,0.05,12,,6.8023853794026925
colosseum,12,successor_entropy,-2.5741586833198866,0.05,982.27,,d2-c1-n0.05-m12,2,1,0.05,12,,6.8023853794026925
colosseum,12,successor_orc,0.9388322542859532,5.14,982.27,,d2-c1-n0.05-m12,2,1,0.05,12,,6.8023853794026925
colosseum,13,dc2,-0.537987232208252,12.42,,,d2-c1-n0.05-m13,2,1,0.05,13,,-0.7365202962203907
colosseum,13,dc_wasserstein_ollivier,0.2420149445533752,3.79,,,d2-c1-n0.05-m13,2,1,0.05,13,,-0.7365202962203907
colosseum,13,dc_entropic_subtraction,-0.0754895210266113,2.81,,,d2-c1-n0.05-m13,2,1,0.05,13,,-0.7365202962203907
colosseum,13,hickock,-0.1309703509082752,54.95,,,d2-c1-n0.05-m13,2,1,0.05,13,,-0.7365202962203907
colosseum,13,frc_weighted_adaptive,-19.39617446494253,1.28,,,d2-c1-n0.05-m13,2,1,0.05,13,,-0.7365202962203907
colosseum,13,frc_unweighted_knn,-4.0,0.31,,,d2-c1-n0.05-m13,2,1,0.05,13,,-0.7365202962203907
colosseum,13,orc,-0.0119560024382869,7.2,,,d2-c1-n0.05-m13,2,1,0.05,13,,-0.7365202962203907
colosseum,13,spc_hop,-666.0307081706484,65.65,,,d2-c1-n0.05-m13,2,1,0.05,13,,-0.7365202962203907
colosseum,13,spc_diffusion_t5,-318.19769480357064,21.85,,,d2-c1-n0.05-m13,2,1,0.05,13,,-0.7365202962203907
colosseum,13,laziness_knn_t5,-4.281120777130127,0.72,,,d2-c1-n0.05-m13,2,1,0.05,13,,-0.7365202962203907
colosseum,13,laziness_adaptive_t5,-4.221835613250732,0.66,,,d2-c1-n0.05-m13,2,1,0.05,13,,-0.7365202962203907
colosseum,13,successor_entropy,-2.60169005493323,0.05,974.75,,d2-c1-n0.05-m13,2,1,0.05,13,,-0.7365202962203907
colosseum,13,successor_orc,0.935829042226831,9.25,974.75,,d2-c1-n0.05-m13,2,1,0.05,13,,-0.7365202962203907
colosseum,14,dc2,-0.7238638401031494,12.44,,,d2-c1-n0.05-m14,2,1,0.05,14,,-0.7148752571146711
colosseum,14,dc_wasserstein_ollivier,0.1437668800354004,3.84,,,d2-c1-n0.05-m14,2,1,0.05,14,,-0.7148752571146711
colosseum,14,dc_entropic_subtraction,-0.2528944015502929,2.91,,,d2-c1-n0.05-m14,2,1,0.05,14,,-0.7148752571146711
colosseum,14,hickock,0.1662096894878264,51.44,,,d2-c1-n0.05-m14,2,1,0.05,14,,-0.7148752571146711
colosseum,14,frc_weighted_adaptive,-21.46955732963391,1.17,,,d2-c1-n0.05-m14,2,1,0.05,14,,-0.7148752571146711
colosseum,14,frc_unweighted_knn,-6.545454545454546,0.29,,,d2-c1-n0.05-m14,2,1,0.05,14,,-0.7148752571146711
colosseum,14,orc,-0.1317981901457096,7.39,,,d2-c1-n0.05-m14,2,1,0.05,14,,-0.7148752571146711
colosseum,14,spc_hop,-147.74735067959128,61.7,,,d2-c1-n0.05-m14,2,1,0.05,14,,-0.7148752571146711
colosseum,14,spc_diffusion_t5,-345.4647580272066,22.42,,,d2-c1-n0.05-m14,2,1,0.05,14,,-0.7148752571146711
colosseum,14,laziness_knn_t5,-4.583845615386963,0.85,,,d2-c1-n0.05-m14,2,1,0.05,14,,-0.7148752571146711
colosseum,14,laziness_adaptive_t5,-4.574079513549805,0.69,,,d2-c1-n0.05-m14,2,1,0.05,14,,-0.7148752571146711
colosseum,14,successor_entropy,-2.630303426961104,0.05,959.87,,d2-c1-n0.05-m14,2,1,0.05,14,,-0.7148752571146711
colosseum,14,successor_orc,0.9398444938197908,5.15,959.87,,d2-c1-n0.05-m14,2,1,0.05,14,,-0.7148752571146711
colosseum,15,dc2,-0.6438882350921631,14.52,,,d2-c1-n0.05-m15,2,1,0.05,15,,12.511665150706303
colosseum,15,dc_wasserstein_ollivier,0.3596817851066589,3.83,,,d2-c1-n0.05-m15,2,1,0.05,15,,12.511665150706303
colosseum,15,dc_entropic_subtraction,0.0628466606140136,2.9,,,d2-c1-n0.05-m15,2,1,0.05,15,,12.511665150706303
colosseum,15,hickock,1.1586438961389942,53.09,,,d2-c1-n0.05-m15,2,1,0.05,15,,12.511665150706303
colosseum,15,frc_weighted_adaptive,-19.50514379978375,1.1,,,d2-c1-n0.05-m15,2,1,0.05,15,,12.511665150706303
colosseum,15,frc_unweighted_knn,-0.0833333333333333,0.26,,,d2-c1-n0.05-m15,2,1,0.05,15,,12.511665150706303
colosseum,15,orc,-0.0212170845993633,7.1,,,d2-c1-n0.05-m15,2,1,0.05,15,,12.511665150706303
colosseum,15,spc_hop,119.42992693900356,69.87,,,d2-c1-n0.05-m15,2,1,0.05,15,,12.511665150706303
colosseum,15,spc_diffusion_t5,-544.03165352929,20.9,,,d2-c1-n0.05-m15,2,1,0.05,15,,12.511665150706303
colosseum,15,laziness_knn_t5,-4.013507843017578,0.83,,,d2-c1-n0.05-m15,2,1,0.05,15,,12.511665150706303
colosseum,15,laziness_adaptive_t5,-3.93312931060791,0.69,,,d2-c1-n0.05-m15,2,1,0.05,15,,12.511665150706303
colosseum,15,successor_entropy,-2.5655188076496125,0.05,974.87,,d2-c1-n0.05-m15,2,1,0.05,15,,12.511665150706303
colosseum,15,successor_orc,0.9344369651548464,4.9,974.87,,d2-c1-n0.05-m15,2,1,0.05,15,,12.511665150706303
colosseum,16,dc2,-0.9796013832092284,12.37,,,d2-c1-n0.05-m16,2,1,0.05,16,,-5.3714566715325605
colosseum,16,dc_wasserstein_ollivier,0.2323216795921325,3.7,,,d2-c1-n0.05-m16,2,1,0.05,16,,-5.3714566715325605
colosseum,16,dc_entropic_subtraction,-0.1954116821289062,2.87,,,d2-c1-n0.05-m16,2,1,0.05,16,,-5.3714566715325605
colosseum,16,hickock,-0.5529960262997271,51.03,,,d2-c1-n0.05-m16,2,1,0.05,16,,-5.3714566715325605
colosseum,16,frc_weighted_adaptive,-32.055803231245584,1.26,,,d2-c1-n0.05-m16,2,1,0.05,16,,-5.3714566715325605
colosseum,16,frc_unweighted_knn,-5.181818181818182,0.32,,,d2-c1-n0.05-m16,2,1,0.05,16,,-5.3714566715325605
colosseum,16,orc,0.0155612670095098,7.93,,,d2-c1-n0.05-m16,2,1,0.05,16,,-5.3714566715325605
colosseum,16,spc_hop,-222.08430782723408,71.14,,,d2-c1-n0.05-m16,2,1,0.05,16,,-5.3714566715325605
colosseum,16,spc_diffusion_t5,24.072524661904104,23.8,,,d2-c1-n0.05-m16,2,1,0.05,16,,-5.3714566715325605
colosseum,16,laziness_knn_t5,-4.429655075073242,0.8,,,d2-c1-n0.05-m16,2,1,0.05,16,,-5.3714566715325605
colosseum,16,laziness_adaptive_t5,-4.378524303436279,0.71,,,d2-c1-n0.05-m16,2,1,0.05,16,,-5.3714566715325605
colosseum,16,successor_entropy,-2.552050359606743,0.06,990.02,,d2-c1-n0.05-m16,2,1,0.05,16,,-5.3714566715325605
colosseum,16,successor_orc,0.941170227182704,5.4,990.02,,d2-c1-n0.05-m16,2,1,0.05,16,,-5.3714566715325605
colosseum,17,dc2,-1.364228367805481,12.5,,,d2-c1-n0.05-m17,2,1,0.05,17,,-1.8238280090255208
colosseum,17,dc_wasserstein_ollivier,0.1959324479103088,3.71,,,d2-c1-n0.05-m17,2,1,0.05,17,,-1.8238280090255208
colosseum,17,dc_entropic_subtraction,-0.2449722290039062,2.9,,,d2-c1-n0.05-m17,2,1,0.05,17,,-1.8238280090255208
colosseum,17,hickock,0.1416726313800427,53.06,,,d2-c1-n0.05-m17,2,1,0.05,17,,-1.8238280090255208
colosseum,17,frc_weighted_adaptive,-57.97390531674889,1.15,,,d2-c1-n0.05-m17,2,1,0.05,17,,-1.8238280090255208
colosseum,17,frc_unweighted_knn,-6.454545454545454,0.27,,,d2-c1-n0.05-m17,2,1,0.05,17,,-1.8238280090255208
colosseum,17,orc,0.0548761056982361,7.72,,,d2-c1-n0.05-m17,2,1,0.05,17,,-1.8238280090255208
colosseum,17,spc_hop,-282.3879644170232,71.19,,,d2-c1-n0.05-m17,2,1,0.05,17,,-1.8238280090255208
colosseum,17,spc_diffusion_t5,-120.59799398679802,23.56,,,d2-c1-n0.05-m17,2,1,0.05,17,,-1.8238280090255208
colosseum,17,laziness_knn_t5,-4.2650556564331055,0.97,,,d2-c1-n0.05-m17,2,1,0.05,17,,-1.8238280090255208
colosseum,17,laziness_adaptive_t5,-4.260976791381836,0.78,,,d2-c1-n0.05-m17,2,1,0.05,17,,-1.8238280090255208
colosseum,17,successor_entropy,-2.596859347343445,0.05,940.89,,d2-c1-n0.05-m17,2,1,0.05,17,,-1.8238280090255208
colosseum,17,successor_orc,0.9382878502355256,8.39,940.89,,d2-c1-n0.05-m17,2,1,0.05,17,,-1.8238280090255208
colosseum,18,dc2,-1.1899268627166748,13.28,,,d2-c1-n0.05-m18,2,1,0.05,18,,0.1578060329829025
colosseum,18,dc_wasserstein_ollivier,0.2212015986442566,3.9,,,d2-c1-n0.05-m18,2,1,0.05,18,,0.1578060329829025
colosseum,18,dc_entropic_subtraction,0.0456938743591308,3.17,,,d2-c1-n0.05-m18,2,1,0.05,18,,0.1578060329829025
colosseum,18,hickock,-0.0011513634780056,50.76,,,d2-c1-n0.05-m18,2,1,0.05,18,,0.1578060329829025
colosseum,18,frc_weighted_adaptive,-18.332666538887832,0.81,,,d2-c1-n0.05-m18,2,1,0.05,18,,0.1578060329829025
colosseum,18,frc_unweighted_knn,1.8333333333333333,0.26,,,d2-c1-n0.05-m18,2,1,0.05,18,,0.1578060329829025
colosseum,18,orc,0.0578321397250913,7.35,,,d2-c1-n0.05-m18,2,1,0.05,18,,0.1578060329829025
colosseum,18,spc_hop,119.14810921130712,67.91,,,d2-c1-n0.05-m18,2,1,0.05,18,,0.1578060329829025
colosseum,18,spc_diffusion_t5,405.17781880517407,21.15,,,d2-c1-n0.05-m18,2,1,0.05,18,,0.1578060329829025
colosseum,18,laziness_knn_t5,-4.020290374755859,0.77,,,d2-c1-n0.05-m18,2,1,0.05,18,,0.1578060329829025
colosseum,18,laziness_adaptive_t5,-4.020521640777588,0.71,,,d2-c1-n0.05-m18,2,1,0.05,18,,0.1578060329829025
colosseum,18,successor_entropy,-2.5646031329631804,0.05,957.44,,d2-c1-n0.05-m18,2,1,0.05,18,,0.1578060329829025
colosseum,18,successor_orc,0.9362517933590194,6.19,957.44,,d2-c1-n0.05-m18,2,1,0.05,18,,0.1578060329829025
colosseum,19,dc2,-1.1047356128692627,12.49,,,d2-c1-n0.05-m19,2,1,0.05,19,,-4.34233156531537
colosseum,19,dc_wasserstein_ollivier,0.1539695858955383,3.79,,,d2-c1-n0.05-m19,2,1,0.05,19,,-4.34233156531537
colosseum,19,dc_entropic_subtraction,-0.1587848663330078,3.12,,,d2-c1-n0.05-m19,2,1,0.05,19,,-4.34233156531537
colosseum,19,hickock,-0.5896776041612913,48.63,,,d2-c1-n0.05-m19,2,1,0.05,19,,-4.34233156531537
colosseum,19,frc_weighted_adaptive,-67.48424196703084,0.91,,,d2-c1-n0.05-m19,2,1,0.05,19,,-4.34233156531537
colosseum,19,frc_unweighted_knn,-2.7,0.32,,,d2-c1-n0.05-m19,2,1,0.05,19,,-4.34233156531537
colosseum,19,orc,0.0410379589516603,7.61,,,d2-c1-n0.05-m19,2,1,0.05,19,,-4.34233156531537
colosseum,19,spc_hop,-215.62538993978887,71.21,,,d2-c1-n0.05-m19,2,1,0.05,19,,-4.34233156531537
colosseum,19,spc_diffusion_t5,-14.369824658999718,20.26,,,d2-c1-n0.05-m19,2,1,0.05,19,,-4.34233156531537
colosseum,19,laziness_knn_t5,-4.448137283325195,0.76,,,d2-c1-n0.05-m19,2,1,0.05,19,,-4.34233156531537
colosseum,19,laziness_adaptive_t5,-4.370517730712891,0.72,,,d2-c1-n0.05-m19,2,1,0.05,19,,-4.34233156531537
colosseum,19,successor_entropy,-2.6234091346065203,0.05,943.52,,d2-c1-n0.05-m19,2,1,0.05,19,,-4.34233156531537
colosseum,19,successor_orc,0.9394784585987104,5.12,943.52,,d2-c1-n0.05-m19,2,1,0.05,19,,-4.34233156531537
colosseum,20,dc2,-0.883634090423584,12.8,,,d2-c1-n0.05-m20,2,1,0.05,20,,-1.6247079872928347
colosseum,20,dc_wasserstein_ollivier,0.2331675887107849,4.01,,,d2-c1-n0.05-m20,2,1,0.05,20,,-1.6247079872928347
colosseum,20,dc_entropic_subtraction,-0.1785416603088379,3.57,,,d2-c1-n0.05-m20,2,1,0.05,20,,-1.6247079872928347
colosseum,20,hickock,-0.7558914942320845,46.72,,,d2-c1-n0.05-m20,2,1,0.05,20,,-1.6247079872928347
colosseum,20,frc_weighted_adaptive,-62.87845131489013,0.83,,,d2-c1-n0.05-m20,2,1,0.05,20,,-1.6247079872928347
colosseum,20,frc_unweighted_knn,-7.230769230769231,0.27,,,d2-c1-n0.05-m20,2,1,0.05,20,,-1.6247079872928347
colosseum,20,orc,-0.0845290868156284,7.75,,,d2-c1-n0.05-m20,2,1,0.05,20,,-1.6247079872928347
colosseum,20,spc_hop,46.31744099868769,61.73,,,d2-c1-n0.05-m20,2,1,0.05,20,,-1.6247079872928347
colosseum,20,spc_diffusion_t5,-71.5485252243282,22.32,,,d2-c1-n0.05-m20,2,1,0.05,20,,-1.6247079872928347
colosseum,20,laziness_knn_t5,-4.562787055969238,0.74,,,d2-c1-n0.05-m20,2,1,0.05,20,,-1.6247079872928347
colosseum,20,laziness_adaptive_t5,-4.527841567993164,0.67,,,d2-c1-n0.05-m20,2,1,0.05,20,,-1.6247079872928347
colosseum,20,successor_entropy,-2.6023002736767133,0.05,951.63,,d2-c1-n0.05-m20,2,1,0.05,20,,-1.6247079872928347
colosseum,20,successor_orc,0.9379107075332974,5.25,951.63,,d2-c1-n0.05-m20,2,1,0.05,20,,-1.6247079872928347
colosseum,21,dc2,-0.7117735147476196,12.23,,,d2-c1-n0.05-m21,2,1,0.05,21,,-5.463865075925214
colosseum,21,dc_wasserstein_ollivier,0.1837347745895385,4.18,,,d2-c1-n0.05-m21,2,1,0.05,21,,-5.463865075925214
colosseum,21,dc_entropic_subtraction,-0.1044931411743164,3.18,,,d2-c1-n0.05-m21,2,1,0.05,21,,-5.463865075925214
colosseum,21,hickock,-0.6707472003958176,49.8,,,d2-c1-n0.05-m21,2,1,0.05,21,,-5.463865075925214
colosseum,21,frc_weighted_adaptive,-34.14931445643008,0.97,,,d2-c1-n0.05-m21,2,1,0.05,21,,-5.463865075925214
colosseum,21,frc_unweighted_knn,-6.5,0.32,,,d2-c1-n0.05-m21,2,1,0.05,21,,-5.463865075925214
colosseum,21,orc,0.0178194573079818,7.9,,,d2-c1-n0.05-m21,2,1,0.05,21,,-5.463865075925214
colosseum,21,spc_hop,1789.4861259365696,63.27,,,d2-c1-n0.05-m21,2,1,0.05,21,,-5.463865075925214
colosseum,21,spc_diffusion_t5,-301.0366825902844,22.14,,,d2-c1-n0.05-m21,2,1,0.05,21,,-5.463865075925214
colosseum,21,laziness_knn_t5,-4.432380676269531,1.12,,,d2-c1-n0.05-m21,2,1,0.05,21,,-5.463865075925214
colosseum,21,laziness_adaptive_t5,-4.373554706573486,0.95,,,d2-c1-n0.05-m21,2,1,0.05,21,,-5.463865075925214
colosseum,21,successor_entropy,-2.601582000931104,0.05,943.59,,d2-c1-n0.05-m21,2,1,0.05,21,,-5.463865075925214
colosseum,21,successor_orc,0.9410845371194054,7.5,943.59,,d2-c1-n0.05-m21,2,1,0.05,21,,-5.463865075925214
colosseum,22,dc2,-1.7028045654296875,12.39,,,d2-c1-n0.05-m22,2,1,0.05,22,,-1.5626700501562345
colosseum,22,dc_wasserstein_ollivier,0.1762984991073608,4.0,,,d2-c1-n0.05-m22,2,1,0.05,22,,-1.5626700501562345
colosseum,22,dc_entropic_subtraction,-0.1921062469482422,3.09,,,d2-c1-n0.05-m22,2,1,0.05,22,,-1.5626700501562345
colosseum,22,hickock,-0.5115802575272757,51.51,,,d2-c1-n0.05-m22,2,1,0.05,22,,-1.5626700501562345
colosseum,22,frc_weighted_adaptive,-37.08785713111911,0.88,,,d2-c1-n0.05-m22,2,1,0.05,22,,-1.5626700501562345
colosseum,22,frc_unweighted_knn,-6.916666666666667,0.29,,,d2-c1-n0.05-m22,2,1,0.05,22,,-1.5626700501562345
colosseum,22,orc,-0.0717218503405459,8.01,,,d2-c1-n0.05-m22,2,1,0.05,22,,-1.5626700501562345
colosseum,22,spc_hop,141.20745063007277,61.75,,,d2-c1-n0.05-m22,2,1,0.05,22,,-1.5626700501562345
colosseum,22,spc_diffusion_t5,-386.8371899966533,21.1,,,d2-c1-n0.05-m22,2,1,0.05,22,,-1.5626700501562345
colosseum,22,laziness_knn_t5,-4.476239204406738,0.84,,,d2-c1-n0.05-m22,2,1,0.05,22,,-1.5626700501562345
colosseum,22,laziness_adaptive_t5,-4.418430805206299,0.69,,,d2-c1-n0.05-m22,2,1,0.05,22,,-1.5626700501562345
colosseum,22,successor_entropy,-2.588462284793456,0.05,914.3,,d2-c1-n0.05-m22,2,1,0.05,22,,-1.5626700501562345
colosseum,22,successor_orc,0.9388731455563366,5.87,914.3,,d2-c1-n0.05-m22,2,1,0.05,22,,-1.5626700501562345
colosseum,23,dc2,-0.6236124038696289,12.63,,,d2-c1-n0.05-m23,2,1,0.05,23,,1.0892325004324013
colosseum,23,dc_wasserstein_ollivier,0.3067135810852051,4.06,,,d2-c1-n0.05-m23,2,1,0.05,23,,1.0892325004324013
colosseum,23,dc_entropic_subtraction,-0.1852288246154785,3.2,,,d2-c1-n0.05-m23,2,1,0.05,23,,1.0892325004324013
colosseum,23,hickock,-0.1393154082248931,52.15,,,d2-c1-n0.05-m23,2,1,0.05,23,,1.0892325004324013
colosseum,23,frc_weighted_adaptive,-57.00584958412138,0.91,,,d2-c1-n0.05-m23,2,1,0.05,23,,1.0892325004324013
colosseum,23,frc_unweighted_knn,-5.0,0.33,,,d2-c1-n0.05-m23,2,1,0.05,23,,1.0892325004324013
colosseum,23,orc,0.0464522097390397,8.41,,,d2-c1-n0.05-m23,2,1,0.05,23,,1.0892325004324013
colosseum,23,spc_hop,1750.401734774087,64.13,,,d2-c1-n0.05-m23,2,1,0.05,23,,1.0892325004324013
colosseum,23,spc_diffusion_t5,65.67955595871788,19.42,,,d2-c1-n0.05-m23,2,1,0.05,23,,1.0892325004324013
colosseum,23,laziness_knn_t5,-4.4624857902526855,0.72,,,d2-c1-n0.05-m23,2,1,0.05,23,,1.0892325004324013
colosseum,23,laziness_adaptive_t5,-4.387726306915283,0.68,,,d2-c1-n0.05-m23,2,1,0.05,23,,1.0892325004324013
colosseum,23,successor_entropy,-2.591787951350212,0.05,952.6,,d2-c1-n0.05-m23,2,1,0.05,23,,1.0892325004324013
colosseum,23,successor_orc,0.9358530045970452,7.24,952.6,,d2-c1-n0.05-m23,2,1,0.05,23,,1.0892325004324013
colosseum,24,dc2,-0.7306640148162842,12.47,,,d2-c1-n0.05-m24,2,1,0.05,24,,-3.899045271769146
colosseum,24,dc_wasserstein_ollivier,0.1227974891662597,4.4,,,d2-c1-n0.05-m24,2,1,0.05,24,,-3.899045271769146
colosseum,24,dc_entropic_subtraction,-0.3568854331970215,3.29,,,d2-c1-n0.05-m24,2,1,0.05,24,,-3.899045271769146
colosseum,24,hickock,-1.810905754163592,51.24,,,d2-c1-n0.05-m24,2,1,0.05,24,,-3.899045271769146
colosseum,24,frc_weighted_adaptive,-20.324070325554505,0.84,,,d2-c1-n0.05-m24,2,1,0.05,24,,-3.899045271769146
colosseum,24,frc_unweighted_knn,-1.4,0.28,,,d2-c1-n0.05-m24,2,1,0.05,24,,-3.899045271769146
colosseum,24,orc,-0.00699392616197,7.15,,,d2-c1-n0.05-m24,2,1,0.05,24,,-3.899045271769146
colosseum,24,spc_hop,-3.6238804895302903,67.89,,,d2-c1-n0.05-m24,2,1,0.05,24,,-3.899045271769146
colosseum,24,spc_diffusion_t5,-49.658959213252935,19.6,,,d2-c1-n0.05-m24,2,1,0.05,24,,-3.899045271769146
colosseum,24,laziness_knn_t5,-4.361391067504883,0.8,,,d2-c1-n0.05-m24,2,1,0.05,24,,-3.899045271769146
colosseum,24,laziness_adaptive_t5,-4.309996604919434,0.82,,,d2-c1-n0.05-m24,2,1,0.05,24,,-3.899045271769146
colosseum,24,successor_entropy,-2.586502221345901,0.04,929.18,,d2-c1-n0.05-m24,2,1,0.05,24,,-3.899045271769146
colosseum,24,successor_orc,0.9414114517707958,7.91,929.18,,d2-c1-n0.05-m24,2,1,0.05,24,,-3.899045271769146
colosseum,25,dc2,-1.2425389289855957,12.53,,,d2-c1-n0.05-m25,2,1,0.05,25,,-2.789917668215
colosseum,25,dc_wasserstein_ollivier,0.2272360324859619,3.6,,,d2-c1-n0.05-m25,2,1,0.05,25,,-2.789917668215
colosseum,25,dc_entropic_subtraction,0.0815529823303222,3.11,,,d2-c1-n0.05-m25,2,1,0.05,25,,-2.789917668215
colosseum,25,hickock,-0.0583578660942497,52.76,,,d2-c1-n0.05-m25,2,1,0.05,25,,-2.789917668215
colosseum,25,frc_weighted_adaptive,-33.41840784777036,0.83,,,d2-c1-n0.05-m25,2,1,0.05,25,,-2.789917668215
colosseum,25,frc_unweighted_knn,2.5,0.27,,,d2-c1-n0.05-m25,2,1,0.05,25,,-2.789917668215
colosseum,25,orc,0.1381111543949546,7.06,,,d2-c1-n0.05-m25,2,1,0.05,25,,-2.789917668215
colosseum,25,spc_hop,308.49252576337534,63.53,,,d2-c1-n0.05-m25,2,1,0.05,25,,-2.789917668215
colosseum,25,spc_diffusion_t5,-336.2627133377632,18.96,,,d2-c1-n0.05-m25,2,1,0.05,25,,-2.789917668215
colosseum,25,laziness_knn_t5,-3.9313576221466064,0.96,,,d2-c1-n0.05-m25,2,1,0.05,25,,-2.789917668215
colosseum,25,laziness_adaptive_t5,-3.8908770084381104,0.73,,,d2-c1-n0.05-m25,2,1,0.05,25,,-2.789917668215
colosseum,0,dc2,-1.4116475582122805,13.5,,,d2-c1-n0.1-m0,2,1,0.1,0,,1.380824715777112
colosseum,0,dc_wasserstein_ollivier,0.3356015682220459,4.07,,,d2-c1-n0.1-m0,2,1,0.1,0,,1.380824715777112
colosseum,0,dc_entropic_subtraction,-0.17926025390625,3.19,,,d2-c1-n0.1-m0,2,1,0.1,0,,1.380824715777112
colosseum,0,hickock,-5.556079605392604,50.32,,,d2-c1-n0.1-m0,2,1,0.1,0,,1.380824715777112
colosseum,0,frc_weighted_adaptive,-39.91537774645072,0.9,,,d2-c1-n0.1-m0,2,1,0.1,0,,1.380824715777112
colosseum,0,frc_unweighted_knn,-4.0,0.29,,,d2-c1-n0.1-m0,2,1,0.1,0,,1.380824715777112
colosseum,0,orc,0.0271269387835801,6.36,,,d2-c1-n0.1-m0,2,1,0.1,0,,1.380824715777112
colosseum,0,spc_hop,-552.0893951167,68.6,,,d2-c1-n0.1-m0,2,1,0.1,0,,1.380824715777112
colosseum,0,spc_diffusion_t5,51.47601949469119,19.66,,,d2-c1-n0.1-m0,2,1,0.1,0,,1.380824715777112
colosseum,0,laziness_knn_t5,-4.634196758270264,0.94,,,d2-c1-n0.1-m0,2,1,0.1,0,,1.380824715777112
colosseum,0,laziness_adaptive_t5,-4.5984416007995605,0.68,,,d2-c1-n0.1-m0,2,1,0.1,0,,1.380824715777112
colosseum,0,successor_entropy,-2.6094743868112564,0.05,884.97,,d2-c1-n0.1-m0,2,1,0.1,0,,1.380824715777112
colosseum,0,successor_orc,0.942724567869104,4.84,884.97,,d2-c1-n0.1-m0,2,1,0.1,0,,1.380824715777112
colosseum,1,dc2,-0.3487350940704345,12.67,,,d2-c1-n0.1-m1,2,1,0.1,1,,-3.159148114706781
colosseum,1,dc_wasserstein_ollivier,0.2674494981765747,3.32,,,d2-c1-n0.1-m1,2,1,0.1,1,,-3.159148114706781
colosseum,1,dc_entropic_subtraction,-0.2831153869628906,2.87,,,d2-c1-n0.1-m1,2,1,0.1,1,,-3.159148114706781
colosseum,1,hickock,-6.394575391372622,52.16,,,d2-c1-n0.1-m1,2,1,0.1,1,,-3.159148114706781
colosseum,1,frc_weighted_adaptive,-14.236298111916646,0.89,,,d2-c1-n0.1-m1,2,1,0.1,1,,-3.159148114706781
colosseum,1,frc_unweighted_knn,-9.083333333333334,0.29,,,d2-c1-n0.1-m1,2,1,0.1,1,,-3.159148114706781
colosseum,1,orc,-0.1194101185785703,6.9,,,d2-c1-n0.1-m1,2,1,0.1,1,,-3.159148114706781
colosseum,1,spc_hop,-1202.090978687619,64.71,,,d2-c1-n0.1-m1,2,1,0.1,1,,-3.159148114706781
colosseum,1,spc_diffusion_t5,-145.24594362313633,19.66,,,d2-c1-n0.1-m1,2,1,0.1,1,,-3.159148114706781
colosseum,1,laziness_knn_t5,-4.756100654602051,0.71,,,d2-c1-n0.1-m1,2,1,0.1,1,,-3.159148114706781
colosseum,1,laziness_adaptive_t5,-4.729761600494385,0.67,,,d2-c1-n0.1-m1,2,1,0.1,1,,-3.159148114706781
colosseum,1,successor_entropy,-2.565427673439185,0.04,919.22,,d2-c1-n0.1-m1,2,1,0.1,1,,-3.159148114706781
colosseum,1,successor_orc,0.9419412664428902,4.81,919.22,,d2-c1-n0.1-m1,2,1,0.1,1,,-3.159148114706781
colosseum,2,dc2,-0.6577413082122803,12.6,,,d2-c1-n0.1-m2,2,1,0.1,2,,-1.9352846753200836
colosseum,2,dc_wasserstein_ollivier,0.244141399860382,3.3,,,d2-c1-n0.1-m2,2,1,0.1,2,,-1.9352846753200836
colosseum,2,dc_entropic_subtraction,-0.2154812812805175,2.81,,,d2-c1-n0.1-m2,2,1,0.1,2,,-1.9352846753200836
colosseum,2,hickock,-6.319823074868443,54.47,,,d2-c1-n0.1-m2,2,1,0.1,2,,-1.9352846753200836
colosseum,2,frc_weighted_adaptive,-32.64527549105059,0.89,,,d2-c1-n0.1-m2,2,1,0.1,2,,-1.9352846753200836
colosseum,2,frc_unweighted_knn,-7.6,0.3,,,d2-c1-n0.1-m2,2,1,0.1,2,,-1.9352846753200836
colosseum,2,orc,-0.1945129033680096,7.11,,,d2-c1-n0.1-m2,2,1,0.1,2,,-1.9352846753200836
colosseum,2,spc_hop,162.51559838038787,65.98,,,d2-c1-n0.1-m2,2,1,0.1,2,,-1.9352846753200836
colosseum,2,spc_diffusion_t5,-251.99659353204925,19.18,,,d2-c1-n0.1-m2,2,1,0.1,2,,-1.9352846753200836
colosseum,2,laziness_knn_t5,-4.81182336807251,0.7,,,d2-c1-n0.1-m2,2,1,0.1,2,,-1.9352846753200836
colosseum,2,laziness_adaptive_t5,-4.733126163482666,0.68,,,d2-c1-n0.1-m2,2,1,0.1,2,,-1.9352846753200836
colosseum,2,successor_entropy,-2.6516657975713414,0.03,886.39,,d2-c1-n0.1-m2,2,1,0.1,2,,-1.9352846753200836
colosseum,2,successor_orc,0.9439010701116658,5.17,886.39,,d2-c1-n0.1-m2,2,1,0.1,2,,-1.9352846753200836
colosseum,3,dc2,-0.1606829166412353,12.56,,,d2-c1-n0.1-m3,2,1,0.1,3,,-1.6362024320460775
colosseum,3,dc_wasserstein_ollivier,0.2367573976516723,3.31,,,d2-c1-n0.1-m3,2,1,0.1,3,,-1.6362024320460775
colosseum,3,dc_entropic_subtraction,-0.1312556266784668,2.85,,,d2-c1-n0.1-m3,2,1,0.1,3,,-1.6362024320460775
colosseum,3,hickock,-5.096971219177409,54.05,,,d2-c1-n0.1-m3,2,1,0.1,3,,-1.6362024320460775
colosseum,3,frc_weighted_adaptive,-25.832798720347608,0.91,,,d2-c1-n0.1-m3,2,1,0.1,3,,-1.6362024320460775
colosseum,3,frc_unweighted_knn,-5.4,0.28,,,d2-c1-n0.1-m3,2,1,0.1,3,,-1.6362024320460775
colosseum,3,orc,0.1379652910353151,7.04,,,d2-c1-n0.1-m3,2,1,0.1,3,,-1.6362024320460775
colosseum,3,spc_hop,-33.27182617825298,66.58,,,d2-c1-n0.1-m3,2,1,0.1,3,,-1.6362024320460775
colosseum,3,spc_diffusion_t5,-262.6838063364772,18.9,,,d2-c1-n0.1-m3,2,1,0.1,3,,-1.6362024320460775
colosseum,3,laziness_knn_t5,-4.721183776855469,0.66,,,d2-c1-n0.1-m3,2,1,0.1,3,,-1.6362024320460775
colosseum,3,laziness_adaptive_t5,-4.721756935119629,0.67,,,d2-c1-n0.1-m3,2,1,0.1,3,,-1.6362024320460775
colosseum,3,successor_entropy,-2.60803550952673,0.05,896.24,,d2-c1-n0.1-m3,2,1,0.1,3,,-1.6362024320460775
colosseum,3,successor_orc,0.94270749400548,4.57,896.24,,d2-c1-n0.1-m3,2,1,0.1,3,,-1.6362024320460775
colosseum,4,dc2,-0.9262919425964355,12.56,,,d2-c1-n0.1-m4,2,1,0.1,4,,-1.2808889629104296
colosseum,4,dc_wasserstein_ollivier,0.2843029499053955,3.27,,,d2-c1-n0.1-m4,2,1,0.1,4,,-1.2808889629104296
colosseum,4,dc_entropic_subtraction,-0.2429022789001464,2.85,,,d2-c1-n0.1-m4,2,1,0.1,4,,-1.2808889629104296
colosseum,4,hickock,-5.727355471468775,50.92,,,d2-c1-n0.1-m4,2,1,0.1,4,,-1.2808889629104296
colosseum,4,frc_weighted_adaptive,-46.454881982276014,0.89,,,d2-c1-n0.1-m4,2,1,0.1,4,,-1.2808889629104296
colosseum,4,frc_unweighted_knn,-9.727272727272728,0.28,,,d2-c1-n0.1-m4,2,1,0.1,4,,-1.2808889629104296
colosseum,4,orc,-0.1262648924799938,6.82,,,d2-c1-n0.1-m4,2,1,0.1,4,,-1.2808889629104296
colosseum,4,spc_hop,254.5053986610783,63.08,,,d2-c1-n0.1-m4,2,1,0.1,4,,-1.2808889629104296
colosseum,4,spc_diffusion_t5,226.9558200429448,19.2,,,d2-c1-n0.1-m4,2,1,0.1,4,,-1.2808889629104296
colosseum,4,laziness_knn_t5,-5.040067672729492,0.72,,,d2-c1-n0.1-m4,2,1,0.1,4,,-1.2808889629104296
colosseum,4,laziness_adaptive_t5,-5.009275436401367,0.69,,,d2-c1-n0.1-m4,2,1,0.1,4,,-1.2808889629104296
colosseum,4,successor_entropy,-2.583435352365176,0.05,879.95,,d2-c1-n0.1-m4,2,1,0.1,4,,-1.2808889629104296
colosseum,4,successor_orc,0.9424004439065732,5.8,879.95,,d2-c1-n0.1-m4,2,1,0.1,4,,-1.2808889629104296
colosseum,5,dc2,-0.3571531772613525,12.46,,,d2-c1-n0.1-m5,2,1,0.1,5,,-18.323354623473698
colosseum,5,dc_wasserstein_ollivier,0.0216532945632934,3.26,,,d2-c1-n0.1-m5,2,1,0.1,5,,-18.323354623473698
colosseum,5,dc_entropic_subtraction,-0.2301921844482422,2.86,,,d2-c1-n0.1-m5,2,1,0.1,5,,-18.323354623473698
colosseum,5,hickock,-9.370106045513127,52.05,,,d2-c1-n0.1-m5,2,1,0.1,5,,-18.323354623473698
colosseum,5,frc_weighted_adaptive,-104.6762027646243,1.14,,,d2-c1-n0.1-m5,2,1,0.1,5,,-18.323354623473698
colosseum,5,frc_unweighted_knn,-4.666666666666667,0.28,,,d2-c1-n0.1-m5,2,1,0.1,5,,-18.323354623473698
colosseum,5,orc,-0.0422233987030041,6.52,,,d2-c1-n0.1-m5,2,1,0.1,5,,-18.323354623473698
colosseum,5,spc_hop,4803.303531614489,65.25,,,d2-c1-n0.1-m5,2,1,0.1,5,,-18.323354623473698
colosseum,5,spc_diffusion_t5,-4.555787760950224,19.43,,,d2-c1-n0.1-m5,2,1,0.1,5,,-18.323354623473698
colosseum,5,laziness_knn_t5,-4.7520952224731445,0.72,,,d2-c1-n0.1-m5,2,1,0.1,5,,-18.323354623473698
colosseum,5,laziness_adaptive_t5,-4.690314769744873,0.7,,,d2-c1-n0.1-m5,2,1,0.1,5,,-18.323354623473698
colosseum,5,successor_entropy,-2.6859117063879965,0.05,889.52,,d2-c1-n0.1-m5,2,1,0.1,5,,-18.323354623473698
colosseum,5,successor_orc,0.9453432587473086,5.84,889.52,,d2-c1-n0.1-m5,2,1,0.1,5,,-18.323354623473698
colosseum,6,dc2,-1.213979721069336,12.52,,,d2-c1-n0.1-m6,2,1,0.1,6,,-11.706028842293854
colosseum,6,dc_wasserstein_ollivier,0.2022925615310669,3.33,,,d2-c1-n0.1-m6,2,1,0.1,6,,-11.706028842293854
colosseum,6,dc_entropic_subtraction,-0.0499324798583984,2.9,,,d2-c1-n0.1-m6,2,1,0.1,6,,-11.706028842293854
colosseum,6,hickock,-7.364381409848717,51.85,,,d2-c1-n0.1-m6,2,1,0.1,6,,-11.706028842293854
colosseum,6,frc_weighted_adaptive,-70.11969251933098,0.84,,,d2-c1-n0.1-m6,2,1,0.1,6,,-11.706028842293854
colosseum,6,frc_unweighted_knn,-4.8125,0.28,,,d2-c1-n0.1-m6,2,1,0.1,6,,-11.706028842293854
colosseum,6,orc,0.0444671995162387,6.8,,,d2-c1-n0.1-m6,2,1,0.1,6,,-11.706028842293854
colosseum,6,spc_hop,-1926.978368476312,63.56,,,d2-c1-n0.1-m6,2,1,0.1,6,,-11.706028842293854
colosseum,6,spc_diffusion_t5,51.19713423076016,19.47,,,d2-c1-n0.1-m6,2,1,0.1,6,,-11.706028842293854
colosseum,6,laziness_knn_t5,-4.577436923980713,0.73,,,d2-c1-n0.1-m6,2,1,0.1,6,,-11.706028842293854
colosseum,6,laziness_adaptive_t5,-4.523463249206543,0.68,,,d2-c1-n0.1-m6,2,1,0.1,6,,-11.706028842293854
colosseum,6,successor_entropy,-2.604770930608113,0.05,928.27,,d2-c1-n0.1-m6,2,1,0.1,6,,-11.706028842293854
colosseum,6,successor_orc,0.9415621685838788,4.63,928.27,,d2-c1-n0.1-m6,2,1,0.1,6,,-11.706028842293854
colosseum,7,dc2,-1.2992181777954102,12.87,,,d2-c1-n0.1-m7,2,1,0.1,7,,1.360470782346096
colosseum,7,dc_wasserstein_ollivier,0.2828394770622253,3.59,,,d2-c1-n0.1-m7,2,1,0.1,7,,1.360470782346096
colosseum,7,dc_entropic_subtraction,-0.1769080162048339,3.04,,,d2-c1-n0.1-m7,2,1,0.1,7,,1.360470782346096
colosseum,7,hickock,-4.97051988342891,56.3,,,d2-c1-n0.1-m7,2,1,0.1,7,,1.360470782346096
colosseum,7,frc_weighted_adaptive,-16.286852182315947,0.92,,,d2-c1-n0.1-m7,2,1,0.1,7,,1.360470782346096
colosseum,7,frc_unweighted_knn,-2.0,0.58,,,d2-c1-n0.1-m7,2,1,0.1,7,,1.360470782346096
colosseum,7,orc,0.0811649142571025,6.97,,,d2-c1-n0.1-m7,2,1,0.1,7,,1.360470782346096
colosseum,7,spc_hop,-249.12026543155943,67.33,,,d2-c1-n0.1-m7,2,1,0.1,7,,1.360470782346096
colosseum,7,spc_diffusion_t5,273.70346811674165,20.12,,,d2-c1-n0.1-m7,2,1,0.1,7,,1.360470782346096
colosseum,7,laziness_knn_t5,-4.466777324676514,0.77,,,d2-c1-n0.1-m7,2,1,0.1,7,,1.360470782346096
colosseum,7,laziness_adaptive_t5,-4.404498100280762,0.69,,,d2-c1-n0.1-m7,2,1,0.1,7,,1.360470782346096
colosseum,7,successor_entropy,-2.5569346119761467,0.05,935.69,,d2-c1-n0.1-m7,2,1,0.1,7,,1.360470782346096
colosseum,7,successor_orc,0.94212933916325,5.28,935.69,,d2-c1-n0.1-m7,2,1,0.1,7,,1.360470782346096
colosseum,8,dc2,-1.3971624374389648,12.9,,,d2-c1-n0.1-m8,2,1,0.1,8,,-0.0100768512644382
colosseum,8,dc_wasserstein_ollivier,0.2576407194137573,3.34,,,d2-c1-n0.1-m8,2,1,0.1,8,,-0.0100768512644382
colosseum,8,dc_entropic_subtraction,-0.1493797302246093,2.89,,,d2-c1-n0.1-m8,2,1,0.1,8,,-0.0100768512644382
colosseum,8,hickock,-5.879518650458708,54.37,,,d2-c1-n0.1-m8,2,1,0.1,8,,-0.0100768512644382
colosseum,8,frc_weighted_adaptive,-27.320834634183296,1.2,,,d2-c1-n0.1-m8,2,1,0.1,8,,-0.0100768512644382
colosseum,8,frc_unweighted_knn,-2.5,0.28,,,d2-c1-n0.1-m8,2,1,0.1,8,,-0.0100768512644382
colosseum,8,orc,0.0574707802555164,7.09,,,d2-c1-n0.1-m8,2,1,0.1,8,,-0.0100768512644382
colosseum,8,spc_hop,-1.2994252372647754,68.05,,,d2-c1-n0.1-m8,2,1,0.1,8,,-0.0100768512644382
colosseum,8,spc_diffusion_t5,-207.36889551892827,19.93,,,d2-c1-n0.1-m8,2,1,0.1,8,,-0.0100768512644382
colosseum,8,laziness_knn_t5,-4.509217262268066,0.76,,,d2-c1-n0.1-m8,2,1,0.1,8,,-0.0100768512644382
colosseum,8,laziness_adaptive_t5,-4.429923534393311,0.73,,,d2-c1-n0.1-m8,2,1,0.1,8,,-0.0100768512644382
colosseum,8,successor_entropy,-2.6174577468832334,0.05,901.91,,d2-c1-n0.1-m8,2,1,0.1,8,,-0.0100768512644382
colosseum,8,successor_orc,0.9441620953654888,5.38,901.91,,d2-c1-n0.1-m8,2,1,0.1,8,,-0.0100768512644382
colosseum,9,dc2,-1.0591466426849363,12.76,,,d2-c1-n0.1-m9,2,1,0.1,9,,0.4215519677893408
colosseum,9,dc_wasserstein_ollivier,0.2872278690338135,3.43,,,d2-c1-n0.1-m9,2,1,0.1,9,,0.4215519677893408
colosseum,9,dc_entropic_subtraction,0.0229005813598632,2.92,,,d2-c1-n0.1-m9,2,1,0.1,9,,0.4215519677893408
colosseum,9,hickock,-5.380783938121212,47.7,,,d2-c1-n0.1-m9,2,1,0.1,9,,0.4215519677893408
colosseum,9,frc_weighted_adaptive,-24.360189651744975,1.14,,,d2-c1-n0.1-m9,2,1,0.1,9,,0.4215519677893408
colosseum,9,frc_unweighted_knn,-6.0625,0.28,,,d2-c1-n0.1-m9,2,1,0.1,9,,0.4215519677893408
colosseum,9,orc,-0.0307776089850593,6.83,,,d2-c1-n0.1-m9,2,1,0.1,9,,0.4215519677893408
colosseum,9,spc_hop,402.6282788132904,67.16,,,d2-c1-n0.1-m9,2,1,0.1,9,,0.4215519677893408
colosseum,9,spc_diffusion_t5,4.654941199231146,20.18,,,d2-c1-n0.1-m9,2,1,0.1,9,,0.4215519677893408
colosseum,9,laziness_knn_t5,-4.62260103225708,0.73,,,d2-c1-n0.1-m9,2,1,0.1,9,,0.4215519677893408
colosseum,9,laziness_adaptive_t5,-4.567692756652832,0.71,,,d2-c1-n0.1-m9,2,1,0.1,9,,0.4215519677893408
colosseum,9,successor_entropy,-2.608802441095313,0.05,900.58,,d2-c1-n0.1-m9,2,1,0.1,9,,0.4215519677893408
colosseum,9,successor_orc,0.941529955211359,4.87,900.58,,d2-c1-n0.1-m9,2,1,0.1,9,,0.4215519677893408
colosseum,10,dc2,-0.5191998481750488,13.38,,,d2-c1-n0.1-m10,2,1,0.1,10,,6.0730039264490605
colosseum,10,dc_wasserstein_ollivier,0.3175441026687622,3.47,,,d2-c1-n0.1-m10,2,1,0.1,10,,6.0730039264490605
colosseum,10,dc_entropic_subtraction,-0.4555950164794922,2.87,,,d2-c1-n0.1-m10,2,1,0.1,10,,6.0730039264490605
colosseum,10,hickock,-3.398175160930382,48.97,,,d2-c1-n0.1-m10,2,1,0.1,10,,6.0730039264490605
colosseum,10,frc_weighted_adaptive,-17.842461430084764,1.19,,,d2-c1-n0.1-m10,2,1,0.1,10,,6.0730039264490605
colosseum,10,frc_unweighted_knn,-3.909090909090909,0.29,,,d2-c1-n0.1-m10,2,1,0.1,10,,6.0730039264490605
colosseum,10,orc,-0.002575696912575,7.13,,,d2-c1-n0.1-m10,2,1,0.1,10,,6.0730039264490605
colosseum,10,spc_hop,-34.114083575790346,66.66,,,d2-c1-n0.1-m10,2,1,0.1,10,,6.0730039264490605
colosseum,10,spc_diffusion_t5,-447.264067639454,19.91,,,d2-c1-n0.1-m10,2,1,0.1,10,,6.0730039264490605
colosseum,10,laziness_knn_t5,-4.463831901550293,0.76,,,d2-c1-n0.1-m10,2,1,0.1,10,,6.0730039264490605
colosseum,10,laziness_adaptive_t5,-4.333685874938965,0.73,,,d2-c1-n0.1-m10,2,1,0.1,10,,6.0730039264490605
colosseum,10,successor_entropy,-2.5800961142877736,0.05,909.26,,d2-c1-n0.1-m10,2,1,0.1,10,,6.0730039264490605
colosseum,10,successor_orc,0.9445453281027332,4.7,909.26,,d2-c1-n0.1-m10,2,1,0.1,10,,6.0730039264490605
colosseum,11,dc2,-0.442234992980957,13.0,,,d2-c1-n0.1-m11,2,1,0.1,11,,-4.40714990935651
colosseum,11,dc_wasserstein_ollivier,0.2473104000091552,3.41,,,d2-c1-n0.1-m11,2,1,0.1,11,,-4.40714990935651
colosseum,11,dc_entropic_subtraction,-0.0579395294189453,2.94,,,d2-c1-n0.1-m11,2,1,0.1,11,,-4.40714990935651
colosseum,11,hickock,-5.808966827207715,56.27,,,d2-c1-n0.1-m11,2,1,0.1,11,,-4.40714990935651
colosseum,11,frc_weighted_adaptive,-35.25014270234512,1.27,,,d2-c1-n0.1-m11,2,1,0.1,11,,-4.40714990935651
colosseum,11,frc_unweighted_knn,-1.5,0.29,,,d2-c1-n0.1-m11,2,1,0.1,11,,-4.40714990935651
colosseum,11,orc,-0.0044111739613326,8.93,,,d2-c1-n0.1-m11,2,1,0.1,11,,-4.40714990935651
colosseum,11,spc_hop,-11.07884508824418,73.88,,,d2-c1-n0.1-m11,2,1,0.1,11,,-4.40714990935651
colosseum,11,spc_diffusion_t5,-10.149392729461848,21.05,,,d2-c1-n0.1-m11,2,1,0.1,11,,-4.40714990935651
colosseum,11,laziness_knn_t5,-4.478221416473389,0.77,,,d2-c1-n0.1-m11,2,1,0.1,11,,-4.40714990935651
colosseum,11,laziness_adaptive_t5,-4.3907084465026855,0.74,,,d2-c1-n0.1-m11,2,1,0.1,11,,-4.40714990935651
colosseum,11,successor_entropy,-2.654725217362245,0.05,896.1,,d2-c1-n0.1-m11,2,1,0.1,11,,-4.40714990935651
colosseum,11,successor_orc,0.9418130616126246,4.96,896.1,,d2-c1-n0.1-m11,2,1,0.1,11,,-4.40714990935651
colosseum,12,dc2,-1.1738449335098269,13.3,,,d2-c1-n0.1-m12,2,1,0.1,12,,-0.3340235611645468
colosseum,12,dc_wasserstein_ollivier,0.1945664286613464,3.55,,,d2-c1-n0.1-m12,2,1,0.1,12,,-0.3340235611645468
colosseum,12,dc_entropic_subtraction,-0.2392492294311523,3.04,,,d2-c1-n0.1-m12,2,1,0.1,12,,-0.3340235611645468
colosseum,12,hickock,-5.409356217736943,56.29,,,d2-c1-n0.1-m12,2,1,0.1,12,,-0.3340235611645468
colosseum,12,frc_weighted_adaptive,-20.24182629973913,1.26,,,d2-c1-n0.1-m12,2,1,0.1,12,,-0.3340235611645468
colosseum,12,frc_unweighted_knn,-4.333333333333333,0.3,,,d2-c1-n0.1-m12,2,1,0.1,12,,-0.3340235611645468
colosseum,12,orc,-0.0021727633227742,7.05,,,d2-c1-n0.1-m12,2,1,0.1,12,,-0.3340235611645468
colosseum,12,spc_hop,-171.48837324790233,67.49,,,d2-c1-n0.1-m12,2,1,0.1,12,,-0.3340235611645468
colosseum,12,spc_diffusion_t5,34.10490500290888,21.04,,,d2-c1-n0.1-m12,2,1,0.1,12,,-0.3340235611645468
colosseum,12,laziness_knn_t5,-4.864927291870117,0.7,,,d2-c1-n0.1-m12,2,1,0.1,12,,-0.3340235611645468
colosseum,12,laziness_adaptive_t5,-4.830819606781006,0.69,,,d2-c1-n0.1-m12,2,1,0.1,12,,-0.3340235611645468
colosseum,12,successor_entropy,-2.605229250907898,0.03,908.6,,d2-c1-n0.1-m12,2,1,0.1,12,,-0.3340235611645468
colosseum,12,successor_orc,0.9425766544049692,4.99,908.6,,d2-c1-n0.1-m12,2,1,0.1,12,,-0.3340235611645468
colosseum,13,dc2,-0.7902499437332153,12.94,,,d2-c1-n0.1-m13,2,1,0.1,13,,0.7669424447984161
colosseum,13,dc_wasserstein_ollivier,0.2710034251213074,3.41,,,d2-c1-n0.1-m13,2,1,0.1,13,,0.7669424447984161
colosseum,13,dc_entropic_subtraction,-0.2257266044616699,3.28,,,d2-c1-n0.1-m13,2,1,0.1,13,,0.7669424447984161
colosseum,13,hickock,-5.833632572266794,54.75,,,d2-c1-n0.1-m13,2,1,0.1,13,,0.7669424447984161
colosseum,13,frc_weighted_adaptive,-29.57640921966503,0.88,,,d2-c1-n0.1-m13,2,1,0.1,13,,0.7669424447984161
colosseum,13,frc_unweighted_knn,-6.266666666666667,0.29,,,d2-c1-n0.1-m13,2,1,0.1,13,,0.7669424447984161
colosseum,13,orc,-0.0227975033512001,7.18,,,d2-c1-n0.1-m13,2,1,0.1,13,,0.7669424447984161
colosseum,13,spc_hop,25.1084253158505,64.63,,,d2-c1-n0.1-m13,2,1,0.1,13,,0.7669424447984161
colosseum,13,spc_diffusion_t5,-20.457566043358067,20.37,,,d2-c1-n0.1-m13,2,1,0.1,13,,0.7669424447984161
colosseum,13,laziness_knn_t5,-4.792464256286621,0.74,,,d2-c1-n0.1-m13,2,1,0.1,13,,0.7669424447984161
colosseum,13,laziness_adaptive_t5,-4.695529937744141,0.7,,,d2-c1-n0.1-m13,2,1,0.1,13,,0.7669424447984161
colosseum,13,successor_entropy,-2.6264712072610856,0.05,911.76,,d2-c1-n0.1-m13,2,1,0.1,13,,0.7669424447984161
colosseum,13,successor_orc,0.943279341515894,4.8,911.76,,d2-c1-n0.1-m13,2,1,0.1,13,,0.7669424447984161
colosseum,14,dc2,-0.765765905380249,12.56,,,d2-c1-n0.1-m14,2,1,0.1,14,,3.95269626474569
colosseum,14,dc_wasserstein_ollivier,0.2681149840354919,3.28,,,d2-c1-n0.1-m14,2,1,0.1,14,,3.95269626474569
colosseum,14,dc_entropic_subtraction,-0.0497312545776367,3.28,,,d2-c1-n0.1-m14,2,1,0.1,14,,3.95269626474569
colosseum,14,hickock,-4.484563526472832,53.55,,,d2-c1-n0.1-m14,2,1,0.1,14,,3.95269626474569
colosseum,14,frc_weighted_adaptive,-24.22222096883301,0.87,,,d2-c1-n0.1-m14,2,1,0.1,14,,3.95269626474569
colosseum,14,frc_unweighted_knn,-3.1818181818181817,0.28,,,d2-c1-n0.1-m14,2,1,0.1,14,,3.95269626474569
colosseum,14,orc,-0.0119165505352959,7.39,,,d2-c1-n0.1-m14,2,1,0.1,14,,3.95269626474569
colosseum,14,spc_hop,542.3753177064666,64.95,,,d2-c1-n0.1-m14,2,1,0.1,14,,3.95269626474569
colosseum,14,spc_diffusion_t5,227.3790126145772,20.57,,,d2-c1-n0.1-m14,2,1,0.1,14,,3.95269626474569
colosseum,14,laziness_knn_t5,-4.525358200073242,0.76,,,d2-c1-n0.1-m14,2,1,0.1,14,,3.95269626474569
colosseum,14,laziness_adaptive_t5,-4.50092363357544,0.7,,,d2-c1-n0.1-m14,2,1,0.1,14,,3.95269626474569
colosseum,14,successor_entropy,-2.616277874092261,0.05,913.7,,d2-c1-n0.1-m14,2,1,0.1,14,,3.95269626474569
colosseum,14,successor_orc,0.9445714305513656,5.66,913.7,,d2-c1-n0.1-m14,2,1,0.1,14,,3.95269626474569
colosseum,15,dc2,-0.9061276912689208,13.08,,,d2-c1-n0.1-m15,2,1,0.1,15,,6.3380056125985424
colosseum,15,dc_wasserstein_ollivier,0.349800705909729,3.38,,,d2-c1-n0.1-m15,2,1,0.1,15,,6.3380056125985424
colosseum,15,dc_entropic_subtraction,-0.0649175643920898,3.22,,,d2-c1-n0.1-m15,2,1,0.1,15,,6.3380056125985424
colosseum,15,hickock,-3.57502309573023,49.5,,,d2-c1-n0.1-m15,2,1,0.1,15,,6.3380056125985424
colosseum,15,frc_weighted_adaptive,-75.87494772161644,0.89,,,d2-c1-n0.1-m15,2,1,0.1,15,,6.3380056125985424
colosseum,15,frc_unweighted_knn,-2.9,0.28,,,d2-c1-n0.1-m15,2,1,0.1,15,,6.3380056125985424
colosseum,15,orc,0.0752827344220779,7.38,,,d2-c1-n0.1-m15,2,1,0.1,15,,6.3380056125985424
colosseum,15,spc_hop,501.9647167622165,70.92,,,d2-c1-n0.1-m15,2,1,0.1,15,,6.3380056125985424
colosseum,15,spc_diffusion_t5,-46.743358516241805,21.03,,,d2-c1-n0.1-m15,2,1,0.1,15,,6.3380056125985424
colosseum,15,laziness_knn_t5,-4.646540641784668,0.73,,,d2-c1-n0.1-m15,2,1,0.1,15,,6.3380056125985424
colosseum,15,laziness_adaptive_t5,-4.560305595397949,0.7,,,d2-c1-n0.1-m15,2,1,0.1,15,,6.3380056125985424
colosseum,15,successor_entropy,-2.55409269930919,0.04,921.27,,d2-c1-n0.1-m15,2,1,0.1,15,,6.3380056125985424
colosseum,15,successor_orc,0.9459709659569566,4.7,921.27,,d2-c1-n0.1-m15,2,1,0.1,15,,6.3380056125985424
colosseum,16,dc2,-0.6092686653137207,12.42,,,d2-c1-n0.1-m16,2,1,0.1,16,,2.1870331799938167
colosseum,16,dc_wasserstein_ollivier,0.2447879314422607,3.28,,,d2-c1-n0.1-m16,2,1,0.1,16,,2.1870331799938167
colosseum,16,dc_entropic_subtraction,-0.1101970672607421,2.8,,,d2-c1-n0.1-m16,2,1,0.1,16,,2.1870331799938167
colosseum,16,hickock,-5.193262730677109,53.21,,,d2-c1-n0.1-m16,2,1,0.1,16,,2.1870331799938167
colosseum,16,frc_weighted_adaptive,-34.2418638138188,1.19,,,d2-c1-n0.1-m16,2,1,0.1,16,,2.1870331799938167
colosseum,16,frc_unweighted_knn,0.3,0.29,,,d2-c1-n0.1-m16,2,1,0.1,16,,2.1870331799938167
colosseum,16,orc,0.1497832638145943,7.18,,,d2-c1-n0.1-m16,2,1,0.1,16,,2.1870331799938167
colosseum,16,spc_hop,4272.2257189954025,66.81,,,d2-c1-n0.1-m16,2,1,0.1,16,,2.1870331799938167
colosseum,16,spc_diffusion_t5,1045.4238422565936,20.31,,,d2-c1-n0.1-m16,2,1,0.1,16,,2.1870331799938167
colosseum,16,laziness_knn_t5,-4.317398071289063,0.73,,,d2-c1-n0.1-m16,2,1,0.1,16,,2.1870331799938167
colosseum,16,laziness_adaptive_t5,-4.2869086265563965,0.67,,,d2-c1-n0.1-m16,2,1,0.1,16,,2.1870331799938167
colosseum,16,successor_entropy,-2.5804941439231235,0.04,903.45,,d2-c1-n0.1-m16,2,1,0.1,16,,2.1870331799938167
colosseum,16,successor_orc,0.94383371756391,4.65,903.45,,d2-c1-n0.1-m16,2,1,0.1,16,,2.1870331799938167
colosseum,17,dc2,-1.5131304264068604,12.49,,,d2-c1-n0.1-m17,2,1,0.1,17,,-3.621891674375467
colosseum,17,dc_wasserstein_ollivier,0.2229124903678894,3.34,,,d2-c1-n0.1-m17,2,1,0.1,17,,-3.621891674375467
colosseum,17,dc_entropic_subtraction,-0.2779598236083984,2.94,,,d2-c1-n0.1-m17,2,1,0.1,17,,-3.621891674375467
colosseum,17,hickock,-7.327995020771013,54.17,,,d2-c1-n0.1-m17,2,1,0.1,17,,-3.621891674375467
colosseum,17,frc_weighted_adaptive,-42.51940692963616,1.14,,,d2-c1-n0.1-m17,2,1,0.1,17,,-3.621891674375467
colosseum,17,frc_unweighted_knn,-2.8666666666666667,0.28,,,d2-c1-n0.1-m17,2,1,0.1,17,,-3.621891674375467
colosseum,17,orc,-0.0398775584753557,7.3,,,d2-c1-n0.1-m17,2,1,0.1,17,,-3.621891674375467
colosseum,17,spc_hop,-9.462146878180928,70.82,,,d2-c1-n0.1-m17,2,1,0.1,17,,-3.621891674375467
colosseum,17,spc_diffusion_t5,-315.10780593938983,21.11,,,d2-c1-n0.1-m17,2,1,0.1,17,,-3.621891674375467
colosseum,17,laziness_knn_t5,-4.5211358070373535,0.75,,,d2-c1-n0.1-m17,2,1,0.1,17,,-3.621891674375467
colosseum,17,laziness_adaptive_t5,-4.464705467224121,0.72,,,d2-c1-n0.1-m17,2,1,0.1,17,,-3.621891674375467
colosseum,17,successor_entropy,-2.579778234620889,0.05,911.37,,d2-c1-n0.1-m17,2,1,0.1,17,,-3.621891674375467
colosseum,17,successor_orc,0.9407303332366246,4.92,911.37,,d2-c1-n0.1-m17,2,1,0.1,17,,-3.621891674375467
colosseum,18,dc2,-0.4883460998535156,12.7,,,d2-c1-n0.1-m18,2,1,0.1,18,,-15.28251344279291
colosseum,18,dc_wasserstein_ollivier,0.0389338731765747,3.33,,,d2-c1-n0.1-m18,2,1,0.1,18,,-15.28251344279291
colosseum,18,dc_entropic_subtraction,-0.0932369232177734,2.85,,,d2-c1-n0.1-m18,2,1,0.1,18,,-15.28251344279291
colosseum,18,hickock,-9.089921677546416,54.8,,,d2-c1-n0.1-m18,2,1,0.1,18,,-15.28251344279291
colosseum,18,frc_weighted_adaptive,-83.7755446150974,0.88,,,d2-c1-n0.1-m18,2,1,0.1,18,,-15.28251344279291
colosseum,18,frc_unweighted_knn,-10.727272727272728,0.6,,,d2-c1-n0.1-m18,2,1,0.1,18,,-15.28251344279291
colosseum,18,orc,-0.1559626651511831,7.27,,,d2-c1-n0.1-m18,2,1,0.1,18,,-15.28251344279291
colosseum,18,spc_hop,87.51040666243209,66.72,,,d2-c1-n0.1-m18,2,1,0.1,18,,-15.28251344279291
colosseum,18,spc_diffusion_t5,37.339878581630536,20.63,,,d2-c1-n0.1-m18,2,1,0.1,18,,-15.28251344279291
colosseum,18,laziness_knn_t5,-5.006160736083984,0.7,,,d2-c1-n0.1-m18,2,1,0.1,18,,-15.28251344279291
colosseum,18,laziness_adaptive_t5,-4.972225189208984,0.66,,,d2-c1-n0.1-m18,2,1,0.1,18,,-15.28251344279291
colosseum,18,successor_entropy,-2.7355654858350755,0.05,905.62,,d2-c1-n0.1-m18,2,1,0.1,18,,-15.28251344279291
colosseum,18,successor_orc,0.9465271301088602,4.83,905.62,,d2-c1-n0.1-m18,2,1,0.1,18,,-15.28251344279291
colosseum,19,dc2,-1.0529617071151731,12.93,,,d2-c1-n0.1-m19,2,1,0.1,19,,-14.227523288135632
colosseum,19,dc_wasserstein_ollivier,0.2028084993362426,3.44,,,d2-c1-n0.1-m19,2,1,0.1,19,,-14.227523288135632
colosseum,19,dc_entropic_subtraction,-0.0249171257019042,2.94,,,d2-c1-n0.1-m19,2,1,0.1,19,,-14.227523288135632
colosseum,19,hickock,-6.957357783511151,55.88,,,d2-c1-n0.1-m19,2,1,0.1,19,,-14.227523288135632
colosseum,19,frc_weighted_adaptive,-28.12907204168868,1.15,,,d2-c1-n0.1-m19,2,1,0.1,19,,-14.227523288135632
colosseum,19,frc_unweighted_knn,-5.8125,0.29,,,d2-c1-n0.1-m19,2,1,0.1,19,,-14.227523288135632
colosseum,19,orc,-0.01392686203798,7.48,,,d2-c1-n0.1-m19,2,1,0.1,19,,-14.227523288135632
colosseum,19,spc_hop,205.28572911896404,67.94,,,d2-c1-n0.1-m19,2,1,0.1,19,,-14.227523288135632
colosseum,19,spc_diffusion_t5,-186.7785311432017,19.62,,,d2-c1-n0.1-m19,2,1,0.1,19,,-14.227523288135632
colosseum,19,laziness_knn_t5,-4.427846908569336,0.76,,,d2-c1-n0.1-m19,2,1,0.1,19,,-14.227523288135632
colosseum,19,laziness_adaptive_t5,-4.408095836639404,0.71,,,d2-c1-n0.1-m19,2,1,0.1,19,,-14.227523288135632
colosseum,19,successor_entropy,-2.6677723080317177,0.05,905.37,,d2-c1-n0.1-m19,2,1,0.1,19,,-14.227523288135632
colosseum,19,successor_orc,0.9418767840842784,4.92,905.37,,d2-c1-n0.1-m19,2,1,0.1,19,,-14.227523288135632
colosseum,20,dc2,-0.9690440893173218,12.69,,,d2-c1-n0.1-m20,2,1,0.1,20,,-8.255701503046627
colosseum,20,dc_wasserstein_ollivier,0.1689410209655761,3.19,,,d2-c1-n0.1-m20,2,1,0.1,20,,-8.255701503046627
colosseum,20,dc_entropic_subtraction,0.0038814544677734,2.69,,,d2-c1-n0.1-m20,2,1,0.1,20,,-8.255701503046627
colosseum,20,hickock,-6.946298710003536,55.53,,,d2-c1-n0.1-m20,2,1,0.1,20,,-8.255701503046627
colosseum,20,frc_weighted_adaptive,-33.6951614124504,1.2,,,d2-c1-n0.1-m20,2,1,0.1,20,,-8.255701503046627
colosseum,20,frc_unweighted_knn,-6.909090909090909,0.28,,,d2-c1-n0.1-m20,2,1,0.1,20,,-8.255701503046627
colosseum,20,orc,-0.1341352569656701,7.54,,,d2-c1-n0.1-m20,2,1,0.1,20,,-8.255701503046627
colosseum,20,spc_hop,-75.90834051147701,64.8,,,d2-c1-n0.1-m20,2,1,0.1,20,,-8.255701503046627
colosseum,20,spc_diffusion_t5,-247.10476117461135,20.47,,,d2-c1-n0.1-m20,2,1,0.1,20,,-8.255701503046627
colosseum,20,laziness_knn_t5,-4.774145603179932,0.79,,,d2-c1-n0.1-m20,2,1,0.1,20,,-8.255701503046627
colosseum,20,laziness_adaptive_t5,-4.725190162658691,0.72,,,d2-c1-n0.1-m20,2,1,0.1,20,,-8.255701503046627
colosseum,20,successor_entropy,-2.5714865508079527,0.05,919.81,,d2-c1-n0.1-m20,2,1,0.1,20,,-8.255701503046627
colosseum,20,successor_orc,0.941292605409233,4.89,919.81,,d2-c1-n0.1-m20,2,1,0.1,20,,-8.255701503046627
colosseum,21,dc2,-1.043553352355957,12.87,,,d2-c1-n0.1-m21,2,1,0.1,21,,1.8331043018733284
colosseum,21,dc_wasserstein_ollivier,0.2482298016548156,3.4,,,d2-c1-n0.1-m21,2,1,0.1,21,,1.8331043018733284
colosseum,21,dc_entropic_subtraction,0.0251903533935546,2.97,,,d2-c1-n0.1-m21,2,1,0.1,21,,1.8331043018733284
colosseum,21,hickock,-4.916540407787335,54.88,,,d2-c1-n0.1-m21,2,1,0.1,21,,1.8331043018733284
colosseum,21,frc_weighted_adaptive,-17.347005562335983,1.21,,,d2-c1-n0.1-m21,2,1,0.1,21,,1.8331043018733284
colosseum,21,frc_unweighted_knn,-3.3,0.3,,,d2-c1-n0.1-m21,2,1,0.1,21,,1.8331043018733284
colosseum,21,orc,0.0127492670857253,7.58,,,d2-c1-n0.1-m21,2,1,0.1,21,,1.8331043018733284
colosseum,21,spc_hop,192.73281862638743,67.02,,,d2-c1-n0.1-m21,2,1,0.1,21,,1.8331043018733284
colosseum,21,spc_diffusion_t5,99.29759530622208,19.89,,,d2-c1-n0.1-m21,2,1,0.1,21,,1.8331043018733284
colosseum,21,laziness_knn_t5,-4.570808410644531,0.73,,,d2-c1-n0.1-m21,2,1,0.1,21,,1.8331043018733284
colosseum,21,laziness_adaptive_t5,-4.544032096862793,0.68,,,d2-c1-n0.1-m21,2,1,0.1,21,,1.8331043018733284
colosseum,21,successor_entropy,-2.6322585643927257,0.03,913.14,,d2-c1-n0.1-m21,2,1,0.1,21,,1.8331043018733284
colosseum,21,successor_orc,0.9443732816259774,5.6,913.14,,d2-c1-n0.1-m21,2,1,0.1,21,,1.8331043018733284
colosseum,22,dc2,-0.702502965927124,12.7,,,d2-c1-n0.1-m22,2,1,0.1,22,,-1.1776315020594383
colosseum,22,dc_wasserstein_ollivier,0.2601817846298218,3.3,,,d2-c1-n0.1-m22,2,1,0.1,22,,-1.1776315020594383
colosseum,22,dc_entropic_subtraction,-0.1195330619812011,2.86,,,d2-c1-n0.1-m22,2,1,0.1,22,,-1.1776315020594383
colosseum,22,hickock,-5.069974280902081,55.43,,,d2-c1-n0.1-m22,2,1,0.1,22,,-1.1776315020594383
colosseum,22,frc_weighted_adaptive,-62.49872052735671,1.13,,,d2-c1-n0.1-m22,2,1,0.1,22,,-1.1776315020594383
colosseum,22,frc_unweighted_knn,-3.0,0.28,,,d2-c1-n0.1-m22,2,1,0.1,22,,-1.1776315020594383
colosseum,22,orc,0.1206472282768044,6.76,,,d2-c1-n0.1-m22,2,1,0.1,22,,-1.1776315020594383
colosseum,22,spc_hop,-79.54278021152403,66.35,,,d2-c1-n0.1-m22,2,1,0.1,22,,-1.1776315020594383
colosseum,22,spc_diffusion_t5,610.3524157123376,20.56,,,d2-c1-n0.1-m22,2,1,0.1,22,,-1.1776315020594383
colosseum,22,laziness_knn_t5,-4.455876350402832,0.77,,,d2-c1-n0.1-m22,2,1,0.1,22,,-1.1776315020594383
colosseum,22,laziness_adaptive_t5,-4.42864990234375,0.71,,,d2-c1-n0.1-m22,2,1,0.1,22,,-1.1776315020594383
colosseum,22,successor_entropy,-2.550295664648215,0.05,911.41,,d2-c1-n0.1-m22,2,1,0.1,22,,-1.1776315020594383
colosseum,22,successor_orc,0.9401641871084264,4.65,911.41,,d2-c1-n0.1-m22,2,1,0.1,22,,-1.1776315020594383
colosseum,23,dc2,-1.2522053718566897,12.48,,,d2-c1-n0.1-m23,2,1,0.1,23,,-10.164886894156467
colosseum,23,dc_wasserstein_ollivier,0.1208187341690063,3.29,,,d2-c1-n0.1-m23,2,1,0.1,23,,-10.164886894156467
colosseum,23,dc_entropic_subtraction,-0.2181496620178222,2.86,,,d2-c1-n0.1-m23,2,1,0.1,23,,-10.164886894156467
colosseum,23,hickock,-7.9207826087846,52.63,,,d2-c1-n0.1-m23,2,1,0.1,23,,-10.164886894156467
colosseum,23,frc_weighted_adaptive,-48.10904134073473,1.23,,,d2-c1-n0.1-m23,2,1,0.1,23,,-10.164886894156467
colosseum,23,frc_unweighted_knn,0.4,0.3,,,d2-c1-n0.1-m23,2,1,0.1,23,,-10.164886894156467
colosseum,23,orc,0.059679250409141,7.26,,,d2-c1-n0.1-m23,2,1,0.1,23,,-10.164886894156467
colosseum,23,spc_hop,-170.72133888290568,69.09,,,d2-c1-n0.1-m23,2,1,0.1,23,,-10.164886894156467
colosseum,23,spc_diffusion_t5,1179.9591682350167,20.31,,,d2-c1-n0.1-m23,2,1,0.1,23,,-10.164886894156467
colosseum,23,laziness_knn_t5,-4.499794006347656,0.73,,,d2-c1-n0.1-m23,2,1,0.1,23,,-10.164886894156467
colosseum,23,laziness_adaptive_t5,-4.46736478805542,0.68,,,d2-c1-n0.1-m23,2,1,0.1,23,,-10.164886894156467
colosseum,23,successor_entropy,-2.642178113929927,0.05,902.42,,d2-c1-n0.1-m23,2,1,0.1,23,,-10.164886894156467
colosseum,23,successor_orc,0.9421460145551658,5.25,902.42,,d2-c1-n0.1-m23,2,1,0.1,23,,-10.164886894156467
colosseum,24,dc2,-0.455045223236084,13.07,,,d2-c1-n0.1-m24,2,1,0.1,24,,-7.649070288944087
colosseum,24,dc_wasserstein_ollivier,0.2384636998176574,3.39,,,d2-c1-n0.1-m24,2,1,0.1,24,,-7.649070288944087
colosseum,24,dc_entropic_subtraction,-0.0801334381103515,3.02,,,d2-c1-n0.1-m24,2,1,0.1,24,,-7.649070288944087
colosseum,24,hickock,-6.067550481188579,53.42,,,d2-c1-n0.1-m24,2,1,0.1,24,,-7.649070288944087
colosseum,24,frc_weighted_adaptive,-110.12002722607612,1.19,,,d2-c1-n0.1-m24,2,1,0.1,24,,-7.649070288944087
colosseum,24,frc_unweighted_knn,-4.909090909090909,0.29,,,d2-c1-n0.1-m24,2,1,0.1,24,,-7.649070288944087
colosseum,24,orc,-0.0101329534553368,6.9,,,d2-c1-n0.1-m24,2,1,0.1,24,,-7.649070288944087
colosseum,24,spc_hop,-28.71502815589668,64.97,,,d2-c1-n0.1-m24,2,1,0.1,24,,-7.649070288944087
colosseum,24,spc_diffusion_t5,-224.8256099460032,19.91,,,d2-c1-n0.1-m24,2,1,0.1,24,,-7.649070288944087
colosseum,24,laziness_knn_t5,-4.55790901184082,0.76,,,d2-c1-n0.1-m24,2,1,0.1,24,,-7.649070288944087
colosseum,24,laziness_adaptive_t5,-4.55721378326416,0.7,,,d2-c1-n0.1-m24,2,1,0.1,24,,-7.649070288944087
colosseum,24,successor_entropy,-2.622387778957685,0.06,927.68,,d2-c1-n0.1-m24,2,1,0.1,24,,-7.649070288944087
colosseum,24,successor_orc,0.94303212505773,5.26,927.68,,d2-c1-n0.1-m24,2,1,0.1,24,,-7.649070288944087
colosseum,25,dc2,0.1815662384033203,13.19,,,d2-c1-n0.1-m25,2,1,0.1,25,,11.837045593753738
colosseum,25,dc_wasserstein_ollivier,0.4015398025512695,3.39,,,d2-c1-n0.1-m25,2,1,0.1,25,,11.837045593753738
colosseum,25,dc_entropic_subtraction,0.1079859733581543,2.96,,,d2-c1-n0.1-m25,2,1,0.1,25,,11.837045593753738
colosseum,25,hickock,-1.8728471642248503,56.14,,,d2-c1-n0.1-m25,2,1,0.1,25,,11.837045593753738
colosseum,25,frc_weighted_adaptive,-37.82542492228958,1.16,,,d2-c1-n0.1-m25,2,1,0.1,25,,11.837045593753738
colosseum,25,frc_unweighted_knn,-1.1,0.29,,,d2-c1-n0.1-m25,2,1,0.1,25,,11.837045593753738
colosseum,25,orc,0.2548659270266796,7.13,,,d2-c1-n0.1-m25,2,1,0.1,25,,11.837045593753738
colosseum,25,spc_hop,104.51877672209696,68.61,,,d2-c1-n0.1-m25,2,1,0.1,25,,11.837045593753738
colosseum,25,spc_diffusion_t5,227.83341894396528,20.24,,,d2-c1-n0.1-m25,2,1,0.1,25,,11.837045593753738
colosseum,25,laziness_knn_t5,-4.404557704925537,0.77,,,d2-c1-n0.1-m25,2,1,0.1,25,,11.837045593753738
colosseum,25,laziness_adaptive_t5,-4.397751808166504,0.72,,,d2-c1-n0.1-m25,2,1,0.1,25,,11.837045593753738
colosseum,25,successor_entropy,-2.595269473254681,0.05,911.9,,d2-c1-n0.1-m25,2,1,0.1,25,,11.837045593753738
colosseum,25,successor_orc,0.9428392583011868,6.07,911.9,,d2-c1-n0.1-m25,2,1,0.1,25,,11.837045593753738
colosseum,26,dc2,-1.154634714126587,12.51,,,d2-c1-n0.1-m26,2,1,0.1,26,,1.2350782064969397
colosseum,26,dc_wasserstein_ollivier,0.2638188004493713,3.32,,,d2-c1-n0.1-m26,2,1,0.1,26,,1.2350782064969397
colosseum,26,dc_entropic_subtraction,0.1642465591430664,2.84,,,d2-c1-n0.1-m26,2,1,0.1,26,,1.2350782064969397
colosseum,26,hickock,-5.040485789095224,53.74,,,d2-c1-n0.1-m26,2,1,0.1,26,,1.2350782064969397
colosseum,26,frc_weighted_adaptive,-33.266042889251906,1.15,,,d2-c1-n0.1-m26,2,1,0.1,26,,1.2350782064969397
colosseum,26,frc_unweighted_knn,1.3076923076923077,0.28,,,d2-c1-n0.1-m26,2,1,0.1,26,,1.2350782064969397
colosseum,26,orc,0.0660506244583885,6.55,,,d2-c1-n0.1-m26,2,1,0.1,26,,1.2350782064969397
colosseum,26,spc_hop,-29.45908446285921,63.69,,,d2-c1-n0.1-m26,2,1,0.1,26,,1.2350782064969397
colosseum,26,spc_diffusion_t5,-783.4600676894798,20.01,,,d2-c1-n0.1-m26,2,1,0.1,26,,1.2350782064969397
colosseum,26,laziness_knn_t5,-4.155860900878906,0.72,,,d2-c1-n0.1-m26,2,1,0.1,26,,1.2350782064969397
colosseum,26,laziness_adaptive_t5,-4.164978981018066,0.68,,,d2-c1-n0.1-m26,2,1,0.1,26,,1.2350782064969397
colosseum,0,dc2,0.2124464958906173,17.1,,,d2-c1-n0.2-m0,2,1,0.2,0,,4.458347110290672
colosseum,0,dc_wasserstein_ollivier,0.4338531494140625,5.02,,,d2-c1-n0.2-m0,2,1,0.2,0,,4.458347110290672
colosseum,0,dc_entropic_subtraction,-0.0898265838623046,3.96,,,d2-c1-n0.2-m0,2,1,0.2,0,,4.458347110290672
colosseum,0,hickock,-7.538693317820606,51.11,,,d2-c1-n0.2-m0,2,1,0.2,0,,4.458347110290672
colosseum,0,frc_weighted_adaptive,-42.68623738915653,0.94,,,d2-c1-n0.2-m0,2,1,0.2,0,,4.458347110290672
colosseum,0,frc_unweighted_knn,-8.0,0.3,,,d2-c1-n0.2-m0,2,1,0.2,0,,4.458347110290672
colosseum,0,orc,0.0913988334014525,6.87,,,d2-c1-n0.2-m0,2,1,0.2,0,,4.458347110290672
colosseum,0,spc_hop,-568.4066455250359,75.82,,,d2-c1-n0.2-m0,2,1,0.2,0,,4.458347110290672
colosseum,0,spc_diffusion_t5,-433.6363661333404,20.27,,,d2-c1-n0.2-m0,2,1,0.2,0,,4.458347110290672
colosseum,0,laziness_knn_t5,-4.859422206878662,1.02,,,d2-c1-n0.2-m0,2,1,0.2,0,,4.458347110290672
colosseum,0,laziness_adaptive_t5,-4.813626766204834,0.74,,,d2-c1-n0.2-m0,2,1,0.2,0,,4.458347110290672
colosseum,0,successor_entropy,-2.0578984737421075,0.05,1353.45,,d2-c1-n0.2-m0,2,1,0.2,0,,4.458347110290672
colosseum,0,successor_orc,0.9503576404622542,4.5,1353.45,,d2-c1-n0.2-m0,2,1,0.2,0,,4.458347110290672
colosseum,1,dc2,-1.2566566467285156,14.47,,,d2-c1-n0.2-m1,2,1,0.2,1,,11.985946068202985
colosseum,1,dc_wasserstein_ollivier,0.4553986191749573,4.76,,,d2-c1-n0.2-m1,2,1,0.2,1,,11.985946068202985
colosseum,1,dc_entropic_subtraction,-0.1086602210998535,3.76,,,d2-c1-n0.2-m1,2,1,0.2,1,,11.985946068202985
colosseum,1,hickock,-9.641001961020708,52.2,,,d2-c1-n0.2-m1,2,1,0.2,1,,11.985946068202985
colosseum,1,frc_weighted_adaptive,-37.00910147256696,0.97,,,d2-c1-n0.2-m1,2,1,0.2,1,,11.985946068202985
colosseum,1,frc_unweighted_knn,0.1666666666666666,0.3,,,d2-c1-n0.2-m1,2,1,0.2,1,,11.985946068202985
colosseum,1,orc,0.1463260615665279,8.35,,,d2-c1-n0.2-m1,2,1,0.2,1,,11.985946068202985
colosseum,1,spc_hop,-153.76871927496262,65.09,,,d2-c1-n0.2-m1,2,1,0.2,1,,11.985946068202985
colosseum,1,spc_diffusion_t5,1502.0773904719033,22.23,,,d2-c1-n0.2-m1,2,1,0.2,1,,11.985946068202985
colosseum,1,laziness_knn_t5,-4.318680763244629,0.92,,,d2-c1-n0.2-m1,2,1,0.2,1,,11.985946068202985
colosseum,1,laziness_adaptive_t5,-4.251155853271484,0.78,,,d2-c1-n0.2-m1,2,1,0.2,1,,11.985946068202985
colosseum,1,successor_entropy,-2.2335643255809945,0.05,1294.16,,d2-c1-n0.2-m1,2,1,0.2,1,,11.985946068202985
colosseum,1,successor_orc,0.9477226975821144,6.7,1294.16,,d2-c1-n0.2-m1,2,1,0.2,1,,11.985946068202985
colosseum,2,dc2,-0.2089656591415405,16.63,,,d2-c1-n0.2-m2,2,1,0.2,2,,5.959645476237103
colosseum,2,dc_wasserstein_ollivier,0.3575804829597473,4.49,,,d2-c1-n0.2-m2,2,1,0.2,2,,5.959645476237103
colosseum,2,dc_entropic_subtraction,0.0932364463806152,3.56,,,d2-c1-n0.2-m2,2,1,0.2,2,,5.959645476237103
colosseum,2,hickock,-12.61882400254844,61.36,,,d2-c1-n0.2-m2,2,1,0.2,2,,5.959645476237103
colosseum,2,frc_weighted_adaptive,-56.32705035154497,1.14,,,d2-c1-n0.2-m2,2,1,0.2,2,,5.959645476237103
colosseum,2,frc_unweighted_knn,-1.6,0.42,,,d2-c1-n0.2-m2,2,1,0.2,2,,5.959645476237103
colosseum,2,orc,0.0719695882776015,8.76,,,d2-c1-n0.2-m2,2,1,0.2,2,,5.959645476237103
colosseum,2,spc_hop,-51.1238111620047,65.18,,,d2-c1-n0.2-m2,2,1,0.2,2,,5.959645476237103
colosseum,2,spc_diffusion_t5,1077.1034753366098,22.17,,,d2-c1-n0.2-m2,2,1,0.2,2,,5.959645476237103
colosseum,2,laziness_knn_t5,-4.6837334632873535,1.07,,,d2-c1-n0.2-m2,2,1,0.2,2,,5.959645476237103
colosseum,2,laziness_adaptive_t5,-4.610564231872559,0.75,,,d2-c1-n0.2-m2,2,1,0.2,2,,5.959645476237103
colosseum,2,successor_entropy,-2.2227048118362824,0.06,1225.39,,d2-c1-n0.2-m2,2,1,0.2,2,,5.959645476237103
colosseum,2,successor_orc,0.9522428751157392,5.32,1225.39,,d2-c1-n0.2-m2,2,1,0.2,2,,5.959645476237103
colosseum,3,dc2,-1.0715739727020264,14.26,,,d2-c1-n0.2-m3,2,1,0.2,3,,1.2458626962052683
colosseum,3,dc_wasserstein_ollivier,0.3195744752883911,5.21,,,d2-c1-n0.2-m3,2,1,0.2,3,,1.2458626962052683
colosseum,3,dc_entropic_subtraction,-0.2466382980346679,3.24,,,d2-c1-n0.2-m3,2,1,0.2,3,,1.2458626962052683
colosseum,3,hickock,-19.107878351738115,51.39,,,d2-c1-n0.2-m3,2,1,0.2,3,,1.2458626962052683
colosseum,3,frc_weighted_adaptive,-43.65176699741988,1.06,,,d2-c1-n0.2-m3,2,1,0.2,3,,1.2458626962052683
colosseum,3,frc_unweighted_knn,-5.181818181818182,0.38,,,d2-c1-n0.2-m3,2,1,0.2,3,,1.2458626962052683
colosseum,3,orc,-0.0444158286237703,8.83,,,d2-c1-n0.2-m3,2,1,0.2,3,,1.2458626962052683
colosseum,3,spc_hop,-1227.617646021686,68.96,,,d2-c1-n0.2-m3,2,1,0.2,3,,1.2458626962052683
colosseum,3,spc_diffusion_t5,-33.391842286843854,23.47,,,d2-c1-n0.2-m3,2,1,0.2,3,,1.2458626962052683
colosseum,3,laziness_knn_t5,-4.818845748901367,0.73,,,d2-c1-n0.2-m3,2,1,0.2,3,,1.2458626962052683
colosseum,3,laziness_adaptive_t5,-4.785280704498291,0.72,,,d2-c1-n0.2-m3,2,1,0.2,3,,1.2458626962052683
colosseum,3,successor_entropy,-1.959398680853347,0.05,1217.7,,d2-c1-n0.2-m3,2,1,0.2,3,,1.2458626962052683
colosseum,3,successor_orc,0.951379460358085,6.47,1217.7,,d2-c1-n0.2-m3,2,1,0.2,3,,1.2458626962052683
colosseum,4,dc2,-0.6438705921173096,14.33,,,d2-c1-n0.2-m4,2,1,0.2,4,,-0.4853814464916601
colosseum,4,dc_wasserstein_ollivier,0.3576491475105285,4.31,,,d2-c1-n0.2-m4,2,1,0.2,4,,-0.4853814464916601
colosseum,4,dc_entropic_subtraction,0.0143990516662597,3.74,,,d2-c1-n0.2-m4,2,1,0.2,4,,-0.4853814464916601
colosseum,4,hickock,-14.734452983431762,52.4,,,d2-c1-n0.2-m4,2,1,0.2,4,,-0.4853814464916601
colosseum,4,frc_weighted_adaptive,-43.26453634122228,0.88,,,d2-c1-n0.2-m4,2,1,0.2,4,,-0.4853814464916601
colosseum,4,frc_unweighted_knn,-6.166666666666667,0.29,,,d2-c1-n0.2-m4,2,1,0.2,4,,-0.4853814464916601
colosseum,4,orc,-0.0388596959436296,7.93,,,d2-c1-n0.2-m4,2,1,0.2,4,,-0.4853814464916601
colosseum,4,spc_hop,38.44266137462054,64.65,,,d2-c1-n0.2-m4,2,1,0.2,4,,-0.4853814464916601
colosseum,4,spc_diffusion_t5,-153.5281048780446,23.48,,,d2-c1-n0.2-m4,2,1,0.2,4,,-0.4853814464916601
colosseum,4,laziness_knn_t5,-4.736447334289551,0.95,,,d2-c1-n0.2-m4,2,1,0.2,4,,-0.4853814464916601
colosseum,4,laziness_adaptive_t5,-4.713590621948242,0.74,,,d2-c1-n0.2-m4,2,1,0.2,4,,-0.4853814464916601
colosseum,4,successor_entropy,-2.210208163496107,0.05,1203.02,,d2-c1-n0.2-m4,2,1,0.2,4,,-0.4853814464916601
colosseum,4,successor_orc,0.950394203034169,5.5,1203.02,,d2-c1-n0.2-m4,2,1,0.2,4,,-0.4853814464916601
colosseum,5,dc2,-0.4242007732391357,14.91,,,d2-c1-n0.2-m5,2,1,0.2,5,,-8.741504374818643
colosseum,5,dc_wasserstein_ollivier,0.2663949728012085,5.37,,,d2-c1-n0.2-m5,2,1,0.2,5,,-8.741504374818643
colosseum,5,dc_entropic_subtraction,0.4661684036254883,3.21,,,d2-c1-n0.2-m5,2,1,0.2,5,,-8.741504374818643
colosseum,5,hickock,-12.699882867821035,49.99,,,d2-c1-n0.2-m5,2,1,0.2,5,,-8.741504374818643
colosseum,5,frc_weighted_adaptive,-65.8135207826275,0.98,,,d2-c1-n0.2-m5,2,1,0.2,5,,-8.741504374818643
colosseum,5,frc_unweighted_knn,-3.1818181818181817,0.36,,,d2-c1-n0.2-m5,2,1,0.2,5,,-8.741504374818643
colosseum,5,orc,0.0270075973046854,8.75,,,d2-c1-n0.2-m5,2,1,0.2,5,,-8.741504374818643
colosseum,5,spc_hop,153.9934341151019,68.91,,,d2-c1-n0.2-m5,2,1,0.2,5,,-8.741504374818643
colosseum,5,spc_diffusion_t5,291.7994953074273,24.32,,,d2-c1-n0.2-m5,2,1,0.2,5,,-8.741504374818643
colosseum,5,laziness_knn_t5,-4.843374252319336,1.01,,,d2-c1-n0.2-m5,2,1,0.2,5,,-8.741504374818643
colosseum,5,laziness_adaptive_t5,-4.787746429443359,1.02,,,d2-c1-n0.2-m5,2,1,0.2,5,,-8.741504374818643
colosseum,5,successor_entropy,-2.283725078885754,0.05,1224.7,,d2-c1-n0.2-m5,2,1,0.2,5,,-8.741504374818643
colosseum,5,successor_orc,0.9516720828547528,5.48,1224.7,,d2-c1-n0.2-m5,2,1,0.2,5,,-8.741504374818643
colosseum,6,dc2,-1.4537543058395386,17.47,,,d2-c1-n0.2-m6,2,1,0.2,6,,-1.0036271430735495
colosseum,6,dc_wasserstein_ollivier,0.2118539810180664,6.0,,,d2-c1-n0.2-m6,2,1,0.2,6,,-1.0036271430735495
colosseum,6,dc_entropic_subtraction,-0.1171116828918457,3.71,,,d2-c1-n0.2-m6,2,1,0.2,6,,-1.0036271430735495
colosseum,6,hickock,-16.558306683306963,55.95,,,d2-c1-n0.2-m6,2,1,0.2,6,,-1.0036271430735495
colosseum,6,frc_weighted_adaptive,-23.205722232188464,0.89,,,d2-c1-n0.2-m6,2,1,0.2,6,,-1.0036271430735495
colosseum,6,frc_unweighted_knn,-6.588235294117647,0.31,,,d2-c1-n0.2-m6,2,1,0.2,6,,-1.0036271430735495
colosseum,6,orc,-0.0768658586169264,8.71,,,d2-c1-n0.2-m6,2,1,0.2,6,,-1.0036271430735495
colosseum,6,spc_hop,-60.33541871295446,64.34,,,d2-c1-n0.2-m6,2,1,0.2,6,,-1.0036271430735495
colosseum,6,spc_diffusion_t5,130.49476309386125,23.11,,,d2-c1-n0.2-m6,2,1,0.2,6,,-1.0036271430735495
colosseum,6,laziness_knn_t5,-4.761020183563232,0.73,,,d2-c1-n0.2-m6,2,1,0.2,6,,-1.0036271430735495
colosseum,6,laziness_adaptive_t5,-4.680761337280273,0.76,,,d2-c1-n0.2-m6,2,1,0.2,6,,-1.0036271430735495
colosseum,6,successor_entropy,-2.088338919942577,0.05,1174.4,,d2-c1-n0.2-m6,2,1,0.2,6,,-1.0036271430735495
colosseum,6,successor_orc,0.951318461934657,5.29,1174.4,,d2-c1-n0.2-m6,2,1,0.2,6,,-1.0036271430735495
colosseum,7,dc2,-0.7246156334877014,14.32,,,d2-c1-n0.2-m7,2,1,0.2,7,,15.640578339720996
colosseum,7,dc_wasserstein_ollivier,0.4913263320922851,4.68,,,d2-c1-n0.2-m7,2,1,0.2,7,,15.640578339720996
colosseum,7,dc_entropic_subtraction,0.2624907493591308,3.09,,,d2-c1-n0.2-m7,2,1,0.2,7,,15.640578339720996
colosseum,7,hickock,-11.825800738607832,53.61,,,d2-c1-n0.2-m7,2,1,0.2,7,,15.640578339720996
colosseum,7,frc_weighted_adaptive,-87.93977780330428,1.01,,,d2-c1-n0.2-m7,2,1,0.2,7,,15.640578339720996
colosseum,7,frc_unweighted_knn,-5.181818181818182,0.36,,,d2-c1-n0.2-m7,2,1,0.2,7,,15.640578339720996
colosseum,7,orc,-0.0188038551560731,9.1,,,d2-c1-n0.2-m7,2,1,0.2,7,,15.640578339720996
colosseum,7,spc_hop,-117.16420760826618,69.11,,,d2-c1-n0.2-m7,2,1,0.2,7,,15.640578339720996
colosseum,7,spc_diffusion_t5,-561.2846247880555,22.93,,,d2-c1-n0.2-m7,2,1,0.2,7,,15.640578339720996
colosseum,7,laziness_knn_t5,-4.6092305183410645,1.24,,,d2-c1-n0.2-m7,2,1,0.2,7,,15.640578339720996
colosseum,7,laziness_adaptive_t5,-4.603716850280762,0.94,,,d2-c1-n0.2-m7,2,1,0.2,7,,15.640578339720996
colosseum,7,successor_entropy,-2.3855732136418424,0.05,1262.49,,d2-c1-n0.2-m7,2,1,0.2,7,,15.640578339720996
colosseum,7,successor_orc,0.9497924245507732,6.46,1262.49,,d2-c1-n0.2-m7,2,1,0.2,7,,15.640578339720996
colosseum,8,dc2,-1.1270384788513184,14.1,,,d2-c1-n0.2-m8,2,1,0.2,8,,-0.0555630784549539
colosseum,8,dc_wasserstein_ollivier,0.248851478099823,4.56,,,d2-c1-n0.2-m8,2,1,0.2,8,,-0.0555630784549539
colosseum,8,dc_entropic_subtraction,-0.1203031539916992,3.16,,,d2-c1-n0.2-m8,2,1,0.2,8,,-0.0555630784549539
colosseum,8,hickock,-17.21574045791514,50.56,,,d2-c1-n0.2-m8,2,1,0.2,8,,-0.0555630784549539
colosseum,8,frc_weighted_adaptive,-153.37966341813424,0.93,,,d2-c1-n0.2-m8,2,1,0.2,8,,-0.0555630784549539
colosseum,8,frc_unweighted_knn,-4.923076923076923,0.31,,,d2-c1-n0.2-m8,2,1,0.2,8,,-0.0555630784549539
colosseum,8,orc,0.0419778055277307,8.24,,,d2-c1-n0.2-m8,2,1,0.2,8,,-0.0555630784549539
colosseum,8,spc_hop,30.939382476431497,65.46,,,d2-c1-n0.2-m8,2,1,0.2,8,,-0.0555630784549539
colosseum,8,spc_diffusion_t5,-239.3411804342726,24.25,,,d2-c1-n0.2-m8,2,1,0.2,8,,-0.0555630784549539
colosseum,8,laziness_knn_t5,-4.805184364318848,0.93,,,d2-c1-n0.2-m8,2,1,0.2,8,,-0.0555630784549539
colosseum,8,laziness_adaptive_t5,-4.747943878173828,0.76,,,d2-c1-n0.2-m8,2,1,0.2,8,,-0.0555630784549539
colosseum,8,successor_entropy,-2.055075949738423,0.06,1296.87,,d2-c1-n0.2-m8,2,1,0.2,8,,-0.0555630784549539
colosseum,8,successor_orc,0.9503981869029704,5.71,1296.87,,d2-c1-n0.2-m8,2,1,0.2,8,,-0.0555630784549539
colosseum,9,dc2,-1.5664706230163574,14.68,,,d2-c1-n0.2-m9,2,1,0.2,9,,-9.63928891671675
colosseum,9,dc_wasserstein_ollivier,0.1095485091209411,4.43,,,d2-c1-n0.2-m9,2,1,0.2,9,,-9.63928891671675
colosseum,9,dc_entropic_subtraction,-0.098726749420166,3.31,,,d2-c1-n0.2-m9,2,1,0.2,9,,-9.63928891671675
colosseum,9,hickock,-21.95263868751171,60.81,,,d2-c1-n0.2-m9,2,1,0.2,9,,-9.63928891671675
colosseum,9,frc_weighted_adaptive,-39.25194772379968,1.04,,,d2-c1-n0.2-m9,2,1,0.2,9,,-9.63928891671675
colosseum,9,frc_unweighted_knn,-6.0,0.38,,,d2-c1-n0.2-m9,2,1,0.2,9,,-9.63928891671675
colosseum,9,orc,-0.1280943886301686,9.47,,,d2-c1-n0.2-m9,2,1,0.2,9,,-9.63928891671675
colosseum,9,spc_hop,193.7941589151378,71.33,,,d2-c1-n0.2-m9,2,1,0.2,9,,-9.63928891671675
colosseum,9,spc_diffusion_t5,42.40799992333215,24.2,,,d2-c1-n0.2-m9,2,1,0.2,9,,-9.63928891671675
colosseum,9,laziness_knn_t5,-5.023938179016113,0.78,,,d2-c1-n0.2-m9,2,1,0.2,9,,-9.63928891671675
colosseum,9,laziness_adaptive_t5,-4.978537559509277,0.76,,,d2-c1-n0.2-m9,2,1,0.2,9,,-9.63928891671675
colosseum,9,successor_entropy,-2.267542725622654,0.06,1270.7,,d2-c1-n0.2-m9,2,1,0.2,9,,-9.63928891671675
colosseum,9,successor_orc,0.9518938595377476,6.24,1270.7,,d2-c1-n0.2-m9,2,1,0.2,9,,-9.63928891671675
colosseum,10,dc2,-1.2333698272705078,13.45,,,d2-c1-n0.2-m10,2,1,0.2,10,,0.8559727803993914
colosseum,10,dc_wasserstein_ollivier,0.3340812921524048,4.62,,,d2-c1-n0.2-m10,2,1,0.2,10,,0.8559727803993914
colosseum,10,dc_entropic_subtraction,-0.4477400779724121,3.38,,,d2-c1-n0.2-m10,2,1,0.2,10,,0.8559727803993914
colosseum,10,hickock,-20.90214756386468,57.92,,,d2-c1-n0.2-m10,2,1,0.2,10,,0.8559727803993914
colosseum,10,frc_weighted_adaptive,-20.77625363712834,1.01,,,d2-c1-n0.2-m10,2,1,0.2,10,,0.8559727803993914
colosseum,10,frc_unweighted_knn,-7.461538461538462,0.35,,,d2-c1-n0.2-m10,2,1,0.2,10,,0.8559727803993914
colosseum,10,orc,-0.1006629210456909,9.34,,,d2-c1-n0.2-m10,2,1,0.2,10,,0.8559727803993914
colosseum,10,spc_hop,-45.71965556025118,71.86,,,d2-c1-n0.2-m10,2,1,0.2,10,,0.8559727803993914
colosseum,10,spc_diffusion_t5,-278.6194267068493,25.32,,,d2-c1-n0.2-m10,2,1,0.2,10,,0.8559727803993914
colosseum,10,laziness_knn_t5,-4.837307453155518,0.96,,,d2-c1-n0.2-m10,2,1,0.2,10,,0.8559727803993914
colosseum,10,laziness_adaptive_t5,-4.787968158721924,0.9,,,d2-c1-n0.2-m10,2,1,0.2,10,,0.8559727803993914
colosseum,10,successor_entropy,-2.144526401610424,0.06,1295.16,,d2-c1-n0.2-m10,2,1,0.2,10,,0.8559727803993914
colosseum,10,successor_orc,0.9516306150845214,6.33,1295.16,,d2-c1-n0.2-m10,2,1,0.2,10,,0.8559727803993914
colosseum,11,dc2,-1.4751065969467163,14.59,,,d2-c1-n0.2-m11,2,1,0.2,11,,1.78385039878417
colosseum,11,dc_wasserstein_ollivier,0.390557050704956,4.62,,,d2-c1-n0.2-m11,2,1,0.2,11,,1.78385039878417
colosseum,11,dc_entropic_subtraction,-0.2246918678283691,3.35,,,d2-c1-n0.2-m11,2,1,0.2,11,,1.78385039878417
colosseum,11,hickock,-20.559681883798323,56.53,,,d2-c1-n0.2-m11,2,1,0.2,11,,1.78385039878417
colosseum,11,frc_weighted_adaptive,-72.56988820216469,1.03,,,d2-c1-n0.2-m11,2,1,0.2,11,,1.78385039878417
colosseum,11,frc_unweighted_knn,-5.666666666666667,0.35,,,d2-c1-n0.2-m11,2,1,0.2,11,,1.78385039878417
colosseum,11,orc,-0.0315403093682673,9.61,,,d2-c1-n0.2-m11,2,1,0.2,11,,1.78385039878417
colosseum,11,spc_hop,8399.313042944355,75.72,,,d2-c1-n0.2-m11,2,1,0.2,11,,1.78385039878417
colosseum,11,spc_diffusion_t5,-102.72470861480686,25.43,,,d2-c1-n0.2-m11,2,1,0.2,11,,1.78385039878417
colosseum,11,laziness_knn_t5,-4.855893611907959,0.98,,,d2-c1-n0.2-m11,2,1,0.2,11,,1.78385039878417
colosseum,11,laziness_adaptive_t5,-4.783984184265137,0.77,,,d2-c1-n0.2-m11,2,1,0.2,11,,1.78385039878417
colosseum,11,successor_entropy,-2.100419513679148,0.06,1283.24,,d2-c1-n0.2-m11,2,1,0.2,11,,1.78385039878417
colosseum,11,successor_orc,0.9508733336493422,5.48,1283.24,,d2-c1-n0.2-m11,2,1,0.2,11,,1.78385039878417
colosseum,12,dc2,-1.5836061239242554,14.41,,,d2-c1-n0.2-m12,2,1,0.2,12,,1.983572803387104
colosseum,12,dc_wasserstein_ollivier,0.266855239868164,4.36,,,d2-c1-n0.2-m12,2,1,0.2,12,,1.983572803387104
colosseum,12,dc_entropic_subtraction,0.084747314453125,3.65,,,d2-c1-n0.2-m12,2,1,0.2,12,,1.983572803387104
colosseum,12,hickock,-15.676951473778985,54.47,,,d2-c1-n0.2-m12,2,1,0.2,12,,1.983572803387104
colosseum,12,frc_weighted_adaptive,-60.35596662091975,1.01,,,d2-c1-n0.2-m12,2,1,0.2,12,,1.983572803387104
colosseum,12,frc_unweighted_knn,-9.384615384615383,0.36,,,d2-c1-n0.2-m12,2,1,0.2,12,,1.983572803387104
colosseum,12,orc,-0.1713286213937477,9.4,,,d2-c1-n0.2-m12,2,1,0.2,12,,1.983572803387104
colosseum,12,spc_hop,-1979.295858024096,72.6,,,d2-c1-n0.2-m12,2,1,0.2,12,,1.983572803387104
colosseum,12,spc_diffusion_t5,-686.8278854525568,23.89,,,d2-c1-n0.2-m12,2,1,0.2,12,,1.983572803387104
colosseum,12,laziness_knn_t5,-4.691085338592529,0.97,,,d2-c1-n0.2-m12,2,1,0.2,12,,1.983572803387104
colosseum,12,laziness_adaptive_t5,-4.684046745300293,1.5,,,d2-c1-n0.2-m12,2,1,0.2,12,,1.983572803387104
colosseum,12,successor_entropy,-2.1854447566506763,0.06,1198.15,,d2-c1-n0.2-m12,2,1,0.2,12,,1.983572803387104
colosseum,12,successor_orc,0.9540567679331928,5.64,1198.15,,d2-c1-n0.2-m12,2,1,0.2,12,,1.983572803387104
colosseum,13,dc2,-0.8067924976348877,13.82,,,d2-c1-n0.2-m13,2,1,0.2,13,,-2.911041865861804
colosseum,13,dc_wasserstein_ollivier,0.2207971215248108,4.32,,,d2-c1-n0.2-m13,2,1,0.2,13,,-2.911041865861804
colosseum,13,dc_entropic_subtraction,-0.0548834800720214,3.38,,,d2-c1-n0.2-m13,2,1,0.2,13,,-2.911041865861804
colosseum,13,hickock,-16.099291201126793,56.1,,,d2-c1-n0.2-m13,2,1,0.2,13,,-2.911041865861804
colosseum,13,frc_weighted_adaptive,-38.7902075856836,0.96,,,d2-c1-n0.2-m13,2,1,0.2,13,,-2.911041865861804
colosseum,13,frc_unweighted_knn,-4.875,0.33,,,d2-c1-n0.2-m13,2,1,0.2,13,,-2.911041865861804
colosseum,13,orc,0.0497114824130266,8.94,,,d2-c1-n0.2-m13,2,1,0.2,13,,-2.911041865861804
colosseum,13,spc_hop,-12.546925527345447,70.85,,,d2-c1-n0.2-m13,2,1,0.2,13,,-2.911041865861804
colosseum,13,spc_diffusion_t5,-150.24830615444213,23.63,,,d2-c1-n0.2-m13,2,1,0.2,13,,-2.911041865861804
colosseum,13,laziness_knn_t5,-4.715353965759277,0.74,,,d2-c1-n0.2-m13,2,1,0.2,13,,-2.911041865861804
colosseum,13,laziness_adaptive_t5,-4.68828010559082,0.72,,,d2-c1-n0.2-m13,2,1,0.2,13,,-2.911041865861804
colosseum,13,successor_entropy,-2.1532235495547454,0.05,1137.37,,d2-c1-n0.2-m13,2,1,0.2,13,,-2.911041865861804
colosseum,13,successor_orc,0.9509787946084944,6.99,1137.37,,d2-c1-n0.2-m13,2,1,0.2,13,,-2.911041865861804
colosseum,14,dc2,-1.3776559829711914,15.85,,,d2-c1-n0.2-m14,2,1,0.2,14,,-8.176519728997322
colosseum,14,dc_wasserstein_ollivier,0.2322308421134948,4.68,,,d2-c1-n0.2-m14,2,1,0.2,14,,-8.176519728997322
colosseum,14,dc_entropic_subtraction,-0.1631574630737304,3.4,,,d2-c1-n0.2-m14,2,1,0.2,14,,-8.176519728997322
colosseum,14,hickock,-21.854787709635232,50.81,,,d2-c1-n0.2-m14,2,1,0.2,14,,-8.176519728997322
colosseum,14,frc_weighted_adaptive,-39.18644462589288,1.06,,,d2-c1-n0.2-m14,2,1,0.2,14,,-8.176519728997322
colosseum,14,frc_unweighted_knn,-5.461538461538462,0.37,,,d2-c1-n0.2-m14,2,1,0.2,14,,-8.176519728997322
colosseum,14,orc,-0.1071336724422034,8.76,,,d2-c1-n0.2-m14,2,1,0.2,14,,-8.176519728997322
colosseum,14,spc_hop,602.5180977670859,63.58,,,d2-c1-n0.2-m14,2,1,0.2,14,,-8.176519728997322
colosseum,14,spc_diffusion_t5,-403.4013409368388,22.95,,,d2-c1-n0.2-m14,2,1,0.2,14,,-8.176519728997322
colosseum,14,laziness_knn_t5,-4.798097610473633,0.7,,,d2-c1-n0.2-m14,2,1,0.2,14,,-8.176519728997322
colosseum,14,laziness_adaptive_t5,-4.700609683990479,1.08,,,d2-c1-n0.2-m14,2,1,0.2,14,,-8.176519728997322
colosseum,14,successor_entropy,-2.208179958038032,0.05,1115.67,,d2-c1-n0.2-m14,2,1,0.2,14,,-8.176519728997322
colosseum,14,successor_orc,0.9525622383361624,5.44,1115.67,,d2-c1-n0.2-m14,2,1,0.2,14,,-8.176519728997322
colosseum,15,dc2,-0.5880575180053711,13.24,,,d2-c1-n0.2-m15,2,1,0.2,15,,15.046901647107417
colosseum,15,dc_wasserstein_ollivier,0.4660011529922485,4.09,,,d2-c1-n0.2-m15,2,1,0.2,15,,15.046901647107417
colosseum,15,dc_entropic_subtraction,0.2422990798950195,2.98,,,d2-c1-n0.2-m15,2,1,0.2,15,,15.046901647107417
colosseum,15,hickock,-9.492616218716616,52.55,,,d2-c1-n0.2-m15,2,1,0.2,15,,15.046901647107417
colosseum,15,frc_weighted_adaptive,-26.126905115857628,1.01,,,d2-c1-n0.2-m15,2,1,0.2,15,,15.046901647107417
colosseum,15,frc_unweighted_knn,-4.333333333333333,0.35,,,d2-c1-n0.2-m15,2,1,0.2,15,,15.046901647107417
colosseum,15,orc,0.0648024080573511,8.77,,,d2-c1-n0.2-m15,2,1,0.2,15,,15.046901647107417
colosseum,15,spc_hop,33.38675333932541,69.95,,,d2-c1-n0.2-m15,2,1,0.2,15,,15.046901647107417
colosseum,15,spc_diffusion_t5,-105.67230375511808,22.93,,,d2-c1-n0.2-m15,2,1,0.2,15,,15.046901647107417
colosseum,15,laziness_knn_t5,-4.605830192565918,0.84,,,d2-c1-n0.2-m15,2,1,0.2,15,,15.046901647107417
colosseum,15,laziness_adaptive_t5,-4.537609100341797,1.07,,,d2-c1-n0.2-m15,2,1,0.2,15,,15.046901647107417
colosseum,15,successor_entropy,-2.4124643798271816,0.05,1132.88,,d2-c1-n0.2-m15,2,1,0.2,15,,15.046901647107417
colosseum,15,successor_orc,0.9498929907226068,5.37,1132.88,,d2-c1-n0.2-m15,2,1,0.2,15,,15.046901647107417
colosseum,16,dc2,-1.128075361251831,12.81,,,d2-c1-n0.2-m16,2,1,0.2,16,,-4.05499766034996
colosseum,16,dc_wasserstein_ollivier,0.1929194927215576,4.04,,,d2-c1-n0.2-m16,2,1,0.2,16,,-4.05499766034996
colosseum,16,dc_entropic_subtraction,0.1779451370239257,2.95,,,d2-c1-n0.2-m16,2,1,0.2,16,,-4.05499766034996
colosseum,16,hickock,-14.281327026299628,53.99,,,d2-c1-n0.2-m16,2,1,0.2,16,,-4.05499766034996
colosseum,16,frc_weighted_adaptive,-41.05997310631764,1.0,,,d2-c1-n0.2-m16,2,1,0.2,16,,-4.05499766034996
colosseum,16,frc_unweighted_knn,-6.333333333333333,0.35,,,d2-c1-n0.2-m16,2,1,0.2,16,,-4.05499766034996
colosseum,16,orc,-0.0548243319198802,8.85,,,d2-c1-n0.2-m16,2,1,0.2,16,,-4.05499766034996
colosseum,16,spc_hop,-127.84012386773502,66.51,,,d2-c1-n0.2-m16,2,1,0.2,16,,-4.05499766034996
colosseum,16,spc_diffusion_t5,-62.74553635515704,22.41,,,d2-c1-n0.2-m16,2,1,0.2,16,,-4.05499766034996
colosseum,16,laziness_knn_t5,-4.810728073120117,0.7,,,d2-c1-n0.2-m16,2,1,0.2,16,,-4.05499766034996
colosseum,16,laziness_adaptive_t5,-4.727323532104492,1.06,,,d2-c1-n0.2-m16,2,1,0.2,16,,-4.05499766034996
colosseum,16,successor_entropy,-2.3003787831986946,0.05,1124.21,,d2-c1-n0.2-m16,2,1,0.2,16,,-4.05499766034996
colosseum,16,successor_orc,0.9522047089194832,5.28,1124.21,,d2-c1-n0.2-m16,2,1,0.2,16,,-4.05499766034996
colosseum,17,dc2,-2.2434277534484863,13.68,,,d2-c1-n0.2-m17,2,1,0.2,17,,-0.5296652973874447
colosseum,17,dc_wasserstein_ollivier,0.2868696451187134,5.45,,,d2-c1-n0.2-m17,2,1,0.2,17,,-0.5296652973874447
colosseum,17,dc_entropic_subtraction,-0.2379846572875976,4.08,,,d2-c1-n0.2-m17,2,1,0.2,17,,-0.5296652973874447
colosseum,17,hickock,-19.093610880253337,52.91,,,d2-c1-n0.2-m17,2,1,0.2,17,,-0.5296652973874447
colosseum,17,frc_weighted_adaptive,-44.20869314930758,0.9,,,d2-c1-n0.2-m17,2,1,0.2,17,,-0.5296652973874447
colosseum,17,frc_unweighted_knn,-3.8461538461538463,0.3,,,d2-c1-n0.2-m17,2,1,0.2,17,,-0.5296652973874447
colosseum,17,orc,-0.0505582585240342,9.09,,,d2-c1-n0.2-m17,2,1,0.2,17,,-0.5296652973874447
colosseum,17,spc_hop,-72.30729254459376,67.89,,,d2-c1-n0.2-m17,2,1,0.2,17,,-0.5296652973874447
colosseum,17,spc_diffusion_t5,-14.066225572594828,21.53,,,d2-c1-n0.2-m17,2,1,0.2,17,,-0.5296652973874447
colosseum,17,laziness_knn_t5,-4.810229301452637,1.01,,,d2-c1-n0.2-m17,2,1,0.2,17,,-0.5296652973874447
colosseum,17,laziness_adaptive_t5,-4.776385307312012,1.54,,,d2-c1-n0.2-m17,2,1,0.2,17,,-0.5296652973874447
colosseum,17,successor_entropy,-1.912767446471999,0.05,1157.8,,d2-c1-n0.2-m17,2,1,0.2,17,,-0.5296652973874447
colosseum,17,successor_orc,0.952161760117218,4.94,1157.8,,d2-c1-n0.2-m17,2,1,0.2,17,,-0.5296652973874447
colosseum,18,dc2,-0.9911619424819946,12.75,,,d2-c1-n0.2-m18,2,1,0.2,18,,-4.455856406702759
colosseum,18,dc_wasserstein_ollivier,0.2189669609069824,4.56,,,d2-c1-n0.2-m18,2,1,0.2,18,,-4.455856406702759
colosseum,18,dc_entropic_subtraction,0.3767523765563965,4.08,,,d2-c1-n0.2-m18,2,1,0.2,18,,-4.455856406702759
colosseum,18,hickock,-13.918729479014276,54.68,,,d2-c1-n0.2-m18,2,1,0.2,18,,-4.455856406702759
colosseum,18,frc_weighted_adaptive,-29.271309983959025,0.88,,,d2-c1-n0.2-m18,2,1,0.2,18,,-4.455856406702759
colosseum,18,frc_unweighted_knn,-1.1333333333333333,0.28,,,d2-c1-n0.2-m18,2,1,0.2,18,,-4.455856406702759
colosseum,18,orc,-0.0093916719196925,9.0,,,d2-c1-n0.2-m18,2,1,0.2,18,,-4.455856406702759
colosseum,18,spc_hop,179.4589401937492,63.34,,,d2-c1-n0.2-m18,2,1,0.2,18,,-4.455856406702759
colosseum,18,spc_diffusion_t5,-29.07566818011404,21.85,,,d2-c1-n0.2-m18,2,1,0.2,18,,-4.455856406702759
colosseum,18,laziness_knn_t5,-4.468681335449219,0.73,,,d2-c1-n0.2-m18,2,1,0.2,18,,-4.455856406702759
colosseum,18,laziness_adaptive_t5,-4.412461280822754,1.16,,,d2-c1-n0.2-m18,2,1,0.2,18,,-4.455856406702759
colosseum,18,successor_entropy,-2.481013352761666,0.05,1087.11,,d2-c1-n0.2-m18,2,1,0.2,18,,-4.455856406702759
colosseum,18,successor_orc,0.9500783103806364,9.5,1087.11,,d2-c1-n0.2-m18,2,1,0.2,18,,-4.455856406702759
colosseum,19,dc2,0.0253363344818353,13.38,,,d2-c1-n0.2-m19,2,1,0.2,19,,-3.3477199842289656
colosseum,19,dc_wasserstein_ollivier,0.3003907203674316,4.8,,,d2-c1-n0.2-m19,2,1,0.2,19,,-3.3477199842289656
colosseum,19,dc_entropic_subtraction,-0.1794166564941406,3.43,,,d2-c1-n0.2-m19,2,1,0.2,19,,-3.3477199842289656
colosseum,19,hickock,-20.94381094727274,56.23,,,d2-c1-n0.2-m19,2,1,0.2,19,,-3.3477199842289656
colosseum,19,frc_weighted_adaptive,-38.91979125673888,0.95,,,d2-c1-n0.2-m19,2,1,0.2,19,,-3.3477199842289656
colosseum,19,frc_unweighted_knn,-3.9166666666666665,0.32,,,d2-c1-n0.2-m19,2,1,0.2,19,,-3.3477199842289656
colosseum,19,orc,0.0121862284426735,8.91,,,d2-c1-n0.2-m19,2,1,0.2,19,,-3.3477199842289656
colosseum,19,spc_hop,-68.5839867035128,65.51,,,d2-c1-n0.2-m19,2,1,0.2,19,,-3.3477199842289656
colosseum,19,spc_diffusion_t5,-501.7306712849795,22.56,,,d2-c1-n0.2-m19,2,1,0.2,19,,-3.3477199842289656
colosseum,19,laziness_knn_t5,-4.687713623046875,1.0,,,d2-c1-n0.2-m19,2,1,0.2,19,,-3.3477199842289656
colosseum,19,laziness_adaptive_t5,-4.601271152496338,0.75,,,d2-c1-n0.2-m19,2,1,0.2,19,,-3.3477199842289656
colosseum,19,successor_entropy,-2.0656385366170045,0.06,1101.75,,d2-c1-n0.2-m19,2,1,0.2,19,,-3.3477199842289656
colosseum,19,successor_orc,0.9541146022919316,5.58,1101.75,,d2-c1-n0.2-m19,2,1,0.2,19,,-3.3477199842289656
colosseum,20,dc2,-1.5262384414672852,15.72,,,d2-c1-n0.2-m20,2,1,0.2,20,,-50.13903236663175
colosseum,20,dc_wasserstein_ollivier,0.122978389263153,4.01,,,d2-c1-n0.2-m20,2,1,0.2,20,,-50.13903236663175
colosseum,20,dc_entropic_subtraction,0.0533642768859863,3.58,,,d2-c1-n0.2-m20,2,1,0.2,20,,-50.13903236663175
colosseum,20,hickock,-20.7955930932198,56.89,,,d2-c1-n0.2-m20,2,1,0.2,20,,-50.13903236663175
colosseum,20,frc_weighted_adaptive,-51.82900788659542,0.93,,,d2-c1-n0.2-m20,2,1,0.2,20,,-50.13903236663175
colosseum,20,frc_unweighted_knn,-7.454545454545454,0.35,,,d2-c1-n0.2-m20,2,1,0.2,20,,-50.13903236663175
colosseum,20,orc,-0.0966556445553829,9.34,,,d2-c1-n0.2-m20,2,1,0.2,20,,-50.13903236663175
colosseum,20,spc_hop,-30.407098712673147,64.79,,,d2-c1-n0.2-m20,2,1,0.2,20,,-50.13903236663175
colosseum,20,spc_diffusion_t5,-69.67751122752168,22.75,,,d2-c1-n0.2-m20,2,1,0.2,20,,-50.13903236663175
colosseum,20,laziness_knn_t5,-5.051219463348389,1.01,,,d2-c1-n0.2-m20,2,1,0.2,20,,-50.13903236663175
colosseum,20,laziness_adaptive_t5,-4.993969917297363,1.02,,,d2-c1-n0.2-m20,2,1,0.2,20,,-50.13903236663175
colosseum,0,dc2,-0.1270966529846191,16.43,,,d3-c1-n0.01-m0,3,1,0.01,0,,-6.791704723698425
colosseum,0,dc_wasserstein_ollivier,-0.7267454862594604,5.09,,,d3-c1-n0.01-m0,3,1,0.01,0,,-6.791704723698425
colosseum,0,dc_entropic_subtraction,0.2672915458679199,3.43,,,d3-c1-n0.01-m0,3,1,0.01,0,,-6.791704723698425
colosseum,0,hickock,4.897181421151144,52.37,,,d3-c1-n0.01-m0,3,1,0.01,0,,-6.791704723698425
colosseum,0,frc_weighted_adaptive,-28.52664198830217,1.09,,,d3-c1-n0.01-m0,3,1,0.01,0,,-6.791704723698425
colosseum,0,frc_unweighted_knn,-6.076923076923077,0.27,,,d3-c1-n0.01-m0,3,1,0.01,0,,-6.791704723698425
colosseum,0,orc,-0.0260657655167489,7.77,,,d3-c1-n0.01-m0,3,1,0.01,0,,-6.791704723698425
colosseum,0,spc_hop,-72.73534427284423,64.85,,,d3-c1-n0.01-m0,3,1,0.01,0,,-6.791704723698425
colosseum,0,spc_diffusion_t5,-269.90032696712603,21.06,,,d3-c1-n0.01-m0,3,1,0.01,0,,-6.791704723698425
colosseum,0,laziness_knn_t5,-4.766843795776367,0.94,,,d3-c1-n0.01-m0,3,1,0.01,0,,-6.791704723698425
colosseum,0,laziness_adaptive_t5,-4.701070785522461,0.75,,,d3-c1-n0.01-m0,3,1,0.01,0,,-6.791704723698425
colosseum,0,successor_entropy,-2.1784941632052264,0.05,1022.97,,d3-c1-n0.01-m0,3,1,0.01,0,,-6.791704723698425
colosseum,0,successor_orc,0.9464997240411748,3.74,1022.97,,d3-c1-n0.01-m0,3,1,0.01,0,,-6.791704723698425
colosseum,1,dc2,-0.3747177124023437,15.57,,,d3-c1-n0.01-m1,3,1,0.01,1,,-6.003106252113723
colosseum,1,dc_wasserstein_ollivier,-0.7045078277587891,4.27,,,d3-c1-n0.01-m1,3,1,0.01,1,,-6.003106252113723
colosseum,1,dc_entropic_subtraction,0.1646552085876464,2.86,,,d3-c1-n0.01-m1,3,1,0.01,1,,-6.003106252113723
colosseum,1,hickock,5.017814510102762,52.71,,,d3-c1-n0.01-m1,3,1,0.01,1,,-6.003106252113723
colosseum,1,frc_weighted_adaptive,-18.195039584974545,0.86,,,d3-c1-n0.01-m1,3,1,0.01,1,,-6.003106252113723
colosseum,1,frc_unweighted_knn,-8.909090909090908,0.27,,,d3-c1-n0.01-m1,3,1,0.01,1,,-6.003106252113723
colosseum,1,orc,-0.154157430755936,8.0,,,d3-c1-n0.01-m1,3,1,0.01,1,,-6.003106252113723
colosseum,1,spc_hop,-9.226102021335167,61.83,,,d3-c1-n0.01-m1,3,1,0.01,1,,-6.003106252113723
colosseum,1,spc_diffusion_t5,-283.93759277188474,20.32,,,d3-c1-n0.01-m1,3,1,0.01,1,,-6.003106252113723
colosseum,1,laziness_knn_t5,-4.926971912384033,0.72,,,d3-c1-n0.01-m1,3,1,0.01,1,,-6.003106252113723
colosseum,1,laziness_adaptive_t5,-4.870243072509766,1.09,,,d3-c1-n0.01-m1,3,1,0.01,1,,-6.003106252113723
colosseum,1,successor_entropy,-2.1515086555133265,0.05,1018.12,,d3-c1-n0.01-m1,3,1,0.01,1,,-6.003106252113723
colosseum,1,successor_orc,0.9479236930917528,3.68,1018.12,,d3-c1-n0.01-m1,3,1,0.01,1,,-6.003106252113723
colosseum,2,dc2,-0.1589336395263672,14.58,,,d3-c1-n0.01-m2,3,1,0.01,2,,-11.133593704594857
colosseum,2,dc_wasserstein_ollivier,-0.7419259548187256,4.01,,,d3-c1-n0.01-m2,3,1,0.01,2,,-11.133593704594857
colosseum,2,dc_entropic_subtraction,0.0753283500671386,3.19,,,d3-c1-n0.01-m2,3,1,0.01,2,,-11.133593704594857
colosseum,2,hickock,4.167967797362779,53.36,,,d3-c1-n0.01-m2,3,1,0.01,2,,-11.133593704594857
colosseum,2,frc_weighted_adaptive,-104.52616681559252,0.92,,,d3-c1-n0.01-m2,3,1,0.01,2,,-11.133593704594857
colosseum,2,frc_unweighted_knn,-7.7,0.27,,,d3-c1-n0.01-m2,3,1,0.01,2,,-11.133593704594857
colosseum,2,orc,-0.1543723787261967,7.98,,,d3-c1-n0.01-m2,3,1,0.01,2,,-11.133593704594857
colosseum,2,spc_hop,140.816975739011,63.32,,,d3-c1-n0.01-m2,3,1,0.01,2,,-11.133593704594857
colosseum,2,spc_diffusion_t5,-90.5995483919828,21.27,,,d3-c1-n0.01-m2,3,1,0.01,2,,-11.133593704594857
colosseum,2,laziness_knn_t5,-5.174314498901367,0.76,,,d3-c1-n0.01-m2,3,1,0.01,2,,-11.133593704594857
colosseum,2,laziness_adaptive_t5,-5.132250785827637,0.75,,,d3-c1-n0.01-m2,3,1,0.01,2,,-11.133593704594857
colosseum,2,successor_entropy,-2.059229855619371,0.05,1012.02,,d3-c1-n0.01-m2,3,1,0.01,2,,-11.133593704594857
colosseum,2,successor_orc,0.9465998147278836,4.6,1012.02,,d3-c1-n0.01-m2,3,1,0.01,2,,-11.133593704594857
colosseum,3,dc2,0.9256134033203124,14.36,,,d3-c1-n0.01-m3,3,1,0.01,3,,-14.39298814352266
colosseum,3,dc_wasserstein_ollivier,-0.8286401033401489,4.28,,,d3-c1-n0.01-m3,3,1,0.01,3,,-14.39298814352266
colosseum,3,dc_entropic_subtraction,0.0677170753479003,2.97,,,d3-c1-n0.01-m3,3,1,0.01,3,,-14.39298814352266
colosseum,3,hickock,4.154597140214914,53.94,,,d3-c1-n0.01-m3,3,1,0.01,3,,-14.39298814352266
colosseum,3,frc_weighted_adaptive,-26.860035776162004,0.85,,,d3-c1-n0.01-m3,3,1,0.01,3,,-14.39298814352266
colosseum,3,frc_unweighted_knn,-7.6,0.27,,,d3-c1-n0.01-m3,3,1,0.01,3,,-14.39298814352266
colosseum,3,orc,-0.1842916435292793,7.74,,,d3-c1-n0.01-m3,3,1,0.01,3,,-14.39298814352266
colosseum,3,spc_hop,-274.6738122757465,62.69,,,d3-c1-n0.01-m3,3,1,0.01,3,,-14.39298814352266
colosseum,3,spc_diffusion_t5,-98.51743676677552,20.79,,,d3-c1-n0.01-m3,3,1,0.01,3,,-14.39298814352266
colosseum,3,laziness_knn_t5,-5.122104644775391,0.75,,,d3-c1-n0.01-m3,3,1,0.01,3,,-14.39298814352266
colosseum,3,laziness_adaptive_t5,-5.039926052093506,0.76,,,d3-c1-n0.01-m3,3,1,0.01,3,,-14.39298814352266
colosseum,3,successor_entropy,-2.1261787018751104,0.05,977.88,,d3-c1-n0.01-m3,3,1,0.01,3,,-14.39298814352266
colosseum,3,successor_orc,0.9474716604344624,5.76,977.88,,d3-c1-n0.01-m3,3,1,0.01,3,,-14.39298814352266
colosseum,4,dc2,-0.0105600357055664,15.15,,,d3-c1-n0.01-m4,3,1,0.01,4,,-3.931951821583101
colosseum,4,dc_wasserstein_ollivier,-0.6433358192443848,5.18,,,d3-c1-n0.01-m4,3,1,0.01,4,,-3.931951821583101
colosseum,4,dc_entropic_subtraction,0.3382110595703125,3.82,,,d3-c1-n0.01-m4,3,1,0.01,4,,-3.931951821583101
colosseum,4,hickock,5.098315866641379,53.04,,,d3-c1-n0.01-m4,3,1,0.01,4,,-3.931951821583101
colosseum,4,frc_weighted_adaptive,-48.88995739953732,0.87,,,d3-c1-n0.01-m4,3,1,0.01,4,,-3.931951821583101
colosseum,4,frc_unweighted_knn,-7.076923076923077,0.26,,,d3-c1-n0.01-m4,3,1,0.01,4,,-3.931951821583101
colosseum,4,orc,-0.0678203105706449,7.31,,,d3-c1-n0.01-m4,3,1,0.01,4,,-3.931951821583101
colosseum,4,spc_hop,20.88751526491103,62.08,,,d3-c1-n0.01-m4,3,1,0.01,4,,-3.931951821583101
colosseum,4,spc_diffusion_t5,-26.581800718860563,19.4,,,d3-c1-n0.01-m4,3,1,0.01,4,,-3.931951821583101
colosseum,4,laziness_knn_t5,-4.977163791656494,1.05,,,d3-c1-n0.01-m4,3,1,0.01,4,,-3.931951821583101
colosseum,4,laziness_adaptive_t5,-4.883366584777832,1.05,,,d3-c1-n0.01-m4,3,1,0.01,4,,-3.931951821583101
colosseum,4,successor_entropy,-2.217731712631881,0.04,999.24,,d3-c1-n0.01-m4,3,1,0.01,4,,-3.931951821583101
colosseum,4,successor_orc,0.9455075222959276,5.16,999.24,,d3-c1-n0.01-m4,3,1,0.01,4,,-3.931951821583101
colosseum,5,dc2,0.0555791854858398,15.88,,,d3-c1-n0.01-m5,3,1,0.01,5,,-23.81869718305485
colosseum,5,dc_wasserstein_ollivier,-0.8887009620666504,4.43,,,d3-c1-n0.01-m5,3,1,0.01,5,,-23.81869718305485
colosseum,5,dc_entropic_subtraction,0.1605710983276367,3.49,,,d3-c1-n0.01-m5,3,1,0.01,5,,-23.81869718305485
colosseum,5,hickock,3.8488600420521495,50.73,,,d3-c1-n0.01-m5,3,1,0.01,5,,-23.81869718305485
colosseum,5,frc_weighted_adaptive,-150.9099457656832,0.89,,,d3-c1-n0.01-m5,3,1,0.01,5,,-23.81869718305485
colosseum,5,frc_unweighted_knn,-6.1,0.28,,,d3-c1-n0.01-m5,3,1,0.01,5,,-23.81869718305485
colosseum,5,orc,-0.1583523719269965,7.85,,,d3-c1-n0.01-m5,3,1,0.01,5,,-23.81869718305485
colosseum,5,spc_hop,1.1411575986671778,62.36,,,d3-c1-n0.01-m5,3,1,0.01,5,,-23.81869718305485
colosseum,5,spc_diffusion_t5,-42.41955134117379,21.04,,,d3-c1-n0.01-m5,3,1,0.01,5,,-23.81869718305485
colosseum,5,laziness_knn_t5,-5.118050575256348,1.01,,,d3-c1-n0.01-m5,3,1,0.01,5,,-23.81869718305485
colosseum,5,laziness_adaptive_t5,-5.080493927001953,0.74,,,d3-c1-n0.01-m5,3,1,0.01,5,,-23.81869718305485
colosseum,5,successor_entropy,-2.107599729634821,0.05,987.51,,d3-c1-n0.01-m5,3,1,0.01,5,,-23.81869718305485
colosseum,5,successor_orc,0.9469778277547126,5.58,987.51,,d3-c1-n0.01-m5,3,1,0.01,5,,-23.81869718305485
colosseum,6,dc2,0.0783066749572753,14.86,,,d3-c1-n0.01-m6,3,1,0.01,6,,13.586521098312447
colosseum,6,dc_wasserstein_ollivier,-0.4356610774993896,4.8,,,d3-c1-n0.01-m6,3,1,0.01,6,,13.586521098312447
colosseum,6,dc_entropic_subtraction,0.3059678077697754,3.6,,,d3-c1-n0.01-m6,3,1,0.01,6,,13.586521098312447
colosseum,6,hickock,6.157066658134093,48.76,,,d3-c1-n0.01-m6,3,1,0.01,6,,13.586521098312447
colosseum,6,frc_weighted_adaptive,-69.91494328188638,0.88,,,d3-c1-n0.01-m6,3,1,0.01,6,,13.586521098312447
colosseum,6,frc_unweighted_knn,-6.090909090909091,0.32,,,d3-c1-n0.01-m6,3,1,0.01,6,,13.586521098312447
colosseum,6,orc,-0.0116858807680976,7.53,,,d3-c1-n0.01-m6,3,1,0.01,6,,13.586521098312447
colosseum,6,spc_hop,4.114893587171913,62.08,,,d3-c1-n0.01-m6,3,1,0.01,6,,13.586521098312447
colosseum,6,spc_diffusion_t5,3.285104270049043,20.95,,,d3-c1-n0.01-m6,3,1,0.01,6,,13.586521098312447
colosseum,6,laziness_knn_t5,-4.8481550216674805,1.0,,,d3-c1-n0.01-m6,3,1,0.01,6,,13.586521098312447
colosseum,6,laziness_adaptive_t5,-4.830217361450195,0.77,,,d3-c1-n0.01-m6,3,1,0.01,6,,13.586521098312447
colosseum,6,successor_entropy,-2.043687700319104,0.05,983.52,,d3-c1-n0.01-m6,3,1,0.01,6,,13.586521098312447
colosseum,6,successor_orc,0.9465056635392736,5.08,983.52,,d3-c1-n0.01-m6,3,1,0.01,6,,13.586521098312447
colosseum,7,dc2,0.3379716873168945,15.89,,,d3-c1-n0.01-m7,3,1,0.01,7,,-12.24867949889062
colosseum,7,dc_wasserstein_ollivier,-0.7746239900588989,4.24,,,d3-c1-n0.01-m7,3,1,0.01,7,,-12.24867949889062
colosseum,7,dc_entropic_subtraction,0.2873067855834961,3.41,,,d3-c1-n0.01-m7,3,1,0.01,7,,-12.24867949889062
colosseum,7,hickock,5.28889789219456,48.13,,,d3-c1-n0.01-m7,3,1,0.01,7,,-12.24867949889062
colosseum,7,frc_weighted_adaptive,-45.53446199907354,1.16,,,d3-c1-n0.01-m7,3,1,0.01,7,,-12.24867949889062
colosseum,7,frc_unweighted_knn,-6.9,0.27,,,d3-c1-n0.01-m7,3,1,0.01,7,,-12.24867949889062
colosseum,7,orc,-0.0946917085956016,7.45,,,d3-c1-n0.01-m7,3,1,0.01,7,,-12.24867949889062
colosseum,7,spc_hop,30.68799781296118,61.99,,,d3-c1-n0.01-m7,3,1,0.01,7,,-12.24867949889062
colosseum,7,spc_diffusion_t5,-113.3379214409294,20.1,,,d3-c1-n0.01-m7,3,1,0.01,7,,-12.24867949889062
colosseum,7,laziness_knn_t5,-5.030295372009277,0.97,,,d3-c1-n0.01-m7,3,1,0.01,7,,-12.24867949889062
colosseum,7,laziness_adaptive_t5,-4.947805404663086,0.77,,,d3-c1-n0.01-m7,3,1,0.01,7,,-12.24867949889062
colosseum,7,successor_entropy,-2.0472867185597616,0.05,1000.05,,d3-c1-n0.01-m7,3,1,0.01,7,,-12.24867949889062
colosseum,7,successor_orc,0.9463453895008632,5.29,1000.05,,d3-c1-n0.01-m7,3,1,0.01,7,,-12.24867949889062
colosseum,8,dc2,-0.1906266212463379,14.51,,,d3-c1-n0.01-m8,3,1,0.01,8,,-18.64923884969944
colosseum,8,dc_wasserstein_ollivier,-0.8949564695358276,4.05,,,d3-c1-n0.01-m8,3,1,0.01,8,,-18.64923884969944
colosseum,8,dc_entropic_subtraction,0.403076171875,2.96,,,d3-c1-n0.01-m8,3,1,0.01,8,,-18.64923884969944
colosseum,8,hickock,4.817943837411888,53.37,,,d3-c1-n0.01-m8,3,1,0.01,8,,-18.64923884969944
colosseum,8,frc_weighted_adaptive,-22.773846037501933,1.29,,,d3-c1-n0.01-m8,3,1,0.01,8,,-18.64923884969944
colosseum,8,frc_unweighted_knn,-2.4615384615384617,0.31,,,d3-c1-n0.01-m8,3,1,0.01,8,,-18.64923884969944
colosseum,8,orc,-0.0034962145846927,8.26,,,d3-c1-n0.01-m8,3,1,0.01,8,,-18.64923884969944
colosseum,8,spc_hop,-9.817111741600524,70.95,,,d3-c1-n0.01-m8,3,1,0.01,8,,-18.64923884969944
colosseum,8,spc_diffusion_t5,123.97918784225776,22.59,,,d3-c1-n0.01-m8,3,1,0.01,8,,-18.64923884969944
colosseum,8,laziness_knn_t5,-4.842628479003906,0.77,,,d3-c1-n0.01-m8,3,1,0.01,8,,-18.64923884969944
colosseum,8,laziness_adaptive_t5,-4.803807258605957,0.74,,,d3-c1-n0.01-m8,3,1,0.01,8,,-18.64923884969944
colosseum,8,successor_entropy,-2.15060617541646,0.05,995.01,,d3-c1-n0.01-m8,3,1,0.01,8,,-18.64923884969944
colosseum,8,successor_orc,0.9482740274188424,5.01,995.01,,d3-c1-n0.01-m8,3,1,0.01,8,,-18.64923884969944
colosseum,9,dc2,0.1335258483886718,18.25,,,d3-c1-n0.01-m9,3,1,0.01,9,,-11.73092121051312
colosseum,9,dc_wasserstein_ollivier,-0.7972956895828247,4.98,,,d3-c1-n0.01-m9,3,1,0.01,9,,-11.73092121051312
colosseum,9,dc_entropic_subtraction,0.2061991691589355,3.5,,,d3-c1-n0.01-m9,3,1,0.01,9,,-11.73092121051312
colosseum,9,hickock,4.531341318012014,49.41,,,d3-c1-n0.01-m9,3,1,0.01,9,,-11.73092121051312
colosseum,9,frc_weighted_adaptive,-25.118917480633343,1.25,,,d3-c1-n0.01-m9,3,1,0.01,9,,-11.73092121051312
colosseum,9,frc_unweighted_knn,-1.2,0.27,,,d3-c1-n0.01-m9,3,1,0.01,9,,-11.73092121051312
colosseum,9,orc,0.1041043588859743,7.34,,,d3-c1-n0.01-m9,3,1,0.01,9,,-11.73092121051312
colosseum,9,spc_hop,163.55263073942163,62.37,,,d3-c1-n0.01-m9,3,1,0.01,9,,-11.73092121051312
colosseum,9,spc_diffusion_t5,-59.0822154878391,19.75,,,d3-c1-n0.01-m9,3,1,0.01,9,,-11.73092121051312
colosseum,9,laziness_knn_t5,-4.5655059814453125,0.77,,,d3-c1-n0.01-m9,3,1,0.01,9,,-11.73092121051312
colosseum,9,laziness_adaptive_t5,-4.560215950012207,0.78,,,d3-c1-n0.01-m9,3,1,0.01,9,,-11.73092121051312
colosseum,9,successor_entropy,-2.0583544347745675,0.1,1032.57,,d3-c1-n0.01-m9,3,1,0.01,9,,-11.73092121051312
colosseum,9,successor_orc,0.9474268657380136,7.56,1032.57,,d3-c1-n0.01-m9,3,1,0.01,9,,-11.73092121051312
colosseum,10,dc2,0.5708475112915039,20.45,,,d3-c1-n0.01-m10,3,1,0.01,10,,-11.443523490702846
colosseum,10,dc_wasserstein_ollivier,-0.7319682836532593,6.21,,,d3-c1-n0.01-m10,3,1,0.01,10,,-11.443523490702846
colosseum,10,dc_entropic_subtraction,0.3819718360900879,4.45,,,d3-c1-n0.01-m10,3,1,0.01,10,,-11.443523490702846
colosseum,10,hickock,4.944048216619393,81.24,,,d3-c1-n0.01-m10,3,1,0.01,10,,-11.443523490702846
colosseum,10,frc_weighted_adaptive,-80.34112972468965,1.24,,,d3-c1-n0.01-m10,3,1,0.01,10,,-11.443523490702846
colosseum,10,frc_unweighted_knn,-3.1,0.3,,,d3-c1-n0.01-m10,3,1,0.01,10,,-11.443523490702846
colosseum,10,orc,-0.0444937154892128,9.07,,,d3-c1-n0.01-m10,3,1,0.01,10,,-11.443523490702846
colosseum,10,spc_hop,-60.2647624241996,140.19,,,d3-c1-n0.01-m10,3,1,0.01,10,,-11.443523490702846
colosseum,10,spc_diffusion_t5,8.150103566201405,24.95,,,d3-c1-n0.01-m10,3,1,0.01,10,,-11.443523490702846
colosseum,10,laziness_knn_t5,-4.951471328735352,1.07,,,d3-c1-n0.01-m10,3,1,0.01,10,,-11.443523490702846
colosseum,10,laziness_adaptive_t5,-4.9157915115356445,1.13,,,d3-c1-n0.01-m10,3,1,0.01,10,,-11.443523490702846
colosseum,10,successor_entropy,-2.1365987872506182,0.1,1722.78,,d3-c1-n0.01-m10,3,1,0.01,10,,-11.443523490702846
colosseum,10,successor_orc,0.946312060478536,5.65,1722.78,,d3-c1-n0.01-m10,3,1,0.01,10,,-11.443523490702846
colosseum,11,dc2,0.0702972412109375,22.45,,,d3-c1-n0.01-m11,3,1,0.01,11,,-5.043678540515103
colosseum,11,dc_wasserstein_ollivier,-0.661454439163208,6.06,,,d3-c1-n0.01-m11,3,1,0.01,11,,-5.043678540515103
colosseum,11,dc_entropic_subtraction,0.1862468719482422,3.91,,,d3-c1-n0.01-m11,3,1,0.01,11,,-5.043678540515103
colosseum,11,hickock,5.207836964903971,75.34,,,d3-c1-n0.01-m11,3,1,0.01,11,,-5.043678540515103
colosseum,11,frc_weighted_adaptive,-23.82498776381989,1.25,,,d3-c1-n0.01-m11,3,1,0.01,11,,-5.043678540515103
colosseum,11,frc_unweighted_knn,-5.384615384615385,1.24,,,d3-c1-n0.01-m11,3,1,0.01,11,,-5.043678540515103
colosseum,11,orc,-0.0181591446151213,13.61,,,d3-c1-n0.01-m11,3,1,0.01,11,,-5.043678540515103
colosseum,11,spc_hop,32.85084387281372,142.57,,,d3-c1-n0.01-m11,3,1,0.01,11,,-5.043678540515103
colosseum,11,spc_diffusion_t5,38.85818007624385,49.06,,,d3-c1-n0.01-m11,3,1,0.01,11,,-5.043678540515103
colosseum,11,laziness_knn_t5,-4.833986282348633,1.15,,,d3-c1-n0.01-m11,3,1,0.01,11,,-5.043678540515103
colosseum,11,laziness_adaptive_t5,-4.834395408630371,1.05,,,d3-c1-n0.01-m11,3,1,0.01,11,,-5.043678540515103
colosseum,11,successor_entropy,-2.0078959374502303,0.05,1165.98,,d3-c1-n0.01-m11,3,1,0.01,11,,-5.043678540515103
colosseum,11,successor_orc,0.9461965112636744,6.03,1165.98,,d3-c1-n0.01-m11,3,1,0.01,11,,-5.043678540515103
colosseum,12,dc2,0.6045699119567871,14.27,,,d3-c1-n0.01-m12,3,1,0.01,12,,-8.39501548309316
colosseum,12,dc_wasserstein_ollivier,-0.7071323394775391,4.02,,,d3-c1-n0.01-m12,3,1,0.01,12,,-8.39501548309316
colosseum,12,dc_entropic_subtraction,0.4254751205444336,3.23,,,d3-c1-n0.01-m12,3,1,0.01,12,,-8.39501548309316
colosseum,12,hickock,5.430375419390919,55.61,,,d3-c1-n0.01-m12,3,1,0.01,12,,-8.39501548309316
colosseum,12,frc_weighted_adaptive,-49.925451886777765,0.87,,,d3-c1-n0.01-m12,3,1,0.01,12,,-8.39501548309316
colosseum,12,frc_unweighted_knn,-7.9,0.61,,,d3-c1-n0.01-m12,3,1,0.01,12,,-8.39501548309316
colosseum,12,orc,-0.1363741764254074,9.02,,,d3-c1-n0.01-m12,3,1,0.01,12,,-8.39501548309316
colosseum,12,spc_hop,9461.609802646764,76.02,,,d3-c1-n0.01-m12,3,1,0.01,12,,-8.39501548309316
colosseum,12,spc_diffusion_t5,-36.01650118799273,22.5,,,d3-c1-n0.01-m12,3,1,0.01,12,,-8.39501548309316
colosseum,12,laziness_knn_t5,-5.08139705657959,0.8,,,d3-c1-n0.01-m12,3,1,0.01,12,,-8.39501548309316
colosseum,12,laziness_adaptive_t5,-5.009642601013184,0.77,,,d3-c1-n0.01-m12,3,1,0.01,12,,-8.39501548309316
colosseum,12,successor_entropy,-1.9776118576625985,0.09,1697.74,,d3-c1-n0.01-m12,3,1,0.01,12,,-8.39501548309316
colosseum,12,successor_orc,0.9469511298017116,8.29,1697.74,,d3-c1-n0.01-m12,3,1,0.01,12,,-8.39501548309316
colosseum,13,dc2,0.2976369857788086,24.27,,,d3-c1-n0.01-m13,3,1,0.01,13,,-26.432651643485528
colosseum,13,dc_wasserstein_ollivier,-0.9219205379486084,6.36,,,d3-c1-n0.01-m13,3,1,0.01,13,,-26.432651643485528
colosseum,13,dc_entropic_subtraction,0.2737607955932617,6.87,,,d3-c1-n0.01-m13,3,1,0.01,13,,-26.432651643485528
colosseum,13,hickock,4.383896648684969,62.94,,,d3-c1-n0.01-m13,3,1,0.01,13,,-26.432651643485528
colosseum,13,frc_weighted_adaptive,-40.00266044294504,1.89,,,d3-c1-n0.01-m13,3,1,0.01,13,,-26.432651643485528
colosseum,13,frc_unweighted_knn,-2.4545454545454546,0.48,,,d3-c1-n0.01-m13,3,1,0.01,13,,-26.432651643485528
colosseum,13,orc,0.0801951151143827,13.69,,,d3-c1-n0.01-m13,3,1,0.01,13,,-26.432651643485528
colosseum,13,spc_hop,-361.1901008659855,101.98,,,d3-c1-n0.01-m13,3,1,0.01,13,,-26.432651643485528
colosseum,13,spc_diffusion_t5,4.773139386775836,27.97,,,d3-c1-n0.01-m13,3,1,0.01,13,,-26.432651643485528
colosseum,13,laziness_knn_t5,-4.767184257507324,1.69,,,d3-c1-n0.01-m13,3,1,0.01,13,,-26.432651643485528
colosseum,13,laziness_adaptive_t5,-4.71381950378418,1.5,,,d3-c1-n0.01-m13,3,1,0.01,13,,-26.432651643485528
colosseum,13,successor_entropy,-2.1820950821085523,0.05,1850.83,,d3-c1-n0.01-m13,3,1,0.01,13,,-26.432651643485528
colosseum,13,successor_orc,0.950164773853309,10.17,1850.83,,d3-c1-n0.01-m13,3,1,0.01,13,,-26.432651643485528
colosseum,14,dc2,-0.5870637893676758,24.78,,,d3-c1-n0.01-m14,3,1,0.01,14,,-33.90546216454365
colosseum,14,dc_wasserstein_ollivier,-1.0314974784851074,6.77,,,d3-c1-n0.01-m14,3,1,0.01,14,,-33.90546216454365
colosseum,14,dc_entropic_subtraction,0.2149319648742675,5.23,,,d3-c1-n0.01-m14,3,1,0.01,14,,-33.90546216454365
colosseum,14,hickock,3.4658701515817,71.61,,,d3-c1-n0.01-m14,3,1,0.01,14,,-33.90546216454365
colosseum,14,frc_weighted_adaptive,-41.75917388671692,1.3,,,d3-c1-n0.01-m14,3,1,0.01,14,,-33.90546216454365
colosseum,14,frc_unweighted_knn,-4.533333333333333,0.31,,,d3-c1-n0.01-m14,3,1,0.01,14,,-33.90546216454365
colosseum,14,orc,-0.0554442805766569,9.93,,,d3-c1-n0.01-m14,3,1,0.01,14,,-33.90546216454365
colosseum,14,spc_hop,160.96038904327585,75.57,,,d3-c1-n0.01-m14,3,1,0.01,14,,-33.90546216454365
colosseum,14,spc_diffusion_t5,157.86683541789273,23.58,,,d3-c1-n0.01-m14,3,1,0.01,14,,-33.90546216454365
colosseum,14,laziness_knn_t5,-4.855656147003174,1.17,,,d3-c1-n0.01-m14,3,1,0.01,14,,-33.90546216454365
colosseum,14,laziness_adaptive_t5,-4.783018112182617,1.14,,,d3-c1-n0.01-m14,3,1,0.01,14,,-33.90546216454365
colosseum,14,successor_entropy,-2.094069263505439,0.06,1656.16,,d3-c1-n0.01-m14,3,1,0.01,14,,-33.90546216454365
colosseum,14,successor_orc,0.9480258634175622,5.75,1656.16,,d3-c1-n0.01-m14,3,1,0.01,14,,-33.90546216454365
colosseum,15,dc2,0.1037874221801757,18.29,,,d3-c1-n0.01-m15,3,1,0.01,15,,-0.9929667515310872
colosseum,15,dc_wasserstein_ollivier,-0.4334261417388916,5.54,,,d3-c1-n0.01-m15,3,1,0.01,15,,-0.9929667515310872
colosseum,15,dc_entropic_subtraction,0.0870099067687988,4.21,,,d3-c1-n0.01-m15,3,1,0.01,15,,-0.9929667515310872
colosseum,15,hickock,4.994096864676122,61.56,,,d3-c1-n0.01-m15,3,1,0.01,15,,-0.9929667515310872
colosseum,15,frc_weighted_adaptive,-32.233551247806595,1.76,,,d3-c1-n0.01-m15,3,1,0.01,15,,-0.9929667515310872
colosseum,15,frc_unweighted_knn,-5.545454545454546,0.42,,,d3-c1-n0.01-m15,3,1,0.01,15,,-0.9929667515310872
colosseum,15,orc,-0.106524270984118,11.42,,,d3-c1-n0.01-m15,3,1,0.01,15,,-0.9929667515310872
colosseum,15,spc_hop,362.2469122978086,86.86,,,d3-c1-n0.01-m15,3,1,0.01,15,,-0.9929667515310872
colosseum,15,spc_diffusion_t5,-188.45697356535183,24.85,,,d3-c1-n0.01-m15,3,1,0.01,15,,-0.9929667515310872
colosseum,15,laziness_knn_t5,-4.897321701049805,0.76,,,d3-c1-n0.01-m15,3,1,0.01,15,,-0.9929667515310872
colosseum,15,laziness_adaptive_t5,-4.866022109985352,1.02,,,d3-c1-n0.01-m15,3,1,0.01,15,,-0.9929667515310872
colosseum,15,successor_entropy,-2.022881964797154,0.05,1109.85,,d3-c1-n0.01-m15,3,1,0.01,15,,-0.9929667515310872
colosseum,15,successor_orc,0.9473999731109534,5.81,1109.85,,d3-c1-n0.01-m15,3,1,0.01,15,,-0.9929667515310872
colosseum,16,dc2,-0.5256929397583008,14.99,,,d3-c1-n0.01-m16,3,1,0.01,16,,-19.66445529590009
colosseum,16,dc_wasserstein_ollivier,-0.7692515850067139,4.39,,,d3-c1-n0.01-m16,3,1,0.01,16,,-19.66445529590009
colosseum,16,dc_entropic_subtraction,0.5090813636779785,3.25,,,d3-c1-n0.01-m16,3,1,0.01,16,,-19.66445529590009
colosseum,16,hickock,5.072636474457834,56.62,,,d3-c1-n0.01-m16,3,1,0.01,16,,-19.66445529590009
colosseum,16,frc_weighted_adaptive,-42.48973989686915,1.3,,,d3-c1-n0.01-m16,3,1,0.01,16,,-19.66445529590009
colosseum,16,frc_unweighted_knn,-2.1666666666666665,0.31,,,d3-c1-n0.01-m16,3,1,0.01,16,,-19.66445529590009
colosseum,16,orc,-0.0552340834385352,8.52,,,d3-c1-n0.01-m16,3,1,0.01,16,,-19.66445529590009
colosseum,16,spc_hop,-116.62683361208563,75.12,,,d3-c1-n0.01-m16,3,1,0.01,16,,-19.66445529590009
colosseum,16,spc_diffusion_t5,188.59004364551305,21.16,,,d3-c1-n0.01-m16,3,1,0.01,16,,-19.66445529590009
colosseum,16,laziness_knn_t5,-4.535063743591309,1.07,,,d3-c1-n0.01-m16,3,1,0.01,16,,-19.66445529590009
colosseum,16,laziness_adaptive_t5,-4.451228141784668,0.78,,,d3-c1-n0.01-m16,3,1,0.01,16,,-19.66445529590009
colosseum,16,successor_entropy,-2.1102293773492176,0.05,1082.51,,d3-c1-n0.01-m16,3,1,0.01,16,,-19.66445529590009
colosseum,16,successor_orc,0.946771461993192,5.78,1082.51,,d3-c1-n0.01-m16,3,1,0.01,16,,-19.66445529590009
colosseum,17,dc2,-0.0790252685546875,14.52,,,d3-c1-n0.01-m17,3,1,0.01,17,,3.4594827443393337
colosseum,17,dc_wasserstein_ollivier,-0.7180359363555908,4.63,,,d3-c1-n0.01-m17,3,1,0.01,17,,3.4594827443393337
colosseum,17,dc_entropic_subtraction,0.4326376914978027,2.9,,,d3-c1-n0.01-m17,3,1,0.01,17,,3.4594827443393337
colosseum,17,hickock,5.549772713930281,62.94,,,d3-c1-n0.01-m17,3,1,0.01,17,,3.4594827443393337
colosseum,17,frc_weighted_adaptive,-127.24572106612658,0.86,,,d3-c1-n0.01-m17,3,1,0.01,17,,3.4594827443393337
colosseum,17,frc_unweighted_knn,-0.1,0.61,,,d3-c1-n0.01-m17,3,1,0.01,17,,3.4594827443393337
colosseum,17,orc,0.0873013891537136,7.74,,,d3-c1-n0.01-m17,3,1,0.01,17,,3.4594827443393337
colosseum,17,spc_hop,110.69647448768303,71.95,,,d3-c1-n0.01-m17,3,1,0.01,17,,3.4594827443393337
colosseum,17,spc_diffusion_t5,292.9296794232328,25.23,,,d3-c1-n0.01-m17,3,1,0.01,17,,3.4594827443393337
colosseum,17,laziness_knn_t5,-4.706278324127197,0.98,,,d3-c1-n0.01-m17,3,1,0.01,17,,3.4594827443393337
colosseum,17,laziness_adaptive_t5,-4.643681526184082,0.89,,,d3-c1-n0.01-m17,3,1,0.01,17,,3.4594827443393337
colosseum,17,successor_entropy,-2.0101013016471017,0.05,1303.86,,d3-c1-n0.01-m17,3,1,0.01,17,,3.4594827443393337
colosseum,17,successor_orc,0.9464905278147324,5.6,1303.86,,d3-c1-n0.01-m17,3,1,0.01,17,,3.4594827443393337
colosseum,18,dc2,0.0623331069946289,15.76,,,d3-c1-n0.01-m18,3,1,0.01,18,,-7.282176322104774
colosseum,18,dc_wasserstein_ollivier,-0.6275497674942017,4.41,,,d3-c1-n0.01-m18,3,1,0.01,18,,-7.282176322104774
colosseum,18,dc_entropic_subtraction,0.2118215560913086,2.92,,,d3-c1-n0.01-m18,3,1,0.01,18,,-7.282176322104774
colosseum,18,hickock,4.980494606205598,63.36,,,d3-c1-n0.01-m18,3,1,0.01,18,,-7.282176322104774
colosseum,18,frc_weighted_adaptive,-63.37675947607013,1.02,,,d3-c1-n0.01-m18,3,1,0.01,18,,-7.282176322104774
colosseum,18,frc_unweighted_knn,-9.1,0.75,,,d3-c1-n0.01-m18,3,1,0.01,18,,-7.282176322104774
colosseum,18,orc,-0.1762000132843707,10.08,,,d3-c1-n0.01-m18,3,1,0.01,18,,-7.282176322104774
colosseum,18,spc_hop,-126.86407264332158,126.74,,,d3-c1-n0.01-m18,3,1,0.01,18,,-7.282176322104774
colosseum,18,spc_diffusion_t5,146.2462218152386,25.27,,,d3-c1-n0.01-m18,3,1,0.01,18,,-7.282176322104774
colosseum,18,laziness_knn_t5,-5.154027938842773,1.36,,,d3-c1-n0.01-m18,3,1,0.01,18,,-7.282176322104774
colosseum,18,laziness_adaptive_t5,-5.118195533752441,1.28,,,d3-c1-n0.01-m18,3,1,0.01,18,,-7.282176322104774
colosseum,18,successor_entropy,-2.004870689878861,0.05,1645.47,,d3-c1-n0.01-m18,3,1,0.01,18,,-7.282176322104774
colosseum,18,successor_orc,0.9454084051596604,5.02,1645.47,,d3-c1-n0.01-m18,3,1,0.01,18,,-7.282176322104774
colosseum,19,dc2,-0.262636661529541,13.59,,,d3-c1-n0.01-m19,3,1,0.01,19,,-35.2168089517581
colosseum,19,dc_wasserstein_ollivier,-0.9970864057540894,4.0,,,d3-c1-n0.01-m19,3,1,0.01,19,,-35.2168089517581
colosseum,19,dc_entropic_subtraction,0.248842716217041,2.84,,,d3-c1-n0.01-m19,3,1,0.01,19,,-35.2168089517581
colosseum,19,hickock,3.406062024388948,58.95,,,d3-c1-n0.01-m19,3,1,0.01,19,,-35.2168089517581
colosseum,19,frc_weighted_adaptive,-64.30189502717671,0.89,,,d3-c1-n0.01-m19,3,1,0.01,19,,-35.2168089517581
colosseum,19,frc_unweighted_knn,-3.4545454545454546,0.28,,,d3-c1-n0.01-m19,3,1,0.01,19,,-35.2168089517581
colosseum,19,orc,-0.095377126585351,8.57,,,d3-c1-n0.01-m19,3,1,0.01,19,,-35.2168089517581
colosseum,19,spc_hop,-93.44518309992807,64.61,,,d3-c1-n0.01-m19,3,1,0.01,19,,-35.2168089517581
colosseum,19,spc_diffusion_t5,4.047738577438045,21.59,,,d3-c1-n0.01-m19,3,1,0.01,19,,-35.2168089517581
colosseum,19,laziness_knn_t5,-5.019589424133301,0.88,,,d3-c1-n0.01-m19,3,1,0.01,19,,-35.2168089517581
colosseum,19,laziness_adaptive_t5,-4.9572601318359375,0.75,,,d3-c1-n0.01-m19,3,1,0.01,19,,-35.2168089517581
colosseum,19,successor_entropy,-2.2068239495269952,0.06,1127.93,,d3-c1-n0.01-m19,3,1,0.01,19,,-35.2168089517581
colosseum,19,successor_orc,0.9471603215306806,5.65,1127.93,,d3-c1-n0.01-m19,3,1,0.01,19,,-35.2168089517581
colosseum,20,dc2,0.0261783599853515,14.33,,,d3-c1-n0.01-m20,3,1,0.01,20,,-23.49844682439776
colosseum,20,dc_wasserstein_ollivier,-0.9876309633255004,4.2,,,d3-c1-n0.01-m20,3,1,0.01,20,,-23.49844682439776
colosseum,20,dc_entropic_subtraction,0.2346882820129394,3.06,,,d3-c1-n0.01-m20,3,1,0.01,20,,-23.49844682439776
colosseum,20,hickock,4.133772554163959,60.25,,,d3-c1-n0.01-m20,3,1,0.01,20,,-23.49844682439776
colosseum,20,frc_weighted_adaptive,-67.4013819855623,1.04,,,d3-c1-n0.01-m20,3,1,0.01,20,,-23.49844682439776
colosseum,20,frc_unweighted_knn,-5.5,0.36,,,d3-c1-n0.01-m20,3,1,0.01,20,,-23.49844682439776
colosseum,20,orc,-0.0591499997514356,8.52,,,d3-c1-n0.01-m20,3,1,0.01,20,,-23.49844682439776
colosseum,20,spc_hop,-121.9208142449634,71.95,,,d3-c1-n0.01-m20,3,1,0.01,20,,-23.49844682439776
colosseum,20,spc_diffusion_t5,15.29873400854572,25.13,,,d3-c1-n0.01-m20,3,1,0.01,20,,-23.49844682439776
colosseum,20,laziness_knn_t5,-5.092660903930664,1.06,,,d3-c1-n0.01-m20,3,1,0.01,20,,-23.49844682439776
colosseum,20,laziness_adaptive_t5,-5.005945205688477,0.76,,,d3-c1-n0.01-m20,3,1,0.01,20,,-23.49844682439776
colosseum,0,dc2,-0.1624078750610351,14.39,,,d3-c1-n0.05-m0,3,1,0.05,0,,1.5141231363522394
colosseum,0,dc_wasserstein_ollivier,-0.6589038372039795,4.19,,,d3-c1-n0.05-m0,3,1,0.05,0,,1.5141231363522394
colosseum,0,dc_entropic_subtraction,0.8949108123779297,3.15,,,d3-c1-n0.05-m0,3,1,0.05,0,,1.5141231363522394
colosseum,0,hickock,5.961266967306852,47.1,,,d3-c1-n0.05-m0,3,1,0.05,0,,1.5141231363522394
colosseum,0,frc_weighted_adaptive,-29.2079143764646,0.86,,,d3-c1-n0.05-m0,3,1,0.05,0,,1.5141231363522394
colosseum,0,frc_unweighted_knn,-6.8,0.27,,,d3-c1-n0.05-m0,3,1,0.05,0,,1.5141231363522394
colosseum,0,orc,-0.1562503622993384,7.59,,,d3-c1-n0.05-m0,3,1,0.05,0,,1.5141231363522394
colosseum,0,spc_hop,36.75272289910346,62.93,,,d3-c1-n0.05-m0,3,1,0.05,0,,1.5141231363522394
colosseum,0,spc_diffusion_t5,-50.85778315432474,19.42,,,d3-c1-n0.05-m0,3,1,0.05,0,,1.5141231363522394
colosseum,0,laziness_knn_t5,-5.006468772888184,0.99,,,d3-c1-n0.05-m0,3,1,0.05,0,,1.5141231363522394
colosseum,0,laziness_adaptive_t5,-4.892419815063477,0.76,,,d3-c1-n0.05-m0,3,1,0.05,0,,1.5141231363522394
colosseum,0,successor_entropy,-2.168058360969027,0.06,1022.66,,d3-c1-n0.05-m0,3,1,0.05,0,,1.5141231363522394
colosseum,0,successor_orc,0.9495697691088396,4.9,1022.66,,d3-c1-n0.05-m0,3,1,0.05,0,,1.5141231363522394
colosseum,1,dc2,-0.6479406356811523,13.74,,,d3-c1-n0.05-m1,3,1,0.05,1,,-1.297485312152685
colosseum,1,dc_wasserstein_ollivier,-0.6605689525604248,3.47,,,d3-c1-n0.05-m1,3,1,0.05,1,,-1.297485312152685
colosseum,1,dc_entropic_subtraction,0.3950414657592773,3.17,,,d3-c1-n0.05-m1,3,1,0.05,1,,-1.297485312152685
colosseum,1,hickock,4.834214667361353,52.82,,,d3-c1-n0.05-m1,3,1,0.05,1,,-1.297485312152685
colosseum,1,frc_weighted_adaptive,-38.4563773262977,0.86,,,d3-c1-n0.05-m1,3,1,0.05,1,,-1.297485312152685
colosseum,1,frc_unweighted_knn,-8.727272727272727,0.27,,,d3-c1-n0.05-m1,3,1,0.05,1,,-1.297485312152685
colosseum,1,orc,-0.0882608361172474,7.52,,,d3-c1-n0.05-m1,3,1,0.05,1,,-1.297485312152685
colosseum,1,spc_hop,-228.82740507264992,60.91,,,d3-c1-n0.05-m1,3,1,0.05,1,,-1.297485312152685
colosseum,1,spc_diffusion_t5,37.5925809283896,19.69,,,d3-c1-n0.05-m1,3,1,0.05,1,,-1.297485312152685
colosseum,1,laziness_knn_t5,-5.148581504821777,0.72,,,d3-c1-n0.05-m1,3,1,0.05,1,,-1.297485312152685
colosseum,1,laziness_adaptive_t5,-5.100727081298828,0.72,,,d3-c1-n0.05-m1,3,1,0.05,1,,-1.297485312152685
colosseum,1,successor_entropy,-2.1194751845995583,0.05,1080.91,,d3-c1-n0.05-m1,3,1,0.05,1,,-1.297485312152685
colosseum,1,successor_orc,0.9485444943227046,4.13,1080.91,,d3-c1-n0.05-m1,3,1,0.05,1,,-1.297485312152685
colosseum,2,dc2,-0.1435785293579101,13.5,,,d3-c1-n0.05-m2,3,1,0.05,2,,2.1969111163809587
colosseum,2,dc_wasserstein_ollivier,-0.433022141456604,3.82,,,d3-c1-n0.05-m2,3,1,0.05,2,,2.1969111163809587
colosseum,2,dc_entropic_subtraction,0.1541390419006347,3.23,,,d3-c1-n0.05-m2,3,1,0.05,2,,2.1969111163809587
colosseum,2,hickock,4.7968654255743655,48.23,,,d3-c1-n0.05-m2,3,1,0.05,2,,2.1969111163809587
colosseum,2,frc_weighted_adaptive,-75.17884380592263,0.87,,,d3-c1-n0.05-m2,3,1,0.05,2,,2.1969111163809587
colosseum,2,frc_unweighted_knn,-7.7,0.28,,,d3-c1-n0.05-m2,3,1,0.05,2,,2.1969111163809587
colosseum,2,orc,-0.1439290533406296,7.33,,,d3-c1-n0.05-m2,3,1,0.05,2,,2.1969111163809587
colosseum,2,spc_hop,3.3487700965844103,63.47,,,d3-c1-n0.05-m2,3,1,0.05,2,,2.1969111163809587
colosseum,2,spc_diffusion_t5,95.1774391991574,20.65,,,d3-c1-n0.05-m2,3,1,0.05,2,,2.1969111163809587
colosseum,2,laziness_knn_t5,-5.198770999908447,0.72,,,d3-c1-n0.05-m2,3,1,0.05,2,,2.1969111163809587
colosseum,2,laziness_adaptive_t5,-5.153609752655029,0.69,,,d3-c1-n0.05-m2,3,1,0.05,2,,2.1969111163809587
colosseum,2,successor_entropy,-1.9841752022355796,0.06,1072.63,,d3-c1-n0.05-m2,3,1,0.05,2,,2.1969111163809587
colosseum,2,successor_orc,0.9482784582718168,5.04,1072.63,,d3-c1-n0.05-m2,3,1,0.05,2,,2.1969111163809587
colosseum,3,dc2,0.2613601684570312,13.48,,,d3-c1-n0.05-m3,3,1,0.05,3,,21.13634141332161
colosseum,3,dc_wasserstein_ollivier,-0.5277073383331299,3.84,,,d3-c1-n0.05-m3,3,1,0.05,3,,21.13634141332161
colosseum,3,dc_entropic_subtraction,0.4264874458312988,3.14,,,d3-c1-n0.05-m3,3,1,0.05,3,,21.13634141332161
colosseum,3,hickock,5.7502735780840535,48.8,,,d3-c1-n0.05-m3,3,1,0.05,3,,21.13634141332161
colosseum,3,frc_weighted_adaptive,-37.52608886555819,0.88,,,d3-c1-n0.05-m3,3,1,0.05,3,,21.13634141332161
colosseum,3,frc_unweighted_knn,-5.6,0.27,,,d3-c1-n0.05-m3,3,1,0.05,3,,21.13634141332161
colosseum,3,orc,-0.0880001312365869,7.7,,,d3-c1-n0.05-m3,3,1,0.05,3,,21.13634141332161
colosseum,3,spc_hop,127.12927920470857,62.69,,,d3-c1-n0.05-m3,3,1,0.05,3,,21.13634141332161
colosseum,3,spc_diffusion_t5,-97.2240662456618,20.15,,,d3-c1-n0.05-m3,3,1,0.05,3,,21.13634141332161
colosseum,3,laziness_knn_t5,-4.886563777923584,0.85,,,d3-c1-n0.05-m3,3,1,0.05,3,,21.13634141332161
colosseum,3,laziness_adaptive_t5,-4.865732192993164,0.75,,,d3-c1-n0.05-m3,3,1,0.05,3,,21.13634141332161
colosseum,3,successor_entropy,-1.986207784739633,0.05,1058.93,,d3-c1-n0.05-m3,3,1,0.05,3,,21.13634141332161
colosseum,3,successor_orc,0.9468048368979796,4.98,1058.93,,d3-c1-n0.05-m3,3,1,0.05,3,,21.13634141332161
colosseum,4,dc2,-1.4238615036010742,12.98,,,d3-c1-n0.05-m4,3,1,0.05,4,,-11.707872607594265
colosseum,4,dc_wasserstein_ollivier,-0.811664342880249,3.94,,,d3-c1-n0.05-m4,3,1,0.05,4,,-11.707872607594265
colosseum,4,dc_entropic_subtraction,0.4624300003051758,3.13,,,d3-c1-n0.05-m4,3,1,0.05,4,,-11.707872607594265
colosseum,4,hickock,4.927122986535771,48.13,,,d3-c1-n0.05-m4,3,1,0.05,4,,-11.707872607594265
colosseum,4,frc_weighted_adaptive,-41.80855751560426,0.86,,,d3-c1-n0.05-m4,3,1,0.05,4,,-11.707872607594265
colosseum,4,frc_unweighted_knn,-2.533333333333333,0.27,,,d3-c1-n0.05-m4,3,1,0.05,4,,-11.707872607594265
colosseum,4,orc,-0.0023159784953847,6.77,,,d3-c1-n0.05-m4,3,1,0.05,4,,-11.707872607594265
colosseum,4,spc_hop,-109.10817266261044,61.86,,,d3-c1-n0.05-m4,3,1,0.05,4,,-11.707872607594265
colosseum,4,spc_diffusion_t5,-106.64326595154328,19.56,,,d3-c1-n0.05-m4,3,1,0.05,4,,-11.707872607594265
colosseum,4,laziness_knn_t5,-4.6088948249816895,0.7,,,d3-c1-n0.05-m4,3,1,0.05,4,,-11.707872607594265
colosseum,4,laziness_adaptive_t5,-4.572478771209717,0.68,,,d3-c1-n0.05-m4,3,1,0.05,4,,-11.707872607594265
colosseum,4,successor_entropy,-2.01650079082946,0.05,1071.73,,d3-c1-n0.05-m4,3,1,0.05,4,,-11.707872607594265
colosseum,4,successor_orc,0.9467234615660024,5.99,1071.73,,d3-c1-n0.05-m4,3,1,0.05,4,,-11.707872607594265
colosseum,5,dc2,-0.9819350242614746,13.31,,,d3-c1-n0.05-m5,3,1,0.05,5,,-22.568115601879164
colosseum,5,dc_wasserstein_ollivier,-0.8378441333770752,4.18,,,d3-c1-n0.05-m5,3,1,0.05,5,,-22.568115601879164
colosseum,5,dc_entropic_subtraction,0.4397268295288086,3.31,,,d3-c1-n0.05-m5,3,1,0.05,5,,-22.568115601879164
colosseum,5,hickock,4.479579934038414,50.12,,,d3-c1-n0.05-m5,3,1,0.05,5,,-22.568115601879164
colosseum,5,frc_weighted_adaptive,-72.45251978279138,1.19,,,d3-c1-n0.05-m5,3,1,0.05,5,,-22.568115601879164
colosseum,5,frc_unweighted_knn,-4.833333333333333,0.27,,,d3-c1-n0.05-m5,3,1,0.05,5,,-22.568115601879164
colosseum,5,orc,-0.117425174494237,7.32,,,d3-c1-n0.05-m5,3,1,0.05,5,,-22.568115601879164
colosseum,5,spc_hop,145.66668218077993,62.21,,,d3-c1-n0.05-m5,3,1,0.05,5,,-22.568115601879164
colosseum,5,spc_diffusion_t5,-135.65038064767674,19.69,,,d3-c1-n0.05-m5,3,1,0.05,5,,-22.568115601879164
colosseum,5,laziness_knn_t5,-5.063530921936035,0.74,,,d3-c1-n0.05-m5,3,1,0.05,5,,-22.568115601879164
colosseum,5,laziness_adaptive_t5,-4.960763931274414,0.71,,,d3-c1-n0.05-m5,3,1,0.05,5,,-22.568115601879164
colosseum,5,successor_entropy,-2.172156863927841,0.05,1023.48,,d3-c1-n0.05-m5,3,1,0.05,5,,-22.568115601879164
colosseum,5,successor_orc,0.9479583932510136,7.75,1023.48,,d3-c1-n0.05-m5,3,1,0.05,5,,-22.568115601879164
colosseum,6,dc2,-0.3572340011596679,13.92,,,d3-c1-n0.05-m6,3,1,0.05,6,,31.403180820622687
colosseum,6,dc_wasserstein_ollivier,-0.2812254428863525,3.86,,,d3-c1-n0.05-m6,3,1,0.05,6,,31.403180820622687
colosseum,6,dc_entropic_subtraction,0.4584317207336426,2.96,,,d3-c1-n0.05-m6,3,1,0.05,6,,31.403180820622687
colosseum,6,hickock,6.7626849387586985,46.25,,,d3-c1-n0.05-m6,3,1,0.05,6,,31.403180820622687
colosseum,6,frc_weighted_adaptive,-68.47678361389445,1.17,,,d3-c1-n0.05-m6,3,1,0.05,6,,31.403180820622687
colosseum,6,frc_unweighted_knn,-4.363636363636363,0.27,,,d3-c1-n0.05-m6,3,1,0.05,6,,31.403180820622687
colosseum,6,orc,-0.062866115412525,6.83,,,d3-c1-n0.05-m6,3,1,0.05,6,,31.403180820622687
colosseum,6,spc_hop,-83.10771847160171,61.31,,,d3-c1-n0.05-m6,3,1,0.05,6,,31.403180820622687
colosseum,6,spc_diffusion_t5,51.520042961574966,19.51,,,d3-c1-n0.05-m6,3,1,0.05,6,,31.403180820622687
colosseum,6,laziness_knn_t5,-4.845587730407715,0.74,,,d3-c1-n0.05-m6,3,1,0.05,6,,31.403180820622687
colosseum,6,laziness_adaptive_t5,-4.843147277832031,0.72,,,d3-c1-n0.05-m6,3,1,0.05,6,,31.403180820622687
colosseum,6,successor_entropy,-1.938439064894182,0.05,1068.73,,d3-c1-n0.05-m6,3,1,0.05,6,,31.403180820622687
colosseum,6,successor_orc,0.945574319697058,6.22,1068.73,,d3-c1-n0.05-m6,3,1,0.05,6,,31.403180820622687
colosseum,7,dc2,-0.5767254829406738,14.11,,,d3-c1-n0.05-m7,3,1,0.05,7,,7.960197528781742
colosseum,7,dc_wasserstein_ollivier,-0.4219484329223633,3.65,,,d3-c1-n0.05-m7,3,1,0.05,7,,7.960197528781742
colosseum,7,dc_entropic_subtraction,0.2593989372253418,3.31,,,d3-c1-n0.05-m7,3,1,0.05,7,,7.960197528781742
colosseum,7,hickock,5.20077826226229,50.86,,,d3-c1-n0.05-m7,3,1,0.05,7,,7.960197528781742
colosseum,7,frc_weighted_adaptive,-18.63522698999839,0.87,,,d3-c1-n0.05-m7,3,1,0.05,7,,7.960197528781742
colosseum,7,frc_unweighted_knn,-2.0,0.27,,,d3-c1-n0.05-m7,3,1,0.05,7,,7.960197528781742
colosseum,7,orc,-0.0116159468316574,7.22,,,d3-c1-n0.05-m7,3,1,0.05,7,,7.960197528781742
colosseum,7,spc_hop,-193.4628080651117,62.23,,,d3-c1-n0.05-m7,3,1,0.05,7,,7.960197528781742
colosseum,7,spc_diffusion_t5,318.20677760012563,19.28,,,d3-c1-n0.05-m7,3,1,0.05,7,,7.960197528781742
colosseum,7,laziness_knn_t5,-4.7836761474609375,0.82,,,d3-c1-n0.05-m7,3,1,0.05,7,,7.960197528781742
colosseum,7,laziness_adaptive_t5,-4.742973327636719,0.72,,,d3-c1-n0.05-m7,3,1,0.05,7,,7.960197528781742
colosseum,7,successor_entropy,-2.100242697233955,0.05,1165.14,,d3-c1-n0.05-m7,3,1,0.05,7,,7.960197528781742
colosseum,7,successor_orc,0.948179071690708,6.76,1165.14,,d3-c1-n0.05-m7,3,1,0.05,7,,7.960197528781742
colosseum,8,dc2,-0.551030158996582,14.51,,,d3-c1-n0.05-m8,3,1,0.05,8,,6.671505682325327
colosseum,8,dc_wasserstein_ollivier,-0.5462485551834106,3.75,,,d3-c1-n0.05-m8,3,1,0.05,8,,6.671505682325327
colosseum,8,dc_entropic_subtraction,0.3981237411499023,2.94,,,d3-c1-n0.05-m8,3,1,0.05,8,,6.671505682325327
colosseum,8,hickock,4.734820732507254,56.96,,,d3-c1-n0.05-m8,3,1,0.05,8,,6.671505682325327
colosseum,8,frc_weighted_adaptive,-34.22231769108318,0.9,,,d3-c1-n0.05-m8,3,1,0.05,8,,6.671505682325327
colosseum,8,frc_unweighted_knn,-2.1,0.28,,,d3-c1-n0.05-m8,3,1,0.05,8,,6.671505682325327
colosseum,8,orc,-0.0511410985832907,7.36,,,d3-c1-n0.05-m8,3,1,0.05,8,,6.671505682325327
colosseum,8,spc_hop,-831.6187751906253,65.73,,,d3-c1-n0.05-m8,3,1,0.05,8,,6.671505682325327
colosseum,8,spc_diffusion_t5,397.4266225344288,24.2,,,d3-c1-n0.05-m8,3,1,0.05,8,,6.671505682325327
colosseum,8,laziness_knn_t5,-4.711321830749512,0.81,,,d3-c1-n0.05-m8,3,1,0.05,8,,6.671505682325327
colosseum,8,laziness_adaptive_t5,-4.654289245605469,0.75,,,d3-c1-n0.05-m8,3,1,0.05,8,,6.671505682325327
colosseum,8,successor_entropy,-2.100808309643219,0.05,1186.21,,d3-c1-n0.05-m8,3,1,0.05,8,,6.671505682325327
colosseum,8,successor_orc,0.9474812957866442,7.24,1186.21,,d3-c1-n0.05-m8,3,1,0.05,8,,6.671505682325327
colosseum,9,dc2,-0.8029217720031738,14.74,,,d3-c1-n0.05-m9,3,1,0.05,9,,-6.362758095286519
colosseum,9,dc_wasserstein_ollivier,-0.6345510482788086,4.27,,,d3-c1-n0.05-m9,3,1,0.05,9,,-6.362758095286519
colosseum,9,dc_entropic_subtraction,0.1357932090759277,2.97,,,d3-c1-n0.05-m9,3,1,0.05,9,,-6.362758095286519
colosseum,9,hickock,3.9535931502595063,54.5,,,d3-c1-n0.05-m9,3,1,0.05,9,,-6.362758095286519
colosseum,9,frc_weighted_adaptive,-115.0500128956252,1.02,,,d3-c1-n0.05-m9,3,1,0.05,9,,-6.362758095286519
colosseum,9,frc_unweighted_knn,-4.727272727272728,0.32,,,d3-c1-n0.05-m9,3,1,0.05,9,,-6.362758095286519
colosseum,9,orc,-0.1259829792685285,8.84,,,d3-c1-n0.05-m9,3,1,0.05,9,,-6.362758095286519
colosseum,9,spc_hop,6479.689526382768,68.48,,,d3-c1-n0.05-m9,3,1,0.05,9,,-6.362758095286519
colosseum,9,spc_diffusion_t5,-23.61888965584806,23.53,,,d3-c1-n0.05-m9,3,1,0.05,9,,-6.362758095286519
colosseum,9,laziness_knn_t5,-5.118618011474609,0.85,,,d3-c1-n0.05-m9,3,1,0.05,9,,-6.362758095286519
colosseum,9,laziness_adaptive_t5,-5.099925518035889,0.86,,,d3-c1-n0.05-m9,3,1,0.05,9,,-6.362758095286519
colosseum,9,successor_entropy,-1.999570806438724,0.05,1185.19,,d3-c1-n0.05-m9,3,1,0.05,9,,-6.362758095286519
colosseum,9,successor_orc,0.9466911903590002,6.56,1185.19,,d3-c1-n0.05-m9,3,1,0.05,9,,-6.362758095286519
colosseum,10,dc2,-0.4770407676696777,15.24,,,d3-c1-n0.05-m10,3,1,0.05,10,,-36.93364924718425
colosseum,10,dc_wasserstein_ollivier,-1.1349964141845703,3.83,,,d3-c1-n0.05-m10,3,1,0.05,10,,-36.93364924718425
colosseum,10,dc_entropic_subtraction,0.2605576515197754,2.97,,,d3-c1-n0.05-m10,3,1,0.05,10,,-36.93364924718425
colosseum,10,hickock,3.179456254634059,52.78,,,d3-c1-n0.05-m10,3,1,0.05,10,,-36.93364924718425
colosseum,10,frc_weighted_adaptive,-66.94680523780606,1.02,,,d3-c1-n0.05-m10,3,1,0.05,10,,-36.93364924718425
colosseum,10,frc_unweighted_knn,-6.1,0.33,,,d3-c1-n0.05-m10,3,1,0.05,10,,-36.93364924718425
colosseum,10,orc,-0.1251124922419667,8.76,,,d3-c1-n0.05-m10,3,1,0.05,10,,-36.93364924718425
colosseum,10,spc_hop,-130.87525148900707,65.97,,,d3-c1-n0.05-m10,3,1,0.05,10,,-36.93364924718425
colosseum,10,spc_diffusion_t5,-36.005242832667214,23.46,,,d3-c1-n0.05-m10,3,1,0.05,10,,-36.93364924718425
colosseum,10,laziness_knn_t5,-5.163832187652588,0.83,,,d3-c1-n0.05-m10,3,1,0.05,10,,-36.93364924718425
colosseum,10,laziness_adaptive_t5,-5.102009296417236,0.78,,,d3-c1-n0.05-m10,3,1,0.05,10,,-36.93364924718425
colosseum,10,successor_entropy,-2.1326221107343835,0.05,1120.19,,d3-c1-n0.05-m10,3,1,0.05,10,,-36.93364924718425
colosseum,10,successor_orc,0.9495196855922204,8.63,1120.19,,d3-c1-n0.05-m10,3,1,0.05,10,,-36.93364924718425
colosseum,11,dc2,-0.6795749664306641,13.26,,,d3-c1-n0.05-m11,3,1,0.05,11,,-0.6070616748973366
colosseum,11,dc_wasserstein_ollivier,-0.7327730655670166,3.65,,,d3-c1-n0.05-m11,3,1,0.05,11,,-0.6070616748973366
colosseum,11,dc_entropic_subtraction,0.29229736328125,2.85,,,d3-c1-n0.05-m11,3,1,0.05,11,,-0.6070616748973366
colosseum,11,hickock,4.758362264456264,51.91,,,d3-c1-n0.05-m11,3,1,0.05,11,,-0.6070616748973366
colosseum,11,frc_weighted_adaptive,-38.85456356017454,0.88,,,d3-c1-n0.05-m11,3,1,0.05,11,,-0.6070616748973366
colosseum,11,frc_unweighted_knn,-5.181818181818182,0.28,,,d3-c1-n0.05-m11,3,1,0.05,11,,-0.6070616748973366
colosseum,11,orc,-0.1123865642233408,8.54,,,d3-c1-n0.05-m11,3,1,0.05,11,,-0.6070616748973366
colosseum,11,spc_hop,107.14750853130847,65.25,,,d3-c1-n0.05-m11,3,1,0.05,11,,-0.6070616748973366
colosseum,11,spc_diffusion_t5,41.684491865625326,22.95,,,d3-c1-n0.05-m11,3,1,0.05,11,,-0.6070616748973366
colosseum,11,laziness_knn_t5,-5.006830215454102,0.73,,,d3-c1-n0.05-m11,3,1,0.05,11,,-0.6070616748973366
colosseum,11,laziness_adaptive_t5,-4.942346572875977,0.73,,,d3-c1-n0.05-m11,3,1,0.05,11,,-0.6070616748973366
colosseum,11,successor_entropy,-1.970624196767807,0.05,1109.44,,d3-c1-n0.05-m11,3,1,0.05,11,,-0.6070616748973366
colosseum,11,successor_orc,0.9480202861648284,8.9,1109.44,,d3-c1-n0.05-m11,3,1,0.05,11,,-0.6070616748973366
colosseum,12,dc2,-0.127716064453125,13.99,,,d3-c1-n0.05-m12,3,1,0.05,12,,-10.6297376382716
colosseum,12,dc_wasserstein_ollivier,-0.7807191610336304,3.94,,,d3-c1-n0.05-m12,3,1,0.05,12,,-10.6297376382716
colosseum,12,dc_entropic_subtraction,0.3425297737121582,3.06,,,d3-c1-n0.05-m12,3,1,0.05,12,,-10.6297376382716
colosseum,12,hickock,4.548403794291945,48.33,,,d3-c1-n0.05-m12,3,1,0.05,12,,-10.6297376382716
colosseum,12,frc_weighted_adaptive,-19.95666956066972,0.85,,,d3-c1-n0.05-m12,3,1,0.05,12,,-10.6297376382716
colosseum,12,frc_unweighted_knn,-5.6923076923076925,0.27,,,d3-c1-n0.05-m12,3,1,0.05,12,,-10.6297376382716
colosseum,12,orc,-0.069233422796153,8.85,,,d3-c1-n0.05-m12,3,1,0.05,12,,-10.6297376382716
colosseum,12,spc_hop,-216.3969412106541,66.26,,,d3-c1-n0.05-m12,3,1,0.05,12,,-10.6297376382716
colosseum,12,spc_diffusion_t5,-343.5007119846645,23.21,,,d3-c1-n0.05-m12,3,1,0.05,12,,-10.6297376382716
colosseum,12,laziness_knn_t5,-4.919695854187012,0.75,,,d3-c1-n0.05-m12,3,1,0.05,12,,-10.6297376382716
colosseum,12,laziness_adaptive_t5,-4.839895248413086,0.82,,,d3-c1-n0.05-m12,3,1,0.05,12,,-10.6297376382716
colosseum,12,successor_entropy,-2.1178766181307536,0.05,1094.25,,d3-c1-n0.05-m12,3,1,0.05,12,,-10.6297376382716
colosseum,12,successor_orc,0.9487440827262276,7.79,1094.25,,d3-c1-n0.05-m12,3,1,0.05,12,,-10.6297376382716
colosseum,13,dc2,-0.3194570541381836,13.43,,,d3-c1-n0.05-m13,3,1,0.05,13,,-15.955656094086544
colosseum,13,dc_wasserstein_ollivier,-0.8448889255523682,4.09,,,d3-c1-n0.05-m13,3,1,0.05,13,,-15.955656094086544
colosseum,13,dc_entropic_subtraction,0.3921947479248047,3.34,,,d3-c1-n0.05-m13,3,1,0.05,13,,-15.955656094086544
colosseum,13,hickock,4.673454161329844,46.64,,,d3-c1-n0.05-m13,3,1,0.05,13,,-15.955656094086544
colosseum,13,frc_weighted_adaptive,-32.00912719947672,0.87,,,d3-c1-n0.05-m13,3,1,0.05,13,,-15.955656094086544
colosseum,13,frc_unweighted_knn,-7.333333333333333,0.27,,,d3-c1-n0.05-m13,3,1,0.05,13,,-15.955656094086544
colosseum,13,orc,-0.135523768195635,6.91,,,d3-c1-n0.05-m13,3,1,0.05,13,,-15.955656094086544
colosseum,13,spc_hop,515.6662709793774,63.58,,,d3-c1-n0.05-m13,3,1,0.05,13,,-15.955656094086544
colosseum,13,spc_diffusion_t5,7.059639031373177,23.66,,,d3-c1-n0.05-m13,3,1,0.05,13,,-15.955656094086544
colosseum,13,laziness_knn_t5,-5.13700532913208,0.75,,,d3-c1-n0.05-m13,3,1,0.05,13,,-15.955656094086544
colosseum,13,laziness_adaptive_t5,-5.119405269622803,0.71,,,d3-c1-n0.05-m13,3,1,0.05,13,,-15.955656094086544
colosseum,13,successor_entropy,-2.100261187071601,0.05,1079.98,,d3-c1-n0.05-m13,3,1,0.05,13,,-15.955656094086544
colosseum,13,successor_orc,0.9497206124704588,6.47,1079.98,,d3-c1-n0.05-m13,3,1,0.05,13,,-15.955656094086544
colosseum,14,dc2,-1.05708646774292,14.51,,,d3-c1-n0.05-m14,3,1,0.05,14,,-20.765001091782768
colosseum,14,dc_wasserstein_ollivier,-0.9117114543914796,4.02,,,d3-c1-n0.05-m14,3,1,0.05,14,,-20.765001091782768
colosseum,14,dc_entropic_subtraction,0.1113724708557128,3.1,,,d3-c1-n0.05-m14,3,1,0.05,14,,-20.765001091782768
colosseum,14,hickock,3.3891089857439765,47.77,,,d3-c1-n0.05-m14,3,1,0.05,14,,-20.765001091782768
colosseum,14,frc_weighted_adaptive,-49.73324827068271,0.93,,,d3-c1-n0.05-m14,3,1,0.05,14,,-20.765001091782768
colosseum,14,frc_unweighted_knn,-9.9,0.32,,,d3-c1-n0.05-m14,3,1,0.05,14,,-20.765001091782768
colosseum,14,orc,-0.1519262134192289,8.25,,,d3-c1-n0.05-m14,3,1,0.05,14,,-20.765001091782768
colosseum,14,spc_hop,-55.01352239129115,65.13,,,d3-c1-n0.05-m14,3,1,0.05,14,,-20.765001091782768
colosseum,14,spc_diffusion_t5,-86.14281355797998,22.51,,,d3-c1-n0.05-m14,3,1,0.05,14,,-20.765001091782768
colosseum,14,laziness_knn_t5,-5.048707008361816,0.95,,,d3-c1-n0.05-m14,3,1,0.05,14,,-20.765001091782768
colosseum,14,laziness_adaptive_t5,-5.057742118835449,0.7,,,d3-c1-n0.05-m14,3,1,0.05,14,,-20.765001091782768
colosseum,14,successor_entropy,-2.203718034616361,0.05,1072.09,,d3-c1-n0.05-m14,3,1,0.05,14,,-20.765001091782768
colosseum,14,successor_orc,0.9481819369433702,6.63,1072.09,,d3-c1-n0.05-m14,3,1,0.05,14,,-20.765001091782768
colosseum,15,dc2,0.0169639587402343,14.29,,,d3-c1-n0.05-m15,3,1,0.05,15,,-20.090054949711774
colosseum,15,dc_wasserstein_ollivier,-0.917566418647766,3.74,,,d3-c1-n0.05-m15,3,1,0.05,15,,-20.090054949711774
colosseum,15,dc_entropic_subtraction,0.3293542861938476,3.15,,,d3-c1-n0.05-m15,3,1,0.05,15,,-20.090054949711774
colosseum,15,hickock,4.551879458488781,50.68,,,d3-c1-n0.05-m15,3,1,0.05,15,,-20.090054949711774
colosseum,15,frc_weighted_adaptive,-63.45208878927439,0.92,,,d3-c1-n0.05-m15,3,1,0.05,15,,-20.090054949711774
colosseum,15,frc_unweighted_knn,-6.3,0.31,,,d3-c1-n0.05-m15,3,1,0.05,15,,-20.090054949711774
colosseum,15,orc,-0.0732188950661693,8.18,,,d3-c1-n0.05-m15,3,1,0.05,15,,-20.090054949711774
colosseum,15,spc_hop,60.43392832583014,65.57,,,d3-c1-n0.05-m15,3,1,0.05,15,,-20.090054949711774
colosseum,15,spc_diffusion_t5,-244.91457182905677,23.34,,,d3-c1-n0.05-m15,3,1,0.05,15,,-20.090054949711774
colosseum,15,laziness_knn_t5,-4.96998929977417,0.75,,,d3-c1-n0.05-m15,3,1,0.05,15,,-20.090054949711774
colosseum,15,laziness_adaptive_t5,-4.926637649536133,1.12,,,d3-c1-n0.05-m15,3,1,0.05,15,,-20.090054949711774
colosseum,15,successor_entropy,-2.25099100805074,0.05,1067.76,,d3-c1-n0.05-m15,3,1,0.05,15,,-20.090054949711774
colosseum,15,successor_orc,0.9506130373358224,5.37,1067.76,,d3-c1-n0.05-m15,3,1,0.05,15,,-20.090054949711774
colosseum,16,dc2,-0.887812614440918,13.33,,,d3-c1-n0.05-m16,3,1,0.05,16,,-5.66868173938677
colosseum,16,dc_wasserstein_ollivier,-0.5362457036972046,3.93,,,d3-c1-n0.05-m16,3,1,0.05,16,,-5.66868173938677
colosseum,16,dc_entropic_subtraction,0.1139173507690429,2.93,,,d3-c1-n0.05-m16,3,1,0.05,16,,-5.66868173938677
colosseum,16,hickock,3.918581935131306,51.9,,,d3-c1-n0.05-m16,3,1,0.05,16,,-5.66868173938677
colosseum,16,frc_weighted_adaptive,-33.70872971924901,0.94,,,d3-c1-n0.05-m16,3,1,0.05,16,,-5.66868173938677
colosseum,16,frc_unweighted_knn,-4.923076923076923,0.32,,,d3-c1-n0.05-m16,3,1,0.05,16,,-5.66868173938677
colosseum,16,orc,-0.0813927540908919,8.33,,,d3-c1-n0.05-m16,3,1,0.05,16,,-5.66868173938677
colosseum,16,spc_hop,-55.93064378292231,65.03,,,d3-c1-n0.05-m16,3,1,0.05,16,,-5.66868173938677
colosseum,16,spc_diffusion_t5,105.95093617544772,22.9,,,d3-c1-n0.05-m16,3,1,0.05,16,,-5.66868173938677
colosseum,16,laziness_knn_t5,-4.899188041687012,0.72,,,d3-c1-n0.05-m16,3,1,0.05,16,,-5.66868173938677
colosseum,16,laziness_adaptive_t5,-4.81537389755249,0.69,,,d3-c1-n0.05-m16,3,1,0.05,16,,-5.66868173938677
colosseum,16,successor_entropy,-2.106790397765736,0.05,1062.14,,d3-c1-n0.05-m16,3,1,0.05,16,,-5.66868173938677
colosseum,16,successor_orc,0.9482088117913202,8.31,1062.14,,d3-c1-n0.05-m16,3,1,0.05,16,,-5.66868173938677
colosseum,17,dc2,0.2557954788208008,13.53,,,d3-c1-n0.05-m17,3,1,0.05,17,,-8.183140559184487
colosseum,17,dc_wasserstein_ollivier,-0.7929567098617554,3.84,,,d3-c1-n0.05-m17,3,1,0.05,17,,-8.183140559184487
colosseum,17,dc_entropic_subtraction,0.4822959899902344,2.88,,,d3-c1-n0.05-m17,3,1,0.05,17,,-8.183140559184487
colosseum,17,hickock,5.026479342664738,47.4,,,d3-c1-n0.05-m17,3,1,0.05,17,,-8.183140559184487
colosseum,17,frc_weighted_adaptive,-69.14752080268651,0.93,,,d3-c1-n0.05-m17,3,1,0.05,17,,-8.183140559184487
colosseum,17,frc_unweighted_knn,-5.9,0.31,,,d3-c1-n0.05-m17,3,1,0.05,17,,-8.183140559184487
colosseum,17,orc,-0.1073487545945315,8.14,,,d3-c1-n0.05-m17,3,1,0.05,17,,-8.183140559184487
colosseum,17,spc_hop,161.25018921328387,65.56,,,d3-c1-n0.05-m17,3,1,0.05,17,,-8.183140559184487
colosseum,17,spc_diffusion_t5,-242.7025578088129,23.09,,,d3-c1-n0.05-m17,3,1,0.05,17,,-8.183140559184487
colosseum,17,laziness_knn_t5,-4.907689571380615,0.98,,,d3-c1-n0.05-m17,3,1,0.05,17,,-8.183140559184487
colosseum,17,laziness_adaptive_t5,-4.803074836730957,0.8,,,d3-c1-n0.05-m17,3,1,0.05,17,,-8.183140559184487
colosseum,17,successor_entropy,-2.1885454211107764,0.05,1085.78,,d3-c1-n0.05-m17,3,1,0.05,17,,-8.183140559184487
colosseum,17,successor_orc,0.9494030829001454,5.01,1085.78,,d3-c1-n0.05-m17,3,1,0.05,17,,-8.183140559184487
colosseum,18,dc2,0.1044340133666992,14.34,,,d3-c1-n0.05-m18,3,1,0.05,18,,-30.26118362859252
colosseum,18,dc_wasserstein_ollivier,-0.8370770215988159,4.2,,,d3-c1-n0.05-m18,3,1,0.05,18,,-30.26118362859252
colosseum,18,dc_entropic_subtraction,0.5280055999755859,2.97,,,d3-c1-n0.05-m18,3,1,0.05,18,,-30.26118362859252
colosseum,18,hickock,5.322713781742452,46.95,,,d3-c1-n0.05-m18,3,1,0.05,18,,-30.26118362859252
colosseum,18,frc_weighted_adaptive,-79.85468697926136,0.93,,,d3-c1-n0.05-m18,3,1,0.05,18,,-30.26118362859252
colosseum,18,frc_unweighted_knn,-5.4,0.31,,,d3-c1-n0.05-m18,3,1,0.05,18,,-30.26118362859252
colosseum,18,orc,-0.0289951364622052,8.17,,,d3-c1-n0.05-m18,3,1,0.05,18,,-30.26118362859252
colosseum,18,spc_hop,31.52522538339167,65.03,,,d3-c1-n0.05-m18,3,1,0.05,18,,-30.26118362859252
colosseum,18,spc_diffusion_t5,-481.601894530184,23.68,,,d3-c1-n0.05-m18,3,1,0.05,18,,-30.26118362859252
colosseum,18,laziness_knn_t5,-4.715583801269531,0.77,,,d3-c1-n0.05-m18,3,1,0.05,18,,-30.26118362859252
colosseum,18,laziness_adaptive_t5,-4.660735607147217,0.68,,,d3-c1-n0.05-m18,3,1,0.05,18,,-30.26118362859252
colosseum,18,successor_entropy,-2.1935754919728887,0.05,1097.63,,d3-c1-n0.05-m18,3,1,0.05,18,,-30.26118362859252
colosseum,18,successor_orc,0.9488968861584556,5.23,1097.63,,d3-c1-n0.05-m18,3,1,0.05,18,,-30.26118362859252
colosseum,19,dc2,-0.4556398391723633,13.26,,,d3-c1-n0.05-m19,3,1,0.05,19,,-5.942605268921714
colosseum,19,dc_wasserstein_ollivier,-0.7003295421600342,4.37,,,d3-c1-n0.05-m19,3,1,0.05,19,,-5.942605268921714
colosseum,19,dc_entropic_subtraction,0.2064180374145507,3.54,,,d3-c1-n0.05-m19,3,1,0.05,19,,-5.942605268921714
colosseum,19,hickock,4.45940904528092,47.57,,,d3-c1-n0.05-m19,3,1,0.05,19,,-5.942605268921714
colosseum,19,frc_weighted_adaptive,-31.682578910044057,0.87,,,d3-c1-n0.05-m19,3,1,0.05,19,,-5.942605268921714
colosseum,19,frc_unweighted_knn,-2.8181818181818183,0.28,,,d3-c1-n0.05-m19,3,1,0.05,19,,-5.942605268921714
colosseum,19,orc,-0.011053377968432,7.16,,,d3-c1-n0.05-m19,3,1,0.05,19,,-5.942605268921714
colosseum,19,spc_hop,7609.898854531488,64.81,,,d3-c1-n0.05-m19,3,1,0.05,19,,-5.942605268921714
colosseum,19,spc_diffusion_t5,100.92498782083688,22.6,,,d3-c1-n0.05-m19,3,1,0.05,19,,-5.942605268921714
colosseum,19,laziness_knn_t5,-4.852359771728516,0.72,,,d3-c1-n0.05-m19,3,1,0.05,19,,-5.942605268921714
colosseum,19,laziness_adaptive_t5,-4.794144630432129,0.71,,,d3-c1-n0.05-m19,3,1,0.05,19,,-5.942605268921714
colosseum,19,successor_entropy,-2.0514715646697828,0.05,1103.29,,d3-c1-n0.05-m19,3,1,0.05,19,,-5.942605268921714
colosseum,19,successor_orc,0.9487350015492226,5.0,1103.29,,d3-c1-n0.05-m19,3,1,0.05,19,,-5.942605268921714
colosseum,20,dc2,-1.1241230964660645,14.42,,,d3-c1-n0.05-m20,3,1,0.05,20,,-7.105104214246627
colosseum,20,dc_wasserstein_ollivier,-0.7252610921859741,4.11,,,d3-c1-n0.05-m20,3,1,0.05,20,,-7.105104214246627
colosseum,20,dc_entropic_subtraction,0.392704963684082,3.25,,,d3-c1-n0.05-m20,3,1,0.05,20,,-7.105104214246627
colosseum,20,hickock,4.89792256436787,50.26,,,d3-c1-n0.05-m20,3,1,0.05,20,,-7.105104214246627
colosseum,20,frc_weighted_adaptive,-47.15601842131704,0.92,,,d3-c1-n0.05-m20,3,1,0.05,20,,-7.105104214246627
colosseum,20,frc_unweighted_knn,-4.25,0.31,,,d3-c1-n0.05-m20,3,1,0.05,20,,-7.105104214246627
colosseum,20,orc,-0.0472704235553549,7.6,,,d3-c1-n0.05-m20,3,1,0.05,20,,-7.105104214246627
colosseum,20,spc_hop,-56.26510078301696,62.78,,,d3-c1-n0.05-m20,3,1,0.05,20,,-7.105104214246627
colosseum,20,spc_diffusion_t5,62.84859948180526,19.74,,,d3-c1-n0.05-m20,3,1,0.05,20,,-7.105104214246627
colosseum,20,laziness_knn_t5,-4.887224197387695,0.94,,,d3-c1-n0.05-m20,3,1,0.05,20,,-7.105104214246627
colosseum,20,laziness_adaptive_t5,-4.767183303833008,0.72,,,d3-c1-n0.05-m20,3,1,0.05,20,,-7.105104214246627
colosseum,20,successor_entropy,-2.046253711933891,0.05,1059.51,,d3-c1-n0.05-m20,3,1,0.05,20,,-7.105104214246627
colosseum,20,successor_orc,0.9480563836919776,5.14,1059.51,,d3-c1-n0.05-m20,3,1,0.05,20,,-7.105104214246627
colosseum,21,dc2,0.3588829040527344,13.93,,,d3-c1-n0.05-m21,3,1,0.05,21,,16.99439139116942
colosseum,21,dc_wasserstein_ollivier,-0.2929214239120483,4.26,,,d3-c1-n0.05-m21,3,1,0.05,21,,16.99439139116942
colosseum,21,dc_entropic_subtraction,0.4059176445007324,3.3,,,d3-c1-n0.05-m21,3,1,0.05,21,,16.99439139116942
colosseum,21,hickock,6.025003318430721,51.28,,,d3-c1-n0.05-m21,3,1,0.05,21,,16.99439139116942
colosseum,21,frc_weighted_adaptive,-79.29764523339672,0.95,,,d3-c1-n0.05-m21,3,1,0.05,21,,16.99439139116942
colosseum,21,frc_unweighted_knn,-6.8,0.33,,,d3-c1-n0.05-m21,3,1,0.05,21,,16.99439139116942
colosseum,21,orc,-0.0566406829591323,8.43,,,d3-c1-n0.05-m21,3,1,0.05,21,,16.99439139116942
colosseum,21,spc_hop,-145.95165571242242,63.68,,,d3-c1-n0.05-m21,3,1,0.05,21,,16.99439139116942
colosseum,21,spc_diffusion_t5,-60.0183690132917,22.04,,,d3-c1-n0.05-m21,3,1,0.05,21,,16.99439139116942
colosseum,21,laziness_knn_t5,-4.943979263305664,0.86,,,d3-c1-n0.05-m21,3,1,0.05,21,,16.99439139116942
colosseum,21,laziness_adaptive_t5,-4.898831367492676,0.73,,,d3-c1-n0.05-m21,3,1,0.05,21,,16.99439139116942
colosseum,21,successor_entropy,-2.074157707164685,0.05,1049.86,,d3-c1-n0.05-m21,3,1,0.05,21,,16.99439139116942
colosseum,21,successor_orc,0.9447698689449772,5.14,1049.86,,d3-c1-n0.05-m21,3,1,0.05,21,,16.99439139116942
colosseum,22,dc2,-0.2317996025085449,14.24,,,d3-c1-n0.05-m22,3,1,0.05,22,,-21.298860434208702
colosseum,22,dc_wasserstein_ollivier,-0.8819650411605835,3.76,,,d3-c1-n0.05-m22,3,1,0.05,22,,-21.298860434208702
colosseum,22,dc_entropic_subtraction,0.4079198837280273,3.27,,,d3-c1-n0.05-m22,3,1,0.05,22,,-21.298860434208702
colosseum,22,hickock,4.486167910826183,50.81,,,d3-c1-n0.05-m22,3,1,0.05,22,,-21.298860434208702
colosseum,22,frc_weighted_adaptive,-28.40295542930105,0.96,,,d3-c1-n0.05-m22,3,1,0.05,22,,-21.298860434208702
colosseum,22,frc_unweighted_knn,-2.363636363636364,0.33,,,d3-c1-n0.05-m22,3,1,0.05,22,,-21.298860434208702
colosseum,22,orc,0.0402026769259765,8.25,,,d3-c1-n0.05-m22,3,1,0.05,22,,-21.298860434208702
colosseum,22,spc_hop,-125.55353546967528,63.31,,,d3-c1-n0.05-m22,3,1,0.05,22,,-21.298860434208702
colosseum,22,spc_diffusion_t5,-326.39240401874366,21.55,,,d3-c1-n0.05-m22,3,1,0.05,22,,-21.298860434208702
colosseum,22,laziness_knn_t5,-4.536312580108643,0.74,,,d3-c1-n0.05-m22,3,1,0.05,22,,-21.298860434208702
colosseum,22,laziness_adaptive_t5,-4.491800785064697,0.66,,,d3-c1-n0.05-m22,3,1,0.05,22,,-21.298860434208702
colosseum,22,successor_entropy,-2.1948700080141426,0.05,1052.39,,d3-c1-n0.05-m22,3,1,0.05,22,,-21.298860434208702
colosseum,22,successor_orc,0.94975716897493,5.1,1052.39,,d3-c1-n0.05-m22,3,1,0.05,22,,-21.298860434208702
colosseum,23,dc2,-0.4532432556152344,14.82,,,d3-c1-n0.05-m23,3,1,0.05,23,,-21.79385732569629
colosseum,23,dc_wasserstein_ollivier,-0.7967861890792847,3.55,,,d3-c1-n0.05-m23,3,1,0.05,23,,-21.79385732569629
colosseum,23,dc_entropic_subtraction,0.4244294166564941,3.12,,,d3-c1-n0.05-m23,3,1,0.05,23,,-21.79385732569629
colosseum,23,hickock,4.179739959432019,50.21,,,d3-c1-n0.05-m23,3,1,0.05,23,,-21.79385732569629
colosseum,23,frc_weighted_adaptive,-29.18576300993399,0.96,,,d3-c1-n0.05-m23,3,1,0.05,23,,-21.79385732569629
colosseum,23,frc_unweighted_knn,-7.0,0.33,,,d3-c1-n0.05-m23,3,1,0.05,23,,-21.79385732569629
colosseum,23,orc,-0.0745987361780254,8.24,,,d3-c1-n0.05-m23,3,1,0.05,23,,-21.79385732569629
colosseum,0,dc2,-0.5303947925567627,15.67,,,d3-c1-n0.1-m0,3,1,0.1,0,,1.5640034730201544
colosseum,0,dc_wasserstein_ollivier,-0.5986169576644897,4.38,,,d3-c1-n0.1-m0,3,1,0.1,0,,1.5640034730201544
colosseum,0,dc_entropic_subtraction,0.4115595817565918,3.25,,,d3-c1-n0.1-m0,3,1,0.1,0,,1.5640034730201544
colosseum,0,hickock,3.0569802061683817,47.81,,,d3-c1-n0.1-m0,3,1,0.1,0,,1.5640034730201544
colosseum,0,frc_weighted_adaptive,-39.36419631132898,0.95,,,d3-c1-n0.1-m0,3,1,0.1,0,,1.5640034730201544
colosseum,0,frc_unweighted_knn,-10.0625,0.33,,,d3-c1-n0.1-m0,3,1,0.1,0,,1.5640034730201544
colosseum,0,orc,-0.0630920965267488,7.25,,,d3-c1-n0.1-m0,3,1,0.1,0,,1.5640034730201544
colosseum,0,spc_hop,-0.0156945735684728,64.88,,,d3-c1-n0.1-m0,3,1,0.1,0,,1.5640034730201544
colosseum,0,spc_diffusion_t5,-292.49623490862905,21.73,,,d3-c1-n0.1-m0,3,1,0.1,0,,1.5640034730201544
colosseum,0,laziness_knn_t5,-5.099891185760498,1.01,,,d3-c1-n0.1-m0,3,1,0.1,0,,1.5640034730201544
colosseum,0,laziness_adaptive_t5,-5.022912502288818,0.67,,,d3-c1-n0.1-m0,3,1,0.1,0,,1.5640034730201544
colosseum,0,successor_entropy,-2.0705952618941663,0.05,1043.69,,d3-c1-n0.1-m0,3,1,0.1,0,,1.5640034730201544
colosseum,0,successor_orc,0.9500578630269028,6.73,1043.69,,d3-c1-n0.1-m0,3,1,0.1,0,,1.5640034730201544
colosseum,1,dc2,0.0003600120544433,13.89,,,d3-c1-n0.1-m1,3,1,0.1,1,,0.0018363390993059
colosseum,1,dc_wasserstein_ollivier,-0.3844552040100097,4.24,,,d3-c1-n0.1-m1,3,1,0.1,1,,0.0018363390993059
colosseum,1,dc_entropic_subtraction,0.2830061912536621,2.83,,,d3-c1-n0.1-m1,3,1,0.1,1,,0.0018363390993059
colosseum,1,hickock,3.4250287939119604,48.22,,,d3-c1-n0.1-m1,3,1,0.1,1,,0.0018363390993059
colosseum,1,frc_weighted_adaptive,-43.27992597622852,0.92,,,d3-c1-n0.1-m1,3,1,0.1,1,,0.0018363390993059
colosseum,1,frc_unweighted_knn,-8.2,0.29,,,d3-c1-n0.1-m1,3,1,0.1,1,,0.0018363390993059
colosseum,1,orc,0.0222761904117571,6.73,,,d3-c1-n0.1-m1,3,1,0.1,1,,0.0018363390993059
colosseum,1,spc_hop,63.229333116474,64.69,,,d3-c1-n0.1-m1,3,1,0.1,1,,0.0018363390993059
colosseum,1,spc_diffusion_t5,-73.52023647296586,22.74,,,d3-c1-n0.1-m1,3,1,0.1,1,,0.0018363390993059
colosseum,1,laziness_knn_t5,-5.18115234375,0.8,,,d3-c1-n0.1-m1,3,1,0.1,1,,0.0018363390993059
colosseum,1,laziness_adaptive_t5,-5.106383323669434,0.66,,,d3-c1-n0.1-m1,3,1,0.1,1,,0.0018363390993059
colosseum,1,successor_entropy,-2.020819154466192,0.05,946.78,,d3-c1-n0.1-m1,3,1,0.1,1,,0.0018363390993059
colosseum,1,successor_orc,0.948669085566092,6.6,946.78,,d3-c1-n0.1-m1,3,1,0.1,1,,0.0018363390993059
colosseum,2,dc2,-1.4539518356323242,13.48,,,d3-c1-n0.1-m2,3,1,0.1,2,,-5.964857101566585
colosseum,2,dc_wasserstein_ollivier,-0.7015135288238525,3.9,,,d3-c1-n0.1-m2,3,1,0.1,2,,-5.964857101566585
colosseum,2,dc_entropic_subtraction,0.3343634605407715,2.79,,,d3-c1-n0.1-m2,3,1,0.1,2,,-5.964857101566585
colosseum,2,hickock,2.886126396058788,52.12,,,d3-c1-n0.1-m2,3,1,0.1,2,,-5.964857101566585
colosseum,2,frc_weighted_adaptive,-45.73669002606308,0.97,,,d3-c1-n0.1-m2,3,1,0.1,2,,-5.964857101566585
colosseum,2,frc_unweighted_knn,-4.083333333333333,0.34,,,d3-c1-n0.1-m2,3,1,0.1,2,,-5.964857101566585
colosseum,2,orc,-0.0353012058145147,7.41,,,d3-c1-n0.1-m2,3,1,0.1,2,,-5.964857101566585
colosseum,2,spc_hop,-100.07559945528727,65.41,,,d3-c1-n0.1-m2,3,1,0.1,2,,-5.964857101566585
colosseum,2,spc_diffusion_t5,212.0785769381899,22.04,,,d3-c1-n0.1-m2,3,1,0.1,2,,-5.964857101566585
colosseum,2,laziness_knn_t5,-4.931159019470215,0.8,,,d3-c1-n0.1-m2,3,1,0.1,2,,-5.964857101566585
colosseum,2,laziness_adaptive_t5,-4.840305805206299,0.68,,,d3-c1-n0.1-m2,3,1,0.1,2,,-5.964857101566585
colosseum,2,successor_entropy,-2.112902280489604,0.05,977.92,,d3-c1-n0.1-m2,3,1,0.1,2,,-5.964857101566585
colosseum,2,successor_orc,0.9488954365958508,4.95,977.92,,d3-c1-n0.1-m2,3,1,0.1,2,,-5.964857101566585
colosseum,3,dc2,-0.9319660663604736,13.7,,,d3-c1-n0.1-m3,3,1,0.1,3,,-14.097215040780556
colosseum,3,dc_wasserstein_ollivier,-0.842671275138855,3.62,,,d3-c1-n0.1-m3,3,1,0.1,3,,-14.097215040780556
colosseum,3,dc_entropic_subtraction,0.2857627868652344,3.19,,,d3-c1-n0.1-m3,3,1,0.1,3,,-14.097215040780556
colosseum,3,hickock,2.137061195074049,51.76,,,d3-c1-n0.1-m3,3,1,0.1,3,,-14.097215040780556
colosseum,3,frc_weighted_adaptive,-38.30047427513473,0.88,,,d3-c1-n0.1-m3,3,1,0.1,3,,-14.097215040780556
colosseum,3,frc_unweighted_knn,-8.5,0.28,,,d3-c1-n0.1-m3,3,1,0.1,3,,-14.097215040780556
colosseum,3,orc,-0.1434627087440722,7.2,,,d3-c1-n0.1-m3,3,1,0.1,3,,-14.097215040780556
colosseum,3,spc_hop,265.4076596617517,66.13,,,d3-c1-n0.1-m3,3,1,0.1,3,,-14.097215040780556
colosseum,3,spc_diffusion_t5,-101.4587783906923,22.4,,,d3-c1-n0.1-m3,3,1,0.1,3,,-14.097215040780556
colosseum,3,laziness_knn_t5,-5.197684288024902,0.71,,,d3-c1-n0.1-m3,3,1,0.1,3,,-14.097215040780556
colosseum,3,laziness_adaptive_t5,-5.121067523956299,0.7,,,d3-c1-n0.1-m3,3,1,0.1,3,,-14.097215040780556
colosseum,3,successor_entropy,-2.156172248378396,0.05,1158.79,,d3-c1-n0.1-m3,3,1,0.1,3,,-14.097215040780556
colosseum,3,successor_orc,0.9529521113080732,5.16,1158.79,,d3-c1-n0.1-m3,3,1,0.1,3,,-14.097215040780556
colosseum,4,dc2,-1.1840593814849854,14.49,,,d3-c1-n0.1-m4,3,1,0.1,4,,-5.993422357730778
colosseum,4,dc_wasserstein_ollivier,-0.7608011960983276,3.99,,,d3-c1-n0.1-m4,3,1,0.1,4,,-5.993422357730778
colosseum,4,dc_entropic_subtraction,0.2560477256774902,3.47,,,d3-c1-n0.1-m4,3,1,0.1,4,,-5.993422357730778
colosseum,4,hickock,2.2856320894926765,54.67,,,d3-c1-n0.1-m4,3,1,0.1,4,,-5.993422357730778
colosseum,4,frc_weighted_adaptive,-38.6030636915096,1.07,,,d3-c1-n0.1-m4,3,1,0.1,4,,-5.993422357730778
colosseum,4,frc_unweighted_knn,-3.8,0.38,,,d3-c1-n0.1-m4,3,1,0.1,4,,-5.993422357730778
colosseum,4,orc,-0.0214364705676378,8.1,,,d3-c1-n0.1-m4,3,1,0.1,4,,-5.993422357730778
colosseum,4,spc_hop,-474.2239643866966,72.9,,,d3-c1-n0.1-m4,3,1,0.1,4,,-5.993422357730778
colosseum,4,spc_diffusion_t5,73.64814903438986,25.15,,,d3-c1-n0.1-m4,3,1,0.1,4,,-5.993422357730778
colosseum,4,laziness_knn_t5,-4.894115447998047,0.77,,,d3-c1-n0.1-m4,3,1,0.1,4,,-5.993422357730778
colosseum,4,laziness_adaptive_t5,-4.804020881652832,0.75,,,d3-c1-n0.1-m4,3,1,0.1,4,,-5.993422357730778
colosseum,4,successor_entropy,-2.025298122850557,0.06,1102.01,,d3-c1-n0.1-m4,3,1,0.1,4,,-5.993422357730778
colosseum,4,successor_orc,0.950877546896435,5.04,1102.01,,d3-c1-n0.1-m4,3,1,0.1,4,,-5.993422357730778
colosseum,5,dc2,-0.6533644199371338,14.44,,,d3-c1-n0.1-m5,3,1,0.1,5,,-3.1819854579991733
colosseum,5,dc_wasserstein_ollivier,-0.6300379037857056,4.2,,,d3-c1-n0.1-m5,3,1,0.1,5,,-3.1819854579991733
colosseum,5,dc_entropic_subtraction,0.1286139488220214,3.72,,,d3-c1-n0.1-m5,3,1,0.1,5,,-3.1819854579991733
colosseum,5,hickock,2.035112284736654,54.15,,,d3-c1-n0.1-m5,3,1,0.1,5,,-3.1819854579991733
colosseum,5,frc_weighted_adaptive,-62.16561467072388,0.92,,,d3-c1-n0.1-m5,3,1,0.1,5,,-3.1819854579991733
colosseum,5,frc_unweighted_knn,-5.25,0.3,,,d3-c1-n0.1-m5,3,1,0.1,5,,-3.1819854579991733
colosseum,5,orc,-0.0738986326182055,8.08,,,d3-c1-n0.1-m5,3,1,0.1,5,,-3.1819854579991733
colosseum,5,spc_hop,-425.3193295843259,71.54,,,d3-c1-n0.1-m5,3,1,0.1,5,,-3.1819854579991733
colosseum,5,spc_diffusion_t5,-148.7154003610229,24.83,,,d3-c1-n0.1-m5,3,1,0.1,5,,-3.1819854579991733
colosseum,5,laziness_knn_t5,-4.781503677368164,0.89,,,d3-c1-n0.1-m5,3,1,0.1,5,,-3.1819854579991733
colosseum,5,laziness_adaptive_t5,-4.764220714569092,0.74,,,d3-c1-n0.1-m5,3,1,0.1,5,,-3.1819854579991733
colosseum,5,successor_entropy,-2.052216312987109,0.06,1097.59,,d3-c1-n0.1-m5,3,1,0.1,5,,-3.1819854579991733
colosseum,5,successor_orc,0.948742881119907,5.38,1097.59,,d3-c1-n0.1-m5,3,1,0.1,5,,-3.1819854579991733
colosseum,6,dc2,-1.1504840850830078,15.05,,,d3-c1-n0.1-m6,3,1,0.1,6,,-8.93619498814884
colosseum,6,dc_wasserstein_ollivier,-0.7201327085494995,4.31,,,d3-c1-n0.1-m6,3,1,0.1,6,,-8.93619498814884
colosseum,6,dc_entropic_subtraction,0.0552320480346679,3.31,,,d3-c1-n0.1-m6,3,1,0.1,6,,-8.93619498814884
colosseum,6,hickock,0.9946711563135916,60.82,,,d3-c1-n0.1-m6,3,1,0.1,6,,-8.93619498814884
colosseum,6,frc_weighted_adaptive,-71.41248925310877,1.44,,,d3-c1-n0.1-m6,3,1,0.1,6,,-8.93619498814884
colosseum,6,frc_unweighted_knn,-6.545454545454546,0.38,,,d3-c1-n0.1-m6,3,1,0.1,6,,-8.93619498814884
colosseum,6,orc,-0.0271557016524299,8.43,,,d3-c1-n0.1-m6,3,1,0.1,6,,-8.93619498814884
colosseum,6,spc_hop,-167.5996516192907,73.34,,,d3-c1-n0.1-m6,3,1,0.1,6,,-8.93619498814884
colosseum,6,spc_diffusion_t5,156.64342635745595,25.06,,,d3-c1-n0.1-m6,3,1,0.1,6,,-8.93619498814884
colosseum,6,laziness_knn_t5,-4.968475341796875,0.88,,,d3-c1-n0.1-m6,3,1,0.1,6,,-8.93619498814884
colosseum,6,laziness_adaptive_t5,-4.929882049560547,0.75,,,d3-c1-n0.1-m6,3,1,0.1,6,,-8.93619498814884
colosseum,6,successor_entropy,-2.0983993940403063,0.05,1085.33,,d3-c1-n0.1-m6,3,1,0.1,6,,-8.93619498814884
colosseum,6,successor_orc,0.9500917541247011,6.94,1085.33,,d3-c1-n0.1-m6,3,1,0.1,6,,-8.93619498814884
colosseum,7,dc2,-1.1533710956573486,14.36,,,d3-c1-n0.1-m7,3,1,0.1,7,,1.983108137963419
colosseum,7,dc_wasserstein_ollivier,-0.5912388563156128,4.02,,,d3-c1-n0.1-m7,3,1,0.1,7,,1.983108137963419
colosseum,7,dc_entropic_subtraction,0.3493294715881347,3.6,,,d3-c1-n0.1-m7,3,1,0.1,7,,1.983108137963419
colosseum,7,hickock,3.903116469456986,57.0,,,d3-c1-n0.1-m7,3,1,0.1,7,,1.983108137963419
colosseum,7,frc_weighted_adaptive,-50.86114126389023,1.04,,,d3-c1-n0.1-m7,3,1,0.1,7,,1.983108137963419
colosseum,7,frc_unweighted_knn,-6.2,0.37,,,d3-c1-n0.1-m7,3,1,0.1,7,,1.983108137963419
colosseum,7,orc,-0.0235677475407069,8.43,,,d3-c1-n0.1-m7,3,1,0.1,7,,1.983108137963419
colosseum,7,spc_hop,78.3768821768157,74.57,,,d3-c1-n0.1-m7,3,1,0.1,7,,1.983108137963419
colosseum,7,spc_diffusion_t5,61.60238649687968,25.19,,,d3-c1-n0.1-m7,3,1,0.1,7,,1.983108137963419
colosseum,7,laziness_knn_t5,-4.948599338531494,0.81,,,d3-c1-n0.1-m7,3,1,0.1,7,,1.983108137963419
colosseum,7,laziness_adaptive_t5,-4.897590637207031,0.83,,,d3-c1-n0.1-m7,3,1,0.1,7,,1.983108137963419
colosseum,7,successor_entropy,-2.1440183498660725,0.05,1057.33,,d3-c1-n0.1-m7,3,1,0.1,7,,1.983108137963419
colosseum,7,successor_orc,0.9509024450471856,6.2,1057.33,,d3-c1-n0.1-m7,3,1,0.1,7,,1.983108137963419
colosseum,8,dc2,-1.0756068229675293,13.86,,,d3-c1-n0.1-m8,3,1,0.1,8,,8.78815551360555
colosseum,8,dc_wasserstein_ollivier,-0.715823769569397,4.03,,,d3-c1-n0.1-m8,3,1,0.1,8,,8.78815551360555
colosseum,8,dc_entropic_subtraction,0.4103808403015136,3.25,,,d3-c1-n0.1-m8,3,1,0.1,8,,8.78815551360555
colosseum,8,hickock,3.759282181762967,58.25,,,d3-c1-n0.1-m8,3,1,0.1,8,,8.78815551360555
colosseum,8,frc_weighted_adaptive,-60.61551524018039,1.23,,,d3-c1-n0.1-m8,3,1,0.1,8,,8.78815551360555
colosseum,8,frc_unweighted_knn,-10.307692307692308,0.32,,,d3-c1-n0.1-m8,3,1,0.1,8,,8.78815551360555
colosseum,8,orc,-0.1375343968736444,7.76,,,d3-c1-n0.1-m8,3,1,0.1,8,,8.78815551360555
colosseum,8,spc_hop,503.7069651620752,70.07,,,d3-c1-n0.1-m8,3,1,0.1,8,,8.78815551360555
colosseum,8,spc_diffusion_t5,-73.84991132621758,24.64,,,d3-c1-n0.1-m8,3,1,0.1,8,,8.78815551360555
colosseum,8,laziness_knn_t5,-5.04308557510376,0.77,,,d3-c1-n0.1-m8,3,1,0.1,8,,8.78815551360555
colosseum,8,laziness_adaptive_t5,-5.040605545043945,0.73,,,d3-c1-n0.1-m8,3,1,0.1,8,,8.78815551360555
colosseum,8,successor_entropy,-2.0713701155257103,0.05,1055.27,,d3-c1-n0.1-m8,3,1,0.1,8,,8.78815551360555
colosseum,8,successor_orc,0.9512382068586648,5.34,1055.27,,d3-c1-n0.1-m8,3,1,0.1,8,,8.78815551360555
colosseum,9,dc2,-0.6759624481201172,14.67,,,d3-c1-n0.1-m9,3,1,0.1,9,,-7.201203927210399
colosseum,9,dc_wasserstein_ollivier,-0.6851216554641724,3.87,,,d3-c1-n0.1-m9,3,1,0.1,9,,-7.201203927210399
colosseum,9,dc_entropic_subtraction,0.4351434707641601,3.3,,,d3-c1-n0.1-m9,3,1,0.1,9,,-7.201203927210399
colosseum,9,hickock,2.9046210857124533,59.11,,,d3-c1-n0.1-m9,3,1,0.1,9,,-7.201203927210399
colosseum,9,frc_weighted_adaptive,-35.39324807281828,0.92,,,d3-c1-n0.1-m9,3,1,0.1,9,,-7.201203927210399
colosseum,9,frc_unweighted_knn,-6.0,0.31,,,d3-c1-n0.1-m9,3,1,0.1,9,,-7.201203927210399
colosseum,9,orc,-0.0869206542466946,7.81,,,d3-c1-n0.1-m9,3,1,0.1,9,,-7.201203927210399
colosseum,9,spc_hop,135.14444791204568,68.47,,,d3-c1-n0.1-m9,3,1,0.1,9,,-7.201203927210399
colosseum,9,spc_diffusion_t5,-206.11110317389463,24.29,,,d3-c1-n0.1-m9,3,1,0.1,9,,-7.201203927210399
colosseum,9,laziness_knn_t5,-5.114823341369629,0.78,,,d3-c1-n0.1-m9,3,1,0.1,9,,-7.201203927210399
colosseum,9,laziness_adaptive_t5,-5.051451683044434,0.74,,,d3-c1-n0.1-m9,3,1,0.1,9,,-7.201203927210399
colosseum,9,successor_entropy,-2.1059363719721635,0.05,1098.53,,d3-c1-n0.1-m9,3,1,0.1,9,,-7.201203927210399
colosseum,9,successor_orc,0.9514668632257878,5.07,1098.53,,d3-c1-n0.1-m9,3,1,0.1,9,,-7.201203927210399
colosseum,10,dc2,-1.0479435920715332,13.66,,,d3-c1-n0.1-m10,3,1,0.1,10,,20.24208617576741
colosseum,10,dc_wasserstein_ollivier,-0.3430144786834717,3.72,,,d3-c1-n0.1-m10,3,1,0.1,10,,20.24208617576741
colosseum,10,dc_entropic_subtraction,0.511986255645752,3.27,,,d3-c1-n0.1-m10,3,1,0.1,10,,20.24208617576741
colosseum,10,hickock,5.075753535507892,57.13,,,d3-c1-n0.1-m10,3,1,0.1,10,,20.24208617576741
colosseum,10,frc_weighted_adaptive,-25.194636438270624,1.0,,,d3-c1-n0.1-m10,3,1,0.1,10,,20.24208617576741
colosseum,10,frc_unweighted_knn,-7.2,0.35,,,d3-c1-n0.1-m10,3,1,0.1,10,,20.24208617576741
colosseum,10,orc,0.054248769298155,8.29,,,d3-c1-n0.1-m10,3,1,0.1,10,,20.24208617576741
colosseum,10,spc_hop,-15.593840307921596,67.8,,,d3-c1-n0.1-m10,3,1,0.1,10,,20.24208617576741
colosseum,10,spc_diffusion_t5,-21.23148971310138,20.33,,,d3-c1-n0.1-m10,3,1,0.1,10,,20.24208617576741
colosseum,10,laziness_knn_t5,-4.9994072914123535,0.79,,,d3-c1-n0.1-m10,3,1,0.1,10,,20.24208617576741
colosseum,10,laziness_adaptive_t5,-5.0078654289245605,0.73,,,d3-c1-n0.1-m10,3,1,0.1,10,,20.24208617576741
colosseum,10,successor_entropy,-2.0223753457292912,0.05,1014.92,,d3-c1-n0.1-m10,3,1,0.1,10,,20.24208617576741
colosseum,10,successor_orc,0.9498683296950678,6.75,1014.92,,d3-c1-n0.1-m10,3,1,0.1,10,,20.24208617576741
colosseum,11,dc2,-0.3929619789123535,13.02,,,d3-c1-n0.1-m11,3,1,0.1,11,,-3.664042287549375
colosseum,11,dc_wasserstein_ollivier,-0.5693999528884888,3.61,,,d3-c1-n0.1-m11,3,1,0.1,11,,-3.664042287549375
colosseum,11,dc_entropic_subtraction,0.1934270858764648,2.81,,,d3-c1-n0.1-m11,3,1,0.1,11,,-3.664042287549375
colosseum,11,hickock,1.7194248259528269,54.56,,,d3-c1-n0.1-m11,3,1,0.1,11,,-3.664042287549375
colosseum,11,frc_weighted_adaptive,-136.75963509565253,0.99,,,d3-c1-n0.1-m11,3,1,0.1,11,,-3.664042287549375
colosseum,11,frc_unweighted_knn,-8.272727272727273,0.35,,,d3-c1-n0.1-m11,3,1,0.1,11,,-3.664042287549375
colosseum,11,orc,-0.1697231710453283,7.39,,,d3-c1-n0.1-m11,3,1,0.1,11,,-3.664042287549375
colosseum,11,spc_hop,-180.66827669091137,67.93,,,d3-c1-n0.1-m11,3,1,0.1,11,,-3.664042287549375
colosseum,11,spc_diffusion_t5,-120.90480038883474,22.97,,,d3-c1-n0.1-m11,3,1,0.1,11,,-3.664042287549375
colosseum,11,laziness_knn_t5,-5.226885795593262,0.72,,,d3-c1-n0.1-m11,3,1,0.1,11,,-3.664042287549375
colosseum,11,laziness_adaptive_t5,-5.169559478759766,0.68,,,d3-c1-n0.1-m11,3,1,0.1,11,,-3.664042287549375
colosseum,11,successor_entropy,-2.060798531805476,0.05,906.91,,d3-c1-n0.1-m11,3,1,0.1,11,,-3.664042287549375
colosseum,11,successor_orc,0.9475264982890044,6.18,906.91,,d3-c1-n0.1-m11,3,1,0.1,11,,-3.664042287549375
colosseum,12,dc2,-0.0455424785614013,12.95,,,d3-c1-n0.1-m12,3,1,0.1,12,,-10.641782641858342
colosseum,12,dc_wasserstein_ollivier,-0.7974129915237427,3.88,,,d3-c1-n0.1-m12,3,1,0.1,12,,-10.641782641858342
colosseum,12,dc_entropic_subtraction,0.1037440299987793,2.71,,,d3-c1-n0.1-m12,3,1,0.1,12,,-10.641782641858342
colosseum,12,hickock,1.879133131355996,50.1,,,d3-c1-n0.1-m12,3,1,0.1,12,,-10.641782641858342
colosseum,12,frc_weighted_adaptive,-37.03673948919796,0.91,,,d3-c1-n0.1-m12,3,1,0.1,12,,-10.641782641858342
colosseum,12,frc_unweighted_knn,-7.2,0.29,,,d3-c1-n0.1-m12,3,1,0.1,12,,-10.641782641858342
colosseum,12,orc,-0.0618439243539697,6.69,,,d3-c1-n0.1-m12,3,1,0.1,12,,-10.641782641858342
colosseum,12,spc_hop,323.7439335643632,61.86,,,d3-c1-n0.1-m12,3,1,0.1,12,,-10.641782641858342
colosseum,12,spc_diffusion_t5,-232.41244137281345,19.46,,,d3-c1-n0.1-m12,3,1,0.1,12,,-10.641782641858342
colosseum,12,laziness_knn_t5,-5.059571266174316,0.99,,,d3-c1-n0.1-m12,3,1,0.1,12,,-10.641782641858342
colosseum,12,laziness_adaptive_t5,-4.981147766113281,0.66,,,d3-c1-n0.1-m12,3,1,0.1,12,,-10.641782641858342
colosseum,12,successor_entropy,-2.317008535280824,0.05,915.48,,d3-c1-n0.1-m12,3,1,0.1,12,,-10.641782641858342
colosseum,12,successor_orc,0.9521831645301856,6.12,915.48,,d3-c1-n0.1-m12,3,1,0.1,12,,-10.641782641858342
colosseum,13,dc2,-0.964503526687622,13.07,,,d3-c1-n0.1-m13,3,1,0.1,13,,-23.19577460146234
colosseum,13,dc_wasserstein_ollivier,-0.870185136795044,3.55,,,d3-c1-n0.1-m13,3,1,0.1,13,,-23.19577460146234
colosseum,13,dc_entropic_subtraction,0.3598260879516601,2.7,,,d3-c1-n0.1-m13,3,1,0.1,13,,-23.19577460146234
colosseum,13,hickock,2.260204800178435,49.22,,,d3-c1-n0.1-m13,3,1,0.1,13,,-23.19577460146234
colosseum,13,frc_weighted_adaptive,-22.620550250438036,0.89,,,d3-c1-n0.1-m13,3,1,0.1,13,,-23.19577460146234
colosseum,13,frc_unweighted_knn,-5.4,0.28,,,d3-c1-n0.1-m13,3,1,0.1,13,,-23.19577460146234
colosseum,13,orc,-0.0308768072398036,6.68,,,d3-c1-n0.1-m13,3,1,0.1,13,,-23.19577460146234
colosseum,13,spc_hop,164.9469749622347,61.67,,,d3-c1-n0.1-m13,3,1,0.1,13,,-23.19577460146234
colosseum,13,spc_diffusion_t5,125.02223720145852,19.51,,,d3-c1-n0.1-m13,3,1,0.1,13,,-23.19577460146234
colosseum,13,laziness_knn_t5,-4.987729072570801,0.74,,,d3-c1-n0.1-m13,3,1,0.1,13,,-23.19577460146234
colosseum,13,laziness_adaptive_t5,-4.862379550933838,0.94,,,d3-c1-n0.1-m13,3,1,0.1,13,,-23.19577460146234
colosseum,13,successor_entropy,-2.199864108690371,0.05,893.92,,d3-c1-n0.1-m13,3,1,0.1,13,,-23.19577460146234
colosseum,13,successor_orc,0.9485732437393832,5.1,893.92,,d3-c1-n0.1-m13,3,1,0.1,13,,-23.19577460146234
colosseum,14,dc2,-1.275303840637207,13.37,,,d3-c1-n0.1-m14,3,1,0.1,14,,-14.815992414510385
colosseum,14,dc_wasserstein_ollivier,-0.8239341974258423,3.86,,,d3-c1-n0.1-m14,3,1,0.1,14,,-14.815992414510385
colosseum,14,dc_entropic_subtraction,0.1779322624206543,2.74,,,d3-c1-n0.1-m14,3,1,0.1,14,,-14.815992414510385
colosseum,14,hickock,2.142025066968809,49.8,,,d3-c1-n0.1-m14,3,1,0.1,14,,-14.815992414510385
colosseum,14,frc_weighted_adaptive,-35.06765728175727,0.89,,,d3-c1-n0.1-m14,3,1,0.1,14,,-14.815992414510385
colosseum,14,frc_unweighted_knn,-4.2,0.29,,,d3-c1-n0.1-m14,3,1,0.1,14,,-14.815992414510385
colosseum,14,orc,0.0346869255281019,6.63,,,d3-c1-n0.1-m14,3,1,0.1,14,,-14.815992414510385
colosseum,14,spc_hop,33.17338325064135,61.75,,,d3-c1-n0.1-m14,3,1,0.1,14,,-14.815992414510385
colosseum,14,spc_diffusion_t5,20.0977031385431,19.4,,,d3-c1-n0.1-m14,3,1,0.1,14,,-14.815992414510385
colosseum,14,laziness_knn_t5,-4.987947463989258,0.73,,,d3-c1-n0.1-m14,3,1,0.1,14,,-14.815992414510385
colosseum,14,laziness_adaptive_t5,-4.939623832702637,0.66,,,d3-c1-n0.1-m14,3,1,0.1,14,,-14.815992414510385
colosseum,14,successor_entropy,-2.175312451387445,0.06,898.7,,d3-c1-n0.1-m14,3,1,0.1,14,,-14.815992414510385
colosseum,14,successor_orc,0.950293055788734,6.63,898.7,,d3-c1-n0.1-m14,3,1,0.1,14,,-14.815992414510385
colosseum,15,dc2,-1.2402215003967283,13.86,,,d3-c1-n0.1-m15,3,1,0.1,15,,-7.545478313722919
colosseum,15,dc_wasserstein_ollivier,-0.791271448135376,3.78,,,d3-c1-n0.1-m15,3,1,0.1,15,,-7.545478313722919
colosseum,15,dc_entropic_subtraction,0.4768929481506347,2.68,,,d3-c1-n0.1-m15,3,1,0.1,15,,-7.545478313722919
colosseum,15,hickock,3.1808042436699857,49.38,,,d3-c1-n0.1-m15,3,1,0.1,15,,-7.545478313722919
colosseum,15,frc_weighted_adaptive,-50.72591658722926,0.89,,,d3-c1-n0.1-m15,3,1,0.1,15,,-7.545478313722919
colosseum,15,frc_unweighted_knn,-7.416666666666667,0.28,,,d3-c1-n0.1-m15,3,1,0.1,15,,-7.545478313722919
colosseum,15,orc,-0.0961416618861651,6.73,,,d3-c1-n0.1-m15,3,1,0.1,15,,-7.545478313722919
colosseum,15,spc_hop,257.9042142054618,61.11,,,d3-c1-n0.1-m15,3,1,0.1,15,,-7.545478313722919
colosseum,15,spc_diffusion_t5,-95.3814603657727,19.25,,,d3-c1-n0.1-m15,3,1,0.1,15,,-7.545478313722919
colosseum,15,laziness_knn_t5,-5.007724761962891,0.71,,,d3-c1-n0.1-m15,3,1,0.1,15,,-7.545478313722919
colosseum,15,laziness_adaptive_t5,-4.981779098510742,0.66,,,d3-c1-n0.1-m15,3,1,0.1,15,,-7.545478313722919
colosseum,15,successor_entropy,-2.092528899571548,0.05,874.3,,d3-c1-n0.1-m15,3,1,0.1,15,,-7.545478313722919
colosseum,15,successor_orc,0.9493468567353078,6.37,874.3,,d3-c1-n0.1-m15,3,1,0.1,15,,-7.545478313722919
colosseum,16,dc2,-1.2024867534637451,12.5,,,d3-c1-n0.1-m16,3,1,0.1,16,,-4.7043859340467264
colosseum,16,dc_wasserstein_ollivier,-0.5639913082122803,3.46,,,d3-c1-n0.1-m16,3,1,0.1,16,,-4.7043859340467264
colosseum,16,dc_entropic_subtraction,0.1318778991699218,2.75,,,d3-c1-n0.1-m16,3,1,0.1,16,,-4.7043859340467264
colosseum,16,hickock,1.8998482089734956,50.52,,,d3-c1-n0.1-m16,3,1,0.1,16,,-4.7043859340467264
colosseum,16,frc_weighted_adaptive,-70.4148533049404,0.94,,,d3-c1-n0.1-m16,3,1,0.1,16,,-4.7043859340467264
colosseum,16,frc_unweighted_knn,-2.636363636363636,0.29,,,d3-c1-n0.1-m16,3,1,0.1,16,,-4.7043859340467264
colosseum,16,orc,-0.0453424975098201,6.55,,,d3-c1-n0.1-m16,3,1,0.1,16,,-4.7043859340467264
colosseum,16,spc_hop,257.44051717726023,61.23,,,d3-c1-n0.1-m16,3,1,0.1,16,,-4.7043859340467264
colosseum,16,spc_diffusion_t5,285.59766456935233,19.09,,,d3-c1-n0.1-m16,3,1,0.1,16,,-4.7043859340467264
colosseum,16,laziness_knn_t5,-4.817563533782959,0.7,,,d3-c1-n0.1-m16,3,1,0.1,16,,-4.7043859340467264
colosseum,16,laziness_adaptive_t5,-4.760017395019531,0.67,,,d3-c1-n0.1-m16,3,1,0.1,16,,-4.7043859340467264
colosseum,16,successor_entropy,-2.1494610787878434,0.05,880.71,,d3-c1-n0.1-m16,3,1,0.1,16,,-4.7043859340467264
colosseum,16,successor_orc,0.9511662934089788,6.14,880.71,,d3-c1-n0.1-m16,3,1,0.1,16,,-4.7043859340467264
colosseum,17,dc2,-0.5043737888336182,13.21,,,d3-c1-n0.1-m17,3,1,0.1,17,,-0.5196610938097836
colosseum,17,dc_wasserstein_ollivier,-0.6281442642211914,3.94,,,d3-c1-n0.1-m17,3,1,0.1,17,,-0.5196610938097836
colosseum,17,dc_entropic_subtraction,0.1346306800842285,2.84,,,d3-c1-n0.1-m17,3,1,0.1,17,,-0.5196610938097836
colosseum,17,hickock,2.573086491492236,50.48,,,d3-c1-n0.1-m17,3,1,0.1,17,,-0.5196610938097836
colosseum,17,frc_weighted_adaptive,-64.95240217219353,0.9,,,d3-c1-n0.1-m17,3,1,0.1,17,,-0.5196610938097836
colosseum,17,frc_unweighted_knn,-0.4285714285714285,0.29,,,d3-c1-n0.1-m17,3,1,0.1,17,,-0.5196610938097836
colosseum,17,orc,0.0819447822434584,6.97,,,d3-c1-n0.1-m17,3,1,0.1,17,,-0.5196610938097836
colosseum,17,spc_hop,84.76114773942145,60.34,,,d3-c1-n0.1-m17,3,1,0.1,17,,-0.5196610938097836
colosseum,17,spc_diffusion_t5,300.793948575357,18.9,,,d3-c1-n0.1-m17,3,1,0.1,17,,-0.5196610938097836
colosseum,17,laziness_knn_t5,-4.71785831451416,0.69,,,d3-c1-n0.1-m17,3,1,0.1,17,,-0.5196610938097836
colosseum,17,laziness_adaptive_t5,-4.690779685974121,0.66,,,d3-c1-n0.1-m17,3,1,0.1,17,,-0.5196610938097836
colosseum,17,successor_entropy,-2.0328659814770025,0.05,881.89,,d3-c1-n0.1-m17,3,1,0.1,17,,-0.5196610938097836
colosseum,17,successor_orc,0.9511802986844988,8.92,881.89,,d3-c1-n0.1-m17,3,1,0.1,17,,-0.5196610938097836
colosseum,18,dc2,-1.0006637573242188,12.63,,,d3-c1-n0.1-m18,3,1,0.1,18,,-2.171691023812528
colosseum,18,dc_wasserstein_ollivier,-0.6957801580429077,3.98,,,d3-c1-n0.1-m18,3,1,0.1,18,,-2.171691023812528
colosseum,18,dc_entropic_subtraction,0.3648867607116699,3.43,,,d3-c1-n0.1-m18,3,1,0.1,18,,-2.171691023812528
colosseum,18,hickock,2.9296764249581635,50.85,,,d3-c1-n0.1-m18,3,1,0.1,18,,-2.171691023812528
colosseum,18,frc_weighted_adaptive,-47.57539180515823,0.9,,,d3-c1-n0.1-m18,3,1,0.1,18,,-2.171691023812528
colosseum,18,frc_unweighted_knn,-9.0,0.29,,,d3-c1-n0.1-m18,3,1,0.1,18,,-2.171691023812528
colosseum,18,orc,-0.2527991801726487,6.66,,,d3-c1-n0.1-m18,3,1,0.1,18,,-2.171691023812528
colosseum,18,spc_hop,-91.74264343498514,61.77,,,d3-c1-n0.1-m18,3,1,0.1,18,,-2.171691023812528
colosseum,18,spc_diffusion_t5,-241.75411170161684,19.18,,,d3-c1-n0.1-m18,3,1,0.1,18,,-2.171691023812528
colosseum,18,laziness_knn_t5,-5.164593696594238,0.74,,,d3-c1-n0.1-m18,3,1,0.1,18,,-2.171691023812528
colosseum,18,laziness_adaptive_t5,-5.0727739334106445,0.67,,,d3-c1-n0.1-m18,3,1,0.1,18,,-2.171691023812528
colosseum,18,successor_entropy,-2.180910888509204,0.05,869.86,,d3-c1-n0.1-m18,3,1,0.1,18,,-2.171691023812528
colosseum,18,successor_orc,0.9506017750565536,6.03,869.86,,d3-c1-n0.1-m18,3,1,0.1,18,,-2.171691023812528
colosseum,19,dc2,-1.4363489151000977,11.94,,,d3-c1-n0.1-m19,3,1,0.1,19,,-13.878257845148427
colosseum,19,dc_wasserstein_ollivier,-0.8157635927200317,3.78,,,d3-c1-n0.1-m19,3,1,0.1,19,,-13.878257845148427
colosseum,19,dc_entropic_subtraction,0.3610725402832031,2.69,,,d3-c1-n0.1-m19,3,1,0.1,19,,-13.878257845148427
colosseum,19,hickock,3.025750246415042,51.42,,,d3-c1-n0.1-m19,3,1,0.1,19,,-13.878257845148427
colosseum,19,frc_weighted_adaptive,-53.635895345468775,0.89,,,d3-c1-n0.1-m19,3,1,0.1,19,,-13.878257845148427
colosseum,19,frc_unweighted_knn,-6.909090909090909,0.28,,,d3-c1-n0.1-m19,3,1,0.1,19,,-13.878257845148427
colosseum,19,orc,-0.1343607212790449,6.64,,,d3-c1-n0.1-m19,3,1,0.1,19,,-13.878257845148427
colosseum,19,spc_hop,-17.751980091900275,60.12,,,d3-c1-n0.1-m19,3,1,0.1,19,,-13.878257845148427
colosseum,19,spc_diffusion_t5,-125.92028841018112,19.07,,,d3-c1-n0.1-m19,3,1,0.1,19,,-13.878257845148427
colosseum,19,laziness_knn_t5,-5.008481979370117,0.72,,,d3-c1-n0.1-m19,3,1,0.1,19,,-13.878257845148427
colosseum,19,laziness_adaptive_t5,-4.895843029022217,0.65,,,d3-c1-n0.1-m19,3,1,0.1,19,,-13.878257845148427
colosseum,19,successor_entropy,-2.153664142688116,0.05,872.77,,d3-c1-n0.1-m19,3,1,0.1,19,,-13.878257845148427
colosseum,19,successor_orc,0.949162838836396,5.98,872.77,,d3-c1-n0.1-m19,3,1,0.1,19,,-13.878257845148427
colosseum,20,dc2,-0.9524545669555664,13.22,,,d3-c1-n0.1-m20,3,1,0.1,20,,-46.59606463155969
colosseum,20,dc_wasserstein_ollivier,-0.9596604108810424,3.99,,,d3-c1-n0.1-m20,3,1,0.1,20,,-46.59606463155969
colosseum,20,dc_entropic_subtraction,0.535891056060791,2.66,,,d3-c1-n0.1-m20,3,1,0.1,20,,-46.59606463155969
colosseum,20,hickock,2.9915480737236946,50.61,,,d3-c1-n0.1-m20,3,1,0.1,20,,-46.59606463155969
colosseum,20,frc_weighted_adaptive,-63.849581125051294,0.87,,,d3-c1-n0.1-m20,3,1,0.1,20,,-46.59606463155969
colosseum,20,frc_unweighted_knn,-9.0,0.28,,,d3-c1-n0.1-m20,3,1,0.1,20,,-46.59606463155969
colosseum,20,orc,-0.0903609135584373,6.68,,,d3-c1-n0.1-m20,3,1,0.1,20,,-46.59606463155969
colosseum,20,spc_hop,-3.2751239328981443,61.69,,,d3-c1-n0.1-m20,3,1,0.1,20,,-46.59606463155969
colosseum,20,spc_diffusion_t5,-12.333847571366066,19.36,,,d3-c1-n0.1-m20,3,1,0.1,20,,-46.59606463155969
colosseum,20,laziness_knn_t5,-5.050279140472412,0.91,,,d3-c1-n0.1-m20,3,1,0.1,20,,-46.59606463155969
colosseum,20,laziness_adaptive_t5,-4.994317054748535,0.94,,,d3-c1-n0.1-m20,3,1,0.1,20,,-46.59606463155969
colosseum,20,successor_entropy,-2.153464726105953,0.05,921.46,,d3-c1-n0.1-m20,3,1,0.1,20,,-46.59606463155969
colosseum,20,successor_orc,0.9516106167198418,6.03,921.46,,d3-c1-n0.1-m20,3,1,0.1,20,,-46.59606463155969
colosseum,21,dc2,-0.5249836444854736,13.63,,,d3-c1-n0.1-m21,3,1,0.1,21,,14.615145044979396
colosseum,21,dc_wasserstein_ollivier,-0.5077618360519409,4.42,,,d3-c1-n0.1-m21,3,1,0.1,21,,14.615145044979396
colosseum,21,dc_entropic_subtraction,0.3292407989501953,2.75,,,d3-c1-n0.1-m21,3,1,0.1,21,,14.615145044979396
colosseum,21,hickock,4.218769630362247,52.43,,,d3-c1-n0.1-m21,3,1,0.1,21,,14.615145044979396
colosseum,21,frc_weighted_adaptive,-54.57873196480364,0.89,,,d3-c1-n0.1-m21,3,1,0.1,21,,14.615145044979396
colosseum,21,frc_unweighted_knn,-9.5,0.29,,,d3-c1-n0.1-m21,3,1,0.1,21,,14.615145044979396
colosseum,21,orc,-0.0304700437239179,6.72,,,d3-c1-n0.1-m21,3,1,0.1,21,,14.615145044979396
colosseum,21,spc_hop,10.040716642317708,60.31,,,d3-c1-n0.1-m21,3,1,0.1,21,,14.615145044979396
colosseum,21,spc_diffusion_t5,-34.75818833694626,19.7,,,d3-c1-n0.1-m21,3,1,0.1,21,,14.615145044979396
colosseum,21,laziness_knn_t5,-5.2119669914245605,0.69,,,d3-c1-n0.1-m21,3,1,0.1,21,,14.615145044979396
colosseum,21,laziness_adaptive_t5,-5.154102802276611,0.68,,,d3-c1-n0.1-m21,3,1,0.1,21,,14.615145044979396
colosseum,21,successor_entropy,-2.0490528254794578,0.05,889.11,,d3-c1-n0.1-m21,3,1,0.1,21,,14.615145044979396
colosseum,21,successor_orc,0.9466670031220936,7.4,889.11,,d3-c1-n0.1-m21,3,1,0.1,21,,14.615145044979396
colosseum,22,dc2,-1.3127448558807373,13.06,,,d3-c1-n0.1-m22,3,1,0.1,22,,-4.087704428612293
colosseum,22,dc_wasserstein_ollivier,-0.6897385120391846,4.01,,,d3-c1-n0.1-m22,3,1,0.1,22,,-4.087704428612293
colosseum,22,dc_entropic_subtraction,0.2051291465759277,2.69,,,d3-c1-n0.1-m22,3,1,0.1,22,,-4.087704428612293
colosseum,22,hickock,2.041416119432075,52.09,,,d3-c1-n0.1-m22,3,1,0.1,22,,-4.087704428612293
colosseum,22,frc_weighted_adaptive,-112.32652374220804,0.91,,,d3-c1-n0.1-m22,3,1,0.1,22,,-4.087704428612293
colosseum,22,frc_unweighted_knn,-10.916666666666666,0.29,,,d3-c1-n0.1-m22,3,1,0.1,22,,-4.087704428612293
colosseum,22,orc,-0.0346445966859877,6.66,,,d3-c1-n0.1-m22,3,1,0.1,22,,-4.087704428612293
colosseum,22,spc_hop,-114.24144942902409,61.3,,,d3-c1-n0.1-m22,3,1,0.1,22,,-4.087704428612293
colosseum,22,spc_diffusion_t5,61.59796883954858,19.23,,,d3-c1-n0.1-m22,3,1,0.1,22,,-4.087704428612293
colosseum,22,laziness_knn_t5,-5.167542934417725,0.9,,,d3-c1-n0.1-m22,3,1,0.1,22,,-4.087704428612293
colosseum,22,laziness_adaptive_t5,-5.197860240936279,0.69,,,d3-c1-n0.1-m22,3,1,0.1,22,,-4.087704428612293
colosseum,22,successor_entropy,-2.2100974387191235,0.05,878.49,,d3-c1-n0.1-m22,3,1,0.1,22,,-4.087704428612293
colosseum,22,successor_orc,0.9503311653343928,7.25,878.49,,d3-c1-n0.1-m22,3,1,0.1,22,,-4.087704428612293
colosseum,23,dc2,-0.9557013511657716,12.8,,,d3-c1-n0.1-m23,3,1,0.1,23,,-4.428223563039577
colosseum,23,dc_wasserstein_ollivier,-0.7487314939498901,3.53,,,d3-c1-n0.1-m23,3,1,0.1,23,,-4.428223563039577
colosseum,23,dc_entropic_subtraction,0.3557753562927246,2.98,,,d3-c1-n0.1-m23,3,1,0.1,23,,-4.428223563039577
colosseum,23,hickock,3.242413952473449,48.72,,,d3-c1-n0.1-m23,3,1,0.1,23,,-4.428223563039577
colosseum,23,frc_weighted_adaptive,-27.10841448859485,0.89,,,d3-c1-n0.1-m23,3,1,0.1,23,,-4.428223563039577
colosseum,23,frc_unweighted_knn,-4.642857142857143,0.28,,,d3-c1-n0.1-m23,3,1,0.1,23,,-4.428223563039577
colosseum,23,orc,0.0359676772039122,6.71,,,d3-c1-n0.1-m23,3,1,0.1,23,,-4.428223563039577
colosseum,23,spc_hop,-180.962924241434,60.33,,,d3-c1-n0.1-m23,3,1,0.1,23,,-4.428223563039577
colosseum,23,spc_diffusion_t5,485.4003558124059,19.25,,,d3-c1-n0.1-m23,3,1,0.1,23,,-4.428223563039577
colosseum,23,laziness_knn_t5,-4.64915943145752,0.71,,,d3-c1-n0.1-m23,3,1,0.1,23,,-4.428223563039577
colosseum,23,laziness_adaptive_t5,-4.627785682678223,0.73,,,d3-c1-n0.1-m23,3,1,0.1,23,,-4.428223563039577
colosseum,23,successor_entropy,-2.030993114753316,0.05,893.78,,d3-c1-n0.1-m23,3,1,0.1,23,,-4.428223563039577
colosseum,23,successor_orc,0.951829729507228,6.0,893.78,,d3-c1-n0.1-m23,3,1,0.1,23,,-4.428223563039577
colosseum,24,dc2,-1.3112001419067385,12.3,,,d3-c1-n0.1-m24,3,1,0.1,24,,-3.7374061920546655
colosseum,24,dc_wasserstein_ollivier,-0.6184704303741455,3.63,,,d3-c1-n0.1-m24,3,1,0.1,24,,-3.7374061920546655
colosseum,24,dc_entropic_subtraction,0.2139959335327148,2.99,,,d3-c1-n0.1-m24,3,1,0.1,24,,-3.7374061920546655
colosseum,24,hickock,2.244247194868363,52.11,,,d3-c1-n0.1-m24,3,1,0.1,24,,-3.7374061920546655
colosseum,24,frc_weighted_adaptive,-92.3561921342393,0.9,,,d3-c1-n0.1-m24,3,1,0.1,24,,-3.7374061920546655
colosseum,24,frc_unweighted_knn,-5.3,0.29,,,d3-c1-n0.1-m24,3,1,0.1,24,,-3.7374061920546655
colosseum,24,orc,-0.1885597035901016,6.85,,,d3-c1-n0.1-m24,3,1,0.1,24,,-3.7374061920546655
colosseum,24,spc_hop,-75.0016830589949,60.35,,,d3-c1-n0.1-m24,3,1,0.1,24,,-3.7374061920546655
colosseum,24,spc_diffusion_t5,-46.59193799907635,18.98,,,d3-c1-n0.1-m24,3,1,0.1,24,,-3.7374061920546655
colosseum,24,laziness_knn_t5,-5.247267246246338,0.96,,,d3-c1-n0.1-m24,3,1,0.1,24,,-3.7374061920546655
colosseum,24,laziness_adaptive_t5,-5.213413238525391,0.96,,,d3-c1-n0.1-m24,3,1,0.1,24,,-3.7374061920546655
colosseum,24,successor_entropy,-2.087074221168955,0.04,884.62,,d3-c1-n0.1-m24,3,1,0.1,24,,-3.7374061920546655
colosseum,24,successor_orc,0.9501761656627236,6.05,884.62,,d3-c1-n0.1-m24,3,1,0.1,24,,-3.7374061920546655
colosseum,25,dc2,-1.123950481414795,13.98,,,d3-c1-n0.1-m25,3,1,0.1,25,,-8.015408042361008
colosseum,25,dc_wasserstein_ollivier,-0.6791549921035767,3.91,,,d3-c1-n0.1-m25,3,1,0.1,25,,-8.015408042361008
colosseum,25,dc_entropic_subtraction,0.0916924476623535,3.18,,,d3-c1-n0.1-m25,3,1,0.1,25,,-8.015408042361008
colosseum,25,hickock,1.6068263283429192,52.92,,,d3-c1-n0.1-m25,3,1,0.1,25,,-8.015408042361008
colosseum,25,frc_weighted_adaptive,-54.562093996355166,0.9,,,d3-c1-n0.1-m25,3,1,0.1,25,,-8.015408042361008
colosseum,25,frc_unweighted_knn,-5.090909090909091,0.29,,,d3-c1-n0.1-m25,3,1,0.1,25,,-8.015408042361008
colosseum,25,orc,-0.0353910772231581,6.49,,,d3-c1-n0.1-m25,3,1,0.1,25,,-8.015408042361008
colosseum,25,spc_hop,230.4733685705609,61.34,,,d3-c1-n0.1-m25,3,1,0.1,25,,-8.015408042361008
colosseum,25,spc_diffusion_t5,241.18710177615296,18.88,,,d3-c1-n0.1-m25,3,1,0.1,25,,-8.015408042361008
colosseum,25,laziness_knn_t5,-4.76019287109375,0.73,,,d3-c1-n0.1-m25,3,1,0.1,25,,-8.015408042361008
colosseum,25,laziness_adaptive_t5,-4.727420330047607,0.67,,,d3-c1-n0.1-m25,3,1,0.1,25,,-8.015408042361008
colosseum,0,dc2,-0.8368213176727295,13.01,,,d3-c1-n0.2-m0,3,1,0.2,0,,-7.076873889246593
colosseum,0,dc_wasserstein_ollivier,-0.7771810293197632,3.8,,,d3-c1-n0.2-m0,3,1,0.2,0,,-7.076873889246593
colosseum,0,dc_entropic_subtraction,0.3307905197143554,2.99,,,d3-c1-n0.2-m0,3,1,0.2,0,,-7.076873889246593
colosseum,0,hickock,-1.1712321016996528,47.35,,,d3-c1-n0.2-m0,3,1,0.2,0,,-7.076873889246593
colosseum,0,frc_weighted_adaptive,-89.10075038087173,0.97,,,d3-c1-n0.2-m0,3,1,0.2,0,,-7.076873889246593
colosseum,0,frc_unweighted_knn,-8.1,0.53,,,d3-c1-n0.2-m0,3,1,0.2,0,,-7.076873889246593
colosseum,0,orc,-0.1129747122180499,5.96,,,d3-c1-n0.2-m0,3,1,0.2,0,,-7.076873889246593
colosseum,0,spc_hop,-275.0701904303948,62.84,,,d3-c1-n0.2-m0,3,1,0.2,0,,-7.076873889246593
colosseum,0,spc_diffusion_t5,-5.432654897293419,18.77,,,d3-c1-n0.2-m0,3,1,0.2,0,,-7.076873889246593
colosseum,0,laziness_knn_t5,-5.344473361968994,0.91,,,d3-c1-n0.2-m0,3,1,0.2,0,,-7.076873889246593
colosseum,0,laziness_adaptive_t5,-5.324498176574707,0.69,,,d3-c1-n0.2-m0,3,1,0.2,0,,-7.076873889246593
colosseum,0,successor_entropy,-2.0164271388153234,0.05,904.41,,d3-c1-n0.2-m0,3,1,0.2,0,,-7.076873889246593
colosseum,0,successor_orc,0.9495038089586744,4.81,904.41,,d3-c1-n0.2-m0,3,1,0.2,0,,-7.076873889246593
colosseum,1,dc2,-1.9631733894348145,11.81,,,d3-c1-n0.2-m1,3,1,0.2,1,,10.981304968332072
colosseum,1,dc_wasserstein_ollivier,-0.4847289323806762,3.15,,,d3-c1-n0.2-m1,3,1,0.2,1,,10.981304968332072
colosseum,1,dc_entropic_subtraction,0.2971677780151367,2.69,,,d3-c1-n0.2-m1,3,1,0.2,1,,10.981304968332072
colosseum,1,hickock,-0.8173645520635946,47.27,,,d3-c1-n0.2-m1,3,1,0.2,1,,10.981304968332072
colosseum,1,frc_weighted_adaptive,-61.80557861663046,0.98,,,d3-c1-n0.2-m1,3,1,0.2,1,,10.981304968332072
colosseum,1,frc_unweighted_knn,-5.454545454545454,0.31,,,d3-c1-n0.2-m1,3,1,0.2,1,,10.981304968332072
colosseum,1,orc,-0.1222050634746295,6.38,,,d3-c1-n0.2-m1,3,1,0.2,1,,10.981304968332072
colosseum,1,spc_hop,-224.72703160830017,55.61,,,d3-c1-n0.2-m1,3,1,0.2,1,,10.981304968332072
colosseum,1,spc_diffusion_t5,46.6683430869979,18.9,,,d3-c1-n0.2-m1,3,1,0.2,1,,10.981304968332072
colosseum,1,laziness_knn_t5,-5.22471809387207,0.68,,,d3-c1-n0.2-m1,3,1,0.2,1,,10.981304968332072
colosseum,1,laziness_adaptive_t5,-5.237845420837402,0.66,,,d3-c1-n0.2-m1,3,1,0.2,1,,10.981304968332072
colosseum,1,successor_entropy,-2.04401333754758,0.04,767.96,,d3-c1-n0.2-m1,3,1,0.2,1,,10.981304968332072
colosseum,1,successor_orc,0.9503935864253684,5.43,767.96,,d3-c1-n0.2-m1,3,1,0.2,1,,10.981304968332072
colosseum,2,dc2,-1.3398988246917725,12.23,,,d3-c1-n0.2-m2,3,1,0.2,2,,-13.84362488691286
colosseum,2,dc_wasserstein_ollivier,-0.8509377241134644,3.13,,,d3-c1-n0.2-m2,3,1,0.2,2,,-13.84362488691286
colosseum,2,dc_entropic_subtraction,0.5213561058044434,2.62,,,d3-c1-n0.2-m2,3,1,0.2,2,,-13.84362488691286
colosseum,2,hickock,1.9828992949269093,49.86,,,d3-c1-n0.2-m2,3,1,0.2,2,,-13.84362488691286
colosseum,2,frc_weighted_adaptive,-40.27711482585334,0.94,,,d3-c1-n0.2-m2,3,1,0.2,2,,-13.84362488691286
colosseum,2,frc_unweighted_knn,-5.909090909090909,0.31,,,d3-c1-n0.2-m2,3,1,0.2,2,,-13.84362488691286
colosseum,2,orc,-0.0502214620145502,6.38,,,d3-c1-n0.2-m2,3,1,0.2,2,,-13.84362488691286
colosseum,2,spc_hop,97.0161531803566,61.17,,,d3-c1-n0.2-m2,3,1,0.2,2,,-13.84362488691286
colosseum,2,spc_diffusion_t5,300.6254742735857,18.79,,,d3-c1-n0.2-m2,3,1,0.2,2,,-13.84362488691286
colosseum,2,laziness_knn_t5,-5.192231178283691,0.69,,,d3-c1-n0.2-m2,3,1,0.2,2,,-13.84362488691286
colosseum,2,laziness_adaptive_t5,-5.138564586639404,0.66,,,d3-c1-n0.2-m2,3,1,0.2,2,,-13.84362488691286
colosseum,2,successor_entropy,-2.1024702889199056,0.05,775.79,,d3-c1-n0.2-m2,3,1,0.2,2,,-13.84362488691286
colosseum,2,successor_orc,0.9501731548124036,4.76,775.79,,d3-c1-n0.2-m2,3,1,0.2,2,,-13.84362488691286
colosseum,3,dc2,-0.917914867401123,12.26,,,d3-c1-n0.2-m3,3,1,0.2,3,,-2.390672745734293
colosseum,3,dc_wasserstein_ollivier,-0.7976042032241821,3.11,,,d3-c1-n0.2-m3,3,1,0.2,3,,-2.390672745734293
colosseum,3,dc_entropic_subtraction,0.4649920463562011,2.63,,,d3-c1-n0.2-m3,3,1,0.2,3,,-2.390672745734293
colosseum,3,hickock,0.8064136261391222,50.53,,,d3-c1-n0.2-m3,3,1,0.2,3,,-2.390672745734293
colosseum,3,frc_weighted_adaptive,-34.88278624245284,0.94,,,d3-c1-n0.2-m3,3,1,0.2,3,,-2.390672745734293
colosseum,3,frc_unweighted_knn,-4.5,0.31,,,d3-c1-n0.2-m3,3,1,0.2,3,,-2.390672745734293
colosseum,3,orc,-0.0612161989424664,6.43,,,d3-c1-n0.2-m3,3,1,0.2,3,,-2.390672745734293
colosseum,3,spc_hop,117.12234525209438,64.23,,,d3-c1-n0.2-m3,3,1,0.2,3,,-2.390672745734293
colosseum,3,spc_diffusion_t5,80.61509932076969,18.91,,,d3-c1-n0.2-m3,3,1,0.2,3,,-2.390672745734293
colosseum,3,laziness_knn_t5,-5.185102462768555,0.7,,,d3-c1-n0.2-m3,3,1,0.2,3,,-2.390672745734293
colosseum,3,laziness_adaptive_t5,-5.179332733154297,0.66,,,d3-c1-n0.2-m3,3,1,0.2,3,,-2.390672745734293
colosseum,3,successor_entropy,-2.106537567853928,0.05,901.61,,d3-c1-n0.2-m3,3,1,0.2,3,,-2.390672745734293
colosseum,3,successor_orc,0.95136849095696,4.81,901.61,,d3-c1-n0.2-m3,3,1,0.2,3,,-2.390672745734293
colosseum,4,dc2,-1.051547288894653,12.4,,,d3-c1-n0.2-m4,3,1,0.2,4,,-34.35451311155944
colosseum,4,dc_wasserstein_ollivier,-1.002777338027954,3.4,,,d3-c1-n0.2-m4,3,1,0.2,4,,-34.35451311155944
colosseum,4,dc_entropic_subtraction,0.3838038444519043,2.62,,,d3-c1-n0.2-m4,3,1,0.2,4,,-34.35451311155944
colosseum,4,hickock,-0.5584093689700567,51.58,,,d3-c1-n0.2-m4,3,1,0.2,4,,-34.35451311155944
colosseum,4,frc_weighted_adaptive,-52.81605391842781,0.94,,,d3-c1-n0.2-m4,3,1,0.2,4,,-34.35451311155944
colosseum,4,frc_unweighted_knn,-10.307692307692308,0.31,,,d3-c1-n0.2-m4,3,1,0.2,4,,-34.35451311155944
colosseum,4,orc,-0.1269760786292871,6.46,,,d3-c1-n0.2-m4,3,1,0.2,4,,-34.35451311155944
colosseum,4,spc_hop,171.0337612036515,61.67,,,d3-c1-n0.2-m4,3,1,0.2,4,,-34.35451311155944
colosseum,4,spc_diffusion_t5,-46.78960504498399,18.98,,,d3-c1-n0.2-m4,3,1,0.2,4,,-34.35451311155944
colosseum,4,laziness_knn_t5,-5.363875389099121,0.69,,,d3-c1-n0.2-m4,3,1,0.2,4,,-34.35451311155944
colosseum,4,laziness_adaptive_t5,-5.386553764343262,0.68,,,d3-c1-n0.2-m4,3,1,0.2,4,,-34.35451311155944
colosseum,4,successor_entropy,-2.206808748486064,0.05,904.63,,d3-c1-n0.2-m4,3,1,0.2,4,,-34.35451311155944
colosseum,4,successor_orc,0.9521689442555712,5.4,904.63,,d3-c1-n0.2-m4,3,1,0.2,4,,-34.35451311155944
colosseum,5,dc2,-1.591663837432861,12.39,,,d3-c1-n0.2-m5,3,1,0.2,5,,-8.175075203715462
colosseum,5,dc_wasserstein_ollivier,-0.8872983455657959,3.43,,,d3-c1-n0.2-m5,3,1,0.2,5,,-8.175075203715462
colosseum,5,dc_entropic_subtraction,0.3740816116333008,2.67,,,d3-c1-n0.2-m5,3,1,0.2,5,,-8.175075203715462
colosseum,5,hickock,-0.2163958142486943,47.35,,,d3-c1-n0.2-m5,3,1,0.2,5,,-8.175075203715462
colosseum,5,frc_weighted_adaptive,-37.30738764958885,0.99,,,d3-c1-n0.2-m5,3,1,0.2,5,,-8.175075203715462
colosseum,5,frc_unweighted_knn,-3.0,0.31,,,d3-c1-n0.2-m5,3,1,0.2,5,,-8.175075203715462
colosseum,5,orc,-0.0212275460295406,6.57,,,d3-c1-n0.2-m5,3,1,0.2,5,,-8.175075203715462
colosseum,5,spc_hop,-8208.546797474708,64.2,,,d3-c1-n0.2-m5,3,1,0.2,5,,-8.175075203715462
colosseum,5,spc_diffusion_t5,198.41511375415715,18.98,,,d3-c1-n0.2-m5,3,1,0.2,5,,-8.175075203715462
colosseum,5,laziness_knn_t5,-5.121071815490723,0.68,,,d3-c1-n0.2-m5,3,1,0.2,5,,-8.175075203715462
colosseum,5,laziness_adaptive_t5,-5.05519437789917,0.64,,,d3-c1-n0.2-m5,3,1,0.2,5,,-8.175075203715462
colosseum,5,successor_entropy,-2.1057235377331573,0.05,786.14,,d3-c1-n0.2-m5,3,1,0.2,5,,-8.175075203715462
colosseum,5,successor_orc,0.9524569418886466,4.76,786.14,,d3-c1-n0.2-m5,3,1,0.2,5,,-8.175075203715462
colosseum,6,dc2,-0.7294619083404541,12.23,,,d3-c1-n0.2-m6,3,1,0.2,6,,-10.2889711447676
colosseum,6,dc_wasserstein_ollivier,-0.6787697076797485,3.42,,,d3-c1-n0.2-m6,3,1,0.2,6,,-10.2889711447676
colosseum,6,dc_entropic_subtraction,0.557647705078125,2.66,,,d3-c1-n0.2-m6,3,1,0.2,6,,-10.2889711447676
colosseum,6,hickock,3.0746560162175265,47.48,,,d3-c1-n0.2-m6,3,1,0.2,6,,-10.2889711447676
colosseum,6,frc_weighted_adaptive,-60.71504975048746,0.96,,,d3-c1-n0.2-m6,3,1,0.2,6,,-10.2889711447676
colosseum,6,frc_unweighted_knn,-7.1,0.32,,,d3-c1-n0.2-m6,3,1,0.2,6,,-10.2889711447676
colosseum,6,orc,0.0291420436963139,6.62,,,d3-c1-n0.2-m6,3,1,0.2,6,,-10.2889711447676
colosseum,6,spc_hop,916.8579224867422,63.19,,,d3-c1-n0.2-m6,3,1,0.2,6,,-10.2889711447676
colosseum,6,spc_diffusion_t5,191.6795908767369,19.18,,,d3-c1-n0.2-m6,3,1,0.2,6,,-10.2889711447676
colosseum,6,laziness_knn_t5,-5.370741844177246,0.68,,,d3-c1-n0.2-m6,3,1,0.2,6,,-10.2889711447676
colosseum,6,laziness_adaptive_t5,-5.2770094871521,0.67,,,d3-c1-n0.2-m6,3,1,0.2,6,,-10.2889711447676
colosseum,6,successor_entropy,-2.0534060594663024,0.04,764.83,,d3-c1-n0.2-m6,3,1,0.2,6,,-10.2889711447676
colosseum,6,successor_orc,0.9518509246132564,5.29,764.83,,d3-c1-n0.2-m6,3,1,0.2,6,,-10.2889711447676
colosseum,7,dc2,-0.5034694671630859,12.24,,,d3-c1-n0.2-m7,3,1,0.2,7,,-5.405323037033676
colosseum,7,dc_wasserstein_ollivier,-0.7424609661102295,3.11,,,d3-c1-n0.2-m7,3,1,0.2,7,,-5.405323037033676
colosseum,7,dc_entropic_subtraction,0.6461348533630371,2.94,,,d3-c1-n0.2-m7,3,1,0.2,7,,-5.405323037033676
colosseum,7,hickock,3.933821010117416,50.31,,,d3-c1-n0.2-m7,3,1,0.2,7,,-5.405323037033676
colosseum,7,frc_weighted_adaptive,-69.93727463230951,0.96,,,d3-c1-n0.2-m7,3,1,0.2,7,,-5.405323037033676
colosseum,7,frc_unweighted_knn,-11.8,0.32,,,d3-c1-n0.2-m7,3,1,0.2,7,,-5.405323037033676
colosseum,7,orc,-0.0983633923144724,6.54,,,d3-c1-n0.2-m7,3,1,0.2,7,,-5.405323037033676
colosseum,7,spc_hop,275.0942073975403,64.35,,,d3-c1-n0.2-m7,3,1,0.2,7,,-5.405323037033676
colosseum,7,spc_diffusion_t5,-58.92858277745771,18.96,,,d3-c1-n0.2-m7,3,1,0.2,7,,-5.405323037033676
colosseum,7,laziness_knn_t5,-5.599609375,0.68,,,d3-c1-n0.2-m7,3,1,0.2,7,,-5.405323037033676
colosseum,7,laziness_adaptive_t5,-5.5791335105896,0.64,,,d3-c1-n0.2-m7,3,1,0.2,7,,-5.405323037033676
colosseum,7,successor_entropy,-2.0299972718108013,0.05,765.48,,d3-c1-n0.2-m7,3,1,0.2,7,,-5.405323037033676
colosseum,7,successor_orc,0.9486919140933686,6.0,765.48,,d3-c1-n0.2-m7,3,1,0.2,7,,-5.405323037033676
colosseum,8,dc2,-1.4049835205078125,11.69,,,d3-c1-n0.2-m8,3,1,0.2,8,,-9.391522861440704
colosseum,8,dc_wasserstein_ollivier,-0.7934973239898682,3.11,,,d3-c1-n0.2-m8,3,1,0.2,8,,-9.391522861440704
colosseum,8,dc_entropic_subtraction,0.3213992118835449,2.96,,,d3-c1-n0.2-m8,3,1,0.2,8,,-9.391522861440704
colosseum,8,hickock,-0.6878476862414773,51.53,,,d3-c1-n0.2-m8,3,1,0.2,8,,-9.391522861440704
colosseum,8,frc_weighted_adaptive,-28.94510275677245,0.96,,,d3-c1-n0.2-m8,3,1,0.2,8,,-9.391522861440704
colosseum,8,frc_unweighted_knn,-6.2,0.32,,,d3-c1-n0.2-m8,3,1,0.2,8,,-9.391522861440704
colosseum,8,orc,-0.0322608773828927,6.4,,,d3-c1-n0.2-m8,3,1,0.2,8,,-9.391522861440704
colosseum,8,spc_hop,78.43207345034202,61.66,,,d3-c1-n0.2-m8,3,1,0.2,8,,-9.391522861440704
colosseum,8,spc_diffusion_t5,130.49324280816745,18.94,,,d3-c1-n0.2-m8,3,1,0.2,8,,-9.391522861440704
colosseum,8,laziness_knn_t5,-5.533296585083008,0.69,,,d3-c1-n0.2-m8,3,1,0.2,8,,-9.391522861440704
colosseum,8,laziness_adaptive_t5,-5.448158264160156,0.65,,,d3-c1-n0.2-m8,3,1,0.2,8,,-9.391522861440704
colosseum,8,successor_entropy,-2.192091045400128,0.04,843.55,,d3-c1-n0.2-m8,3,1,0.2,8,,-9.391522861440704
colosseum,8,successor_orc,0.954621219885278,4.71,843.55,,d3-c1-n0.2-m8,3,1,0.2,8,,-9.391522861440704
colosseum,9,dc2,-0.111902117729187,11.72,,,d3-c1-n0.2-m9,3,1,0.2,9,,-2.5321259644178107
colosseum,9,dc_wasserstein_ollivier,-0.4963576793670654,3.13,,,d3-c1-n0.2-m9,3,1,0.2,9,,-2.5321259644178107
colosseum,9,dc_entropic_subtraction,0.2545604705810547,2.95,,,d3-c1-n0.2-m9,3,1,0.2,9,,-2.5321259644178107
colosseum,9,hickock,-1.129009470342079,42.58,,,d3-c1-n0.2-m9,3,1,0.2,9,,-2.5321259644178107
colosseum,9,frc_weighted_adaptive,-41.82527735324853,0.92,,,d3-c1-n0.2-m9,3,1,0.2,9,,-2.5321259644178107
colosseum,9,frc_unweighted_knn,-4.0,0.32,,,d3-c1-n0.2-m9,3,1,0.2,9,,-2.5321259644178107
colosseum,9,orc,0.0114436590338625,6.61,,,d3-c1-n0.2-m9,3,1,0.2,9,,-2.5321259644178107
colosseum,9,spc_hop,65.81914144384224,51.21,,,d3-c1-n0.2-m9,3,1,0.2,9,,-2.5321259644178107
colosseum,9,spc_diffusion_t5,-184.9435564972974,18.89,,,d3-c1-n0.2-m9,3,1,0.2,9,,-2.5321259644178107
colosseum,9,laziness_knn_t5,-5.104314804077148,0.66,,,d3-c1-n0.2-m9,3,1,0.2,9,,-2.5321259644178107
colosseum,9,laziness_adaptive_t5,-5.084540843963623,0.65,,,d3-c1-n0.2-m9,3,1,0.2,9,,-2.5321259644178107
colosseum,9,successor_entropy,-2.068231412578374,0.05,785.76,,d3-c1-n0.2-m9,3,1,0.2,9,,-2.5321259644178107
colosseum,9,successor_orc,0.9491770240566784,4.94,785.76,,d3-c1-n0.2-m9,3,1,0.2,9,,-2.5321259644178107
colosseum,10,dc2,-1.983540773391724,12.35,,,d3-c1-n0.2-m10,3,1,0.2,10,,32.875980360551594
colosseum,10,dc_wasserstein_ollivier,-0.5951312780380249,3.11,,,d3-c1-n0.2-m10,3,1,0.2,10,,32.875980360551594
colosseum,10,dc_entropic_subtraction,0.7039637565612793,2.96,,,d3-c1-n0.2-m10,3,1,0.2,10,,32.875980360551594
colosseum,10,hickock,1.7517808047962469,38.89,,,d3-c1-n0.2-m10,3,1,0.2,10,,32.875980360551594
colosseum,10,frc_weighted_adaptive,-69.42336906375026,0.93,,,d3-c1-n0.2-m10,3,1,0.2,10,,32.875980360551594
colosseum,10,frc_unweighted_knn,-6.333333333333333,0.31,,,d3-c1-n0.2-m10,3,1,0.2,10,,32.875980360551594
colosseum,10,orc,-0.1141275868890401,6.54,,,d3-c1-n0.2-m10,3,1,0.2,10,,32.875980360551594
colosseum,10,spc_hop,35.363226395019595,52.75,,,d3-c1-n0.2-m10,3,1,0.2,10,,32.875980360551594
colosseum,10,spc_diffusion_t5,39.17364315232774,19.13,,,d3-c1-n0.2-m10,3,1,0.2,10,,32.875980360551594
colosseum,10,laziness_knn_t5,-5.211083889007568,0.68,,,d3-c1-n0.2-m10,3,1,0.2,10,,32.875980360551594
colosseum,10,laziness_adaptive_t5,-5.152692794799805,0.66,,,d3-c1-n0.2-m10,3,1,0.2,10,,32.875980360551594
colosseum,10,successor_entropy,-2.091256970676283,0.04,794.1,,d3-c1-n0.2-m10,3,1,0.2,10,,32.875980360551594
colosseum,10,successor_orc,0.9488599700066188,4.78,794.1,,d3-c1-n0.2-m10,3,1,0.2,10,,32.875980360551594
colosseum,11,dc2,-0.8802108764648438,12.14,,,d3-c1-n0.2-m11,3,1,0.2,11,,9.54606362661856
colosseum,11,dc_wasserstein_ollivier,-0.5008283853530884,3.09,,,d3-c1-n0.2-m11,3,1,0.2,11,,9.54606362661856
colosseum,11,dc_entropic_subtraction,0.6385350227355957,2.59,,,d3-c1-n0.2-m11,3,1,0.2,11,,9.54606362661856
colosseum,11,hickock,0.6944278985332573,46.37,,,d3-c1-n0.2-m11,3,1,0.2,11,,9.54606362661856
colosseum,11,frc_weighted_adaptive,-46.01214699289888,1.21,,,d3-c1-n0.2-m11,3,1,0.2,11,,9.54606362661856
colosseum,11,frc_unweighted_knn,-9.5,0.31,,,d3-c1-n0.2-m11,3,1,0.2,11,,9.54606362661856
colosseum,11,orc,-0.1665037772296039,6.57,,,d3-c1-n0.2-m11,3,1,0.2,11,,9.54606362661856
colosseum,11,spc_hop,154.5737158864998,54.44,,,d3-c1-n0.2-m11,3,1,0.2,11,,9.54606362661856
colosseum,11,spc_diffusion_t5,-20.513127626275494,19.21,,,d3-c1-n0.2-m11,3,1,0.2,11,,9.54606362661856
colosseum,11,laziness_knn_t5,-5.260791778564453,0.66,,,d3-c1-n0.2-m11,3,1,0.2,11,,9.54606362661856
colosseum,11,laziness_adaptive_t5,-5.19667387008667,0.67,,,d3-c1-n0.2-m11,3,1,0.2,11,,9.54606362661856
colosseum,11,successor_entropy,-2.086266377923389,0.06,804.11,,d3-c1-n0.2-m11,3,1,0.2,11,,9.54606362661856
colosseum,11,successor_orc,0.952193584048902,4.8,804.11,,d3-c1-n0.2-m11,3,1,0.2,11,,9.54606362661856
colosseum,12,dc2,-0.9568383693695068,17.78,,,d3-c1-n0.2-m12,3,1,0.2,12,,14.25075200908228
colosseum,12,dc_wasserstein_ollivier,-0.5847094058990479,3.56,,,d3-c1-n0.2-m12,3,1,0.2,12,,14.25075200908228
colosseum,12,dc_entropic_subtraction,0.6462721824645996,3.1,,,d3-c1-n0.2-m12,3,1,0.2,12,,14.25075200908228
colosseum,12,hickock,1.448709452310592,84.86,,,d3-c1-n0.2-m12,3,1,0.2,12,,14.25075200908228
colosseum,12,frc_weighted_adaptive,-53.013488522583785,1.3,,,d3-c1-n0.2-m12,3,1,0.2,12,,14.25075200908228
colosseum,12,frc_unweighted_knn,-8.384615384615385,0.31,,,d3-c1-n0.2-m12,3,1,0.2,12,,14.25075200908228
colosseum,12,orc,-0.1225847922911895,7.29,,,d3-c1-n0.2-m12,3,1,0.2,12,,14.25075200908228
colosseum,12,spc_hop,1127.1636572372906,202.1,,,d3-c1-n0.2-m12,3,1,0.2,12,,14.25075200908228
colosseum,12,spc_diffusion_t5,-47.88962888123888,22.81,,,d3-c1-n0.2-m12,3,1,0.2,12,,14.25075200908228
colosseum,12,laziness_knn_t5,-5.197518348693848,0.7,,,d3-c1-n0.2-m12,3,1,0.2,12,,14.25075200908228
colosseum,12,laziness_adaptive_t5,-5.166844367980957,0.68,,,d3-c1-n0.2-m12,3,1,0.2,12,,14.25075200908228
colosseum,12,successor_entropy,-2.0412432529640694,0.05,856.53,,d3-c1-n0.2-m12,3,1,0.2,12,,14.25075200908228
colosseum,12,successor_orc,0.9504427605473474,5.47,856.53,,d3-c1-n0.2-m12,3,1,0.2,12,,14.25075200908228
colosseum,13,dc2,-1.4144911766052246,13.64,,,d3-c1-n0.2-m13,3,1,0.2,13,,-40.20064275239365
colosseum,13,dc_wasserstein_ollivier,-1.1833126544952393,3.44,,,d3-c1-n0.2-m13,3,1,0.2,13,,-40.20064275239365
colosseum,13,dc_entropic_subtraction,0.3932137489318847,2.95,,,d3-c1-n0.2-m13,3,1,0.2,13,,-40.20064275239365
colosseum,13,hickock,0.0747970532440947,57.29,,,d3-c1-n0.2-m13,3,1,0.2,13,,-40.20064275239365
colosseum,13,frc_weighted_adaptive,-53.32130393624572,1.31,,,d3-c1-n0.2-m13,3,1,0.2,13,,-40.20064275239365
colosseum,13,frc_unweighted_knn,-8.818181818181818,0.33,,,d3-c1-n0.2-m13,3,1,0.2,13,,-40.20064275239365
colosseum,13,orc,-0.1463344072815083,7.82,,,d3-c1-n0.2-m13,3,1,0.2,13,,-40.20064275239365
colosseum,13,spc_hop,43.32033544406587,64.33,,,d3-c1-n0.2-m13,3,1,0.2,13,,-40.20064275239365
colosseum,13,spc_diffusion_t5,5.926578177562845,20.99,,,d3-c1-n0.2-m13,3,1,0.2,13,,-40.20064275239365
colosseum,13,laziness_knn_t5,-5.405728340148926,0.69,,,d3-c1-n0.2-m13,3,1,0.2,13,,-40.20064275239365
colosseum,13,laziness_adaptive_t5,-5.341110706329346,0.66,,,d3-c1-n0.2-m13,3,1,0.2,13,,-40.20064275239365
colosseum,13,successor_entropy,-2.138496973813822,0.05,851.26,,d3-c1-n0.2-m13,3,1,0.2,13,,-40.20064275239365
colosseum,13,successor_orc,0.951480622377774,4.75,851.26,,d3-c1-n0.2-m13,3,1,0.2,13,,-40.20064275239365
colosseum,14,dc2,-1.6788361072540283,13.39,,,d3-c1-n0.2-m14,3,1,0.2,14,,-9.210326510709642
colosseum,14,dc_wasserstein_ollivier,-0.8515827655792236,3.47,,,d3-c1-n0.2-m14,3,1,0.2,14,,-9.210326510709642
colosseum,14,dc_entropic_subtraction,0.5900745391845703,2.94,,,d3-c1-n0.2-m14,3,1,0.2,14,,-9.210326510709642
colosseum,14,hickock,1.6767028285725012,58.22,,,d3-c1-n0.2-m14,3,1,0.2,14,,-9.210326510709642
colosseum,14,frc_weighted_adaptive,-62.29139714015392,0.96,,,d3-c1-n0.2-m14,3,1,0.2,14,,-9.210326510709642
colosseum,14,frc_unweighted_knn,-11.6,0.69,,,d3-c1-n0.2-m14,3,1,0.2,14,,-9.210326510709642
colosseum,14,orc,-0.1938396065924839,7.09,,,d3-c1-n0.2-m14,3,1,0.2,14,,-9.210326510709642
colosseum,14,spc_hop,253.44727283422404,62.85,,,d3-c1-n0.2-m14,3,1,0.2,14,,-9.210326510709642
colosseum,14,spc_diffusion_t5,9.327291810106438,21.28,,,d3-c1-n0.2-m14,3,1,0.2,14,,-9.210326510709642
colosseum,14,laziness_knn_t5,-5.593322277069092,0.71,,,d3-c1-n0.2-m14,3,1,0.2,14,,-9.210326510709642
colosseum,14,laziness_adaptive_t5,-5.538204669952393,0.69,,,d3-c1-n0.2-m14,3,1,0.2,14,,-9.210326510709642
colosseum,14,successor_entropy,-2.2747072063212594,0.04,850.54,,d3-c1-n0.2-m14,3,1,0.2,14,,-9.210326510709642
colosseum,14,successor_orc,0.9523335773218408,4.8,850.54,,d3-c1-n0.2-m14,3,1,0.2,14,,-9.210326510709642
colosseum,15,dc2,-0.9929251670837402,13.42,,,d3-c1-n0.2-m15,3,1,0.2,15,,-11.223233063713565
colosseum,15,dc_wasserstein_ollivier,-0.8295844793319702,3.42,,,d3-c1-n0.2-m15,3,1,0.2,15,,-11.223233063713565
colosseum,15,dc_entropic_subtraction,0.8312225341796875,2.94,,,d3-c1-n0.2-m15,3,1,0.2,15,,-11.223233063713565
colosseum,15,hickock,2.936702238514242,54.83,,,d3-c1-n0.2-m15,3,1,0.2,15,,-11.223233063713565
colosseum,15,frc_weighted_adaptive,-70.98293549226878,0.96,,,d3-c1-n0.2-m15,3,1,0.2,15,,-11.223233063713565
colosseum,15,frc_unweighted_knn,-8.6,0.67,,,d3-c1-n0.2-m15,3,1,0.2,15,,-11.223233063713565
colosseum,15,orc,-0.1499196419718843,7.32,,,d3-c1-n0.2-m15,3,1,0.2,15,,-11.223233063713565
colosseum,15,spc_hop,-1.1486512341905133,63.72,,,d3-c1-n0.2-m15,3,1,0.2,15,,-11.223233063713565
colosseum,15,spc_diffusion_t5,-129.28972080557534,19.4,,,d3-c1-n0.2-m15,3,1,0.2,15,,-11.223233063713565
colosseum,15,laziness_knn_t5,-5.200818538665772,0.69,,,d3-c1-n0.2-m15,3,1,0.2,15,,-11.223233063713565
colosseum,15,laziness_adaptive_t5,-5.157702922821045,0.65,,,d3-c1-n0.2-m15,3,1,0.2,15,,-11.223233063713565
colosseum,15,successor_entropy,-2.1032116745760043,0.04,829.49,,d3-c1-n0.2-m15,3,1,0.2,15,,-11.223233063713565
colosseum,15,successor_orc,0.9515768855179304,4.86,829.49,,d3-c1-n0.2-m15,3,1,0.2,15,,-11.223233063713565
colosseum,16,dc2,-0.976797580718994,12.53,,,d3-c1-n0.2-m16,3,1,0.2,16,,-2.017738889605398
colosseum,16,dc_wasserstein_ollivier,-0.8011289834976196,3.35,,,d3-c1-n0.2-m16,3,1,0.2,16,,-2.017738889605398
colosseum,16,dc_entropic_subtraction,0.326359748840332,2.85,,,d3-c1-n0.2-m16,3,1,0.2,16,,-2.017738889605398
colosseum,16,hickock,-1.342744844087242,52.71,,,d3-c1-n0.2-m16,3,1,0.2,16,,-2.017738889605398
colosseum,16,frc_weighted_adaptive,-85.39996927544712,0.98,,,d3-c1-n0.2-m16,3,1,0.2,16,,-2.017738889605398
colosseum,16,frc_unweighted_knn,-7.333333333333333,0.31,,,d3-c1-n0.2-m16,3,1,0.2,16,,-2.017738889605398
colosseum,16,orc,-0.0984488462888821,7.29,,,d3-c1-n0.2-m16,3,1,0.2,16,,-2.017738889605398
colosseum,16,spc_hop,238.888792309078,56.95,,,d3-c1-n0.2-m16,3,1,0.2,16,,-2.017738889605398
colosseum,16,spc_diffusion_t5,157.95865767165157,19.54,,,d3-c1-n0.2-m16,3,1,0.2,16,,-2.017738889605398
colosseum,16,laziness_knn_t5,-5.5662946701049805,0.72,,,d3-c1-n0.2-m16,3,1,0.2,16,,-2.017738889605398
colosseum,16,laziness_adaptive_t5,-5.4634270668029785,0.68,,,d3-c1-n0.2-m16,3,1,0.2,16,,-2.017738889605398
colosseum,16,successor_entropy,-2.115893697037051,0.04,812.62,,d3-c1-n0.2-m16,3,1,0.2,16,,-2.017738889605398
colosseum,16,successor_orc,0.950594604386291,4.81,812.62,,d3-c1-n0.2-m16,3,1,0.2,16,,-2.017738889605398
colosseum,17,dc2,-1.000521898269653,12.91,,,d3-c1-n0.2-m17,3,1,0.2,17,,47.913833641468
colosseum,17,dc_wasserstein_ollivier,-0.443061351776123,3.62,,,d3-c1-n0.2-m17,3,1,0.2,17,,47.913833641468
colosseum,17,dc_entropic_subtraction,1.037696361541748,2.86,,,d3-c1-n0.2-m17,3,1,0.2,17,,47.913833641468
colosseum,17,hickock,3.56548280343938,56.49,,,d3-c1-n0.2-m17,3,1,0.2,17,,47.913833641468
colosseum,17,frc_weighted_adaptive,-70.89545478796724,0.98,,,d3-c1-n0.2-m17,3,1,0.2,17,,47.913833641468
colosseum,17,frc_unweighted_knn,-10.666666666666666,0.68,,,d3-c1-n0.2-m17,3,1,0.2,17,,47.913833641468
colosseum,17,orc,-0.2646776731714403,7.28,,,d3-c1-n0.2-m17,3,1,0.2,17,,47.913833641468
colosseum,17,spc_hop,-41.41591743011501,67.03,,,d3-c1-n0.2-m17,3,1,0.2,17,,47.913833641468
colosseum,17,spc_diffusion_t5,54.6150151329504,21.58,,,d3-c1-n0.2-m17,3,1,0.2,17,,47.913833641468
colosseum,17,laziness_knn_t5,-5.402099132537842,0.73,,,d3-c1-n0.2-m17,3,1,0.2,17,,47.913833641468
colosseum,17,laziness_adaptive_t5,-5.364272117614746,0.7,,,d3-c1-n0.2-m17,3,1,0.2,17,,47.913833641468
colosseum,17,successor_entropy,-2.120538566638638,0.04,830.17,,d3-c1-n0.2-m17,3,1,0.2,17,,47.913833641468
colosseum,17,successor_orc,0.951390586635782,4.8,830.17,,d3-c1-n0.2-m17,3,1,0.2,17,,47.913833641468
colosseum,18,dc2,-1.2707502841949463,12.45,,,d3-c1-n0.2-m18,3,1,0.2,18,,-5.200685915462415
colosseum,18,dc_wasserstein_ollivier,-0.3562968969345093,3.4,,,d3-c1-n0.2-m18,3,1,0.2,18,,-5.200685915462415
colosseum,18,dc_entropic_subtraction,0.7774438858032227,2.93,,,d3-c1-n0.2-m18,3,1,0.2,18,,-5.200685915462415
colosseum,18,hickock,2.07478513718251,56.81,,,d3-c1-n0.2-m18,3,1,0.2,18,,-5.200685915462415
colosseum,18,frc_weighted_adaptive,-55.91732089708407,1.38,,,d3-c1-n0.2-m18,3,1,0.2,18,,-5.200685915462415
colosseum,18,frc_unweighted_knn,-10.470588235294118,0.32,,,d3-c1-n0.2-m18,3,1,0.2,18,,-5.200685915462415
colosseum,18,orc,-0.0930944712271245,7.13,,,d3-c1-n0.2-m18,3,1,0.2,18,,-5.200685915462415
colosseum,18,spc_hop,832.1036991954277,65.65,,,d3-c1-n0.2-m18,3,1,0.2,18,,-5.200685915462415
colosseum,18,spc_diffusion_t5,45.51954298828217,21.77,,,d3-c1-n0.2-m18,3,1,0.2,18,,-5.200685915462415
colosseum,18,laziness_knn_t5,-5.162636280059815,0.72,,,d3-c1-n0.2-m18,3,1,0.2,18,,-5.200685915462415
colosseum,18,laziness_adaptive_t5,-5.167540550231934,0.69,,,d3-c1-n0.2-m18,3,1,0.2,18,,-5.200685915462415
colosseum,18,successor_entropy,-2.081020902630873,0.05,823.83,,d3-c1-n0.2-m18,3,1,0.2,18,,-5.200685915462415
colosseum,18,successor_orc,0.9518341147567572,3.54,823.83,,d3-c1-n0.2-m18,3,1,0.2,18,,-5.200685915462415
colosseum,19,dc2,-2.140620708465576,13.06,,,d3-c1-n0.2-m19,3,1,0.2,19,,-4.956854772998621
colosseum,19,dc_wasserstein_ollivier,-0.7099469900131226,3.44,,,d3-c1-n0.2-m19,3,1,0.2,19,,-4.956854772998621
colosseum,19,dc_entropic_subtraction,0.3533143997192383,2.93,,,d3-c1-n0.2-m19,3,1,0.2,19,,-4.956854772998621
colosseum,19,hickock,-1.0450820448453544,58.28,,,d3-c1-n0.2-m19,3,1,0.2,19,,-4.956854772998621
colosseum,19,frc_weighted_adaptive,-62.13026276441462,0.98,,,d3-c1-n0.2-m19,3,1,0.2,19,,-4.956854772998621
colosseum,19,frc_unweighted_knn,-10.941176470588236,0.72,,,d3-c1-n0.2-m19,3,1,0.2,19,,-4.956854772998621
colosseum,19,orc,-0.1179553470347614,7.26,,,d3-c1-n0.2-m19,3,1,0.2,19,,-4.956854772998621
colosseum,19,spc_hop,46.59228949475869,70.09,,,d3-c1-n0.2-m19,3,1,0.2,19,,-4.956854772998621
colosseum,19,spc_diffusion_t5,-5.1134478809803685,21.81,,,d3-c1-n0.2-m19,3,1,0.2,19,,-4.956854772998621
colosseum,19,laziness_knn_t5,-5.271873474121094,0.72,,,d3-c1-n0.2-m19,3,1,0.2,19,,-4.956854772998621
colosseum,19,laziness_adaptive_t5,-5.234314918518066,0.68,,,d3-c1-n0.2-m19,3,1,0.2,19,,-4.956854772998621
colosseum,19,successor_entropy,-2.032930393628776,0.04,827.0,,d3-c1-n0.2-m19,3,1,0.2,19,,-4.956854772998621
colosseum,19,successor_orc,0.9505964756289657,4.75,827.0,,d3-c1-n0.2-m19,3,1,0.2,19,,-4.956854772998621
colosseum,20,dc2,-1.6203384399414062,12.93,,,d3-c1-n0.2-m20,3,1,0.2,20,,-23.51265791302532
colosseum,20,dc_wasserstein_ollivier,-0.9442896842956544,3.39,,,d3-c1-n0.2-m20,3,1,0.2,20,,-23.51265791302532
colosseum,20,dc_entropic_subtraction,0.4410333633422851,2.91,,,d3-c1-n0.2-m20,3,1,0.2,20,,-23.51265791302532
colosseum,20,hickock,-0.0438775335087063,57.56,,,d3-c1-n0.2-m20,3,1,0.2,20,,-23.51265791302532
colosseum,20,frc_weighted_adaptive,-46.56677178003166,1.02,,,d3-c1-n0.2-m20,3,1,0.2,20,,-23.51265791302532
colosseum,20,frc_unweighted_knn,-8.071428571428571,0.32,,,d3-c1-n0.2-m20,3,1,0.2,20,,-23.51265791302532
colosseum,20,orc,-0.0881022741914141,7.83,,,d3-c1-n0.2-m20,3,1,0.2,20,,-23.51265791302532
colosseum,20,spc_hop,-65.84948957888699,68.24,,,d3-c1-n0.2-m20,3,1,0.2,20,,-23.51265791302532
colosseum,20,spc_diffusion_t5,-30.49092552073476,21.67,,,d3-c1-n0.2-m20,3,1,0.2,20,,-23.51265791302532
colosseum,20,laziness_knn_t5,-5.250654697418213,0.71,,,d3-c1-n0.2-m20,3,1,0.2,20,,-23.51265791302532
colosseum,20,laziness_adaptive_t5,-5.248774528503418,0.68,,,d3-c1-n0.2-m20,3,1,0.2,20,,-23.51265791302532
colosseum,20,successor_entropy,-2.219081799314668,0.04,826.46,,d3-c1-n0.2-m20,3,1,0.2,20,,-23.51265791302532
colosseum,20,successor_orc,0.9524172140362726,4.74,826.46,,d3-c1-n0.2-m20,3,1,0.2,20,,-23.51265791302532
colosseum,21,dc2,-0.5647120475769043,13.05,,,d3-c1-n0.2-m21,3,1,0.2,21,,40.56312496916792
colosseum,21,dc_wasserstein_ollivier,-0.4482640027999878,3.39,,,d3-c1-n0.2-m21,3,1,0.2,21,,40.56312496916792
colosseum,21,dc_entropic_subtraction,1.0521888732910156,2.89,,,d3-c1-n0.2-m21,3,1,0.2,21,,40.56312496916792
colosseum,21,hickock,4.870265475734879,58.47,,,d3-c1-n0.2-m21,3,1,0.2,21,,40.56312496916792
colosseum,21,frc_weighted_adaptive,-32.31991799849979,0.98,,,d3-c1-n0.2-m21,3,1,0.2,21,,40.56312496916792
colosseum,21,frc_unweighted_knn,-6.4,0.32,,,d3-c1-n0.2-m21,3,1,0.2,21,,40.56312496916792
colosseum,21,orc,-0.059359287451561,7.86,,,d3-c1-n0.2-m21,3,1,0.2,21,,40.56312496916792
colosseum,21,spc_hop,-7.378402663444399,69.09,,,d3-c1-n0.2-m21,3,1,0.2,21,,40.56312496916792
colosseum,21,spc_diffusion_t5,225.6081826946401,21.79,,,d3-c1-n0.2-m21,3,1,0.2,21,,40.56312496916792
colosseum,21,laziness_knn_t5,-5.363168716430664,0.7,,,d3-c1-n0.2-m21,3,1,0.2,21,,40.56312496916792
colosseum,21,laziness_adaptive_t5,-5.321978569030762,0.68,,,d3-c1-n0.2-m21,3,1,0.2,21,,40.56312496916792
colosseum,21,successor_entropy,-2.106349410456916,0.06,831.39,,d3-c1-n0.2-m21,3,1,0.2,21,,40.56312496916792
colosseum,21,successor_orc,0.9513492750869218,5.05,831.39,,d3-c1-n0.2-m21,3,1,0.2,21,,40.56312496916792
colosseum,22,dc2,-1.1379952430725098,12.58,,,d3-c1-n0.2-m22,3,1,0.2,22,,-13.282047382059604
colosseum,22,dc_wasserstein_ollivier,-0.9519282579421996,3.43,,,d3-c1-n0.2-m22,3,1,0.2,22,,-13.282047382059604
colosseum,22,dc_entropic_subtraction,0.3208265304565429,2.89,,,d3-c1-n0.2-m22,3,1,0.2,22,,-13.282047382059604
colosseum,22,hickock,-0.8145649445476463,55.83,,,d3-c1-n0.2-m22,3,1,0.2,22,,-13.282047382059604
colosseum,22,frc_weighted_adaptive,-26.888105313785232,1.02,,,d3-c1-n0.2-m22,3,1,0.2,22,,-13.282047382059604
colosseum,22,frc_unweighted_knn,-9.357142857142858,0.32,,,d3-c1-n0.2-m22,3,1,0.2,22,,-13.282047382059604
colosseum,22,orc,-0.1129916371904396,8.01,,,d3-c1-n0.2-m22,3,1,0.2,22,,-13.282047382059604
colosseum,22,spc_hop,339.9348764140098,78.02,,,d3-c1-n0.2-m22,3,1,0.2,22,,-13.282047382059604
colosseum,22,spc_diffusion_t5,-80.82813222945062,21.83,,,d3-c1-n0.2-m22,3,1,0.2,22,,-13.282047382059604
colosseum,22,laziness_knn_t5,-5.454396724700928,0.73,,,d3-c1-n0.2-m22,3,1,0.2,22,,-13.282047382059604
colosseum,22,laziness_adaptive_t5,-5.454359531402588,0.69,,,d3-c1-n0.2-m22,3,1,0.2,22,,-13.282047382059604
colosseum,22,successor_entropy,-1.992399706253161,0.05,833.2,,d3-c1-n0.2-m22,3,1,0.2,22,,-13.282047382059604
colosseum,22,successor_orc,0.9502997910062112,4.8,833.2,,d3-c1-n0.2-m22,3,1,0.2,22,,-13.282047382059604
colosseum,23,dc2,-1.8912291526794436,13.03,,,d3-c1-n0.2-m23,3,1,0.2,23,,-11.097699881986252
colosseum,23,dc_wasserstein_ollivier,-0.8429830074310303,3.41,,,d3-c1-n0.2-m23,3,1,0.2,23,,-11.097699881986252
colosseum,23,dc_entropic_subtraction,0.2862453460693359,2.91,,,d3-c1-n0.2-m23,3,1,0.2,23,,-11.097699881986252
colosseum,23,hickock,-1.2812560471631411,58.01,,,d3-c1-n0.2-m23,3,1,0.2,23,,-11.097699881986252
colosseum,23,frc_weighted_adaptive,-143.9512357871393,0.99,,,d3-c1-n0.2-m23,3,1,0.2,23,,-11.097699881986252
colosseum,23,frc_unweighted_knn,-9.615384615384617,0.33,,,d3-c1-n0.2-m23,3,1,0.2,23,,-11.097699881986252
colosseum,23,orc,-0.1587630079811618,8.13,,,d3-c1-n0.2-m23,3,1,0.2,23,,-11.097699881986252
colosseum,23,spc_hop,-278.0869536127287,69.39,,,d3-c1-n0.2-m23,3,1,0.2,23,,-11.097699881986252
colosseum,23,spc_diffusion_t5,-450.5819208901572,21.67,,,d3-c1-n0.2-m23,3,1,0.2,23,,-11.097699881986252
colosseum,23,laziness_knn_t5,-5.195487976074219,0.7,,,d3-c1-n0.2-m23,3,1,0.2,23,,-11.097699881986252
colosseum,23,laziness_adaptive_t5,-5.169815540313721,0.68,,,d3-c1-n0.2-m23,3,1,0.2,23,,-11.097699881986252
colosseum,23,successor_entropy,-2.060062194419404,0.05,839.13,,d3-c1-n0.2-m23,3,1,0.2,23,,-11.097699881986252
colosseum,23,successor_orc,0.9504400910739892,6.03,839.13,,d3-c1-n0.2-m23,3,1,0.2,23,,-11.097699881986252
colosseum,24,dc2,-1.7454473972320557,12.62,,,d3-c1-n0.2-m24,3,1,0.2,24,,-17.46739328444465
colosseum,24,dc_wasserstein_ollivier,-0.8341419696807861,3.41,,,d3-c1-n0.2-m24,3,1,0.2,24,,-17.46739328444465
colosseum,24,dc_entropic_subtraction,0.4344844818115234,2.88,,,d3-c1-n0.2-m24,3,1,0.2,24,,-17.46739328444465
colosseum,24,hickock,-1.6373511641194125,57.16,,,d3-c1-n0.2-m24,3,1,0.2,24,,-17.46739328444465
colosseum,24,frc_weighted_adaptive,-53.54617012271888,0.99,,,d3-c1-n0.2-m24,3,1,0.2,24,,-17.46739328444465
colosseum,24,frc_unweighted_knn,-12.157894736842104,0.32,,,d3-c1-n0.2-m24,3,1,0.2,24,,-17.46739328444465
colosseum,24,orc,-0.1099232095706119,7.79,,,d3-c1-n0.2-m24,3,1,0.2,24,,-17.46739328444465
colosseum,24,spc_hop,80.58494511822018,66.1,,,d3-c1-n0.2-m24,3,1,0.2,24,,-17.46739328444465
colosseum,24,spc_diffusion_t5,-52.32225601900805,21.13,,,d3-c1-n0.2-m24,3,1,0.2,24,,-17.46739328444465
colosseum,24,laziness_knn_t5,-5.507722854614258,0.71,,,d3-c1-n0.2-m24,3,1,0.2,24,,-17.46739328444465
colosseum,24,laziness_adaptive_t5,-5.445110321044922,0.67,,,d3-c1-n0.2-m24,3,1,0.2,24,,-17.46739328444465
colosseum,24,successor_entropy,-2.109501504525542,0.04,813.12,,d3-c1-n0.2-m24,3,1,0.2,24,,-17.46739328444465
colosseum,24,successor_orc,0.9518961991765034,5.28,813.12,,d3-c1-n0.2-m24,3,1,0.2,24,,-17.46739328444465
colosseum,25,dc2,-1.7385172843933103,12.89,,,d3-c1-n0.2-m25,3,1,0.2,25,,5.994003793552529
colosseum,25,dc_wasserstein_ollivier,-0.5569032430648804,3.31,,,d3-c1-n0.2-m25,3,1,0.2,25,,5.994003793552529
colosseum,25,dc_entropic_subtraction,0.3649749755859375,2.84,,,d3-c1-n0.2-m25,3,1,0.2,25,,5.994003793552529
colosseum,25,hickock,-0.8516738594718832,51.84,,,d3-c1-n0.2-m25,3,1,0.2,25,,5.994003793552529
colosseum,25,frc_weighted_adaptive,-49.95461545526598,0.97,,,d3-c1-n0.2-m25,3,1,0.2,25,,5.994003793552529
colosseum,25,frc_unweighted_knn,0.3636363636363636,0.31,,,d3-c1-n0.2-m25,3,1,0.2,25,,5.994003793552529
colosseum,25,orc,0.0479573661264359,7.14,,,d3-c1-n0.2-m25,3,1,0.2,25,,5.994003793552529
colosseum,25,spc_hop,298.01200941800107,56.35,,,d3-c1-n0.2-m25,3,1,0.2,25,,5.994003793552529
colosseum,25,spc_diffusion_t5,2649.680432971827,19.72,,,d3-c1-n0.2-m25,3,1,0.2,25,,5.994003793552529
colosseum,25,laziness_knn_t5,-4.992392539978027,0.71,,,d3-c1-n0.2-m25,3,1,0.2,25,,5.994003793552529
colosseum,25,laziness_adaptive_t5,-4.888461112976074,0.68,,,d3-c1-n0.2-m25,3,1,0.2,25,,5.994003793552529
colosseum,25,successor_entropy,-2.059927607857312,0.04,793.74,,d3-c1-n0.2-m25,3,1,0.2,25,,5.994003793552529
colosseum,25,successor_orc,0.951949155872135,4.85,793.74,,d3-c1-n0.2-m25,3,1,0.2,25,,5.994003793552529
colosseum,26,dc2,-1.272726058959961,12.76,,,d3-c1-n0.2-m26,3,1,0.2,26,,-8.623615616088324
colosseum,26,dc_wasserstein_ollivier,-0.9474135637283324,3.27,,,d3-c1-n0.2-m26,3,1,0.2,26,,-8.623615616088324
colosseum,26,dc_entropic_subtraction,0.1987223625183105,2.81,,,d3-c1-n0.2-m26,3,1,0.2,26,,-8.623615616088324
colosseum,26,hickock,-1.3430668564846355,49.25,,,d3-c1-n0.2-m26,3,1,0.2,26,,-8.623615616088324
colosseum,26,frc_weighted_adaptive,-38.18315756888119,0.98,,,d3-c1-n0.2-m26,3,1,0.2,26,,-8.623615616088324
colosseum,26,frc_unweighted_knn,-4.416666666666667,0.31,,,d3-c1-n0.2-m26,3,1,0.2,26,,-8.623615616088324
colosseum,26,orc,-0.0591687492208279,6.93,,,d3-c1-n0.2-m26,3,1,0.2,26,,-8.623615616088324
colosseum,26,spc_hop,-226.1272132577601,53.43,,,d3-c1-n0.2-m26,3,1,0.2,26,,-8.623615616088324
colosseum,26,spc_diffusion_t5,606.7213158328399,18.98,,,d3-c1-n0.2-m26,3,1,0.2,26,,-8.623615616088324
colosseum,26,laziness_knn_t5,-5.026519298553467,0.71,,,d3-c1-n0.2-m26,3,1,0.2,26,,-8.623615616088324
colosseum,26,laziness_adaptive_t5,-4.9692487716674805,0.68,,,d3-c1-n0.2-m26,3,1,0.2,26,,-8.623615616088324
colosseum,26,successor_entropy,-2.10983019627134,0.04,797.32,,d3-c1-n0.2-m26,3,1,0.2,26,,-8.623615616088324
colosseum,26,successor_orc,0.9521826465954866,5.92,797.32,,d3-c1-n0.2-m26,3,1,0.2,26,,-8.623615616088324
colosseum,27,dc2,-1.9839963912963867,12.31,,,d3-c1-n0.2-m27,3,1,0.2,27,,-13.64964521336605
colosseum,27,dc_wasserstein_ollivier,-0.86429762840271,3.27,,,d3-c1-n0.2-m27,3,1,0.2,27,,-13.64964521336605
colosseum,27,dc_entropic_subtraction,0.2677521705627441,2.82,,,d3-c1-n0.2-m27,3,1,0.2,27,,-13.64964521336605
colosseum,27,hickock,-2.557057748725419,51.45,,,d3-c1-n0.2-m27,3,1,0.2,27,,-13.64964521336605
colosseum,27,frc_weighted_adaptive,-48.45757610726726,0.98,,,d3-c1-n0.2-m27,3,1,0.2,27,,-13.64964521336605
colosseum,27,frc_unweighted_knn,-11.533333333333331,0.32,,,d3-c1-n0.2-m27,3,1,0.2,27,,-13.64964521336605
colosseum,27,orc,-0.1701018930108559,6.96,,,d3-c1-n0.2-m27,3,1,0.2,27,,-13.64964521336605
colosseum,27,spc_hop,60.885924435580414,55.34,,,d3-c1-n0.2-m27,3,1,0.2,27,,-13.64964521336605
colosseum,27,spc_diffusion_t5,-36.03740405898331,19.0,,,d3-c1-n0.2-m27,3,1,0.2,27,,-13.64964521336605
colosseum,27,laziness_knn_t5,-5.549718379974365,0.69,,,d3-c1-n0.2-m27,3,1,0.2,27,,-13.64964521336605
colosseum,27,laziness_adaptive_t5,-5.499874114990234,0.65,,,d3-c1-n0.2-m27,3,1,0.2,27,,-13.64964521336605
colosseum,27,successor_entropy,-2.202082037191838,0.04,795.8,,d3-c1-n0.2-m27,3,1,0.2,27,,-13.64964521336605
colosseum,27,successor_orc,0.9539725196057388,5.88,795.8,,d3-c1-n0.2-m27,3,1,0.2,27,,-13.64964521336605
colosseum,28,dc2,-0.8680576086044312,11.94,,,d3-c1-n0.2-m28,3,1,0.2,28,,-4.4362065334004175
colosseum,28,dc_wasserstein_ollivier,-0.8782081604003906,3.23,,,d3-c1-n0.2-m28,3,1,0.2,28,,-4.4362065334004175
colosseum,28,dc_entropic_subtraction,0.2536711692810058,2.73,,,d3-c1-n0.2-m28,3,1,0.2,28,,-4.4362065334004175
colosseum,28,hickock,-0.1483486820120473,55.85,,,d3-c1-n0.2-m28,3,1,0.2,28,,-4.4362065334004175
colosseum,28,frc_weighted_adaptive,-45.00190462924292,1.0,,,d3-c1-n0.2-m28,3,1,0.2,28,,-4.4362065334004175
colosseum,28,frc_unweighted_knn,-7.333333333333333,0.32,,,d3-c1-n0.2-m28,3,1,0.2,28,,-4.4362065334004175
colosseum,28,orc,-0.0255649594858961,7.84,,,d3-c1-n0.2-m28,3,1,0.2,28,,-4.4362065334004175
colosseum,28,spc_hop,706.0507295461297,60.76,,,d3-c1-n0.2-m28,3,1,0.2,28,,-4.4362065334004175
colosseum,28,spc_diffusion_t5,193.5772973511617,19.81,,,d3-c1-n0.2-m28,3,1,0.2,28,,-4.4362065334004175
colosseum,28,laziness_knn_t5,-5.07109260559082,0.71,,,d3-c1-n0.2-m28,3,1,0.2,28,,-4.4362065334004175
colosseum,28,laziness_adaptive_t5,-5.002081871032715,0.67,,,d3-c1-n0.2-m28,3,1,0.2,28,,-4.4362065334004175
colosseum,28,successor_entropy,-2.1257149091673395,0.04,791.7,,d3-c1-n0.2-m28,3,1,0.2,28,,-4.4362065334004175
colosseum,28,successor_orc,0.950478035839237,5.66,791.7,,d3-c1-n0.2-m28,3,1,0.2,28,,-4.4362065334004175
colosseum,29,dc2,-0.5572104454040527,12.87,,,d3-c1-n0.2-m29,3,1,0.2,29,,-24.22602609969704
colosseum,29,dc_wasserstein_ollivier,-0.9245012998580932,3.3,,,d3-c1-n0.2-m29,3,1,0.2,29,,-24.22602609969704
colosseum,29,dc_entropic_subtraction,0.4498991966247558,2.79,,,d3-c1-n0.2-m29,3,1,0.2,29,,-24.22602609969704
colosseum,29,hickock,1.6885322695883362,51.72,,,d3-c1-n0.2-m29,3,1,0.2,29,,-24.22602609969704
colosseum,29,frc_weighted_adaptive,-85.05043621465086,0.98,,,d3-c1-n0.2-m29,3,1,0.2,29,,-24.22602609969704
colosseum,29,frc_unweighted_knn,-10.1,0.31,,,d3-c1-n0.2-m29,3,1,0.2,29,,-24.22602609969704
colosseum,29,orc,-0.1563078937128194,7.43,,,d3-c1-n0.2-m29,3,1,0.2,29,,-24.22602609969704
colosseum,29,spc_hop,833.0623142015339,60.35,,,d3-c1-n0.2-m29,3,1,0.2,29,,-24.22602609969704
colosseum,29,spc_diffusion_t5,130.45130348623485,20.14,,,d3-c1-n0.2-m29,3,1,0.2,29,,-24.22602609969704
colosseum,29,laziness_knn_t5,-5.701521873474121,0.72,,,d3-c1-n0.2-m29,3,1,0.2,29,,-24.22602609969704
colosseum,29,laziness_adaptive_t5,-5.741595268249512,0.69,,,d3-c1-n0.2-m29,3,1,0.2,29,,-24.22602609969704
colosseum,0,dc2,0.3343496322631836,15.18,,,d4-c1-n0.01-m0,4,1,0.01,0,,-17.207149413771134
colosseum,0,dc_wasserstein_ollivier,-0.9166473150253296,4.72,,,d4-c1-n0.01-m0,4,1,0.01,0,,-17.207149413771134
colosseum,0,dc_entropic_subtraction,0.2422432899475097,3.17,,,d4-c1-n0.01-m0,4,1,0.01,0,,-17.207149413771134
colosseum,0,hickock,10.943286259510565,48.03,,,d4-c1-n0.01-m0,4,1,0.01,0,,-17.207149413771134
colosseum,0,frc_weighted_adaptive,-80.45668251886131,0.93,,,d4-c1-n0.01-m0,4,1,0.01,0,,-17.207149413771134
colosseum,0,frc_unweighted_knn,-8.727272727272727,0.3,,,d4-c1-n0.01-m0,4,1,0.01,0,,-17.207149413771134
colosseum,0,orc,-0.2243409197845094,7.76,,,d4-c1-n0.01-m0,4,1,0.01,0,,-17.207149413771134
colosseum,0,spc_hop,-88.37516354505806,64.19,,,d4-c1-n0.01-m0,4,1,0.01,0,,-17.207149413771134
colosseum,0,spc_diffusion_t5,-251.88559488675324,23.1,,,d4-c1-n0.01-m0,4,1,0.01,0,,-17.207149413771134
colosseum,0,laziness_knn_t5,-5.739848136901856,0.98,,,d4-c1-n0.01-m0,4,1,0.01,0,,-17.207149413771134
colosseum,0,laziness_adaptive_t5,-5.686348915100098,0.74,,,d4-c1-n0.01-m0,4,1,0.01,0,,-17.207149413771134
colosseum,0,successor_entropy,-1.9192082061519224,0.04,1055.7,,d4-c1-n0.01-m0,4,1,0.01,0,,-17.207149413771134
colosseum,0,successor_orc,0.950526487768526,6.22,1055.7,,d4-c1-n0.01-m0,4,1,0.01,0,,-17.207149413771134
colosseum,1,dc2,-0.3615694046020508,14.21,,,d4-c1-n0.01-m1,4,1,0.01,1,,-5.139008838744655
colosseum,1,dc_wasserstein_ollivier,-0.7944653034210205,4.05,,,d4-c1-n0.01-m1,4,1,0.01,1,,-5.139008838744655
colosseum,1,dc_entropic_subtraction,0.3414521217346191,3.6,,,d4-c1-n0.01-m1,4,1,0.01,1,,-5.139008838744655
colosseum,1,hickock,11.02460688990522,52.06,,,d4-c1-n0.01-m1,4,1,0.01,1,,-5.139008838744655
colosseum,1,frc_weighted_adaptive,-48.572339620459104,0.91,,,d4-c1-n0.01-m1,4,1,0.01,1,,-5.139008838744655
colosseum,1,frc_unweighted_knn,-9.533333333333331,0.29,,,d4-c1-n0.01-m1,4,1,0.01,1,,-5.139008838744655
colosseum,1,orc,-0.1541323998453998,6.93,,,d4-c1-n0.01-m1,4,1,0.01,1,,-5.139008838744655
colosseum,1,spc_hop,121.25292748463096,62.55,,,d4-c1-n0.01-m1,4,1,0.01,1,,-5.139008838744655
colosseum,1,spc_diffusion_t5,-42.34169602306108,21.68,,,d4-c1-n0.01-m1,4,1,0.01,1,,-5.139008838744655
colosseum,1,laziness_knn_t5,-5.602630138397217,0.77,,,d4-c1-n0.01-m1,4,1,0.01,1,,-5.139008838744655
colosseum,1,laziness_adaptive_t5,-5.570931434631348,0.76,,,d4-c1-n0.01-m1,4,1,0.01,1,,-5.139008838744655
colosseum,1,successor_entropy,-1.8417127892420009,0.05,1185.9,,d4-c1-n0.01-m1,4,1,0.01,1,,-5.139008838744655
colosseum,1,successor_orc,0.9508770019759176,5.69,1185.9,,d4-c1-n0.01-m1,4,1,0.01,1,,-5.139008838744655
colosseum,2,dc2,-0.1815166473388672,14.03,,,d4-c1-n0.01-m2,4,1,0.01,2,,-21.746465707277977
colosseum,2,dc_wasserstein_ollivier,-0.721733570098877,3.99,,,d4-c1-n0.01-m2,4,1,0.01,2,,-21.746465707277977
colosseum,2,dc_entropic_subtraction,0.7697577476501465,3.45,,,d4-c1-n0.01-m2,4,1,0.01,2,,-21.746465707277977
colosseum,2,hickock,11.764890866050983,53.53,,,d4-c1-n0.01-m2,4,1,0.01,2,,-21.746465707277977
colosseum,2,frc_weighted_adaptive,-120.47368989476207,0.96,,,d4-c1-n0.01-m2,4,1,0.01,2,,-21.746465707277977
colosseum,2,frc_unweighted_knn,-12.538461538461538,0.33,,,d4-c1-n0.01-m2,4,1,0.01,2,,-21.746465707277977
colosseum,2,orc,-0.1558144468566974,8.31,,,d4-c1-n0.01-m2,4,1,0.01,2,,-21.746465707277977
colosseum,2,spc_hop,-18.442344645263123,64.3,,,d4-c1-n0.01-m2,4,1,0.01,2,,-21.746465707277977
colosseum,2,spc_diffusion_t5,50.339222887609886,27.57,,,d4-c1-n0.01-m2,4,1,0.01,2,,-21.746465707277977
colosseum,2,laziness_knn_t5,-5.780864715576172,0.83,,,d4-c1-n0.01-m2,4,1,0.01,2,,-21.746465707277977
colosseum,2,laziness_adaptive_t5,-5.762882232666016,0.8,,,d4-c1-n0.01-m2,4,1,0.01,2,,-21.746465707277977
colosseum,2,successor_entropy,-1.8073508925059965,0.05,990.64,,d4-c1-n0.01-m2,4,1,0.01,2,,-21.746465707277977
colosseum,2,successor_orc,0.9498177157924104,5.27,990.64,,d4-c1-n0.01-m2,4,1,0.01,2,,-21.746465707277977
colosseum,3,dc2,0.3112955093383789,13.22,,,d4-c1-n0.01-m3,4,1,0.01,3,,-13.50754264291904
colosseum,3,dc_wasserstein_ollivier,-0.8892635107040405,4.24,,,d4-c1-n0.01-m3,4,1,0.01,3,,-13.50754264291904
colosseum,3,dc_entropic_subtraction,0.2379865646362304,3.39,,,d4-c1-n0.01-m3,4,1,0.01,3,,-13.50754264291904
colosseum,3,hickock,10.939659500086684,54.2,,,d4-c1-n0.01-m3,4,1,0.01,3,,-13.50754264291904
colosseum,3,frc_weighted_adaptive,-121.63621906667852,0.92,,,d4-c1-n0.01-m3,4,1,0.01,3,,-13.50754264291904
colosseum,3,frc_unweighted_knn,-10.1,0.29,,,d4-c1-n0.01-m3,4,1,0.01,3,,-13.50754264291904
colosseum,3,orc,-0.1815064905885455,7.12,,,d4-c1-n0.01-m3,4,1,0.01,3,,-13.50754264291904
colosseum,3,spc_hop,-133.75077010243726,62.17,,,d4-c1-n0.01-m3,4,1,0.01,3,,-13.50754264291904
colosseum,3,spc_diffusion_t5,-161.33569405586655,19.82,,,d4-c1-n0.01-m3,4,1,0.01,3,,-13.50754264291904
colosseum,3,laziness_knn_t5,-5.8321638107299805,0.72,,,d4-c1-n0.01-m3,4,1,0.01,3,,-13.50754264291904
colosseum,3,laziness_adaptive_t5,-5.753678321838379,0.76,,,d4-c1-n0.01-m3,4,1,0.01,3,,-13.50754264291904
colosseum,3,successor_entropy,-1.8399028586956363,0.05,1039.0,,d4-c1-n0.01-m3,4,1,0.01,3,,-13.50754264291904
colosseum,3,successor_orc,0.9487482840843574,5.28,1039.0,,d4-c1-n0.01-m3,4,1,0.01,3,,-13.50754264291904
colosseum,4,dc2,-0.0458135604858398,13.23,,,d4-c1-n0.01-m4,4,1,0.01,4,,-12.500757443249626
colosseum,4,dc_wasserstein_ollivier,-0.869970440864563,4.09,,,d4-c1-n0.01-m4,4,1,0.01,4,,-12.500757443249626
colosseum,4,dc_entropic_subtraction,0.3626232147216797,3.14,,,d4-c1-n0.01-m4,4,1,0.01,4,,-12.500757443249626
colosseum,4,hickock,11.42497771096669,50.51,,,d4-c1-n0.01-m4,4,1,0.01,4,,-12.500757443249626
colosseum,4,frc_weighted_adaptive,-43.07578592957146,0.91,,,d4-c1-n0.01-m4,4,1,0.01,4,,-12.500757443249626
colosseum,4,frc_unweighted_knn,-9.4,0.29,,,d4-c1-n0.01-m4,4,1,0.01,4,,-12.500757443249626
colosseum,4,orc,-0.2440683311684616,6.81,,,d4-c1-n0.01-m4,4,1,0.01,4,,-12.500757443249626
colosseum,4,spc_hop,667.9378890052722,65.67,,,d4-c1-n0.01-m4,4,1,0.01,4,,-12.500757443249626
colosseum,4,spc_diffusion_t5,-9.758135468709424,19.57,,,d4-c1-n0.01-m4,4,1,0.01,4,,-12.500757443249626
colosseum,4,laziness_knn_t5,-5.728450775146484,0.98,,,d4-c1-n0.01-m4,4,1,0.01,4,,-12.500757443249626
colosseum,4,laziness_adaptive_t5,-5.67877197265625,0.92,,,d4-c1-n0.01-m4,4,1,0.01,4,,-12.500757443249626
colosseum,4,successor_entropy,-1.9017030753354387,0.05,995.08,,d4-c1-n0.01-m4,4,1,0.01,4,,-12.500757443249626
colosseum,4,successor_orc,0.9505994765100952,7.1,995.08,,d4-c1-n0.01-m4,4,1,0.01,4,,-12.500757443249626
colosseum,5,dc2,0.7152276039123535,13.48,,,d4-c1-n0.01-m5,4,1,0.01,5,,20.18256173921702
colosseum,5,dc_wasserstein_ollivier,-0.682159423828125,3.8,,,d4-c1-n0.01-m5,4,1,0.01,5,,20.18256173921702
colosseum,5,dc_entropic_subtraction,0.6945877075195312,3.09,,,d4-c1-n0.01-m5,4,1,0.01,5,,20.18256173921702
colosseum,5,hickock,12.513270661589482,52.79,,,d4-c1-n0.01-m5,4,1,0.01,5,,20.18256173921702
colosseum,5,frc_weighted_adaptive,-55.34024797306592,0.89,,,d4-c1-n0.01-m5,4,1,0.01,5,,20.18256173921702
colosseum,5,frc_unweighted_knn,-6.666666666666667,0.29,,,d4-c1-n0.01-m5,4,1,0.01,5,,20.18256173921702
colosseum,5,orc,-0.0540639793221282,7.82,,,d4-c1-n0.01-m5,4,1,0.01,5,,20.18256173921702
colosseum,5,spc_hop,-850.9474683773963,68.65,,,d4-c1-n0.01-m5,4,1,0.01,5,,20.18256173921702
colosseum,5,spc_diffusion_t5,-58.74219742332114,19.93,,,d4-c1-n0.01-m5,4,1,0.01,5,,20.18256173921702
colosseum,5,laziness_knn_t5,-5.592194080352783,0.8,,,d4-c1-n0.01-m5,4,1,0.01,5,,20.18256173921702
colosseum,5,laziness_adaptive_t5,-5.570000648498535,0.7,,,d4-c1-n0.01-m5,4,1,0.01,5,,20.18256173921702
colosseum,5,successor_entropy,-1.9274429302706075,0.05,1035.34,,d4-c1-n0.01-m5,4,1,0.01,5,,20.18256173921702
colosseum,5,successor_orc,0.9510467763385584,5.46,1035.34,,d4-c1-n0.01-m5,4,1,0.01,5,,20.18256173921702
colosseum,6,dc2,-0.1247529983520507,14.92,,,d4-c1-n0.01-m6,4,1,0.01,6,,26.0986311639138
colosseum,6,dc_wasserstein_ollivier,-0.562102198600769,4.71,,,d4-c1-n0.01-m6,4,1,0.01,6,,26.0986311639138
colosseum,6,dc_entropic_subtraction,0.6821088790893555,3.4,,,d4-c1-n0.01-m6,4,1,0.01,6,,26.0986311639138
colosseum,6,hickock,12.118389282233036,53.91,,,d4-c1-n0.01-m6,4,1,0.01,6,,26.0986311639138
colosseum,6,frc_weighted_adaptive,-120.88262765122012,1.31,,,d4-c1-n0.01-m6,4,1,0.01,6,,26.0986311639138
colosseum,6,frc_unweighted_knn,-8.4,0.33,,,d4-c1-n0.01-m6,4,1,0.01,6,,26.0986311639138
colosseum,6,orc,-0.0819046507942545,7.83,,,d4-c1-n0.01-m6,4,1,0.01,6,,26.0986311639138
colosseum,6,spc_hop,-340.1342145443447,65.97,,,d4-c1-n0.01-m6,4,1,0.01,6,,26.0986311639138
colosseum,6,spc_diffusion_t5,-91.2407075749481,24.26,,,d4-c1-n0.01-m6,4,1,0.01,6,,26.0986311639138
colosseum,6,laziness_knn_t5,-5.530372619628906,0.92,,,d4-c1-n0.01-m6,4,1,0.01,6,,26.0986311639138
colosseum,6,laziness_adaptive_t5,-5.489265441894531,0.82,,,d4-c1-n0.01-m6,4,1,0.01,6,,26.0986311639138
colosseum,6,successor_entropy,-1.8716841879794373,0.05,1002.99,,d4-c1-n0.01-m6,4,1,0.01,6,,26.0986311639138
colosseum,6,successor_orc,0.9526362060278748,10.91,1002.99,,d4-c1-n0.01-m6,4,1,0.01,6,,26.0986311639138
colosseum,7,dc2,-0.7119145393371582,13.94,,,d4-c1-n0.01-m7,4,1,0.01,7,,-25.70722258955415
colosseum,7,dc_wasserstein_ollivier,-0.9058542251586914,4.27,,,d4-c1-n0.01-m7,4,1,0.01,7,,-25.70722258955415
colosseum,7,dc_entropic_subtraction,0.4146480560302734,3.11,,,d4-c1-n0.01-m7,4,1,0.01,7,,-25.70722258955415
colosseum,7,hickock,11.009633730360337,50.41,,,d4-c1-n0.01-m7,4,1,0.01,7,,-25.70722258955415
colosseum,7,frc_weighted_adaptive,-51.92392939802703,1.21,,,d4-c1-n0.01-m7,4,1,0.01,7,,-25.70722258955415
colosseum,7,frc_unweighted_knn,-8.666666666666666,0.29,,,d4-c1-n0.01-m7,4,1,0.01,7,,-25.70722258955415
colosseum,7,orc,-0.1173621771683361,7.69,,,d4-c1-n0.01-m7,4,1,0.01,7,,-25.70722258955415
colosseum,7,spc_hop,-1179.1863342360075,62.67,,,d4-c1-n0.01-m7,4,1,0.01,7,,-25.70722258955415
colosseum,7,spc_diffusion_t5,-38.66434916208271,23.28,,,d4-c1-n0.01-m7,4,1,0.01,7,,-25.70722258955415
colosseum,7,laziness_knn_t5,-5.59357500076294,0.91,,,d4-c1-n0.01-m7,4,1,0.01,7,,-25.70722258955415
colosseum,7,laziness_adaptive_t5,-5.5030012130737305,0.77,,,d4-c1-n0.01-m7,4,1,0.01,7,,-25.70722258955415
colosseum,7,successor_entropy,-1.944578894530423,0.05,1035.95,,d4-c1-n0.01-m7,4,1,0.01,7,,-25.70722258955415
colosseum,7,successor_orc,0.9507269727082724,6.33,1035.95,,d4-c1-n0.01-m7,4,1,0.01,7,,-25.70722258955415
colosseum,8,dc2,-0.2815642356872558,14.43,,,d4-c1-n0.01-m8,4,1,0.01,8,,-32.770640263341754
colosseum,8,dc_wasserstein_ollivier,-0.859941840171814,4.2,,,d4-c1-n0.01-m8,4,1,0.01,8,,-32.770640263341754
colosseum,8,dc_entropic_subtraction,0.6343727111816406,3.05,,,d4-c1-n0.01-m8,4,1,0.01,8,,-32.770640263341754
colosseum,8,hickock,11.64296428235328,51.85,,,d4-c1-n0.01-m8,4,1,0.01,8,,-32.770640263341754
colosseum,8,frc_weighted_adaptive,-96.95634009220484,1.22,,,d4-c1-n0.01-m8,4,1,0.01,8,,-32.770640263341754
colosseum,8,frc_unweighted_knn,-9.833333333333334,0.29,,,d4-c1-n0.01-m8,4,1,0.01,8,,-32.770640263341754
colosseum,8,orc,-0.1193197484974394,7.93,,,d4-c1-n0.01-m8,4,1,0.01,8,,-32.770640263341754
colosseum,8,spc_hop,61.692096855323314,66.48,,,d4-c1-n0.01-m8,4,1,0.01,8,,-32.770640263341754
colosseum,8,spc_diffusion_t5,-67.00943233206074,23.18,,,d4-c1-n0.01-m8,4,1,0.01,8,,-32.770640263341754
colosseum,8,laziness_knn_t5,-5.667566299438477,1.06,,,d4-c1-n0.01-m8,4,1,0.01,8,,-32.770640263341754
colosseum,8,laziness_adaptive_t5,-5.601661682128906,1.03,,,d4-c1-n0.01-m8,4,1,0.01,8,,-32.770640263341754
colosseum,8,successor_entropy,-1.8839722204869611,0.05,1287.95,,d4-c1-n0.01-m8,4,1,0.01,8,,-32.770640263341754
colosseum,8,successor_orc,0.9519434616912236,9.67,1287.95,,d4-c1-n0.01-m8,4,1,0.01,8,,-32.770640263341754
colosseum,9,dc2,0.2541728019714355,16.51,,,d4-c1-n0.01-m9,4,1,0.01,9,,69.76199504844352
colosseum,9,dc_wasserstein_ollivier,-0.252280592918396,4.41,,,d4-c1-n0.01-m9,4,1,0.01,9,,69.76199504844352
colosseum,9,dc_entropic_subtraction,0.9983911514282228,3.53,,,d4-c1-n0.01-m9,4,1,0.01,9,,69.76199504844352
colosseum,9,hickock,12.745668488270336,51.25,,,d4-c1-n0.01-m9,4,1,0.01,9,,69.76199504844352
colosseum,9,frc_weighted_adaptive,-93.4651222361652,1.31,,,d4-c1-n0.01-m9,4,1,0.01,9,,69.76199504844352
colosseum,9,frc_unweighted_knn,-7.75,0.32,,,d4-c1-n0.01-m9,4,1,0.01,9,,69.76199504844352
colosseum,9,orc,-0.1605314919768715,8.23,,,d4-c1-n0.01-m9,4,1,0.01,9,,69.76199504844352
colosseum,9,spc_hop,-90.67302434598392,65.69,,,d4-c1-n0.01-m9,4,1,0.01,9,,69.76199504844352
colosseum,9,spc_diffusion_t5,16.945879741560006,23.33,,,d4-c1-n0.01-m9,4,1,0.01,9,,69.76199504844352
colosseum,9,laziness_knn_t5,-5.21216344833374,0.9,,,d4-c1-n0.01-m9,4,1,0.01,9,,69.76199504844352
colosseum,9,laziness_adaptive_t5,-5.169395446777344,0.9,,,d4-c1-n0.01-m9,4,1,0.01,9,,69.76199504844352
colosseum,9,successor_entropy,-1.6808647275404849,0.05,1299.16,,d4-c1-n0.01-m9,4,1,0.01,9,,69.76199504844352
colosseum,9,successor_orc,0.9499636729697006,5.33,1299.16,,d4-c1-n0.01-m9,4,1,0.01,9,,69.76199504844352
colosseum,10,dc2,-0.3823637962341308,14.69,,,d4-c1-n0.01-m10,4,1,0.01,10,,-21.9247455489837
colosseum,10,dc_wasserstein_ollivier,-0.944541335105896,4.62,,,d4-c1-n0.01-m10,4,1,0.01,10,,-21.9247455489837
colosseum,10,dc_entropic_subtraction,0.5473775863647461,2.71,,,d4-c1-n0.01-m10,4,1,0.01,10,,-21.9247455489837
colosseum,10,hickock,11.59728497172138,52.46,,,d4-c1-n0.01-m10,4,1,0.01,10,,-21.9247455489837
colosseum,10,frc_weighted_adaptive,-56.362624487521,1.28,,,d4-c1-n0.01-m10,4,1,0.01,10,,-21.9247455489837
colosseum,10,frc_unweighted_knn,-8.066666666666666,0.33,,,d4-c1-n0.01-m10,4,1,0.01,10,,-21.9247455489837
colosseum,10,orc,-0.1177370412901716,7.39,,,d4-c1-n0.01-m10,4,1,0.01,10,,-21.9247455489837
colosseum,10,spc_hop,199.12682916589648,69.89,,,d4-c1-n0.01-m10,4,1,0.01,10,,-21.9247455489837
colosseum,10,spc_diffusion_t5,-24.782667200247964,23.37,,,d4-c1-n0.01-m10,4,1,0.01,10,,-21.9247455489837
colosseum,10,laziness_knn_t5,-5.561249732971191,0.79,,,d4-c1-n0.01-m10,4,1,0.01,10,,-21.9247455489837
colosseum,10,laziness_adaptive_t5,-5.403390884399414,0.73,,,d4-c1-n0.01-m10,4,1,0.01,10,,-21.9247455489837
colosseum,10,successor_entropy,-1.9238530823281037,0.05,1021.32,,d4-c1-n0.01-m10,4,1,0.01,10,,-21.9247455489837
colosseum,10,successor_orc,0.9499196886055394,4.99,1021.32,,d4-c1-n0.01-m10,4,1,0.01,10,,-21.9247455489837
colosseum,11,dc2,0.095069408416748,14.09,,,d4-c1-n0.01-m11,4,1,0.01,11,,-19.81329291676111
colosseum,11,dc_wasserstein_ollivier,-0.9537705183029176,3.68,,,d4-c1-n0.01-m11,4,1,0.01,11,,-19.81329291676111
colosseum,11,dc_entropic_subtraction,0.2594900131225586,2.86,,,d4-c1-n0.01-m11,4,1,0.01,11,,-19.81329291676111
colosseum,11,hickock,11.291580444285728,52.93,,,d4-c1-n0.01-m11,4,1,0.01,11,,-19.81329291676111
colosseum,11,frc_weighted_adaptive,-39.79582869022324,1.43,,,d4-c1-n0.01-m11,4,1,0.01,11,,-19.81329291676111
colosseum,11,frc_unweighted_knn,-11.545454545454543,0.37,,,d4-c1-n0.01-m11,4,1,0.01,11,,-19.81329291676111
colosseum,11,orc,-0.2738820977661587,7.92,,,d4-c1-n0.01-m11,4,1,0.01,11,,-19.81329291676111
colosseum,11,spc_hop,363.95466107571616,66.87,,,d4-c1-n0.01-m11,4,1,0.01,11,,-19.81329291676111
colosseum,11,spc_diffusion_t5,368.7653056334264,22.1,,,d4-c1-n0.01-m11,4,1,0.01,11,,-19.81329291676111
colosseum,11,laziness_knn_t5,-6.056277275085449,0.72,,,d4-c1-n0.01-m11,4,1,0.01,11,,-19.81329291676111
colosseum,11,laziness_adaptive_t5,-6.032248497009277,0.72,,,d4-c1-n0.01-m11,4,1,0.01,11,,-19.81329291676111
colosseum,11,successor_entropy,-1.8673171842930216,0.05,1043.54,,d4-c1-n0.01-m11,4,1,0.01,11,,-19.81329291676111
colosseum,11,successor_orc,0.9504343186548032,8.09,1043.54,,d4-c1-n0.01-m11,4,1,0.01,11,,-19.81329291676111
colosseum,12,dc2,-0.6527981758117676,13.52,,,d4-c1-n0.01-m12,4,1,0.01,12,,-16.32383121966861
colosseum,12,dc_wasserstein_ollivier,-0.9543039798736572,3.84,,,d4-c1-n0.01-m12,4,1,0.01,12,,-16.32383121966861
colosseum,12,dc_entropic_subtraction,0.3076906204223633,3.09,,,d4-c1-n0.01-m12,4,1,0.01,12,,-16.32383121966861
colosseum,12,hickock,11.398101714147057,56.29,,,d4-c1-n0.01-m12,4,1,0.01,12,,-16.32383121966861
colosseum,12,frc_weighted_adaptive,-55.29650749724396,1.55,,,d4-c1-n0.01-m12,4,1,0.01,12,,-16.32383121966861
colosseum,12,frc_unweighted_knn,-9.3,0.35,,,d4-c1-n0.01-m12,4,1,0.01,12,,-16.32383121966861
colosseum,12,orc,-0.1630703011444434,8.63,,,d4-c1-n0.01-m12,4,1,0.01,12,,-16.32383121966861
colosseum,12,spc_hop,110.17787994089056,66.27,,,d4-c1-n0.01-m12,4,1,0.01,12,,-16.32383121966861
colosseum,12,spc_diffusion_t5,-3.863574679073325,23.24,,,d4-c1-n0.01-m12,4,1,0.01,12,,-16.32383121966861
colosseum,12,laziness_knn_t5,-5.636198997497559,0.75,,,d4-c1-n0.01-m12,4,1,0.01,12,,-16.32383121966861
colosseum,12,laziness_adaptive_t5,-5.628932952880859,0.73,,,d4-c1-n0.01-m12,4,1,0.01,12,,-16.32383121966861
colosseum,12,successor_entropy,-1.7339564749055232,0.05,1014.91,,d4-c1-n0.01-m12,4,1,0.01,12,,-16.32383121966861
colosseum,12,successor_orc,0.9510201861262988,6.12,1014.91,,d4-c1-n0.01-m12,4,1,0.01,12,,-16.32383121966861
colosseum,13,dc2,-0.5024566650390625,13.24,,,d4-c1-n0.01-m13,4,1,0.01,13,,9.908631150980812
colosseum,13,dc_wasserstein_ollivier,-0.6937539577484131,3.7,,,d4-c1-n0.01-m13,4,1,0.01,13,,9.908631150980812
colosseum,13,dc_entropic_subtraction,0.7962079048156738,2.85,,,d4-c1-n0.01-m13,4,1,0.01,13,,9.908631150980812
colosseum,13,hickock,12.051518475424402,54.52,,,d4-c1-n0.01-m13,4,1,0.01,13,,9.908631150980812
colosseum,13,frc_weighted_adaptive,-29.17981014292632,0.97,,,d4-c1-n0.01-m13,4,1,0.01,13,,9.908631150980812
colosseum,13,frc_unweighted_knn,-4.0,0.67,,,d4-c1-n0.01-m13,4,1,0.01,13,,9.908631150980812
colosseum,13,orc,-0.1072383733857103,9.07,,,d4-c1-n0.01-m13,4,1,0.01,13,,9.908631150980812
colosseum,13,spc_hop,-88.9767486532315,65.72,,,d4-c1-n0.01-m13,4,1,0.01,13,,9.908631150980812
colosseum,13,spc_diffusion_t5,187.78720741543967,22.7,,,d4-c1-n0.01-m13,4,1,0.01,13,,9.908631150980812
colosseum,13,laziness_knn_t5,-5.490867614746094,0.75,,,d4-c1-n0.01-m13,4,1,0.01,13,,9.908631150980812
colosseum,13,laziness_adaptive_t5,-5.406268119812012,0.72,,,d4-c1-n0.01-m13,4,1,0.01,13,,9.908631150980812
colosseum,13,successor_entropy,-1.9129252447762215,0.06,1025.06,,d4-c1-n0.01-m13,4,1,0.01,13,,9.908631150980812
colosseum,13,successor_orc,0.9509108519715188,5.83,1025.06,,d4-c1-n0.01-m13,4,1,0.01,13,,9.908631150980812
colosseum,14,dc2,-0.38250732421875,14.6,,,d4-c1-n0.01-m14,4,1,0.01,14,,-14.88751963819821
colosseum,14,dc_wasserstein_ollivier,-0.8854761123657227,3.89,,,d4-c1-n0.01-m14,4,1,0.01,14,,-14.88751963819821
colosseum,14,dc_entropic_subtraction,0.6842498779296875,2.91,,,d4-c1-n0.01-m14,4,1,0.01,14,,-14.88751963819821
colosseum,14,hickock,11.83566543386158,54.55,,,d4-c1-n0.01-m14,4,1,0.01,14,,-14.88751963819821
colosseum,14,frc_weighted_adaptive,-99.46453513966536,0.93,,,d4-c1-n0.01-m14,4,1,0.01,14,,-14.88751963819821
colosseum,14,frc_unweighted_knn,-7.416666666666667,0.61,,,d4-c1-n0.01-m14,4,1,0.01,14,,-14.88751963819821
colosseum,14,orc,-0.0961167097141557,7.52,,,d4-c1-n0.01-m14,4,1,0.01,14,,-14.88751963819821
colosseum,14,spc_hop,-2527.515518190561,65.44,,,d4-c1-n0.01-m14,4,1,0.01,14,,-14.88751963819821
colosseum,14,spc_diffusion_t5,-41.581430041108085,22.64,,,d4-c1-n0.01-m14,4,1,0.01,14,,-14.88751963819821
colosseum,14,laziness_knn_t5,-5.580743312835693,0.74,,,d4-c1-n0.01-m14,4,1,0.01,14,,-14.88751963819821
colosseum,14,laziness_adaptive_t5,-5.546838760375977,0.73,,,d4-c1-n0.01-m14,4,1,0.01,14,,-14.88751963819821
colosseum,14,successor_entropy,-1.844014320293131,0.05,1031.23,,d4-c1-n0.01-m14,4,1,0.01,14,,-14.88751963819821
colosseum,14,successor_orc,0.9520277645552068,5.23,1031.23,,d4-c1-n0.01-m14,4,1,0.01,14,,-14.88751963819821
colosseum,15,dc2,-0.1629476547241211,13.4,,,d4-c1-n0.01-m15,4,1,0.01,15,,-8.898012916304216
colosseum,15,dc_wasserstein_ollivier,-0.8700276613235474,3.62,,,d4-c1-n0.01-m15,4,1,0.01,15,,-8.898012916304216
colosseum,15,dc_entropic_subtraction,0.4831571578979492,2.9,,,d4-c1-n0.01-m15,4,1,0.01,15,,-8.898012916304216
colosseum,15,hickock,11.665065574833692,57.17,,,d4-c1-n0.01-m15,4,1,0.01,15,,-8.898012916304216
colosseum,15,frc_weighted_adaptive,-54.55005323475845,1.03,,,d4-c1-n0.01-m15,4,1,0.01,15,,-8.898012916304216
colosseum,15,frc_unweighted_knn,-5.2727272727272725,0.34,,,d4-c1-n0.01-m15,4,1,0.01,15,,-8.898012916304216
colosseum,15,orc,-0.1485750758870732,8.41,,,d4-c1-n0.01-m15,4,1,0.01,15,,-8.898012916304216
colosseum,15,spc_hop,-226.92925444712827,64.66,,,d4-c1-n0.01-m15,4,1,0.01,15,,-8.898012916304216
colosseum,15,spc_diffusion_t5,45.66269431762988,22.95,,,d4-c1-n0.01-m15,4,1,0.01,15,,-8.898012916304216
colosseum,15,laziness_knn_t5,-5.428859710693359,0.81,,,d4-c1-n0.01-m15,4,1,0.01,15,,-8.898012916304216
colosseum,15,laziness_adaptive_t5,-5.389464378356934,0.84,,,d4-c1-n0.01-m15,4,1,0.01,15,,-8.898012916304216
colosseum,15,successor_entropy,-1.7644138562381269,0.05,1020.03,,d4-c1-n0.01-m15,4,1,0.01,15,,-8.898012916304216
colosseum,15,successor_orc,0.9513293118458184,6.69,1020.03,,d4-c1-n0.01-m15,4,1,0.01,15,,-8.898012916304216
colosseum,16,dc2,-0.0681648254394531,13.37,,,d4-c1-n0.01-m16,4,1,0.01,16,,30.25648281316558
colosseum,16,dc_wasserstein_ollivier,-0.3569531440734863,3.83,,,d4-c1-n0.01-m16,4,1,0.01,16,,30.25648281316558
colosseum,16,dc_entropic_subtraction,0.5865840911865234,2.78,,,d4-c1-n0.01-m16,4,1,0.01,16,,30.25648281316558
colosseum,16,hickock,12.061928068350362,53.25,,,d4-c1-n0.01-m16,4,1,0.01,16,,30.25648281316558
colosseum,16,frc_weighted_adaptive,-50.842393217147446,0.93,,,d4-c1-n0.01-m16,4,1,0.01,16,,30.25648281316558
colosseum,16,frc_unweighted_knn,-9.7,0.29,,,d4-c1-n0.01-m16,4,1,0.01,16,,30.25648281316558
colosseum,16,orc,-0.2563406445240412,8.76,,,d4-c1-n0.01-m16,4,1,0.01,16,,30.25648281316558
colosseum,16,spc_hop,57.20658730064892,62.75,,,d4-c1-n0.01-m16,4,1,0.01,16,,30.25648281316558
colosseum,16,spc_diffusion_t5,-14.672684616724244,22.47,,,d4-c1-n0.01-m16,4,1,0.01,16,,30.25648281316558
colosseum,16,laziness_knn_t5,-5.711326599121094,0.75,,,d4-c1-n0.01-m16,4,1,0.01,16,,30.25648281316558
colosseum,16,laziness_adaptive_t5,-5.696991920471191,0.73,,,d4-c1-n0.01-m16,4,1,0.01,16,,30.25648281316558
colosseum,16,successor_entropy,-1.7523655955153516,0.05,992.58,,d4-c1-n0.01-m16,4,1,0.01,16,,30.25648281316558
colosseum,16,successor_orc,0.949603637950918,6.83,992.58,,d4-c1-n0.01-m16,4,1,0.01,16,,30.25648281316558
colosseum,17,dc2,0.8629937171936035,13.45,,,d4-c1-n0.01-m17,4,1,0.01,17,,-27.711525495005883
colosseum,17,dc_wasserstein_ollivier,-1.0618128776550293,3.66,,,d4-c1-n0.01-m17,4,1,0.01,17,,-27.711525495005883
colosseum,17,dc_entropic_subtraction,0.3168916702270508,2.81,,,d4-c1-n0.01-m17,4,1,0.01,17,,-27.711525495005883
colosseum,17,hickock,11.196427939010649,54.35,,,d4-c1-n0.01-m17,4,1,0.01,17,,-27.711525495005883
colosseum,17,frc_weighted_adaptive,-63.6111949994801,0.95,,,d4-c1-n0.01-m17,4,1,0.01,17,,-27.711525495005883
colosseum,17,frc_unweighted_knn,-9.454545454545457,0.37,,,d4-c1-n0.01-m17,4,1,0.01,17,,-27.711525495005883
colosseum,17,orc,-0.1622824600133984,8.59,,,d4-c1-n0.01-m17,4,1,0.01,17,,-27.711525495005883
colosseum,17,spc_hop,-332.92574081799387,68.94,,,d4-c1-n0.01-m17,4,1,0.01,17,,-27.711525495005883
colosseum,17,spc_diffusion_t5,-463.3032611121671,21.65,,,d4-c1-n0.01-m17,4,1,0.01,17,,-27.711525495005883
colosseum,17,laziness_knn_t5,-5.687718868255615,0.77,,,d4-c1-n0.01-m17,4,1,0.01,17,,-27.711525495005883
colosseum,17,laziness_adaptive_t5,-5.606453895568848,0.77,,,d4-c1-n0.01-m17,4,1,0.01,17,,-27.711525495005883
colosseum,17,successor_entropy,-1.8414402783567836,0.05,976.48,,d4-c1-n0.01-m17,4,1,0.01,17,,-27.711525495005883
colosseum,17,successor_orc,0.9504436337354528,5.6,976.48,,d4-c1-n0.01-m17,4,1,0.01,17,,-27.711525495005883
colosseum,18,dc2,-0.6962347030639648,13.18,,,d4-c1-n0.01-m18,4,1,0.01,18,,-21.520080127207866
colosseum,18,dc_wasserstein_ollivier,-0.9090725183486938,3.66,,,d4-c1-n0.01-m18,4,1,0.01,18,,-21.520080127207866
colosseum,18,dc_entropic_subtraction,0.4716033935546875,2.8,,,d4-c1-n0.01-m18,4,1,0.01,18,,-21.520080127207866
colosseum,18,hickock,11.573353221545636,55.12,,,d4-c1-n0.01-m18,4,1,0.01,18,,-21.520080127207866
colosseum,18,frc_weighted_adaptive,-41.00966340371038,0.97,,,d4-c1-n0.01-m18,4,1,0.01,18,,-21.520080127207866
colosseum,18,frc_unweighted_knn,-6.636363636363637,0.32,,,d4-c1-n0.01-m18,4,1,0.01,18,,-21.520080127207866
colosseum,18,orc,-0.1430100147761898,8.5,,,d4-c1-n0.01-m18,4,1,0.01,18,,-21.520080127207866
colosseum,18,spc_hop,-263.16090519691016,66.01,,,d4-c1-n0.01-m18,4,1,0.01,18,,-21.520080127207866
colosseum,18,spc_diffusion_t5,-117.95865818037106,22.63,,,d4-c1-n0.01-m18,4,1,0.01,18,,-21.520080127207866
colosseum,18,laziness_knn_t5,-5.725592136383057,0.74,,,d4-c1-n0.01-m18,4,1,0.01,18,,-21.520080127207866
colosseum,18,laziness_adaptive_t5,-5.669211387634277,0.77,,,d4-c1-n0.01-m18,4,1,0.01,18,,-21.520080127207866
colosseum,18,successor_entropy,-1.8181229823788936,0.05,970.27,,d4-c1-n0.01-m18,4,1,0.01,18,,-21.520080127207866
colosseum,18,successor_orc,0.9497646366045932,5.35,970.27,,d4-c1-n0.01-m18,4,1,0.01,18,,-21.520080127207866
colosseum,19,dc2,-0.1614470481872558,13.57,,,d4-c1-n0.01-m19,4,1,0.01,19,,-4.421538363453645
colosseum,19,dc_wasserstein_ollivier,-0.7985820770263672,3.59,,,d4-c1-n0.01-m19,4,1,0.01,19,,-4.421538363453645
colosseum,19,dc_entropic_subtraction,0.4955272674560547,2.87,,,d4-c1-n0.01-m19,4,1,0.01,19,,-4.421538363453645
colosseum,19,hickock,11.564708759375328,52.61,,,d4-c1-n0.01-m19,4,1,0.01,19,,-4.421538363453645
colosseum,19,frc_weighted_adaptive,-45.854746821110616,0.98,,,d4-c1-n0.01-m19,4,1,0.01,19,,-4.421538363453645
colosseum,19,frc_unweighted_knn,-8.857142857142858,0.33,,,d4-c1-n0.01-m19,4,1,0.01,19,,-4.421538363453645
colosseum,19,orc,-0.0958923809225122,8.5,,,d4-c1-n0.01-m19,4,1,0.01,19,,-4.421538363453645
colosseum,19,spc_hop,-32.5154372804115,68.96,,,d4-c1-n0.01-m19,4,1,0.01,19,,-4.421538363453645
colosseum,19,spc_diffusion_t5,-139.17362948521728,22.32,,,d4-c1-n0.01-m19,4,1,0.01,19,,-4.421538363453645
colosseum,19,laziness_knn_t5,-5.514474868774414,0.72,,,d4-c1-n0.01-m19,4,1,0.01,19,,-4.421538363453645
colosseum,19,laziness_adaptive_t5,-5.444031715393066,0.73,,,d4-c1-n0.01-m19,4,1,0.01,19,,-4.421538363453645
colosseum,19,successor_entropy,-1.9021625825030108,0.05,959.76,,d4-c1-n0.01-m19,4,1,0.01,19,,-4.421538363453645
colosseum,19,successor_orc,0.9536138102792472,5.3,959.76,,d4-c1-n0.01-m19,4,1,0.01,19,,-4.421538363453645
colosseum,20,dc2,-0.2302274703979492,13.34,,,d4-c1-n0.01-m20,4,1,0.01,20,,-29.609808461306443
colosseum,20,dc_wasserstein_ollivier,-0.8582775592803955,3.88,,,d4-c1-n0.01-m20,4,1,0.01,20,,-29.609808461306443
colosseum,20,dc_entropic_subtraction,0.7348480224609375,3.32,,,d4-c1-n0.01-m20,4,1,0.01,20,,-29.609808461306443
colosseum,20,hickock,12.215941905029307,53.0,,,d4-c1-n0.01-m20,4,1,0.01,20,,-29.609808461306443
colosseum,20,frc_weighted_adaptive,-110.59042162978064,1.04,,,d4-c1-n0.01-m20,4,1,0.01,20,,-29.609808461306443
colosseum,20,frc_unweighted_knn,-12.2,0.35,,,d4-c1-n0.01-m20,4,1,0.01,20,,-29.609808461306443
colosseum,20,orc,-0.3231041834211436,8.76,,,d4-c1-n0.01-m20,4,1,0.01,20,,-29.609808461306443
colosseum,20,spc_hop,-331.3890802716345,66.75,,,d4-c1-n0.01-m20,4,1,0.01,20,,-29.609808461306443
colosseum,20,spc_diffusion_t5,407.09028393757023,22.06,,,d4-c1-n0.01-m20,4,1,0.01,20,,-29.609808461306443
colosseum,20,laziness_knn_t5,-6.047660827636719,0.72,,,d4-c1-n0.01-m20,4,1,0.01,20,,-29.609808461306443
colosseum,20,laziness_adaptive_t5,-6.008454322814941,0.73,,,d4-c1-n0.01-m20,4,1,0.01,20,,-29.609808461306443
colosseum,20,successor_entropy,-1.871809473954762,0.05,933.14,,d4-c1-n0.01-m20,4,1,0.01,20,,-29.609808461306443
colosseum,20,successor_orc,0.9520981482298124,7.29,933.14,,d4-c1-n0.01-m20,4,1,0.01,20,,-29.609808461306443
colosseum,21,dc2,0.1144399642944336,13.18,,,d4-c1-n0.01-m21,4,1,0.01,21,,-20.29045491187795
colosseum,21,dc_wasserstein_ollivier,-0.8551589250564575,3.62,,,d4-c1-n0.01-m21,4,1,0.01,21,,-20.29045491187795
colosseum,21,dc_entropic_subtraction,0.6158380508422852,2.77,,,d4-c1-n0.01-m21,4,1,0.01,21,,-20.29045491187795
colosseum,21,hickock,11.99160291500956,51.45,,,d4-c1-n0.01-m21,4,1,0.01,21,,-20.29045491187795
colosseum,21,frc_weighted_adaptive,-47.19585883730614,1.01,,,d4-c1-n0.01-m21,4,1,0.01,21,,-20.29045491187795
colosseum,21,frc_unweighted_knn,-10.909090909090908,0.33,,,d4-c1-n0.01-m21,4,1,0.01,21,,-20.29045491187795
colosseum,21,orc,-0.2066246215041706,7.89,,,d4-c1-n0.01-m21,4,1,0.01,21,,-20.29045491187795
colosseum,21,spc_hop,-36.926116700091065,67.66,,,d4-c1-n0.01-m21,4,1,0.01,21,,-20.29045491187795
colosseum,21,spc_diffusion_t5,-128.7931041247946,22.66,,,d4-c1-n0.01-m21,4,1,0.01,21,,-20.29045491187795
colosseum,21,laziness_knn_t5,-5.690290927886963,0.8,,,d4-c1-n0.01-m21,4,1,0.01,21,,-20.29045491187795
colosseum,21,laziness_adaptive_t5,-5.649785995483398,0.74,,,d4-c1-n0.01-m21,4,1,0.01,21,,-20.29045491187795
colosseum,21,successor_entropy,-1.8991006447706995,0.06,972.98,,d4-c1-n0.01-m21,4,1,0.01,21,,-20.29045491187795
colosseum,21,successor_orc,0.9508384111929452,5.61,972.98,,d4-c1-n0.01-m21,4,1,0.01,21,,-20.29045491187795
colosseum,22,dc2,0.2167420387268066,13.34,,,d4-c1-n0.01-m22,4,1,0.01,22,,-33.90239041597087
colosseum,22,dc_wasserstein_ollivier,-0.9619520902633668,3.86,,,d4-c1-n0.01-m22,4,1,0.01,22,,-33.90239041597087
colosseum,22,dc_entropic_subtraction,0.472508430480957,2.81,,,d4-c1-n0.01-m22,4,1,0.01,22,,-33.90239041597087
colosseum,22,hickock,11.807607209995163,52.57,,,d4-c1-n0.01-m22,4,1,0.01,22,,-33.90239041597087
colosseum,22,frc_weighted_adaptive,-125.71058190168247,1.04,,,d4-c1-n0.01-m22,4,1,0.01,22,,-33.90239041597087
colosseum,22,frc_unweighted_knn,-6.083333333333333,0.34,,,d4-c1-n0.01-m22,4,1,0.01,22,,-33.90239041597087
colosseum,22,orc,-0.052556249485226,8.38,,,d4-c1-n0.01-m22,4,1,0.01,22,,-33.90239041597087
colosseum,22,spc_hop,192.6320514265136,66.59,,,d4-c1-n0.01-m22,4,1,0.01,22,,-33.90239041597087
colosseum,22,spc_diffusion_t5,-115.08085978885644,21.78,,,d4-c1-n0.01-m22,4,1,0.01,22,,-33.90239041597087
colosseum,22,laziness_knn_t5,-5.45090389251709,1.05,,,d4-c1-n0.01-m22,4,1,0.01,22,,-33.90239041597087
colosseum,22,laziness_adaptive_t5,-5.414466857910156,0.81,,,d4-c1-n0.01-m22,4,1,0.01,22,,-33.90239041597087
colosseum,22,successor_entropy,-1.9403585298480464,0.05,1010.3,,d4-c1-n0.01-m22,4,1,0.01,22,,-33.90239041597087
colosseum,22,successor_orc,0.9507465113518112,5.92,1010.3,,d4-c1-n0.01-m22,4,1,0.01,22,,-33.90239041597087
colosseum,23,dc2,-0.3729939460754394,13.18,,,d4-c1-n0.01-m23,4,1,0.01,23,,1.859704719540188
colosseum,23,dc_wasserstein_ollivier,-0.6182856559753418,3.85,,,d4-c1-n0.01-m23,4,1,0.01,23,,1.859704719540188
colosseum,23,dc_entropic_subtraction,0.2231454849243164,2.87,,,d4-c1-n0.01-m23,4,1,0.01,23,,1.859704719540188
colosseum,23,hickock,10.83244252889321,57.49,,,d4-c1-n0.01-m23,4,1,0.01,23,,1.859704719540188
colosseum,23,frc_weighted_adaptive,-55.04079294790855,0.98,,,d4-c1-n0.01-m23,4,1,0.01,23,,1.859704719540188
colosseum,23,frc_unweighted_knn,-10.647058823529411,0.33,,,d4-c1-n0.01-m23,4,1,0.01,23,,1.859704719540188
colosseum,23,orc,-0.1234953951846199,8.02,,,d4-c1-n0.01-m23,4,1,0.01,23,,1.859704719540188
colosseum,23,spc_hop,10.56172643354243,67.99,,,d4-c1-n0.01-m23,4,1,0.01,23,,1.859704719540188
colosseum,23,spc_diffusion_t5,-98.68389855192224,21.12,,,d4-c1-n0.01-m23,4,1,0.01,23,,1.859704719540188
colosseum,23,laziness_knn_t5,-5.526325225830078,0.73,,,d4-c1-n0.01-m23,4,1,0.01,23,,1.859704719540188
colosseum,23,laziness_adaptive_t5,-5.467318534851074,0.75,,,d4-c1-n0.01-m23,4,1,0.01,23,,1.859704719540188
colosseum,0,dc2,-0.2686610221862793,14.95,,,d4-c1-n0.05-m0,4,1,0.05,0,,-34.93469123649321
colosseum,0,dc_wasserstein_ollivier,-0.8892999887466431,4.95,,,d4-c1-n0.05-m0,4,1,0.05,0,,-34.93469123649321
colosseum,0,dc_entropic_subtraction,0.8559198379516602,3.34,,,d4-c1-n0.05-m0,4,1,0.05,0,,-34.93469123649321
colosseum,0,hickock,12.130087773351551,44.69,,,d4-c1-n0.05-m0,4,1,0.05,0,,-34.93469123649321
colosseum,0,frc_weighted_adaptive,-68.20809976476205,0.92,,,d4-c1-n0.05-m0,4,1,0.05,0,,-34.93469123649321
colosseum,0,frc_unweighted_knn,-8.7,0.29,,,d4-c1-n0.05-m0,4,1,0.05,0,,-34.93469123649321
colosseum,0,orc,-0.1949945351118897,6.72,,,d4-c1-n0.05-m0,4,1,0.05,0,,-34.93469123649321
colosseum,0,spc_hop,17.914605501007077,64.9,,,d4-c1-n0.05-m0,4,1,0.05,0,,-34.93469123649321
colosseum,0,spc_diffusion_t5,8.83999281226313,21.19,,,d4-c1-n0.05-m0,4,1,0.05,0,,-34.93469123649321
colosseum,0,laziness_knn_t5,-5.846696853637695,0.95,,,d4-c1-n0.05-m0,4,1,0.05,0,,-34.93469123649321
colosseum,0,laziness_adaptive_t5,-5.7594804763793945,0.75,,,d4-c1-n0.05-m0,4,1,0.05,0,,-34.93469123649321
colosseum,0,successor_entropy,-1.8970554091345209,0.06,1301.66,,d4-c1-n0.05-m0,4,1,0.05,0,,-34.93469123649321
colosseum,0,successor_orc,0.9528184231514814,5.51,1301.66,,d4-c1-n0.05-m0,4,1,0.05,0,,-34.93469123649321
colosseum,1,dc2,-0.3624019622802734,14.16,,,d4-c1-n0.05-m1,4,1,0.05,1,,-8.99225745287945
colosseum,1,dc_wasserstein_ollivier,-0.8162083625793457,4.09,,,d4-c1-n0.05-m1,4,1,0.05,1,,-8.99225745287945
colosseum,1,dc_entropic_subtraction,0.4776830673217773,3.36,,,d4-c1-n0.05-m1,4,1,0.05,1,,-8.99225745287945
colosseum,1,hickock,11.254733509086396,55.91,,,d4-c1-n0.05-m1,4,1,0.05,1,,-8.99225745287945
colosseum,1,frc_weighted_adaptive,-97.56624624769584,0.98,,,d4-c1-n0.05-m1,4,1,0.05,1,,-8.99225745287945
colosseum,1,frc_unweighted_knn,-10.76923076923077,0.32,,,d4-c1-n0.05-m1,4,1,0.05,1,,-8.99225745287945
colosseum,1,orc,-0.1669075981537817,7.66,,,d4-c1-n0.05-m1,4,1,0.05,1,,-8.99225745287945
colosseum,1,spc_hop,75.6455696501815,58.94,,,d4-c1-n0.05-m1,4,1,0.05,1,,-8.99225745287945
colosseum,1,spc_diffusion_t5,-25.13758286077533,22.33,,,d4-c1-n0.05-m1,4,1,0.05,1,,-8.99225745287945
colosseum,1,laziness_knn_t5,-5.731555938720703,0.76,,,d4-c1-n0.05-m1,4,1,0.05,1,,-8.99225745287945
colosseum,1,laziness_adaptive_t5,-5.686082363128662,0.77,,,d4-c1-n0.05-m1,4,1,0.05,1,,-8.99225745287945
colosseum,1,successor_entropy,-1.857540291657516,0.05,1026.85,,d4-c1-n0.05-m1,4,1,0.05,1,,-8.99225745287945
colosseum,1,successor_orc,0.95098249910765,5.49,1026.85,,d4-c1-n0.05-m1,4,1,0.05,1,,-8.99225745287945
colosseum,2,dc2,-0.6235928535461426,14.37,,,d4-c1-n0.05-m2,4,1,0.05,2,,-16.370073005718787
colosseum,2,dc_wasserstein_ollivier,-0.8373162746429443,3.88,,,d4-c1-n0.05-m2,4,1,0.05,2,,-16.370073005718787
colosseum,2,dc_entropic_subtraction,0.3523449897766113,3.25,,,d4-c1-n0.05-m2,4,1,0.05,2,,-16.370073005718787
colosseum,2,hickock,10.901119208924754,55.54,,,d4-c1-n0.05-m2,4,1,0.05,2,,-16.370073005718787
colosseum,2,frc_weighted_adaptive,-36.519076551349215,0.94,,,d4-c1-n0.05-m2,4,1,0.05,2,,-16.370073005718787
colosseum,2,frc_unweighted_knn,-6.466666666666667,0.29,,,d4-c1-n0.05-m2,4,1,0.05,2,,-16.370073005718787
colosseum,2,orc,-0.0628609373832967,7.27,,,d4-c1-n0.05-m2,4,1,0.05,2,,-16.370073005718787
colosseum,2,spc_hop,44.2364865975578,67.55,,,d4-c1-n0.05-m2,4,1,0.05,2,,-16.370073005718787
colosseum,2,spc_diffusion_t5,-229.89750011900924,21.72,,,d4-c1-n0.05-m2,4,1,0.05,2,,-16.370073005718787
colosseum,2,laziness_knn_t5,-5.557800769805908,0.78,,,d4-c1-n0.05-m2,4,1,0.05,2,,-16.370073005718787
colosseum,2,laziness_adaptive_t5,-5.454813957214356,0.79,,,d4-c1-n0.05-m2,4,1,0.05,2,,-16.370073005718787
colosseum,2,successor_entropy,-1.989548341225212,0.06,1003.03,,d4-c1-n0.05-m2,4,1,0.05,2,,-16.370073005718787
colosseum,2,successor_orc,0.9507785367770276,6.98,1003.03,,d4-c1-n0.05-m2,4,1,0.05,2,,-16.370073005718787
colosseum,3,dc2,-0.1062493324279785,13.99,,,d4-c1-n0.05-m3,4,1,0.05,3,,-26.362704030234315
colosseum,3,dc_wasserstein_ollivier,-0.9678492546081544,3.93,,,d4-c1-n0.05-m3,4,1,0.05,3,,-26.362704030234315
colosseum,3,dc_entropic_subtraction,0.4246673583984375,3.31,,,d4-c1-n0.05-m3,4,1,0.05,3,,-26.362704030234315
colosseum,3,hickock,11.547942539728894,56.34,,,d4-c1-n0.05-m3,4,1,0.05,3,,-26.362704030234315
colosseum,3,frc_weighted_adaptive,-131.88672138939648,0.97,,,d4-c1-n0.05-m3,4,1,0.05,3,,-26.362704030234315
colosseum,3,frc_unweighted_knn,-9.4,0.32,,,d4-c1-n0.05-m3,4,1,0.05,3,,-26.362704030234315
colosseum,3,orc,-0.2724106885177124,7.96,,,d4-c1-n0.05-m3,4,1,0.05,3,,-26.362704030234315
colosseum,3,spc_hop,166.09753236032017,68.61,,,d4-c1-n0.05-m3,4,1,0.05,3,,-26.362704030234315
colosseum,3,spc_diffusion_t5,-132.72330343978336,21.1,,,d4-c1-n0.05-m3,4,1,0.05,3,,-26.362704030234315
colosseum,3,laziness_knn_t5,-5.925634384155273,0.76,,,d4-c1-n0.05-m3,4,1,0.05,3,,-26.362704030234315
colosseum,3,laziness_adaptive_t5,-5.819845199584961,0.72,,,d4-c1-n0.05-m3,4,1,0.05,3,,-26.362704030234315
colosseum,3,successor_entropy,-1.925543407455785,0.05,964.31,,d4-c1-n0.05-m3,4,1,0.05,3,,-26.362704030234315
colosseum,3,successor_orc,0.9528804817230908,6.5,964.31,,d4-c1-n0.05-m3,4,1,0.05,3,,-26.362704030234315
colosseum,4,dc2,-0.3387899398803711,14.37,,,d4-c1-n0.05-m4,4,1,0.05,4,,-67.7370068694792
colosseum,4,dc_wasserstein_ollivier,-1.016037940979004,3.92,,,d4-c1-n0.05-m4,4,1,0.05,4,,-67.7370068694792
colosseum,4,dc_entropic_subtraction,0.6865544319152832,2.82,,,d4-c1-n0.05-m4,4,1,0.05,4,,-67.7370068694792
colosseum,4,hickock,11.80281048713071,56.21,,,d4-c1-n0.05-m4,4,1,0.05,4,,-67.7370068694792
colosseum,4,frc_weighted_adaptive,-86.84586490005893,1.28,,,d4-c1-n0.05-m4,4,1,0.05,4,,-67.7370068694792
colosseum,4,frc_unweighted_knn,-7.923076923076923,0.3,,,d4-c1-n0.05-m4,4,1,0.05,4,,-67.7370068694792
colosseum,4,orc,-0.1144498668824022,7.42,,,d4-c1-n0.05-m4,4,1,0.05,4,,-67.7370068694792
colosseum,4,spc_hop,154.48913226350763,68.81,,,d4-c1-n0.05-m4,4,1,0.05,4,,-67.7370068694792
colosseum,4,spc_diffusion_t5,-95.9023264041656,22.35,,,d4-c1-n0.05-m4,4,1,0.05,4,,-67.7370068694792
colosseum,4,laziness_knn_t5,-5.695634365081787,0.76,,,d4-c1-n0.05-m4,4,1,0.05,4,,-67.7370068694792
colosseum,4,laziness_adaptive_t5,-5.616848468780518,0.75,,,d4-c1-n0.05-m4,4,1,0.05,4,,-67.7370068694792
colosseum,4,successor_entropy,-2.114631066031754,0.06,1005.22,,d4-c1-n0.05-m4,4,1,0.05,4,,-67.7370068694792
colosseum,4,successor_orc,0.95260592727167,5.76,1005.22,,d4-c1-n0.05-m4,4,1,0.05,4,,-67.7370068694792
colosseum,5,dc2,-0.3738851547241211,14.17,,,d4-c1-n0.05-m5,4,1,0.05,5,,3.880995299238826
colosseum,5,dc_wasserstein_ollivier,-0.7694844007492065,3.94,,,d4-c1-n0.05-m5,4,1,0.05,5,,3.880995299238826
colosseum,5,dc_entropic_subtraction,0.5354819297790527,2.97,,,d4-c1-n0.05-m5,4,1,0.05,5,,3.880995299238826
colosseum,5,hickock,11.607956619540438,55.63,,,d4-c1-n0.05-m5,4,1,0.05,5,,3.880995299238826
colosseum,5,frc_weighted_adaptive,-124.39631181482076,1.27,,,d4-c1-n0.05-m5,4,1,0.05,5,,3.880995299238826
colosseum,5,frc_unweighted_knn,-9.636363636363637,0.31,,,d4-c1-n0.05-m5,4,1,0.05,5,,3.880995299238826
colosseum,5,orc,-0.2239715563962366,8.12,,,d4-c1-n0.05-m5,4,1,0.05,5,,3.880995299238826
colosseum,5,spc_hop,-2035.239724769217,68.28,,,d4-c1-n0.05-m5,4,1,0.05,5,,3.880995299238826
colosseum,5,spc_diffusion_t5,-41.4396588256319,22.12,,,d4-c1-n0.05-m5,4,1,0.05,5,,3.880995299238826
colosseum,5,laziness_knn_t5,-5.800454139709473,0.76,,,d4-c1-n0.05-m5,4,1,0.05,5,,3.880995299238826
colosseum,5,laziness_adaptive_t5,-5.724926948547363,0.77,,,d4-c1-n0.05-m5,4,1,0.05,5,,3.880995299238826
colosseum,5,successor_entropy,-1.8820100907189767,0.06,1045.61,,d4-c1-n0.05-m5,4,1,0.05,5,,3.880995299238826
colosseum,5,successor_orc,0.9539283976032324,5.4,1045.61,,d4-c1-n0.05-m5,4,1,0.05,5,,3.880995299238826
colosseum,6,dc2,-0.5911569595336914,14.28,,,d4-c1-n0.05-m6,4,1,0.05,6,,-26.12680525499724
colosseum,6,dc_wasserstein_ollivier,-0.8869054317474365,3.97,,,d4-c1-n0.05-m6,4,1,0.05,6,,-26.12680525499724
colosseum,6,dc_entropic_subtraction,0.6064071655273438,3.11,,,d4-c1-n0.05-m6,4,1,0.05,6,,-26.12680525499724
colosseum,6,hickock,11.75161681782906,57.71,,,d4-c1-n0.05-m6,4,1,0.05,6,,-26.12680525499724
colosseum,6,frc_weighted_adaptive,-56.60954010178916,1.02,,,d4-c1-n0.05-m6,4,1,0.05,6,,-26.12680525499724
colosseum,6,frc_unweighted_knn,-8.0,0.65,,,d4-c1-n0.05-m6,4,1,0.05,6,,-26.12680525499724
colosseum,6,orc,-0.2315523384862734,7.67,,,d4-c1-n0.05-m6,4,1,0.05,6,,-26.12680525499724
colosseum,6,spc_hop,96.16027518258018,60.03,,,d4-c1-n0.05-m6,4,1,0.05,6,,-26.12680525499724
colosseum,6,spc_diffusion_t5,-192.19203411435436,21.78,,,d4-c1-n0.05-m6,4,1,0.05,6,,-26.12680525499724
colosseum,6,laziness_knn_t5,-5.934457302093506,0.75,,,d4-c1-n0.05-m6,4,1,0.05,6,,-26.12680525499724
colosseum,6,laziness_adaptive_t5,-5.852102279663086,0.76,,,d4-c1-n0.05-m6,4,1,0.05,6,,-26.12680525499724
colosseum,6,successor_entropy,-1.9334185806860529,0.06,1146.87,,d4-c1-n0.05-m6,4,1,0.05,6,,-26.12680525499724
colosseum,6,successor_orc,0.949552565492578,6.42,1146.87,,d4-c1-n0.05-m6,4,1,0.05,6,,-26.12680525499724
colosseum,7,dc2,-0.1231207847595214,14.4,,,d4-c1-n0.05-m7,4,1,0.05,7,,-6.747280489614742
colosseum,7,dc_wasserstein_ollivier,-0.845770001411438,3.69,,,d4-c1-n0.05-m7,4,1,0.05,7,,-6.747280489614742
colosseum,7,dc_entropic_subtraction,0.6180934906005859,2.91,,,d4-c1-n0.05-m7,4,1,0.05,7,,-6.747280489614742
colosseum,7,hickock,11.86651962369909,56.35,,,d4-c1-n0.05-m7,4,1,0.05,7,,-6.747280489614742
colosseum,7,frc_weighted_adaptive,-84.46685997880479,1.02,,,d4-c1-n0.05-m7,4,1,0.05,7,,-6.747280489614742
colosseum,7,frc_unweighted_knn,-5.0,0.31,,,d4-c1-n0.05-m7,4,1,0.05,7,,-6.747280489614742
colosseum,7,orc,0.0239478903659639,8.12,,,d4-c1-n0.05-m7,4,1,0.05,7,,-6.747280489614742
colosseum,7,spc_hop,-280.0499732478424,60.1,,,d4-c1-n0.05-m7,4,1,0.05,7,,-6.747280489614742
colosseum,7,spc_diffusion_t5,-219.75345761276049,22.14,,,d4-c1-n0.05-m7,4,1,0.05,7,,-6.747280489614742
colosseum,7,laziness_knn_t5,-5.134541034698486,0.79,,,d4-c1-n0.05-m7,4,1,0.05,7,,-6.747280489614742
colosseum,7,laziness_adaptive_t5,-5.127041816711426,0.72,,,d4-c1-n0.05-m7,4,1,0.05,7,,-6.747280489614742
colosseum,7,successor_entropy,-1.860274480256873,0.05,999.81,,d4-c1-n0.05-m7,4,1,0.05,7,,-6.747280489614742
colosseum,7,successor_orc,0.9504274796551816,6.44,999.81,,d4-c1-n0.05-m7,4,1,0.05,7,,-6.747280489614742
colosseum,8,dc2,-0.1334242820739746,13.77,,,d4-c1-n0.05-m8,4,1,0.05,8,,14.880627646399768
colosseum,8,dc_wasserstein_ollivier,-0.5874828100204468,3.65,,,d4-c1-n0.05-m8,4,1,0.05,8,,14.880627646399768
colosseum,8,dc_entropic_subtraction,0.6559953689575195,2.84,,,d4-c1-n0.05-m8,4,1,0.05,8,,14.880627646399768
colosseum,8,hickock,11.756135941607988,57.32,,,d4-c1-n0.05-m8,4,1,0.05,8,,14.880627646399768
colosseum,8,frc_weighted_adaptive,-64.92743980413718,0.95,,,d4-c1-n0.05-m8,4,1,0.05,8,,14.880627646399768
colosseum,8,frc_unweighted_knn,-7.3,0.32,,,d4-c1-n0.05-m8,4,1,0.05,8,,14.880627646399768
colosseum,8,orc,-0.1818384058184744,7.95,,,d4-c1-n0.05-m8,4,1,0.05,8,,14.880627646399768
colosseum,8,spc_hop,55.52810905584585,59.24,,,d4-c1-n0.05-m8,4,1,0.05,8,,14.880627646399768
colosseum,8,spc_diffusion_t5,6.135366066780138,22.86,,,d4-c1-n0.05-m8,4,1,0.05,8,,14.880627646399768
colosseum,8,laziness_knn_t5,-5.567739009857178,0.78,,,d4-c1-n0.05-m8,4,1,0.05,8,,14.880627646399768
colosseum,8,laziness_adaptive_t5,-5.49211311340332,0.77,,,d4-c1-n0.05-m8,4,1,0.05,8,,14.880627646399768
colosseum,8,successor_entropy,-1.8391446484991816,0.05,1019.13,,d4-c1-n0.05-m8,4,1,0.05,8,,14.880627646399768
colosseum,8,successor_orc,0.950104319076003,8.41,1019.13,,d4-c1-n0.05-m8,4,1,0.05,8,,14.880627646399768
colosseum,9,dc2,-0.876373291015625,14.44,,,d4-c1-n0.05-m9,4,1,0.05,9,,-6.097524658163869
colosseum,9,dc_wasserstein_ollivier,-0.777550220489502,3.9,,,d4-c1-n0.05-m9,4,1,0.05,9,,-6.097524658163869
colosseum,9,dc_entropic_subtraction,0.2993531227111816,3.08,,,d4-c1-n0.05-m9,4,1,0.05,9,,-6.097524658163869
colosseum,9,hickock,11.34675279842348,57.26,,,d4-c1-n0.05-m9,4,1,0.05,9,,-6.097524658163869
colosseum,9,frc_weighted_adaptive,-35.61474515536836,0.92,,,d4-c1-n0.05-m9,4,1,0.05,9,,-6.097524658163869
colosseum,9,frc_unweighted_knn,-8.25,0.29,,,d4-c1-n0.05-m9,4,1,0.05,9,,-6.097524658163869
colosseum,9,orc,-0.0759051269231744,8.09,,,d4-c1-n0.05-m9,4,1,0.05,9,,-6.097524658163869
colosseum,9,spc_hop,-113.50375604904032,58.88,,,d4-c1-n0.05-m9,4,1,0.05,9,,-6.097524658163869
colosseum,9,spc_diffusion_t5,2.2613067704334,21.14,,,d4-c1-n0.05-m9,4,1,0.05,9,,-6.097524658163869
colosseum,9,laziness_knn_t5,-5.298189163208008,0.72,,,d4-c1-n0.05-m9,4,1,0.05,9,,-6.097524658163869
colosseum,9,laziness_adaptive_t5,-5.2363128662109375,0.75,,,d4-c1-n0.05-m9,4,1,0.05,9,,-6.097524658163869
colosseum,9,successor_entropy,-1.8745455952665455,0.05,993.34,,d4-c1-n0.05-m9,4,1,0.05,9,,-6.097524658163869
colosseum,9,successor_orc,0.9497655536118896,5.54,993.34,,d4-c1-n0.05-m9,4,1,0.05,9,,-6.097524658163869
colosseum,10,dc2,-0.4687857627868652,14.91,,,d4-c1-n0.05-m10,4,1,0.05,10,,-61.30657956246221
colosseum,10,dc_wasserstein_ollivier,-0.9464672803878784,3.94,,,d4-c1-n0.05-m10,4,1,0.05,10,,-61.30657956246221
colosseum,10,dc_entropic_subtraction,0.79827880859375,2.97,,,d4-c1-n0.05-m10,4,1,0.05,10,,-61.30657956246221
colosseum,10,hickock,12.190526147070043,56.67,,,d4-c1-n0.05-m10,4,1,0.05,10,,-61.30657956246221
colosseum,10,frc_weighted_adaptive,-57.469294244201535,0.94,,,d4-c1-n0.05-m10,4,1,0.05,10,,-61.30657956246221
colosseum,10,frc_unweighted_knn,-12.363636363636363,0.31,,,d4-c1-n0.05-m10,4,1,0.05,10,,-61.30657956246221
colosseum,10,orc,-0.2491327541181326,7.88,,,d4-c1-n0.05-m10,4,1,0.05,10,,-61.30657956246221
colosseum,10,spc_hop,7.900543291510356,68.09,,,d4-c1-n0.05-m10,4,1,0.05,10,,-61.30657956246221
colosseum,10,spc_diffusion_t5,531.044630944384,21.95,,,d4-c1-n0.05-m10,4,1,0.05,10,,-61.30657956246221
colosseum,10,laziness_knn_t5,-6.014278411865234,0.88,,,d4-c1-n0.05-m10,4,1,0.05,10,,-61.30657956246221
colosseum,10,laziness_adaptive_t5,-5.991706848144531,0.76,,,d4-c1-n0.05-m10,4,1,0.05,10,,-61.30657956246221
colosseum,10,successor_entropy,-1.937887691237964,0.06,1012.52,,d4-c1-n0.05-m10,4,1,0.05,10,,-61.30657956246221
colosseum,10,successor_orc,0.9502949085837478,7.42,1012.52,,d4-c1-n0.05-m10,4,1,0.05,10,,-61.30657956246221
colosseum,11,dc2,-0.2717270851135254,13.92,,,d4-c1-n0.05-m11,4,1,0.05,11,,-26.3386708903674
colosseum,11,dc_wasserstein_ollivier,-0.9470834732055664,3.89,,,d4-c1-n0.05-m11,4,1,0.05,11,,-26.3386708903674
colosseum,11,dc_entropic_subtraction,0.4470157623291015,3.05,,,d4-c1-n0.05-m11,4,1,0.05,11,,-26.3386708903674
colosseum,11,hickock,11.448930550667916,54.65,,,d4-c1-n0.05-m11,4,1,0.05,11,,-26.3386708903674
colosseum,11,frc_weighted_adaptive,-57.45702292280494,0.96,,,d4-c1-n0.05-m11,4,1,0.05,11,,-26.3386708903674
colosseum,11,frc_unweighted_knn,-10.583333333333334,0.31,,,d4-c1-n0.05-m11,4,1,0.05,11,,-26.3386708903674
colosseum,11,orc,-0.135702157263516,8.37,,,d4-c1-n0.05-m11,4,1,0.05,11,,-26.3386708903674
colosseum,11,spc_hop,163.36332922050104,59.79,,,d4-c1-n0.05-m11,4,1,0.05,11,,-26.3386708903674
colosseum,11,spc_diffusion_t5,-86.01101053589878,22.01,,,d4-c1-n0.05-m11,4,1,0.05,11,,-26.3386708903674
colosseum,11,laziness_knn_t5,-5.729893684387207,0.75,,,d4-c1-n0.05-m11,4,1,0.05,11,,-26.3386708903674
colosseum,11,laziness_adaptive_t5,-5.628409385681152,0.75,,,d4-c1-n0.05-m11,4,1,0.05,11,,-26.3386708903674
colosseum,11,successor_entropy,-1.8998426087598008,0.06,1007.05,,d4-c1-n0.05-m11,4,1,0.05,11,,-26.3386708903674
colosseum,11,successor_orc,0.9502205580204716,5.92,1007.05,,d4-c1-n0.05-m11,4,1,0.05,11,,-26.3386708903674
colosseum,12,dc2,-0.6204771995544434,14.02,,,d4-c1-n0.05-m12,4,1,0.05,12,,-23.26451510431605
colosseum,12,dc_wasserstein_ollivier,-0.948047399520874,3.77,,,d4-c1-n0.05-m12,4,1,0.05,12,,-23.26451510431605
colosseum,12,dc_entropic_subtraction,0.4200201034545898,2.9,,,d4-c1-n0.05-m12,4,1,0.05,12,,-23.26451510431605
colosseum,12,hickock,11.161815748790303,58.51,,,d4-c1-n0.05-m12,4,1,0.05,12,,-23.26451510431605
colosseum,12,frc_weighted_adaptive,-107.8474642041661,0.96,,,d4-c1-n0.05-m12,4,1,0.05,12,,-23.26451510431605
colosseum,12,frc_unweighted_knn,-7.214285714285714,0.3,,,d4-c1-n0.05-m12,4,1,0.05,12,,-23.26451510431605
colosseum,12,orc,-0.0845602253165426,8.45,,,d4-c1-n0.05-m12,4,1,0.05,12,,-23.26451510431605
colosseum,12,spc_hop,49.688602294609936,67.61,,,d4-c1-n0.05-m12,4,1,0.05,12,,-23.26451510431605
colosseum,12,spc_diffusion_t5,-2.02321260095432,21.85,,,d4-c1-n0.05-m12,4,1,0.05,12,,-23.26451510431605
colosseum,12,laziness_knn_t5,-5.433919429779053,0.74,,,d4-c1-n0.05-m12,4,1,0.05,12,,-23.26451510431605
colosseum,12,laziness_adaptive_t5,-5.349003314971924,0.76,,,d4-c1-n0.05-m12,4,1,0.05,12,,-23.26451510431605
colosseum,12,successor_entropy,-1.9659224100336432,0.05,1014.01,,d4-c1-n0.05-m12,4,1,0.05,12,,-23.26451510431605
colosseum,12,successor_orc,0.9499557483942108,8.1,1014.01,,d4-c1-n0.05-m12,4,1,0.05,12,,-23.26451510431605
colosseum,13,dc2,0.008610725402832,13.69,,,d4-c1-n0.05-m13,4,1,0.05,13,,-5.311886169511158
colosseum,13,dc_wasserstein_ollivier,-0.8953765630722046,3.73,,,d4-c1-n0.05-m13,4,1,0.05,13,,-5.311886169511158
colosseum,13,dc_entropic_subtraction,0.4506111145019531,3.0,,,d4-c1-n0.05-m13,4,1,0.05,13,,-5.311886169511158
colosseum,13,hickock,11.73458675552198,54.21,,,d4-c1-n0.05-m13,4,1,0.05,13,,-5.311886169511158
colosseum,13,frc_weighted_adaptive,-33.55907270143881,0.97,,,d4-c1-n0.05-m13,4,1,0.05,13,,-5.311886169511158
colosseum,13,frc_unweighted_knn,-11.4,0.3,,,d4-c1-n0.05-m13,4,1,0.05,13,,-5.311886169511158
colosseum,13,orc,-0.2550907863709247,7.98,,,d4-c1-n0.05-m13,4,1,0.05,13,,-5.311886169511158
colosseum,13,spc_hop,361.05945862433566,60.33,,,d4-c1-n0.05-m13,4,1,0.05,13,,-5.311886169511158
colosseum,13,spc_diffusion_t5,221.4313260888859,22.16,,,d4-c1-n0.05-m13,4,1,0.05,13,,-5.311886169511158
colosseum,13,laziness_knn_t5,-6.012285232543945,0.8,,,d4-c1-n0.05-m13,4,1,0.05,13,,-5.311886169511158
colosseum,13,laziness_adaptive_t5,-5.970010757446289,0.71,,,d4-c1-n0.05-m13,4,1,0.05,13,,-5.311886169511158
colosseum,13,successor_entropy,-1.753559979132687,0.05,1007.95,,d4-c1-n0.05-m13,4,1,0.05,13,,-5.311886169511158
colosseum,13,successor_orc,0.9509699445960632,5.03,1007.95,,d4-c1-n0.05-m13,4,1,0.05,13,,-5.311886169511158
colosseum,14,dc2,-0.3198928833007812,14.1,,,d4-c1-n0.05-m14,4,1,0.05,14,,-12.685196028860451
colosseum,14,dc_wasserstein_ollivier,-0.8350434303283691,3.76,,,d4-c1-n0.05-m14,4,1,0.05,14,,-12.685196028860451
colosseum,14,dc_entropic_subtraction,0.3895959854125976,2.77,,,d4-c1-n0.05-m14,4,1,0.05,14,,-12.685196028860451
colosseum,14,hickock,11.47224507930861,57.89,,,d4-c1-n0.05-m14,4,1,0.05,14,,-12.685196028860451
colosseum,14,frc_weighted_adaptive,-73.59963172562247,1.0,,,d4-c1-n0.05-m14,4,1,0.05,14,,-12.685196028860451
colosseum,14,frc_unweighted_knn,-8.0,0.31,,,d4-c1-n0.05-m14,4,1,0.05,14,,-12.685196028860451
colosseum,14,orc,-0.1652025006830082,8.63,,,d4-c1-n0.05-m14,4,1,0.05,14,,-12.685196028860451
colosseum,14,spc_hop,303.7477404756139,57.77,,,d4-c1-n0.05-m14,4,1,0.05,14,,-12.685196028860451
colosseum,14,spc_diffusion_t5,-70.85887542718406,21.52,,,d4-c1-n0.05-m14,4,1,0.05,14,,-12.685196028860451
colosseum,14,laziness_knn_t5,-5.707402229309082,0.79,,,d4-c1-n0.05-m14,4,1,0.05,14,,-12.685196028860451
colosseum,14,laziness_adaptive_t5,-5.68514347076416,0.73,,,d4-c1-n0.05-m14,4,1,0.05,14,,-12.685196028860451
colosseum,14,successor_entropy,-1.8713479745102424,0.06,988.85,,d4-c1-n0.05-m14,4,1,0.05,14,,-12.685196028860451
colosseum,14,successor_orc,0.951205824706919,5.43,988.85,,d4-c1-n0.05-m14,4,1,0.05,14,,-12.685196028860451
colosseum,15,dc2,-1.0326333045959473,14.12,,,d4-c1-n0.05-m15,4,1,0.05,15,,6.396997913872862
colosseum,15,dc_wasserstein_ollivier,-0.5975782871246338,3.78,,,d4-c1-n0.05-m15,4,1,0.05,15,,6.396997913872862
colosseum,15,dc_entropic_subtraction,0.4073572158813476,2.91,,,d4-c1-n0.05-m15,4,1,0.05,15,,6.396997913872862
colosseum,15,hickock,10.90168174535151,56.03,,,d4-c1-n0.05-m15,4,1,0.05,15,,6.396997913872862
colosseum,15,frc_weighted_adaptive,-91.0386245675162,0.96,,,d4-c1-n0.05-m15,4,1,0.05,15,,6.396997913872862
colosseum,15,frc_unweighted_knn,-10.764705882352942,0.3,,,d4-c1-n0.05-m15,4,1,0.05,15,,6.396997913872862
colosseum,15,orc,-0.1470155533961996,8.18,,,d4-c1-n0.05-m15,4,1,0.05,15,,6.396997913872862
colosseum,15,spc_hop,-264.8699231531585,68.18,,,d4-c1-n0.05-m15,4,1,0.05,15,,6.396997913872862
colosseum,15,spc_diffusion_t5,-145.8171554215929,21.71,,,d4-c1-n0.05-m15,4,1,0.05,15,,6.396997913872862
colosseum,15,laziness_knn_t5,-5.5115180015563965,0.78,,,d4-c1-n0.05-m15,4,1,0.05,15,,6.396997913872862
colosseum,15,laziness_adaptive_t5,-5.473329544067383,0.74,,,d4-c1-n0.05-m15,4,1,0.05,15,,6.396997913872862
colosseum,15,successor_entropy,-1.7815205543972552,0.06,1006.41,,d4-c1-n0.05-m15,4,1,0.05,15,,6.396997913872862
colosseum,15,successor_orc,0.9520680946414736,5.26,1006.41,,d4-c1-n0.05-m15,4,1,0.05,15,,6.396997913872862
colosseum,16,dc2,-0.0969476699829101,14.14,,,d4-c1-n0.05-m16,4,1,0.05,16,,-19.88422657836791
colosseum,16,dc_wasserstein_ollivier,-0.957001566886902,3.86,,,d4-c1-n0.05-m16,4,1,0.05,16,,-19.88422657836791
colosseum,16,dc_entropic_subtraction,0.5016984939575195,2.83,,,d4-c1-n0.05-m16,4,1,0.05,16,,-19.88422657836791
colosseum,16,hickock,11.953850134106144,56.62,,,d4-c1-n0.05-m16,4,1,0.05,16,,-19.88422657836791
colosseum,16,frc_weighted_adaptive,-54.52993386047464,1.05,,,d4-c1-n0.05-m16,4,1,0.05,16,,-19.88422657836791
colosseum,16,frc_unweighted_knn,-9.2,0.32,,,d4-c1-n0.05-m16,4,1,0.05,16,,-19.88422657836791
colosseum,16,orc,-0.1874799610861327,8.29,,,d4-c1-n0.05-m16,4,1,0.05,16,,-19.88422657836791
colosseum,16,spc_hop,-229.94190018626588,59.84,,,d4-c1-n0.05-m16,4,1,0.05,16,,-19.88422657836791
colosseum,16,spc_diffusion_t5,-34.463784053663296,21.94,,,d4-c1-n0.05-m16,4,1,0.05,16,,-19.88422657836791
colosseum,16,laziness_knn_t5,-5.8243408203125,0.8,,,d4-c1-n0.05-m16,4,1,0.05,16,,-19.88422657836791
colosseum,16,laziness_adaptive_t5,-5.772500038146973,0.78,,,d4-c1-n0.05-m16,4,1,0.05,16,,-19.88422657836791
colosseum,16,successor_entropy,-1.790828945080439,0.04,923.55,,d4-c1-n0.05-m16,4,1,0.05,16,,-19.88422657836791
colosseum,16,successor_orc,0.954495717801419,5.4,923.55,,d4-c1-n0.05-m16,4,1,0.05,16,,-19.88422657836791
colosseum,17,dc2,-0.2825098037719726,12.83,,,d4-c1-n0.05-m17,4,1,0.05,17,,-14.722503019457848
colosseum,17,dc_wasserstein_ollivier,-0.7729274034500122,3.63,,,d4-c1-n0.05-m17,4,1,0.05,17,,-14.722503019457848
colosseum,17,dc_entropic_subtraction,0.612586498260498,2.72,,,d4-c1-n0.05-m17,4,1,0.05,17,,-14.722503019457848
colosseum,17,hickock,11.904456458097584,52.01,,,d4-c1-n0.05-m17,4,1,0.05,17,,-14.722503019457848
colosseum,17,frc_weighted_adaptive,-56.67829276792246,0.93,,,d4-c1-n0.05-m17,4,1,0.05,17,,-14.722503019457848
colosseum,17,frc_unweighted_knn,-0.4615384615384615,0.29,,,d4-c1-n0.05-m17,4,1,0.05,17,,-14.722503019457848
colosseum,17,orc,0.0618311226212599,8.12,,,d4-c1-n0.05-m17,4,1,0.05,17,,-14.722503019457848
colosseum,17,spc_hop,283.284467851576,56.03,,,d4-c1-n0.05-m17,4,1,0.05,17,,-14.722503019457848
colosseum,17,spc_diffusion_t5,32.175086143608844,19.63,,,d4-c1-n0.05-m17,4,1,0.05,17,,-14.722503019457848
colosseum,17,laziness_knn_t5,-4.705435752868652,0.68,,,d4-c1-n0.05-m17,4,1,0.05,17,,-14.722503019457848
colosseum,17,laziness_adaptive_t5,-4.650911808013916,0.68,,,d4-c1-n0.05-m17,4,1,0.05,17,,-14.722503019457848
colosseum,17,successor_entropy,-1.8537190019159264,0.05,935.18,,d4-c1-n0.05-m17,4,1,0.05,17,,-14.722503019457848
colosseum,17,successor_orc,0.9515240638941056,5.11,935.18,,d4-c1-n0.05-m17,4,1,0.05,17,,-14.722503019457848
colosseum,18,dc2,-0.100677490234375,13.44,,,d4-c1-n0.05-m18,4,1,0.05,18,,-40.26613225126685
colosseum,18,dc_wasserstein_ollivier,-1.0312299728393557,3.81,,,d4-c1-n0.05-m18,4,1,0.05,18,,-40.26613225126685
colosseum,18,dc_entropic_subtraction,0.3809795379638672,2.88,,,d4-c1-n0.05-m18,4,1,0.05,18,,-40.26613225126685
colosseum,18,hickock,11.459972022550518,52.58,,,d4-c1-n0.05-m18,4,1,0.05,18,,-40.26613225126685
colosseum,18,frc_weighted_adaptive,-36.55163242817564,0.93,,,d4-c1-n0.05-m18,4,1,0.05,18,,-40.26613225126685
colosseum,18,frc_unweighted_knn,-5.0,0.29,,,d4-c1-n0.05-m18,4,1,0.05,18,,-40.26613225126685
colosseum,18,orc,-0.0694637241519342,7.78,,,d4-c1-n0.05-m18,4,1,0.05,18,,-40.26613225126685
colosseum,18,spc_hop,-199.53248777472405,57.54,,,d4-c1-n0.05-m18,4,1,0.05,18,,-40.26613225126685
colosseum,18,spc_diffusion_t5,-30.9086017547724,19.87,,,d4-c1-n0.05-m18,4,1,0.05,18,,-40.26613225126685
colosseum,18,laziness_knn_t5,-5.476302623748779,0.73,,,d4-c1-n0.05-m18,4,1,0.05,18,,-40.26613225126685
colosseum,18,laziness_adaptive_t5,-5.384853363037109,0.87,,,d4-c1-n0.05-m18,4,1,0.05,18,,-40.26613225126685
colosseum,18,successor_entropy,-2.017629811620961,0.05,957.2,,d4-c1-n0.05-m18,4,1,0.05,18,,-40.26613225126685
colosseum,18,successor_orc,0.9511428154902674,5.14,957.2,,d4-c1-n0.05-m18,4,1,0.05,18,,-40.26613225126685
colosseum,19,dc2,-0.459348201751709,14.27,,,d4-c1-n0.05-m19,4,1,0.05,19,,-31.99713752806265
colosseum,19,dc_wasserstein_ollivier,-0.9762353897094728,3.77,,,d4-c1-n0.05-m19,4,1,0.05,19,,-31.99713752806265
colosseum,19,dc_entropic_subtraction,0.520751953125,2.98,,,d4-c1-n0.05-m19,4,1,0.05,19,,-31.99713752806265
colosseum,19,hickock,11.459715162120888,55.34,,,d4-c1-n0.05-m19,4,1,0.05,19,,-31.99713752806265
colosseum,19,frc_weighted_adaptive,-39.77899812380523,1.08,,,d4-c1-n0.05-m19,4,1,0.05,19,,-31.99713752806265
colosseum,19,frc_unweighted_knn,-6.416666666666667,0.37,,,d4-c1-n0.05-m19,4,1,0.05,19,,-31.99713752806265
colosseum,19,orc,-0.0761361798620887,8.17,,,d4-c1-n0.05-m19,4,1,0.05,19,,-31.99713752806265
colosseum,19,spc_hop,-563.8671111328254,72.47,,,d4-c1-n0.05-m19,4,1,0.05,19,,-31.99713752806265
colosseum,19,spc_diffusion_t5,56.95596915144627,24.55,,,d4-c1-n0.05-m19,4,1,0.05,19,,-31.99713752806265
colosseum,19,laziness_knn_t5,-5.558378219604492,0.81,,,d4-c1-n0.05-m19,4,1,0.05,19,,-31.99713752806265
colosseum,19,laziness_adaptive_t5,-5.496942520141602,0.82,,,d4-c1-n0.05-m19,4,1,0.05,19,,-31.99713752806265
colosseum,19,successor_entropy,-1.936504323359579,0.04,975.86,,d4-c1-n0.05-m19,4,1,0.05,19,,-31.99713752806265
colosseum,19,successor_orc,0.9514354879455303,5.13,975.86,,d4-c1-n0.05-m19,4,1,0.05,19,,-31.99713752806265
colosseum,20,dc2,-0.6175484657287598,13.72,,,d4-c1-n0.05-m20,4,1,0.05,20,,-31.581034850508647
colosseum,20,dc_wasserstein_ollivier,-0.9272540807724,3.79,,,d4-c1-n0.05-m20,4,1,0.05,20,,-31.581034850508647
colosseum,20,dc_entropic_subtraction,0.5655951499938965,2.78,,,d4-c1-n0.05-m20,4,1,0.05,20,,-31.581034850508647
colosseum,20,hickock,11.752103756998212,55.7,,,d4-c1-n0.05-m20,4,1,0.05,20,,-31.581034850508647
colosseum,20,frc_weighted_adaptive,-66.15205960994848,1.0,,,d4-c1-n0.05-m20,4,1,0.05,20,,-31.581034850508647
colosseum,20,frc_unweighted_knn,-8.538461538461538,0.34,,,d4-c1-n0.05-m20,4,1,0.05,20,,-31.581034850508647
colosseum,20,orc,-0.1323797570585784,8.9,,,d4-c1-n0.05-m20,4,1,0.05,20,,-31.581034850508647
colosseum,20,spc_hop,-4.129261423615604,69.42,,,d4-c1-n0.05-m20,4,1,0.05,20,,-31.581034850508647
colosseum,20,spc_diffusion_t5,-68.88830648016169,23.79,,,d4-c1-n0.05-m20,4,1,0.05,20,,-31.581034850508647
colosseum,20,laziness_knn_t5,-5.643010139465332,0.77,,,d4-c1-n0.05-m20,4,1,0.05,20,,-31.581034850508647
colosseum,20,laziness_adaptive_t5,-5.567605972290039,0.73,,,d4-c1-n0.05-m20,4,1,0.05,20,,-31.581034850508647
colosseum,20,successor_entropy,-1.9571145037313304,0.04,959.54,,d4-c1-n0.05-m20,4,1,0.05,20,,-31.581034850508647
colosseum,20,successor_orc,0.9484505382972184,7.94,959.54,,d4-c1-n0.05-m20,4,1,0.05,20,,-31.581034850508647
colosseum,21,dc2,-1.05621337890625,14.41,,,d4-c1-n0.05-m21,4,1,0.05,21,,-26.486732664750416
colosseum,21,dc_wasserstein_ollivier,-0.9774012565612792,3.55,,,d4-c1-n0.05-m21,4,1,0.05,21,,-26.486732664750416
colosseum,21,dc_entropic_subtraction,0.3472604751586914,2.89,,,d4-c1-n0.05-m21,4,1,0.05,21,,-26.486732664750416
colosseum,21,hickock,11.014955465522352,53.33,,,d4-c1-n0.05-m21,4,1,0.05,21,,-26.486732664750416
colosseum,21,frc_weighted_adaptive,-32.61941850710926,0.97,,,d4-c1-n0.05-m21,4,1,0.05,21,,-26.486732664750416
colosseum,21,frc_unweighted_knn,-2.833333333333333,0.32,,,d4-c1-n0.05-m21,4,1,0.05,21,,-26.486732664750416
colosseum,21,orc,-0.0429385291573253,7.94,,,d4-c1-n0.05-m21,4,1,0.05,21,,-26.486732664750416
colosseum,21,spc_hop,199.1838929144746,67.78,,,d4-c1-n0.05-m21,4,1,0.05,21,,-26.486732664750416
colosseum,21,spc_diffusion_t5,1020.6460334851416,24.44,,,d4-c1-n0.05-m21,4,1,0.05,21,,-26.486732664750416
colosseum,21,laziness_knn_t5,-5.197165489196777,0.95,,,d4-c1-n0.05-m21,4,1,0.05,21,,-26.486732664750416
colosseum,21,laziness_adaptive_t5,-5.070974826812744,0.96,,,d4-c1-n0.05-m21,4,1,0.05,21,,-26.486732664750416
colosseum,21,successor_entropy,-1.9031254789624363,0.05,989.92,,d4-c1-n0.05-m21,4,1,0.05,21,,-26.486732664750416
colosseum,21,successor_orc,0.951897262146163,6.44,989.92,,d4-c1-n0.05-m21,4,1,0.05,21,,-26.486732664750416
colosseum,22,dc2,-0.5657439231872559,14.67,,,d4-c1-n0.05-m22,4,1,0.05,22,,-38.632524631824026
colosseum,22,dc_wasserstein_ollivier,-0.8857583999633789,4.11,,,d4-c1-n0.05-m22,4,1,0.05,22,,-38.632524631824026
colosseum,22,dc_entropic_subtraction,0.5748090744018555,2.77,,,d4-c1-n0.05-m22,4,1,0.05,22,,-38.632524631824026
colosseum,22,hickock,11.707482406361995,54.64,,,d4-c1-n0.05-m22,4,1,0.05,22,,-38.632524631824026
colosseum,22,frc_weighted_adaptive,-43.95370999711879,1.14,,,d4-c1-n0.05-m22,4,1,0.05,22,,-38.632524631824026
colosseum,22,frc_unweighted_knn,-10.363636363636363,0.39,,,d4-c1-n0.05-m22,4,1,0.05,22,,-38.632524631824026
colosseum,22,orc,-0.2457819181947029,8.54,,,d4-c1-n0.05-m22,4,1,0.05,22,,-38.632524631824026
colosseum,22,spc_hop,-304.5476539370896,70.2,,,d4-c1-n0.05-m22,4,1,0.05,22,,-38.632524631824026
colosseum,22,spc_diffusion_t5,-90.81402641353894,22.95,,,d4-c1-n0.05-m22,4,1,0.05,22,,-38.632524631824026
colosseum,22,laziness_knn_t5,-5.785414695739746,1.22,,,d4-c1-n0.05-m22,4,1,0.05,22,,-38.632524631824026
colosseum,22,laziness_adaptive_t5,-5.688365936279297,0.8,,,d4-c1-n0.05-m22,4,1,0.05,22,,-38.632524631824026
colosseum,22,successor_entropy,-1.944370680504168,0.05,994.57,,d4-c1-n0.05-m22,4,1,0.05,22,,-38.632524631824026
colosseum,22,successor_orc,0.9526100897090856,7.32,994.57,,d4-c1-n0.05-m22,4,1,0.05,22,,-38.632524631824026
colosseum,23,dc2,-0.4145679473876953,14.3,,,d4-c1-n0.05-m23,4,1,0.05,23,,-0.8366452353925464
colosseum,23,dc_wasserstein_ollivier,-0.7627923488616943,4.28,,,d4-c1-n0.05-m23,4,1,0.05,23,,-0.8366452353925464
colosseum,23,dc_entropic_subtraction,0.4180841445922851,3.02,,,d4-c1-n0.05-m23,4,1,0.05,23,,-0.8366452353925464
colosseum,23,hickock,11.143395044425532,57.76,,,d4-c1-n0.05-m23,4,1,0.05,23,,-0.8366452353925464
colosseum,23,frc_weighted_adaptive,-38.34195952476176,0.94,,,d4-c1-n0.05-m23,4,1,0.05,23,,-0.8366452353925464
colosseum,23,frc_unweighted_knn,-6.2,0.31,,,d4-c1-n0.05-m23,4,1,0.05,23,,-0.8366452353925464
colosseum,23,orc,-0.2202695189138976,7.97,,,d4-c1-n0.05-m23,4,1,0.05,23,,-0.8366452353925464
colosseum,23,spc_hop,4.3171136137837856,68.29,,,d4-c1-n0.05-m23,4,1,0.05,23,,-0.8366452353925464
colosseum,23,spc_diffusion_t5,-258.41318812151,23.36,,,d4-c1-n0.05-m23,4,1,0.05,23,,-0.8366452353925464
colosseum,23,laziness_knn_t5,-5.823596954345703,1.07,,,d4-c1-n0.05-m23,4,1,0.05,23,,-0.8366452353925464
colosseum,23,laziness_adaptive_t5,-5.742520332336426,0.7,,,d4-c1-n0.05-m23,4,1,0.05,23,,-0.8366452353925464
colosseum,23,successor_entropy,-1.8682075391214648,0.05,935.02,,d4-c1-n0.05-m23,4,1,0.05,23,,-0.8366452353925464
colosseum,23,successor_orc,0.9505719802381069,5.75,935.02,,d4-c1-n0.05-m23,4,1,0.05,23,,-0.8366452353925464
colosseum,24,dc2,-0.3242130279541015,13.49,,,d4-c1-n0.05-m24,4,1,0.05,24,,-26.173842956561565
colosseum,24,dc_wasserstein_ollivier,-0.7980413436889648,3.88,,,d4-c1-n0.05-m24,4,1,0.05,24,,-26.173842956561565
colosseum,24,dc_entropic_subtraction,0.6793680191040039,2.81,,,d4-c1-n0.05-m24,4,1,0.05,24,,-26.173842956561565
colosseum,24,hickock,11.75185945905114,53.52,,,d4-c1-n0.05-m24,4,1,0.05,24,,-26.173842956561565
colosseum,24,frc_weighted_adaptive,-72.4512963047791,0.91,,,d4-c1-n0.05-m24,4,1,0.05,24,,-26.173842956561565
colosseum,24,frc_unweighted_knn,-6.5,0.29,,,d4-c1-n0.05-m24,4,1,0.05,24,,-26.173842956561565
colosseum,24,orc,-0.0956187047357145,6.93,,,d4-c1-n0.05-m24,4,1,0.05,24,,-26.173842956561565
colosseum,24,spc_hop,234.4542452767689,72.59,,,d4-c1-n0.05-m24,4,1,0.05,24,,-26.173842956561565
colosseum,24,spc_diffusion_t5,16.311536382040316,23.91,,,d4-c1-n0.05-m24,4,1,0.05,24,,-26.173842956561565
colosseum,24,laziness_knn_t5,-5.503035545349121,1.03,,,d4-c1-n0.05-m24,4,1,0.05,24,,-26.173842956561565
colosseum,24,laziness_adaptive_t5,-5.456127643585205,0.69,,,d4-c1-n0.05-m24,4,1,0.05,24,,-26.173842956561565
colosseum,0,dc2,-1.1430749893188477,13.79,,,d4-c1-n0.1-m0,4,1,0.1,0,,-24.27778528060626
colosseum,0,dc_wasserstein_ollivier,-1.047529935836792,4.67,,,d4-c1-n0.1-m0,4,1,0.1,0,,-24.27778528060626
colosseum,0,dc_entropic_subtraction,0.401280403137207,3.11,,,d4-c1-n0.1-m0,4,1,0.1,0,,-24.27778528060626
colosseum,0,hickock,10.815419755421342,48.62,,,d4-c1-n0.1-m0,4,1,0.1,0,,-24.27778528060626
colosseum,0,frc_weighted_adaptive,-69.24581100482204,0.98,,,d4-c1-n0.1-m0,4,1,0.1,0,,-24.27778528060626
colosseum,0,frc_unweighted_knn,-12.76923076923077,0.3,,,d4-c1-n0.1-m0,4,1,0.1,0,,-24.27778528060626
colosseum,0,orc,-0.2214457549576807,6.83,,,d4-c1-n0.1-m0,4,1,0.1,0,,-24.27778528060626
colosseum,0,spc_hop,155.0986140750452,72.8,,,d4-c1-n0.1-m0,4,1,0.1,0,,-24.27778528060626
colosseum,0,spc_diffusion_t5,-65.22768923244291,20.1,,,d4-c1-n0.1-m0,4,1,0.1,0,,-24.27778528060626
colosseum,0,laziness_knn_t5,-5.663931846618652,1.03,,,d4-c1-n0.1-m0,4,1,0.1,0,,-24.27778528060626
colosseum,0,laziness_adaptive_t5,-5.671740531921387,0.74,,,d4-c1-n0.1-m0,4,1,0.1,0,,-24.27778528060626
colosseum,0,successor_entropy,-1.9233831499206524,0.06,1045.71,,d4-c1-n0.1-m0,4,1,0.1,0,,-24.27778528060626
colosseum,0,successor_orc,0.9500527721875508,5.58,1045.71,,d4-c1-n0.1-m0,4,1,0.1,0,,-24.27778528060626
colosseum,1,dc2,-1.263338565826416,13.38,,,d4-c1-n0.1-m1,4,1,0.1,1,,-33.944911363749945
colosseum,1,dc_wasserstein_ollivier,-0.8140654563903809,3.86,,,d4-c1-n0.1-m1,4,1,0.1,1,,-33.944911363749945
colosseum,1,dc_entropic_subtraction,0.6701836585998535,3.34,,,d4-c1-n0.1-m1,4,1,0.1,1,,-33.944911363749945
colosseum,1,hickock,11.167152543938547,53.49,,,d4-c1-n0.1-m1,4,1,0.1,1,,-33.944911363749945
colosseum,1,frc_weighted_adaptive,-108.66185292072936,1.01,,,d4-c1-n0.1-m1,4,1,0.1,1,,-33.944911363749945
colosseum,1,frc_unweighted_knn,-10.866666666666667,0.32,,,d4-c1-n0.1-m1,4,1,0.1,1,,-33.944911363749945
colosseum,1,orc,-0.1414289045780268,6.95,,,d4-c1-n0.1-m1,4,1,0.1,1,,-33.944911363749945
colosseum,1,spc_hop,31.435711753127883,65.25,,,d4-c1-n0.1-m1,4,1,0.1,1,,-33.944911363749945
colosseum,1,spc_diffusion_t5,-151.4696120187062,20.16,,,d4-c1-n0.1-m1,4,1,0.1,1,,-33.944911363749945
colosseum,1,laziness_knn_t5,-5.6644439697265625,0.73,,,d4-c1-n0.1-m1,4,1,0.1,1,,-33.944911363749945
colosseum,1,laziness_adaptive_t5,-5.595454216003418,0.79,,,d4-c1-n0.1-m1,4,1,0.1,1,,-33.944911363749945
colosseum,1,successor_entropy,-2.0160560957627998,0.05,1054.86,,d4-c1-n0.1-m1,4,1,0.1,1,,-33.944911363749945
colosseum,1,successor_orc,0.9521247368002108,7.7,1054.86,,d4-c1-n0.1-m1,4,1,0.1,1,,-33.944911363749945
colosseum,2,dc2,-0.9895462989807128,13.35,,,d4-c1-n0.1-m2,4,1,0.1,2,,-16.273295072694033
colosseum,2,dc_wasserstein_ollivier,-0.953304648399353,3.93,,,d4-c1-n0.1-m2,4,1,0.1,2,,-16.273295072694033
colosseum,2,dc_entropic_subtraction,0.3050727844238281,3.39,,,d4-c1-n0.1-m2,4,1,0.1,2,,-16.273295072694033
colosseum,2,hickock,11.052666280348705,53.93,,,d4-c1-n0.1-m2,4,1,0.1,2,,-16.273295072694033
colosseum,2,frc_weighted_adaptive,-76.94003603123062,1.0,,,d4-c1-n0.1-m2,4,1,0.1,2,,-16.273295072694033
colosseum,2,frc_unweighted_knn,-6.8,0.32,,,d4-c1-n0.1-m2,4,1,0.1,2,,-16.273295072694033
colosseum,2,orc,-0.0775250868790682,7.09,,,d4-c1-n0.1-m2,4,1,0.1,2,,-16.273295072694033
colosseum,2,spc_hop,1706.264203637845,73.69,,,d4-c1-n0.1-m2,4,1,0.1,2,,-16.273295072694033
colosseum,2,spc_diffusion_t5,-77.20709141498799,20.39,,,d4-c1-n0.1-m2,4,1,0.1,2,,-16.273295072694033
colosseum,2,laziness_knn_t5,-5.796840667724609,0.75,,,d4-c1-n0.1-m2,4,1,0.1,2,,-16.273295072694033
colosseum,2,laziness_adaptive_t5,-5.764444828033447,0.86,,,d4-c1-n0.1-m2,4,1,0.1,2,,-16.273295072694033
colosseum,2,successor_entropy,-1.897169777793344,0.05,950.31,,d4-c1-n0.1-m2,4,1,0.1,2,,-16.273295072694033
colosseum,2,successor_orc,0.9506829909782666,7.42,950.31,,d4-c1-n0.1-m2,4,1,0.1,2,,-16.273295072694033
colosseum,3,dc2,-0.334630012512207,12.53,,,d4-c1-n0.1-m3,4,1,0.1,3,,-29.70596911293769
colosseum,3,dc_wasserstein_ollivier,-0.8667894601821899,3.57,,,d4-c1-n0.1-m3,4,1,0.1,3,,-29.70596911293769
colosseum,3,dc_entropic_subtraction,0.7109494209289551,3.04,,,d4-c1-n0.1-m3,4,1,0.1,3,,-29.70596911293769
colosseum,3,hickock,12.029336460354582,54.15,,,d4-c1-n0.1-m3,4,1,0.1,3,,-29.70596911293769
colosseum,3,frc_weighted_adaptive,-68.74468541046757,0.93,,,d4-c1-n0.1-m3,4,1,0.1,3,,-29.70596911293769
colosseum,3,frc_unweighted_knn,-7.636363636363637,0.3,,,d4-c1-n0.1-m3,4,1,0.1,3,,-29.70596911293769
colosseum,3,orc,-0.1691503702967958,6.73,,,d4-c1-n0.1-m3,4,1,0.1,3,,-29.70596911293769
colosseum,3,spc_hop,82.06854299634881,67.78,,,d4-c1-n0.1-m3,4,1,0.1,3,,-29.70596911293769
colosseum,3,spc_diffusion_t5,-58.38098535984407,22.64,,,d4-c1-n0.1-m3,4,1,0.1,3,,-29.70596911293769
colosseum,3,laziness_knn_t5,-5.760839939117432,0.7,,,d4-c1-n0.1-m3,4,1,0.1,3,,-29.70596911293769
colosseum,3,laziness_adaptive_t5,-5.6187286376953125,0.69,,,d4-c1-n0.1-m3,4,1,0.1,3,,-29.70596911293769
colosseum,3,successor_entropy,-1.963885293056645,0.05,914.91,,d4-c1-n0.1-m3,4,1,0.1,3,,-29.70596911293769
colosseum,3,successor_orc,0.951550025624174,7.41,914.91,,d4-c1-n0.1-m3,4,1,0.1,3,,-29.70596911293769
colosseum,4,dc2,-1.3337712287902832,12.32,,,d4-c1-n0.1-m4,4,1,0.1,4,,-33.382381330970645
colosseum,4,dc_wasserstein_ollivier,-1.0577690601348877,3.48,,,d4-c1-n0.1-m4,4,1,0.1,4,,-33.382381330970645
colosseum,4,dc_entropic_subtraction,0.3712382316589355,2.96,,,d4-c1-n0.1-m4,4,1,0.1,4,,-33.382381330970645
colosseum,4,hickock,11.011727873022512,52.97,,,d4-c1-n0.1-m4,4,1,0.1,4,,-33.382381330970645
colosseum,4,frc_weighted_adaptive,-115.23974039248664,1.0,,,d4-c1-n0.1-m4,4,1,0.1,4,,-33.382381330970645
colosseum,4,frc_unweighted_knn,-7.5,0.34,,,d4-c1-n0.1-m4,4,1,0.1,4,,-33.382381330970645
colosseum,4,orc,-0.1886632506813216,6.59,,,d4-c1-n0.1-m4,4,1,0.1,4,,-33.382381330970645
colosseum,4,spc_hop,2.4249683219043163,65.9,,,d4-c1-n0.1-m4,4,1,0.1,4,,-33.382381330970645
colosseum,4,spc_diffusion_t5,-65.7104819120616,19.1,,,d4-c1-n0.1-m4,4,1,0.1,4,,-33.382381330970645
colosseum,4,laziness_knn_t5,-5.773399353027344,0.71,,,d4-c1-n0.1-m4,4,1,0.1,4,,-33.382381330970645
colosseum,4,laziness_adaptive_t5,-5.761496543884277,0.69,,,d4-c1-n0.1-m4,4,1,0.1,4,,-33.382381330970645
colosseum,4,successor_entropy,-1.9230377578135425,0.05,895.42,,d4-c1-n0.1-m4,4,1,0.1,4,,-33.382381330970645
colosseum,4,successor_orc,0.9507113833187224,7.47,895.42,,d4-c1-n0.1-m4,4,1,0.1,4,,-33.382381330970645
colosseum,5,dc2,-0.6369833946228027,12.8,,,d4-c1-n0.1-m5,4,1,0.1,5,,-5.368592313443521
colosseum,5,dc_wasserstein_ollivier,-0.9021162986755372,3.62,,,d4-c1-n0.1-m5,4,1,0.1,5,,-5.368592313443521
colosseum,5,dc_entropic_subtraction,0.6618413925170898,3.09,,,d4-c1-n0.1-m5,4,1,0.1,5,,-5.368592313443521
colosseum,5,hickock,12.003154714841642,52.37,,,d4-c1-n0.1-m5,4,1,0.1,5,,-5.368592313443521
colosseum,5,frc_weighted_adaptive,-86.37164226716405,0.94,,,d4-c1-n0.1-m5,4,1,0.1,5,,-5.368592313443521
colosseum,5,frc_unweighted_knn,-13.0,0.3,,,d4-c1-n0.1-m5,4,1,0.1,5,,-5.368592313443521
colosseum,5,orc,-0.2507112192558419,6.97,,,d4-c1-n0.1-m5,4,1,0.1,5,,-5.368592313443521
colosseum,5,spc_hop,51.48341879222957,61.35,,,d4-c1-n0.1-m5,4,1,0.1,5,,-5.368592313443521
colosseum,5,spc_diffusion_t5,316.83840165940694,19.21,,,d4-c1-n0.1-m5,4,1,0.1,5,,-5.368592313443521
colosseum,5,laziness_knn_t5,-5.860576629638672,0.7,,,d4-c1-n0.1-m5,4,1,0.1,5,,-5.368592313443521
colosseum,5,laziness_adaptive_t5,-5.810704231262207,0.71,,,d4-c1-n0.1-m5,4,1,0.1,5,,-5.368592313443521
colosseum,5,successor_entropy,-1.8395767185698884,0.05,907.65,,d4-c1-n0.1-m5,4,1,0.1,5,,-5.368592313443521
colosseum,5,successor_orc,0.9516316920567612,8.03,907.65,,d4-c1-n0.1-m5,4,1,0.1,5,,-5.368592313443521
colosseum,6,dc2,-1.0922327041625977,12.3,,,d4-c1-n0.1-m6,4,1,0.1,6,,2.589548393662699
colosseum,6,dc_wasserstein_ollivier,-0.7497831583023071,3.57,,,d4-c1-n0.1-m6,4,1,0.1,6,,2.589548393662699
colosseum,6,dc_entropic_subtraction,0.4374570846557617,3.05,,,d4-c1-n0.1-m6,4,1,0.1,6,,2.589548393662699
colosseum,6,hickock,11.0502502497666,50.89,,,d4-c1-n0.1-m6,4,1,0.1,6,,2.589548393662699
colosseum,6,frc_weighted_adaptive,-143.21910176907403,0.93,,,d4-c1-n0.1-m6,4,1,0.1,6,,2.589548393662699
colosseum,6,frc_unweighted_knn,-13.0,0.3,,,d4-c1-n0.1-m6,4,1,0.1,6,,2.589548393662699
colosseum,6,orc,-0.2483600761436471,6.64,,,d4-c1-n0.1-m6,4,1,0.1,6,,2.589548393662699
colosseum,6,spc_hop,123.89346274655112,60.67,,,d4-c1-n0.1-m6,4,1,0.1,6,,2.589548393662699
colosseum,6,spc_diffusion_t5,-69.55457139573207,18.9,,,d4-c1-n0.1-m6,4,1,0.1,6,,2.589548393662699
colosseum,6,laziness_knn_t5,-5.889614105224609,0.7,,,d4-c1-n0.1-m6,4,1,0.1,6,,2.589548393662699
colosseum,6,laziness_adaptive_t5,-5.826794624328613,0.71,,,d4-c1-n0.1-m6,4,1,0.1,6,,2.589548393662699
colosseum,6,successor_entropy,-1.8226573898936624,0.05,917.03,,d4-c1-n0.1-m6,4,1,0.1,6,,2.589548393662699
colosseum,6,successor_orc,0.9494260100875092,6.0,917.03,,d4-c1-n0.1-m6,4,1,0.1,6,,2.589548393662699
colosseum,7,dc2,-0.6992835998535156,12.82,,,d4-c1-n0.1-m7,4,1,0.1,7,,-27.168130938400186
colosseum,7,dc_wasserstein_ollivier,-1.099236011505127,3.59,,,d4-c1-n0.1-m7,4,1,0.1,7,,-27.168130938400186
colosseum,7,dc_entropic_subtraction,0.3050794601440429,3.04,,,d4-c1-n0.1-m7,4,1,0.1,7,,-27.168130938400186
colosseum,7,hickock,10.826783987532892,52.42,,,d4-c1-n0.1-m7,4,1,0.1,7,,-27.168130938400186
colosseum,7,frc_weighted_adaptive,-51.23895060550653,0.94,,,d4-c1-n0.1-m7,4,1,0.1,7,,-27.168130938400186
colosseum,7,frc_unweighted_knn,-6.428571428571429,0.3,,,d4-c1-n0.1-m7,4,1,0.1,7,,-27.168130938400186
colosseum,7,orc,-0.055407849642255,6.87,,,d4-c1-n0.1-m7,4,1,0.1,7,,-27.168130938400186
colosseum,7,spc_hop,-24.76126110181681,66.31,,,d4-c1-n0.1-m7,4,1,0.1,7,,-27.168130938400186
colosseum,7,spc_diffusion_t5,186.2734952682293,22.48,,,d4-c1-n0.1-m7,4,1,0.1,7,,-27.168130938400186
colosseum,7,laziness_knn_t5,-5.459493637084961,0.71,,,d4-c1-n0.1-m7,4,1,0.1,7,,-27.168130938400186
colosseum,7,laziness_adaptive_t5,-5.438534259796143,0.74,,,d4-c1-n0.1-m7,4,1,0.1,7,,-27.168130938400186
colosseum,7,successor_entropy,-1.8721176683002465,0.05,905.69,,d4-c1-n0.1-m7,4,1,0.1,7,,-27.168130938400186
colosseum,7,successor_orc,0.9513638926626264,8.41,905.69,,d4-c1-n0.1-m7,4,1,0.1,7,,-27.168130938400186
colosseum,8,dc2,-0.5634250640869141,13.44,,,d4-c1-n0.1-m8,4,1,0.1,8,,-9.221228105483611
colosseum,8,dc_wasserstein_ollivier,-0.990280032157898,3.66,,,d4-c1-n0.1-m8,4,1,0.1,8,,-9.221228105483611
colosseum,8,dc_entropic_subtraction,0.3988575935363769,2.7,,,d4-c1-n0.1-m8,4,1,0.1,8,,-9.221228105483611
colosseum,8,hickock,11.111775407545847,54.16,,,d4-c1-n0.1-m8,4,1,0.1,8,,-9.221228105483611
colosseum,8,frc_weighted_adaptive,-43.89738460391945,1.3,,,d4-c1-n0.1-m8,4,1,0.1,8,,-9.221228105483611
colosseum,8,frc_unweighted_knn,-7.357142857142857,0.35,,,d4-c1-n0.1-m8,4,1,0.1,8,,-9.221228105483611
colosseum,8,orc,-0.0674213945686439,7.72,,,d4-c1-n0.1-m8,4,1,0.1,8,,-9.221228105483611
colosseum,8,spc_hop,536.5799416704123,61.98,,,d4-c1-n0.1-m8,4,1,0.1,8,,-9.221228105483611
colosseum,8,spc_diffusion_t5,33.76822242398664,19.87,,,d4-c1-n0.1-m8,4,1,0.1,8,,-9.221228105483611
colosseum,8,laziness_knn_t5,-5.453170299530029,0.69,,,d4-c1-n0.1-m8,4,1,0.1,8,,-9.221228105483611
colosseum,8,laziness_adaptive_t5,-5.409838676452637,0.7,,,d4-c1-n0.1-m8,4,1,0.1,8,,-9.221228105483611
colosseum,8,successor_entropy,-1.8475123235781987,0.06,982.69,,d4-c1-n0.1-m8,4,1,0.1,8,,-9.221228105483611
colosseum,8,successor_orc,0.9525450836742392,4.91,982.69,,d4-c1-n0.1-m8,4,1,0.1,8,,-9.221228105483611
colosseum,9,dc2,-0.6836204528808594,12.58,,,d4-c1-n0.1-m9,4,1,0.1,9,,-10.955883980671626
colosseum,9,dc_wasserstein_ollivier,-0.8556132316589355,3.5,,,d4-c1-n0.1-m9,4,1,0.1,9,,-10.955883980671626
colosseum,9,dc_entropic_subtraction,0.5669546127319336,2.77,,,d4-c1-n0.1-m9,4,1,0.1,9,,-10.955883980671626
colosseum,9,hickock,11.375485228091406,57.45,,,d4-c1-n0.1-m9,4,1,0.1,9,,-10.955883980671626
colosseum,9,frc_weighted_adaptive,-60.29880406257196,1.39,,,d4-c1-n0.1-m9,4,1,0.1,9,,-10.955883980671626
colosseum,9,frc_unweighted_knn,-4.3,0.35,,,d4-c1-n0.1-m9,4,1,0.1,9,,-10.955883980671626
colosseum,9,orc,-0.0779401757016394,7.86,,,d4-c1-n0.1-m9,4,1,0.1,9,,-10.955883980671626
colosseum,9,spc_hop,173.62921648930975,65.97,,,d4-c1-n0.1-m9,4,1,0.1,9,,-10.955883980671626
colosseum,9,spc_diffusion_t5,-140.29676315793776,22.03,,,d4-c1-n0.1-m9,4,1,0.1,9,,-10.955883980671626
colosseum,9,laziness_knn_t5,-5.377587795257568,0.76,,,d4-c1-n0.1-m9,4,1,0.1,9,,-10.955883980671626
colosseum,9,laziness_adaptive_t5,-5.344895362854004,0.72,,,d4-c1-n0.1-m9,4,1,0.1,9,,-10.955883980671626
colosseum,9,successor_entropy,-1.8968043732481696,0.06,1049.58,,d4-c1-n0.1-m9,4,1,0.1,9,,-10.955883980671626
colosseum,9,successor_orc,0.9527176847267044,5.33,1049.58,,d4-c1-n0.1-m9,4,1,0.1,9,,-10.955883980671626
colosseum,10,dc2,-0.674595832824707,13.61,,,d4-c1-n0.1-m10,4,1,0.1,10,,-28.97978718422736
colosseum,10,dc_wasserstein_ollivier,-1.0426218509674072,3.69,,,d4-c1-n0.1-m10,4,1,0.1,10,,-28.97978718422736
colosseum,10,dc_entropic_subtraction,0.5197606086730957,2.86,,,d4-c1-n0.1-m10,4,1,0.1,10,,-28.97978718422736
colosseum,10,hickock,11.608207789005252,59.37,,,d4-c1-n0.1-m10,4,1,0.1,10,,-28.97978718422736
colosseum,10,frc_weighted_adaptive,-53.979539198702426,0.96,,,d4-c1-n0.1-m10,4,1,0.1,10,,-28.97978718422736
colosseum,10,frc_unweighted_knn,-12.1,0.32,,,d4-c1-n0.1-m10,4,1,0.1,10,,-28.97978718422736
colosseum,10,orc,-0.2235181786288399,8.49,,,d4-c1-n0.1-m10,4,1,0.1,10,,-28.97978718422736
colosseum,10,spc_hop,41.54881725615615,67.12,,,d4-c1-n0.1-m10,4,1,0.1,10,,-28.97978718422736
colosseum,10,spc_diffusion_t5,168.07694830628608,24.21,,,d4-c1-n0.1-m10,4,1,0.1,10,,-28.97978718422736
colosseum,10,laziness_knn_t5,-6.01685905456543,0.69,,,d4-c1-n0.1-m10,4,1,0.1,10,,-28.97978718422736
colosseum,10,laziness_adaptive_t5,-6.010293960571289,0.69,,,d4-c1-n0.1-m10,4,1,0.1,10,,-28.97978718422736
colosseum,10,successor_entropy,-1.864922952826756,0.06,1073.89,,d4-c1-n0.1-m10,4,1,0.1,10,,-28.97978718422736
colosseum,10,successor_orc,0.952075234919858,5.63,1073.89,,d4-c1-n0.1-m10,4,1,0.1,10,,-28.97978718422736
colosseum,11,dc2,-0.5803089141845703,13.67,,,d4-c1-n0.1-m11,4,1,0.1,11,,2.314876411959168
colosseum,11,dc_wasserstein_ollivier,-0.7509117126464844,3.94,,,d4-c1-n0.1-m11,4,1,0.1,11,,2.314876411959168
colosseum,11,dc_entropic_subtraction,0.6044368743896484,3.18,,,d4-c1-n0.1-m11,4,1,0.1,11,,2.314876411959168
colosseum,11,hickock,11.510275093932933,61.09,,,d4-c1-n0.1-m11,4,1,0.1,11,,2.314876411959168
colosseum,11,frc_weighted_adaptive,-66.31993107223448,1.11,,,d4-c1-n0.1-m11,4,1,0.1,11,,2.314876411959168
colosseum,11,frc_unweighted_knn,-8.083333333333334,0.76,,,d4-c1-n0.1-m11,4,1,0.1,11,,2.314876411959168
colosseum,11,orc,-0.1646706829309088,8.74,,,d4-c1-n0.1-m11,4,1,0.1,11,,2.314876411959168
colosseum,11,spc_hop,-41.72493451933789,70.45,,,d4-c1-n0.1-m11,4,1,0.1,11,,2.314876411959168
colosseum,11,spc_diffusion_t5,-29.82573671567697,23.53,,,d4-c1-n0.1-m11,4,1,0.1,11,,2.314876411959168
colosseum,11,laziness_knn_t5,-5.591623306274414,0.81,,,d4-c1-n0.1-m11,4,1,0.1,11,,2.314876411959168
colosseum,11,laziness_adaptive_t5,-5.566312789916992,0.81,,,d4-c1-n0.1-m11,4,1,0.1,11,,2.314876411959168
colosseum,11,successor_entropy,-1.942057391161099,0.06,1066.99,,d4-c1-n0.1-m11,4,1,0.1,11,,2.314876411959168
colosseum,11,successor_orc,0.9514650589892998,7.25,1066.99,,d4-c1-n0.1-m11,4,1,0.1,11,,2.314876411959168
colosseum,12,dc2,-0.5708012580871582,13.59,,,d4-c1-n0.1-m12,4,1,0.1,12,,-17.33066827998207
colosseum,12,dc_wasserstein_ollivier,-0.9619095325469972,3.94,,,d4-c1-n0.1-m12,4,1,0.1,12,,-17.33066827998207
colosseum,12,dc_entropic_subtraction,0.3552112579345703,2.97,,,d4-c1-n0.1-m12,4,1,0.1,12,,-17.33066827998207
colosseum,12,hickock,11.14974867983154,61.72,,,d4-c1-n0.1-m12,4,1,0.1,12,,-17.33066827998207
colosseum,12,frc_weighted_adaptive,-58.662176088936754,1.12,,,d4-c1-n0.1-m12,4,1,0.1,12,,-17.33066827998207
colosseum,12,frc_unweighted_knn,-9.272727272727272,0.77,,,d4-c1-n0.1-m12,4,1,0.1,12,,-17.33066827998207
colosseum,12,orc,-0.1505183128529741,8.75,,,d4-c1-n0.1-m12,4,1,0.1,12,,-17.33066827998207
colosseum,12,spc_hop,-2544.007878752808,70.8,,,d4-c1-n0.1-m12,4,1,0.1,12,,-17.33066827998207
colosseum,12,spc_diffusion_t5,-158.46837014511286,24.54,,,d4-c1-n0.1-m12,4,1,0.1,12,,-17.33066827998207
colosseum,12,laziness_knn_t5,-5.79789924621582,0.78,,,d4-c1-n0.1-m12,4,1,0.1,12,,-17.33066827998207
colosseum,12,laziness_adaptive_t5,-5.792872428894043,0.82,,,d4-c1-n0.1-m12,4,1,0.1,12,,-17.33066827998207
colosseum,12,successor_entropy,-1.9541542738631057,0.06,1052.87,,d4-c1-n0.1-m12,4,1,0.1,12,,-17.33066827998207
colosseum,12,successor_orc,0.9534181112929292,6.08,1052.87,,d4-c1-n0.1-m12,4,1,0.1,12,,-17.33066827998207
colosseum,13,dc2,-1.181077480316162,13.5,,,d4-c1-n0.1-m13,4,1,0.1,13,,-18.870743110321765
colosseum,13,dc_wasserstein_ollivier,-0.8892802000045776,3.67,,,d4-c1-n0.1-m13,4,1,0.1,13,,-18.870743110321765
colosseum,13,dc_entropic_subtraction,0.4664688110351562,2.9,,,d4-c1-n0.1-m13,4,1,0.1,13,,-18.870743110321765
colosseum,13,hickock,10.978923123644206,64.29,,,d4-c1-n0.1-m13,4,1,0.1,13,,-18.870743110321765
colosseum,13,frc_weighted_adaptive,-127.69977388363412,1.39,,,d4-c1-n0.1-m13,4,1,0.1,13,,-18.870743110321765
colosseum,13,frc_unweighted_knn,-7.272727272727272,0.36,,,d4-c1-n0.1-m13,4,1,0.1,13,,-18.870743110321765
colosseum,13,orc,-0.1937933682235734,8.64,,,d4-c1-n0.1-m13,4,1,0.1,13,,-18.870743110321765
colosseum,13,spc_hop,93.38359674253604,73.41,,,d4-c1-n0.1-m13,4,1,0.1,13,,-18.870743110321765
colosseum,13,spc_diffusion_t5,-74.10317073796551,24.54,,,d4-c1-n0.1-m13,4,1,0.1,13,,-18.870743110321765
colosseum,13,laziness_knn_t5,-5.653140068054199,0.76,,,d4-c1-n0.1-m13,4,1,0.1,13,,-18.870743110321765
colosseum,13,laziness_adaptive_t5,-5.556436538696289,0.81,,,d4-c1-n0.1-m13,4,1,0.1,13,,-18.870743110321765
colosseum,13,successor_entropy,-1.96673584493725,0.06,1089.2,,d4-c1-n0.1-m13,4,1,0.1,13,,-18.870743110321765
colosseum,13,successor_orc,0.9501986228766898,9.78,1089.2,,d4-c1-n0.1-m13,4,1,0.1,13,,-18.870743110321765
colosseum,14,dc2,-1.185567855834961,13.96,,,d4-c1-n0.1-m14,4,1,0.1,14,,-6.17734194341854
colosseum,14,dc_wasserstein_ollivier,-0.8266581296920776,3.89,,,d4-c1-n0.1-m14,4,1,0.1,14,,-6.17734194341854
colosseum,14,dc_entropic_subtraction,0.6625885963439941,3.0,,,d4-c1-n0.1-m14,4,1,0.1,14,,-6.17734194341854
colosseum,14,hickock,11.438918307774774,60.62,,,d4-c1-n0.1-m14,4,1,0.1,14,,-6.17734194341854
colosseum,14,frc_weighted_adaptive,-132.27910374792478,1.11,,,d4-c1-n0.1-m14,4,1,0.1,14,,-6.17734194341854
colosseum,14,frc_unweighted_knn,-9.538461538461538,0.37,,,d4-c1-n0.1-m14,4,1,0.1,14,,-6.17734194341854
colosseum,14,orc,-0.1717235898595097,8.37,,,d4-c1-n0.1-m14,4,1,0.1,14,,-6.17734194341854
colosseum,14,spc_hop,-365.20249127080655,74.87,,,d4-c1-n0.1-m14,4,1,0.1,14,,-6.17734194341854
colosseum,14,spc_diffusion_t5,-80.75495168424749,24.51,,,d4-c1-n0.1-m14,4,1,0.1,14,,-6.17734194341854
colosseum,14,laziness_knn_t5,-5.766222953796387,0.77,,,d4-c1-n0.1-m14,4,1,0.1,14,,-6.17734194341854
colosseum,14,laziness_adaptive_t5,-5.694603443145752,0.8,,,d4-c1-n0.1-m14,4,1,0.1,14,,-6.17734194341854
colosseum,14,successor_entropy,-1.8681892005661505,0.05,1091.41,,d4-c1-n0.1-m14,4,1,0.1,14,,-6.17734194341854
colosseum,14,successor_orc,0.951714096352607,9.21,1091.41,,d4-c1-n0.1-m14,4,1,0.1,14,,-6.17734194341854
colosseum,15,dc2,-0.8115615844726562,12.86,,,d4-c1-n0.1-m15,4,1,0.1,15,,-26.906507613631533
colosseum,15,dc_wasserstein_ollivier,-0.9879484176635742,3.74,,,d4-c1-n0.1-m15,4,1,0.1,15,,-26.906507613631533
colosseum,15,dc_entropic_subtraction,0.4832401275634765,2.83,,,d4-c1-n0.1-m15,4,1,0.1,15,,-26.906507613631533
colosseum,15,hickock,11.419828542746622,57.83,,,d4-c1-n0.1-m15,4,1,0.1,15,,-26.906507613631533
colosseum,15,frc_weighted_adaptive,-53.18492942460247,1.04,,,d4-c1-n0.1-m15,4,1,0.1,15,,-26.906507613631533
colosseum,15,frc_unweighted_knn,-8.5,0.71,,,d4-c1-n0.1-m15,4,1,0.1,15,,-26.906507613631533
colosseum,15,orc,-0.2464984080850514,7.69,,,d4-c1-n0.1-m15,4,1,0.1,15,,-26.906507613631533
colosseum,15,spc_hop,895.1021529516329,68.68,,,d4-c1-n0.1-m15,4,1,0.1,15,,-26.906507613631533
colosseum,15,spc_diffusion_t5,-80.054742472478,23.27,,,d4-c1-n0.1-m15,4,1,0.1,15,,-26.906507613631533
colosseum,15,laziness_knn_t5,-5.973328590393066,0.73,,,d4-c1-n0.1-m15,4,1,0.1,15,,-26.906507613631533
colosseum,15,laziness_adaptive_t5,-5.909663200378418,0.73,,,d4-c1-n0.1-m15,4,1,0.1,15,,-26.906507613631533
colosseum,15,successor_entropy,-1.9868930882389344,0.05,1033.27,,d4-c1-n0.1-m15,4,1,0.1,15,,-26.906507613631533
colosseum,15,successor_orc,0.9496902382355976,6.65,1033.27,,d4-c1-n0.1-m15,4,1,0.1,15,,-26.906507613631533
colosseum,16,dc2,-1.4627175331115725,13.31,,,d4-c1-n0.1-m16,4,1,0.1,16,,-26.40674166941237
colosseum,16,dc_wasserstein_ollivier,-0.8958221673965454,3.5,,,d4-c1-n0.1-m16,4,1,0.1,16,,-26.40674166941237
colosseum,16,dc_entropic_subtraction,0.595524787902832,2.71,,,d4-c1-n0.1-m16,4,1,0.1,16,,-26.40674166941237
colosseum,16,hickock,11.306976176798788,57.09,,,d4-c1-n0.1-m16,4,1,0.1,16,,-26.40674166941237
colosseum,16,frc_weighted_adaptive,-120.46519003987991,1.03,,,d4-c1-n0.1-m16,4,1,0.1,16,,-26.40674166941237
colosseum,16,frc_unweighted_knn,-6.846153846153846,0.7,,,d4-c1-n0.1-m16,4,1,0.1,16,,-26.40674166941237
colosseum,16,orc,-0.0957970452252324,8.21,,,d4-c1-n0.1-m16,4,1,0.1,16,,-26.40674166941237
colosseum,16,spc_hop,-60.13745947148094,65.85,,,d4-c1-n0.1-m16,4,1,0.1,16,,-26.40674166941237
colosseum,16,spc_diffusion_t5,-96.36303988705475,22.47,,,d4-c1-n0.1-m16,4,1,0.1,16,,-26.40674166941237
colosseum,16,laziness_knn_t5,-5.64354133605957,0.71,,,d4-c1-n0.1-m16,4,1,0.1,16,,-26.40674166941237
colosseum,16,laziness_adaptive_t5,-5.560132026672363,0.73,,,d4-c1-n0.1-m16,4,1,0.1,16,,-26.40674166941237
colosseum,16,successor_entropy,-2.0065632540417524,0.05,870.65,,d4-c1-n0.1-m16,4,1,0.1,16,,-26.40674166941237
colosseum,16,successor_orc,0.9525920189867596,5.23,870.65,,d4-c1-n0.1-m16,4,1,0.1,16,,-26.40674166941237
colosseum,17,dc2,-1.0269312858581543,12.75,,,d4-c1-n0.1-m17,4,1,0.1,17,,-20.954603034761384
colosseum,17,dc_wasserstein_ollivier,-1.01153302192688,3.57,,,d4-c1-n0.1-m17,4,1,0.1,17,,-20.954603034761384
colosseum,17,dc_entropic_subtraction,0.4001555442810058,2.88,,,d4-c1-n0.1-m17,4,1,0.1,17,,-20.954603034761384
colosseum,17,hickock,10.824342773660083,55.75,,,d4-c1-n0.1-m17,4,1,0.1,17,,-20.954603034761384
colosseum,17,frc_weighted_adaptive,-117.24907668145336,0.94,,,d4-c1-n0.1-m17,4,1,0.1,17,,-20.954603034761384
colosseum,17,frc_unweighted_knn,-7.545454545454546,0.6,,,d4-c1-n0.1-m17,4,1,0.1,17,,-20.954603034761384
colosseum,17,orc,-0.1275216428059307,8.0,,,d4-c1-n0.1-m17,4,1,0.1,17,,-20.954603034761384
colosseum,17,spc_hop,190.4771023755241,62.94,,,d4-c1-n0.1-m17,4,1,0.1,17,,-20.954603034761384
colosseum,17,spc_diffusion_t5,-70.50057175151709,22.08,,,d4-c1-n0.1-m17,4,1,0.1,17,,-20.954603034761384
colosseum,17,laziness_knn_t5,-5.60891056060791,0.67,,,d4-c1-n0.1-m17,4,1,0.1,17,,-20.954603034761384
colosseum,17,laziness_adaptive_t5,-5.551093101501465,0.74,,,d4-c1-n0.1-m17,4,1,0.1,17,,-20.954603034761384
colosseum,17,successor_entropy,-1.856459003184301,0.05,953.03,,d4-c1-n0.1-m17,4,1,0.1,17,,-20.954603034761384
colosseum,17,successor_orc,0.950463562939202,10.15,953.03,,d4-c1-n0.1-m17,4,1,0.1,17,,-20.954603034761384
colosseum,18,dc2,-1.351870059967041,12.92,,,d4-c1-n0.1-m18,4,1,0.1,18,,8.373680957524744
colosseum,18,dc_wasserstein_ollivier,-0.6587127447128296,3.4,,,d4-c1-n0.1-m18,4,1,0.1,18,,8.373680957524744
colosseum,18,dc_entropic_subtraction,0.3895034790039062,2.77,,,d4-c1-n0.1-m18,4,1,0.1,18,,8.373680957524744
colosseum,18,hickock,11.002885810460109,57.88,,,d4-c1-n0.1-m18,4,1,0.1,18,,8.373680957524744
colosseum,18,frc_weighted_adaptive,-119.493821616238,1.23,,,d4-c1-n0.1-m18,4,1,0.1,18,,8.373680957524744
colosseum,18,frc_unweighted_knn,-3.727272727272727,0.36,,,d4-c1-n0.1-m18,4,1,0.1,18,,8.373680957524744
colosseum,18,orc,-0.0006823140984413,7.91,,,d4-c1-n0.1-m18,4,1,0.1,18,,8.373680957524744
colosseum,18,spc_hop,-84.84679962605453,65.05,,,d4-c1-n0.1-m18,4,1,0.1,18,,8.373680957524744
colosseum,18,spc_diffusion_t5,77.70664468712306,22.56,,,d4-c1-n0.1-m18,4,1,0.1,18,,8.373680957524744
colosseum,18,laziness_knn_t5,-5.291236877441406,0.68,,,d4-c1-n0.1-m18,4,1,0.1,18,,8.373680957524744
colosseum,18,laziness_adaptive_t5,-5.324851989746094,0.68,,,d4-c1-n0.1-m18,4,1,0.1,18,,8.373680957524744
colosseum,18,successor_entropy,-1.8006527623748407,0.05,944.1,,d4-c1-n0.1-m18,4,1,0.1,18,,8.373680957524744
colosseum,18,successor_orc,0.9512899311864922,10.86,944.1,,d4-c1-n0.1-m18,4,1,0.1,18,,8.373680957524744
colosseum,19,dc2,-1.3491334915161133,12.19,,,d4-c1-n0.1-m19,4,1,0.1,19,,-12.589043147632037
colosseum,19,dc_wasserstein_ollivier,-0.9000575542449951,3.42,,,d4-c1-n0.1-m19,4,1,0.1,19,,-12.589043147632037
colosseum,19,dc_entropic_subtraction,0.6154985427856445,2.72,,,d4-c1-n0.1-m19,4,1,0.1,19,,-12.589043147632037
colosseum,19,hickock,11.448707092783245,55.08,,,d4-c1-n0.1-m19,4,1,0.1,19,,-12.589043147632037
colosseum,19,frc_weighted_adaptive,-105.63626390161885,1.22,,,d4-c1-n0.1-m19,4,1,0.1,19,,-12.589043147632037
colosseum,19,frc_unweighted_knn,-4.0,0.29,,,d4-c1-n0.1-m19,4,1,0.1,19,,-12.589043147632037
colosseum,19,orc,-0.0655697532551993,6.93,,,d4-c1-n0.1-m19,4,1,0.1,19,,-12.589043147632037
colosseum,19,spc_hop,-352.0585824744178,62.52,,,d4-c1-n0.1-m19,4,1,0.1,19,,-12.589043147632037
colosseum,19,spc_diffusion_t5,-54.71874986639702,22.82,,,d4-c1-n0.1-m19,4,1,0.1,19,,-12.589043147632037
colosseum,19,laziness_knn_t5,-5.454524040222168,0.67,,,d4-c1-n0.1-m19,4,1,0.1,19,,-12.589043147632037
colosseum,19,laziness_adaptive_t5,-5.3679914474487305,0.68,,,d4-c1-n0.1-m19,4,1,0.1,19,,-12.589043147632037
colosseum,19,successor_entropy,-1.9095438867521783,0.05,930.47,,d4-c1-n0.1-m19,4,1,0.1,19,,-12.589043147632037
colosseum,19,successor_orc,0.952595971234388,11.92,930.47,,d4-c1-n0.1-m19,4,1,0.1,19,,-12.589043147632037
colosseum,20,dc2,-0.5679283142089844,12.11,,,d4-c1-n0.1-m20,4,1,0.1,20,,-22.14666700308524
colosseum,20,dc_wasserstein_ollivier,-0.766481876373291,3.44,,,d4-c1-n0.1-m20,4,1,0.1,20,,-22.14666700308524
colosseum,20,dc_entropic_subtraction,0.9952845573425292,2.73,,,d4-c1-n0.1-m20,4,1,0.1,20,,-22.14666700308524
colosseum,20,hickock,12.378785907663982,57.23,,,d4-c1-n0.1-m20,4,1,0.1,20,,-22.14666700308524
colosseum,20,frc_weighted_adaptive,-45.36251563876808,0.99,,,d4-c1-n0.1-m20,4,1,0.1,20,,-22.14666700308524
colosseum,20,frc_unweighted_knn,-8.692307692307692,0.34,,,d4-c1-n0.1-m20,4,1,0.1,20,,-22.14666700308524
colosseum,20,orc,-0.1376413165016902,8.38,,,d4-c1-n0.1-m20,4,1,0.1,20,,-22.14666700308524
colosseum,20,spc_hop,-38.384518319299865,65.37,,,d4-c1-n0.1-m20,4,1,0.1,20,,-22.14666700308524
colosseum,20,spc_diffusion_t5,-109.37230377801548,22.34,,,d4-c1-n0.1-m20,4,1,0.1,20,,-22.14666700308524
colosseum,20,laziness_knn_t5,-5.737667560577393,0.68,,,d4-c1-n0.1-m20,4,1,0.1,20,,-22.14666700308524
colosseum,20,laziness_adaptive_t5,-5.654204368591309,0.69,,,d4-c1-n0.1-m20,4,1,0.1,20,,-22.14666700308524
colosseum,20,successor_entropy,-1.8898368874952816,0.05,983.13,,d4-c1-n0.1-m20,4,1,0.1,20,,-22.14666700308524
colosseum,20,successor_orc,0.9506528675550018,10.0,983.13,,d4-c1-n0.1-m20,4,1,0.1,20,,-22.14666700308524
colosseum,21,dc2,-0.4745044708251953,12.77,,,d4-c1-n0.1-m21,4,1,0.1,21,,-1.1521292660172748
colosseum,21,dc_wasserstein_ollivier,-0.8721760511398315,3.46,,,d4-c1-n0.1-m21,4,1,0.1,21,,-1.1521292660172748
colosseum,21,dc_entropic_subtraction,0.3990693092346191,2.78,,,d4-c1-n0.1-m21,4,1,0.1,21,,-1.1521292660172748
colosseum,21,hickock,11.325668257254378,54.6,,,d4-c1-n0.1-m21,4,1,0.1,21,,-1.1521292660172748
colosseum,21,frc_weighted_adaptive,-93.15624576893778,1.02,,,d4-c1-n0.1-m21,4,1,0.1,21,,-1.1521292660172748
colosseum,21,frc_unweighted_knn,-11.454545454545457,0.35,,,d4-c1-n0.1-m21,4,1,0.1,21,,-1.1521292660172748
colosseum,21,orc,-0.2151003644122337,8.24,,,d4-c1-n0.1-m21,4,1,0.1,21,,-1.1521292660172748
colosseum,21,spc_hop,-377.7628909191562,64.33,,,d4-c1-n0.1-m21,4,1,0.1,21,,-1.1521292660172748
colosseum,21,spc_diffusion_t5,-15.554982859052425,22.51,,,d4-c1-n0.1-m21,4,1,0.1,21,,-1.1521292660172748
colosseum,21,laziness_knn_t5,-5.8608832359313965,0.69,,,d4-c1-n0.1-m21,4,1,0.1,21,,-1.1521292660172748
colosseum,21,laziness_adaptive_t5,-5.79879903793335,0.7,,,d4-c1-n0.1-m21,4,1,0.1,21,,-1.1521292660172748
colosseum,21,successor_entropy,-1.752926719404757,0.05,946.23,,d4-c1-n0.1-m21,4,1,0.1,21,,-1.1521292660172748
colosseum,21,successor_orc,0.9514631680064352,10.21,946.23,,d4-c1-n0.1-m21,4,1,0.1,21,,-1.1521292660172748
colosseum,22,dc2,-0.7567381858825684,12.3,,,d4-c1-n0.1-m22,4,1,0.1,22,,22.46226688864742
colosseum,22,dc_wasserstein_ollivier,-0.7420097589492798,3.48,,,d4-c1-n0.1-m22,4,1,0.1,22,,22.46226688864742
colosseum,22,dc_entropic_subtraction,0.7631220817565918,2.81,,,d4-c1-n0.1-m22,4,1,0.1,22,,22.46226688864742
colosseum,22,hickock,11.997128439452826,54.45,,,d4-c1-n0.1-m22,4,1,0.1,22,,22.46226688864742
colosseum,22,frc_weighted_adaptive,-104.114324328307,0.95,,,d4-c1-n0.1-m22,4,1,0.1,22,,22.46226688864742
colosseum,22,frc_unweighted_knn,-8.416666666666666,0.29,,,d4-c1-n0.1-m22,4,1,0.1,22,,22.46226688864742
colosseum,22,orc,-0.159575145151031,7.42,,,d4-c1-n0.1-m22,4,1,0.1,22,,22.46226688864742
colosseum,22,spc_hop,-115.73035304091395,63.67,,,d4-c1-n0.1-m22,4,1,0.1,22,,22.46226688864742
colosseum,22,spc_diffusion_t5,-68.07598145652977,22.18,,,d4-c1-n0.1-m22,4,1,0.1,22,,22.46226688864742
colosseum,22,laziness_knn_t5,-5.63703727722168,0.68,,,d4-c1-n0.1-m22,4,1,0.1,22,,22.46226688864742
colosseum,22,laziness_adaptive_t5,-5.59467887878418,0.69,,,d4-c1-n0.1-m22,4,1,0.1,22,,22.46226688864742
colosseum,22,successor_entropy,-1.8215726623814552,0.05,978.61,,d4-c1-n0.1-m22,4,1,0.1,22,,22.46226688864742
colosseum,22,successor_orc,0.9515200515300468,10.2,978.61,,d4-c1-n0.1-m22,4,1,0.1,22,,22.46226688864742
colosseum,23,dc2,-0.2860817909240722,12.0,,,d4-c1-n0.1-m23,4,1,0.1,23,,-42.2778695375596
colosseum,23,dc_wasserstein_ollivier,-0.8495470285415649,3.36,,,d4-c1-n0.1-m23,4,1,0.1,23,,-42.2778695375596
colosseum,23,dc_entropic_subtraction,1.0151691436767578,2.71,,,d4-c1-n0.1-m23,4,1,0.1,23,,-42.2778695375596
colosseum,23,hickock,12.516255472807003,55.74,,,d4-c1-n0.1-m23,4,1,0.1,23,,-42.2778695375596
colosseum,23,frc_weighted_adaptive,-56.19087741866319,1.0,,,d4-c1-n0.1-m23,4,1,0.1,23,,-42.2778695375596
colosseum,23,frc_unweighted_knn,-9.7,0.34,,,d4-c1-n0.1-m23,4,1,0.1,23,,-42.2778695375596
colosseum,23,orc,-0.2078403846412219,8.73,,,d4-c1-n0.1-m23,4,1,0.1,23,,-42.2778695375596
colosseum,23,spc_hop,139.85397379801958,64.32,,,d4-c1-n0.1-m23,4,1,0.1,23,,-42.2778695375596
colosseum,23,spc_diffusion_t5,95.02138853529225,22.15,,,d4-c1-n0.1-m23,4,1,0.1,23,,-42.2778695375596
colosseum,23,laziness_knn_t5,-5.799992084503174,0.68,,,d4-c1-n0.1-m23,4,1,0.1,23,,-42.2778695375596
colosseum,23,laziness_adaptive_t5,-5.730800628662109,0.69,,,d4-c1-n0.1-m23,4,1,0.1,23,,-42.2778695375596
colosseum,23,successor_entropy,-1.8153734908967551,0.05,958.84,,d4-c1-n0.1-m23,4,1,0.1,23,,-42.2778695375596
colosseum,23,successor_orc,0.9513736824509084,5.1,958.84,,d4-c1-n0.1-m23,4,1,0.1,23,,-42.2778695375596
colosseum,24,dc2,-0.2971673011779785,11.96,,,d4-c1-n0.1-m24,4,1,0.1,24,,0.6372537377314575
colosseum,24,dc_wasserstein_ollivier,-0.8312625885009766,3.68,,,d4-c1-n0.1-m24,4,1,0.1,24,,0.6372537377314575
colosseum,24,dc_entropic_subtraction,0.8800172805786133,2.52,,,d4-c1-n0.1-m24,4,1,0.1,24,,0.6372537377314575
colosseum,24,hickock,12.425734622304333,55.06,,,d4-c1-n0.1-m24,4,1,0.1,24,,0.6372537377314575
colosseum,24,frc_weighted_adaptive,-36.38716325326753,1.0,,,d4-c1-n0.1-m24,4,1,0.1,24,,0.6372537377314575
colosseum,24,frc_unweighted_knn,-6.846153846153846,0.33,,,d4-c1-n0.1-m24,4,1,0.1,24,,0.6372537377314575
colosseum,24,orc,-0.0956584613996086,8.68,,,d4-c1-n0.1-m24,4,1,0.1,24,,0.6372537377314575
colosseum,24,spc_hop,521.4386347248466,64.5,,,d4-c1-n0.1-m24,4,1,0.1,24,,0.6372537377314575
colosseum,24,spc_diffusion_t5,-77.36771026803414,22.53,,,d4-c1-n0.1-m24,4,1,0.1,24,,0.6372537377314575
colosseum,24,laziness_knn_t5,-5.401324272155762,0.68,,,d4-c1-n0.1-m24,4,1,0.1,24,,0.6372537377314575
colosseum,24,laziness_adaptive_t5,-5.336101531982422,0.67,,,d4-c1-n0.1-m24,4,1,0.1,24,,0.6372537377314575
colosseum,24,successor_entropy,-1.8234190721921624,0.05,932.37,,d4-c1-n0.1-m24,4,1,0.1,24,,0.6372537377314575
colosseum,24,successor_orc,0.9518546411676624,10.18,932.37,,d4-c1-n0.1-m24,4,1,0.1,24,,0.6372537377314575
colosseum,25,dc2,-0.9696507453918456,12.13,,,d4-c1-n0.1-m25,4,1,0.1,25,,-25.218954466081893
colosseum,25,dc_wasserstein_ollivier,-0.945304036140442,3.41,,,d4-c1-n0.1-m25,4,1,0.1,25,,-25.218954466081893
colosseum,25,dc_entropic_subtraction,0.5907473564147949,2.78,,,d4-c1-n0.1-m25,4,1,0.1,25,,-25.218954466081893
colosseum,0,dc2,-1.0237364768981934,14.77,,,d4-c1-n0.2-m0,4,1,0.2,0,,-2.283491631876038
colosseum,0,dc_wasserstein_ollivier,-0.8293390274047852,4.34,,,d4-c1-n0.2-m0,4,1,0.2,0,,-2.283491631876038
colosseum,0,dc_entropic_subtraction,0.6374001502990723,3.49,,,d4-c1-n0.2-m0,4,1,0.2,0,,-2.283491631876038
colosseum,0,hickock,11.245963515812411,48.83,,,d4-c1-n0.2-m0,4,1,0.2,0,,-2.283491631876038
colosseum,0,frc_weighted_adaptive,-63.77949480121836,0.99,,,d4-c1-n0.2-m0,4,1,0.2,0,,-2.283491631876038
colosseum,0,frc_unweighted_knn,-6.461538461538462,0.32,,,d4-c1-n0.2-m0,4,1,0.2,0,,-2.283491631876038
colosseum,0,orc,-0.0852512603105929,8.04,,,d4-c1-n0.2-m0,4,1,0.2,0,,-2.283491631876038
colosseum,0,spc_hop,672.4389428248855,64.75,,,d4-c1-n0.2-m0,4,1,0.2,0,,-2.283491631876038
colosseum,0,spc_diffusion_t5,266.8055606008593,19.46,,,d4-c1-n0.2-m0,4,1,0.2,0,,-2.283491631876038
colosseum,0,laziness_knn_t5,-5.517886161804199,0.92,,,d4-c1-n0.2-m0,4,1,0.2,0,,-2.283491631876038
colosseum,0,laziness_adaptive_t5,-5.463901519775391,0.68,,,d4-c1-n0.2-m0,4,1,0.2,0,,-2.283491631876038
colosseum,0,successor_entropy,-1.7722954274856797,0.05,954.88,,d4-c1-n0.2-m0,4,1,0.2,0,,-2.283491631876038
colosseum,0,successor_orc,0.9520833010987988,5.87,954.88,,d4-c1-n0.2-m0,4,1,0.2,0,,-2.283491631876038
colosseum,1,dc2,-2.2374427318573,13.06,,,d4-c1-n0.2-m1,4,1,0.2,1,,-40.85574276079044
colosseum,1,dc_wasserstein_ollivier,-0.9841586351394652,3.56,,,d4-c1-n0.2-m1,4,1,0.2,1,,-40.85574276079044
colosseum,1,dc_entropic_subtraction,0.7311582565307617,2.98,,,d4-c1-n0.2-m1,4,1,0.2,1,,-40.85574276079044
colosseum,1,hickock,11.010680378979908,53.38,,,d4-c1-n0.2-m1,4,1,0.2,1,,-40.85574276079044
colosseum,1,frc_weighted_adaptive,-87.30948237958037,1.0,,,d4-c1-n0.2-m1,4,1,0.2,1,,-40.85574276079044
colosseum,1,frc_unweighted_knn,-12.176470588235292,0.31,,,d4-c1-n0.2-m1,4,1,0.2,1,,-40.85574276079044
colosseum,1,orc,-0.1531371710741732,7.53,,,d4-c1-n0.2-m1,4,1,0.2,1,,-40.85574276079044
colosseum,1,spc_hop,366.0308029043245,62.06,,,d4-c1-n0.2-m1,4,1,0.2,1,,-40.85574276079044
colosseum,1,spc_diffusion_t5,-112.02409728085648,19.38,,,d4-c1-n0.2-m1,4,1,0.2,1,,-40.85574276079044
colosseum,1,laziness_knn_t5,-5.923999786376953,0.73,,,d4-c1-n0.2-m1,4,1,0.2,1,,-40.85574276079044
colosseum,1,laziness_adaptive_t5,-5.882004737854004,0.72,,,d4-c1-n0.2-m1,4,1,0.2,1,,-40.85574276079044
colosseum,1,successor_entropy,-1.8936902666787307,0.05,948.82,,d4-c1-n0.2-m1,4,1,0.2,1,,-40.85574276079044
colosseum,1,successor_orc,0.9535180040430842,5.04,948.82,,d4-c1-n0.2-m1,4,1,0.2,1,,-40.85574276079044
colosseum,2,dc2,-1.2580461502075195,13.11,,,d4-c1-n0.2-m2,4,1,0.2,2,,-28.88700051914657
colosseum,2,dc_wasserstein_ollivier,-0.8191909790039062,3.33,,,d4-c1-n0.2-m2,4,1,0.2,2,,-28.88700051914657
colosseum,2,dc_entropic_subtraction,1.2910051345825195,2.74,,,d4-c1-n0.2-m2,4,1,0.2,2,,-28.88700051914657
colosseum,2,hickock,12.558635783794278,51.39,,,d4-c1-n0.2-m2,4,1,0.2,2,,-28.88700051914657
colosseum,2,frc_weighted_adaptive,-63.00140249499847,1.23,,,d4-c1-n0.2-m2,4,1,0.2,2,,-28.88700051914657
colosseum,2,frc_unweighted_knn,-7.066666666666666,0.32,,,d4-c1-n0.2-m2,4,1,0.2,2,,-28.88700051914657
colosseum,2,orc,-0.0612612474587273,7.63,,,d4-c1-n0.2-m2,4,1,0.2,2,,-28.88700051914657
colosseum,2,spc_hop,-155.53195638183303,62.21,,,d4-c1-n0.2-m2,4,1,0.2,2,,-28.88700051914657
colosseum,2,spc_diffusion_t5,-43.38973895042195,19.76,,,d4-c1-n0.2-m2,4,1,0.2,2,,-28.88700051914657
colosseum,2,laziness_knn_t5,-5.697779178619385,0.71,,,d4-c1-n0.2-m2,4,1,0.2,2,,-28.88700051914657
colosseum,2,laziness_adaptive_t5,-5.666751384735107,0.71,,,d4-c1-n0.2-m2,4,1,0.2,2,,-28.88700051914657
colosseum,2,successor_entropy,-1.945929888044484,0.05,970.52,,d4-c1-n0.2-m2,4,1,0.2,2,,-28.88700051914657
colosseum,2,successor_orc,0.953232476224066,5.81,970.52,,d4-c1-n0.2-m2,4,1,0.2,2,,-28.88700051914657
colosseum,3,dc2,-0.9344336986541748,13.16,,,d4-c1-n0.2-m3,4,1,0.2,3,,-24.255884697484955
colosseum,3,dc_wasserstein_ollivier,-1.120408296585083,3.56,,,d4-c1-n0.2-m3,4,1,0.2,3,,-24.255884697484955
colosseum,3,dc_entropic_subtraction,0.4625711441040039,2.71,,,d4-c1-n0.2-m3,4,1,0.2,3,,-24.255884697484955
colosseum,3,hickock,11.1242044501497,57.46,,,d4-c1-n0.2-m3,4,1,0.2,3,,-24.255884697484955
colosseum,3,frc_weighted_adaptive,-70.8373058319594,1.25,,,d4-c1-n0.2-m3,4,1,0.2,3,,-24.255884697484955
colosseum,3,frc_unweighted_knn,-8.076923076923077,0.32,,,d4-c1-n0.2-m3,4,1,0.2,3,,-24.255884697484955
colosseum,3,orc,-0.1161257227864329,7.4,,,d4-c1-n0.2-m3,4,1,0.2,3,,-24.255884697484955
colosseum,3,spc_hop,-863.9900873988591,62.06,,,d4-c1-n0.2-m3,4,1,0.2,3,,-24.255884697484955
colosseum,3,spc_diffusion_t5,-25.77851437631187,19.6,,,d4-c1-n0.2-m3,4,1,0.2,3,,-24.255884697484955
colosseum,3,laziness_knn_t5,-5.822404384613037,0.75,,,d4-c1-n0.2-m3,4,1,0.2,3,,-24.255884697484955
colosseum,3,laziness_adaptive_t5,-5.807729721069336,0.74,,,d4-c1-n0.2-m3,4,1,0.2,3,,-24.255884697484955
colosseum,3,successor_entropy,-2.0277732525803147,0.05,941.21,,d4-c1-n0.2-m3,4,1,0.2,3,,-24.255884697484955
colosseum,3,successor_orc,0.9517952076588748,6.29,941.21,,d4-c1-n0.2-m3,4,1,0.2,3,,-24.255884697484955
colosseum,4,dc2,-1.439490795135498,16.52,,,d4-c1-n0.2-m4,4,1,0.2,4,,-40.55689961785734
colosseum,4,dc_wasserstein_ollivier,-0.7888610363006592,4.35,,,d4-c1-n0.2-m4,4,1,0.2,4,,-40.55689961785734
colosseum,4,dc_entropic_subtraction,0.8829660415649414,3.34,,,d4-c1-n0.2-m4,4,1,0.2,4,,-40.55689961785734
colosseum,4,hickock,12.275989306913369,53.16,,,d4-c1-n0.2-m4,4,1,0.2,4,,-40.55689961785734
colosseum,4,frc_weighted_adaptive,-39.16813278373075,1.27,,,d4-c1-n0.2-m4,4,1,0.2,4,,-40.55689961785734
colosseum,4,frc_unweighted_knn,-9.6,0.32,,,d4-c1-n0.2-m4,4,1,0.2,4,,-40.55689961785734
colosseum,4,orc,-0.0758439051107362,7.18,,,d4-c1-n0.2-m4,4,1,0.2,4,,-40.55689961785734
colosseum,4,spc_hop,-27.78278412049457,61.17,,,d4-c1-n0.2-m4,4,1,0.2,4,,-40.55689961785734
colosseum,4,spc_diffusion_t5,-83.70154990725204,19.19,,,d4-c1-n0.2-m4,4,1,0.2,4,,-40.55689961785734
colosseum,4,laziness_knn_t5,-5.706371307373047,0.93,,,d4-c1-n0.2-m4,4,1,0.2,4,,-40.55689961785734
colosseum,4,laziness_adaptive_t5,-5.643213748931885,0.73,,,d4-c1-n0.2-m4,4,1,0.2,4,,-40.55689961785734
colosseum,4,successor_entropy,-1.9024963066806089,0.05,946.68,,d4-c1-n0.2-m4,4,1,0.2,4,,-40.55689961785734
colosseum,4,successor_orc,0.9517281809071484,5.38,946.68,,d4-c1-n0.2-m4,4,1,0.2,4,,-40.55689961785734
colosseum,5,dc2,-1.307464599609375,12.83,,,d4-c1-n0.2-m5,4,1,0.2,5,,-15.753154842070732
colosseum,5,dc_wasserstein_ollivier,-1.0083284378051758,3.53,,,d4-c1-n0.2-m5,4,1,0.2,5,,-15.753154842070732
colosseum,5,dc_entropic_subtraction,0.4885497093200683,3.02,,,d4-c1-n0.2-m5,4,1,0.2,5,,-15.753154842070732
colosseum,5,hickock,11.225082890591636,54.59,,,d4-c1-n0.2-m5,4,1,0.2,5,,-15.753154842070732
colosseum,5,frc_weighted_adaptive,-90.61640489010333,0.99,,,d4-c1-n0.2-m5,4,1,0.2,5,,-15.753154842070732
colosseum,5,frc_unweighted_knn,-13.0,0.33,,,d4-c1-n0.2-m5,4,1,0.2,5,,-15.753154842070732
colosseum,5,orc,-0.1256349737735116,7.16,,,d4-c1-n0.2-m5,4,1,0.2,5,,-15.753154842070732
colosseum,5,spc_hop,-141.53197812643268,61.83,,,d4-c1-n0.2-m5,4,1,0.2,5,,-15.753154842070732
colosseum,5,spc_diffusion_t5,18.003827665995214,21.47,,,d4-c1-n0.2-m5,4,1,0.2,5,,-15.753154842070732
colosseum,5,laziness_knn_t5,-5.825599670410156,0.96,,,d4-c1-n0.2-m5,4,1,0.2,5,,-15.753154842070732
colosseum,5,laziness_adaptive_t5,-5.838220596313477,0.97,,,d4-c1-n0.2-m5,4,1,0.2,5,,-15.753154842070732
colosseum,5,successor_entropy,-1.8365928151384,0.05,907.01,,d4-c1-n0.2-m5,4,1,0.2,5,,-15.753154842070732
colosseum,5,successor_orc,0.9506688096962728,5.05,907.01,,d4-c1-n0.2-m5,4,1,0.2,5,,-15.753154842070732
colosseum,6,dc2,-1.2293353080749512,15.25,,,d4-c1-n0.2-m6,4,1,0.2,6,,-32.232410764812855
colosseum,6,dc_wasserstein_ollivier,-1.0572268962860107,3.72,,,d4-c1-n0.2-m6,4,1,0.2,6,,-32.232410764812855
colosseum,6,dc_entropic_subtraction,0.6807546615600586,3.67,,,d4-c1-n0.2-m6,4,1,0.2,6,,-32.232410764812855
colosseum,6,hickock,11.9836808133931,54.05,,,d4-c1-n0.2-m6,4,1,0.2,6,,-32.232410764812855
colosseum,6,frc_weighted_adaptive,-85.48756146439956,1.02,,,d4-c1-n0.2-m6,4,1,0.2,6,,-32.232410764812855
colosseum,6,frc_unweighted_knn,-9.307692307692308,0.33,,,d4-c1-n0.2-m6,4,1,0.2,6,,-32.232410764812855
colosseum,6,orc,-0.154280818739995,7.25,,,d4-c1-n0.2-m6,4,1,0.2,6,,-32.232410764812855
colosseum,6,spc_hop,-23.326788900291245,60.9,,,d4-c1-n0.2-m6,4,1,0.2,6,,-32.232410764812855
colosseum,6,spc_diffusion_t5,-124.74466258227534,19.08,,,d4-c1-n0.2-m6,4,1,0.2,6,,-32.232410764812855
colosseum,6,laziness_knn_t5,-6.024909496307373,0.94,,,d4-c1-n0.2-m6,4,1,0.2,6,,-32.232410764812855
colosseum,6,laziness_adaptive_t5,-6.020169258117676,0.73,,,d4-c1-n0.2-m6,4,1,0.2,6,,-32.232410764812855
colosseum,6,successor_entropy,-1.9425300932861864,0.05,925.09,,d4-c1-n0.2-m6,4,1,0.2,6,,-32.232410764812855
colosseum,6,successor_orc,0.9522551100137842,5.24,925.09,,d4-c1-n0.2-m6,4,1,0.2,6,,-32.232410764812855
colosseum,7,dc2,-1.298123836517334,13.82,,,d4-c1-n0.2-m7,4,1,0.2,7,,33.49101789945846
colosseum,7,dc_wasserstein_ollivier,-0.4672486782073974,3.76,,,d4-c1-n0.2-m7,4,1,0.2,7,,33.49101789945846
colosseum,7,dc_entropic_subtraction,0.9909944534301758,3.07,,,d4-c1-n0.2-m7,4,1,0.2,7,,33.49101789945846
colosseum,7,hickock,11.986139002048038,53.96,,,d4-c1-n0.2-m7,4,1,0.2,7,,33.49101789945846
colosseum,7,frc_weighted_adaptive,-85.15367839565761,1.02,,,d4-c1-n0.2-m7,4,1,0.2,7,,33.49101789945846
colosseum,7,frc_unweighted_knn,-11.090909090909092,0.33,,,d4-c1-n0.2-m7,4,1,0.2,7,,33.49101789945846
colosseum,7,orc,-0.2334099864294303,7.1,,,d4-c1-n0.2-m7,4,1,0.2,7,,33.49101789945846
colosseum,7,spc_hop,-12.88815234860832,63.84,,,d4-c1-n0.2-m7,4,1,0.2,7,,33.49101789945846
colosseum,7,spc_diffusion_t5,-113.55416475571444,19.08,,,d4-c1-n0.2-m7,4,1,0.2,7,,33.49101789945846
colosseum,7,laziness_knn_t5,-6.00182056427002,0.93,,,d4-c1-n0.2-m7,4,1,0.2,7,,33.49101789945846
colosseum,7,laziness_adaptive_t5,-5.964701652526856,0.77,,,d4-c1-n0.2-m7,4,1,0.2,7,,33.49101789945846
colosseum,7,successor_entropy,-1.770109341545923,0.05,963.44,,d4-c1-n0.2-m7,4,1,0.2,7,,33.49101789945846
colosseum,7,successor_orc,0.9509498538176544,4.39,963.44,,d4-c1-n0.2-m7,4,1,0.2,7,,33.49101789945846
colosseum,8,dc2,-1.1204969882965088,13.26,,,d4-c1-n0.2-m8,4,1,0.2,8,,-14.53159094375098
colosseum,8,dc_wasserstein_ollivier,-0.9300161600112916,3.29,,,d4-c1-n0.2-m8,4,1,0.2,8,,-14.53159094375098
colosseum,8,dc_entropic_subtraction,0.8354949951171875,2.68,,,d4-c1-n0.2-m8,4,1,0.2,8,,-14.53159094375098
colosseum,8,hickock,12.380471782197343,54.72,,,d4-c1-n0.2-m8,4,1,0.2,8,,-14.53159094375098
colosseum,8,frc_weighted_adaptive,-67.69985281509653,1.32,,,d4-c1-n0.2-m8,4,1,0.2,8,,-14.53159094375098
colosseum,8,frc_unweighted_knn,-7.7,0.33,,,d4-c1-n0.2-m8,4,1,0.2,8,,-14.53159094375098
colosseum,8,orc,-0.0754271024180213,7.15,,,d4-c1-n0.2-m8,4,1,0.2,8,,-14.53159094375098
colosseum,8,spc_hop,-106.7235503464733,61.27,,,d4-c1-n0.2-m8,4,1,0.2,8,,-14.53159094375098
colosseum,8,spc_diffusion_t5,2.0468021137368537,22.11,,,d4-c1-n0.2-m8,4,1,0.2,8,,-14.53159094375098
colosseum,8,laziness_knn_t5,-5.658567905426025,0.7,,,d4-c1-n0.2-m8,4,1,0.2,8,,-14.53159094375098
colosseum,8,laziness_adaptive_t5,-5.602601528167725,0.68,,,d4-c1-n0.2-m8,4,1,0.2,8,,-14.53159094375098
colosseum,8,successor_entropy,-1.7822756280340255,0.05,957.68,,d4-c1-n0.2-m8,4,1,0.2,8,,-14.53159094375098
colosseum,8,successor_orc,0.9510382506401674,5.45,957.68,,d4-c1-n0.2-m8,4,1,0.2,8,,-14.53159094375098
colosseum,9,dc2,-0.9572510719299316,13.07,,,d4-c1-n0.2-m9,4,1,0.2,9,,-24.279648070653074
colosseum,9,dc_wasserstein_ollivier,-1.0732004642486572,3.6,,,d4-c1-n0.2-m9,4,1,0.2,9,,-24.279648070653074
colosseum,9,dc_entropic_subtraction,0.5702648162841797,2.76,,,d4-c1-n0.2-m9,4,1,0.2,9,,-24.279648070653074
colosseum,9,hickock,11.26377343329721,54.24,,,d4-c1-n0.2-m9,4,1,0.2,9,,-24.279648070653074
colosseum,9,frc_weighted_adaptive,-77.07171697473217,1.36,,,d4-c1-n0.2-m9,4,1,0.2,9,,-24.279648070653074
colosseum,9,frc_unweighted_knn,-8.818181818181818,0.34,,,d4-c1-n0.2-m9,4,1,0.2,9,,-24.279648070653074
colosseum,9,orc,-0.1558204582998171,7.92,,,d4-c1-n0.2-m9,4,1,0.2,9,,-24.279648070653074
colosseum,9,spc_hop,91.88398886702386,63.06,,,d4-c1-n0.2-m9,4,1,0.2,9,,-24.279648070653074
colosseum,9,spc_diffusion_t5,-85.04817424079799,21.81,,,d4-c1-n0.2-m9,4,1,0.2,9,,-24.279648070653074
colosseum,9,laziness_knn_t5,-6.054855346679688,0.76,,,d4-c1-n0.2-m9,4,1,0.2,9,,-24.279648070653074
colosseum,9,laziness_adaptive_t5,-6.022427558898926,0.71,,,d4-c1-n0.2-m9,4,1,0.2,9,,-24.279648070653074
colosseum,9,successor_entropy,-2.016346844857404,0.05,959.01,,d4-c1-n0.2-m9,4,1,0.2,9,,-24.279648070653074
colosseum,9,successor_orc,0.9529650104222572,4.98,959.01,,d4-c1-n0.2-m9,4,1,0.2,9,,-24.279648070653074
colosseum,10,dc2,-1.2319355010986328,12.85,,,d4-c1-n0.2-m10,4,1,0.2,10,,-1.364046898926579
colosseum,10,dc_wasserstein_ollivier,-0.8767681121826172,3.3,,,d4-c1-n0.2-m10,4,1,0.2,10,,-1.364046898926579
colosseum,10,dc_entropic_subtraction,0.4348440170288086,2.76,,,d4-c1-n0.2-m10,4,1,0.2,10,,-1.364046898926579
colosseum,10,hickock,10.492620072529563,54.08,,,d4-c1-n0.2-m10,4,1,0.2,10,,-1.364046898926579
colosseum,10,frc_weighted_adaptive,-62.87573058805917,1.35,,,d4-c1-n0.2-m10,4,1,0.2,10,,-1.364046898926579
colosseum,10,frc_unweighted_knn,-12.5,0.35,,,d4-c1-n0.2-m10,4,1,0.2,10,,-1.364046898926579
colosseum,10,orc,-0.235160077901587,7.89,,,d4-c1-n0.2-m10,4,1,0.2,10,,-1.364046898926579
colosseum,10,spc_hop,68.52573831960721,61.1,,,d4-c1-n0.2-m10,4,1,0.2,10,,-1.364046898926579
colosseum,10,spc_diffusion_t5,32.45152451938017,19.16,,,d4-c1-n0.2-m10,4,1,0.2,10,,-1.364046898926579
colosseum,10,laziness_knn_t5,-5.98815393447876,0.73,,,d4-c1-n0.2-m10,4,1,0.2,10,,-1.364046898926579
colosseum,10,laziness_adaptive_t5,-5.970231056213379,0.69,,,d4-c1-n0.2-m10,4,1,0.2,10,,-1.364046898926579
colosseum,10,successor_entropy,-1.928333509452641,0.05,1178.65,,d4-c1-n0.2-m10,4,1,0.2,10,,-1.364046898926579
colosseum,10,successor_orc,0.9512205161640728,5.43,1178.65,,d4-c1-n0.2-m10,4,1,0.2,10,,-1.364046898926579
colosseum,11,dc2,-1.4715855121612549,17.76,,,d4-c1-n0.2-m11,4,1,0.2,11,,-17.89770661910751
colosseum,11,dc_wasserstein_ollivier,-1.0700290203094482,4.53,,,d4-c1-n0.2-m11,4,1,0.2,11,,-17.89770661910751
colosseum,11,dc_entropic_subtraction,0.6688985824584961,3.8,,,d4-c1-n0.2-m11,4,1,0.2,11,,-17.89770661910751
colosseum,11,hickock,11.839419971002815,59.76,,,d4-c1-n0.2-m11,4,1,0.2,11,,-17.89770661910751
colosseum,11,frc_weighted_adaptive,-129.88407355115626,1.42,,,d4-c1-n0.2-m11,4,1,0.2,11,,-17.89770661910751
colosseum,11,frc_unweighted_knn,-13.833333333333334,0.36,,,d4-c1-n0.2-m11,4,1,0.2,11,,-17.89770661910751
colosseum,11,orc,-0.2642865214828807,8.8,,,d4-c1-n0.2-m11,4,1,0.2,11,,-17.89770661910751
colosseum,11,spc_hop,56.80037579868196,71.25,,,d4-c1-n0.2-m11,4,1,0.2,11,,-17.89770661910751
colosseum,11,spc_diffusion_t5,112.29409653181062,23.47,,,d4-c1-n0.2-m11,4,1,0.2,11,,-17.89770661910751
colosseum,11,laziness_knn_t5,-6.090482711791992,0.97,,,d4-c1-n0.2-m11,4,1,0.2,11,,-17.89770661910751
colosseum,11,laziness_adaptive_t5,-6.037716865539551,0.95,,,d4-c1-n0.2-m11,4,1,0.2,11,,-17.89770661910751
colosseum,11,successor_entropy,-1.9271634586378927,0.06,1324.41,,d4-c1-n0.2-m11,4,1,0.2,11,,-17.89770661910751
colosseum,11,successor_orc,0.9519156851047068,35.3,1324.41,,d4-c1-n0.2-m11,4,1,0.2,11,,-17.89770661910751
colosseum,12,dc2,-0.9261126518249512,17.28,,,d4-c1-n0.2-m12,4,1,0.2,12,,-18.146134095124843
colosseum,12,dc_wasserstein_ollivier,-0.837887167930603,4.52,,,d4-c1-n0.2-m12,4,1,0.2,12,,-18.146134095124843
colosseum,12,dc_entropic_subtraction,0.896967887878418,4.04,,,d4-c1-n0.2-m12,4,1,0.2,12,,-18.146134095124843
colosseum,12,hickock,12.235803910555395,60.53,,,d4-c1-n0.2-m12,4,1,0.2,12,,-18.146134095124843
colosseum,12,frc_weighted_adaptive,-70.12728428835366,1.58,,,d4-c1-n0.2-m12,4,1,0.2,12,,-18.146134095124843
colosseum,12,frc_unweighted_knn,-6.0,0.4,,,d4-c1-n0.2-m12,4,1,0.2,12,,-18.146134095124843
colosseum,12,orc,-0.1436078200211256,8.49,,,d4-c1-n0.2-m12,4,1,0.2,12,,-18.146134095124843
colosseum,12,spc_hop,-84.0920410353751,71.56,,,d4-c1-n0.2-m12,4,1,0.2,12,,-18.146134095124843
colosseum,12,spc_diffusion_t5,213.2969471448626,23.83,,,d4-c1-n0.2-m12,4,1,0.2,12,,-18.146134095124843
colosseum,12,laziness_knn_t5,-5.605417728424072,1.01,,,d4-c1-n0.2-m12,4,1,0.2,12,,-18.146134095124843
colosseum,12,laziness_adaptive_t5,-5.53371524810791,0.81,,,d4-c1-n0.2-m12,4,1,0.2,12,,-18.146134095124843
colosseum,12,successor_entropy,-1.908567209723095,0.05,995.91,,d4-c1-n0.2-m12,4,1,0.2,12,,-18.146134095124843
colosseum,12,successor_orc,0.9503188493563032,5.68,995.91,,d4-c1-n0.2-m12,4,1,0.2,12,,-18.146134095124843
colosseum,13,dc2,-1.5362372398376465,13.3,,,d4-c1-n0.2-m13,4,1,0.2,13,,5.80732221367746
colosseum,13,dc_wasserstein_ollivier,-0.7465840578079224,3.32,,,d4-c1-n0.2-m13,4,1,0.2,13,,5.80732221367746
colosseum,13,dc_entropic_subtraction,0.9621567726135254,2.71,,,d4-c1-n0.2-m13,4,1,0.2,13,,5.80732221367746
colosseum,13,hickock,11.735149671095783,56.68,,,d4-c1-n0.2-m13,4,1,0.2,13,,5.80732221367746
colosseum,13,frc_weighted_adaptive,-60.58227229188517,1.01,,,d4-c1-n0.2-m13,4,1,0.2,13,,5.80732221367746
colosseum,13,frc_unweighted_knn,-14.866666666666667,0.68,,,d4-c1-n0.2-m13,4,1,0.2,13,,5.80732221367746
colosseum,13,orc,-0.2101426658372849,8.14,,,d4-c1-n0.2-m13,4,1,0.2,13,,5.80732221367746
colosseum,13,spc_hop,429.4538109429728,75.73,,,d4-c1-n0.2-m13,4,1,0.2,13,,5.80732221367746
colosseum,13,spc_diffusion_t5,-22.52122876842996,21.34,,,d4-c1-n0.2-m13,4,1,0.2,13,,5.80732221367746
colosseum,13,laziness_knn_t5,-5.716368675231934,0.82,,,d4-c1-n0.2-m13,4,1,0.2,13,,5.80732221367746
colosseum,13,laziness_adaptive_t5,-5.688637733459473,0.74,,,d4-c1-n0.2-m13,4,1,0.2,13,,5.80732221367746
colosseum,13,successor_entropy,-1.745077919140303,0.05,1270.08,,d4-c1-n0.2-m13,4,1,0.2,13,,5.80732221367746
colosseum,13,successor_orc,0.952696336925685,5.48,1270.08,,d4-c1-n0.2-m13,4,1,0.2,13,,5.80732221367746
colosseum,14,dc2,-1.885848045349121,19.09,,,d4-c1-n0.2-m14,4,1,0.2,14,,-27.08535467956427
colosseum,14,dc_wasserstein_ollivier,-0.9019203186035156,6.38,,,d4-c1-n0.2-m14,4,1,0.2,14,,-27.08535467956427
colosseum,14,dc_entropic_subtraction,0.7774710655212402,5.16,,,d4-c1-n0.2-m14,4,1,0.2,14,,-27.08535467956427
colosseum,14,hickock,11.32622958347156,59.92,,,d4-c1-n0.2-m14,4,1,0.2,14,,-27.08535467956427
colosseum,14,frc_weighted_adaptive,-104.99457429848304,1.08,,,d4-c1-n0.2-m14,4,1,0.2,14,,-27.08535467956427
colosseum,14,frc_unweighted_knn,-13.8,0.38,,,d4-c1-n0.2-m14,4,1,0.2,14,,-27.08535467956427
colosseum,14,orc,-0.1754215368023679,9.03,,,d4-c1-n0.2-m14,4,1,0.2,14,,-27.08535467956427
colosseum,14,spc_hop,-299.00005024246764,73.26,,,d4-c1-n0.2-m14,4,1,0.2,14,,-27.08535467956427
colosseum,14,spc_diffusion_t5,49.12454680869402,22.92,,,d4-c1-n0.2-m14,4,1,0.2,14,,-27.08535467956427
colosseum,14,laziness_knn_t5,-5.9830098152160645,1.08,,,d4-c1-n0.2-m14,4,1,0.2,14,,-27.08535467956427
colosseum,14,laziness_adaptive_t5,-5.965562343597412,1.18,,,d4-c1-n0.2-m14,4,1,0.2,14,,-27.08535467956427
colosseum,14,successor_entropy,-1.9316991953415172,0.06,1327.55,,d4-c1-n0.2-m14,4,1,0.2,14,,-27.08535467956427
colosseum,14,successor_orc,0.9520482153051898,5.52,1327.55,,d4-c1-n0.2-m14,4,1,0.2,14,,-27.08535467956427
colosseum,15,dc2,-0.6811323165893555,23.58,,,d4-c1-n0.2-m15,4,1,0.2,15,,-27.468562223490192
colosseum,15,dc_wasserstein_ollivier,-0.8736649751663208,4.96,,,d4-c1-n0.2-m15,4,1,0.2,15,,-27.468562223490192
colosseum,15,dc_entropic_subtraction,0.8291826248168945,4.01,,,d4-c1-n0.2-m15,4,1,0.2,15,,-27.468562223490192
colosseum,15,hickock,12.958970177847904,61.29,,,d4-c1-n0.2-m15,4,1,0.2,15,,-27.468562223490192
colosseum,15,frc_weighted_adaptive,-72.53651954060734,1.57,,,d4-c1-n0.2-m15,4,1,0.2,15,,-27.468562223490192
colosseum,15,frc_unweighted_knn,-7.8,1.25,,,d4-c1-n0.2-m15,4,1,0.2,15,,-27.468562223490192
colosseum,15,orc,-0.0876433884777884,9.0,,,d4-c1-n0.2-m15,4,1,0.2,15,,-27.468562223490192
colosseum,15,spc_hop,120.84813266705258,75.33,,,d4-c1-n0.2-m15,4,1,0.2,15,,-27.468562223490192
colosseum,15,spc_diffusion_t5,5.1823861229227,25.3,,,d4-c1-n0.2-m15,4,1,0.2,15,,-27.468562223490192
colosseum,15,laziness_knn_t5,-5.888855934143066,1.34,,,d4-c1-n0.2-m15,4,1,0.2,15,,-27.468562223490192
colosseum,15,laziness_adaptive_t5,-5.821971893310547,1.26,,,d4-c1-n0.2-m15,4,1,0.2,15,,-27.468562223490192
colosseum,15,successor_entropy,-1.8756134194079783,0.04,1347.99,,d4-c1-n0.2-m15,4,1,0.2,15,,-27.468562223490192
colosseum,15,successor_orc,0.9530629541840868,5.63,1347.99,,d4-c1-n0.2-m15,4,1,0.2,15,,-27.468562223490192
colosseum,16,dc2,-0.7547171115875244,21.93,,,d4-c1-n0.2-m16,4,1,0.2,16,,-15.927095890961535
colosseum,16,dc_wasserstein_ollivier,-0.9547513723373412,4.72,,,d4-c1-n0.2-m16,4,1,0.2,16,,-15.927095890961535
colosseum,16,dc_entropic_subtraction,0.6512088775634766,4.64,,,d4-c1-n0.2-m16,4,1,0.2,16,,-15.927095890961535
colosseum,16,hickock,11.28416684165153,61.41,,,d4-c1-n0.2-m16,4,1,0.2,16,,-15.927095890961535
colosseum,16,frc_weighted_adaptive,-79.52634264641299,1.14,,,d4-c1-n0.2-m16,4,1,0.2,16,,-15.927095890961535
colosseum,16,frc_unweighted_knn,-11.666666666666666,0.35,,,d4-c1-n0.2-m16,4,1,0.2,16,,-15.927095890961535
colosseum,16,orc,-0.1901914528607049,9.36,,,d4-c1-n0.2-m16,4,1,0.2,16,,-15.927095890961535
colosseum,16,spc_hop,68.20626612520458,74.01,,,d4-c1-n0.2-m16,4,1,0.2,16,,-15.927095890961535
colosseum,16,spc_diffusion_t5,-143.67588077245463,24.82,,,d4-c1-n0.2-m16,4,1,0.2,16,,-15.927095890961535
colosseum,16,laziness_knn_t5,-5.874692916870117,1.54,,,d4-c1-n0.2-m16,4,1,0.2,16,,-15.927095890961535
colosseum,16,laziness_adaptive_t5,-5.878753662109375,1.3,,,d4-c1-n0.2-m16,4,1,0.2,16,,-15.927095890961535
colosseum,16,successor_entropy,-1.9232389435619115,0.06,1291.65,,d4-c1-n0.2-m16,4,1,0.2,16,,-15.927095890961535
colosseum,16,successor_orc,0.9534009750493392,5.22,1291.65,,d4-c1-n0.2-m16,4,1,0.2,16,,-15.927095890961535
colosseum,17,dc2,-1.0771939754486084,15.57,,,d4-c1-n0.2-m17,4,1,0.2,17,,-20.390051143684456
colosseum,17,dc_wasserstein_ollivier,-0.8929284811019897,3.73,,,d4-c1-n0.2-m17,4,1,0.2,17,,-20.390051143684456
colosseum,17,dc_entropic_subtraction,0.9772562980651855,3.22,,,d4-c1-n0.2-m17,4,1,0.2,17,,-20.390051143684456
colosseum,17,hickock,12.410559096205212,56.78,,,d4-c1-n0.2-m17,4,1,0.2,17,,-20.390051143684456
colosseum,17,frc_weighted_adaptive,-77.1602436206183,1.0,,,d4-c1-n0.2-m17,4,1,0.2,17,,-20.390051143684456
colosseum,17,frc_unweighted_knn,-13.416666666666666,0.62,,,d4-c1-n0.2-m17,4,1,0.2,17,,-20.390051143684456
colosseum,17,orc,-0.2635026373167702,7.59,,,d4-c1-n0.2-m17,4,1,0.2,17,,-20.390051143684456
colosseum,17,spc_hop,290.7166917597697,66.65,,,d4-c1-n0.2-m17,4,1,0.2,17,,-20.390051143684456
colosseum,17,spc_diffusion_t5,179.62551044577077,20.06,,,d4-c1-n0.2-m17,4,1,0.2,17,,-20.390051143684456
colosseum,17,laziness_knn_t5,-5.931618690490723,0.75,,,d4-c1-n0.2-m17,4,1,0.2,17,,-20.390051143684456
colosseum,17,laziness_adaptive_t5,-5.884398937225342,0.73,,,d4-c1-n0.2-m17,4,1,0.2,17,,-20.390051143684456
colosseum,17,successor_entropy,-1.877364790502936,0.04,1040.58,,d4-c1-n0.2-m17,4,1,0.2,17,,-20.390051143684456
colosseum,17,successor_orc,0.953624483478356,5.2,1040.58,,d4-c1-n0.2-m17,4,1,0.2,17,,-20.390051143684456
colosseum,18,dc2,-1.0045113563537598,13.27,,,d4-c1-n0.2-m18,4,1,0.2,18,,-29.4799133280712
colosseum,18,dc_wasserstein_ollivier,-0.8610159158706665,3.43,,,d4-c1-n0.2-m18,4,1,0.2,18,,-29.4799133280712
colosseum,18,dc_entropic_subtraction,0.9683642387390136,2.81,,,d4-c1-n0.2-m18,4,1,0.2,18,,-29.4799133280712
colosseum,18,hickock,12.187268724184651,56.41,,,d4-c1-n0.2-m18,4,1,0.2,18,,-29.4799133280712
colosseum,18,frc_weighted_adaptive,-132.93867548005227,1.35,,,d4-c1-n0.2-m18,4,1,0.2,18,,-29.4799133280712
colosseum,18,frc_unweighted_knn,-10.0,0.33,,,d4-c1-n0.2-m18,4,1,0.2,18,,-29.4799133280712
colosseum,18,orc,-0.2320857451650191,7.86,,,d4-c1-n0.2-m18,4,1,0.2,18,,-29.4799133280712
colosseum,18,spc_hop,-109.60669737229613,67.04,,,d4-c1-n0.2-m18,4,1,0.2,18,,-29.4799133280712
colosseum,18,spc_diffusion_t5,-23.403207847511545,20.29,,,d4-c1-n0.2-m18,4,1,0.2,18,,-29.4799133280712
colosseum,18,laziness_knn_t5,-5.856779098510742,0.74,,,d4-c1-n0.2-m18,4,1,0.2,18,,-29.4799133280712
colosseum,18,laziness_adaptive_t5,-5.767154693603516,0.72,,,d4-c1-n0.2-m18,4,1,0.2,18,,-29.4799133280712
colosseum,18,successor_entropy,-2.019572989428726,0.06,1019.21,,d4-c1-n0.2-m18,4,1,0.2,18,,-29.4799133280712
colosseum,18,successor_orc,0.952078295331982,5.26,1019.21,,d4-c1-n0.2-m18,4,1,0.2,18,,-29.4799133280712
colosseum,19,dc2,-0.4035823345184326,13.6,,,d4-c1-n0.2-m19,4,1,0.2,19,,14.313989106861708
colosseum,19,dc_wasserstein_ollivier,-0.6300411224365234,3.46,,,d4-c1-n0.2-m19,4,1,0.2,19,,14.313989106861708
colosseum,19,dc_entropic_subtraction,1.3463983535766602,2.8,,,d4-c1-n0.2-m19,4,1,0.2,19,,14.313989106861708
colosseum,19,hickock,13.188755004783962,55.66,,,d4-c1-n0.2-m19,4,1,0.2,19,,14.313989106861708
colosseum,19,frc_weighted_adaptive,-135.5844978442846,1.0,,,d4-c1-n0.2-m19,4,1,0.2,19,,14.313989106861708
colosseum,19,frc_unweighted_knn,-9.272727272727272,0.69,,,d4-c1-n0.2-m19,4,1,0.2,19,,14.313989106861708
colosseum,19,orc,-0.0969141009821295,7.74,,,d4-c1-n0.2-m19,4,1,0.2,19,,14.313989106861708
colosseum,19,spc_hop,-262.0144949351258,72.13,,,d4-c1-n0.2-m19,4,1,0.2,19,,14.313989106861708
colosseum,19,spc_diffusion_t5,-80.910480721934,19.58,,,d4-c1-n0.2-m19,4,1,0.2,19,,14.313989106861708
colosseum,19,laziness_knn_t5,-5.704107761383057,0.71,,,d4-c1-n0.2-m19,4,1,0.2,19,,14.313989106861708
colosseum,19,laziness_adaptive_t5,-5.679559230804443,0.72,,,d4-c1-n0.2-m19,4,1,0.2,19,,14.313989106861708
colosseum,19,successor_entropy,-2.0099356460062165,0.05,1172.22,,d4-c1-n0.2-m19,4,1,0.2,19,,14.313989106861708
colosseum,19,successor_orc,0.9505801224431112,5.0,1172.22,,d4-c1-n0.2-m19,4,1,0.2,19,,14.313989106861708
colosseum,20,dc2,-0.8188467025756836,13.59,,,d4-c1-n0.2-m20,4,1,0.2,20,,-10.216003114477024
colosseum,20,dc_wasserstein_ollivier,-0.8206173181533813,3.62,,,d4-c1-n0.2-m20,4,1,0.2,20,,-10.216003114477024
colosseum,20,dc_entropic_subtraction,0.8966898918151855,2.86,,,d4-c1-n0.2-m20,4,1,0.2,20,,-10.216003114477024
colosseum,20,hickock,12.016421963093263,54.92,,,d4-c1-n0.2-m20,4,1,0.2,20,,-10.216003114477024
colosseum,20,frc_weighted_adaptive,-59.133116450286266,1.26,,,d4-c1-n0.2-m20,4,1,0.2,20,,-10.216003114477024
colosseum,20,frc_unweighted_knn,-8.692307692307692,0.32,,,d4-c1-n0.2-m20,4,1,0.2,20,,-10.216003114477024
colosseum,20,orc,-0.0647646851448519,7.27,,,d4-c1-n0.2-m20,4,1,0.2,20,,-10.216003114477024
colosseum,20,spc_hop,56.91799897350193,64.49,,,d4-c1-n0.2-m20,4,1,0.2,20,,-10.216003114477024
colosseum,20,spc_diffusion_t5,-332.8625463215608,20.22,,,d4-c1-n0.2-m20,4,1,0.2,20,,-10.216003114477024
colosseum,20,laziness_knn_t5,-5.469101905822754,0.81,,,d4-c1-n0.2-m20,4,1,0.2,20,,-10.216003114477024
colosseum,20,laziness_adaptive_t5,-5.465395927429199,0.76,,,d4-c1-n0.2-m20,4,1,0.2,20,,-10.216003114477024
colosseum,20,successor_entropy,-1.9212190813658137,0.05,1219.05,,d4-c1-n0.2-m20,4,1,0.2,20,,-10.216003114477024
colosseum,20,successor_orc,0.9511899896645816,5.09,1219.05,,d4-c1-n0.2-m20,4,1,0.2,20,,-10.216003114477024
colosseum,21,dc2,-1.3377952575683594,20.61,,,d4-c1-n0.2-m21,4,1,0.2,21,,-11.025809552619435
colosseum,21,dc_wasserstein_ollivier,-0.9076517820358276,5.74,,,d4-c1-n0.2-m21,4,1,0.2,21,,-11.025809552619435
colosseum,21,dc_entropic_subtraction,0.7572951316833496,4.2,,,d4-c1-n0.2-m21,4,1,0.2,21,,-11.025809552619435
colosseum,21,hickock,12.094108832104196,57.94,,,d4-c1-n0.2-m21,4,1,0.2,21,,-11.025809552619435
colosseum,21,frc_weighted_adaptive,-78.11791770938366,1.39,,,d4-c1-n0.2-m21,4,1,0.2,21,,-11.025809552619435
colosseum,21,frc_unweighted_knn,-8.3,0.37,,,d4-c1-n0.2-m21,4,1,0.2,21,,-11.025809552619435
colosseum,21,orc,-0.1638641727309801,8.49,,,d4-c1-n0.2-m21,4,1,0.2,21,,-11.025809552619435
colosseum,21,spc_hop,44.8192919405294,68.38,,,d4-c1-n0.2-m21,4,1,0.2,21,,-11.025809552619435
colosseum,21,spc_diffusion_t5,-120.16347785768072,22.72,,,d4-c1-n0.2-m21,4,1,0.2,21,,-11.025809552619435
colosseum,21,laziness_knn_t5,-5.887743949890137,0.91,,,d4-c1-n0.2-m21,4,1,0.2,21,,-11.025809552619435
colosseum,21,laziness_adaptive_t5,-5.825489044189453,0.92,,,d4-c1-n0.2-m21,4,1,0.2,21,,-11.025809552619435
colosseum,21,successor_entropy,-1.8650717096008984,0.06,1049.21,,d4-c1-n0.2-m21,4,1,0.2,21,,-11.025809552619435
colosseum,21,successor_orc,0.9536905610564776,5.49,1049.21,,d4-c1-n0.2-m21,4,1,0.2,21,,-11.025809552619435
colosseum,22,dc2,-1.3959803581237793,13.47,,,d4-c1-n0.2-m22,4,1,0.2,22,,-4.824752727572219
colosseum,22,dc_wasserstein_ollivier,-0.7243643999099731,3.62,,,d4-c1-n0.2-m22,4,1,0.2,22,,-4.824752727572219
colosseum,22,dc_entropic_subtraction,0.8985233306884766,2.73,,,d4-c1-n0.2-m22,4,1,0.2,22,,-4.824752727572219
colosseum,22,hickock,11.611841343525644,55.05,,,d4-c1-n0.2-m22,4,1,0.2,22,,-4.824752727572219
colosseum,22,frc_weighted_adaptive,-57.19777428691962,1.33,,,d4-c1-n0.2-m22,4,1,0.2,22,,-4.824752727572219
colosseum,22,frc_unweighted_knn,-15.25,0.33,,,d4-c1-n0.2-m22,4,1,0.2,22,,-4.824752727572219
colosseum,22,orc,-0.1852820310365307,7.39,,,d4-c1-n0.2-m22,4,1,0.2,22,,-4.824752727572219
colosseum,22,spc_hop,155.48466062290717,64.72,,,d4-c1-n0.2-m22,4,1,0.2,22,,-4.824752727572219
colosseum,22,spc_diffusion_t5,21.36017581576998,19.75,,,d4-c1-n0.2-m22,4,1,0.2,22,,-4.824752727572219
colosseum,22,laziness_knn_t5,-5.884409427642822,0.74,,,d4-c1-n0.2-m22,4,1,0.2,22,,-4.824752727572219
colosseum,22,laziness_adaptive_t5,-5.874654293060303,0.7,,,d4-c1-n0.2-m22,4,1,0.2,22,,-4.824752727572219
colosseum,22,successor_entropy,-1.8298285663668064,0.06,1063.21,,d4-c1-n0.2-m22,4,1,0.2,22,,-4.824752727572219
colosseum,22,successor_orc,0.9538166687433784,5.25,1063.21,,d4-c1-n0.2-m22,4,1,0.2,22,,-4.824752727572219
colosseum,23,dc2,-0.8659532070159912,16.11,,,d4-c1-n0.2-m23,4,1,0.2,23,,-36.2646667446714
colosseum,23,dc_wasserstein_ollivier,-0.9390344619750975,4.34,,,d4-c1-n0.2-m23,4,1,0.2,23,,-36.2646667446714
colosseum,23,dc_entropic_subtraction,0.7589931488037109,3.41,,,d4-c1-n0.2-m23,4,1,0.2,23,,-36.2646667446714
colosseum,23,hickock,11.41164809030476,59.58,,,d4-c1-n0.2-m23,4,1,0.2,23,,-36.2646667446714
colosseum,23,frc_weighted_adaptive,-42.10492499692669,1.41,,,d4-c1-n0.2-m23,4,1,0.2,23,,-36.2646667446714
colosseum,23,frc_unweighted_knn,-11.3125,0.37,,,d4-c1-n0.2-m23,4,1,0.2,23,,-36.2646667446714
colosseum,23,orc,-0.1867559871691327,8.29,,,d4-c1-n0.2-m23,4,1,0.2,23,,-36.2646667446714
colosseum,0,dc2,0.2650456428527832,13.44,,,d5-c1-n0.01-m0,5,1,0.01,0,,1.0730763752784966
colosseum,0,dc_wasserstein_ollivier,-0.0221961736679077,4.2,,,d5-c1-n0.01-m0,5,1,0.01,0,,1.0730763752784966
colosseum,0,dc_entropic_subtraction,2.156609058380127,2.89,,,d5-c1-n0.01-m0,5,1,0.01,0,,1.0730763752784966
colosseum,0,hickock,17.041579195372435,49.74,,,d5-c1-n0.01-m0,5,1,0.01,0,,1.0730763752784966
colosseum,0,frc_weighted_adaptive,-86.58818381280442,1.21,,,d5-c1-n0.01-m0,5,1,0.01,0,,1.0730763752784966
colosseum,0,frc_unweighted_knn,-5.7,0.32,,,d5-c1-n0.01-m0,5,1,0.01,0,,1.0730763752784966
colosseum,0,orc,-0.1359711356601493,6.82,,,d5-c1-n0.01-m0,5,1,0.01,0,,1.0730763752784966
colosseum,0,spc_hop,,0.0,,,d5-c1-n0.01-m0,5,1,0.01,0,,1.0730763752784966
colosseum,0,spc_diffusion_t5,,0.0,,,d5-c1-n0.01-m0,5,1,0.01,0,,1.0730763752784966
colosseum,0,laziness_knn_t5,-6.056184768676758,0.86,,,d5-c1-n0.01-m0,5,1,0.01,0,,1.0730763752784966
colosseum,0,laziness_adaptive_t5,-6.011112213134766,0.69,,,d5-c1-n0.01-m0,5,1,0.01,0,,1.0730763752784966
colosseum,0,successor_entropy,-1.6921086462149395,0.04,996.44,,d5-c1-n0.01-m0,5,1,0.01,0,,1.0730763752784966
colosseum,0,successor_orc,0.952919349259742,6.31,996.44,,d5-c1-n0.01-m0,5,1,0.01,0,,1.0730763752784966
colosseum,1,dc2,-0.0985527038574218,13.51,,,d5-c1-n0.01-m1,5,1,0.01,1,,-12.87121357596884
colosseum,1,dc_wasserstein_ollivier,-0.3441611528396606,3.6,,,d5-c1-n0.01-m1,5,1,0.01,1,,-12.87121357596884
colosseum,1,dc_entropic_subtraction,1.1453828811645508,2.66,,,d5-c1-n0.01-m1,5,1,0.01,1,,-12.87121357596884
colosseum,1,hickock,16.477251755657445,56.04,,,d5-c1-n0.01-m1,5,1,0.01,1,,-12.87121357596884
colosseum,1,frc_weighted_adaptive,-99.7925513440294,1.01,,,d5-c1-n0.01-m1,5,1,0.01,1,,-12.87121357596884
colosseum,1,frc_unweighted_knn,-8.692307692307692,0.31,,,d5-c1-n0.01-m1,5,1,0.01,1,,-12.87121357596884
colosseum,1,orc,-0.1942294670469653,7.63,,,d5-c1-n0.01-m1,5,1,0.01,1,,-12.87121357596884
colosseum,1,spc_hop,,0.0,,,d5-c1-n0.01-m1,5,1,0.01,1,,-12.87121357596884
colosseum,1,spc_diffusion_t5,,0.0,,,d5-c1-n0.01-m1,5,1,0.01,1,,-12.87121357596884
colosseum,1,laziness_knn_t5,-6.130130767822266,0.7,,,d5-c1-n0.01-m1,5,1,0.01,1,,-12.87121357596884
colosseum,1,laziness_adaptive_t5,-6.049049377441406,0.72,,,d5-c1-n0.01-m1,5,1,0.01,1,,-12.87121357596884
colosseum,1,successor_entropy,-1.6792201768935968,0.05,986.64,,d5-c1-n0.01-m1,5,1,0.01,1,,-12.87121357596884
colosseum,1,successor_orc,0.9525282422899038,6.29,986.64,,d5-c1-n0.01-m1,5,1,0.01,1,,-12.87121357596884
colosseum,2,dc2,0.0953359603881836,14.29,,,d5-c1-n0.01-m2,5,1,0.01,2,,-18.11365138140696
colosseum,2,dc_wasserstein_ollivier,-0.3845303058624267,3.72,,,d5-c1-n0.01-m2,5,1,0.01,2,,-18.11365138140696
colosseum,2,dc_entropic_subtraction,1.0673470497131348,2.82,,,d5-c1-n0.01-m2,5,1,0.01,2,,-18.11365138140696
colosseum,2,hickock,16.949036297464982,56.21,,,d5-c1-n0.01-m2,5,1,0.01,2,,-18.11365138140696
colosseum,2,frc_weighted_adaptive,-83.38954241482847,1.02,,,d5-c1-n0.01-m2,5,1,0.01,2,,-18.11365138140696
colosseum,2,frc_unweighted_knn,-12.8,0.31,,,d5-c1-n0.01-m2,5,1,0.01,2,,-18.11365138140696
colosseum,2,orc,-0.3265763796897989,7.84,,,d5-c1-n0.01-m2,5,1,0.01,2,,-18.11365138140696
colosseum,2,spc_hop,,0.0,,,d5-c1-n0.01-m2,5,1,0.01,2,,-18.11365138140696
colosseum,2,spc_diffusion_t5,,0.0,,,d5-c1-n0.01-m2,5,1,0.01,2,,-18.11365138140696
colosseum,2,laziness_knn_t5,-6.3170166015625,0.68,,,d5-c1-n0.01-m2,5,1,0.01,2,,-18.11365138140696
colosseum,2,laziness_adaptive_t5,-6.287331581115723,0.75,,,d5-c1-n0.01-m2,5,1,0.01,2,,-18.11365138140696
colosseum,2,successor_entropy,-1.6856719050734923,0.05,897.84,,d5-c1-n0.01-m2,5,1,0.01,2,,-18.11365138140696
colosseum,2,successor_orc,0.9520291712600124,8.68,897.84,,d5-c1-n0.01-m2,5,1,0.01,2,,-18.11365138140696
colosseum,3,dc2,0.0433874130249023,14.05,,,d5-c1-n0.01-m3,5,1,0.01,3,,-11.610271706489836
colosseum,3,dc_wasserstein_ollivier,0.0376368761062622,3.74,,,d5-c1-n0.01-m3,5,1,0.01,3,,-11.610271706489836
colosseum,3,dc_entropic_subtraction,2.004962921142578,2.72,,,d5-c1-n0.01-m3,5,1,0.01,3,,-11.610271706489836
colosseum,3,hickock,17.078793457735053,55.46,,,d5-c1-n0.01-m3,5,1,0.01,3,,-11.610271706489836
colosseum,3,frc_weighted_adaptive,-72.05755279513966,0.96,,,d5-c1-n0.01-m3,5,1,0.01,3,,-11.610271706489836
colosseum,3,frc_unweighted_knn,-7.0,0.31,,,d5-c1-n0.01-m3,5,1,0.01,3,,-11.610271706489836
colosseum,3,orc,-0.0955441901949149,7.33,,,d5-c1-n0.01-m3,5,1,0.01,3,,-11.610271706489836
colosseum,3,spc_hop,,0.0,,,d5-c1-n0.01-m3,5,1,0.01,3,,-11.610271706489836
colosseum,3,spc_diffusion_t5,,0.0,,,d5-c1-n0.01-m3,5,1,0.01,3,,-11.610271706489836
colosseum,3,laziness_knn_t5,-5.834005832672119,0.69,,,d5-c1-n0.01-m3,5,1,0.01,3,,-11.610271706489836
colosseum,3,laziness_adaptive_t5,-5.803169250488281,0.92,,,d5-c1-n0.01-m3,5,1,0.01,3,,-11.610271706489836
colosseum,3,successor_entropy,-1.7532845192144937,0.04,897.47,,d5-c1-n0.01-m3,5,1,0.01,3,,-11.610271706489836
colosseum,3,successor_orc,0.9489956421805994,8.27,897.47,,d5-c1-n0.01-m3,5,1,0.01,3,,-11.610271706489836
colosseum,4,dc2,-0.1949772834777832,13.9,,,d5-c1-n0.01-m4,5,1,0.01,4,,-24.897916679730784
colosseum,4,dc_wasserstein_ollivier,-0.3110501766204834,3.55,,,d5-c1-n0.01-m4,5,1,0.01,4,,-24.897916679730784
colosseum,4,dc_entropic_subtraction,1.1724181175231934,3.0,,,d5-c1-n0.01-m4,5,1,0.01,4,,-24.897916679730784
colosseum,4,hickock,16.414536368772552,52.0,,,d5-c1-n0.01-m4,5,1,0.01,4,,-24.897916679730784
colosseum,4,frc_weighted_adaptive,-95.8705516805576,0.96,,,d5-c1-n0.01-m4,5,1,0.01,4,,-24.897916679730784
colosseum,4,frc_unweighted_knn,-4.818181818181818,0.31,,,d5-c1-n0.01-m4,5,1,0.01,4,,-24.897916679730784
colosseum,4,orc,-0.1262614797012118,7.49,,,d5-c1-n0.01-m4,5,1,0.01,4,,-24.897916679730784
colosseum,4,spc_hop,,0.0,,,d5-c1-n0.01-m4,5,1,0.01,4,,-24.897916679730784
colosseum,4,spc_diffusion_t5,,0.0,,,d5-c1-n0.01-m4,5,1,0.01,4,,-24.897916679730784
colosseum,4,laziness_knn_t5,-6.016036987304688,0.68,,,d5-c1-n0.01-m4,5,1,0.01,4,,-24.897916679730784
colosseum,4,laziness_adaptive_t5,-5.985673904418945,0.75,,,d5-c1-n0.01-m4,5,1,0.01,4,,-24.897916679730784
colosseum,4,successor_entropy,-1.766487861789763,0.04,887.85,,d5-c1-n0.01-m4,5,1,0.01,4,,-24.897916679730784
colosseum,4,successor_orc,0.9517741054345872,8.27,887.85,,d5-c1-n0.01-m4,5,1,0.01,4,,-24.897916679730784
colosseum,5,dc2,-0.0817208290100097,13.67,,,d5-c1-n0.01-m5,5,1,0.01,5,,-18.601656099724543
colosseum,5,dc_wasserstein_ollivier,-0.2170209884643554,3.58,,,d5-c1-n0.01-m5,5,1,0.01,5,,-18.601656099724543
colosseum,5,dc_entropic_subtraction,1.6205506324768066,2.96,,,d5-c1-n0.01-m5,5,1,0.01,5,,-18.601656099724543
colosseum,5,hickock,17.18606857140606,54.0,,,d5-c1-n0.01-m5,5,1,0.01,5,,-18.601656099724543
colosseum,5,frc_weighted_adaptive,-73.55138329093583,0.95,,,d5-c1-n0.01-m5,5,1,0.01,5,,-18.601656099724543
colosseum,5,frc_unweighted_knn,-14.0,0.32,,,d5-c1-n0.01-m5,5,1,0.01,5,,-18.601656099724543
colosseum,5,orc,-0.3683783505570695,7.55,,,d5-c1-n0.01-m5,5,1,0.01,5,,-18.601656099724543
colosseum,5,spc_hop,,0.0,,,d5-c1-n0.01-m5,5,1,0.01,5,,-18.601656099724543
colosseum,5,spc_diffusion_t5,,0.0,,,d5-c1-n0.01-m5,5,1,0.01,5,,-18.601656099724543
colosseum,5,laziness_knn_t5,-6.5069260597229,0.71,,,d5-c1-n0.01-m5,5,1,0.01,5,,-18.601656099724543
colosseum,5,laziness_adaptive_t5,-6.4615349769592285,0.75,,,d5-c1-n0.01-m5,5,1,0.01,5,,-18.601656099724543
colosseum,5,successor_entropy,-1.6538079865040878,0.05,904.96,,d5-c1-n0.01-m5,5,1,0.01,5,,-18.601656099724543
colosseum,5,successor_orc,0.9522604772645732,8.3,904.96,,d5-c1-n0.01-m5,5,1,0.01,5,,-18.601656099724543
colosseum,6,dc2,-0.3107166290283203,13.28,,,d5-c1-n0.01-m6,5,1,0.01,6,,-26.95326888758636
colosseum,6,dc_wasserstein_ollivier,-0.3578379154205322,3.7,,,d5-c1-n0.01-m6,5,1,0.01,6,,-26.95326888758636
colosseum,6,dc_entropic_subtraction,1.152171611785889,2.74,,,d5-c1-n0.01-m6,5,1,0.01,6,,-26.95326888758636
colosseum,6,hickock,16.786923621447375,54.34,,,d5-c1-n0.01-m6,5,1,0.01,6,,-26.95326888758636
colosseum,6,frc_weighted_adaptive,-133.0825138805928,1.11,,,d5-c1-n0.01-m6,5,1,0.01,6,,-26.95326888758636
colosseum,6,frc_unweighted_knn,-13.923076923076923,0.72,,,d5-c1-n0.01-m6,5,1,0.01,6,,-26.95326888758636
colosseum,6,orc,-0.247745877853389,7.57,,,d5-c1-n0.01-m6,5,1,0.01,6,,-26.95326888758636
colosseum,6,spc_hop,,0.0,,,d5-c1-n0.01-m6,5,1,0.01,6,,-26.95326888758636
colosseum,6,spc_diffusion_t5,,0.0,,,d5-c1-n0.01-m6,5,1,0.01,6,,-26.95326888758636
colosseum,6,laziness_knn_t5,-6.279176712036133,0.66,,,d5-c1-n0.01-m6,5,1,0.01,6,,-26.95326888758636
colosseum,6,laziness_adaptive_t5,-6.247018814086914,0.7,,,d5-c1-n0.01-m6,5,1,0.01,6,,-26.95326888758636
colosseum,6,successor_entropy,-1.781812084109212,0.05,993.81,,d5-c1-n0.01-m6,5,1,0.01,6,,-26.95326888758636
colosseum,6,successor_orc,0.9519127820498324,5.79,993.81,,d5-c1-n0.01-m6,5,1,0.01,6,,-26.95326888758636
colosseum,7,dc2,-0.684476375579834,13.97,,,d5-c1-n0.01-m7,5,1,0.01,7,,-11.56965768858242
colosseum,7,dc_wasserstein_ollivier,-0.0803372859954834,3.59,,,d5-c1-n0.01-m7,5,1,0.01,7,,-11.56965768858242
colosseum,7,dc_entropic_subtraction,2.0935449600219727,2.76,,,d5-c1-n0.01-m7,5,1,0.01,7,,-11.56965768858242
colosseum,7,hickock,17.49644382525888,54.76,,,d5-c1-n0.01-m7,5,1,0.01,7,,-11.56965768858242
colosseum,7,frc_weighted_adaptive,-114.99389923764274,1.01,,,d5-c1-n0.01-m7,5,1,0.01,7,,-11.56965768858242
colosseum,7,frc_unweighted_knn,-12.545454545454543,0.32,,,d5-c1-n0.01-m7,5,1,0.01,7,,-11.56965768858242
colosseum,7,orc,-0.31642114233992,7.49,,,d5-c1-n0.01-m7,5,1,0.01,7,,-11.56965768858242
colosseum,7,spc_hop,,0.0,,,d5-c1-n0.01-m7,5,1,0.01,7,,-11.56965768858242
colosseum,7,spc_diffusion_t5,,0.0,,,d5-c1-n0.01-m7,5,1,0.01,7,,-11.56965768858242
colosseum,7,laziness_knn_t5,-6.353422164916992,0.67,,,d5-c1-n0.01-m7,5,1,0.01,7,,-11.56965768858242
colosseum,7,laziness_adaptive_t5,-6.374860286712647,0.74,,,d5-c1-n0.01-m7,5,1,0.01,7,,-11.56965768858242
colosseum,7,successor_entropy,-1.723831169559659,0.05,979.6,,d5-c1-n0.01-m7,5,1,0.01,7,,-11.56965768858242
colosseum,7,successor_orc,0.9517933631588136,6.3,979.6,,d5-c1-n0.01-m7,5,1,0.01,7,,-11.56965768858242
colosseum,8,dc2,-0.1555190086364746,14.06,,,d5-c1-n0.01-m8,5,1,0.01,8,,-31.20014667191614
colosseum,8,dc_wasserstein_ollivier,-0.3874208927154541,3.7,,,d5-c1-n0.01-m8,5,1,0.01,8,,-31.20014667191614
colosseum,8,dc_entropic_subtraction,1.378468036651611,2.74,,,d5-c1-n0.01-m8,5,1,0.01,8,,-31.20014667191614
colosseum,8,hickock,17.480118752632357,52.21,,,d5-c1-n0.01-m8,5,1,0.01,8,,-31.20014667191614
colosseum,8,frc_weighted_adaptive,-92.13191328968004,0.96,,,d5-c1-n0.01-m8,5,1,0.01,8,,-31.20014667191614
colosseum,8,frc_unweighted_knn,-14.2,0.32,,,d5-c1-n0.01-m8,5,1,0.01,8,,-31.20014667191614
colosseum,8,orc,-0.3455045684645993,7.57,,,d5-c1-n0.01-m8,5,1,0.01,8,,-31.20014667191614
colosseum,8,spc_hop,,0.0,,,d5-c1-n0.01-m8,5,1,0.01,8,,-31.20014667191614
colosseum,8,spc_diffusion_t5,,0.0,,,d5-c1-n0.01-m8,5,1,0.01,8,,-31.20014667191614
colosseum,8,laziness_knn_t5,-6.483556747436523,0.96,,,d5-c1-n0.01-m8,5,1,0.01,8,,-31.20014667191614
colosseum,8,laziness_adaptive_t5,-6.488431453704834,0.71,,,d5-c1-n0.01-m8,5,1,0.01,8,,-31.20014667191614
colosseum,8,successor_entropy,-1.628234102279957,0.05,986.83,,d5-c1-n0.01-m8,5,1,0.01,8,,-31.20014667191614
colosseum,8,successor_orc,0.9528481719091844,5.46,986.83,,d5-c1-n0.01-m8,5,1,0.01,8,,-31.20014667191614
colosseum,9,dc2,-0.1578145027160644,14.63,,,d5-c1-n0.01-m9,5,1,0.01,9,,-24.12292490990952
colosseum,9,dc_wasserstein_ollivier,-0.3374745845794678,3.58,,,d5-c1-n0.01-m9,5,1,0.01,9,,-24.12292490990952
colosseum,9,dc_entropic_subtraction,1.2009835243225098,2.87,,,d5-c1-n0.01-m9,5,1,0.01,9,,-24.12292490990952
colosseum,9,hickock,16.856028287253167,56.18,,,d5-c1-n0.01-m9,5,1,0.01,9,,-24.12292490990952
colosseum,9,frc_weighted_adaptive,-98.13169805799356,1.12,,,d5-c1-n0.01-m9,5,1,0.01,9,,-24.12292490990952
colosseum,9,frc_unweighted_knn,-12.0,0.39,,,d5-c1-n0.01-m9,5,1,0.01,9,,-24.12292490990952
colosseum,9,orc,-0.2513730753902745,7.64,,,d5-c1-n0.01-m9,5,1,0.01,9,,-24.12292490990952
colosseum,9,spc_hop,,0.0,,,d5-c1-n0.01-m9,5,1,0.01,9,,-24.12292490990952
colosseum,9,spc_diffusion_t5,,0.0,,,d5-c1-n0.01-m9,5,1,0.01,9,,-24.12292490990952
colosseum,9,laziness_knn_t5,-6.37975025177002,0.76,,,d5-c1-n0.01-m9,5,1,0.01,9,,-24.12292490990952
colosseum,9,laziness_adaptive_t5,-6.344318389892578,0.81,,,d5-c1-n0.01-m9,5,1,0.01,9,,-24.12292490990952
colosseum,9,successor_entropy,-1.717081551601955,0.05,1032.59,,d5-c1-n0.01-m9,5,1,0.01,9,,-24.12292490990952
colosseum,9,successor_orc,0.9517786182735852,5.37,1032.59,,d5-c1-n0.01-m9,5,1,0.01,9,,-24.12292490990952
colosseum,10,dc2,0.1956133842468261,14.52,,,d5-c1-n0.01-m10,5,1,0.01,10,,-27.19073073111396
colosseum,10,dc_wasserstein_ollivier,-0.3337205648422241,3.52,,,d5-c1-n0.01-m10,5,1,0.01,10,,-27.19073073111396
colosseum,10,dc_entropic_subtraction,1.2030177116394043,2.85,,,d5-c1-n0.01-m10,5,1,0.01,10,,-27.19073073111396
colosseum,10,hickock,16.825315810587302,60.49,,,d5-c1-n0.01-m10,5,1,0.01,10,,-27.19073073111396
colosseum,10,frc_weighted_adaptive,-61.42155859833971,1.11,,,d5-c1-n0.01-m10,5,1,0.01,10,,-27.19073073111396
colosseum,10,frc_unweighted_knn,-11.166666666666666,0.4,,,d5-c1-n0.01-m10,5,1,0.01,10,,-27.19073073111396
colosseum,10,orc,-0.2554231488392914,9.15,,,d5-c1-n0.01-m10,5,1,0.01,10,,-27.19073073111396
colosseum,10,spc_hop,,0.0,,,d5-c1-n0.01-m10,5,1,0.01,10,,-27.19073073111396
colosseum,10,spc_diffusion_t5,,0.0,,,d5-c1-n0.01-m10,5,1,0.01,10,,-27.19073073111396
colosseum,10,laziness_knn_t5,-6.378233909606934,0.75,,,d5-c1-n0.01-m10,5,1,0.01,10,,-27.19073073111396
colosseum,10,laziness_adaptive_t5,-6.318130016326904,0.81,,,d5-c1-n0.01-m10,5,1,0.01,10,,-27.19073073111396
colosseum,10,successor_entropy,-1.7112977900321906,0.04,969.65,,d5-c1-n0.01-m10,5,1,0.01,10,,-27.19073073111396
colosseum,10,successor_orc,0.9501198252855244,6.66,969.65,,d5-c1-n0.01-m10,5,1,0.01,10,,-27.19073073111396
colosseum,11,dc2,0.436929702758789,14.14,,,d5-c1-n0.01-m11,5,1,0.01,11,,144.68214689983222
colosseum,11,dc_wasserstein_ollivier,0.3072526454925537,4.01,,,d5-c1-n0.01-m11,5,1,0.01,11,,144.68214689983222
colosseum,11,dc_entropic_subtraction,2.5736656188964844,2.88,,,d5-c1-n0.01-m11,5,1,0.01,11,,144.68214689983222
colosseum,11,hickock,17.63088267091551,58.62,,,d5-c1-n0.01-m11,5,1,0.01,11,,144.68214689983222
colosseum,11,frc_weighted_adaptive,-54.02746646699444,1.04,,,d5-c1-n0.01-m11,5,1,0.01,11,,144.68214689983222
colosseum,11,frc_unweighted_knn,-7.7,0.33,,,d5-c1-n0.01-m11,5,1,0.01,11,,144.68214689983222
colosseum,11,orc,-0.0299536839685258,8.53,,,d5-c1-n0.01-m11,5,1,0.01,11,,144.68214689983222
colosseum,11,spc_hop,,0.0,,,d5-c1-n0.01-m11,5,1,0.01,11,,144.68214689983222
colosseum,11,spc_diffusion_t5,,0.0,,,d5-c1-n0.01-m11,5,1,0.01,11,,144.68214689983222
colosseum,11,laziness_knn_t5,-5.386850357055664,0.74,,,d5-c1-n0.01-m11,5,1,0.01,11,,144.68214689983222
colosseum,11,laziness_adaptive_t5,-5.347352027893066,0.79,,,d5-c1-n0.01-m11,5,1,0.01,11,,144.68214689983222
colosseum,11,successor_entropy,-1.517457677609132,0.05,932.96,,d5-c1-n0.01-m11,5,1,0.01,11,,144.68214689983222
colosseum,11,successor_orc,0.948868431152298,7.21,932.96,,d5-c1-n0.01-m11,5,1,0.01,11,,144.68214689983222
colosseum,12,dc2,0.2882180213928222,13.84,,,d5-c1-n0.01-m12,5,1,0.01,12,,-22.30997848125713
colosseum,12,dc_wasserstein_ollivier,-0.1015262603759765,3.57,,,d5-c1-n0.01-m12,5,1,0.01,12,,-22.30997848125713
colosseum,12,dc_entropic_subtraction,1.995872974395752,3.12,,,d5-c1-n0.01-m12,5,1,0.01,12,,-22.30997848125713
colosseum,12,hickock,17.025119670854384,54.55,,,d5-c1-n0.01-m12,5,1,0.01,12,,-22.30997848125713
colosseum,12,frc_weighted_adaptive,-222.3119231771136,1.06,,,d5-c1-n0.01-m12,5,1,0.01,12,,-22.30997848125713
colosseum,12,frc_unweighted_knn,-8.636363636363637,0.34,,,d5-c1-n0.01-m12,5,1,0.01,12,,-22.30997848125713
colosseum,12,orc,-0.1728165058146689,8.03,,,d5-c1-n0.01-m12,5,1,0.01,12,,-22.30997848125713
colosseum,12,spc_hop,,0.0,,,d5-c1-n0.01-m12,5,1,0.01,12,,-22.30997848125713
colosseum,12,spc_diffusion_t5,,0.0,,,d5-c1-n0.01-m12,5,1,0.01,12,,-22.30997848125713
colosseum,12,laziness_knn_t5,-5.933402061462402,0.74,,,d5-c1-n0.01-m12,5,1,0.01,12,,-22.30997848125713
colosseum,12,laziness_adaptive_t5,-5.929998397827148,0.85,,,d5-c1-n0.01-m12,5,1,0.01,12,,-22.30997848125713
colosseum,12,successor_entropy,-1.6930889546293766,0.05,966.22,,d5-c1-n0.01-m12,5,1,0.01,12,,-22.30997848125713
colosseum,12,successor_orc,0.9514823759443686,6.68,966.22,,d5-c1-n0.01-m12,5,1,0.01,12,,-22.30997848125713
colosseum,13,dc2,0.063814640045166,14.73,,,d5-c1-n0.01-m13,5,1,0.01,13,,-46.79088776768583
colosseum,13,dc_wasserstein_ollivier,-0.2552272081375122,3.65,,,d5-c1-n0.01-m13,5,1,0.01,13,,-46.79088776768583
colosseum,13,dc_entropic_subtraction,1.7966008186340332,2.89,,,d5-c1-n0.01-m13,5,1,0.01,13,,-46.79088776768583
colosseum,13,hickock,17.080630321415562,52.74,,,d5-c1-n0.01-m13,5,1,0.01,13,,-46.79088776768583
colosseum,13,frc_weighted_adaptive,-104.68385821305688,0.97,,,d5-c1-n0.01-m13,5,1,0.01,13,,-46.79088776768583
colosseum,13,frc_unweighted_knn,-10.083333333333334,0.61,,,d5-c1-n0.01-m13,5,1,0.01,13,,-46.79088776768583
colosseum,13,orc,-0.2502060272956852,8.05,,,d5-c1-n0.01-m13,5,1,0.01,13,,-46.79088776768583
colosseum,13,spc_hop,,0.0,,,d5-c1-n0.01-m13,5,1,0.01,13,,-46.79088776768583
colosseum,13,spc_diffusion_t5,,0.0,,,d5-c1-n0.01-m13,5,1,0.01,13,,-46.79088776768583
colosseum,13,laziness_knn_t5,-6.369422435760498,0.68,,,d5-c1-n0.01-m13,5,1,0.01,13,,-46.79088776768583
colosseum,13,laziness_adaptive_t5,-6.288833141326904,0.74,,,d5-c1-n0.01-m13,5,1,0.01,13,,-46.79088776768583
colosseum,13,successor_entropy,-1.8165328589252507,0.05,1009.75,,d5-c1-n0.01-m13,5,1,0.01,13,,-46.79088776768583
colosseum,13,successor_orc,0.9506988304001844,6.5,1009.75,,d5-c1-n0.01-m13,5,1,0.01,13,,-46.79088776768583
colosseum,14,dc2,0.0664973258972168,13.96,,,d5-c1-n0.01-m14,5,1,0.01,14,,-11.379954315668376
colosseum,14,dc_wasserstein_ollivier,-0.4140869379043579,3.62,,,d5-c1-n0.01-m14,5,1,0.01,14,,-11.379954315668376
colosseum,14,dc_entropic_subtraction,0.8648257255554199,2.86,,,d5-c1-n0.01-m14,5,1,0.01,14,,-11.379954315668376
colosseum,14,hickock,16.825256668456326,54.31,,,d5-c1-n0.01-m14,5,1,0.01,14,,-11.379954315668376
colosseum,14,frc_weighted_adaptive,-89.42598491556507,1.15,,,d5-c1-n0.01-m14,5,1,0.01,14,,-11.379954315668376
colosseum,14,frc_unweighted_knn,-12.181818181818182,0.4,,,d5-c1-n0.01-m14,5,1,0.01,14,,-11.379954315668376
colosseum,14,orc,-0.2778387981319936,9.12,,,d5-c1-n0.01-m14,5,1,0.01,14,,-11.379954315668376
colosseum,14,spc_hop,,0.0,,,d5-c1-n0.01-m14,5,1,0.01,14,,-11.379954315668376
colosseum,14,spc_diffusion_t5,,0.0,,,d5-c1-n0.01-m14,5,1,0.01,14,,-11.379954315668376
colosseum,14,laziness_knn_t5,-6.466575622558594,0.72,,,d5-c1-n0.01-m14,5,1,0.01,14,,-11.379954315668376
colosseum,14,laziness_adaptive_t5,-6.454668521881104,0.8,,,d5-c1-n0.01-m14,5,1,0.01,14,,-11.379954315668376
colosseum,14,successor_entropy,-1.7430311612635851,0.05,974.66,,d5-c1-n0.01-m14,5,1,0.01,14,,-11.379954315668376
colosseum,14,successor_orc,0.9479542614670772,6.47,974.66,,d5-c1-n0.01-m14,5,1,0.01,14,,-11.379954315668376
colosseum,15,dc2,0.0946455001831054,14.05,,,d5-c1-n0.01-m15,5,1,0.01,15,,-68.05605167745827
colosseum,15,dc_wasserstein_ollivier,-0.1564583778381347,3.67,,,d5-c1-n0.01-m15,5,1,0.01,15,,-68.05605167745827
colosseum,15,dc_entropic_subtraction,2.0578036308288574,2.85,,,d5-c1-n0.01-m15,5,1,0.01,15,,-68.05605167745827
colosseum,15,hickock,17.37813030928938,55.15,,,d5-c1-n0.01-m15,5,1,0.01,15,,-68.05605167745827
colosseum,15,frc_weighted_adaptive,-65.51960034744464,1.08,,,d5-c1-n0.01-m15,5,1,0.01,15,,-68.05605167745827
colosseum,15,frc_unweighted_knn,-13.2,0.38,,,d5-c1-n0.01-m15,5,1,0.01,15,,-68.05605167745827
colosseum,15,orc,-0.3903147383869911,8.41,,,d5-c1-n0.01-m15,5,1,0.01,15,,-68.05605167745827
colosseum,15,spc_hop,,0.0,,,d5-c1-n0.01-m15,5,1,0.01,15,,-68.05605167745827
colosseum,15,spc_diffusion_t5,,0.0,,,d5-c1-n0.01-m15,5,1,0.01,15,,-68.05605167745827
colosseum,15,laziness_knn_t5,-6.511420249938965,0.95,,,d5-c1-n0.01-m15,5,1,0.01,15,,-68.05605167745827
colosseum,15,laziness_adaptive_t5,-6.4479193687438965,0.73,,,d5-c1-n0.01-m15,5,1,0.01,15,,-68.05605167745827
colosseum,15,successor_entropy,-1.8088014045391851,0.05,980.25,,d5-c1-n0.01-m15,5,1,0.01,15,,-68.05605167745827
colosseum,15,successor_orc,0.9531554905655883,6.21,980.25,,d5-c1-n0.01-m15,5,1,0.01,15,,-68.05605167745827
colosseum,16,dc2,-0.1878385543823242,13.33,,,d5-c1-n0.01-m16,5,1,0.01,16,,-34.60975649884751
colosseum,16,dc_wasserstein_ollivier,-0.3940111398696899,3.41,,,d5-c1-n0.01-m16,5,1,0.01,16,,-34.60975649884751
colosseum,16,dc_entropic_subtraction,1.0779056549072266,2.71,,,d5-c1-n0.01-m16,5,1,0.01,16,,-34.60975649884751
colosseum,16,hickock,16.80146737146291,54.94,,,d5-c1-n0.01-m16,5,1,0.01,16,,-34.60975649884751
colosseum,16,frc_weighted_adaptive,-109.9385398112266,1.11,,,d5-c1-n0.01-m16,5,1,0.01,16,,-34.60975649884751
colosseum,16,frc_unweighted_knn,-11.916666666666666,0.38,,,d5-c1-n0.01-m16,5,1,0.01,16,,-34.60975649884751
colosseum,16,orc,-0.2646856596188496,8.33,,,d5-c1-n0.01-m16,5,1,0.01,16,,-34.60975649884751
colosseum,16,spc_hop,,0.0,,,d5-c1-n0.01-m16,5,1,0.01,16,,-34.60975649884751
colosseum,16,spc_diffusion_t5,,0.0,,,d5-c1-n0.01-m16,5,1,0.01,16,,-34.60975649884751
colosseum,16,laziness_knn_t5,-6.4261860847473145,0.73,,,d5-c1-n0.01-m16,5,1,0.01,16,,-34.60975649884751
colosseum,16,laziness_adaptive_t5,-6.366312026977539,0.78,,,d5-c1-n0.01-m16,5,1,0.01,16,,-34.60975649884751
colosseum,16,successor_entropy,-1.8647783946959924,0.05,906.61,,d5-c1-n0.01-m16,5,1,0.01,16,,-34.60975649884751
colosseum,16,successor_orc,0.9505681353046876,6.55,906.61,,d5-c1-n0.01-m16,5,1,0.01,16,,-34.60975649884751
colosseum,17,dc2,0.3688840866088867,13.92,,,d5-c1-n0.01-m17,5,1,0.01,17,,-20.184881383799212
colosseum,17,dc_wasserstein_ollivier,-0.0402877330780029,3.65,,,d5-c1-n0.01-m17,5,1,0.01,17,,-20.184881383799212
colosseum,17,dc_entropic_subtraction,2.0747079849243164,2.72,,,d5-c1-n0.01-m17,5,1,0.01,17,,-20.184881383799212
colosseum,17,hickock,17.18400916847419,53.15,,,d5-c1-n0.01-m17,5,1,0.01,17,,-20.184881383799212
colosseum,17,frc_weighted_adaptive,-79.9187080813987,1.16,,,d5-c1-n0.01-m17,5,1,0.01,17,,-20.184881383799212
colosseum,17,frc_unweighted_knn,-11.2,0.39,,,d5-c1-n0.01-m17,5,1,0.01,17,,-20.184881383799212
colosseum,17,orc,-0.1906387314233862,9.05,,,d5-c1-n0.01-m17,5,1,0.01,17,,-20.184881383799212
colosseum,17,spc_hop,,0.0,,,d5-c1-n0.01-m17,5,1,0.01,17,,-20.184881383799212
colosseum,17,spc_diffusion_t5,,0.0,,,d5-c1-n0.01-m17,5,1,0.01,17,,-20.184881383799212
colosseum,17,laziness_knn_t5,-6.076021194458008,0.73,,,d5-c1-n0.01-m17,5,1,0.01,17,,-20.184881383799212
colosseum,17,laziness_adaptive_t5,-6.062526702880859,0.75,,,d5-c1-n0.01-m17,5,1,0.01,17,,-20.184881383799212
colosseum,17,successor_entropy,-1.6757154030424233,0.05,873.94,,d5-c1-n0.01-m17,5,1,0.01,17,,-20.184881383799212
colosseum,17,successor_orc,0.9520547071763134,6.34,873.94,,d5-c1-n0.01-m17,5,1,0.01,17,,-20.184881383799212
colosseum,18,dc2,-0.4147071838378906,14.37,,,d5-c1-n0.01-m18,5,1,0.01,18,,-16.661686265750102
colosseum,18,dc_wasserstein_ollivier,-0.288830041885376,3.84,,,d5-c1-n0.01-m18,5,1,0.01,18,,-16.661686265750102
colosseum,18,dc_entropic_subtraction,1.1421828269958496,2.69,,,d5-c1-n0.01-m18,5,1,0.01,18,,-16.661686265750102
colosseum,18,hickock,16.56542244440908,53.48,,,d5-c1-n0.01-m18,5,1,0.01,18,,-16.661686265750102
colosseum,18,frc_weighted_adaptive,-51.21596997980963,1.01,,,d5-c1-n0.01-m18,5,1,0.01,18,,-16.661686265750102
colosseum,18,frc_unweighted_knn,-11.923076923076923,0.31,,,d5-c1-n0.01-m18,5,1,0.01,18,,-16.661686265750102
colosseum,18,orc,-0.2657658077918003,7.35,,,d5-c1-n0.01-m18,5,1,0.01,18,,-16.661686265750102
colosseum,18,spc_hop,,0.0,,,d5-c1-n0.01-m18,5,1,0.01,18,,-16.661686265750102
colosseum,18,spc_diffusion_t5,,0.0,,,d5-c1-n0.01-m18,5,1,0.01,18,,-16.661686265750102
colosseum,18,laziness_knn_t5,-6.322991847991943,0.74,,,d5-c1-n0.01-m18,5,1,0.01,18,,-16.661686265750102
colosseum,18,laziness_adaptive_t5,-6.266010761260986,0.73,,,d5-c1-n0.01-m18,5,1,0.01,18,,-16.661686265750102
colosseum,18,successor_entropy,-1.716971726693213,0.05,883.2,,d5-c1-n0.01-m18,5,1,0.01,18,,-16.661686265750102
colosseum,18,successor_orc,0.9508091462275716,5.0,883.2,,d5-c1-n0.01-m18,5,1,0.01,18,,-16.661686265750102
colosseum,19,dc2,-0.7628164291381836,13.87,,,d5-c1-n0.01-m19,5,1,0.01,19,,-25.666935254059908
colosseum,19,dc_wasserstein_ollivier,-0.3930017948150635,3.49,,,d5-c1-n0.01-m19,5,1,0.01,19,,-25.666935254059908
colosseum,19,dc_entropic_subtraction,0.9955520629882812,2.9,,,d5-c1-n0.01-m19,5,1,0.01,19,,-25.666935254059908
colosseum,19,hickock,16.490424770863132,55.31,,,d5-c1-n0.01-m19,5,1,0.01,19,,-25.666935254059908
colosseum,19,frc_weighted_adaptive,-75.57290340696359,0.98,,,d5-c1-n0.01-m19,5,1,0.01,19,,-25.666935254059908
colosseum,19,frc_unweighted_knn,-12.785714285714286,0.31,,,d5-c1-n0.01-m19,5,1,0.01,19,,-25.666935254059908
colosseum,19,orc,-0.2280012413571306,7.79,,,d5-c1-n0.01-m19,5,1,0.01,19,,-25.666935254059908
colosseum,19,spc_hop,,0.0,,,d5-c1-n0.01-m19,5,1,0.01,19,,-25.666935254059908
colosseum,19,spc_diffusion_t5,,0.0,,,d5-c1-n0.01-m19,5,1,0.01,19,,-25.666935254059908
colosseum,19,laziness_knn_t5,-6.241920471191406,0.71,,,d5-c1-n0.01-m19,5,1,0.01,19,,-25.666935254059908
colosseum,19,laziness_adaptive_t5,-6.227529525756836,0.74,,,d5-c1-n0.01-m19,5,1,0.01,19,,-25.666935254059908
colosseum,19,successor_entropy,-1.7022625935990363,0.05,908.09,,d5-c1-n0.01-m19,5,1,0.01,19,,-25.666935254059908
colosseum,19,successor_orc,0.9519790937217456,5.09,908.09,,d5-c1-n0.01-m19,5,1,0.01,19,,-25.666935254059908
colosseum,20,dc2,-0.27801513671875,14.13,,,d5-c1-n0.01-m20,5,1,0.01,20,,0.6461244818462042
colosseum,20,dc_wasserstein_ollivier,-0.1132911443710327,3.46,,,d5-c1-n0.01-m20,5,1,0.01,20,,0.6461244818462042
colosseum,20,dc_entropic_subtraction,1.9175353050231931,3.14,,,d5-c1-n0.01-m20,5,1,0.01,20,,0.6461244818462042
colosseum,20,hickock,17.09349700262512,51.61,,,d5-c1-n0.01-m20,5,1,0.01,20,,0.6461244818462042
colosseum,20,frc_weighted_adaptive,-68.7418778317949,1.0,,,d5-c1-n0.01-m20,5,1,0.01,20,,0.6461244818462042
colosseum,20,frc_unweighted_knn,-9.363636363636363,0.31,,,d5-c1-n0.01-m20,5,1,0.01,20,,0.6461244818462042
colosseum,20,orc,-0.2319089135072773,7.19,,,d5-c1-n0.01-m20,5,1,0.01,20,,0.6461244818462042
colosseum,20,spc_hop,,0.0,,,d5-c1-n0.01-m20,5,1,0.01,20,,0.6461244818462042
colosseum,20,spc_diffusion_t5,,0.0,,,d5-c1-n0.01-m20,5,1,0.01,20,,0.6461244818462042
colosseum,20,laziness_knn_t5,-6.166728973388672,0.71,,,d5-c1-n0.01-m20,5,1,0.01,20,,0.6461244818462042
colosseum,20,laziness_adaptive_t5,-6.11180305480957,0.81,,,d5-c1-n0.01-m20,5,1,0.01,20,,0.6461244818462042
colosseum,20,successor_entropy,-1.6517856199679275,0.05,897.51,,d5-c1-n0.01-m20,5,1,0.01,20,,0.6461244818462042
colosseum,20,successor_orc,0.950452402101049,5.0,897.51,,d5-c1-n0.01-m20,5,1,0.01,20,,0.6461244818462042
colosseum,21,dc2,-0.5699210166931152,13.76,,,d5-c1-n0.01-m21,5,1,0.01,21,,-12.260452029149452
colosseum,21,dc_wasserstein_ollivier,-0.1798590421676635,3.49,,,d5-c1-n0.01-m21,5,1,0.01,21,,-12.260452029149452
colosseum,21,dc_entropic_subtraction,1.652669906616211,2.79,,,d5-c1-n0.01-m21,5,1,0.01,21,,-12.260452029149452
colosseum,21,hickock,16.683582726348366,51.53,,,d5-c1-n0.01-m21,5,1,0.01,21,,-12.260452029149452
colosseum,21,frc_weighted_adaptive,-90.94448726739355,1.24,,,d5-c1-n0.01-m21,5,1,0.01,21,,-12.260452029149452
colosseum,21,frc_unweighted_knn,-10.764705882352942,0.32,,,d5-c1-n0.01-m21,5,1,0.01,21,,-12.260452029149452
colosseum,21,orc,-0.1473014150994269,7.08,,,d5-c1-n0.01-m21,5,1,0.01,21,,-12.260452029149452
colosseum,21,spc_hop,,0.0,,,d5-c1-n0.01-m21,5,1,0.01,21,,-12.260452029149452
colosseum,21,spc_diffusion_t5,,0.0,,,d5-c1-n0.01-m21,5,1,0.01,21,,-12.260452029149452
colosseum,21,laziness_knn_t5,-5.9464430809021,0.71,,,d5-c1-n0.01-m21,5,1,0.01,21,,-12.260452029149452
colosseum,21,laziness_adaptive_t5,-5.908366680145264,0.72,,,d5-c1-n0.01-m21,5,1,0.01,21,,-12.260452029149452
colosseum,21,successor_entropy,-1.6543245561961084,0.05,965.76,,d5-c1-n0.01-m21,5,1,0.01,21,,-12.260452029149452
colosseum,21,successor_orc,0.9517874758795272,5.1,965.76,,d5-c1-n0.01-m21,5,1,0.01,21,,-12.260452029149452
colosseum,22,dc2,-0.2234930992126464,13.77,,,d5-c1-n0.01-m22,5,1,0.01,22,,-1.4196375578833722
colosseum,22,dc_wasserstein_ollivier,-0.0768322944641113,3.76,,,d5-c1-n0.01-m22,5,1,0.01,22,,-1.4196375578833722
colosseum,22,dc_entropic_subtraction,1.8751654624938965,2.77,,,d5-c1-n0.01-m22,5,1,0.01,22,,-1.4196375578833722
colosseum,22,hickock,16.755947416896806,52.5,,,d5-c1-n0.01-m22,5,1,0.01,22,,-1.4196375578833722
colosseum,22,frc_weighted_adaptive,-111.64915201746278,0.98,,,d5-c1-n0.01-m22,5,1,0.01,22,,-1.4196375578833722
colosseum,22,frc_unweighted_knn,-7.153846153846154,0.31,,,d5-c1-n0.01-m22,5,1,0.01,22,,-1.4196375578833722
colosseum,22,orc,-0.1318249275351868,7.6,,,d5-c1-n0.01-m22,5,1,0.01,22,,-1.4196375578833722
colosseum,22,spc_hop,,0.0,,,d5-c1-n0.01-m22,5,1,0.01,22,,-1.4196375578833722
colosseum,22,spc_diffusion_t5,,0.0,,,d5-c1-n0.01-m22,5,1,0.01,22,,-1.4196375578833722
colosseum,22,laziness_knn_t5,-5.933143615722656,0.69,,,d5-c1-n0.01-m22,5,1,0.01,22,,-1.4196375578833722
colosseum,22,laziness_adaptive_t5,-5.8613481521606445,0.72,,,d5-c1-n0.01-m22,5,1,0.01,22,,-1.4196375578833722
colosseum,22,successor_entropy,-1.699829762978169,0.05,967.81,,d5-c1-n0.01-m22,5,1,0.01,22,,-1.4196375578833722
colosseum,22,successor_orc,0.9522928600481058,6.32,967.81,,d5-c1-n0.01-m22,5,1,0.01,22,,-1.4196375578833722
colosseum,23,dc2,0.4239320755004883,14.0,,,d5-c1-n0.01-m23,5,1,0.01,23,,1.127915244915788
colosseum,23,dc_wasserstein_ollivier,-0.308936595916748,3.66,,,d5-c1-n0.01-m23,5,1,0.01,23,,1.127915244915788
colosseum,23,dc_entropic_subtraction,1.0397610664367676,2.68,,,d5-c1-n0.01-m23,5,1,0.01,23,,1.127915244915788
colosseum,23,hickock,16.905199903343266,52.76,,,d5-c1-n0.01-m23,5,1,0.01,23,,1.127915244915788
colosseum,23,frc_weighted_adaptive,-74.98953153147265,0.95,,,d5-c1-n0.01-m23,5,1,0.01,23,,1.127915244915788
colosseum,23,frc_unweighted_knn,-12.76923076923077,0.31,,,d5-c1-n0.01-m23,5,1,0.01,23,,1.127915244915788
colosseum,23,orc,-0.2567353637172127,8.17,,,d5-c1-n0.01-m23,5,1,0.01,23,,1.127915244915788
colosseum,23,spc_hop,,0.0,,,d5-c1-n0.01-m23,5,1,0.01,23,,1.127915244915788
colosseum,23,spc_diffusion_t5,,0.0,,,d5-c1-n0.01-m23,5,1,0.01,23,,1.127915244915788
colosseum,23,laziness_knn_t5,-6.423276424407959,0.68,,,d5-c1-n0.01-m23,5,1,0.01,23,,1.127915244915788
colosseum,23,laziness_adaptive_t5,-6.389174938201904,0.7,,,d5-c1-n0.01-m23,5,1,0.01,23,,1.127915244915788
colosseum,23,successor_entropy,-1.650037487155758,0.05,970.59,,d5-c1-n0.01-m23,5,1,0.01,23,,1.127915244915788
colosseum,23,successor_orc,0.9508328630161068,6.26,970.59,,d5-c1-n0.01-m23,5,1,0.01,23,,1.127915244915788
colosseum,24,dc2,0.0522103309631347,13.78,,,d5-c1-n0.01-m24,5,1,0.01,24,,-32.03777015347481
colosseum,24,dc_wasserstein_ollivier,-0.31067955493927,3.43,,,d5-c1-n0.01-m24,5,1,0.01,24,,-32.03777015347481
colosseum,24,dc_entropic_subtraction,1.6207823753356934,2.69,,,d5-c1-n0.01-m24,5,1,0.01,24,,-32.03777015347481
colosseum,24,hickock,16.963541492470345,52.3,,,d5-c1-n0.01-m24,5,1,0.01,24,,-32.03777015347481
colosseum,24,frc_weighted_adaptive,-66.47012028527269,1.13,,,d5-c1-n0.01-m24,5,1,0.01,24,,-32.03777015347481
colosseum,24,frc_unweighted_knn,-11.1,0.38,,,d5-c1-n0.01-m24,5,1,0.01,24,,-32.03777015347481
colosseum,24,orc,-0.2691572768116141,8.71,,,d5-c1-n0.01-m24,5,1,0.01,24,,-32.03777015347481
colosseum,24,spc_hop,,0.0,,,d5-c1-n0.01-m24,5,1,0.01,24,,-32.03777015347481
colosseum,24,spc_diffusion_t5,,0.0,,,d5-c1-n0.01-m24,5,1,0.01,24,,-32.03777015347481
colosseum,24,laziness_knn_t5,-6.371838092803955,0.67,,,d5-c1-n0.01-m24,5,1,0.01,24,,-32.03777015347481
colosseum,24,laziness_adaptive_t5,-6.365528583526611,0.69,,,d5-c1-n0.01-m24,5,1,0.01,24,,-32.03777015347481
colosseum,24,successor_entropy,-1.6957203430278849,0.06,1002.1,,d5-c1-n0.01-m24,5,1,0.01,24,,-32.03777015347481
colosseum,24,successor_orc,0.9504092796343124,6.51,1002.1,,d5-c1-n0.01-m24,5,1,0.01,24,,-32.03777015347481
colosseum,25,dc2,-0.2347640991210937,13.57,,,d5-c1-n0.01-m25,5,1,0.01,25,,-37.674910793912346
colosseum,25,dc_wasserstein_ollivier,-0.2648147344589233,3.38,,,d5-c1-n0.01-m25,5,1,0.01,25,,-37.674910793912346
colosseum,25,dc_entropic_subtraction,1.4311118125915527,2.61,,,d5-c1-n0.01-m25,5,1,0.01,25,,-37.674910793912346
colosseum,25,hickock,17.020137016846917,51.72,,,d5-c1-n0.01-m25,5,1,0.01,25,,-37.674910793912346
colosseum,25,frc_weighted_adaptive,-149.41684147122214,0.97,,,d5-c1-n0.01-m25,5,1,0.01,25,,-37.674910793912346
colosseum,25,frc_unweighted_knn,-13.692307692307692,0.32,,,d5-c1-n0.01-m25,5,1,0.01,25,,-37.674910793912346
colosseum,25,orc,-0.371900715852787,6.99,,,d5-c1-n0.01-m25,5,1,0.01,25,,-37.674910793912346
colosseum,25,spc_hop,,0.0,,,d5-c1-n0.01-m25,5,1,0.01,25,,-37.674910793912346
colosseum,25,spc_diffusion_t5,,0.0,,,d5-c1-n0.01-m25,5,1,0.01,25,,-37.674910793912346
colosseum,25,laziness_knn_t5,-6.560826301574707,0.68,,,d5-c1-n0.01-m25,5,1,0.01,25,,-37.674910793912346
colosseum,25,laziness_adaptive_t5,-6.450024604797363,0.97,,,d5-c1-n0.01-m25,5,1,0.01,25,,-37.674910793912346
colosseum,25,successor_entropy,-1.724326654363579,0.05,972.65,,d5-c1-n0.01-m25,5,1,0.01,25,,-37.674910793912346
colosseum,25,successor_orc,0.9493770936171692,6.34,972.65,,d5-c1-n0.01-m25,5,1,0.01,25,,-37.674910793912346
colosseum,26,dc2,0.4967775344848633,13.63,,,d5-c1-n0.01-m26,5,1,0.01,26,,14.935919143387132
colosseum,26,dc_wasserstein_ollivier,0.0425850749015808,3.75,,,d5-c1-n0.01-m26,5,1,0.01,26,,14.935919143387132
colosseum,26,dc_entropic_subtraction,2.029658794403076,2.67,,,d5-c1-n0.01-m26,5,1,0.01,26,,14.935919143387132
colosseum,26,hickock,17.3744974671028,50.69,,,d5-c1-n0.01-m26,5,1,0.01,26,,14.935919143387132
colosseum,26,frc_weighted_adaptive,-92.01598941549952,0.97,,,d5-c1-n0.01-m26,5,1,0.01,26,,14.935919143387132
colosseum,26,frc_unweighted_knn,-12.7,0.31,,,d5-c1-n0.01-m26,5,1,0.01,26,,14.935919143387132
colosseum,26,orc,-0.2443829977144639,7.25,,,d5-c1-n0.01-m26,5,1,0.01,26,,14.935919143387132
colosseum,26,spc_hop,,0.0,,,d5-c1-n0.01-m26,5,1,0.01,26,,14.935919143387132
colosseum,26,spc_diffusion_t5,,0.0,,,d5-c1-n0.01-m26,5,1,0.01,26,,14.935919143387132
colosseum,26,laziness_knn_t5,-6.078375816345215,0.69,,,d5-c1-n0.01-m26,5,1,0.01,26,,14.935919143387132
colosseum,26,laziness_adaptive_t5,-6.038548469543457,0.72,,,d5-c1-n0.01-m26,5,1,0.01,26,,14.935919143387132
colosseum,26,successor_entropy,-1.7299256159625171,0.04,896.24,,d5-c1-n0.01-m26,5,1,0.01,26,,14.935919143387132
colosseum,26,successor_orc,0.9535603257691306,6.31,896.24,,d5-c1-n0.01-m26,5,1,0.01,26,,14.935919143387132
colosseum,27,dc2,0.0876150131225586,12.96,,,d5-c1-n0.01-m27,5,1,0.01,27,,47.51492156990293
colosseum,27,dc_wasserstein_ollivier,-0.0810089111328125,3.8,,,d5-c1-n0.01-m27,5,1,0.01,27,,47.51492156990293
colosseum,27,dc_entropic_subtraction,1.6073760986328125,2.63,,,d5-c1-n0.01-m27,5,1,0.01,27,,47.51492156990293
colosseum,27,hickock,17.18283481828194,51.03,,,d5-c1-n0.01-m27,5,1,0.01,27,,47.51492156990293
colosseum,27,frc_weighted_adaptive,-66.15561266842812,0.98,,,d5-c1-n0.01-m27,5,1,0.01,27,,47.51492156990293
colosseum,27,frc_unweighted_knn,-13.0,0.31,,,d5-c1-n0.01-m27,5,1,0.01,27,,47.51492156990293
colosseum,27,orc,-0.2797620806290494,6.95,,,d5-c1-n0.01-m27,5,1,0.01,27,,47.51492156990293
colosseum,27,spc_hop,,0.0,,,d5-c1-n0.01-m27,5,1,0.01,27,,47.51492156990293
colosseum,27,spc_diffusion_t5,,0.0,,,d5-c1-n0.01-m27,5,1,0.01,27,,47.51492156990293
colosseum,27,laziness_knn_t5,-6.259204864501953,0.68,,,d5-c1-n0.01-m27,5,1,0.01,27,,47.51492156990293
colosseum,27,laziness_adaptive_t5,-6.255426406860352,0.73,,,d5-c1-n0.01-m27,5,1,0.01,27,,47.51492156990293
colosseum,0,dc2,0.4922595024108886,12.56,,,d5-c1-n0.05-m0,5,1,0.05,0,,17.07039372855039
colosseum,0,dc_wasserstein_ollivier,-0.2002313137054443,3.62,,,d5-c1-n0.05-m0,5,1,0.05,0,,17.07039372855039
colosseum,0,dc_entropic_subtraction,1.3645968437194824,2.79,,,d5-c1-n0.05-m0,5,1,0.05,0,,17.07039372855039
colosseum,0,hickock,16.98830643028766,47.87,,,d5-c1-n0.05-m0,5,1,0.05,0,,17.07039372855039
colosseum,0,frc_weighted_adaptive,-133.76382661833972,1.2,,,d5-c1-n0.05-m0,5,1,0.05,0,,17.07039372855039
colosseum,0,frc_unweighted_knn,-10.615384615384617,0.32,,,d5-c1-n0.05-m0,5,1,0.05,0,,17.07039372855039
colosseum,0,orc,-0.1943946764916602,6.44,,,d5-c1-n0.05-m0,5,1,0.05,0,,17.07039372855039
colosseum,0,spc_hop,,0.0,,,d5-c1-n0.05-m0,5,1,0.05,0,,17.07039372855039
colosseum,0,spc_diffusion_t5,,0.0,,,d5-c1-n0.05-m0,5,1,0.05,0,,17.07039372855039
colosseum,0,laziness_knn_t5,-5.904232501983643,0.86,,,d5-c1-n0.05-m0,5,1,0.05,0,,17.07039372855039
colosseum,0,laziness_adaptive_t5,-5.883455276489258,0.68,,,d5-c1-n0.05-m0,5,1,0.05,0,,17.07039372855039
colosseum,0,successor_entropy,-1.749833817754717,0.05,781.87,,d5-c1-n0.05-m0,5,1,0.05,0,,17.07039372855039
colosseum,0,successor_orc,0.949549493431945,5.01,781.87,,d5-c1-n0.05-m0,5,1,0.05,0,,17.07039372855039
colosseum,1,dc2,-0.2241764068603515,11.94,,,d5-c1-n0.05-m1,5,1,0.05,1,,-34.655331824506675
colosseum,1,dc_wasserstein_ollivier,-0.3057787418365478,2.96,,,d5-c1-n0.05-m1,5,1,0.05,1,,-34.655331824506675
colosseum,1,dc_entropic_subtraction,1.464893817901611,2.48,,,d5-c1-n0.05-m1,5,1,0.05,1,,-34.655331824506675
colosseum,1,hickock,17.073288855435447,53.51,,,d5-c1-n0.05-m1,5,1,0.05,1,,-34.655331824506675
colosseum,1,frc_weighted_adaptive,-156.9391746776822,0.97,,,d5-c1-n0.05-m1,5,1,0.05,1,,-34.655331824506675
colosseum,1,frc_unweighted_knn,-10.0,0.32,,,d5-c1-n0.05-m1,5,1,0.05,1,,-34.655331824506675
colosseum,1,orc,-0.2596710581651784,6.62,,,d5-c1-n0.05-m1,5,1,0.05,1,,-34.655331824506675
colosseum,1,spc_hop,,0.0,,,d5-c1-n0.05-m1,5,1,0.05,1,,-34.655331824506675
colosseum,1,spc_diffusion_t5,,0.0,,,d5-c1-n0.05-m1,5,1,0.05,1,,-34.655331824506675
colosseum,1,laziness_knn_t5,-6.330140113830566,0.64,,,d5-c1-n0.05-m1,5,1,0.05,1,,-34.655331824506675
colosseum,1,laziness_adaptive_t5,-6.24593448638916,0.68,,,d5-c1-n0.05-m1,5,1,0.05,1,,-34.655331824506675
colosseum,1,successor_entropy,-1.7367397129591555,0.05,787.2,,d5-c1-n0.05-m1,5,1,0.05,1,,-34.655331824506675
colosseum,1,successor_orc,0.9511854136695144,5.3,787.2,,d5-c1-n0.05-m1,5,1,0.05,1,,-34.655331824506675
colosseum,2,dc2,-0.2676610946655273,12.03,,,d5-c1-n0.05-m2,5,1,0.05,2,,-62.32199492558191
colosseum,2,dc_wasserstein_ollivier,0.047243595123291,3.2,,,d5-c1-n0.05-m2,5,1,0.05,2,,-62.32199492558191
colosseum,2,dc_entropic_subtraction,2.5467076301574707,2.47,,,d5-c1-n0.05-m2,5,1,0.05,2,,-62.32199492558191
colosseum,2,hickock,17.13315844874665,51.57,,,d5-c1-n0.05-m2,5,1,0.05,2,,-62.32199492558191
colosseum,2,frc_weighted_adaptive,-132.15405136804426,0.97,,,d5-c1-n0.05-m2,5,1,0.05,2,,-62.32199492558191
colosseum,2,frc_unweighted_knn,-9.0,0.31,,,d5-c1-n0.05-m2,5,1,0.05,2,,-62.32199492558191
colosseum,2,orc,-0.1853460128939478,6.76,,,d5-c1-n0.05-m2,5,1,0.05,2,,-62.32199492558191
colosseum,2,spc_hop,,0.0,,,d5-c1-n0.05-m2,5,1,0.05,2,,-62.32199492558191
colosseum,2,spc_diffusion_t5,,0.0,,,d5-c1-n0.05-m2,5,1,0.05,2,,-62.32199492558191
colosseum,2,laziness_knn_t5,-5.968311309814453,0.63,,,d5-c1-n0.05-m2,5,1,0.05,2,,-62.32199492558191
colosseum,2,laziness_adaptive_t5,-5.906505107879639,0.69,,,d5-c1-n0.05-m2,5,1,0.05,2,,-62.32199492558191
colosseum,2,successor_entropy,-1.7678530612812222,0.05,797.39,,d5-c1-n0.05-m2,5,1,0.05,2,,-62.32199492558191
colosseum,2,successor_orc,0.9537637831914664,4.93,797.39,,d5-c1-n0.05-m2,5,1,0.05,2,,-62.32199492558191
colosseum,3,dc2,-0.0829505920410156,12.0,,,d5-c1-n0.05-m3,5,1,0.05,3,,22.04017818000877
colosseum,3,dc_wasserstein_ollivier,-0.1986734867095947,2.93,,,d5-c1-n0.05-m3,5,1,0.05,3,,22.04017818000877
colosseum,3,dc_entropic_subtraction,1.3434820175170898,2.71,,,d5-c1-n0.05-m3,5,1,0.05,3,,22.04017818000877
colosseum,3,hickock,16.834378667370295,51.59,,,d5-c1-n0.05-m3,5,1,0.05,3,,22.04017818000877
colosseum,3,frc_weighted_adaptive,-98.94030381022031,1.0,,,d5-c1-n0.05-m3,5,1,0.05,3,,22.04017818000877
colosseum,3,frc_unweighted_knn,-12.333333333333334,0.31,,,d5-c1-n0.05-m3,5,1,0.05,3,,22.04017818000877
colosseum,3,orc,-0.2138183816534944,6.82,,,d5-c1-n0.05-m3,5,1,0.05,3,,22.04017818000877
colosseum,3,spc_hop,,0.0,,,d5-c1-n0.05-m3,5,1,0.05,3,,22.04017818000877
colosseum,3,spc_diffusion_t5,,0.0,,,d5-c1-n0.05-m3,5,1,0.05,3,,22.04017818000877
colosseum,3,laziness_knn_t5,-6.09984016418457,0.64,,,d5-c1-n0.05-m3,5,1,0.05,3,,22.04017818000877
colosseum,3,laziness_adaptive_t5,-6.122862815856934,0.66,,,d5-c1-n0.05-m3,5,1,0.05,3,,22.04017818000877
colosseum,3,successor_entropy,-1.5811507880482822,0.05,789.47,,d5-c1-n0.05-m3,5,1,0.05,3,,22.04017818000877
colosseum,3,successor_orc,0.9508457527127152,4.96,789.47,,d5-c1-n0.05-m3,5,1,0.05,3,,22.04017818000877
colosseum,4,dc2,-0.3856616020202636,12.03,,,d5-c1-n0.05-m4,5,1,0.05,4,,-16.532562451973703
colosseum,4,dc_wasserstein_ollivier,-0.5157898664474487,2.97,,,d5-c1-n0.05-m4,5,1,0.05,4,,-16.532562451973703
colosseum,4,dc_entropic_subtraction,0.8984618186950684,2.78,,,d5-c1-n0.05-m4,5,1,0.05,4,,-16.532562451973703
colosseum,4,hickock,16.667672256246725,51.85,,,d5-c1-n0.05-m4,5,1,0.05,4,,-16.532562451973703
colosseum,4,frc_weighted_adaptive,-109.49398863371266,0.96,,,d5-c1-n0.05-m4,5,1,0.05,4,,-16.532562451973703
colosseum,4,frc_unweighted_knn,-9.0,0.31,,,d5-c1-n0.05-m4,5,1,0.05,4,,-16.532562451973703
colosseum,4,orc,-0.2698303400912364,6.93,,,d5-c1-n0.05-m4,5,1,0.05,4,,-16.532562451973703
colosseum,4,spc_hop,,0.0,,,d5-c1-n0.05-m4,5,1,0.05,4,,-16.532562451973703
colosseum,4,spc_diffusion_t5,,0.0,,,d5-c1-n0.05-m4,5,1,0.05,4,,-16.532562451973703
colosseum,4,laziness_knn_t5,-6.163113594055176,0.65,,,d5-c1-n0.05-m4,5,1,0.05,4,,-16.532562451973703
colosseum,4,laziness_adaptive_t5,-6.132335186004639,0.69,,,d5-c1-n0.05-m4,5,1,0.05,4,,-16.532562451973703
colosseum,4,successor_entropy,-1.6367096903721492,0.05,900.55,,d5-c1-n0.05-m4,5,1,0.05,4,,-16.532562451973703
colosseum,4,successor_orc,0.9512602497805028,6.57,900.55,,d5-c1-n0.05-m4,5,1,0.05,4,,-16.532562451973703
colosseum,5,dc2,-0.5040950775146484,13.83,,,d5-c1-n0.05-m5,5,1,0.05,5,,-27.21979277530754
colosseum,5,dc_wasserstein_ollivier,-0.3330241441726684,3.36,,,d5-c1-n0.05-m5,5,1,0.05,5,,-27.21979277530754
colosseum,5,dc_entropic_subtraction,1.400743007659912,2.88,,,d5-c1-n0.05-m5,5,1,0.05,5,,-27.21979277530754
colosseum,5,hickock,17.154894967557738,58.85,,,d5-c1-n0.05-m5,5,1,0.05,5,,-27.21979277530754
colosseum,5,frc_weighted_adaptive,-97.6481466338793,1.35,,,d5-c1-n0.05-m5,5,1,0.05,5,,-27.21979277530754
colosseum,5,frc_unweighted_knn,-13.76923076923077,0.33,,,d5-c1-n0.05-m5,5,1,0.05,5,,-27.21979277530754
colosseum,5,orc,-0.2575262916888818,7.4,,,d5-c1-n0.05-m5,5,1,0.05,5,,-27.21979277530754
colosseum,5,spc_hop,,0.0,,,d5-c1-n0.05-m5,5,1,0.05,5,,-27.21979277530754
colosseum,5,spc_diffusion_t5,,0.0,,,d5-c1-n0.05-m5,5,1,0.05,5,,-27.21979277530754
colosseum,5,laziness_knn_t5,-6.409198760986328,0.8,,,d5-c1-n0.05-m5,5,1,0.05,5,,-27.21979277530754
colosseum,5,laziness_adaptive_t5,-6.38381814956665,0.8,,,d5-c1-n0.05-m5,5,1,0.05,5,,-27.21979277530754
colosseum,5,successor_entropy,-1.7487703757325652,0.05,911.18,,d5-c1-n0.05-m5,5,1,0.05,5,,-27.21979277530754
colosseum,5,successor_orc,0.951271747884127,5.4,911.18,,d5-c1-n0.05-m5,5,1,0.05,5,,-27.21979277530754
colosseum,6,dc2,-0.7110562324523926,13.83,,,d5-c1-n0.05-m6,5,1,0.05,6,,-29.818194788289546
colosseum,6,dc_wasserstein_ollivier,-0.2138605117797851,3.38,,,d5-c1-n0.05-m6,5,1,0.05,6,,-29.818194788289546
colosseum,6,dc_entropic_subtraction,1.6113576889038086,2.96,,,d5-c1-n0.05-m6,5,1,0.05,6,,-29.818194788289546
colosseum,6,hickock,16.769162685027606,57.63,,,d5-c1-n0.05-m6,5,1,0.05,6,,-29.818194788289546
colosseum,6,frc_weighted_adaptive,-78.66343626884498,1.04,,,d5-c1-n0.05-m6,5,1,0.05,6,,-29.818194788289546
colosseum,6,frc_unweighted_knn,-10.714285714285714,0.33,,,d5-c1-n0.05-m6,5,1,0.05,6,,-29.818194788289546
colosseum,6,orc,-0.2164477252174473,8.11,,,d5-c1-n0.05-m6,5,1,0.05,6,,-29.818194788289546
colosseum,6,spc_hop,,0.0,,,d5-c1-n0.05-m6,5,1,0.05,6,,-29.818194788289546
colosseum,6,spc_diffusion_t5,,0.0,,,d5-c1-n0.05-m6,5,1,0.05,6,,-29.818194788289546
colosseum,6,laziness_knn_t5,-6.163947582244873,0.78,,,d5-c1-n0.05-m6,5,1,0.05,6,,-29.818194788289546
colosseum,6,laziness_adaptive_t5,-6.128634452819824,0.82,,,d5-c1-n0.05-m6,5,1,0.05,6,,-29.818194788289546
colosseum,6,successor_entropy,-1.6735780166471377,0.05,907.65,,d5-c1-n0.05-m6,5,1,0.05,6,,-29.818194788289546
colosseum,6,successor_orc,0.9530699194338822,6.71,907.65,,d5-c1-n0.05-m6,5,1,0.05,6,,-29.818194788289546
colosseum,7,dc2,-0.4258661270141601,14.22,,,d5-c1-n0.05-m7,5,1,0.05,7,,-72.15196301521412
colosseum,7,dc_wasserstein_ollivier,0.0297309160232543,3.26,,,d5-c1-n0.05-m7,5,1,0.05,7,,-72.15196301521412
colosseum,7,dc_entropic_subtraction,2.6539626121521,2.8,,,d5-c1-n0.05-m7,5,1,0.05,7,,-72.15196301521412
colosseum,7,hickock,17.66338345090988,56.51,,,d5-c1-n0.05-m7,5,1,0.05,7,,-72.15196301521412
colosseum,7,frc_weighted_adaptive,-76.5410930512082,1.06,,,d5-c1-n0.05-m7,5,1,0.05,7,,-72.15196301521412
colosseum,7,frc_unweighted_knn,-14.7,0.33,,,d5-c1-n0.05-m7,5,1,0.05,7,,-72.15196301521412
colosseum,7,orc,-0.3228727785932569,7.59,,,d5-c1-n0.05-m7,5,1,0.05,7,,-72.15196301521412
colosseum,7,spc_hop,,0.0,,,d5-c1-n0.05-m7,5,1,0.05,7,,-72.15196301521412
colosseum,7,spc_diffusion_t5,,0.0,,,d5-c1-n0.05-m7,5,1,0.05,7,,-72.15196301521412
colosseum,7,laziness_knn_t5,-6.461941242218018,1.05,,,d5-c1-n0.05-m7,5,1,0.05,7,,-72.15196301521412
colosseum,7,laziness_adaptive_t5,-6.461277961730957,0.79,,,d5-c1-n0.05-m7,5,1,0.05,7,,-72.15196301521412
colosseum,7,successor_entropy,-1.7999797375128836,0.05,918.11,,d5-c1-n0.05-m7,5,1,0.05,7,,-72.15196301521412
colosseum,7,successor_orc,0.9507778563208394,6.19,918.11,,d5-c1-n0.05-m7,5,1,0.05,7,,-72.15196301521412
colosseum,8,dc2,-0.4436659812927246,13.64,,,d5-c1-n0.05-m8,5,1,0.05,8,,-5.135648100501555
colosseum,8,dc_wasserstein_ollivier,-0.2181189060211181,3.39,,,d5-c1-n0.05-m8,5,1,0.05,8,,-5.135648100501555
colosseum,8,dc_entropic_subtraction,1.1124744415283203,2.86,,,d5-c1-n0.05-m8,5,1,0.05,8,,-5.135648100501555
colosseum,8,hickock,16.48877111603401,55.75,,,d5-c1-n0.05-m8,5,1,0.05,8,,-5.135648100501555
colosseum,8,frc_weighted_adaptive,-115.8621060505095,1.01,,,d5-c1-n0.05-m8,5,1,0.05,8,,-5.135648100501555
colosseum,8,frc_unweighted_knn,-11.117647058823527,0.33,,,d5-c1-n0.05-m8,5,1,0.05,8,,-5.135648100501555
colosseum,8,orc,-0.1133443751866934,7.7,,,d5-c1-n0.05-m8,5,1,0.05,8,,-5.135648100501555
colosseum,8,spc_hop,,0.0,,,d5-c1-n0.05-m8,5,1,0.05,8,,-5.135648100501555
colosseum,8,spc_diffusion_t5,,0.0,,,d5-c1-n0.05-m8,5,1,0.05,8,,-5.135648100501555
colosseum,8,laziness_knn_t5,-5.799968719482422,0.78,,,d5-c1-n0.05-m8,5,1,0.05,8,,-5.135648100501555
colosseum,8,laziness_adaptive_t5,-5.801201343536377,0.82,,,d5-c1-n0.05-m8,5,1,0.05,8,,-5.135648100501555
colosseum,8,successor_entropy,-1.6790672383711984,0.05,905.4,,d5-c1-n0.05-m8,5,1,0.05,8,,-5.135648100501555
colosseum,8,successor_orc,0.9482954572600488,5.1,905.4,,d5-c1-n0.05-m8,5,1,0.05,8,,-5.135648100501555
colosseum,9,dc2,-0.8149876594543457,13.25,,,d5-c1-n0.05-m9,5,1,0.05,9,,-53.492133626353976
colosseum,9,dc_wasserstein_ollivier,-0.2221684455871582,3.29,,,d5-c1-n0.05-m9,5,1,0.05,9,,-53.492133626353976
colosseum,9,dc_entropic_subtraction,1.8097238540649412,2.8,,,d5-c1-n0.05-m9,5,1,0.05,9,,-53.492133626353976
colosseum,9,hickock,16.677109326391914,54.71,,,d5-c1-n0.05-m9,5,1,0.05,9,,-53.492133626353976
colosseum,9,frc_weighted_adaptive,-114.61403050878978,1.01,,,d5-c1-n0.05-m9,5,1,0.05,9,,-53.492133626353976
colosseum,9,frc_unweighted_knn,-7.454545454545454,0.33,,,d5-c1-n0.05-m9,5,1,0.05,9,,-53.492133626353976
colosseum,9,orc,-0.2561431786307049,7.49,,,d5-c1-n0.05-m9,5,1,0.05,9,,-53.492133626353976
colosseum,9,spc_hop,,0.0,,,d5-c1-n0.05-m9,5,1,0.05,9,,-53.492133626353976
colosseum,9,spc_diffusion_t5,,0.0,,,d5-c1-n0.05-m9,5,1,0.05,9,,-53.492133626353976
colosseum,9,laziness_knn_t5,-6.122925281524658,0.77,,,d5-c1-n0.05-m9,5,1,0.05,9,,-53.492133626353976
colosseum,9,laziness_adaptive_t5,-6.112697601318359,0.83,,,d5-c1-n0.05-m9,5,1,0.05,9,,-53.492133626353976
colosseum,9,successor_entropy,-1.7914253401940998,0.05,899.07,,d5-c1-n0.05-m9,5,1,0.05,9,,-53.492133626353976
colosseum,9,successor_orc,0.952874489996736,6.61,899.07,,d5-c1-n0.05-m9,5,1,0.05,9,,-53.492133626353976
colosseum,10,dc2,0.0988016128540039,13.82,,,d5-c1-n0.05-m10,5,1,0.05,10,,38.94558013342238
colosseum,10,dc_wasserstein_ollivier,-0.0287100076675415,3.71,,,d5-c1-n0.05-m10,5,1,0.05,10,,38.94558013342238
colosseum,10,dc_entropic_subtraction,1.8434133529663088,2.9,,,d5-c1-n0.05-m10,5,1,0.05,10,,38.94558013342238
colosseum,10,hickock,17.287010702766857,55.89,,,d5-c1-n0.05-m10,5,1,0.05,10,,38.94558013342238
colosseum,10,frc_weighted_adaptive,-100.42802337518404,1.06,,,d5-c1-n0.05-m10,5,1,0.05,10,,38.94558013342238
colosseum,10,frc_unweighted_knn,-9.727272727272728,0.32,,,d5-c1-n0.05-m10,5,1,0.05,10,,38.94558013342238
colosseum,10,orc,-0.1848694077778768,7.34,,,d5-c1-n0.05-m10,5,1,0.05,10,,38.94558013342238
colosseum,10,spc_hop,,0.0,,,d5-c1-n0.05-m10,5,1,0.05,10,,38.94558013342238
colosseum,10,spc_diffusion_t5,,0.0,,,d5-c1-n0.05-m10,5,1,0.05,10,,38.94558013342238
colosseum,10,laziness_knn_t5,-5.959111213684082,0.77,,,d5-c1-n0.05-m10,5,1,0.05,10,,38.94558013342238
colosseum,10,laziness_adaptive_t5,-5.922945022583008,0.86,,,d5-c1-n0.05-m10,5,1,0.05,10,,38.94558013342238
colosseum,10,successor_entropy,-1.706731464060877,0.05,887.42,,d5-c1-n0.05-m10,5,1,0.05,10,,38.94558013342238
colosseum,10,successor_orc,0.950028012352148,6.65,887.42,,d5-c1-n0.05-m10,5,1,0.05,10,,38.94558013342238
colosseum,11,dc2,0.0522456169128418,13.82,,,d5-c1-n0.05-m11,5,1,0.05,11,,61.43427023809484
colosseum,11,dc_wasserstein_ollivier,0.0258294343948364,3.66,,,d5-c1-n0.05-m11,5,1,0.05,11,,61.43427023809484
colosseum,11,dc_entropic_subtraction,1.6835899353027344,2.9,,,d5-c1-n0.05-m11,5,1,0.05,11,,61.43427023809484
colosseum,11,hickock,16.985285833363477,53.0,,,d5-c1-n0.05-m11,5,1,0.05,11,,61.43427023809484
colosseum,11,frc_weighted_adaptive,-65.49886980901383,1.07,,,d5-c1-n0.05-m11,5,1,0.05,11,,61.43427023809484
colosseum,11,frc_unweighted_knn,-10.2,0.33,,,d5-c1-n0.05-m11,5,1,0.05,11,,61.43427023809484
colosseum,11,orc,-0.1867205247224879,7.55,,,d5-c1-n0.05-m11,5,1,0.05,11,,61.43427023809484
colosseum,11,spc_hop,,0.0,,,d5-c1-n0.05-m11,5,1,0.05,11,,61.43427023809484
colosseum,11,spc_diffusion_t5,,0.0,,,d5-c1-n0.05-m11,5,1,0.05,11,,61.43427023809484
colosseum,11,laziness_knn_t5,-5.846621990203857,0.78,,,d5-c1-n0.05-m11,5,1,0.05,11,,61.43427023809484
colosseum,11,laziness_adaptive_t5,-5.787086486816406,0.83,,,d5-c1-n0.05-m11,5,1,0.05,11,,61.43427023809484
colosseum,11,successor_entropy,-1.598803392640509,0.05,896.35,,d5-c1-n0.05-m11,5,1,0.05,11,,61.43427023809484
colosseum,11,successor_orc,0.9518399948768812,5.3,896.35,,d5-c1-n0.05-m11,5,1,0.05,11,,61.43427023809484
colosseum,12,dc2,-0.0629048347473144,13.81,,,d5-c1-n0.05-m12,5,1,0.05,12,,-24.513065665403776
colosseum,12,dc_wasserstein_ollivier,-0.3598048686981201,3.38,,,d5-c1-n0.05-m12,5,1,0.05,12,,-24.513065665403776
colosseum,12,dc_entropic_subtraction,1.2185983657836914,3.22,,,d5-c1-n0.05-m12,5,1,0.05,12,,-24.513065665403776
colosseum,12,hickock,16.6581065159172,52.68,,,d5-c1-n0.05-m12,5,1,0.05,12,,-24.513065665403776
colosseum,12,frc_weighted_adaptive,-185.9585846079113,1.04,,,d5-c1-n0.05-m12,5,1,0.05,12,,-24.513065665403776
colosseum,12,frc_unweighted_knn,-8.5,0.33,,,d5-c1-n0.05-m12,5,1,0.05,12,,-24.513065665403776
colosseum,12,orc,-0.1671347546391753,7.47,,,d5-c1-n0.05-m12,5,1,0.05,12,,-24.513065665403776
colosseum,12,spc_hop,,0.0,,,d5-c1-n0.05-m12,5,1,0.05,12,,-24.513065665403776
colosseum,12,spc_diffusion_t5,,0.0,,,d5-c1-n0.05-m12,5,1,0.05,12,,-24.513065665403776
colosseum,12,laziness_knn_t5,-5.955000877380371,0.76,,,d5-c1-n0.05-m12,5,1,0.05,12,,-24.513065665403776
colosseum,12,laziness_adaptive_t5,-5.848711013793945,0.84,,,d5-c1-n0.05-m12,5,1,0.05,12,,-24.513065665403776
colosseum,12,successor_entropy,-1.724287953108239,0.05,875.95,,d5-c1-n0.05-m12,5,1,0.05,12,,-24.513065665403776
colosseum,12,successor_orc,0.9514471748435412,5.24,875.95,,d5-c1-n0.05-m12,5,1,0.05,12,,-24.513065665403776
colosseum,13,dc2,-0.4460029602050781,14.02,,,d5-c1-n0.05-m13,5,1,0.05,13,,-21.844079536469035
colosseum,13,dc_wasserstein_ollivier,-0.4627096652984619,3.38,,,d5-c1-n0.05-m13,5,1,0.05,13,,-21.844079536469035
colosseum,13,dc_entropic_subtraction,0.8421263694763184,2.88,,,d5-c1-n0.05-m13,5,1,0.05,13,,-21.844079536469035
colosseum,13,hickock,16.92005621318986,50.65,,,d5-c1-n0.05-m13,5,1,0.05,13,,-21.844079536469035
colosseum,13,frc_weighted_adaptive,-88.27024266883708,1.25,,,d5-c1-n0.05-m13,5,1,0.05,13,,-21.844079536469035
colosseum,13,frc_unweighted_knn,-12.6,0.32,,,d5-c1-n0.05-m13,5,1,0.05,13,,-21.844079536469035
colosseum,13,orc,-0.2831914396015058,7.31,,,d5-c1-n0.05-m13,5,1,0.05,13,,-21.844079536469035
colosseum,13,spc_hop,,0.0,,,d5-c1-n0.05-m13,5,1,0.05,13,,-21.844079536469035
colosseum,13,spc_diffusion_t5,,0.0,,,d5-c1-n0.05-m13,5,1,0.05,13,,-21.844079536469035
colosseum,13,laziness_knn_t5,-6.510447502136231,0.77,,,d5-c1-n0.05-m13,5,1,0.05,13,,-21.844079536469035
colosseum,13,laziness_adaptive_t5,-6.468116283416748,0.88,,,d5-c1-n0.05-m13,5,1,0.05,13,,-21.844079536469035
colosseum,13,successor_entropy,-1.7637275848030889,0.04,863.16,,d5-c1-n0.05-m13,5,1,0.05,13,,-21.844079536469035
colosseum,13,successor_orc,0.950874572755072,5.01,863.16,,d5-c1-n0.05-m13,5,1,0.05,13,,-21.844079536469035
colosseum,14,dc2,0.0146188735961914,13.11,,,d5-c1-n0.05-m14,5,1,0.05,14,,29.64448044819656
colosseum,14,dc_wasserstein_ollivier,-0.0896271467208862,3.1,,,d5-c1-n0.05-m14,5,1,0.05,14,,29.64448044819656
colosseum,14,dc_entropic_subtraction,1.608354568481445,2.68,,,d5-c1-n0.05-m14,5,1,0.05,14,,29.64448044819656
colosseum,14,hickock,16.841245416952308,52.78,,,d5-c1-n0.05-m14,5,1,0.05,14,,29.64448044819656
colosseum,14,frc_weighted_adaptive,-62.10240341690467,0.98,,,d5-c1-n0.05-m14,5,1,0.05,14,,29.64448044819656
colosseum,14,frc_unweighted_knn,-8.583333333333334,0.32,,,d5-c1-n0.05-m14,5,1,0.05,14,,29.64448044819656
colosseum,14,orc,-0.2297990045307455,7.36,,,d5-c1-n0.05-m14,5,1,0.05,14,,29.64448044819656
colosseum,14,spc_hop,,0.0,,,d5-c1-n0.05-m14,5,1,0.05,14,,29.64448044819656
colosseum,14,spc_diffusion_t5,,0.0,,,d5-c1-n0.05-m14,5,1,0.05,14,,29.64448044819656
colosseum,14,laziness_knn_t5,-6.079924583435059,0.69,,,d5-c1-n0.05-m14,5,1,0.05,14,,29.64448044819656
colosseum,14,laziness_adaptive_t5,-6.0850934982299805,0.71,,,d5-c1-n0.05-m14,5,1,0.05,14,,29.64448044819656
colosseum,14,successor_entropy,-1.627308162701937,0.05,811.57,,d5-c1-n0.05-m14,5,1,0.05,14,,29.64448044819656
colosseum,14,successor_orc,0.9495324474202472,4.99,811.57,,d5-c1-n0.05-m14,5,1,0.05,14,,29.64448044819656
colosseum,15,dc2,-0.0639162063598632,12.21,,,d5-c1-n0.05-m15,5,1,0.05,15,,-37.661345910307794
colosseum,15,dc_wasserstein_ollivier,-0.2730320692062378,2.97,,,d5-c1-n0.05-m15,5,1,0.05,15,,-37.661345910307794
colosseum,15,dc_entropic_subtraction,1.5426154136657717,2.51,,,d5-c1-n0.05-m15,5,1,0.05,15,,-37.661345910307794
colosseum,15,hickock,17.279620422558637,49.64,,,d5-c1-n0.05-m15,5,1,0.05,15,,-37.661345910307794
colosseum,15,frc_weighted_adaptive,-72.95891503971878,0.99,,,d5-c1-n0.05-m15,5,1,0.05,15,,-37.661345910307794
colosseum,15,frc_unweighted_knn,-14.636363636363637,0.32,,,d5-c1-n0.05-m15,5,1,0.05,15,,-37.661345910307794
colosseum,15,orc,-0.3063269494758142,7.35,,,d5-c1-n0.05-m15,5,1,0.05,15,,-37.661345910307794
colosseum,15,spc_hop,,0.0,,,d5-c1-n0.05-m15,5,1,0.05,15,,-37.661345910307794
colosseum,15,spc_diffusion_t5,,0.0,,,d5-c1-n0.05-m15,5,1,0.05,15,,-37.661345910307794
colosseum,15,laziness_knn_t5,-6.54273796081543,0.66,,,d5-c1-n0.05-m15,5,1,0.05,15,,-37.661345910307794
colosseum,15,laziness_adaptive_t5,-6.493824481964111,0.68,,,d5-c1-n0.05-m15,5,1,0.05,15,,-37.661345910307794
colosseum,15,successor_entropy,-1.7633130395297585,0.05,788.5,,d5-c1-n0.05-m15,5,1,0.05,15,,-37.661345910307794
colosseum,15,successor_orc,0.9487116537216236,6.23,788.5,,d5-c1-n0.05-m15,5,1,0.05,15,,-37.661345910307794
colosseum,16,dc2,-0.7330207824707031,12.42,,,d5-c1-n0.05-m16,5,1,0.05,16,,-42.42558274911618
colosseum,16,dc_wasserstein_ollivier,-0.402989387512207,3.07,,,d5-c1-n0.05-m16,5,1,0.05,16,,-42.42558274911618
colosseum,16,dc_entropic_subtraction,1.3297505378723145,2.62,,,d5-c1-n0.05-m16,5,1,0.05,16,,-42.42558274911618
colosseum,16,hickock,16.963907144137075,51.36,,,d5-c1-n0.05-m16,5,1,0.05,16,,-42.42558274911618
colosseum,16,frc_weighted_adaptive,-130.7426031892719,1.0,,,d5-c1-n0.05-m16,5,1,0.05,16,,-42.42558274911618
colosseum,16,frc_unweighted_knn,-14.88888888888889,0.32,,,d5-c1-n0.05-m16,5,1,0.05,16,,-42.42558274911618
colosseum,16,orc,-0.23941739496246,7.11,,,d5-c1-n0.05-m16,5,1,0.05,16,,-42.42558274911618
colosseum,16,spc_hop,,0.0,,,d5-c1-n0.05-m16,5,1,0.05,16,,-42.42558274911618
colosseum,16,spc_diffusion_t5,,0.0,,,d5-c1-n0.05-m16,5,1,0.05,16,,-42.42558274911618
colosseum,16,laziness_knn_t5,-6.369626998901367,0.71,,,d5-c1-n0.05-m16,5,1,0.05,16,,-42.42558274911618
colosseum,16,laziness_adaptive_t5,-6.338683128356934,1.07,,,d5-c1-n0.05-m16,5,1,0.05,16,,-42.42558274911618
colosseum,16,successor_entropy,-1.7925052805263548,0.05,806.6,,d5-c1-n0.05-m16,5,1,0.05,16,,-42.42558274911618
colosseum,16,successor_orc,0.9519017088333576,4.9,806.6,,d5-c1-n0.05-m16,5,1,0.05,16,,-42.42558274911618
colosseum,17,dc2,-0.0338568687438964,12.13,,,d5-c1-n0.05-m17,5,1,0.05,17,,-34.798682325281646
colosseum,17,dc_wasserstein_ollivier,-0.2764012813568115,2.96,,,d5-c1-n0.05-m17,5,1,0.05,17,,-34.798682325281646
colosseum,17,dc_entropic_subtraction,1.3371381759643557,2.49,,,d5-c1-n0.05-m17,5,1,0.05,17,,-34.798682325281646
colosseum,17,hickock,16.790232787789332,47.42,,,d5-c1-n0.05-m17,5,1,0.05,17,,-34.798682325281646
colosseum,17,frc_weighted_adaptive,-134.8058768438332,0.98,,,d5-c1-n0.05-m17,5,1,0.05,17,,-34.798682325281646
colosseum,17,frc_unweighted_knn,-6.5,0.32,,,d5-c1-n0.05-m17,5,1,0.05,17,,-34.798682325281646
colosseum,17,orc,-0.1777956308385317,6.7,,,d5-c1-n0.05-m17,5,1,0.05,17,,-34.798682325281646
colosseum,17,spc_hop,,0.0,,,d5-c1-n0.05-m17,5,1,0.05,17,,-34.798682325281646
colosseum,17,spc_diffusion_t5,,0.0,,,d5-c1-n0.05-m17,5,1,0.05,17,,-34.798682325281646
colosseum,17,laziness_knn_t5,-6.149388790130615,0.63,,,d5-c1-n0.05-m17,5,1,0.05,17,,-34.798682325281646
colosseum,17,laziness_adaptive_t5,-6.08088493347168,0.66,,,d5-c1-n0.05-m17,5,1,0.05,17,,-34.798682325281646
colosseum,17,successor_entropy,-1.700608775681001,0.05,790.4,,d5-c1-n0.05-m17,5,1,0.05,17,,-34.798682325281646
colosseum,17,successor_orc,0.952193223922124,4.93,790.4,,d5-c1-n0.05-m17,5,1,0.05,17,,-34.798682325281646
colosseum,18,dc2,-0.3224129676818847,12.12,,,d5-c1-n0.05-m18,5,1,0.05,18,,-60.19616202840498
colosseum,18,dc_wasserstein_ollivier,-0.1322417259216308,3.21,,,d5-c1-n0.05-m18,5,1,0.05,18,,-60.19616202840498
colosseum,18,dc_entropic_subtraction,1.9515533447265625,2.5,,,d5-c1-n0.05-m18,5,1,0.05,18,,-60.19616202840498
colosseum,18,hickock,16.8804631839829,54.28,,,d5-c1-n0.05-m18,5,1,0.05,18,,-60.19616202840498
colosseum,18,frc_weighted_adaptive,-180.99486501682156,0.98,,,d5-c1-n0.05-m18,5,1,0.05,18,,-60.19616202840498
colosseum,18,frc_unweighted_knn,-11.75,0.32,,,d5-c1-n0.05-m18,5,1,0.05,18,,-60.19616202840498
colosseum,18,orc,-0.2589284307368809,6.92,,,d5-c1-n0.05-m18,5,1,0.05,18,,-60.19616202840498
colosseum,18,spc_hop,,0.0,,,d5-c1-n0.05-m18,5,1,0.05,18,,-60.19616202840498
colosseum,18,spc_diffusion_t5,,0.0,,,d5-c1-n0.05-m18,5,1,0.05,18,,-60.19616202840498
colosseum,18,laziness_knn_t5,-6.278651237487793,0.65,,,d5-c1-n0.05-m18,5,1,0.05,18,,-60.19616202840498
colosseum,18,laziness_adaptive_t5,-6.264449119567871,0.68,,,d5-c1-n0.05-m18,5,1,0.05,18,,-60.19616202840498
colosseum,18,successor_entropy,-1.8294838645504787,0.05,787.38,,d5-c1-n0.05-m18,5,1,0.05,18,,-60.19616202840498
colosseum,18,successor_orc,0.9523854453639458,4.97,787.38,,d5-c1-n0.05-m18,5,1,0.05,18,,-60.19616202840498
colosseum,19,dc2,0.0513567924499511,11.95,,,d5-c1-n0.05-m19,5,1,0.05,19,,-61.06200499910622
colosseum,19,dc_wasserstein_ollivier,-0.189781904220581,3.16,,,d5-c1-n0.05-m19,5,1,0.05,19,,-61.06200499910622
colosseum,19,dc_entropic_subtraction,1.885603427886963,2.43,,,d5-c1-n0.05-m19,5,1,0.05,19,,-61.06200499910622
colosseum,19,hickock,16.98507502677797,50.88,,,d5-c1-n0.05-m19,5,1,0.05,19,,-61.06200499910622
colosseum,19,frc_weighted_adaptive,-103.48949700485096,0.98,,,d5-c1-n0.05-m19,5,1,0.05,19,,-61.06200499910622
colosseum,19,frc_unweighted_knn,-7.714285714285714,0.32,,,d5-c1-n0.05-m19,5,1,0.05,19,,-61.06200499910622
colosseum,19,orc,-0.1218976054248432,6.84,,,d5-c1-n0.05-m19,5,1,0.05,19,,-61.06200499910622
colosseum,19,spc_hop,,0.0,,,d5-c1-n0.05-m19,5,1,0.05,19,,-61.06200499910622
colosseum,19,spc_diffusion_t5,,0.0,,,d5-c1-n0.05-m19,5,1,0.05,19,,-61.06200499910622
colosseum,19,laziness_knn_t5,-6.016781806945801,0.64,,,d5-c1-n0.05-m19,5,1,0.05,19,,-61.06200499910622
colosseum,19,laziness_adaptive_t5,-5.930101871490479,0.69,,,d5-c1-n0.05-m19,5,1,0.05,19,,-61.06200499910622
colosseum,19,successor_entropy,-1.8267237249764925,0.05,749.42,,d5-c1-n0.05-m19,5,1,0.05,19,,-61.06200499910622
colosseum,19,successor_orc,0.9534600648347868,4.91,749.42,,d5-c1-n0.05-m19,5,1,0.05,19,,-61.06200499910622
colosseum,20,dc2,-0.0014753341674804,11.99,,,d5-c1-n0.05-m20,5,1,0.05,20,,-42.03344410234895
colosseum,20,dc_wasserstein_ollivier,-0.2522125244140625,3.27,,,d5-c1-n0.05-m20,5,1,0.05,20,,-42.03344410234895
colosseum,20,dc_entropic_subtraction,1.7873821258544922,2.5,,,d5-c1-n0.05-m20,5,1,0.05,20,,-42.03344410234895
colosseum,20,hickock,17.12904083437228,51.62,,,d5-c1-n0.05-m20,5,1,0.05,20,,-42.03344410234895
colosseum,20,frc_weighted_adaptive,-122.29271742723948,1.0,,,d5-c1-n0.05-m20,5,1,0.05,20,,-42.03344410234895
colosseum,20,frc_unweighted_knn,-11.25,0.31,,,d5-c1-n0.05-m20,5,1,0.05,20,,-42.03344410234895
colosseum,20,orc,-0.275113870369278,6.84,,,d5-c1-n0.05-m20,5,1,0.05,20,,-42.03344410234895
colosseum,20,spc_hop,,0.0,,,d5-c1-n0.05-m20,5,1,0.05,20,,-42.03344410234895
colosseum,20,spc_diffusion_t5,,0.0,,,d5-c1-n0.05-m20,5,1,0.05,20,,-42.03344410234895
colosseum,20,laziness_knn_t5,-6.283871650695801,0.63,,,d5-c1-n0.05-m20,5,1,0.05,20,,-42.03344410234895
colosseum,20,laziness_adaptive_t5,-6.264191627502441,0.66,,,d5-c1-n0.05-m20,5,1,0.05,20,,-42.03344410234895
colosseum,20,successor_entropy,-1.6571062636204683,0.05,783.65,,d5-c1-n0.05-m20,5,1,0.05,20,,-42.03344410234895
colosseum,20,successor_orc,0.951997077305351,5.04,783.65,,d5-c1-n0.05-m20,5,1,0.05,20,,-42.03344410234895
colosseum,21,dc2,0.2494463920593261,11.99,,,d5-c1-n0.05-m21,5,1,0.05,21,,-20.221702448981453
colosseum,21,dc_wasserstein_ollivier,-0.3683490753173828,2.95,,,d5-c1-n0.05-m21,5,1,0.05,21,,-20.221702448981453
colosseum,21,dc_entropic_subtraction,1.1943907737731934,2.69,,,d5-c1-n0.05-m21,5,1,0.05,21,,-20.221702448981453
colosseum,21,hickock,17.04267465991432,51.98,,,d5-c1-n0.05-m21,5,1,0.05,21,,-20.221702448981453
colosseum,21,frc_weighted_adaptive,-77.98733141311595,0.98,,,d5-c1-n0.05-m21,5,1,0.05,21,,-20.221702448981453
colosseum,21,frc_unweighted_knn,-13.727272727272728,0.31,,,d5-c1-n0.05-m21,5,1,0.05,21,,-20.221702448981453
colosseum,21,orc,-0.3212951504964396,6.62,,,d5-c1-n0.05-m21,5,1,0.05,21,,-20.221702448981453
colosseum,21,spc_hop,,0.0,,,d5-c1-n0.05-m21,5,1,0.05,21,,-20.221702448981453
colosseum,21,spc_diffusion_t5,,0.0,,,d5-c1-n0.05-m21,5,1,0.05,21,,-20.221702448981453
colosseum,21,laziness_knn_t5,-6.596221923828125,0.63,,,d5-c1-n0.05-m21,5,1,0.05,21,,-20.221702448981453
colosseum,21,laziness_adaptive_t5,-6.564484596252441,0.67,,,d5-c1-n0.05-m21,5,1,0.05,21,,-20.221702448981453
colosseum,21,successor_entropy,-1.6882083024447785,0.05,785.61,,d5-c1-n0.05-m21,5,1,0.05,21,,-20.221702448981453
colosseum,21,successor_orc,0.9512143537582748,5.0,785.61,,d5-c1-n0.05-m21,5,1,0.05,21,,-20.221702448981453
colosseum,22,dc2,-0.4056572914123535,11.96,,,d5-c1-n0.05-m22,5,1,0.05,22,,-38.01708556950074
colosseum,22,dc_wasserstein_ollivier,-0.4029936790466308,2.93,,,d5-c1-n0.05-m22,5,1,0.05,22,,-38.01708556950074
colosseum,22,dc_entropic_subtraction,1.4428887367248535,2.75,,,d5-c1-n0.05-m22,5,1,0.05,22,,-38.01708556950074
colosseum,22,hickock,17.129274410274363,51.46,,,d5-c1-n0.05-m22,5,1,0.05,22,,-38.01708556950074
colosseum,22,frc_weighted_adaptive,-94.09515589724504,1.03,,,d5-c1-n0.05-m22,5,1,0.05,22,,-38.01708556950074
colosseum,22,frc_unweighted_knn,-13.3,0.32,,,d5-c1-n0.05-m22,5,1,0.05,22,,-38.01708556950074
colosseum,22,orc,-0.3698119961305596,6.81,,,d5-c1-n0.05-m22,5,1,0.05,22,,-38.01708556950074
colosseum,22,spc_hop,,0.0,,,d5-c1-n0.05-m22,5,1,0.05,22,,-38.01708556950074
colosseum,22,spc_diffusion_t5,,0.0,,,d5-c1-n0.05-m22,5,1,0.05,22,,-38.01708556950074
colosseum,22,laziness_knn_t5,-6.394989967346191,0.63,,,d5-c1-n0.05-m22,5,1,0.05,22,,-38.01708556950074
colosseum,22,laziness_adaptive_t5,-6.350168228149414,0.69,,,d5-c1-n0.05-m22,5,1,0.05,22,,-38.01708556950074
colosseum,22,successor_entropy,-1.785887448929095,0.05,763.73,,d5-c1-n0.05-m22,5,1,0.05,22,,-38.01708556950074
colosseum,22,successor_orc,0.9500557433060448,4.92,763.73,,d5-c1-n0.05-m22,5,1,0.05,22,,-38.01708556950074
colosseum,23,dc2,-0.0097780227661132,11.92,,,d5-c1-n0.05-m23,5,1,0.05,23,,-16.738933901371386
colosseum,23,dc_wasserstein_ollivier,-0.4116854667663574,2.9,,,d5-c1-n0.05-m23,5,1,0.05,23,,-16.738933901371386
colosseum,23,dc_entropic_subtraction,1.039504051208496,2.47,,,d5-c1-n0.05-m23,5,1,0.05,23,,-16.738933901371386
colosseum,23,hickock,16.77598644159727,51.36,,,d5-c1-n0.05-m23,5,1,0.05,23,,-16.738933901371386
colosseum,23,frc_weighted_adaptive,-139.24876912278592,1.24,,,d5-c1-n0.05-m23,5,1,0.05,23,,-16.738933901371386
colosseum,23,frc_unweighted_knn,-8.5,0.31,,,d5-c1-n0.05-m23,5,1,0.05,23,,-16.738933901371386
colosseum,23,orc,-0.2085834900503123,6.82,,,d5-c1-n0.05-m23,5,1,0.05,23,,-16.738933901371386
colosseum,23,spc_hop,,0.0,,,d5-c1-n0.05-m23,5,1,0.05,23,,-16.738933901371386
colosseum,23,spc_diffusion_t5,,0.0,,,d5-c1-n0.05-m23,5,1,0.05,23,,-16.738933901371386
colosseum,23,laziness_knn_t5,-6.300787925720215,0.62,,,d5-c1-n0.05-m23,5,1,0.05,23,,-16.738933901371386
colosseum,23,laziness_adaptive_t5,-6.320303916931152,0.68,,,d5-c1-n0.05-m23,5,1,0.05,23,,-16.738933901371386
colosseum,23,successor_entropy,-1.7253566847623445,0.05,786.67,,d5-c1-n0.05-m23,5,1,0.05,23,,-16.738933901371386
colosseum,23,successor_orc,0.9522934940729888,4.88,786.67,,d5-c1-n0.05-m23,5,1,0.05,23,,-16.738933901371386
colosseum,24,dc2,0.1077909469604492,11.95,,,d5-c1-n0.05-m24,5,1,0.05,24,,-6.356463545595562
colosseum,24,dc_wasserstein_ollivier,-0.2050825357437133,2.91,,,d5-c1-n0.05-m24,5,1,0.05,24,,-6.356463545595562
colosseum,24,dc_entropic_subtraction,1.4249610900878906,2.48,,,d5-c1-n0.05-m24,5,1,0.05,24,,-6.356463545595562
colosseum,24,hickock,16.728025578301374,53.46,,,d5-c1-n0.05-m24,5,1,0.05,24,,-6.356463545595562
colosseum,24,frc_weighted_adaptive,-141.83923844088227,1.03,,,d5-c1-n0.05-m24,5,1,0.05,24,,-6.356463545595562
colosseum,24,frc_unweighted_knn,-13.615384615384617,0.32,,,d5-c1-n0.05-m24,5,1,0.05,24,,-6.356463545595562
colosseum,24,orc,-0.2499459458425049,7.29,,,d5-c1-n0.05-m24,5,1,0.05,24,,-6.356463545595562
colosseum,24,spc_hop,,0.0,,,d5-c1-n0.05-m24,5,1,0.05,24,,-6.356463545595562
colosseum,24,spc_diffusion_t5,,0.0,,,d5-c1-n0.05-m24,5,1,0.05,24,,-6.356463545595562
colosseum,24,laziness_knn_t5,-6.279717445373535,0.62,,,d5-c1-n0.05-m24,5,1,0.05,24,,-6.356463545595562
colosseum,24,laziness_adaptive_t5,-6.173866748809815,0.69,,,d5-c1-n0.05-m24,5,1,0.05,24,,-6.356463545595562
colosseum,24,successor_entropy,-1.699917006852726,0.05,796.56,,d5-c1-n0.05-m24,5,1,0.05,24,,-6.356463545595562
colosseum,24,successor_orc,0.9506318765077676,5.61,796.56,,d5-c1-n0.05-m24,5,1,0.05,24,,-6.356463545595562
colosseum,25,dc2,-0.3473014831542969,11.93,,,d5-c1-n0.05-m25,5,1,0.05,25,,-19.167895948157483
colosseum,25,dc_wasserstein_ollivier,-0.3962546586990356,2.91,,,d5-c1-n0.05-m25,5,1,0.05,25,,-19.167895948157483
colosseum,25,dc_entropic_subtraction,1.0085687637329102,2.47,,,d5-c1-n0.05-m25,5,1,0.05,25,,-19.167895948157483
colosseum,25,hickock,16.561930011421747,53.84,,,d5-c1-n0.05-m25,5,1,0.05,25,,-19.167895948157483
colosseum,25,frc_weighted_adaptive,-113.59611650270404,1.03,,,d5-c1-n0.05-m25,5,1,0.05,25,,-19.167895948157483
colosseum,25,frc_unweighted_knn,-6.2,0.32,,,d5-c1-n0.05-m25,5,1,0.05,25,,-19.167895948157483
colosseum,25,orc,-0.1083513590290336,7.06,,,d5-c1-n0.05-m25,5,1,0.05,25,,-19.167895948157483
colosseum,25,spc_hop,,0.0,,,d5-c1-n0.05-m25,5,1,0.05,25,,-19.167895948157483
colosseum,25,spc_diffusion_t5,,0.0,,,d5-c1-n0.05-m25,5,1,0.05,25,,-19.167895948157483
colosseum,25,laziness_knn_t5,-6.089722633361816,0.62,,,d5-c1-n0.05-m25,5,1,0.05,25,,-19.167895948157483
colosseum,25,laziness_adaptive_t5,-6.057867527008057,0.66,,,d5-c1-n0.05-m25,5,1,0.05,25,,-19.167895948157483
colosseum,25,successor_entropy,-1.6878711681598797,0.05,785.31,,d5-c1-n0.05-m25,5,1,0.05,25,,-19.167895948157483
colosseum,25,successor_orc,0.951067048464844,4.93,785.31,,d5-c1-n0.05-m25,5,1,0.05,25,,-19.167895948157483
colosseum,26,dc2,-0.0499019622802734,11.92,,,d5-c1-n0.05-m26,5,1,0.05,26,,-12.091790404671055
colosseum,26,dc_wasserstein_ollivier,-0.271683931350708,2.93,,,d5-c1-n0.05-m26,5,1,0.05,26,,-12.091790404671055
colosseum,26,dc_entropic_subtraction,1.159648895263672,2.46,,,d5-c1-n0.05-m26,5,1,0.05,26,,-12.091790404671055
colosseum,26,hickock,17.222244449522645,54.14,,,d5-c1-n0.05-m26,5,1,0.05,26,,-12.091790404671055
colosseum,26,frc_weighted_adaptive,-68.43217644137712,0.99,,,d5-c1-n0.05-m26,5,1,0.05,26,,-12.091790404671055
colosseum,26,frc_unweighted_knn,-11.181818181818182,0.32,,,d5-c1-n0.05-m26,5,1,0.05,26,,-12.091790404671055
colosseum,26,orc,-0.1837539296786268,6.78,,,d5-c1-n0.05-m26,5,1,0.05,26,,-12.091790404671055
colosseum,26,spc_hop,,0.0,,,d5-c1-n0.05-m26,5,1,0.05,26,,-12.091790404671055
colosseum,26,spc_diffusion_t5,,0.0,,,d5-c1-n0.05-m26,5,1,0.05,26,,-12.091790404671055
colosseum,26,laziness_knn_t5,-6.272828102111816,0.93,,,d5-c1-n0.05-m26,5,1,0.05,26,,-12.091790404671055
colosseum,26,laziness_adaptive_t5,-6.295673847198486,0.65,,,d5-c1-n0.05-m26,5,1,0.05,26,,-12.091790404671055
colosseum,26,successor_entropy,-1.6168399289869704,0.05,781.54,,d5-c1-n0.05-m26,5,1,0.05,26,,-12.091790404671055
colosseum,26,successor_orc,0.9516056059039152,4.93,781.54,,d5-c1-n0.05-m26,5,1,0.05,26,,-12.091790404671055
colosseum,27,dc2,-0.2841262817382812,11.92,,,d5-c1-n0.05-m27,5,1,0.05,27,,-18.83130633133683
colosseum,27,dc_wasserstein_ollivier,-0.3375489711761474,2.92,,,d5-c1-n0.05-m27,5,1,0.05,27,,-18.83130633133683
colosseum,27,dc_entropic_subtraction,1.2006025314331057,2.47,,,d5-c1-n0.05-m27,5,1,0.05,27,,-18.83130633133683
colosseum,27,hickock,16.763400023239058,55.09,,,d5-c1-n0.05-m27,5,1,0.05,27,,-18.83130633133683
colosseum,27,frc_weighted_adaptive,-84.9101067760377,0.99,,,d5-c1-n0.05-m27,5,1,0.05,27,,-18.83130633133683
colosseum,27,frc_unweighted_knn,-7.076923076923077,0.31,,,d5-c1-n0.05-m27,5,1,0.05,27,,-18.83130633133683
colosseum,27,orc,-0.1349161948314212,6.74,,,d5-c1-n0.05-m27,5,1,0.05,27,,-18.83130633133683
colosseum,27,spc_hop,,0.0,,,d5-c1-n0.05-m27,5,1,0.05,27,,-18.83130633133683
colosseum,27,spc_diffusion_t5,,0.0,,,d5-c1-n0.05-m27,5,1,0.05,27,,-18.83130633133683
colosseum,27,laziness_knn_t5,-6.048336505889893,0.63,,,d5-c1-n0.05-m27,5,1,0.05,27,,-18.83130633133683
colosseum,27,laziness_adaptive_t5,-6.041224479675293,0.66,,,d5-c1-n0.05-m27,5,1,0.05,27,,-18.83130633133683
colosseum,27,successor_entropy,-1.6885655490399027,0.05,786.22,,d5-c1-n0.05-m27,5,1,0.05,27,,-18.83130633133683
colosseum,27,successor_orc,0.951570505986881,5.91,786.22,,d5-c1-n0.05-m27,5,1,0.05,27,,-18.83130633133683
colosseum,28,dc2,-0.6382789611816406,12.03,,,d5-c1-n0.05-m28,5,1,0.05,28,,-37.9162976045407
colosseum,28,dc_wasserstein_ollivier,-0.3081320524215698,2.94,,,d5-c1-n0.05-m28,5,1,0.05,28,,-37.9162976045407
colosseum,28,dc_entropic_subtraction,1.218893051147461,2.46,,,d5-c1-n0.05-m28,5,1,0.05,28,,-37.9162976045407
colosseum,28,hickock,17.075990062124152,51.79,,,d5-c1-n0.05-m28,5,1,0.05,28,,-37.9162976045407
colosseum,28,frc_weighted_adaptive,-74.64081167604832,0.97,,,d5-c1-n0.05-m28,5,1,0.05,28,,-37.9162976045407
colosseum,28,frc_unweighted_knn,-10.75,0.32,,,d5-c1-n0.05-m28,5,1,0.05,28,,-37.9162976045407
colosseum,28,orc,-0.1773138710845025,6.8,,,d5-c1-n0.05-m28,5,1,0.05,28,,-37.9162976045407
colosseum,28,spc_hop,,0.0,,,d5-c1-n0.05-m28,5,1,0.05,28,,-37.9162976045407
colosseum,28,spc_diffusion_t5,,0.0,,,d5-c1-n0.05-m28,5,1,0.05,28,,-37.9162976045407
colosseum,28,laziness_knn_t5,-6.155480861663818,0.63,,,d5-c1-n0.05-m28,5,1,0.05,28,,-37.9162976045407
colosseum,28,laziness_adaptive_t5,-6.0970563888549805,0.66,,,d5-c1-n0.05-m28,5,1,0.05,28,,-37.9162976045407
colosseum,28,successor_entropy,-1.6737170319749664,0.05,784.71,,d5-c1-n0.05-m28,5,1,0.05,28,,-37.9162976045407
colosseum,28,successor_orc,0.9505506908901454,5.44,784.71,,d5-c1-n0.05-m28,5,1,0.05,28,,-37.9162976045407
colosseum,29,dc2,0.2890887260437011,11.95,,,d5-c1-n0.05-m29,5,1,0.05,29,,-36.270404549436535
colosseum,29,dc_wasserstein_ollivier,-0.1782416105270385,3.19,,,d5-c1-n0.05-m29,5,1,0.05,29,,-36.270404549436535
colosseum,29,dc_entropic_subtraction,1.6913785934448242,2.46,,,d5-c1-n0.05-m29,5,1,0.05,29,,-36.270404549436535
colosseum,29,hickock,17.22338601992182,55.71,,,d5-c1-n0.05-m29,5,1,0.05,29,,-36.270404549436535
colosseum,29,frc_weighted_adaptive,-81.55353172566025,0.97,,,d5-c1-n0.05-m29,5,1,0.05,29,,-36.270404549436535
colosseum,29,frc_unweighted_knn,-9.090909090909092,0.32,,,d5-c1-n0.05-m29,5,1,0.05,29,,-36.270404549436535
colosseum,29,orc,-0.1431699526052701,6.87,,,d5-c1-n0.05-m29,5,1,0.05,29,,-36.270404549436535
colosseum,29,spc_hop,,0.0,,,d5-c1-n0.05-m29,5,1,0.05,29,,-36.270404549436535
colosseum,29,spc_diffusion_t5,,0.0,,,d5-c1-n0.05-m29,5,1,0.05,29,,-36.270404549436535
colosseum,29,laziness_knn_t5,-6.068589687347412,0.62,,,d5-c1-n0.05-m29,5,1,0.05,29,,-36.270404549436535
colosseum,29,laziness_adaptive_t5,-6.040614128112793,0.65,,,d5-c1-n0.05-m29,5,1,0.05,29,,-36.270404549436535
colosseum,29,successor_entropy,-1.6065167947102648,0.05,776.28,,d5-c1-n0.05-m29,5,1,0.05,29,,-36.270404549436535
colosseum,29,successor_orc,0.9513974117220132,5.01,776.28,,d5-c1-n0.05-m29,5,1,0.05,29,,-36.270404549436535
colosseum,30,dc2,-0.2757453918457031,12.03,,,d5-c1-n0.05-m30,5,1,0.05,30,,91.9159526973466
colosseum,30,dc_wasserstein_ollivier,0.0789050459861755,2.93,,,d5-c1-n0.05-m30,5,1,0.05,30,,91.9159526973466
colosseum,30,dc_entropic_subtraction,1.848710536956787,2.69,,,d5-c1-n0.05-m30,5,1,0.05,30,,91.9159526973466
colosseum,30,hickock,16.83101888115922,55.09,,,d5-c1-n0.05-m30,5,1,0.05,30,,91.9159526973466
colosseum,30,frc_weighted_adaptive,-85.23734733290776,0.96,,,d5-c1-n0.05-m30,5,1,0.05,30,,91.9159526973466
colosseum,30,frc_unweighted_knn,-10.5,0.31,,,d5-c1-n0.05-m30,5,1,0.05,30,,91.9159526973466
colosseum,30,orc,-0.1907095483641752,6.64,,,d5-c1-n0.05-m30,5,1,0.05,30,,91.9159526973466
colosseum,30,spc_hop,,0.0,,,d5-c1-n0.05-m30,5,1,0.05,30,,91.9159526973466
colosseum,30,spc_diffusion_t5,,0.0,,,d5-c1-n0.05-m30,5,1,0.05,30,,91.9159526973466
colosseum,30,laziness_knn_t5,-5.7230634689331055,0.63,,,d5-c1-n0.05-m30,5,1,0.05,30,,91.9159526973466
colosseum,30,laziness_adaptive_t5,-5.731475830078125,0.66,,,d5-c1-n0.05-m30,5,1,0.05,30,,91.9159526973466
colosseum,30,successor_entropy,-1.5280632392168043,0.05,788.72,,d5-c1-n0.05-m30,5,1,0.05,30,,91.9159526973466
colosseum,30,successor_orc,0.949530115206151,4.99,788.72,,d5-c1-n0.05-m30,5,1,0.05,30,,91.9159526973466
colosseum,31,dc2,-0.5196380615234375,12.03,,,d5-c1-n0.05-m31,5,1,0.05,31,,-21.695899527247683
colosseum,31,dc_wasserstein_ollivier,-0.3446860313415527,2.95,,,d5-c1-n0.05-m31,5,1,0.05,31,,-21.695899527247683
colosseum,31,dc_entropic_subtraction,1.3093390464782717,2.78,,,d5-c1-n0.05-m31,5,1,0.05,31,,-21.695899527247683
colosseum,31,hickock,16.565286293162455,53.92,,,d5-c1-n0.05-m31,5,1,0.05,31,,-21.695899527247683
colosseum,31,frc_weighted_adaptive,-88.24383651083944,0.97,,,d5-c1-n0.05-m31,5,1,0.05,31,,-21.695899527247683
colosseum,31,frc_unweighted_knn,-10.941176470588236,0.31,,,d5-c1-n0.05-m31,5,1,0.05,31,,-21.695899527247683
colosseum,31,orc,-0.1607268186521613,6.73,,,d5-c1-n0.05-m31,5,1,0.05,31,,-21.695899527247683
colosseum,31,spc_hop,,0.0,,,d5-c1-n0.05-m31,5,1,0.05,31,,-21.695899527247683
colosseum,31,spc_diffusion_t5,,0.0,,,d5-c1-n0.05-m31,5,1,0.05,31,,-21.695899527247683
colosseum,31,laziness_knn_t5,-6.094620704650879,0.63,,,d5-c1-n0.05-m31,5,1,0.05,31,,-21.695899527247683
colosseum,31,laziness_adaptive_t5,-6.112993240356445,0.67,,,d5-c1-n0.05-m31,5,1,0.05,31,,-21.695899527247683
colosseum,31,successor_entropy,-1.7164528320698689,0.03,780.62,,d5-c1-n0.05-m31,5,1,0.05,31,,-21.695899527247683
colosseum,31,successor_orc,0.9509727133218756,6.11,780.62,,d5-c1-n0.05-m31,5,1,0.05,31,,-21.695899527247683
colosseum,32,dc2,-0.6622838973999023,12.02,,,d5-c1-n0.05-m32,5,1,0.05,32,,-10.435051415388235
colosseum,32,dc_wasserstein_ollivier,-0.3480410575866699,2.94,,,d5-c1-n0.05-m32,5,1,0.05,32,,-10.435051415388235
colosseum,32,dc_entropic_subtraction,1.095539093017578,2.48,,,d5-c1-n0.05-m32,5,1,0.05,32,,-10.435051415388235
colosseum,0,dc2,-0.3728313446044922,12.67,,,d5-c1-n0.1-m0,5,1,0.1,0,,-88.30044878900557
colosseum,0,dc_wasserstein_ollivier,0.0064393281936645,3.61,,,d5-c1-n0.1-m0,5,1,0.1,0,,-88.30044878900557
colosseum,0,dc_entropic_subtraction,2.846768379211426,2.81,,,d5-c1-n0.1-m0,5,1,0.1,0,,-88.30044878900557
colosseum,0,hickock,17.342267893231085,48.24,,,d5-c1-n0.1-m0,5,1,0.1,0,,-88.30044878900557
colosseum,0,frc_weighted_adaptive,-85.29888819125814,1.18,,,d5-c1-n0.1-m0,5,1,0.1,0,,-88.30044878900557
colosseum,0,frc_unweighted_knn,-10.5,0.31,,,d5-c1-n0.1-m0,5,1,0.1,0,,-88.30044878900557
colosseum,0,orc,-0.2748667786061998,5.87,,,d5-c1-n0.1-m0,5,1,0.1,0,,-88.30044878900557
colosseum,0,spc_hop,,0.0,,,d5-c1-n0.1-m0,5,1,0.1,0,,-88.30044878900557
colosseum,0,spc_diffusion_t5,,0.0,,,d5-c1-n0.1-m0,5,1,0.1,0,,-88.30044878900557
colosseum,0,laziness_knn_t5,-6.357646465301514,0.86,,,d5-c1-n0.1-m0,5,1,0.1,0,,-88.30044878900557
colosseum,0,laziness_adaptive_t5,-6.360230922698975,0.67,,,d5-c1-n0.1-m0,5,1,0.1,0,,-88.30044878900557
colosseum,0,successor_entropy,-1.8067670523257304,0.04,816.99,,d5-c1-n0.1-m0,5,1,0.1,0,,-88.30044878900557
colosseum,0,successor_orc,0.948839566104048,4.97,816.99,,d5-c1-n0.1-m0,5,1,0.1,0,,-88.30044878900557
colosseum,1,dc2,-0.3569297790527344,12.44,,,d5-c1-n0.1-m1,5,1,0.1,1,,-30.96328063000262
colosseum,1,dc_wasserstein_ollivier,-0.1450699567794799,2.93,,,d5-c1-n0.1-m1,5,1,0.1,1,,-30.96328063000262
colosseum,1,dc_entropic_subtraction,1.869187355041504,2.46,,,d5-c1-n0.1-m1,5,1,0.1,1,,-30.96328063000262
colosseum,1,hickock,17.130362465796118,48.45,,,d5-c1-n0.1-m1,5,1,0.1,1,,-30.96328063000262
colosseum,1,frc_weighted_adaptive,-77.49671627336606,0.99,,,d5-c1-n0.1-m1,5,1,0.1,1,,-30.96328063000262
colosseum,1,frc_unweighted_knn,-11.75,0.32,,,d5-c1-n0.1-m1,5,1,0.1,1,,-30.96328063000262
colosseum,1,orc,-0.276606840989575,6.47,,,d5-c1-n0.1-m1,5,1,0.1,1,,-30.96328063000262
colosseum,1,spc_hop,,0.0,,,d5-c1-n0.1-m1,5,1,0.1,1,,-30.96328063000262
colosseum,1,spc_diffusion_t5,,0.0,,,d5-c1-n0.1-m1,5,1,0.1,1,,-30.96328063000262
colosseum,1,laziness_knn_t5,-6.327494621276856,0.64,,,d5-c1-n0.1-m1,5,1,0.1,1,,-30.96328063000262
colosseum,1,laziness_adaptive_t5,-6.288973808288574,0.66,,,d5-c1-n0.1-m1,5,1,0.1,1,,-30.96328063000262
colosseum,1,successor_entropy,-1.670577777135186,0.05,807.63,,d5-c1-n0.1-m1,5,1,0.1,1,,-30.96328063000262
colosseum,1,successor_orc,0.9526617145986684,4.92,807.63,,d5-c1-n0.1-m1,5,1,0.1,1,,-30.96328063000262
colosseum,2,dc2,-0.7815475463867188,12.21,,,d5-c1-n0.1-m2,5,1,0.1,2,,1.9804928301997504
colosseum,2,dc_wasserstein_ollivier,-0.0712141990661621,3.19,,,d5-c1-n0.1-m2,5,1,0.1,2,,1.9804928301997504
colosseum,2,dc_entropic_subtraction,2.100317001342773,2.47,,,d5-c1-n0.1-m2,5,1,0.1,2,,1.9804928301997504
colosseum,2,hickock,17.120156081666536,51.16,,,d5-c1-n0.1-m2,5,1,0.1,2,,1.9804928301997504
colosseum,2,frc_weighted_adaptive,-53.27725432276669,1.0,,,d5-c1-n0.1-m2,5,1,0.1,2,,1.9804928301997504
colosseum,2,frc_unweighted_knn,-11.583333333333334,0.32,,,d5-c1-n0.1-m2,5,1,0.1,2,,1.9804928301997504
colosseum,2,orc,-0.2208410487649504,6.35,,,d5-c1-n0.1-m2,5,1,0.1,2,,1.9804928301997504
colosseum,2,spc_hop,,0.0,,,d5-c1-n0.1-m2,5,1,0.1,2,,1.9804928301997504
colosseum,2,spc_diffusion_t5,,0.0,,,d5-c1-n0.1-m2,5,1,0.1,2,,1.9804928301997504
colosseum,2,laziness_knn_t5,-6.1408467292785645,0.64,,,d5-c1-n0.1-m2,5,1,0.1,2,,1.9804928301997504
colosseum,2,laziness_adaptive_t5,-6.14328670501709,0.68,,,d5-c1-n0.1-m2,5,1,0.1,2,,1.9804928301997504
colosseum,2,successor_entropy,-1.616292798473587,0.04,831.78,,d5-c1-n0.1-m2,5,1,0.1,2,,1.9804928301997504
colosseum,2,successor_orc,0.9520696710529112,5.0,831.78,,d5-c1-n0.1-m2,5,1,0.1,2,,1.9804928301997504
colosseum,3,dc2,-0.8769741058349609,12.17,,,d5-c1-n0.1-m3,5,1,0.1,3,,-19.23058497210989
colosseum,3,dc_wasserstein_ollivier,-0.4489586353302002,3.22,,,d5-c1-n0.1-m3,5,1,0.1,3,,-19.23058497210989
colosseum,3,dc_entropic_subtraction,1.039522647857666,2.47,,,d5-c1-n0.1-m3,5,1,0.1,3,,-19.23058497210989
colosseum,3,hickock,16.643013180032437,48.9,,,d5-c1-n0.1-m3,5,1,0.1,3,,-19.23058497210989
colosseum,3,frc_weighted_adaptive,-61.86999199562385,1.02,,,d5-c1-n0.1-m3,5,1,0.1,3,,-19.23058497210989
colosseum,3,frc_unweighted_knn,-13.071428571428571,0.32,,,d5-c1-n0.1-m3,5,1,0.1,3,,-19.23058497210989
colosseum,3,orc,-0.3099056192432746,6.46,,,d5-c1-n0.1-m3,5,1,0.1,3,,-19.23058497210989
colosseum,3,spc_hop,,0.0,,,d5-c1-n0.1-m3,5,1,0.1,3,,-19.23058497210989
colosseum,3,spc_diffusion_t5,,0.0,,,d5-c1-n0.1-m3,5,1,0.1,3,,-19.23058497210989
colosseum,3,laziness_knn_t5,-6.339694976806641,0.63,,,d5-c1-n0.1-m3,5,1,0.1,3,,-19.23058497210989
colosseum,3,laziness_adaptive_t5,-6.322212219238281,0.66,,,d5-c1-n0.1-m3,5,1,0.1,3,,-19.23058497210989
colosseum,3,successor_entropy,-1.600537849810595,0.05,843.52,,d5-c1-n0.1-m3,5,1,0.1,3,,-19.23058497210989
colosseum,3,successor_orc,0.9506089781200328,4.94,843.52,,d5-c1-n0.1-m3,5,1,0.1,3,,-19.23058497210989
colosseum,4,dc2,-1.0551176071166992,12.43,,,d5-c1-n0.1-m4,5,1,0.1,4,,-60.12153302512858
colosseum,4,dc_wasserstein_ollivier,-0.3025704622268677,2.95,,,d5-c1-n0.1-m4,5,1,0.1,4,,-60.12153302512858
colosseum,4,dc_entropic_subtraction,1.498558521270752,2.7,,,d5-c1-n0.1-m4,5,1,0.1,4,,-60.12153302512858
colosseum,4,hickock,16.73058387428609,51.35,,,d5-c1-n0.1-m4,5,1,0.1,4,,-60.12153302512858
colosseum,4,frc_weighted_adaptive,-119.66495233808824,0.99,,,d5-c1-n0.1-m4,5,1,0.1,4,,-60.12153302512858
colosseum,4,frc_unweighted_knn,-11.846153846153848,0.32,,,d5-c1-n0.1-m4,5,1,0.1,4,,-60.12153302512858
colosseum,4,orc,-0.2531484472157039,6.41,,,d5-c1-n0.1-m4,5,1,0.1,4,,-60.12153302512858
colosseum,4,spc_hop,,0.0,,,d5-c1-n0.1-m4,5,1,0.1,4,,-60.12153302512858
colosseum,4,spc_diffusion_t5,,0.0,,,d5-c1-n0.1-m4,5,1,0.1,4,,-60.12153302512858
colosseum,4,laziness_knn_t5,-6.416022300720215,0.64,,,d5-c1-n0.1-m4,5,1,0.1,4,,-60.12153302512858
colosseum,4,laziness_adaptive_t5,-6.385176658630371,0.67,,,d5-c1-n0.1-m4,5,1,0.1,4,,-60.12153302512858
colosseum,4,successor_entropy,-1.7896229171194136,0.05,831.15,,d5-c1-n0.1-m4,5,1,0.1,4,,-60.12153302512858
colosseum,4,successor_orc,0.9494271976919514,4.99,831.15,,d5-c1-n0.1-m4,5,1,0.1,4,,-60.12153302512858
colosseum,5,dc2,-0.6059050559997559,12.24,,,d5-c1-n0.1-m5,5,1,0.1,5,,-33.22490987502983
colosseum,5,dc_wasserstein_ollivier,-0.3118447065353393,2.95,,,d5-c1-n0.1-m5,5,1,0.1,5,,-33.22490987502983
colosseum,5,dc_entropic_subtraction,1.3938570022583008,2.74,,,d5-c1-n0.1-m5,5,1,0.1,5,,-33.22490987502983
colosseum,5,hickock,17.061678908652446,47.09,,,d5-c1-n0.1-m5,5,1,0.1,5,,-33.22490987502983
colosseum,5,frc_weighted_adaptive,-94.57019852488156,0.98,,,d5-c1-n0.1-m5,5,1,0.1,5,,-33.22490987502983
colosseum,5,frc_unweighted_knn,-9.454545454545457,0.32,,,d5-c1-n0.1-m5,5,1,0.1,5,,-33.22490987502983
colosseum,5,orc,-0.2524000114158919,6.51,,,d5-c1-n0.1-m5,5,1,0.1,5,,-33.22490987502983
colosseum,5,spc_hop,,0.0,,,d5-c1-n0.1-m5,5,1,0.1,5,,-33.22490987502983
colosseum,5,spc_diffusion_t5,,0.0,,,d5-c1-n0.1-m5,5,1,0.1,5,,-33.22490987502983
colosseum,5,laziness_knn_t5,-6.423711776733398,0.63,,,d5-c1-n0.1-m5,5,1,0.1,5,,-33.22490987502983
colosseum,5,laziness_adaptive_t5,-6.369142532348633,0.71,,,d5-c1-n0.1-m5,5,1,0.1,5,,-33.22490987502983
colosseum,5,successor_entropy,-1.7457773965929324,0.04,832.6,,d5-c1-n0.1-m5,5,1,0.1,5,,-33.22490987502983
colosseum,5,successor_orc,0.9502904137620668,4.92,832.6,,d5-c1-n0.1-m5,5,1,0.1,5,,-33.22490987502983
colosseum,6,dc2,-0.2563199996948242,12.43,,,d5-c1-n0.1-m6,5,1,0.1,6,,-42.70070433167494
colosseum,6,dc_wasserstein_ollivier,-0.2335946559906005,2.93,,,d5-c1-n0.1-m6,5,1,0.1,6,,-42.70070433167494
colosseum,6,dc_entropic_subtraction,1.8296332359313965,2.72,,,d5-c1-n0.1-m6,5,1,0.1,6,,-42.70070433167494
colosseum,6,hickock,17.290088098528543,48.73,,,d5-c1-n0.1-m6,5,1,0.1,6,,-42.70070433167494
colosseum,6,frc_weighted_adaptive,-111.47744120032678,1.03,,,d5-c1-n0.1-m6,5,1,0.1,6,,-42.70070433167494
colosseum,6,frc_unweighted_knn,-11.0,0.32,,,d5-c1-n0.1-m6,5,1,0.1,6,,-42.70070433167494
colosseum,6,orc,-0.194369995387423,6.6,,,d5-c1-n0.1-m6,5,1,0.1,6,,-42.70070433167494
colosseum,6,spc_hop,,0.0,,,d5-c1-n0.1-m6,5,1,0.1,6,,-42.70070433167494
colosseum,6,spc_diffusion_t5,,0.0,,,d5-c1-n0.1-m6,5,1,0.1,6,,-42.70070433167494
colosseum,6,laziness_knn_t5,-6.336432456970215,0.63,,,d5-c1-n0.1-m6,5,1,0.1,6,,-42.70070433167494
colosseum,6,laziness_adaptive_t5,-6.362483501434326,0.7,,,d5-c1-n0.1-m6,5,1,0.1,6,,-42.70070433167494
colosseum,6,successor_entropy,-1.885430263893524,0.05,835.23,,d5-c1-n0.1-m6,5,1,0.1,6,,-42.70070433167494
colosseum,6,successor_orc,0.9506104393100174,4.87,835.23,,d5-c1-n0.1-m6,5,1,0.1,6,,-42.70070433167494
colosseum,7,dc2,-0.5680079460144043,12.21,,,d5-c1-n0.1-m7,5,1,0.1,7,,-28.29769330461728
colosseum,7,dc_wasserstein_ollivier,-0.2482784986495971,2.95,,,d5-c1-n0.1-m7,5,1,0.1,7,,-28.29769330461728
colosseum,7,dc_entropic_subtraction,1.348374366760254,2.47,,,d5-c1-n0.1-m7,5,1,0.1,7,,-28.29769330461728
colosseum,7,hickock,16.60368972791267,50.59,,,d5-c1-n0.1-m7,5,1,0.1,7,,-28.29769330461728
colosseum,7,frc_weighted_adaptive,-89.26351335623424,1.28,,,d5-c1-n0.1-m7,5,1,0.1,7,,-28.29769330461728
colosseum,7,frc_unweighted_knn,-6.9,0.32,,,d5-c1-n0.1-m7,5,1,0.1,7,,-28.29769330461728
colosseum,7,orc,-0.0937941574117081,6.49,,,d5-c1-n0.1-m7,5,1,0.1,7,,-28.29769330461728
colosseum,7,spc_hop,,0.0,,,d5-c1-n0.1-m7,5,1,0.1,7,,-28.29769330461728
colosseum,7,spc_diffusion_t5,,0.0,,,d5-c1-n0.1-m7,5,1,0.1,7,,-28.29769330461728
colosseum,7,laziness_knn_t5,-5.6600775718688965,0.63,,,d5-c1-n0.1-m7,5,1,0.1,7,,-28.29769330461728
colosseum,7,laziness_adaptive_t5,-5.583688735961914,0.71,,,d5-c1-n0.1-m7,5,1,0.1,7,,-28.29769330461728
colosseum,7,successor_entropy,-1.6978640564841916,0.05,832.99,,d5-c1-n0.1-m7,5,1,0.1,7,,-28.29769330461728
colosseum,7,successor_orc,0.9519953963015412,4.93,832.99,,d5-c1-n0.1-m7,5,1,0.1,7,,-28.29769330461728
colosseum,8,dc2,-0.2074847221374511,12.44,,,d5-c1-n0.1-m8,5,1,0.1,8,,-27.834259119428225
colosseum,8,dc_wasserstein_ollivier,-0.3430054187774658,2.93,,,d5-c1-n0.1-m8,5,1,0.1,8,,-27.834259119428225
colosseum,8,dc_entropic_subtraction,1.5105390548706057,2.47,,,d5-c1-n0.1-m8,5,1,0.1,8,,-27.834259119428225
colosseum,8,hickock,16.88987014675819,49.32,,,d5-c1-n0.1-m8,5,1,0.1,8,,-27.834259119428225
colosseum,8,frc_weighted_adaptive,-87.80951130746509,1.27,,,d5-c1-n0.1-m8,5,1,0.1,8,,-27.834259119428225
colosseum,8,frc_unweighted_knn,-13.166666666666666,0.32,,,d5-c1-n0.1-m8,5,1,0.1,8,,-27.834259119428225
colosseum,8,orc,-0.3085284067765113,6.46,,,d5-c1-n0.1-m8,5,1,0.1,8,,-27.834259119428225
colosseum,8,spc_hop,,0.0,,,d5-c1-n0.1-m8,5,1,0.1,8,,-27.834259119428225
colosseum,8,spc_diffusion_t5,,0.0,,,d5-c1-n0.1-m8,5,1,0.1,8,,-27.834259119428225
colosseum,8,laziness_knn_t5,-6.328972816467285,0.63,,,d5-c1-n0.1-m8,5,1,0.1,8,,-27.834259119428225
colosseum,8,laziness_adaptive_t5,-6.265359878540039,0.66,,,d5-c1-n0.1-m8,5,1,0.1,8,,-27.834259119428225
colosseum,8,successor_entropy,-1.675071878045487,0.04,832.01,,d5-c1-n0.1-m8,5,1,0.1,8,,-27.834259119428225
colosseum,8,successor_orc,0.9518123011412076,4.93,832.01,,d5-c1-n0.1-m8,5,1,0.1,8,,-27.834259119428225
colosseum,9,dc2,-0.3885841369628906,12.15,,,d5-c1-n0.1-m9,5,1,0.1,9,,-25.59947649958229
colosseum,9,dc_wasserstein_ollivier,-0.3400520086288452,2.94,,,d5-c1-n0.1-m9,5,1,0.1,9,,-25.59947649958229
colosseum,9,dc_entropic_subtraction,1.526601791381836,2.48,,,d5-c1-n0.1-m9,5,1,0.1,9,,-25.59947649958229
colosseum,9,hickock,17.014951696163923,52.16,,,d5-c1-n0.1-m9,5,1,0.1,9,,-25.59947649958229
colosseum,9,frc_weighted_adaptive,-66.28540208454277,1.0,,,d5-c1-n0.1-m9,5,1,0.1,9,,-25.59947649958229
colosseum,9,frc_unweighted_knn,-10.909090909090908,0.59,,,d5-c1-n0.1-m9,5,1,0.1,9,,-25.59947649958229
colosseum,9,orc,-0.2286522200421559,6.42,,,d5-c1-n0.1-m9,5,1,0.1,9,,-25.59947649958229
colosseum,9,spc_hop,,0.0,,,d5-c1-n0.1-m9,5,1,0.1,9,,-25.59947649958229
colosseum,9,spc_diffusion_t5,,0.0,,,d5-c1-n0.1-m9,5,1,0.1,9,,-25.59947649958229
colosseum,9,laziness_knn_t5,-6.20074987411499,0.64,,,d5-c1-n0.1-m9,5,1,0.1,9,,-25.59947649958229
colosseum,9,laziness_adaptive_t5,-6.202596187591553,0.67,,,d5-c1-n0.1-m9,5,1,0.1,9,,-25.59947649958229
colosseum,9,successor_entropy,-1.750759435446933,0.05,836.0,,d5-c1-n0.1-m9,5,1,0.1,9,,-25.59947649958229
colosseum,9,successor_orc,0.9519912448268264,4.88,836.0,,d5-c1-n0.1-m9,5,1,0.1,9,,-25.59947649958229
colosseum,10,dc2,-0.1675949096679687,12.39,,,d5-c1-n0.1-m10,5,1,0.1,10,,-62.33187516698696
colosseum,10,dc_wasserstein_ollivier,-0.012164831161499,2.92,,,d5-c1-n0.1-m10,5,1,0.1,10,,-62.33187516698696
colosseum,10,dc_entropic_subtraction,2.4471511840820312,2.46,,,d5-c1-n0.1-m10,5,1,0.1,10,,-62.33187516698696
colosseum,10,hickock,17.431420102026113,50.2,,,d5-c1-n0.1-m10,5,1,0.1,10,,-62.33187516698696
colosseum,10,frc_weighted_adaptive,-93.31521152031011,0.99,,,d5-c1-n0.1-m10,5,1,0.1,10,,-62.33187516698696
colosseum,10,frc_unweighted_knn,-11.7,0.32,,,d5-c1-n0.1-m10,5,1,0.1,10,,-62.33187516698696
colosseum,10,orc,-0.2506338560587678,6.68,,,d5-c1-n0.1-m10,5,1,0.1,10,,-62.33187516698696
colosseum,10,spc_hop,,0.0,,,d5-c1-n0.1-m10,5,1,0.1,10,,-62.33187516698696
colosseum,10,spc_diffusion_t5,,0.0,,,d5-c1-n0.1-m10,5,1,0.1,10,,-62.33187516698696
colosseum,10,laziness_knn_t5,-6.254786491394043,0.63,,,d5-c1-n0.1-m10,5,1,0.1,10,,-62.33187516698696
colosseum,10,laziness_adaptive_t5,-6.179357528686523,0.67,,,d5-c1-n0.1-m10,5,1,0.1,10,,-62.33187516698696
colosseum,10,successor_entropy,-1.8018955203592777,0.05,830.26,,d5-c1-n0.1-m10,5,1,0.1,10,,-62.33187516698696
colosseum,10,successor_orc,0.9505564277469888,4.94,830.26,,d5-c1-n0.1-m10,5,1,0.1,10,,-62.33187516698696
colosseum,11,dc2,-0.5435843467712402,12.66,,,d5-c1-n0.1-m11,5,1,0.1,11,,-18.87602658596288
colosseum,11,dc_wasserstein_ollivier,-0.2435784339904785,2.97,,,d5-c1-n0.1-m11,5,1,0.1,11,,-18.87602658596288
colosseum,11,dc_entropic_subtraction,1.7060790061950684,2.5,,,d5-c1-n0.1-m11,5,1,0.1,11,,-18.87602658596288
colosseum,11,hickock,17.338524600693926,52.59,,,d5-c1-n0.1-m11,5,1,0.1,11,,-18.87602658596288
colosseum,11,frc_weighted_adaptive,-63.2856086158396,0.98,,,d5-c1-n0.1-m11,5,1,0.1,11,,-18.87602658596288
colosseum,11,frc_unweighted_knn,-12.5,0.32,,,d5-c1-n0.1-m11,5,1,0.1,11,,-18.87602658596288
colosseum,11,orc,-0.2702410856758869,6.91,,,d5-c1-n0.1-m11,5,1,0.1,11,,-18.87602658596288
colosseum,11,spc_hop,,0.0,,,d5-c1-n0.1-m11,5,1,0.1,11,,-18.87602658596288
colosseum,11,spc_diffusion_t5,,0.0,,,d5-c1-n0.1-m11,5,1,0.1,11,,-18.87602658596288
colosseum,11,laziness_knn_t5,-6.310301303863525,0.68,,,d5-c1-n0.1-m11,5,1,0.1,11,,-18.87602658596288
colosseum,11,laziness_adaptive_t5,-6.320315361022949,0.73,,,d5-c1-n0.1-m11,5,1,0.1,11,,-18.87602658596288
colosseum,11,successor_entropy,-1.559926606136374,0.05,839.44,,d5-c1-n0.1-m11,5,1,0.1,11,,-18.87602658596288
colosseum,11,successor_orc,0.9543488964612198,5.0,839.44,,d5-c1-n0.1-m11,5,1,0.1,11,,-18.87602658596288
colosseum,12,dc2,-0.4540042877197265,12.35,,,d5-c1-n0.1-m12,5,1,0.1,12,,-29.77969012080764
colosseum,12,dc_wasserstein_ollivier,-0.1828783750534057,2.94,,,d5-c1-n0.1-m12,5,1,0.1,12,,-29.77969012080764
colosseum,12,dc_entropic_subtraction,1.8309926986694336,2.47,,,d5-c1-n0.1-m12,5,1,0.1,12,,-29.77969012080764
colosseum,12,hickock,16.764941322625837,52.23,,,d5-c1-n0.1-m12,5,1,0.1,12,,-29.77969012080764
colosseum,12,frc_weighted_adaptive,-137.63484858099633,1.02,,,d5-c1-n0.1-m12,5,1,0.1,12,,-29.77969012080764
colosseum,12,frc_unweighted_knn,-12.454545454545457,0.32,,,d5-c1-n0.1-m12,5,1,0.1,12,,-29.77969012080764
colosseum,12,orc,-0.3224746721560281,6.57,,,d5-c1-n0.1-m12,5,1,0.1,12,,-29.77969012080764
colosseum,12,spc_hop,,0.0,,,d5-c1-n0.1-m12,5,1,0.1,12,,-29.77969012080764
colosseum,12,spc_diffusion_t5,,0.0,,,d5-c1-n0.1-m12,5,1,0.1,12,,-29.77969012080764
colosseum,12,laziness_knn_t5,-6.294132232666016,0.92,,,d5-c1-n0.1-m12,5,1,0.1,12,,-29.77969012080764
colosseum,12,laziness_adaptive_t5,-6.280020713806152,0.69,,,d5-c1-n0.1-m12,5,1,0.1,12,,-29.77969012080764
colosseum,12,successor_entropy,-1.6316741176818808,0.63,858.69,,d5-c1-n0.1-m12,5,1,0.1,12,,-29.77969012080764
colosseum,12,successor_orc,0.9517424291740104,5.05,858.69,,d5-c1-n0.1-m12,5,1,0.1,12,,-29.77969012080764
colosseum,13,dc2,-0.738985538482666,20.18,,,d5-c1-n0.1-m13,5,1,0.1,13,,-18.290996843852845
colosseum,13,dc_wasserstein_ollivier,-0.3581318855285644,5.07,,,d5-c1-n0.1-m13,5,1,0.1,13,,-18.290996843852845
colosseum,13,dc_entropic_subtraction,1.2214689254760742,4.62,,,d5-c1-n0.1-m13,5,1,0.1,13,,-18.290996843852845
colosseum,13,hickock,16.78549634045047,70.36,,,d5-c1-n0.1-m13,5,1,0.1,13,,-18.290996843852845
colosseum,13,frc_weighted_adaptive,-98.38948260396953,1.03,,,d5-c1-n0.1-m13,5,1,0.1,13,,-18.290996843852845
colosseum,13,frc_unweighted_knn,-11.333333333333334,0.33,,,d5-c1-n0.1-m13,5,1,0.1,13,,-18.290996843852845
colosseum,13,orc,-0.2573384696284265,7.33,,,d5-c1-n0.1-m13,5,1,0.1,13,,-18.290996843852845
colosseum,13,spc_hop,,0.0,,,d5-c1-n0.1-m13,5,1,0.1,13,,-18.290996843852845
colosseum,13,spc_diffusion_t5,,0.0,,,d5-c1-n0.1-m13,5,1,0.1,13,,-18.290996843852845
colosseum,13,laziness_knn_t5,-6.35221004486084,0.71,,,d5-c1-n0.1-m13,5,1,0.1,13,,-18.290996843852845
colosseum,13,laziness_adaptive_t5,-6.362025260925293,0.76,,,d5-c1-n0.1-m13,5,1,0.1,13,,-18.290996843852845
colosseum,13,successor_entropy,-1.7038655215480054,0.05,925.58,,d5-c1-n0.1-m13,5,1,0.1,13,,-18.290996843852845
colosseum,13,successor_orc,0.9510054984623364,4.93,925.58,,d5-c1-n0.1-m13,5,1,0.1,13,,-18.290996843852845
colosseum,14,dc2,-1.0309853553771973,13.13,,,d5-c1-n0.1-m14,5,1,0.1,14,,-40.200460621041024
colosseum,14,dc_wasserstein_ollivier,-0.2517027854919433,3.12,,,d5-c1-n0.1-m14,5,1,0.1,14,,-40.200460621041024
colosseum,14,dc_entropic_subtraction,1.6008415222167969,2.62,,,d5-c1-n0.1-m14,5,1,0.1,14,,-40.200460621041024
colosseum,14,hickock,16.59428568221042,58.73,,,d5-c1-n0.1-m14,5,1,0.1,14,,-40.200460621041024
colosseum,14,frc_weighted_adaptive,-70.75131514190949,0.99,,,d5-c1-n0.1-m14,5,1,0.1,14,,-40.200460621041024
colosseum,14,frc_unweighted_knn,-10.333333333333334,0.32,,,d5-c1-n0.1-m14,5,1,0.1,14,,-40.200460621041024
colosseum,14,orc,-0.2490550393102774,6.99,,,d5-c1-n0.1-m14,5,1,0.1,14,,-40.200460621041024
colosseum,14,spc_hop,,0.0,,,d5-c1-n0.1-m14,5,1,0.1,14,,-40.200460621041024
colosseum,14,spc_diffusion_t5,,0.0,,,d5-c1-n0.1-m14,5,1,0.1,14,,-40.200460621041024
colosseum,14,laziness_knn_t5,-6.23286771774292,0.65,,,d5-c1-n0.1-m14,5,1,0.1,14,,-40.200460621041024
colosseum,14,laziness_adaptive_t5,-6.212706565856934,0.68,,,d5-c1-n0.1-m14,5,1,0.1,14,,-40.200460621041024
colosseum,14,successor_entropy,-1.701603852444144,0.06,913.45,,d5-c1-n0.1-m14,5,1,0.1,14,,-40.200460621041024
colosseum,14,successor_orc,0.9537517248205396,5.87,913.45,,d5-c1-n0.1-m14,5,1,0.1,14,,-40.200460621041024
colosseum,15,dc2,-0.4042539596557617,12.98,,,d5-c1-n0.1-m15,5,1,0.1,15,,15.729766590049518
colosseum,15,dc_wasserstein_ollivier,-0.1060503721237182,3.5,,,d5-c1-n0.1-m15,5,1,0.1,15,,15.729766590049518
colosseum,15,dc_entropic_subtraction,1.9873614311218264,2.67,,,d5-c1-n0.1-m15,5,1,0.1,15,,15.729766590049518
colosseum,15,hickock,17.35469288004798,55.06,,,d5-c1-n0.1-m15,5,1,0.1,15,,15.729766590049518
colosseum,15,frc_weighted_adaptive,-79.46649224853991,1.03,,,d5-c1-n0.1-m15,5,1,0.1,15,,15.729766590049518
colosseum,15,frc_unweighted_knn,-11.5,0.32,,,d5-c1-n0.1-m15,5,1,0.1,15,,15.729766590049518
colosseum,15,orc,-0.2188522678854637,7.38,,,d5-c1-n0.1-m15,5,1,0.1,15,,15.729766590049518
colosseum,15,spc_hop,,0.0,,,d5-c1-n0.1-m15,5,1,0.1,15,,15.729766590049518
colosseum,15,spc_diffusion_t5,,0.0,,,d5-c1-n0.1-m15,5,1,0.1,15,,15.729766590049518
colosseum,15,laziness_knn_t5,-6.2030029296875,0.67,,,d5-c1-n0.1-m15,5,1,0.1,15,,15.729766590049518
colosseum,15,laziness_adaptive_t5,-6.178022384643555,0.7,,,d5-c1-n0.1-m15,5,1,0.1,15,,15.729766590049518
colosseum,15,successor_entropy,-1.621751418358336,0.05,923.34,,d5-c1-n0.1-m15,5,1,0.1,15,,15.729766590049518
colosseum,15,successor_orc,0.9520419568839584,5.06,923.34,,d5-c1-n0.1-m15,5,1,0.1,15,,15.729766590049518
colosseum,16,dc2,-0.7507119178771973,13.1,,,d5-c1-n0.1-m16,5,1,0.1,16,,-22.176596415155903
colosseum,16,dc_wasserstein_ollivier,-0.1268712282180786,3.11,,,d5-c1-n0.1-m16,5,1,0.1,16,,-22.176596415155903
colosseum,16,dc_entropic_subtraction,1.828046798706055,2.94,,,d5-c1-n0.1-m16,5,1,0.1,16,,-22.176596415155903
colosseum,16,hickock,16.943274691273995,57.65,,,d5-c1-n0.1-m16,5,1,0.1,16,,-22.176596415155903
colosseum,16,frc_weighted_adaptive,-86.19094177118166,0.97,,,d5-c1-n0.1-m16,5,1,0.1,16,,-22.176596415155903
colosseum,16,frc_unweighted_knn,-10.76923076923077,0.32,,,d5-c1-n0.1-m16,5,1,0.1,16,,-22.176596415155903
colosseum,16,orc,-0.2079325157204327,7.12,,,d5-c1-n0.1-m16,5,1,0.1,16,,-22.176596415155903
colosseum,16,spc_hop,,0.0,,,d5-c1-n0.1-m16,5,1,0.1,16,,-22.176596415155903
colosseum,16,spc_diffusion_t5,,0.0,,,d5-c1-n0.1-m16,5,1,0.1,16,,-22.176596415155903
colosseum,16,laziness_knn_t5,-6.168459415435791,0.66,,,d5-c1-n0.1-m16,5,1,0.1,16,,-22.176596415155903
colosseum,16,laziness_adaptive_t5,-6.1410675048828125,0.72,,,d5-c1-n0.1-m16,5,1,0.1,16,,-22.176596415155903
colosseum,16,successor_entropy,-1.6107625492777051,0.05,882.81,,d5-c1-n0.1-m16,5,1,0.1,16,,-22.176596415155903
colosseum,16,successor_orc,0.9520700170179492,5.53,882.81,,d5-c1-n0.1-m16,5,1,0.1,16,,-22.176596415155903
colosseum,17,dc2,-0.6684422492980957,13.0,,,d5-c1-n0.1-m17,5,1,0.1,17,,-54.40472975140023
colosseum,17,dc_wasserstein_ollivier,-0.2755447626113891,3.03,,,d5-c1-n0.1-m17,5,1,0.1,17,,-54.40472975140023
colosseum,17,dc_entropic_subtraction,1.5271592140197754,2.84,,,d5-c1-n0.1-m17,5,1,0.1,17,,-54.40472975140023
colosseum,17,hickock,16.87708230897816,53.21,,,d5-c1-n0.1-m17,5,1,0.1,17,,-54.40472975140023
colosseum,17,frc_weighted_adaptive,-135.41875023353842,1.03,,,d5-c1-n0.1-m17,5,1,0.1,17,,-54.40472975140023
colosseum,17,frc_unweighted_knn,-10.3,0.32,,,d5-c1-n0.1-m17,5,1,0.1,17,,-54.40472975140023
colosseum,17,orc,-0.3255705005247399,6.81,,,d5-c1-n0.1-m17,5,1,0.1,17,,-54.40472975140023
colosseum,17,spc_hop,,0.0,,,d5-c1-n0.1-m17,5,1,0.1,17,,-54.40472975140023
colosseum,17,spc_diffusion_t5,,0.0,,,d5-c1-n0.1-m17,5,1,0.1,17,,-54.40472975140023
colosseum,17,laziness_knn_t5,-6.351954936981201,0.65,,,d5-c1-n0.1-m17,5,1,0.1,17,,-54.40472975140023
colosseum,17,laziness_adaptive_t5,-6.319350242614746,0.73,,,d5-c1-n0.1-m17,5,1,0.1,17,,-54.40472975140023
colosseum,17,successor_entropy,-1.861636229444916,0.05,865.82,,d5-c1-n0.1-m17,5,1,0.1,17,,-54.40472975140023
colosseum,17,successor_orc,0.9526882362620924,4.93,865.82,,d5-c1-n0.1-m17,5,1,0.1,17,,-54.40472975140023
colosseum,18,dc2,-0.3585052490234375,12.41,,,d5-c1-n0.1-m18,5,1,0.1,18,,-43.29380818639992
colosseum,18,dc_wasserstein_ollivier,-0.1612920761108398,2.98,,,d5-c1-n0.1-m18,5,1,0.1,18,,-43.29380818639992
colosseum,18,dc_entropic_subtraction,2.038756847381592,2.52,,,d5-c1-n0.1-m18,5,1,0.1,18,,-43.29380818639992
colosseum,18,hickock,17.10545178317034,57.91,,,d5-c1-n0.1-m18,5,1,0.1,18,,-43.29380818639992
colosseum,18,frc_weighted_adaptive,-74.9882756640653,1.31,,,d5-c1-n0.1-m18,5,1,0.1,18,,-43.29380818639992
colosseum,18,frc_unweighted_knn,-10.454545454545457,0.33,,,d5-c1-n0.1-m18,5,1,0.1,18,,-43.29380818639992
colosseum,18,orc,-0.2718691206701003,7.15,,,d5-c1-n0.1-m18,5,1,0.1,18,,-43.29380818639992
colosseum,18,spc_hop,,0.0,,,d5-c1-n0.1-m18,5,1,0.1,18,,-43.29380818639992
colosseum,18,spc_diffusion_t5,,0.0,,,d5-c1-n0.1-m18,5,1,0.1,18,,-43.29380818639992
colosseum,18,laziness_knn_t5,-6.2331647872924805,0.67,,,d5-c1-n0.1-m18,5,1,0.1,18,,-43.29380818639992
colosseum,18,laziness_adaptive_t5,-6.147487640380859,0.72,,,d5-c1-n0.1-m18,5,1,0.1,18,,-43.29380818639992
colosseum,18,successor_entropy,-1.7259212882799717,0.06,900.81,,d5-c1-n0.1-m18,5,1,0.1,18,,-43.29380818639992
colosseum,18,successor_orc,0.9509806314177898,4.96,900.81,,d5-c1-n0.1-m18,5,1,0.1,18,,-43.29380818639992
colosseum,19,dc2,-0.3889398574829101,12.97,,,d5-c1-n0.1-m19,5,1,0.1,19,,-65.44910008151292
colosseum,19,dc_wasserstein_ollivier,-0.002988576889038,3.07,,,d5-c1-n0.1-m19,5,1,0.1,19,,-65.44910008151292
colosseum,19,dc_entropic_subtraction,2.677084922790528,2.6,,,d5-c1-n0.1-m19,5,1,0.1,19,,-65.44910008151292
colosseum,19,hickock,17.40792940864778,58.66,,,d5-c1-n0.1-m19,5,1,0.1,19,,-65.44910008151292
colosseum,19,frc_weighted_adaptive,-64.1111987614542,1.37,,,d5-c1-n0.1-m19,5,1,0.1,19,,-65.44910008151292
colosseum,19,frc_unweighted_knn,-12.846153846153848,0.33,,,d5-c1-n0.1-m19,5,1,0.1,19,,-65.44910008151292
colosseum,19,orc,-0.2817304364938555,7.38,,,d5-c1-n0.1-m19,5,1,0.1,19,,-65.44910008151292
colosseum,19,spc_hop,,0.0,,,d5-c1-n0.1-m19,5,1,0.1,19,,-65.44910008151292
colosseum,19,spc_diffusion_t5,,0.0,,,d5-c1-n0.1-m19,5,1,0.1,19,,-65.44910008151292
colosseum,19,laziness_knn_t5,-6.2714619636535645,0.68,,,d5-c1-n0.1-m19,5,1,0.1,19,,-65.44910008151292
colosseum,19,laziness_adaptive_t5,-6.222236633300781,0.71,,,d5-c1-n0.1-m19,5,1,0.1,19,,-65.44910008151292
colosseum,19,successor_entropy,-1.855307281603416,0.06,891.03,,d5-c1-n0.1-m19,5,1,0.1,19,,-65.44910008151292
colosseum,19,successor_orc,0.9547483569150472,4.89,891.03,,d5-c1-n0.1-m19,5,1,0.1,19,,-65.44910008151292
colosseum,20,dc2,-1.2239980697631836,12.92,,,d5-c1-n0.1-m20,5,1,0.1,20,,-37.41548251069902
colosseum,20,dc_wasserstein_ollivier,-0.3893347978591919,3.1,,,d5-c1-n0.1-m20,5,1,0.1,20,,-37.41548251069902
colosseum,20,dc_entropic_subtraction,1.174400806427002,2.63,,,d5-c1-n0.1-m20,5,1,0.1,20,,-37.41548251069902
colosseum,20,hickock,16.557620939321538,58.17,,,d5-c1-n0.1-m20,5,1,0.1,20,,-37.41548251069902
colosseum,20,frc_weighted_adaptive,-109.83913926279976,1.02,,,d5-c1-n0.1-m20,5,1,0.1,20,,-37.41548251069902
colosseum,20,frc_unweighted_knn,-12.692307692307692,0.33,,,d5-c1-n0.1-m20,5,1,0.1,20,,-37.41548251069902
colosseum,20,orc,-0.2353137121329414,7.57,,,d5-c1-n0.1-m20,5,1,0.1,20,,-37.41548251069902
colosseum,20,spc_hop,,0.0,,,d5-c1-n0.1-m20,5,1,0.1,20,,-37.41548251069902
colosseum,20,spc_diffusion_t5,,0.0,,,d5-c1-n0.1-m20,5,1,0.1,20,,-37.41548251069902
colosseum,20,laziness_knn_t5,-6.336969375610352,0.67,,,d5-c1-n0.1-m20,5,1,0.1,20,,-37.41548251069902
colosseum,20,laziness_adaptive_t5,-6.3037519454956055,0.71,,,d5-c1-n0.1-m20,5,1,0.1,20,,-37.41548251069902
colosseum,20,successor_entropy,-1.800011158599596,0.06,886.5,,d5-c1-n0.1-m20,5,1,0.1,20,,-37.41548251069902
colosseum,20,successor_orc,0.9496397693560776,4.92,886.5,,d5-c1-n0.1-m20,5,1,0.1,20,,-37.41548251069902
colosseum,21,dc2,-0.3420510292053222,13.06,,,d5-c1-n0.1-m21,5,1,0.1,21,,-32.982530779234466
colosseum,21,dc_wasserstein_ollivier,0.0473100543022155,3.24,,,d5-c1-n0.1-m21,5,1,0.1,21,,-32.982530779234466
colosseum,21,dc_entropic_subtraction,2.3354711532592773,2.64,,,d5-c1-n0.1-m21,5,1,0.1,21,,-32.982530779234466
colosseum,21,hickock,17.055334576340243,56.66,,,d5-c1-n0.1-m21,5,1,0.1,21,,-32.982530779234466
colosseum,21,frc_weighted_adaptive,-76.58703064141558,1.01,,,d5-c1-n0.1-m21,5,1,0.1,21,,-32.982530779234466
colosseum,21,frc_unweighted_knn,-8.090909090909092,0.33,,,d5-c1-n0.1-m21,5,1,0.1,21,,-32.982530779234466
colosseum,21,orc,-0.168720744102138,7.43,,,d5-c1-n0.1-m21,5,1,0.1,21,,-32.982530779234466
colosseum,21,spc_hop,,0.0,,,d5-c1-n0.1-m21,5,1,0.1,21,,-32.982530779234466
colosseum,21,spc_diffusion_t5,,0.0,,,d5-c1-n0.1-m21,5,1,0.1,21,,-32.982530779234466
colosseum,21,laziness_knn_t5,-5.958754539489746,0.66,,,d5-c1-n0.1-m21,5,1,0.1,21,,-32.982530779234466
colosseum,21,laziness_adaptive_t5,-5.862014293670654,0.72,,,d5-c1-n0.1-m21,5,1,0.1,21,,-32.982530779234466
colosseum,21,successor_entropy,-1.6080980982168889,0.05,900.04,,d5-c1-n0.1-m21,5,1,0.1,21,,-32.982530779234466
colosseum,21,successor_orc,0.9538852489896876,4.96,900.04,,d5-c1-n0.1-m21,5,1,0.1,21,,-32.982530779234466
colosseum,22,dc2,-0.5588679313659668,12.7,,,d5-c1-n0.1-m22,5,1,0.1,22,,-17.07515714799443
colosseum,22,dc_wasserstein_ollivier,-0.489018440246582,3.08,,,d5-c1-n0.1-m22,5,1,0.1,22,,-17.07515714799443
colosseum,22,dc_entropic_subtraction,0.8667712211608887,2.61,,,d5-c1-n0.1-m22,5,1,0.1,22,,-17.07515714799443
colosseum,22,hickock,16.73147751650352,57.58,,,d5-c1-n0.1-m22,5,1,0.1,22,,-17.07515714799443
colosseum,22,frc_weighted_adaptive,-95.1881436518387,1.03,,,d5-c1-n0.1-m22,5,1,0.1,22,,-17.07515714799443
colosseum,22,frc_unweighted_knn,-10.363636363636363,0.33,,,d5-c1-n0.1-m22,5,1,0.1,22,,-17.07515714799443
colosseum,22,orc,-0.2209102436453938,7.34,,,d5-c1-n0.1-m22,5,1,0.1,22,,-17.07515714799443
colosseum,22,spc_hop,,0.0,,,d5-c1-n0.1-m22,5,1,0.1,22,,-17.07515714799443
colosseum,22,spc_diffusion_t5,,0.0,,,d5-c1-n0.1-m22,5,1,0.1,22,,-17.07515714799443
colosseum,22,laziness_knn_t5,-6.309877872467041,0.67,,,d5-c1-n0.1-m22,5,1,0.1,22,,-17.07515714799443
colosseum,22,laziness_adaptive_t5,-6.330196380615234,1.09,,,d5-c1-n0.1-m22,5,1,0.1,22,,-17.07515714799443
colosseum,22,successor_entropy,-1.6170493786643103,0.05,899.93,,d5-c1-n0.1-m22,5,1,0.1,22,,-17.07515714799443
colosseum,22,successor_orc,0.950692874562645,5.0,899.93,,d5-c1-n0.1-m22,5,1,0.1,22,,-17.07515714799443
colosseum,23,dc2,-0.5575385093688965,12.93,,,d5-c1-n0.1-m23,5,1,0.1,23,,-80.71797082158855
colosseum,23,dc_wasserstein_ollivier,-0.0981348752975463,3.07,,,d5-c1-n0.1-m23,5,1,0.1,23,,-80.71797082158855
colosseum,23,dc_entropic_subtraction,2.419379711151123,2.6,,,d5-c1-n0.1-m23,5,1,0.1,23,,-80.71797082158855
colosseum,23,hickock,17.11622673059125,59.48,,,d5-c1-n0.1-m23,5,1,0.1,23,,-80.71797082158855
colosseum,23,frc_weighted_adaptive,-75.04155048696502,1.05,,,d5-c1-n0.1-m23,5,1,0.1,23,,-80.71797082158855
colosseum,23,frc_unweighted_knn,-13.0,0.33,,,d5-c1-n0.1-m23,5,1,0.1,23,,-80.71797082158855
colosseum,23,orc,-0.3333233099017823,7.35,,,d5-c1-n0.1-m23,5,1,0.1,23,,-80.71797082158855
colosseum,23,spc_hop,,0.0,,,d5-c1-n0.1-m23,5,1,0.1,23,,-80.71797082158855
colosseum,23,spc_diffusion_t5,,0.0,,,d5-c1-n0.1-m23,5,1,0.1,23,,-80.71797082158855
colosseum,23,laziness_knn_t5,-6.438282012939453,0.68,,,d5-c1-n0.1-m23,5,1,0.1,23,,-80.71797082158855
colosseum,23,laziness_adaptive_t5,-6.452647686004639,0.71,,,d5-c1-n0.1-m23,5,1,0.1,23,,-80.71797082158855
colosseum,23,successor_entropy,-1.8460106028087129,0.06,896.67,,d5-c1-n0.1-m23,5,1,0.1,23,,-80.71797082158855
colosseum,23,successor_orc,0.9508799884234946,4.86,896.67,,d5-c1-n0.1-m23,5,1,0.1,23,,-80.71797082158855
colosseum,24,dc2,-0.1260557174682617,12.91,,,d5-c1-n0.1-m24,5,1,0.1,24,,-34.47285593536328
colosseum,24,dc_wasserstein_ollivier,-0.1663085222244262,3.42,,,d5-c1-n0.1-m24,5,1,0.1,24,,-34.47285593536328
colosseum,24,dc_entropic_subtraction,1.8897490501403809,2.62,,,d5-c1-n0.1-m24,5,1,0.1,24,,-34.47285593536328
colosseum,24,hickock,17.016352158324143,58.58,,,d5-c1-n0.1-m24,5,1,0.1,24,,-34.47285593536328
colosseum,24,frc_weighted_adaptive,-112.610619248646,1.03,,,d5-c1-n0.1-m24,5,1,0.1,24,,-34.47285593536328
colosseum,24,frc_unweighted_knn,-11.363636363636363,0.32,,,d5-c1-n0.1-m24,5,1,0.1,24,,-34.47285593536328
colosseum,24,orc,-0.1728634513300282,7.31,,,d5-c1-n0.1-m24,5,1,0.1,24,,-34.47285593536328
colosseum,24,spc_hop,,0.0,,,d5-c1-n0.1-m24,5,1,0.1,24,,-34.47285593536328
colosseum,24,spc_diffusion_t5,,0.0,,,d5-c1-n0.1-m24,5,1,0.1,24,,-34.47285593536328
colosseum,24,laziness_knn_t5,-6.305996894836426,0.66,,,d5-c1-n0.1-m24,5,1,0.1,24,,-34.47285593536328
colosseum,24,laziness_adaptive_t5,-6.323789596557617,0.69,,,d5-c1-n0.1-m24,5,1,0.1,24,,-34.47285593536328
colosseum,24,successor_entropy,-1.866618874347691,0.06,890.5,,d5-c1-n0.1-m24,5,1,0.1,24,,-34.47285593536328
colosseum,24,successor_orc,0.951231643841337,6.14,890.5,,d5-c1-n0.1-m24,5,1,0.1,24,,-34.47285593536328
colosseum,25,dc2,-0.6390604972839355,12.71,,,d5-c1-n0.1-m25,5,1,0.1,25,,-24.15844761808132
colosseum,25,dc_wasserstein_ollivier,-0.3276050090789795,3.44,,,d5-c1-n0.1-m25,5,1,0.1,25,,-24.15844761808132
colosseum,25,dc_entropic_subtraction,1.3742241859436035,2.6,,,d5-c1-n0.1-m25,5,1,0.1,25,,-24.15844761808132
colosseum,25,hickock,16.65193669358698,57.96,,,d5-c1-n0.1-m25,5,1,0.1,25,,-24.15844761808132
colosseum,25,frc_weighted_adaptive,-114.59326058875666,1.02,,,d5-c1-n0.1-m25,5,1,0.1,25,,-24.15844761808132
colosseum,25,frc_unweighted_knn,-9.714285714285714,0.32,,,d5-c1-n0.1-m25,5,1,0.1,25,,-24.15844761808132
colosseum,25,orc,-0.1924042116326452,7.17,,,d5-c1-n0.1-m25,5,1,0.1,25,,-24.15844761808132
colosseum,25,spc_hop,,0.0,,,d5-c1-n0.1-m25,5,1,0.1,25,,-24.15844761808132
colosseum,25,spc_diffusion_t5,,0.0,,,d5-c1-n0.1-m25,5,1,0.1,25,,-24.15844761808132
colosseum,25,laziness_knn_t5,-6.229155540466309,0.67,,,d5-c1-n0.1-m25,5,1,0.1,25,,-24.15844761808132
colosseum,25,laziness_adaptive_t5,-6.223683834075928,0.7,,,d5-c1-n0.1-m25,5,1,0.1,25,,-24.15844761808132
colosseum,25,successor_entropy,-1.6777614557873457,0.05,875.72,,d5-c1-n0.1-m25,5,1,0.1,25,,-24.15844761808132
colosseum,25,successor_orc,0.952846272290374,5.34,875.72,,d5-c1-n0.1-m25,5,1,0.1,25,,-24.15844761808132
colosseum,26,dc2,-1.08229398727417,12.28,,,d5-c1-n0.1-m26,5,1,0.1,26,,28.07883668558626
colosseum,26,dc_wasserstein_ollivier,-0.1634943485260009,2.97,,,d5-c1-n0.1-m26,5,1,0.1,26,,28.07883668558626
colosseum,26,dc_entropic_subtraction,1.419013500213623,2.79,,,d5-c1-n0.1-m26,5,1,0.1,26,,28.07883668558626
colosseum,26,hickock,16.813325551607715,50.47,,,d5-c1-n0.1-m26,5,1,0.1,26,,28.07883668558626
colosseum,26,frc_weighted_adaptive,-79.602587624952,1.01,,,d5-c1-n0.1-m26,5,1,0.1,26,,28.07883668558626
colosseum,26,frc_unweighted_knn,-13.8,0.32,,,d5-c1-n0.1-m26,5,1,0.1,26,,28.07883668558626
colosseum,26,orc,-0.3114050225948014,6.7,,,d5-c1-n0.1-m26,5,1,0.1,26,,28.07883668558626
colosseum,26,spc_hop,,0.0,,,d5-c1-n0.1-m26,5,1,0.1,26,,28.07883668558626
colosseum,26,spc_diffusion_t5,,0.0,,,d5-c1-n0.1-m26,5,1,0.1,26,,28.07883668558626
colosseum,26,laziness_knn_t5,-6.157130241394043,0.64,,,d5-c1-n0.1-m26,5,1,0.1,26,,28.07883668558626
colosseum,26,laziness_adaptive_t5,-6.124126434326172,0.72,,,d5-c1-n0.1-m26,5,1,0.1,26,,28.07883668558626
colosseum,26,successor_entropy,-1.686401537187087,0.05,834.85,,d5-c1-n0.1-m26,5,1,0.1,26,,28.07883668558626
colosseum,26,successor_orc,0.9496730058071464,4.92,834.85,,d5-c1-n0.1-m26,5,1,0.1,26,,28.07883668558626
colosseum,27,dc2,-0.4268221855163574,12.57,,,d5-c1-n0.1-m27,5,1,0.1,27,,-17.462376984322507
colosseum,27,dc_wasserstein_ollivier,-0.2776690721511841,2.96,,,d5-c1-n0.1-m27,5,1,0.1,27,,-17.462376984322507
colosseum,27,dc_entropic_subtraction,1.6665797233581543,2.5,,,d5-c1-n0.1-m27,5,1,0.1,27,,-17.462376984322507
colosseum,27,hickock,17.192504321964346,50.15,,,d5-c1-n0.1-m27,5,1,0.1,27,,-17.462376984322507
colosseum,27,frc_weighted_adaptive,-74.66837000597637,1.25,,,d5-c1-n0.1-m27,5,1,0.1,27,,-17.462376984322507
colosseum,27,frc_unweighted_knn,-11.0,0.32,,,d5-c1-n0.1-m27,5,1,0.1,27,,-17.462376984322507
colosseum,27,orc,-0.2789034478533559,6.6,,,d5-c1-n0.1-m27,5,1,0.1,27,,-17.462376984322507
colosseum,27,spc_hop,,0.0,,,d5-c1-n0.1-m27,5,1,0.1,27,,-17.462376984322507
colosseum,27,spc_diffusion_t5,,0.0,,,d5-c1-n0.1-m27,5,1,0.1,27,,-17.462376984322507
colosseum,27,laziness_knn_t5,-6.187711715698242,0.64,,,d5-c1-n0.1-m27,5,1,0.1,27,,-17.462376984322507
colosseum,27,laziness_adaptive_t5,-6.160405158996582,0.67,,,d5-c1-n0.1-m27,5,1,0.1,27,,-17.462376984322507
colosseum,27,successor_entropy,-1.7265882821756726,0.05,829.98,,d5-c1-n0.1-m27,5,1,0.1,27,,-17.462376984322507
colosseum,27,successor_orc,0.950887511018974,4.95,829.98,,d5-c1-n0.1-m27,5,1,0.1,27,,-17.462376984322507
colosseum,28,dc2,-0.3335890769958496,12.2,,,d5-c1-n0.1-m28,5,1,0.1,28,,-18.274644760005412
colosseum,28,dc_wasserstein_ollivier,-0.0252114534378051,2.94,,,d5-c1-n0.1-m28,5,1,0.1,28,,-18.274644760005412
colosseum,28,dc_entropic_subtraction,2.298111915588379,2.47,,,d5-c1-n0.1-m28,5,1,0.1,28,,-18.274644760005412
colosseum,28,hickock,17.61664980520694,52.39,,,d5-c1-n0.1-m28,5,1,0.1,28,,-18.274644760005412
colosseum,28,frc_weighted_adaptive,-96.22259162892574,1.0,,,d5-c1-n0.1-m28,5,1,0.1,28,,-18.274644760005412
colosseum,28,frc_unweighted_knn,-12.6,0.61,,,d5-c1-n0.1-m28,5,1,0.1,28,,-18.274644760005412
colosseum,28,orc,-0.2857507897553824,6.53,,,d5-c1-n0.1-m28,5,1,0.1,28,,-18.274644760005412
colosseum,28,spc_hop,,0.0,,,d5-c1-n0.1-m28,5,1,0.1,28,,-18.274644760005412
colosseum,28,spc_diffusion_t5,,0.0,,,d5-c1-n0.1-m28,5,1,0.1,28,,-18.274644760005412
colosseum,28,laziness_knn_t5,-6.422351837158203,0.64,,,d5-c1-n0.1-m28,5,1,0.1,28,,-18.274644760005412
colosseum,28,laziness_adaptive_t5,-6.458878993988037,0.67,,,d5-c1-n0.1-m28,5,1,0.1,28,,-18.274644760005412
colosseum,28,successor_entropy,-1.7192621019934693,0.05,840.25,,d5-c1-n0.1-m28,5,1,0.1,28,,-18.274644760005412
colosseum,28,successor_orc,0.9503277944036032,5.31,840.25,,d5-c1-n0.1-m28,5,1,0.1,28,,-18.274644760005412
colosseum,29,dc2,-0.2366394996643066,12.24,,,d5-c1-n0.1-m29,5,1,0.1,29,,1.4292663038166082
colosseum,29,dc_wasserstein_ollivier,-0.1957167387008667,3.01,,,d5-c1-n0.1-m29,5,1,0.1,29,,1.4292663038166082
colosseum,29,dc_entropic_subtraction,1.4424409866333008,2.51,,,d5-c1-n0.1-m29,5,1,0.1,29,,1.4292663038166082
colosseum,29,hickock,16.995570569545546,53.21,,,d5-c1-n0.1-m29,5,1,0.1,29,,1.4292663038166082
colosseum,29,frc_weighted_adaptive,-97.36323464418372,0.99,,,d5-c1-n0.1-m29,5,1,0.1,29,,1.4292663038166082
colosseum,29,frc_unweighted_knn,-12.333333333333334,0.33,,,d5-c1-n0.1-m29,5,1,0.1,29,,1.4292663038166082
colosseum,29,orc,-0.2535814293005,7.26,,,d5-c1-n0.1-m29,5,1,0.1,29,,1.4292663038166082
colosseum,29,spc_hop,,0.0,,,d5-c1-n0.1-m29,5,1,0.1,29,,1.4292663038166082
colosseum,29,spc_diffusion_t5,,0.0,,,d5-c1-n0.1-m29,5,1,0.1,29,,1.4292663038166082
colosseum,29,laziness_knn_t5,-6.2950544357299805,0.64,,,d5-c1-n0.1-m29,5,1,0.1,29,,1.4292663038166082
colosseum,29,laziness_adaptive_t5,-6.263603687286377,0.67,,,d5-c1-n0.1-m29,5,1,0.1,29,,1.4292663038166082
colosseum,29,successor_entropy,-1.47612193312007,0.05,862.73,,d5-c1-n0.1-m29,5,1,0.1,29,,1.4292663038166082
colosseum,29,successor_orc,0.9513972773942824,4.94,862.73,,d5-c1-n0.1-m29,5,1,0.1,29,,1.4292663038166082
colosseum,30,dc2,-0.2613639831542969,12.34,,,d5-c1-n0.1-m30,5,1,0.1,30,,-10.329246828725504
colosseum,30,dc_wasserstein_ollivier,0.0052182674407958,2.99,,,d5-c1-n0.1-m30,5,1,0.1,30,,-10.329246828725504
colosseum,30,dc_entropic_subtraction,2.422635555267334,2.51,,,d5-c1-n0.1-m30,5,1,0.1,30,,-10.329246828725504
colosseum,30,hickock,17.33470964217318,54.01,,,d5-c1-n0.1-m30,5,1,0.1,30,,-10.329246828725504
colosseum,30,frc_weighted_adaptive,-132.05546624705556,1.01,,,d5-c1-n0.1-m30,5,1,0.1,30,,-10.329246828725504
colosseum,30,frc_unweighted_knn,-12.25,0.32,,,d5-c1-n0.1-m30,5,1,0.1,30,,-10.329246828725504
colosseum,30,orc,-0.2318874848589377,7.24,,,d5-c1-n0.1-m30,5,1,0.1,30,,-10.329246828725504
colosseum,30,spc_hop,,0.0,,,d5-c1-n0.1-m30,5,1,0.1,30,,-10.329246828725504
colosseum,30,spc_diffusion_t5,,0.0,,,d5-c1-n0.1-m30,5,1,0.1,30,,-10.329246828725504
colosseum,30,laziness_knn_t5,-6.098228454589844,0.64,,,d5-c1-n0.1-m30,5,1,0.1,30,,-10.329246828725504
colosseum,30,laziness_adaptive_t5,-6.071219444274902,0.67,,,d5-c1-n0.1-m30,5,1,0.1,30,,-10.329246828725504
colosseum,0,dc2,-1.128979206085205,13.86,,,d5-c1-n0.2-m0,5,1,0.2,0,,-77.49392169384825
colosseum,0,dc_wasserstein_ollivier,0.0374138355255126,4.43,,,d5-c1-n0.2-m0,5,1,0.2,0,,-77.49392169384825
colosseum,0,dc_entropic_subtraction,2.545504570007324,2.96,,,d5-c1-n0.2-m0,5,1,0.2,0,,-77.49392169384825
colosseum,0,hickock,16.935594880260155,48.54,,,d5-c1-n0.2-m0,5,1,0.2,0,,-77.49392169384825
colosseum,0,frc_weighted_adaptive,-192.23262919276465,1.34,,,d5-c1-n0.2-m0,5,1,0.2,0,,-77.49392169384825
colosseum,0,frc_unweighted_knn,-8.461538461538462,0.34,,,d5-c1-n0.2-m0,5,1,0.2,0,,-77.49392169384825
colosseum,0,orc,-0.1236990599933902,6.47,,,d5-c1-n0.2-m0,5,1,0.2,0,,-77.49392169384825
colosseum,0,spc_hop,,0.0,,,d5-c1-n0.2-m0,5,1,0.2,0,,-77.49392169384825
colosseum,0,spc_diffusion_t5,,0.0,,,d5-c1-n0.2-m0,5,1,0.2,0,,-77.49392169384825
colosseum,0,laziness_knn_t5,-6.063689231872559,0.9,,,d5-c1-n0.2-m0,5,1,0.2,0,,-77.49392169384825
colosseum,0,laziness_adaptive_t5,-6.070578098297119,0.97,,,d5-c1-n0.2-m0,5,1,0.2,0,,-77.49392169384825
colosseum,0,successor_entropy,-1.8519455482661724,0.04,947.7,,d5-c1-n0.2-m0,5,1,0.2,0,,-77.49392169384825
colosseum,0,successor_orc,0.9534911030122356,4.84,947.7,,d5-c1-n0.2-m0,5,1,0.2,0,,-77.49392169384825
colosseum,1,dc2,-0.622645378112793,15.36,,,d5-c1-n0.2-m1,5,1,0.2,1,,-33.71774158692647
colosseum,1,dc_wasserstein_ollivier,0.1095037460327148,4.13,,,d5-c1-n0.2-m1,5,1,0.2,1,,-33.71774158692647
colosseum,1,dc_entropic_subtraction,2.98132848739624,2.77,,,d5-c1-n0.2-m1,5,1,0.2,1,,-33.71774158692647
colosseum,1,hickock,17.348156959801397,50.84,,,d5-c1-n0.2-m1,5,1,0.2,1,,-33.71774158692647
colosseum,1,frc_weighted_adaptive,-104.07675263515192,1.1,,,d5-c1-n0.2-m1,5,1,0.2,1,,-33.71774158692647
colosseum,1,frc_unweighted_knn,-13.0,0.35,,,d5-c1-n0.2-m1,5,1,0.2,1,,-33.71774158692647
colosseum,1,orc,-0.2941166201913631,6.95,,,d5-c1-n0.2-m1,5,1,0.2,1,,-33.71774158692647
colosseum,1,spc_hop,,0.0,,,d5-c1-n0.2-m1,5,1,0.2,1,,-33.71774158692647
colosseum,1,spc_diffusion_t5,,0.0,,,d5-c1-n0.2-m1,5,1,0.2,1,,-33.71774158692647
colosseum,1,laziness_knn_t5,-6.255145072937012,0.67,,,d5-c1-n0.2-m1,5,1,0.2,1,,-33.71774158692647
colosseum,1,laziness_adaptive_t5,-6.251075744628906,0.7,,,d5-c1-n0.2-m1,5,1,0.2,1,,-33.71774158692647
colosseum,1,successor_entropy,-1.665096499047087,0.05,887.64,,d5-c1-n0.2-m1,5,1,0.2,1,,-33.71774158692647
colosseum,1,successor_orc,0.9516693325113844,5.25,887.64,,d5-c1-n0.2-m1,5,1,0.2,1,,-33.71774158692647
colosseum,2,dc2,-0.9897060394287108,16.03,,,d5-c1-n0.2-m2,5,1,0.2,2,,11.718925224419454
colosseum,2,dc_wasserstein_ollivier,0.0452381372451782,4.54,,,d5-c1-n0.2-m2,5,1,0.2,2,,11.718925224419454
colosseum,2,dc_entropic_subtraction,2.2815961837768555,3.07,,,d5-c1-n0.2-m2,5,1,0.2,2,,11.718925224419454
colosseum,2,hickock,17.131317749936084,55.65,,,d5-c1-n0.2-m2,5,1,0.2,2,,11.718925224419454
colosseum,2,frc_weighted_adaptive,-97.98253124588074,1.08,,,d5-c1-n0.2-m2,5,1,0.2,2,,11.718925224419454
colosseum,2,frc_unweighted_knn,-10.142857142857142,0.36,,,d5-c1-n0.2-m2,5,1,0.2,2,,11.718925224419454
colosseum,2,orc,-0.1691635059334017,7.68,,,d5-c1-n0.2-m2,5,1,0.2,2,,11.718925224419454
colosseum,2,spc_hop,,0.0,,,d5-c1-n0.2-m2,5,1,0.2,2,,11.718925224419454
colosseum,2,spc_diffusion_t5,,0.0,,,d5-c1-n0.2-m2,5,1,0.2,2,,11.718925224419454
colosseum,2,laziness_knn_t5,-6.065100193023682,0.81,,,d5-c1-n0.2-m2,5,1,0.2,2,,11.718925224419454
colosseum,2,laziness_adaptive_t5,-6.001331806182861,0.79,,,d5-c1-n0.2-m2,5,1,0.2,2,,11.718925224419454
colosseum,2,successor_entropy,-1.5416918151499703,0.05,900.57,,d5-c1-n0.2-m2,5,1,0.2,2,,11.718925224419454
colosseum,2,successor_orc,0.9515806441569272,6.73,900.57,,d5-c1-n0.2-m2,5,1,0.2,2,,11.718925224419454
colosseum,3,dc2,-0.7093367576599121,13.52,,,d5-c1-n0.2-m3,5,1,0.2,3,,-44.88882484377192
colosseum,3,dc_wasserstein_ollivier,0.5752978324890137,4.21,,,d5-c1-n0.2-m3,5,1,0.2,3,,-44.88882484377192
colosseum,3,dc_entropic_subtraction,4.934224605560303,3.12,,,d5-c1-n0.2-m3,5,1,0.2,3,,-44.88882484377192
colosseum,3,hickock,18.414745665818817,53.37,,,d5-c1-n0.2-m3,5,1,0.2,3,,-44.88882484377192
colosseum,3,frc_weighted_adaptive,-72.77084346543325,1.05,,,d5-c1-n0.2-m3,5,1,0.2,3,,-44.88882484377192
colosseum,3,frc_unweighted_knn,-13.5,0.34,,,d5-c1-n0.2-m3,5,1,0.2,3,,-44.88882484377192
colosseum,3,orc,-0.1943888824532224,6.92,,,d5-c1-n0.2-m3,5,1,0.2,3,,-44.88882484377192
colosseum,3,spc_hop,,0.0,,,d5-c1-n0.2-m3,5,1,0.2,3,,-44.88882484377192
colosseum,3,spc_diffusion_t5,,0.0,,,d5-c1-n0.2-m3,5,1,0.2,3,,-44.88882484377192
colosseum,3,laziness_knn_t5,-6.317534446716309,0.66,,,d5-c1-n0.2-m3,5,1,0.2,3,,-44.88882484377192
colosseum,3,laziness_adaptive_t5,-6.276689529418945,0.75,,,d5-c1-n0.2-m3,5,1,0.2,3,,-44.88882484377192
colosseum,3,successor_entropy,-1.6700057159517117,0.05,935.79,,d5-c1-n0.2-m3,5,1,0.2,3,,-44.88882484377192
colosseum,3,successor_orc,0.9543668790630694,5.44,935.79,,d5-c1-n0.2-m3,5,1,0.2,3,,-44.88882484377192
colosseum,4,dc2,-1.2619757652282717,12.0,,,d5-c1-n0.2-m4,5,1,0.2,4,,-32.39649902211694
colosseum,4,dc_wasserstein_ollivier,0.0165035724639892,4.12,,,d5-c1-n0.2-m4,5,1,0.2,4,,-32.39649902211694
colosseum,4,dc_entropic_subtraction,2.4418458938598637,2.93,,,d5-c1-n0.2-m4,5,1,0.2,4,,-32.39649902211694
colosseum,4,hickock,17.346586582952472,50.77,,,d5-c1-n0.2-m4,5,1,0.2,4,,-32.39649902211694
colosseum,4,frc_weighted_adaptive,-84.6565996884356,1.18,,,d5-c1-n0.2-m4,5,1,0.2,4,,-32.39649902211694
colosseum,4,frc_unweighted_knn,-9.307692307692308,0.4,,,d5-c1-n0.2-m4,5,1,0.2,4,,-32.39649902211694
colosseum,4,orc,-0.1350184322168794,8.04,,,d5-c1-n0.2-m4,5,1,0.2,4,,-32.39649902211694
colosseum,4,spc_hop,,0.0,,,d5-c1-n0.2-m4,5,1,0.2,4,,-32.39649902211694
colosseum,4,spc_diffusion_t5,,0.0,,,d5-c1-n0.2-m4,5,1,0.2,4,,-32.39649902211694
colosseum,4,laziness_knn_t5,-5.917608261108398,0.7,,,d5-c1-n0.2-m4,5,1,0.2,4,,-32.39649902211694
colosseum,4,laziness_adaptive_t5,-5.891607284545898,0.7,,,d5-c1-n0.2-m4,5,1,0.2,4,,-32.39649902211694
colosseum,4,successor_entropy,-1.7827515311380848,0.06,905.47,,d5-c1-n0.2-m4,5,1,0.2,4,,-32.39649902211694
colosseum,4,successor_orc,0.9499012310658906,6.9,905.47,,d5-c1-n0.2-m4,5,1,0.2,4,,-32.39649902211694
colosseum,5,dc2,-1.27042818069458,13.65,,,d5-c1-n0.2-m5,5,1,0.2,5,,-6.8371623430688295
colosseum,5,dc_wasserstein_ollivier,-0.4446996450424194,3.51,,,d5-c1-n0.2-m5,5,1,0.2,5,,-6.8371623430688295
colosseum,5,dc_entropic_subtraction,1.1083488464355469,3.26,,,d5-c1-n0.2-m5,5,1,0.2,5,,-6.8371623430688295
colosseum,5,hickock,16.75143040845759,54.15,,,d5-c1-n0.2-m5,5,1,0.2,5,,-6.8371623430688295
colosseum,5,frc_weighted_adaptive,-111.51690548088808,1.18,,,d5-c1-n0.2-m5,5,1,0.2,5,,-6.8371623430688295
colosseum,5,frc_unweighted_knn,-15.88888888888889,0.4,,,d5-c1-n0.2-m5,5,1,0.2,5,,-6.8371623430688295
colosseum,5,orc,-0.2546448187854571,7.88,,,d5-c1-n0.2-m5,5,1,0.2,5,,-6.8371623430688295
colosseum,5,spc_hop,,0.0,,,d5-c1-n0.2-m5,5,1,0.2,5,,-6.8371623430688295
colosseum,5,spc_diffusion_t5,,0.0,,,d5-c1-n0.2-m5,5,1,0.2,5,,-6.8371623430688295
colosseum,5,laziness_knn_t5,-6.54283332824707,0.69,,,d5-c1-n0.2-m5,5,1,0.2,5,,-6.8371623430688295
colosseum,5,laziness_adaptive_t5,-6.5230712890625,0.75,,,d5-c1-n0.2-m5,5,1,0.2,5,,-6.8371623430688295
colosseum,5,successor_entropy,-1.6945871772350125,0.05,925.56,,d5-c1-n0.2-m5,5,1,0.2,5,,-6.8371623430688295
colosseum,5,successor_orc,0.9514120588007065,5.29,925.56,,d5-c1-n0.2-m5,5,1,0.2,5,,-6.8371623430688295
colosseum,6,dc2,-0.7711997032165527,13.85,,,d5-c1-n0.2-m6,5,1,0.2,6,,-17.274857190713853
colosseum,6,dc_wasserstein_ollivier,0.1926453709602356,3.56,,,d5-c1-n0.2-m6,5,1,0.2,6,,-17.274857190713853
colosseum,6,dc_entropic_subtraction,2.8990492820739746,3.24,,,d5-c1-n0.2-m6,5,1,0.2,6,,-17.274857190713853
colosseum,6,hickock,17.677992199647452,54.08,,,d5-c1-n0.2-m6,5,1,0.2,6,,-17.274857190713853
colosseum,6,frc_weighted_adaptive,-99.71867124611684,1.09,,,d5-c1-n0.2-m6,5,1,0.2,6,,-17.274857190713853
colosseum,6,frc_unweighted_knn,-14.692307692307692,0.38,,,d5-c1-n0.2-m6,5,1,0.2,6,,-17.274857190713853
colosseum,6,orc,-0.1983829799591349,7.76,,,d5-c1-n0.2-m6,5,1,0.2,6,,-17.274857190713853
colosseum,6,spc_hop,,0.0,,,d5-c1-n0.2-m6,5,1,0.2,6,,-17.274857190713853
colosseum,6,spc_diffusion_t5,,0.0,,,d5-c1-n0.2-m6,5,1,0.2,6,,-17.274857190713853
colosseum,6,laziness_knn_t5,-6.185493469238281,0.87,,,d5-c1-n0.2-m6,5,1,0.2,6,,-17.274857190713853
colosseum,6,laziness_adaptive_t5,-6.133481979370117,0.71,,,d5-c1-n0.2-m6,5,1,0.2,6,,-17.274857190713853
colosseum,6,successor_entropy,-1.6078261768581386,0.05,939.57,,d5-c1-n0.2-m6,5,1,0.2,6,,-17.274857190713853
colosseum,6,successor_orc,0.9534456610018068,5.62,939.57,,d5-c1-n0.2-m6,5,1,0.2,6,,-17.274857190713853
colosseum,7,dc2,-1.5595788955688477,12.44,,,d5-c1-n0.2-m7,5,1,0.2,7,,-11.69141496960987
colosseum,7,dc_wasserstein_ollivier,0.0472045540809631,3.86,,,d5-c1-n0.2-m7,5,1,0.2,7,,-11.69141496960987
colosseum,7,dc_entropic_subtraction,2.409780502319336,2.87,,,d5-c1-n0.2-m7,5,1,0.2,7,,-11.69141496960987
colosseum,7,hickock,17.015282833035695,53.38,,,d5-c1-n0.2-m7,5,1,0.2,7,,-11.69141496960987
colosseum,7,frc_weighted_adaptive,-70.06377751769348,1.34,,,d5-c1-n0.2-m7,5,1,0.2,7,,-11.69141496960987
colosseum,7,frc_unweighted_knn,-16.466666666666665,0.34,,,d5-c1-n0.2-m7,5,1,0.2,7,,-11.69141496960987
colosseum,7,orc,-0.3014226942628067,7.37,,,d5-c1-n0.2-m7,5,1,0.2,7,,-11.69141496960987
colosseum,7,spc_hop,,0.0,,,d5-c1-n0.2-m7,5,1,0.2,7,,-11.69141496960987
colosseum,7,spc_diffusion_t5,,0.0,,,d5-c1-n0.2-m7,5,1,0.2,7,,-11.69141496960987
colosseum,7,laziness_knn_t5,-6.161257743835449,0.67,,,d5-c1-n0.2-m7,5,1,0.2,7,,-11.69141496960987
colosseum,7,laziness_adaptive_t5,-6.125401973724365,0.69,,,d5-c1-n0.2-m7,5,1,0.2,7,,-11.69141496960987
colosseum,7,successor_entropy,-1.6923758952704568,0.05,932.29,,d5-c1-n0.2-m7,5,1,0.2,7,,-11.69141496960987
colosseum,7,successor_orc,0.952485261958312,6.46,932.29,,d5-c1-n0.2-m7,5,1,0.2,7,,-11.69141496960987
colosseum,8,dc2,-0.8982305526733398,12.49,,,d5-c1-n0.2-m8,5,1,0.2,8,,0.1045006766289996
colosseum,8,dc_wasserstein_ollivier,0.0017228722572326,3.76,,,d5-c1-n0.2-m8,5,1,0.2,8,,0.1045006766289996
colosseum,8,dc_entropic_subtraction,2.572007179260254,3.09,,,d5-c1-n0.2-m8,5,1,0.2,8,,0.1045006766289996
colosseum,8,hickock,17.32932839877334,57.98,,,d5-c1-n0.2-m8,5,1,0.2,8,,0.1045006766289996
colosseum,8,frc_weighted_adaptive,-95.37542798751484,1.13,,,d5-c1-n0.2-m8,5,1,0.2,8,,0.1045006766289996
colosseum,8,frc_unweighted_knn,-14.181818181818182,0.72,,,d5-c1-n0.2-m8,5,1,0.2,8,,0.1045006766289996
colosseum,8,orc,-0.2903998336238001,8.29,,,d5-c1-n0.2-m8,5,1,0.2,8,,0.1045006766289996
colosseum,8,spc_hop,,0.0,,,d5-c1-n0.2-m8,5,1,0.2,8,,0.1045006766289996
colosseum,8,spc_diffusion_t5,,0.0,,,d5-c1-n0.2-m8,5,1,0.2,8,,0.1045006766289996
colosseum,8,laziness_knn_t5,-6.190115928649902,0.68,,,d5-c1-n0.2-m8,5,1,0.2,8,,0.1045006766289996
colosseum,8,laziness_adaptive_t5,-6.1957597732543945,0.76,,,d5-c1-n0.2-m8,5,1,0.2,8,,0.1045006766289996
colosseum,8,successor_entropy,-1.5393171834686072,0.05,964.96,,d5-c1-n0.2-m8,5,1,0.2,8,,0.1045006766289996
colosseum,8,successor_orc,0.951731489598754,6.78,964.96,,d5-c1-n0.2-m8,5,1,0.2,8,,0.1045006766289996
colosseum,9,dc2,-0.9560341835021972,12.88,,,d5-c1-n0.2-m9,5,1,0.2,9,,-25.283273347872512
colosseum,9,dc_wasserstein_ollivier,0.5480706095695496,3.45,,,d5-c1-n0.2-m9,5,1,0.2,9,,-25.283273347872512
colosseum,9,dc_entropic_subtraction,5.067360877990723,2.88,,,d5-c1-n0.2-m9,5,1,0.2,9,,-25.283273347872512
colosseum,9,hickock,18.335433181171155,55.15,,,d5-c1-n0.2-m9,5,1,0.2,9,,-25.283273347872512
colosseum,9,frc_weighted_adaptive,-122.87545855362546,1.13,,,d5-c1-n0.2-m9,5,1,0.2,9,,-25.283273347872512
colosseum,9,frc_unweighted_knn,-14.5,0.38,,,d5-c1-n0.2-m9,5,1,0.2,9,,-25.283273347872512
colosseum,9,orc,-0.2540487764088484,8.42,,,d5-c1-n0.2-m9,5,1,0.2,9,,-25.283273347872512
colosseum,9,spc_hop,,0.0,,,d5-c1-n0.2-m9,5,1,0.2,9,,-25.283273347872512
colosseum,9,spc_diffusion_t5,,0.0,,,d5-c1-n0.2-m9,5,1,0.2,9,,-25.283273347872512
colosseum,9,laziness_knn_t5,-6.477502822875977,0.73,,,d5-c1-n0.2-m9,5,1,0.2,9,,-25.283273347872512
colosseum,9,laziness_adaptive_t5,-6.39840030670166,0.71,,,d5-c1-n0.2-m9,5,1,0.2,9,,-25.283273347872512
colosseum,9,successor_entropy,-1.5779863486964412,0.05,954.42,,d5-c1-n0.2-m9,5,1,0.2,9,,-25.283273347872512
colosseum,9,successor_orc,0.9535217919462023,5.85,954.42,,d5-c1-n0.2-m9,5,1,0.2,9,,-25.283273347872512
colosseum,10,dc2,-0.9820766448974608,12.96,,,d5-c1-n0.2-m10,5,1,0.2,10,,-36.82532000811897
colosseum,10,dc_wasserstein_ollivier,-0.1104321479797363,4.18,,,d5-c1-n0.2-m10,5,1,0.2,10,,-36.82532000811897
colosseum,10,dc_entropic_subtraction,1.7923583984375,3.35,,,d5-c1-n0.2-m10,5,1,0.2,10,,-36.82532000811897
colosseum,10,hickock,16.76075488463285,55.67,,,d5-c1-n0.2-m10,5,1,0.2,10,,-36.82532000811897
colosseum,10,frc_weighted_adaptive,-176.18155095138843,1.24,,,d5-c1-n0.2-m10,5,1,0.2,10,,-36.82532000811897
colosseum,10,frc_unweighted_knn,-9.545454545454543,0.42,,,d5-c1-n0.2-m10,5,1,0.2,10,,-36.82532000811897
colosseum,10,orc,-0.060796408381452,9.12,,,d5-c1-n0.2-m10,5,1,0.2,10,,-36.82532000811897
colosseum,10,spc_hop,,0.0,,,d5-c1-n0.2-m10,5,1,0.2,10,,-36.82532000811897
colosseum,10,spc_diffusion_t5,,0.0,,,d5-c1-n0.2-m10,5,1,0.2,10,,-36.82532000811897
colosseum,10,laziness_knn_t5,-5.992142677307129,0.73,,,d5-c1-n0.2-m10,5,1,0.2,10,,-36.82532000811897
colosseum,10,laziness_adaptive_t5,-6.080811023712158,0.83,,,d5-c1-n0.2-m10,5,1,0.2,10,,-36.82532000811897
colosseum,10,successor_entropy,-1.7388273797471387,0.06,959.12,,d5-c1-n0.2-m10,5,1,0.2,10,,-36.82532000811897
colosseum,10,successor_orc,0.9526512715854918,6.34,959.12,,d5-c1-n0.2-m10,5,1,0.2,10,,-36.82532000811897
colosseum,11,dc2,-0.8854355812072754,12.62,,,d5-c1-n0.2-m11,5,1,0.2,11,,-18.07850591485805
colosseum,11,dc_wasserstein_ollivier,-0.0198824405670166,3.67,,,d5-c1-n0.2-m11,5,1,0.2,11,,-18.07850591485805
colosseum,11,dc_entropic_subtraction,2.820319652557373,2.73,,,d5-c1-n0.2-m11,5,1,0.2,11,,-18.07850591485805
colosseum,11,hickock,17.478768990311497,56.4,,,d5-c1-n0.2-m11,5,1,0.2,11,,-18.07850591485805
colosseum,11,frc_weighted_adaptive,-83.92496751535768,1.14,,,d5-c1-n0.2-m11,5,1,0.2,11,,-18.07850591485805
colosseum,11,frc_unweighted_knn,-16.615384615384617,0.38,,,d5-c1-n0.2-m11,5,1,0.2,11,,-18.07850591485805
colosseum,11,orc,-0.3366226928296121,7.88,,,d5-c1-n0.2-m11,5,1,0.2,11,,-18.07850591485805
colosseum,11,spc_hop,,0.0,,,d5-c1-n0.2-m11,5,1,0.2,11,,-18.07850591485805
colosseum,11,spc_diffusion_t5,,0.0,,,d5-c1-n0.2-m11,5,1,0.2,11,,-18.07850591485805
colosseum,11,laziness_knn_t5,-6.40510892868042,0.73,,,d5-c1-n0.2-m11,5,1,0.2,11,,-18.07850591485805
colosseum,11,laziness_adaptive_t5,-6.3650970458984375,0.75,,,d5-c1-n0.2-m11,5,1,0.2,11,,-18.07850591485805
colosseum,11,successor_entropy,-1.555222135292987,0.05,956.63,,d5-c1-n0.2-m11,5,1,0.2,11,,-18.07850591485805
colosseum,11,successor_orc,0.9518081369839346,6.24,956.63,,d5-c1-n0.2-m11,5,1,0.2,11,,-18.07850591485805
colosseum,12,dc2,-1.1507320404052734,13.18,,,d5-c1-n0.2-m12,5,1,0.2,12,,-17.673377292301318
colosseum,12,dc_wasserstein_ollivier,-0.2774146795272827,3.62,,,d5-c1-n0.2-m12,5,1,0.2,12,,-17.673377292301318
colosseum,12,dc_entropic_subtraction,1.6896100044250488,2.91,,,d5-c1-n0.2-m12,5,1,0.2,12,,-17.673377292301318
colosseum,12,hickock,17.149895697312772,55.71,,,d5-c1-n0.2-m12,5,1,0.2,12,,-17.673377292301318
colosseum,12,frc_weighted_adaptive,-98.04998622769293,1.15,,,d5-c1-n0.2-m12,5,1,0.2,12,,-17.673377292301318
colosseum,12,frc_unweighted_knn,-15.0,0.38,,,d5-c1-n0.2-m12,5,1,0.2,12,,-17.673377292301318
colosseum,12,orc,-0.3948813189794109,8.02,,,d5-c1-n0.2-m12,5,1,0.2,12,,-17.673377292301318
colosseum,12,spc_hop,,0.0,,,d5-c1-n0.2-m12,5,1,0.2,12,,-17.673377292301318
colosseum,12,spc_diffusion_t5,,0.0,,,d5-c1-n0.2-m12,5,1,0.2,12,,-17.673377292301318
colosseum,12,laziness_knn_t5,-6.58568000793457,0.73,,,d5-c1-n0.2-m12,5,1,0.2,12,,-17.673377292301318
colosseum,12,laziness_adaptive_t5,-6.592901229858398,0.74,,,d5-c1-n0.2-m12,5,1,0.2,12,,-17.673377292301318
colosseum,12,successor_entropy,-1.715501459528071,0.05,891.18,,d5-c1-n0.2-m12,5,1,0.2,12,,-17.673377292301318
colosseum,12,successor_orc,0.9496595644290222,5.92,891.18,,d5-c1-n0.2-m12,5,1,0.2,12,,-17.673377292301318
colosseum,13,dc2,-0.726078987121582,14.18,,,d5-c1-n0.2-m13,5,1,0.2,13,,-0.2156009985453666
colosseum,13,dc_wasserstein_ollivier,0.1539989113807678,4.0,,,d5-c1-n0.2-m13,5,1,0.2,13,,-0.2156009985453666
colosseum,13,dc_entropic_subtraction,3.258702278137207,2.93,,,d5-c1-n0.2-m13,5,1,0.2,13,,-0.2156009985453666
colosseum,13,hickock,17.588218947430054,54.16,,,d5-c1-n0.2-m13,5,1,0.2,13,,-0.2156009985453666
colosseum,13,frc_weighted_adaptive,-63.2982051426233,1.06,,,d5-c1-n0.2-m13,5,1,0.2,13,,-0.2156009985453666
colosseum,13,frc_unweighted_knn,-9.7,0.35,,,d5-c1-n0.2-m13,5,1,0.2,13,,-0.2156009985453666
colosseum,13,orc,-0.2195100577707363,8.14,,,d5-c1-n0.2-m13,5,1,0.2,13,,-0.2156009985453666
colosseum,13,spc_hop,,0.0,,,d5-c1-n0.2-m13,5,1,0.2,13,,-0.2156009985453666
colosseum,13,spc_diffusion_t5,,0.0,,,d5-c1-n0.2-m13,5,1,0.2,13,,-0.2156009985453666
colosseum,13,laziness_knn_t5,-6.209554672241211,0.69,,,d5-c1-n0.2-m13,5,1,0.2,13,,-0.2156009985453666
colosseum,13,laziness_adaptive_t5,-6.177983283996582,0.77,,,d5-c1-n0.2-m13,5,1,0.2,13,,-0.2156009985453666
colosseum,13,successor_entropy,-1.7073552398093357,0.05,922.53,,d5-c1-n0.2-m13,5,1,0.2,13,,-0.2156009985453666
colosseum,13,successor_orc,0.9521206346668402,5.43,922.53,,d5-c1-n0.2-m13,5,1,0.2,13,,-0.2156009985453666
colosseum,14,dc2,-1.1331322193145752,13.03,,,d5-c1-n0.2-m14,5,1,0.2,14,,-14.22677140036397
colosseum,14,dc_wasserstein_ollivier,-0.1470152139663696,4.25,,,d5-c1-n0.2-m14,5,1,0.2,14,,-14.22677140036397
colosseum,14,dc_entropic_subtraction,2.1272778511047363,2.89,,,d5-c1-n0.2-m14,5,1,0.2,14,,-14.22677140036397
colosseum,14,hickock,16.85597938303986,53.19,,,d5-c1-n0.2-m14,5,1,0.2,14,,-14.22677140036397
colosseum,14,frc_weighted_adaptive,-83.92882981455239,1.14,,,d5-c1-n0.2-m14,5,1,0.2,14,,-14.22677140036397
colosseum,14,frc_unweighted_knn,-15.733333333333333,0.37,,,d5-c1-n0.2-m14,5,1,0.2,14,,-14.22677140036397
colosseum,14,orc,-0.3085151742506314,7.91,,,d5-c1-n0.2-m14,5,1,0.2,14,,-14.22677140036397
colosseum,14,spc_hop,,0.0,,,d5-c1-n0.2-m14,5,1,0.2,14,,-14.22677140036397
colosseum,14,spc_diffusion_t5,,0.0,,,d5-c1-n0.2-m14,5,1,0.2,14,,-14.22677140036397
colosseum,14,laziness_knn_t5,-6.343702793121338,0.75,,,d5-c1-n0.2-m14,5,1,0.2,14,,-14.22677140036397
colosseum,14,laziness_adaptive_t5,-6.359148979187012,0.8,,,d5-c1-n0.2-m14,5,1,0.2,14,,-14.22677140036397
colosseum,14,successor_entropy,-1.605764592656245,0.05,907.65,,d5-c1-n0.2-m14,5,1,0.2,14,,-14.22677140036397
colosseum,14,successor_orc,0.9509033198119026,5.99,907.65,,d5-c1-n0.2-m14,5,1,0.2,14,,-14.22677140036397
colosseum,15,dc2,-0.8234086036682129,12.84,,,d5-c1-n0.2-m15,5,1,0.2,15,,-58.19175029258924
colosseum,15,dc_wasserstein_ollivier,0.0949814319610595,4.0,,,d5-c1-n0.2-m15,5,1,0.2,15,,-58.19175029258924
colosseum,15,dc_entropic_subtraction,3.02250337600708,3.0,,,d5-c1-n0.2-m15,5,1,0.2,15,,-58.19175029258924
colosseum,15,hickock,17.673980838436513,54.09,,,d5-c1-n0.2-m15,5,1,0.2,15,,-58.19175029258924
colosseum,15,frc_weighted_adaptive,-107.06351030328172,1.08,,,d5-c1-n0.2-m15,5,1,0.2,15,,-58.19175029258924
colosseum,15,frc_unweighted_knn,-13.727272727272728,0.34,,,d5-c1-n0.2-m15,5,1,0.2,15,,-58.19175029258924
colosseum,15,orc,-0.3375056153087206,7.44,,,d5-c1-n0.2-m15,5,1,0.2,15,,-58.19175029258924
colosseum,15,spc_hop,,0.0,,,d5-c1-n0.2-m15,5,1,0.2,15,,-58.19175029258924
colosseum,15,spc_diffusion_t5,,0.0,,,d5-c1-n0.2-m15,5,1,0.2,15,,-58.19175029258924
colosseum,15,laziness_knn_t5,-6.493244171142578,0.82,,,d5-c1-n0.2-m15,5,1,0.2,15,,-58.19175029258924
colosseum,15,laziness_adaptive_t5,-6.434719085693359,0.89,,,d5-c1-n0.2-m15,5,1,0.2,15,,-58.19175029258924
colosseum,15,successor_entropy,-1.7902685284566444,0.05,919.85,,d5-c1-n0.2-m15,5,1,0.2,15,,-58.19175029258924
colosseum,15,successor_orc,0.9509586810129398,5.18,919.85,,d5-c1-n0.2-m15,5,1,0.2,15,,-58.19175029258924
colosseum,16,dc2,-1.851822853088379,15.24,,,d5-c1-n0.2-m16,5,1,0.2,16,,-18.905003283168604
colosseum,16,dc_wasserstein_ollivier,-0.0936059951782226,3.6,,,d5-c1-n0.2-m16,5,1,0.2,16,,-18.905003283168604
colosseum,16,dc_entropic_subtraction,2.2221779823303223,2.85,,,d5-c1-n0.2-m16,5,1,0.2,16,,-18.905003283168604
colosseum,16,hickock,17.15606025811501,53.31,,,d5-c1-n0.2-m16,5,1,0.2,16,,-18.905003283168604
colosseum,16,frc_weighted_adaptive,-175.8708659432043,1.5,,,d5-c1-n0.2-m16,5,1,0.2,16,,-18.905003283168604
colosseum,16,frc_unweighted_knn,-13.153846153846152,0.37,,,d5-c1-n0.2-m16,5,1,0.2,16,,-18.905003283168604
colosseum,16,orc,-0.296240927102672,8.08,,,d5-c1-n0.2-m16,5,1,0.2,16,,-18.905003283168604
colosseum,16,spc_hop,,0.0,,,d5-c1-n0.2-m16,5,1,0.2,16,,-18.905003283168604
colosseum,16,spc_diffusion_t5,,0.0,,,d5-c1-n0.2-m16,5,1,0.2,16,,-18.905003283168604
colosseum,16,laziness_knn_t5,-6.25384521484375,0.79,,,d5-c1-n0.2-m16,5,1,0.2,16,,-18.905003283168604
colosseum,16,laziness_adaptive_t5,-6.214269638061523,0.77,,,d5-c1-n0.2-m16,5,1,0.2,16,,-18.905003283168604
colosseum,16,successor_entropy,-1.6990702081182971,0.05,908.75,,d5-c1-n0.2-m16,5,1,0.2,16,,-18.905003283168604
colosseum,16,successor_orc,0.9520957912223508,5.4,908.75,,d5-c1-n0.2-m16,5,1,0.2,16,,-18.905003283168604
colosseum,17,dc2,-1.2385177612304688,15.81,,,d5-c1-n0.2-m17,5,1,0.2,17,,-20.25297315186792
colosseum,17,dc_wasserstein_ollivier,0.1758442521095276,3.66,,,d5-c1-n0.2-m17,5,1,0.2,17,,-20.25297315186792
colosseum,17,dc_entropic_subtraction,2.953713893890381,2.87,,,d5-c1-n0.2-m17,5,1,0.2,17,,-20.25297315186792
colosseum,17,hickock,17.54003207192713,55.33,,,d5-c1-n0.2-m17,5,1,0.2,17,,-20.25297315186792
colosseum,17,frc_weighted_adaptive,-87.47798880936776,1.49,,,d5-c1-n0.2-m17,5,1,0.2,17,,-20.25297315186792
colosseum,17,frc_unweighted_knn,-14.75,0.39,,,d5-c1-n0.2-m17,5,1,0.2,17,,-20.25297315186792
colosseum,17,orc,-0.2176138721974123,8.03,,,d5-c1-n0.2-m17,5,1,0.2,17,,-20.25297315186792
colosseum,17,spc_hop,,0.0,,,d5-c1-n0.2-m17,5,1,0.2,17,,-20.25297315186792
colosseum,17,spc_diffusion_t5,,0.0,,,d5-c1-n0.2-m17,5,1,0.2,17,,-20.25297315186792
colosseum,17,laziness_knn_t5,-6.074667930603027,0.86,,,d5-c1-n0.2-m17,5,1,0.2,17,,-20.25297315186792
colosseum,17,laziness_adaptive_t5,-6.054109573364258,0.77,,,d5-c1-n0.2-m17,5,1,0.2,17,,-20.25297315186792
colosseum,17,successor_entropy,-1.650410220467796,0.05,871.98,,d5-c1-n0.2-m17,5,1,0.2,17,,-20.25297315186792
colosseum,17,successor_orc,0.9509736941706732,9.09,871.98,,d5-c1-n0.2-m17,5,1,0.2,17,,-20.25297315186792
colosseum,18,dc2,-1.4618260860443115,13.87,,,d5-c1-n0.2-m18,5,1,0.2,18,,-24.970678002134647
colosseum,18,dc_wasserstein_ollivier,-0.2416071891784668,3.91,,,d5-c1-n0.2-m18,5,1,0.2,18,,-24.970678002134647
colosseum,18,dc_entropic_subtraction,1.8206491470336916,2.8,,,d5-c1-n0.2-m18,5,1,0.2,18,,-24.970678002134647
colosseum,18,hickock,16.80702387605168,51.14,,,d5-c1-n0.2-m18,5,1,0.2,18,,-24.970678002134647
colosseum,18,frc_weighted_adaptive,-150.54902591894654,1.15,,,d5-c1-n0.2-m18,5,1,0.2,18,,-24.970678002134647
colosseum,18,frc_unweighted_knn,-9.727272727272728,0.71,,,d5-c1-n0.2-m18,5,1,0.2,18,,-24.970678002134647
colosseum,18,orc,-0.2683473824779406,7.99,,,d5-c1-n0.2-m18,5,1,0.2,18,,-24.970678002134647
colosseum,18,spc_hop,,0.0,,,d5-c1-n0.2-m18,5,1,0.2,18,,-24.970678002134647
colosseum,18,spc_diffusion_t5,,0.0,,,d5-c1-n0.2-m18,5,1,0.2,18,,-24.970678002134647
colosseum,18,laziness_knn_t5,-6.270676136016846,0.77,,,d5-c1-n0.2-m18,5,1,0.2,18,,-24.970678002134647
colosseum,18,laziness_adaptive_t5,-6.307976722717285,0.95,,,d5-c1-n0.2-m18,5,1,0.2,18,,-24.970678002134647
colosseum,18,successor_entropy,-1.7838503357246518,0.05,915.05,,d5-c1-n0.2-m18,5,1,0.2,18,,-24.970678002134647
colosseum,18,successor_orc,0.9506509073304912,8.19,915.05,,d5-c1-n0.2-m18,5,1,0.2,18,,-24.970678002134647
colosseum,19,dc2,-1.189100742340088,13.61,,,d5-c1-n0.2-m19,5,1,0.2,19,,-34.31949695519494
colosseum,19,dc_wasserstein_ollivier,-0.0374797582626342,3.6,,,d5-c1-n0.2-m19,5,1,0.2,19,,-34.31949695519494
colosseum,19,dc_entropic_subtraction,2.335780620574951,2.8,,,d5-c1-n0.2-m19,5,1,0.2,19,,-34.31949695519494
colosseum,19,hickock,16.823915563530942,55.76,,,d5-c1-n0.2-m19,5,1,0.2,19,,-34.31949695519494
colosseum,19,frc_weighted_adaptive,-111.97533220746143,1.14,,,d5-c1-n0.2-m19,5,1,0.2,19,,-34.31949695519494
colosseum,19,frc_unweighted_knn,-12.846153846153848,0.4,,,d5-c1-n0.2-m19,5,1,0.2,19,,-34.31949695519494
colosseum,19,orc,-0.2854356465303591,8.46,,,d5-c1-n0.2-m19,5,1,0.2,19,,-34.31949695519494
colosseum,19,spc_hop,,0.0,,,d5-c1-n0.2-m19,5,1,0.2,19,,-34.31949695519494
colosseum,19,spc_diffusion_t5,,0.0,,,d5-c1-n0.2-m19,5,1,0.2,19,,-34.31949695519494
colosseum,19,laziness_knn_t5,-6.226919651031494,0.65,,,d5-c1-n0.2-m19,5,1,0.2,19,,-34.31949695519494
colosseum,19,laziness_adaptive_t5,-6.24634313583374,0.78,,,d5-c1-n0.2-m19,5,1,0.2,19,,-34.31949695519494
colosseum,19,successor_entropy,-1.6592342481324642,0.05,914.01,,d5-c1-n0.2-m19,5,1,0.2,19,,-34.31949695519494
colosseum,19,successor_orc,0.950644181067682,6.93,914.01,,d5-c1-n0.2-m19,5,1,0.2,19,,-34.31949695519494
colosseum,20,dc2,-1.5784385204315186,15.15,,,d5-c1-n0.2-m20,5,1,0.2,20,,-47.895486487262055
colosseum,20,dc_wasserstein_ollivier,-0.1487437486648559,3.81,,,d5-c1-n0.2-m20,5,1,0.2,20,,-47.895486487262055
colosseum,20,dc_entropic_subtraction,2.027651309967041,3.01,,,d5-c1-n0.2-m20,5,1,0.2,20,,-47.895486487262055
colosseum,20,hickock,16.978025071152143,57.94,,,d5-c1-n0.2-m20,5,1,0.2,20,,-47.895486487262055
colosseum,20,frc_weighted_adaptive,-128.09170292759197,1.14,,,d5-c1-n0.2-m20,5,1,0.2,20,,-47.895486487262055
colosseum,20,frc_unweighted_knn,-10.166666666666666,0.39,,,d5-c1-n0.2-m20,5,1,0.2,20,,-47.895486487262055
colosseum,20,orc,-0.2595627054298906,8.61,,,d5-c1-n0.2-m20,5,1,0.2,20,,-47.895486487262055
colosseum,20,spc_hop,,0.0,,,d5-c1-n0.2-m20,5,1,0.2,20,,-47.895486487262055
colosseum,20,spc_diffusion_t5,,0.0,,,d5-c1-n0.2-m20,5,1,0.2,20,,-47.895486487262055
colosseum,20,laziness_knn_t5,-6.389598369598389,0.7,,,d5-c1-n0.2-m20,5,1,0.2,20,,-47.895486487262055
colosseum,20,laziness_adaptive_t5,-6.346166610717773,0.7,,,d5-c1-n0.2-m20,5,1,0.2,20,,-47.895486487262055
colosseum,20,successor_entropy,-1.769324049597606,0.05,906.24,,d5-c1-n0.2-m20,5,1,0.2,20,,-47.895486487262055
colosseum,20,successor_orc,0.951808351408297,7.05,906.24,,d5-c1-n0.2-m20,5,1,0.2,20,,-47.895486487262055
colosseum,21,dc2,-0.7411150932312012,13.6,,,d5-c1-n0.2-m21,5,1,0.2,21,,-49.34303720162664
colosseum,21,dc_wasserstein_ollivier,0.0174620151519775,3.88,,,d5-c1-n0.2-m21,5,1,0.2,21,,-49.34303720162664
colosseum,21,dc_entropic_subtraction,2.764422416687012,2.74,,,d5-c1-n0.2-m21,5,1,0.2,21,,-49.34303720162664
colosseum,21,hickock,17.354611811637398,60.18,,,d5-c1-n0.2-m21,5,1,0.2,21,,-49.34303720162664
colosseum,21,frc_weighted_adaptive,-207.84823242710533,1.14,,,d5-c1-n0.2-m21,5,1,0.2,21,,-49.34303720162664
colosseum,21,frc_unweighted_knn,-15.692307692307692,0.39,,,d5-c1-n0.2-m21,5,1,0.2,21,,-49.34303720162664
colosseum,21,orc,-0.20220638938659,8.1,,,d5-c1-n0.2-m21,5,1,0.2,21,,-49.34303720162664
colosseum,21,spc_hop,,0.0,,,d5-c1-n0.2-m21,5,1,0.2,21,,-49.34303720162664
colosseum,21,spc_diffusion_t5,,0.0,,,d5-c1-n0.2-m21,5,1,0.2,21,,-49.34303720162664
colosseum,21,laziness_knn_t5,-6.074639320373535,0.75,,,d5-c1-n0.2-m21,5,1,0.2,21,,-49.34303720162664
colosseum,21,laziness_adaptive_t5,-6.016439437866211,1.26,,,d5-c1-n0.2-m21,5,1,0.2,21,,-49.34303720162664
colosseum,21,successor_entropy,-1.584660823610223,0.05,904.26,,d5-c1-n0.2-m21,5,1,0.2,21,,-49.34303720162664
colosseum,21,successor_orc,0.9504980047137256,8.89,904.26,,d5-c1-n0.2-m21,5,1,0.2,21,,-49.34303720162664
colosseum,22,dc2,-0.959693431854248,14.27,,,d5-c1-n0.2-m22,5,1,0.2,22,,-110.73905387101138
colosseum,22,dc_wasserstein_ollivier,0.2757593989372253,3.65,,,d5-c1-n0.2-m22,5,1,0.2,22,,-110.73905387101138
colosseum,22,dc_entropic_subtraction,3.4184932708740234,2.64,,,d5-c1-n0.2-m22,5,1,0.2,22,,-110.73905387101138
colosseum,22,hickock,17.121189184933513,59.83,,,d5-c1-n0.2-m22,5,1,0.2,22,,-110.73905387101138
colosseum,22,frc_weighted_adaptive,-88.05879397480375,1.12,,,d5-c1-n0.2-m22,5,1,0.2,22,,-110.73905387101138
colosseum,22,frc_unweighted_knn,-11.583333333333334,0.35,,,d5-c1-n0.2-m22,5,1,0.2,22,,-110.73905387101138
colosseum,22,orc,-0.2361362498608468,7.58,,,d5-c1-n0.2-m22,5,1,0.2,22,,-110.73905387101138
colosseum,22,spc_hop,,0.0,,,d5-c1-n0.2-m22,5,1,0.2,22,,-110.73905387101138
colosseum,22,spc_diffusion_t5,,0.0,,,d5-c1-n0.2-m22,5,1,0.2,22,,-110.73905387101138
colosseum,22,laziness_knn_t5,-6.166165351867676,0.68,,,d5-c1-n0.2-m22,5,1,0.2,22,,-110.73905387101138
colosseum,22,laziness_adaptive_t5,-6.127557754516602,0.75,,,d5-c1-n0.2-m22,5,1,0.2,22,,-110.73905387101138
colosseum,22,successor_entropy,-1.8343811558784608,0.05,908.27,,d5-c1-n0.2-m22,5,1,0.2,22,,-110.73905387101138
colosseum,22,successor_orc,0.9539163545065636,5.98,908.27,,d5-c1-n0.2-m22,5,1,0.2,22,,-110.73905387101138
colosseum,23,dc2,-0.6544845104217529,14.18,,,d5-c1-n0.2-m23,5,1,0.2,23,,-24.57982781100436
colosseum,23,dc_wasserstein_ollivier,0.0947964191436767,4.14,,,d5-c1-n0.2-m23,5,1,0.2,23,,-24.57982781100436
colosseum,23,dc_entropic_subtraction,2.8396811485290527,2.88,,,d5-c1-n0.2-m23,5,1,0.2,23,,-24.57982781100436
colosseum,23,hickock,17.761242854053297,59.38,,,d5-c1-n0.2-m23,5,1,0.2,23,,-24.57982781100436
colosseum,23,frc_weighted_adaptive,-125.92897340294338,1.07,,,d5-c1-n0.2-m23,5,1,0.2,23,,-24.57982781100436
colosseum,23,frc_unweighted_knn,-13.909090909090908,0.34,,,d5-c1-n0.2-m23,5,1,0.2,23,,-24.57982781100436
colosseum,23,orc,-0.3109520981801416,7.71,,,d5-c1-n0.2-m23,5,1,0.2,23,,-24.57982781100436
colosseum,23,spc_hop,,0.0,,,d5-c1-n0.2-m23,5,1,0.2,23,,-24.57982781100436
colosseum,23,spc_diffusion_t5,,0.0,,,d5-c1-n0.2-m23,5,1,0.2,23,,-24.57982781100436
colosseum,23,laziness_knn_t5,-6.457268714904785,0.68,,,d5-c1-n0.2-m23,5,1,0.2,23,,-24.57982781100436
colosseum,23,laziness_adaptive_t5,-6.460446834564209,0.72,,,d5-c1-n0.2-m23,5,1,0.2,23,,-24.57982781100436
colosseum,23,successor_entropy,-1.5775643733696392,0.05,915.97,,d5-c1-n0.2-m23,5,1,0.2,23,,-24.57982781100436
colosseum,23,successor_orc,0.9521810148459772,5.27,915.97,,d5-c1-n0.2-m23,5,1,0.2,23,,-24.57982781100436
colosseum,24,dc2,-1.8413000106811523,14.0,,,d5-c1-n0.2-m24,5,1,0.2,24,,-34.736388503093934
colosseum,24,dc_wasserstein_ollivier,-0.2922178506851196,4.39,,,d5-c1-n0.2-m24,5,1,0.2,24,,-34.736388503093934
colosseum,24,dc_entropic_subtraction,1.7546648979187012,3.05,,,d5-c1-n0.2-m24,5,1,0.2,24,,-34.736388503093934
colosseum,24,hickock,17.081355602383905,58.05,,,d5-c1-n0.2-m24,5,1,0.2,24,,-34.736388503093934
colosseum,24,frc_weighted_adaptive,-99.7399314587948,1.1,,,d5-c1-n0.2-m24,5,1,0.2,24,,-34.736388503093934
colosseum,24,frc_unweighted_knn,-17.857142857142858,0.35,,,d5-c1-n0.2-m24,5,1,0.2,24,,-34.736388503093934
colosseum,24,orc,-0.3112490567474567,8.36,,,d5-c1-n0.2-m24,5,1,0.2,24,,-34.736388503093934
colosseum,24,spc_hop,,0.0,,,d5-c1-n0.2-m24,5,1,0.2,24,,-34.736388503093934
colosseum,24,spc_diffusion_t5,,0.0,,,d5-c1-n0.2-m24,5,1,0.2,24,,-34.736388503093934
colosseum,24,laziness_knn_t5,-6.584467887878418,0.72,,,d5-c1-n0.2-m24,5,1,0.2,24,,-34.736388503093934
colosseum,24,laziness_adaptive_t5,-6.557823657989502,0.92,,,d5-c1-n0.2-m24,5,1,0.2,24,,-34.736388503093934
colosseum,24,successor_entropy,-1.7072324499612053,0.05,913.39,,d5-c1-n0.2-m24,5,1,0.2,24,,-34.736388503093934
colosseum,24,successor_orc,0.9504240331757686,6.69,913.39,,d5-c1-n0.2-m24,5,1,0.2,24,,-34.736388503093934
colosseum,25,dc2,-1.3174128532409668,15.13,,,d5-c1-n0.2-m25,5,1,0.2,25,,-4.9739144027142
colosseum,25,dc_wasserstein_ollivier,0.0729396939277648,4.98,,,d5-c1-n0.2-m25,5,1,0.2,25,,-4.9739144027142
colosseum,25,dc_entropic_subtraction,2.5832080841064453,2.88,,,d5-c1-n0.2-m25,5,1,0.2,25,,-4.9739144027142
colosseum,25,hickock,17.39707839974515,55.99,,,d5-c1-n0.2-m25,5,1,0.2,25,,-4.9739144027142
colosseum,25,frc_weighted_adaptive,-120.23843158228344,1.07,,,d5-c1-n0.2-m25,5,1,0.2,25,,-4.9739144027142
colosseum,25,frc_unweighted_knn,-15.933333333333334,0.34,,,d5-c1-n0.2-m25,5,1,0.2,25,,-4.9739144027142
colosseum,25,orc,-0.2347569138569854,7.81,,,d5-c1-n0.2-m25,5,1,0.2,25,,-4.9739144027142
colosseum,25,spc_hop,,0.0,,,d5-c1-n0.2-m25,5,1,0.2,25,,-4.9739144027142
colosseum,25,spc_diffusion_t5,,0.0,,,d5-c1-n0.2-m25,5,1,0.2,25,,-4.9739144027142
colosseum,25,laziness_knn_t5,-6.085400104522705,0.78,,,d5-c1-n0.2-m25,5,1,0.2,25,,-4.9739144027142
colosseum,25,laziness_adaptive_t5,-6.06318473815918,0.78,,,d5-c1-n0.2-m25,5,1,0.2,25,,-4.9739144027142
colosseum,25,successor_entropy,-1.6408703316583608,0.05,906.14,,d5-c1-n0.2-m25,5,1,0.2,25,,-4.9739144027142
colosseum,25,successor_orc,0.9511556718555142,6.25,906.14,,d5-c1-n0.2-m25,5,1,0.2,25,,-4.9739144027142
colosseum,26,dc2,-1.2573323249816897,13.02,,,d5-c1-n0.2-m26,5,1,0.2,26,,-11.997526811203038
colosseum,26,dc_wasserstein_ollivier,-0.1170300245285034,4.04,,,d5-c1-n0.2-m26,5,1,0.2,26,,-11.997526811203038
colosseum,26,dc_entropic_subtraction,1.882054328918457,2.61,,,d5-c1-n0.2-m26,5,1,0.2,26,,-11.997526811203038
colosseum,26,hickock,16.645979359685352,55.09,,,d5-c1-n0.2-m26,5,1,0.2,26,,-11.997526811203038
colosseum,26,frc_weighted_adaptive,-93.07487087210622,1.07,,,d5-c1-n0.2-m26,5,1,0.2,26,,-11.997526811203038
colosseum,26,frc_unweighted_knn,-8.857142857142858,0.64,,,d5-c1-n0.2-m26,5,1,0.2,26,,-11.997526811203038
colosseum,26,orc,-0.1711611932422858,7.86,,,d5-c1-n0.2-m26,5,1,0.2,26,,-11.997526811203038
colosseum,26,spc_hop,,0.0,,,d5-c1-n0.2-m26,5,1,0.2,26,,-11.997526811203038
colosseum,26,spc_diffusion_t5,,0.0,,,d5-c1-n0.2-m26,5,1,0.2,26,,-11.997526811203038
colosseum,26,laziness_knn_t5,-6.196218490600586,0.74,,,d5-c1-n0.2-m26,5,1,0.2,26,,-11.997526811203038
colosseum,26,laziness_adaptive_t5,-6.217510223388672,0.65,,,d5-c1-n0.2-m26,5,1,0.2,26,,-11.997526811203038
colosseum,26,successor_entropy,-1.6935279167932458,0.04,867.83,,d5-c1-n0.2-m26,5,1,0.2,26,,-11.997526811203038
colosseum,26,successor_orc,0.9500643071143589,6.43,867.83,,d5-c1-n0.2-m26,5,1,0.2,26,,-11.997526811203038
colosseum,27,dc2,-1.3354620933532717,14.56,,,d5-c1-n0.2-m27,5,1,0.2,27,,-35.351260425748
colosseum,27,dc_wasserstein_ollivier,-0.1223338842391967,3.97,,,d5-c1-n0.2-m27,5,1,0.2,27,,-35.351260425748
colosseum,27,dc_entropic_subtraction,1.9894914627075195,2.88,,,d5-c1-n0.2-m27,5,1,0.2,27,,-35.351260425748
colosseum,27,hickock,17.551367513644248,52.62,,,d5-c1-n0.2-m27,5,1,0.2,27,,-35.351260425748
colosseum,27,frc_weighted_adaptive,-192.24221856195916,1.05,,,d5-c1-n0.2-m27,5,1,0.2,27,,-35.351260425748
colosseum,27,frc_unweighted_knn,-14.461538461538462,0.61,,,d5-c1-n0.2-m27,5,1,0.2,27,,-35.351260425748
colosseum,27,orc,-0.2525169404319407,7.49,,,d5-c1-n0.2-m27,5,1,0.2,27,,-35.351260425748
colosseum,27,spc_hop,,0.0,,,d5-c1-n0.2-m27,5,1,0.2,27,,-35.351260425748
colosseum,27,spc_diffusion_t5,,0.0,,,d5-c1-n0.2-m27,5,1,0.2,27,,-35.351260425748
colosseum,27,laziness_knn_t5,-6.37345552444458,0.63,,,d5-c1-n0.2-m27,5,1,0.2,27,,-35.351260425748
colosseum,27,laziness_adaptive_t5,-6.341618537902832,0.89,,,d5-c1-n0.2-m27,5,1,0.2,27,,-35.351260425748
colosseum,27,successor_entropy,-1.760933900376161,0.04,889.22,,d5-c1-n0.2-m27,5,1,0.2,27,,-35.351260425748
colosseum,27,successor_orc,0.9509340412190436,5.28,889.22,,d5-c1-n0.2-m27,5,1,0.2,27,,-35.351260425748
colosseum,28,dc2,-0.5082840919494629,13.14,,,d5-c1-n0.2-m28,5,1,0.2,28,,-43.05073567718672
colosseum,28,dc_wasserstein_ollivier,0.0384023189544677,4.33,,,d5-c1-n0.2-m28,5,1,0.2,28,,-43.05073567718672
colosseum,28,dc_entropic_subtraction,2.707155704498291,2.84,,,d5-c1-n0.2-m28,5,1,0.2,28,,-43.05073567718672
colosseum,28,hickock,17.30204552233628,52.48,,,d5-c1-n0.2-m28,5,1,0.2,28,,-43.05073567718672
colosseum,28,frc_weighted_adaptive,-133.57166677455191,1.13,,,d5-c1-n0.2-m28,5,1,0.2,28,,-43.05073567718672
colosseum,28,frc_unweighted_knn,-11.5,0.39,,,d5-c1-n0.2-m28,5,1,0.2,28,,-43.05073567718672
colosseum,28,orc,-0.2382275873176655,8.79,,,d5-c1-n0.2-m28,5,1,0.2,28,,-43.05073567718672
colosseum,28,spc_hop,,0.0,,,d5-c1-n0.2-m28,5,1,0.2,28,,-43.05073567718672
colosseum,28,spc_diffusion_t5,,0.0,,,d5-c1-n0.2-m28,5,1,0.2,28,,-43.05073567718672
colosseum,28,laziness_knn_t5,-6.341075897216797,0.65,,,d5-c1-n0.2-m28,5,1,0.2,28,,-43.05073567718672
colosseum,28,laziness_adaptive_t5,-6.334066390991211,0.68,,,d5-c1-n0.2-m28,5,1,0.2,28,,-43.05073567718672
colosseum,0,dc2,-0.042159080505371,13.45,,,d6-c1-n0.01-m0,6,1,0.01,0,,-18.283170675321543
colosseum,0,dc_wasserstein_ollivier,0.6479587554931641,3.92,,,d6-c1-n0.01-m0,6,1,0.01,0,,-18.283170675321543
colosseum,0,dc_entropic_subtraction,4.333466053009033,3.08,,,d6-c1-n0.01-m0,6,1,0.01,0,,-18.283170675321543
colosseum,0,hickock,21.141117767378542,47.98,,,d6-c1-n0.01-m0,6,1,0.01,0,,-18.283170675321543
colosseum,0,frc_weighted_adaptive,-80.31308015174994,1.08,,,d6-c1-n0.01-m0,6,1,0.01,0,,-18.283170675321543
colosseum,0,frc_unweighted_knn,-13.923076923076923,0.35,,,d6-c1-n0.01-m0,6,1,0.01,0,,-18.283170675321543
colosseum,0,orc,-0.2583357946166433,6.95,,,d6-c1-n0.01-m0,6,1,0.01,0,,-18.283170675321543
colosseum,0,spc_hop,,0.0,,,d6-c1-n0.01-m0,6,1,0.01,0,,-18.283170675321543
colosseum,0,spc_diffusion_t5,,0.0,,,d6-c1-n0.01-m0,6,1,0.01,0,,-18.283170675321543
colosseum,0,laziness_knn_t5,-6.565141677856445,0.96,,,d6-c1-n0.01-m0,6,1,0.01,0,,-18.283170675321543
colosseum,0,laziness_adaptive_t5,-6.584451198577881,0.75,,,d6-c1-n0.01-m0,6,1,0.01,0,,-18.283170675321543
colosseum,0,successor_entropy,-1.5807295423361938,0.05,863.69,,d6-c1-n0.01-m0,6,1,0.01,0,,-18.283170675321543
colosseum,0,successor_orc,0.9512372994756536,5.15,863.69,,d6-c1-n0.01-m0,6,1,0.01,0,,-18.283170675321543
colosseum,1,dc2,-0.2139954566955566,12.73,,,d6-c1-n0.01-m1,6,1,0.01,1,,-9.596223732927536
colosseum,1,dc_wasserstein_ollivier,0.5412845611572266,3.48,,,d6-c1-n0.01-m1,6,1,0.01,1,,-9.596223732927536
colosseum,1,dc_entropic_subtraction,3.295516014099121,2.69,,,d6-c1-n0.01-m1,6,1,0.01,1,,-9.596223732927536
colosseum,1,hickock,20.51262304818472,50.33,,,d6-c1-n0.01-m1,6,1,0.01,1,,-9.596223732927536
colosseum,1,frc_weighted_adaptive,-91.50019674866562,1.09,,,d6-c1-n0.01-m1,6,1,0.01,1,,-9.596223732927536
colosseum,1,frc_unweighted_knn,-16.307692307692307,0.35,,,d6-c1-n0.01-m1,6,1,0.01,1,,-9.596223732927536
colosseum,1,orc,-0.3366663160633093,7.08,,,d6-c1-n0.01-m1,6,1,0.01,1,,-9.596223732927536
colosseum,1,spc_hop,,0.0,,,d6-c1-n0.01-m1,6,1,0.01,1,,-9.596223732927536
colosseum,1,spc_diffusion_t5,,0.0,,,d6-c1-n0.01-m1,6,1,0.01,1,,-9.596223732927536
colosseum,1,laziness_knn_t5,-6.584022998809815,0.7,,,d6-c1-n0.01-m1,6,1,0.01,1,,-9.596223732927536
colosseum,1,laziness_adaptive_t5,-6.569047927856445,0.78,,,d6-c1-n0.01-m1,6,1,0.01,1,,-9.596223732927536
colosseum,1,successor_entropy,-1.5048353665449343,0.05,857.45,,d6-c1-n0.01-m1,6,1,0.01,1,,-9.596223732927536
colosseum,1,successor_orc,0.9509430718000368,5.51,857.45,,d6-c1-n0.01-m1,6,1,0.01,1,,-9.596223732927536
colosseum,2,dc2,0.3771009445190429,12.72,,,d6-c1-n0.01-m2,6,1,0.01,2,,-5.955827212986835
colosseum,2,dc_wasserstein_ollivier,0.5828077793121338,3.25,,,d6-c1-n0.01-m2,6,1,0.01,2,,-5.955827212986835
colosseum,2,dc_entropic_subtraction,3.8568196296691895,3.03,,,d6-c1-n0.01-m2,6,1,0.01,2,,-5.955827212986835
colosseum,2,hickock,20.558455315082377,55.17,,,d6-c1-n0.01-m2,6,1,0.01,2,,-5.955827212986835
colosseum,2,frc_weighted_adaptive,-139.55949366759998,1.13,,,d6-c1-n0.01-m2,6,1,0.01,2,,-5.955827212986835
colosseum,2,frc_unweighted_knn,-13.090909090909092,0.37,,,d6-c1-n0.01-m2,6,1,0.01,2,,-5.955827212986835
colosseum,2,orc,-0.337535329179941,7.13,,,d6-c1-n0.01-m2,6,1,0.01,2,,-5.955827212986835
colosseum,2,spc_hop,,0.0,,,d6-c1-n0.01-m2,6,1,0.01,2,,-5.955827212986835
colosseum,2,spc_diffusion_t5,,0.0,,,d6-c1-n0.01-m2,6,1,0.01,2,,-5.955827212986835
colosseum,2,laziness_knn_t5,-6.694203853607178,0.75,,,d6-c1-n0.01-m2,6,1,0.01,2,,-5.955827212986835
colosseum,2,laziness_adaptive_t5,-6.689159393310547,0.78,,,d6-c1-n0.01-m2,6,1,0.01,2,,-5.955827212986835
colosseum,2,successor_entropy,-1.5033336887322366,0.05,856.89,,d6-c1-n0.01-m2,6,1,0.01,2,,-5.955827212986835
colosseum,2,successor_orc,0.9491519210924324,5.59,856.89,,d6-c1-n0.01-m2,6,1,0.01,2,,-5.955827212986835
colosseum,3,dc2,-0.0797710418701171,13.8,,,d6-c1-n0.01-m3,6,1,0.01,3,,-48.7094277114846
colosseum,3,dc_wasserstein_ollivier,0.7149127721786499,3.27,,,d6-c1-n0.01-m3,6,1,0.01,3,,-48.7094277114846
colosseum,3,dc_entropic_subtraction,4.453126907348633,2.78,,,d6-c1-n0.01-m3,6,1,0.01,3,,-48.7094277114846
colosseum,3,hickock,21.24523404916713,56.1,,,d6-c1-n0.01-m3,6,1,0.01,3,,-48.7094277114846
colosseum,3,frc_weighted_adaptive,-113.96872567109904,1.39,,,d6-c1-n0.01-m3,6,1,0.01,3,,-48.7094277114846
colosseum,3,frc_unweighted_knn,-14.2,0.36,,,d6-c1-n0.01-m3,6,1,0.01,3,,-48.7094277114846
colosseum,3,orc,-0.2920568705855167,7.31,,,d6-c1-n0.01-m3,6,1,0.01,3,,-48.7094277114846
colosseum,3,spc_hop,,0.0,,,d6-c1-n0.01-m3,6,1,0.01,3,,-48.7094277114846
colosseum,3,spc_diffusion_t5,,0.0,,,d6-c1-n0.01-m3,6,1,0.01,3,,-48.7094277114846
colosseum,3,laziness_knn_t5,-6.515712738037109,0.74,,,d6-c1-n0.01-m3,6,1,0.01,3,,-48.7094277114846
colosseum,3,laziness_adaptive_t5,-6.475851058959961,0.75,,,d6-c1-n0.01-m3,6,1,0.01,3,,-48.7094277114846
colosseum,3,successor_entropy,-1.6269814778105356,0.05,863.13,,d6-c1-n0.01-m3,6,1,0.01,3,,-48.7094277114846
colosseum,3,successor_orc,0.9513847267794202,5.1,863.13,,d6-c1-n0.01-m3,6,1,0.01,3,,-48.7094277114846
colosseum,4,dc2,0.0106797218322753,13.25,,,d6-c1-n0.01-m4,6,1,0.01,4,,-43.10772233724221
colosseum,4,dc_wasserstein_ollivier,0.6890472769737244,3.13,,,d6-c1-n0.01-m4,6,1,0.01,4,,-43.10772233724221
colosseum,4,dc_entropic_subtraction,4.550634860992432,2.64,,,d6-c1-n0.01-m4,6,1,0.01,4,,-43.10772233724221
colosseum,4,hickock,20.326542006841155,49.79,,,d6-c1-n0.01-m4,6,1,0.01,4,,-43.10772233724221
colosseum,4,frc_weighted_adaptive,-77.00160346842983,1.16,,,d6-c1-n0.01-m4,6,1,0.01,4,,-43.10772233724221
colosseum,4,frc_unweighted_knn,-15.285714285714286,0.35,,,d6-c1-n0.01-m4,6,1,0.01,4,,-43.10772233724221
colosseum,4,orc,-0.3673000217568036,7.84,,,d6-c1-n0.01-m4,6,1,0.01,4,,-43.10772233724221
colosseum,4,spc_hop,,0.0,,,d6-c1-n0.01-m4,6,1,0.01,4,,-43.10772233724221
colosseum,4,spc_diffusion_t5,,0.0,,,d6-c1-n0.01-m4,6,1,0.01,4,,-43.10772233724221
colosseum,4,laziness_knn_t5,-6.615957260131836,0.73,,,d6-c1-n0.01-m4,6,1,0.01,4,,-43.10772233724221
colosseum,4,laziness_adaptive_t5,-6.587141036987305,0.79,,,d6-c1-n0.01-m4,6,1,0.01,4,,-43.10772233724221
colosseum,4,successor_entropy,-1.531216494518953,0.05,863.45,,d6-c1-n0.01-m4,6,1,0.01,4,,-43.10772233724221
colosseum,4,successor_orc,0.952982234776277,5.24,863.45,,d6-c1-n0.01-m4,6,1,0.01,4,,-43.10772233724221
colosseum,5,dc2,0.1020765304565429,13.71,,,d6-c1-n0.01-m5,6,1,0.01,5,,-33.24865122554962
colosseum,5,dc_wasserstein_ollivier,0.555266261100769,3.27,,,d6-c1-n0.01-m5,6,1,0.01,5,,-33.24865122554962
colosseum,5,dc_entropic_subtraction,3.385483264923096,2.74,,,d6-c1-n0.01-m5,6,1,0.01,5,,-33.24865122554962
colosseum,5,hickock,20.368475573984703,56.2,,,d6-c1-n0.01-m5,6,1,0.01,5,,-33.24865122554962
colosseum,5,frc_weighted_adaptive,-69.10019201839923,1.13,,,d6-c1-n0.01-m5,6,1,0.01,5,,-33.24865122554962
colosseum,5,frc_unweighted_knn,-8.909090909090908,0.36,,,d6-c1-n0.01-m5,6,1,0.01,5,,-33.24865122554962
colosseum,5,orc,-0.2269926152888134,7.38,,,d6-c1-n0.01-m5,6,1,0.01,5,,-33.24865122554962
colosseum,5,spc_hop,,0.0,,,d6-c1-n0.01-m5,6,1,0.01,5,,-33.24865122554962
colosseum,5,spc_diffusion_t5,,0.0,,,d6-c1-n0.01-m5,6,1,0.01,5,,-33.24865122554962
colosseum,5,laziness_knn_t5,-6.507305145263672,1.07,,,d6-c1-n0.01-m5,6,1,0.01,5,,-33.24865122554962
colosseum,5,laziness_adaptive_t5,-6.503420829772949,0.82,,,d6-c1-n0.01-m5,6,1,0.01,5,,-33.24865122554962
colosseum,5,successor_entropy,-1.4672431667195631,0.05,853.49,,d6-c1-n0.01-m5,6,1,0.01,5,,-33.24865122554962
colosseum,5,successor_orc,0.9542883577847484,5.62,853.49,,d6-c1-n0.01-m5,6,1,0.01,5,,-33.24865122554962
colosseum,6,dc2,-0.030278205871582,12.99,,,d6-c1-n0.01-m6,6,1,0.01,6,,-12.498161946911964
colosseum,6,dc_wasserstein_ollivier,0.5485044121742249,3.33,,,d6-c1-n0.01-m6,6,1,0.01,6,,-12.498161946911964
colosseum,6,dc_entropic_subtraction,3.687239646911621,2.79,,,d6-c1-n0.01-m6,6,1,0.01,6,,-12.498161946911964
colosseum,6,hickock,21.315186646000257,57.75,,,d6-c1-n0.01-m6,6,1,0.01,6,,-12.498161946911964
colosseum,6,frc_weighted_adaptive,-108.95920012813296,1.19,,,d6-c1-n0.01-m6,6,1,0.01,6,,-12.498161946911964
colosseum,6,frc_unweighted_knn,-18.5,0.36,,,d6-c1-n0.01-m6,6,1,0.01,6,,-12.498161946911964
colosseum,6,orc,-0.3918584072545205,7.83,,,d6-c1-n0.01-m6,6,1,0.01,6,,-12.498161946911964
colosseum,6,spc_hop,,0.0,,,d6-c1-n0.01-m6,6,1,0.01,6,,-12.498161946911964
colosseum,6,spc_diffusion_t5,,0.0,,,d6-c1-n0.01-m6,6,1,0.01,6,,-12.498161946911964
colosseum,6,laziness_knn_t5,-6.677300453186035,0.73,,,d6-c1-n0.01-m6,6,1,0.01,6,,-12.498161946911964
colosseum,6,laziness_adaptive_t5,-6.604694366455078,0.76,,,d6-c1-n0.01-m6,6,1,0.01,6,,-12.498161946911964
colosseum,6,successor_entropy,-1.5978966363493043,0.05,872.91,,d6-c1-n0.01-m6,6,1,0.01,6,,-12.498161946911964
colosseum,6,successor_orc,0.9518245820130956,5.43,872.91,,d6-c1-n0.01-m6,6,1,0.01,6,,-12.498161946911964
colosseum,7,dc2,0.0907330513000488,13.84,,,d6-c1-n0.01-m7,6,1,0.01,7,,-41.41827109076535
colosseum,7,dc_wasserstein_ollivier,0.591583251953125,3.18,,,d6-c1-n0.01-m7,6,1,0.01,7,,-41.41827109076535
colosseum,7,dc_entropic_subtraction,4.025234222412109,2.67,,,d6-c1-n0.01-m7,6,1,0.01,7,,-41.41827109076535
colosseum,7,hickock,20.527833711521343,56.46,,,d6-c1-n0.01-m7,6,1,0.01,7,,-41.41827109076535
colosseum,7,frc_weighted_adaptive,-125.71945940120224,1.16,,,d6-c1-n0.01-m7,6,1,0.01,7,,-41.41827109076535
colosseum,7,frc_unweighted_knn,-12.363636363636363,0.36,,,d6-c1-n0.01-m7,6,1,0.01,7,,-41.41827109076535
colosseum,7,orc,-0.310274142430864,7.98,,,d6-c1-n0.01-m7,6,1,0.01,7,,-41.41827109076535
colosseum,7,spc_hop,,0.0,,,d6-c1-n0.01-m7,6,1,0.01,7,,-41.41827109076535
colosseum,7,spc_diffusion_t5,,0.0,,,d6-c1-n0.01-m7,6,1,0.01,7,,-41.41827109076535
colosseum,7,laziness_knn_t5,-6.724407196044922,0.75,,,d6-c1-n0.01-m7,6,1,0.01,7,,-41.41827109076535
colosseum,7,laziness_adaptive_t5,-6.697267532348633,0.78,,,d6-c1-n0.01-m7,6,1,0.01,7,,-41.41827109076535
colosseum,7,successor_entropy,-1.6540964520641912,0.05,862.51,,d6-c1-n0.01-m7,6,1,0.01,7,,-41.41827109076535
colosseum,7,successor_orc,0.9509847271218504,5.54,862.51,,d6-c1-n0.01-m7,6,1,0.01,7,,-41.41827109076535
colosseum,8,dc2,0.1333098411560058,12.93,,,d6-c1-n0.01-m8,6,1,0.01,8,,-47.09916524991441
colosseum,8,dc_wasserstein_ollivier,0.7434666156768799,3.57,,,d6-c1-n0.01-m8,6,1,0.01,8,,-47.09916524991441
colosseum,8,dc_entropic_subtraction,4.902107238769531,2.77,,,d6-c1-n0.01-m8,6,1,0.01,8,,-47.09916524991441
colosseum,8,hickock,21.070627734825603,57.08,,,d6-c1-n0.01-m8,6,1,0.01,8,,-47.09916524991441
colosseum,8,frc_weighted_adaptive,-159.08809319191946,1.12,,,d6-c1-n0.01-m8,6,1,0.01,8,,-47.09916524991441
colosseum,8,frc_unweighted_knn,-12.5,0.36,,,d6-c1-n0.01-m8,6,1,0.01,8,,-47.09916524991441
colosseum,8,orc,-0.3636239537895175,7.67,,,d6-c1-n0.01-m8,6,1,0.01,8,,-47.09916524991441
colosseum,8,spc_hop,,0.0,,,d6-c1-n0.01-m8,6,1,0.01,8,,-47.09916524991441
colosseum,8,spc_diffusion_t5,,0.0,,,d6-c1-n0.01-m8,6,1,0.01,8,,-47.09916524991441
colosseum,8,laziness_knn_t5,-6.534904479980469,0.72,,,d6-c1-n0.01-m8,6,1,0.01,8,,-47.09916524991441
colosseum,8,laziness_adaptive_t5,-6.531001091003418,0.76,,,d6-c1-n0.01-m8,6,1,0.01,8,,-47.09916524991441
colosseum,8,successor_entropy,-1.507153037834602,0.05,856.42,,d6-c1-n0.01-m8,6,1,0.01,8,,-47.09916524991441
colosseum,8,successor_orc,0.9530504331624764,5.37,856.42,,d6-c1-n0.01-m8,6,1,0.01,8,,-47.09916524991441
colosseum,9,dc2,-0.3789854049682617,12.55,,,d6-c1-n0.01-m9,6,1,0.01,9,,-80.14605745919445
colosseum,9,dc_wasserstein_ollivier,0.7739881873130798,3.51,,,d6-c1-n0.01-m9,6,1,0.01,9,,-80.14605745919445
colosseum,9,dc_entropic_subtraction,5.246501922607422,2.69,,,d6-c1-n0.01-m9,6,1,0.01,9,,-80.14605745919445
colosseum,9,hickock,21.53906318190906,56.71,,,d6-c1-n0.01-m9,6,1,0.01,9,,-80.14605745919445
colosseum,9,frc_weighted_adaptive,-128.60565094730197,1.04,,,d6-c1-n0.01-m9,6,1,0.01,9,,-80.14605745919445
colosseum,9,frc_unweighted_knn,-17.083333333333332,0.34,,,d6-c1-n0.01-m9,6,1,0.01,9,,-80.14605745919445
colosseum,9,orc,-0.4673166066060597,7.35,,,d6-c1-n0.01-m9,6,1,0.01,9,,-80.14605745919445
colosseum,9,spc_hop,,0.0,,,d6-c1-n0.01-m9,6,1,0.01,9,,-80.14605745919445
colosseum,9,spc_diffusion_t5,,0.0,,,d6-c1-n0.01-m9,6,1,0.01,9,,-80.14605745919445
colosseum,9,laziness_knn_t5,-6.849070549011231,0.73,,,d6-c1-n0.01-m9,6,1,0.01,9,,-80.14605745919445
colosseum,9,laziness_adaptive_t5,-6.821800231933594,0.78,,,d6-c1-n0.01-m9,6,1,0.01,9,,-80.14605745919445
colosseum,9,successor_entropy,-1.6477309864362082,0.05,860.03,,d6-c1-n0.01-m9,6,1,0.01,9,,-80.14605745919445
colosseum,9,successor_orc,0.9526084750419562,6.26,860.03,,d6-c1-n0.01-m9,6,1,0.01,9,,-80.14605745919445
colosseum,10,dc2,-0.4857931137084961,12.53,,,d6-c1-n0.01-m10,6,1,0.01,10,,-49.74279362722958
colosseum,10,dc_wasserstein_ollivier,0.7965602874755859,3.29,,,d6-c1-n0.01-m10,6,1,0.01,10,,-49.74279362722958
colosseum,10,dc_entropic_subtraction,5.475296497344971,3.03,,,d6-c1-n0.01-m10,6,1,0.01,10,,-49.74279362722958
colosseum,10,hickock,21.314859569750595,55.4,,,d6-c1-n0.01-m10,6,1,0.01,10,,-49.74279362722958
colosseum,10,frc_weighted_adaptive,-124.98010664638254,1.14,,,d6-c1-n0.01-m10,6,1,0.01,10,,-49.74279362722958
colosseum,10,frc_unweighted_knn,-16.3,0.36,,,d6-c1-n0.01-m10,6,1,0.01,10,,-49.74279362722958
colosseum,10,orc,-0.3889735859259638,7.35,,,d6-c1-n0.01-m10,6,1,0.01,10,,-49.74279362722958
colosseum,10,spc_hop,,0.0,,,d6-c1-n0.01-m10,6,1,0.01,10,,-49.74279362722958
colosseum,10,spc_diffusion_t5,,0.0,,,d6-c1-n0.01-m10,6,1,0.01,10,,-49.74279362722958
colosseum,10,laziness_knn_t5,-6.744762897491455,0.74,,,d6-c1-n0.01-m10,6,1,0.01,10,,-49.74279362722958
colosseum,10,laziness_adaptive_t5,-6.749926567077637,0.8,,,d6-c1-n0.01-m10,6,1,0.01,10,,-49.74279362722958
colosseum,10,successor_entropy,-1.6256514199089918,0.05,858.74,,d6-c1-n0.01-m10,6,1,0.01,10,,-49.74279362722958
colosseum,10,successor_orc,0.9500016139530691,5.27,858.74,,d6-c1-n0.01-m10,6,1,0.01,10,,-49.74279362722958
colosseum,11,dc2,-0.0812296867370605,13.92,,,d6-c1-n0.01-m11,6,1,0.01,11,,-40.62024767063508
colosseum,11,dc_wasserstein_ollivier,0.6773257255554199,3.29,,,d6-c1-n0.01-m11,6,1,0.01,11,,-40.62024767063508
colosseum,11,dc_entropic_subtraction,4.490633964538574,2.77,,,d6-c1-n0.01-m11,6,1,0.01,11,,-40.62024767063508
colosseum,11,hickock,20.844293069929837,58.24,,,d6-c1-n0.01-m11,6,1,0.01,11,,-40.62024767063508
colosseum,11,frc_weighted_adaptive,-138.0139772352271,1.45,,,d6-c1-n0.01-m11,6,1,0.01,11,,-40.62024767063508
colosseum,11,frc_unweighted_knn,-12.7,0.37,,,d6-c1-n0.01-m11,6,1,0.01,11,,-40.62024767063508
colosseum,11,orc,-0.3543269257390677,7.37,,,d6-c1-n0.01-m11,6,1,0.01,11,,-40.62024767063508
colosseum,11,spc_hop,,0.0,,,d6-c1-n0.01-m11,6,1,0.01,11,,-40.62024767063508
colosseum,11,spc_diffusion_t5,,0.0,,,d6-c1-n0.01-m11,6,1,0.01,11,,-40.62024767063508
colosseum,11,laziness_knn_t5,-6.7546868324279785,0.74,,,d6-c1-n0.01-m11,6,1,0.01,11,,-40.62024767063508
colosseum,11,laziness_adaptive_t5,-6.778562545776367,0.77,,,d6-c1-n0.01-m11,6,1,0.01,11,,-40.62024767063508
colosseum,11,successor_entropy,-1.5525609351911116,0.05,861.23,,d6-c1-n0.01-m11,6,1,0.01,11,,-40.62024767063508
colosseum,11,successor_orc,0.951687485648192,5.36,861.23,,d6-c1-n0.01-m11,6,1,0.01,11,,-40.62024767063508
colosseum,12,dc2,-0.2920436859130859,12.9,,,d6-c1-n0.01-m12,6,1,0.01,12,,-53.0752047896202
colosseum,12,dc_wasserstein_ollivier,0.6890544891357422,3.12,,,d6-c1-n0.01-m12,6,1,0.01,12,,-53.0752047896202
colosseum,12,dc_entropic_subtraction,4.498769283294678,2.67,,,d6-c1-n0.01-m12,6,1,0.01,12,,-53.0752047896202
colosseum,12,hickock,20.22031977752013,57.9,,,d6-c1-n0.01-m12,6,1,0.01,12,,-53.0752047896202
colosseum,12,frc_weighted_adaptive,-91.56250776388192,1.1,,,d6-c1-n0.01-m12,6,1,0.01,12,,-53.0752047896202
colosseum,12,frc_unweighted_knn,-14.25,0.36,,,d6-c1-n0.01-m12,6,1,0.01,12,,-53.0752047896202
colosseum,12,orc,-0.3022189799873765,7.72,,,d6-c1-n0.01-m12,6,1,0.01,12,,-53.0752047896202
colosseum,12,spc_hop,,0.0,,,d6-c1-n0.01-m12,6,1,0.01,12,,-53.0752047896202
colosseum,12,spc_diffusion_t5,,0.0,,,d6-c1-n0.01-m12,6,1,0.01,12,,-53.0752047896202
colosseum,12,laziness_knn_t5,-6.689552307128906,0.75,,,d6-c1-n0.01-m12,6,1,0.01,12,,-53.0752047896202
colosseum,12,laziness_adaptive_t5,-6.682316303253174,0.77,,,d6-c1-n0.01-m12,6,1,0.01,12,,-53.0752047896202
colosseum,12,successor_entropy,-1.578321476698698,0.05,867.07,,d6-c1-n0.01-m12,6,1,0.01,12,,-53.0752047896202
colosseum,12,successor_orc,0.952771093470398,5.54,867.07,,d6-c1-n0.01-m12,6,1,0.01,12,,-53.0752047896202
colosseum,13,dc2,-0.2758188247680664,13.49,,,d6-c1-n0.01-m13,6,1,0.01,13,,33.39329791193908
colosseum,13,dc_wasserstein_ollivier,0.7432198524475098,3.11,,,d6-c1-n0.01-m13,6,1,0.01,13,,33.39329791193908
colosseum,13,dc_entropic_subtraction,5.003920078277588,2.66,,,d6-c1-n0.01-m13,6,1,0.01,13,,33.39329791193908
colosseum,13,hickock,21.29782653990312,56.53,,,d6-c1-n0.01-m13,6,1,0.01,13,,33.39329791193908
colosseum,13,frc_weighted_adaptive,-116.36876680501196,1.1,,,d6-c1-n0.01-m13,6,1,0.01,13,,33.39329791193908
colosseum,13,frc_unweighted_knn,-16.307692307692307,0.37,,,d6-c1-n0.01-m13,6,1,0.01,13,,33.39329791193908
colosseum,13,orc,-0.304536143402355,7.76,,,d6-c1-n0.01-m13,6,1,0.01,13,,33.39329791193908
colosseum,13,spc_hop,,0.0,,,d6-c1-n0.01-m13,6,1,0.01,13,,33.39329791193908
colosseum,13,spc_diffusion_t5,,0.0,,,d6-c1-n0.01-m13,6,1,0.01,13,,33.39329791193908
colosseum,13,laziness_knn_t5,-6.569788455963135,0.75,,,d6-c1-n0.01-m13,6,1,0.01,13,,33.39329791193908
colosseum,13,laziness_adaptive_t5,-6.545308589935303,0.8,,,d6-c1-n0.01-m13,6,1,0.01,13,,33.39329791193908
colosseum,13,successor_entropy,-1.434021599294191,0.05,850.44,,d6-c1-n0.01-m13,6,1,0.01,13,,33.39329791193908
colosseum,13,successor_orc,0.951592298533654,5.43,850.44,,d6-c1-n0.01-m13,6,1,0.01,13,,33.39329791193908
colosseum,14,dc2,-0.1953868865966797,13.62,,,d6-c1-n0.01-m14,6,1,0.01,14,,-19.58758800660779
colosseum,14,dc_wasserstein_ollivier,0.7340835928916931,3.23,,,d6-c1-n0.01-m14,6,1,0.01,14,,-19.58758800660779
colosseum,14,dc_entropic_subtraction,5.067826747894287,2.72,,,d6-c1-n0.01-m14,6,1,0.01,14,,-19.58758800660779
colosseum,14,hickock,21.68952583062152,55.51,,,d6-c1-n0.01-m14,6,1,0.01,14,,-19.58758800660779
colosseum,14,frc_weighted_adaptive,-103.49091477877867,1.1,,,d6-c1-n0.01-m14,6,1,0.01,14,,-19.58758800660779
colosseum,14,frc_unweighted_knn,-14.846153846153848,0.36,,,d6-c1-n0.01-m14,6,1,0.01,14,,-19.58758800660779
colosseum,14,orc,-0.2898339591880898,7.47,,,d6-c1-n0.01-m14,6,1,0.01,14,,-19.58758800660779
colosseum,14,spc_hop,,0.0,,,d6-c1-n0.01-m14,6,1,0.01,14,,-19.58758800660779
colosseum,14,spc_diffusion_t5,,0.0,,,d6-c1-n0.01-m14,6,1,0.01,14,,-19.58758800660779
colosseum,14,laziness_knn_t5,-6.6638593673706055,1.05,,,d6-c1-n0.01-m14,6,1,0.01,14,,-19.58758800660779
colosseum,14,laziness_adaptive_t5,-6.657938957214356,0.82,,,d6-c1-n0.01-m14,6,1,0.01,14,,-19.58758800660779
colosseum,14,successor_entropy,-1.590066425394577,0.05,857.87,,d6-c1-n0.01-m14,6,1,0.01,14,,-19.58758800660779
colosseum,14,successor_orc,0.9479489084161914,7.29,857.87,,d6-c1-n0.01-m14,6,1,0.01,14,,-19.58758800660779
colosseum,15,dc2,0.0337419509887695,12.73,,,d6-c1-n0.01-m15,6,1,0.01,15,,12.02573518744014
colosseum,15,dc_wasserstein_ollivier,0.7293508052825928,3.32,,,d6-c1-n0.01-m15,6,1,0.01,15,,12.02573518744014
colosseum,15,dc_entropic_subtraction,4.60978889465332,2.8,,,d6-c1-n0.01-m15,6,1,0.01,15,,12.02573518744014
colosseum,15,hickock,20.87705302064933,56.19,,,d6-c1-n0.01-m15,6,1,0.01,15,,12.02573518744014
colosseum,15,frc_weighted_adaptive,-197.84624684800093,1.08,,,d6-c1-n0.01-m15,6,1,0.01,15,,12.02573518744014
colosseum,15,frc_unweighted_knn,-15.333333333333334,0.34,,,d6-c1-n0.01-m15,6,1,0.01,15,,12.02573518744014
colosseum,15,orc,-0.273131860851956,7.15,,,d6-c1-n0.01-m15,6,1,0.01,15,,12.02573518744014
colosseum,15,spc_hop,,0.0,,,d6-c1-n0.01-m15,6,1,0.01,15,,12.02573518744014
colosseum,15,spc_diffusion_t5,,0.0,,,d6-c1-n0.01-m15,6,1,0.01,15,,12.02573518744014
colosseum,15,laziness_knn_t5,-6.539952754974365,0.72,,,d6-c1-n0.01-m15,6,1,0.01,15,,12.02573518744014
colosseum,15,laziness_adaptive_t5,-6.557347774505615,0.81,,,d6-c1-n0.01-m15,6,1,0.01,15,,12.02573518744014
colosseum,15,successor_entropy,-1.4986898546079173,0.05,852.06,,d6-c1-n0.01-m15,6,1,0.01,15,,12.02573518744014
colosseum,15,successor_orc,0.9506092518763204,6.95,852.06,,d6-c1-n0.01-m15,6,1,0.01,15,,12.02573518744014
colosseum,16,dc2,-0.0048980712890625,13.75,,,d6-c1-n0.01-m16,6,1,0.01,16,,-27.828061448205577
colosseum,16,dc_wasserstein_ollivier,0.72395259141922,3.2,,,d6-c1-n0.01-m16,6,1,0.01,16,,-27.828061448205577
colosseum,16,dc_entropic_subtraction,4.876503944396973,2.77,,,d6-c1-n0.01-m16,6,1,0.01,16,,-27.828061448205577
colosseum,16,hickock,21.56394418790492,57.07,,,d6-c1-n0.01-m16,6,1,0.01,16,,-27.828061448205577
colosseum,16,frc_weighted_adaptive,-178.33723987789196,1.12,,,d6-c1-n0.01-m16,6,1,0.01,16,,-27.828061448205577
colosseum,16,frc_unweighted_knn,-15.6,0.36,,,d6-c1-n0.01-m16,6,1,0.01,16,,-27.828061448205577
colosseum,16,orc,-0.3597785710868139,8.01,,,d6-c1-n0.01-m16,6,1,0.01,16,,-27.828061448205577
colosseum,16,spc_hop,,0.0,,,d6-c1-n0.01-m16,6,1,0.01,16,,-27.828061448205577
colosseum,16,spc_diffusion_t5,,0.0,,,d6-c1-n0.01-m16,6,1,0.01,16,,-27.828061448205577
colosseum,16,laziness_knn_t5,-6.7219085693359375,0.74,,,d6-c1-n0.01-m16,6,1,0.01,16,,-27.828061448205577
colosseum,16,laziness_adaptive_t5,-6.69305419921875,0.77,,,d6-c1-n0.01-m16,6,1,0.01,16,,-27.828061448205577
colosseum,16,successor_entropy,-1.4758548264654043,0.05,870.23,,d6-c1-n0.01-m16,6,1,0.01,16,,-27.828061448205577
colosseum,16,successor_orc,0.9519346882497204,5.9,870.23,,d6-c1-n0.01-m16,6,1,0.01,16,,-27.828061448205577
colosseum,17,dc2,0.0281348228454589,12.7,,,d6-c1-n0.01-m17,6,1,0.01,17,,-38.34056961607724
colosseum,17,dc_wasserstein_ollivier,0.6798474788665771,3.38,,,d6-c1-n0.01-m17,6,1,0.01,17,,-38.34056961607724
colosseum,17,dc_entropic_subtraction,4.611260414123535,2.75,,,d6-c1-n0.01-m17,6,1,0.01,17,,-38.34056961607724
colosseum,17,hickock,21.100457883955418,55.89,,,d6-c1-n0.01-m17,6,1,0.01,17,,-38.34056961607724
colosseum,17,frc_weighted_adaptive,-97.44440183513346,1.13,,,d6-c1-n0.01-m17,6,1,0.01,17,,-38.34056961607724
colosseum,17,frc_unweighted_knn,-16.083333333333332,0.35,,,d6-c1-n0.01-m17,6,1,0.01,17,,-38.34056961607724
colosseum,17,orc,-0.3617275796809511,7.81,,,d6-c1-n0.01-m17,6,1,0.01,17,,-38.34056961607724
colosseum,17,spc_hop,,0.0,,,d6-c1-n0.01-m17,6,1,0.01,17,,-38.34056961607724
colosseum,17,spc_diffusion_t5,,0.0,,,d6-c1-n0.01-m17,6,1,0.01,17,,-38.34056961607724
colosseum,17,laziness_knn_t5,-6.72938346862793,0.75,,,d6-c1-n0.01-m17,6,1,0.01,17,,-38.34056961607724
colosseum,17,laziness_adaptive_t5,-6.74378776550293,0.78,,,d6-c1-n0.01-m17,6,1,0.01,17,,-38.34056961607724
colosseum,17,successor_entropy,-1.5475075746045135,0.05,851.05,,d6-c1-n0.01-m17,6,1,0.01,17,,-38.34056961607724
colosseum,17,successor_orc,0.9514079891315794,5.28,851.05,,d6-c1-n0.01-m17,6,1,0.01,17,,-38.34056961607724
colosseum,18,dc2,-0.1760139465332031,13.88,,,d6-c1-n0.01-m18,6,1,0.01,18,,-29.080022719426484
colosseum,18,dc_wasserstein_ollivier,0.5922980308532715,3.59,,,d6-c1-n0.01-m18,6,1,0.01,18,,-29.080022719426484
colosseum,18,dc_entropic_subtraction,3.828918218612671,2.77,,,d6-c1-n0.01-m18,6,1,0.01,18,,-29.080022719426484
colosseum,18,hickock,20.352952790094484,58.23,,,d6-c1-n0.01-m18,6,1,0.01,18,,-29.080022719426484
colosseum,18,frc_weighted_adaptive,-97.9720670474304,1.12,,,d6-c1-n0.01-m18,6,1,0.01,18,,-29.080022719426484
colosseum,18,frc_unweighted_knn,-16.571428571428573,0.35,,,d6-c1-n0.01-m18,6,1,0.01,18,,-29.080022719426484
colosseum,18,orc,-0.3607779088163416,7.71,,,d6-c1-n0.01-m18,6,1,0.01,18,,-29.080022719426484
colosseum,18,spc_hop,,0.0,,,d6-c1-n0.01-m18,6,1,0.01,18,,-29.080022719426484
colosseum,18,spc_diffusion_t5,,0.0,,,d6-c1-n0.01-m18,6,1,0.01,18,,-29.080022719426484
colosseum,18,laziness_knn_t5,-6.787712097167969,0.74,,,d6-c1-n0.01-m18,6,1,0.01,18,,-29.080022719426484
colosseum,18,laziness_adaptive_t5,-6.749392986297607,0.78,,,d6-c1-n0.01-m18,6,1,0.01,18,,-29.080022719426484
colosseum,18,successor_entropy,-1.6014624271554252,0.05,854.85,,d6-c1-n0.01-m18,6,1,0.01,18,,-29.080022719426484
colosseum,18,successor_orc,0.950986842194192,5.6,854.85,,d6-c1-n0.01-m18,6,1,0.01,18,,-29.080022719426484
colosseum,19,dc2,-0.2435302734375,13.53,,,d6-c1-n0.01-m19,6,1,0.01,19,,-35.19377238044922
colosseum,19,dc_wasserstein_ollivier,0.4922343492507934,3.26,,,d6-c1-n0.01-m19,6,1,0.01,19,,-35.19377238044922
colosseum,19,dc_entropic_subtraction,3.4651193618774414,2.89,,,d6-c1-n0.01-m19,6,1,0.01,19,,-35.19377238044922
colosseum,19,hickock,20.31390013183656,57.96,,,d6-c1-n0.01-m19,6,1,0.01,19,,-35.19377238044922
colosseum,19,frc_weighted_adaptive,-127.50310164573902,1.12,,,d6-c1-n0.01-m19,6,1,0.01,19,,-35.19377238044922
colosseum,19,frc_unweighted_knn,-10.7,0.34,,,d6-c1-n0.01-m19,6,1,0.01,19,,-35.19377238044922
colosseum,19,orc,-0.3174915147093091,7.21,,,d6-c1-n0.01-m19,6,1,0.01,19,,-35.19377238044922
colosseum,19,spc_hop,,0.0,,,d6-c1-n0.01-m19,6,1,0.01,19,,-35.19377238044922
colosseum,19,spc_diffusion_t5,,0.0,,,d6-c1-n0.01-m19,6,1,0.01,19,,-35.19377238044922
colosseum,19,laziness_knn_t5,-6.658225059509277,0.74,,,d6-c1-n0.01-m19,6,1,0.01,19,,-35.19377238044922
colosseum,19,laziness_adaptive_t5,-6.674825191497803,0.74,,,d6-c1-n0.01-m19,6,1,0.01,19,,-35.19377238044922
colosseum,19,successor_entropy,-1.5493603837848642,0.05,858.47,,d6-c1-n0.01-m19,6,1,0.01,19,,-35.19377238044922
colosseum,19,successor_orc,0.952460365021244,5.68,858.47,,d6-c1-n0.01-m19,6,1,0.01,19,,-35.19377238044922
colosseum,20,dc2,0.2796688079833984,13.69,,,d6-c1-n0.01-m20,6,1,0.01,20,,-10.54262834781658
colosseum,20,dc_wasserstein_ollivier,0.6824383735656738,3.31,,,d6-c1-n0.01-m20,6,1,0.01,20,,-10.54262834781658
colosseum,20,dc_entropic_subtraction,4.100020408630371,2.8,,,d6-c1-n0.01-m20,6,1,0.01,20,,-10.54262834781658
colosseum,20,hickock,20.227679030843905,58.37,,,d6-c1-n0.01-m20,6,1,0.01,20,,-10.54262834781658
colosseum,20,frc_weighted_adaptive,-92.69381171300954,1.41,,,d6-c1-n0.01-m20,6,1,0.01,20,,-10.54262834781658
colosseum,20,frc_unweighted_knn,-11.083333333333334,0.36,,,d6-c1-n0.01-m20,6,1,0.01,20,,-10.54262834781658
colosseum,20,orc,-0.2715368303938245,7.4,,,d6-c1-n0.01-m20,6,1,0.01,20,,-10.54262834781658
colosseum,20,spc_hop,,0.0,,,d6-c1-n0.01-m20,6,1,0.01,20,,-10.54262834781658
colosseum,20,spc_diffusion_t5,,0.0,,,d6-c1-n0.01-m20,6,1,0.01,20,,-10.54262834781658
colosseum,20,laziness_knn_t5,-6.196195125579834,0.77,,,d6-c1-n0.01-m20,6,1,0.01,20,,-10.54262834781658
colosseum,20,laziness_adaptive_t5,-6.199752807617188,0.73,,,d6-c1-n0.01-m20,6,1,0.01,20,,-10.54262834781658
colosseum,20,successor_entropy,-1.4590451000029376,0.05,810.5,,d6-c1-n0.01-m20,6,1,0.01,20,,-10.54262834781658
colosseum,20,successor_orc,0.9527348678536716,5.24,810.5,,d6-c1-n0.01-m20,6,1,0.01,20,,-10.54262834781658
colosseum,21,dc2,0.2156639099121093,12.03,,,d6-c1-n0.01-m21,6,1,0.01,21,,-16.323053399773727
colosseum,21,dc_wasserstein_ollivier,0.7321714162826538,3.07,,,d6-c1-n0.01-m21,6,1,0.01,21,,-16.323053399773727
colosseum,21,dc_entropic_subtraction,4.548840045928955,2.57,,,d6-c1-n0.01-m21,6,1,0.01,21,,-16.323053399773727
colosseum,21,hickock,20.503341173884557,55.65,,,d6-c1-n0.01-m21,6,1,0.01,21,,-16.323053399773727
colosseum,21,frc_weighted_adaptive,-92.20979578040632,1.37,,,d6-c1-n0.01-m21,6,1,0.01,21,,-16.323053399773727
colosseum,21,frc_unweighted_knn,-11.153846153846152,0.34,,,d6-c1-n0.01-m21,6,1,0.01,21,,-16.323053399773727
colosseum,21,orc,-0.2560718461686363,7.1,,,d6-c1-n0.01-m21,6,1,0.01,21,,-16.323053399773727
colosseum,21,spc_hop,,0.0,,,d6-c1-n0.01-m21,6,1,0.01,21,,-16.323053399773727
colosseum,21,spc_diffusion_t5,,0.0,,,d6-c1-n0.01-m21,6,1,0.01,21,,-16.323053399773727
colosseum,21,laziness_knn_t5,-6.409755706787109,0.71,,,d6-c1-n0.01-m21,6,1,0.01,21,,-16.323053399773727
colosseum,21,laziness_adaptive_t5,-6.347935199737549,0.77,,,d6-c1-n0.01-m21,6,1,0.01,21,,-16.323053399773727
colosseum,21,successor_entropy,-1.4102527916702674,0.05,789.31,,d6-c1-n0.01-m21,6,1,0.01,21,,-16.323053399773727
colosseum,21,successor_orc,0.9543223361573708,6.46,789.31,,d6-c1-n0.01-m21,6,1,0.01,21,,-16.323053399773727
colosseum,22,dc2,-0.5385255813598633,12.23,,,d6-c1-n0.01-m22,6,1,0.01,22,,32.45617598256756
colosseum,22,dc_wasserstein_ollivier,0.6803407669067383,3.08,,,d6-c1-n0.01-m22,6,1,0.01,22,,32.45617598256756
colosseum,22,dc_entropic_subtraction,3.9719557762146,2.62,,,d6-c1-n0.01-m22,6,1,0.01,22,,32.45617598256756
colosseum,22,hickock,20.73719076199024,56.22,,,d6-c1-n0.01-m22,6,1,0.01,22,,32.45617598256756
colosseum,22,frc_weighted_adaptive,-137.2081803003872,1.06,,,d6-c1-n0.01-m22,6,1,0.01,22,,32.45617598256756
colosseum,22,frc_unweighted_knn,-12.583333333333334,0.33,,,d6-c1-n0.01-m22,6,1,0.01,22,,32.45617598256756
colosseum,22,orc,-0.2633896627047847,7.7,,,d6-c1-n0.01-m22,6,1,0.01,22,,32.45617598256756
colosseum,22,spc_hop,,0.0,,,d6-c1-n0.01-m22,6,1,0.01,22,,32.45617598256756
colosseum,22,spc_diffusion_t5,,0.0,,,d6-c1-n0.01-m22,6,1,0.01,22,,32.45617598256756
colosseum,22,laziness_knn_t5,-6.36779260635376,0.66,,,d6-c1-n0.01-m22,6,1,0.01,22,,32.45617598256756
colosseum,22,laziness_adaptive_t5,-6.331965446472168,0.7,,,d6-c1-n0.01-m22,6,1,0.01,22,,32.45617598256756
colosseum,22,successor_entropy,-1.5289476774836075,0.05,796.7,,d6-c1-n0.01-m22,6,1,0.01,22,,32.45617598256756
colosseum,22,successor_orc,0.9505897803214928,6.53,796.7,,d6-c1-n0.01-m22,6,1,0.01,22,,32.45617598256756
colosseum,23,dc2,-0.4452524185180664,11.53,,,d6-c1-n0.01-m23,6,1,0.01,23,,28.144178853122
colosseum,23,dc_wasserstein_ollivier,0.6703795194625854,2.96,,,d6-c1-n0.01-m23,6,1,0.01,23,,28.144178853122
colosseum,23,dc_entropic_subtraction,4.213257789611816,2.44,,,d6-c1-n0.01-m23,6,1,0.01,23,,28.144178853122
colosseum,23,hickock,20.408040866441198,55.38,,,d6-c1-n0.01-m23,6,1,0.01,23,,28.144178853122
colosseum,23,frc_weighted_adaptive,-122.39081814326111,1.07,,,d6-c1-n0.01-m23,6,1,0.01,23,,28.144178853122
colosseum,23,frc_unweighted_knn,-13.818181818181818,0.34,,,d6-c1-n0.01-m23,6,1,0.01,23,,28.144178853122
colosseum,23,orc,-0.3109948654941021,7.51,,,d6-c1-n0.01-m23,6,1,0.01,23,,28.144178853122
colosseum,23,spc_hop,,0.0,,,d6-c1-n0.01-m23,6,1,0.01,23,,28.144178853122
colosseum,23,spc_diffusion_t5,,0.0,,,d6-c1-n0.01-m23,6,1,0.01,23,,28.144178853122
colosseum,23,laziness_knn_t5,-6.482776641845703,0.69,,,d6-c1-n0.01-m23,6,1,0.01,23,,28.144178853122
colosseum,23,laziness_adaptive_t5,-6.485110759735107,0.72,,,d6-c1-n0.01-m23,6,1,0.01,23,,28.144178853122
colosseum,23,successor_entropy,-1.5559526846983935,0.05,816.53,,d6-c1-n0.01-m23,6,1,0.01,23,,28.144178853122
colosseum,23,successor_orc,0.9489603301250514,6.5,816.53,,d6-c1-n0.01-m23,6,1,0.01,23,,28.144178853122
colosseum,24,dc2,0.2337126731872558,11.85,,,d6-c1-n0.01-m24,6,1,0.01,24,,8.997503810741941
colosseum,24,dc_wasserstein_ollivier,0.6425389647483826,3.01,,,d6-c1-n0.01-m24,6,1,0.01,24,,8.997503810741941
colosseum,24,dc_entropic_subtraction,3.828435182571411,2.5,,,d6-c1-n0.01-m24,6,1,0.01,24,,8.997503810741941
colosseum,24,hickock,20.71328082073979,48.59,,,d6-c1-n0.01-m24,6,1,0.01,24,,8.997503810741941
colosseum,24,frc_weighted_adaptive,-82.16220158448363,1.02,,,d6-c1-n0.01-m24,6,1,0.01,24,,8.997503810741941
colosseum,24,frc_unweighted_knn,-14.923076923076923,0.34,,,d6-c1-n0.01-m24,6,1,0.01,24,,8.997503810741941
colosseum,24,orc,-0.3267795640505195,7.56,,,d6-c1-n0.01-m24,6,1,0.01,24,,8.997503810741941
colosseum,24,spc_hop,,0.0,,,d6-c1-n0.01-m24,6,1,0.01,24,,8.997503810741941
colosseum,24,spc_diffusion_t5,,0.0,,,d6-c1-n0.01-m24,6,1,0.01,24,,8.997503810741941
colosseum,24,laziness_knn_t5,-6.451976776123047,0.69,,,d6-c1-n0.01-m24,6,1,0.01,24,,8.997503810741941
colosseum,24,laziness_adaptive_t5,-6.409463882446289,0.71,,,d6-c1-n0.01-m24,6,1,0.01,24,,8.997503810741941
colosseum,24,successor_entropy,-1.555091598413053,0.05,806.66,,d6-c1-n0.01-m24,6,1,0.01,24,,8.997503810741941
colosseum,24,successor_orc,0.950394940665381,6.4,806.66,,d6-c1-n0.01-m24,6,1,0.01,24,,8.997503810741941
colosseum,25,dc2,0.0355963706970214,12.09,,,d6-c1-n0.01-m25,6,1,0.01,25,,8.662964692304083
colosseum,25,dc_wasserstein_ollivier,0.6877139806747437,2.98,,,d6-c1-n0.01-m25,6,1,0.01,25,,8.662964692304083
colosseum,25,dc_entropic_subtraction,4.276823997497559,2.45,,,d6-c1-n0.01-m25,6,1,0.01,25,,8.662964692304083
colosseum,25,hickock,20.54895264335389,54.27,,,d6-c1-n0.01-m25,6,1,0.01,25,,8.662964692304083
colosseum,25,frc_weighted_adaptive,-116.81325284717596,1.03,,,d6-c1-n0.01-m25,6,1,0.01,25,,8.662964692304083
colosseum,25,frc_unweighted_knn,-12.4,0.33,,,d6-c1-n0.01-m25,6,1,0.01,25,,8.662964692304083
colosseum,25,orc,-0.3213535737416931,7.33,,,d6-c1-n0.01-m25,6,1,0.01,25,,8.662964692304083
colosseum,25,spc_hop,,0.0,,,d6-c1-n0.01-m25,6,1,0.01,25,,8.662964692304083
colosseum,25,spc_diffusion_t5,,0.0,,,d6-c1-n0.01-m25,6,1,0.01,25,,8.662964692304083
colosseum,25,laziness_knn_t5,-6.472365379333496,0.69,,,d6-c1-n0.01-m25,6,1,0.01,25,,8.662964692304083
colosseum,25,laziness_adaptive_t5,-6.48459529876709,0.69,,,d6-c1-n0.01-m25,6,1,0.01,25,,8.662964692304083
colosseum,25,successor_entropy,-1.4433940530838445,0.04,800.98,,d6-c1-n0.01-m25,6,1,0.01,25,,8.662964692304083
colosseum,25,successor_orc,0.9526986144207056,6.15,800.98,,d6-c1-n0.01-m25,6,1,0.01,25,,8.662964692304083
colosseum,26,dc2,0.0835161209106445,11.64,,,d6-c1-n0.01-m26,6,1,0.01,26,,-47.454257260383415
colosseum,26,dc_wasserstein_ollivier,0.6565133333206177,3.21,,,d6-c1-n0.01-m26,6,1,0.01,26,,-47.454257260383415
colosseum,26,dc_entropic_subtraction,4.1650800704956055,2.46,,,d6-c1-n0.01-m26,6,1,0.01,26,,-47.454257260383415
colosseum,26,hickock,20.59659176908142,50.92,,,d6-c1-n0.01-m26,6,1,0.01,26,,-47.454257260383415
colosseum,26,frc_weighted_adaptive,-156.71350941283387,1.04,,,d6-c1-n0.01-m26,6,1,0.01,26,,-47.454257260383415
colosseum,26,frc_unweighted_knn,-12.076923076923077,0.34,,,d6-c1-n0.01-m26,6,1,0.01,26,,-47.454257260383415
colosseum,26,orc,-0.2540999353145484,7.31,,,d6-c1-n0.01-m26,6,1,0.01,26,,-47.454257260383415
colosseum,26,spc_hop,,0.0,,,d6-c1-n0.01-m26,6,1,0.01,26,,-47.454257260383415
colosseum,26,spc_diffusion_t5,,0.0,,,d6-c1-n0.01-m26,6,1,0.01,26,,-47.454257260383415
colosseum,26,laziness_knn_t5,-6.46812915802002,0.68,,,d6-c1-n0.01-m26,6,1,0.01,26,,-47.454257260383415
colosseum,26,laziness_adaptive_t5,-6.49287223815918,0.7,,,d6-c1-n0.01-m26,6,1,0.01,26,,-47.454257260383415
colosseum,26,successor_entropy,-1.4961488830081653,0.05,797.61,,d6-c1-n0.01-m26,6,1,0.01,26,,-47.454257260383415
colosseum,26,successor_orc,0.9518801538864996,5.81,797.61,,d6-c1-n0.01-m26,6,1,0.01,26,,-47.454257260383415
colosseum,27,dc2,-0.0842447280883789,11.72,,,d6-c1-n0.01-m27,6,1,0.01,27,,-30.03084789769936
colosseum,27,dc_wasserstein_ollivier,0.4055852890014648,3.3,,,d6-c1-n0.01-m27,6,1,0.01,27,,-30.03084789769936
colosseum,27,dc_entropic_subtraction,2.902047634124756,2.45,,,d6-c1-n0.01-m27,6,1,0.01,27,,-30.03084789769936
colosseum,27,hickock,20.60685407299945,53.87,,,d6-c1-n0.01-m27,6,1,0.01,27,,-30.03084789769936
colosseum,27,frc_weighted_adaptive,-156.66715855579076,1.1,,,d6-c1-n0.01-m27,6,1,0.01,27,,-30.03084789769936
colosseum,27,frc_unweighted_knn,-13.928571428571429,0.34,,,d6-c1-n0.01-m27,6,1,0.01,27,,-30.03084789769936
colosseum,27,orc,-0.2770540003343723,7.23,,,d6-c1-n0.01-m27,6,1,0.01,27,,-30.03084789769936
colosseum,27,spc_hop,,0.0,,,d6-c1-n0.01-m27,6,1,0.01,27,,-30.03084789769936
colosseum,27,spc_diffusion_t5,,0.0,,,d6-c1-n0.01-m27,6,1,0.01,27,,-30.03084789769936
colosseum,27,laziness_knn_t5,-6.755483150482178,0.63,,,d6-c1-n0.01-m27,6,1,0.01,27,,-30.03084789769936
colosseum,27,laziness_adaptive_t5,-6.746274471282959,0.67,,,d6-c1-n0.01-m27,6,1,0.01,27,,-30.03084789769936
colosseum,27,successor_entropy,-1.6544424412728598,0.05,794.01,,d6-c1-n0.01-m27,6,1,0.01,27,,-30.03084789769936
colosseum,27,successor_orc,0.94930680612688,5.63,794.01,,d6-c1-n0.01-m27,6,1,0.01,27,,-30.03084789769936
colosseum,28,dc2,-0.3618555068969726,11.95,,,d6-c1-n0.01-m28,6,1,0.01,28,,-40.85916401398015
colosseum,28,dc_wasserstein_ollivier,0.6307022571563721,3.06,,,d6-c1-n0.01-m28,6,1,0.01,28,,-40.85916401398015
colosseum,28,dc_entropic_subtraction,4.107502460479736,2.8,,,d6-c1-n0.01-m28,6,1,0.01,28,,-40.85916401398015
colosseum,28,hickock,20.887264875960582,53.54,,,d6-c1-n0.01-m28,6,1,0.01,28,,-40.85916401398015
colosseum,28,frc_weighted_adaptive,-151.86520536138258,1.05,,,d6-c1-n0.01-m28,6,1,0.01,28,,-40.85916401398015
colosseum,28,frc_unweighted_knn,-15.272727272727272,0.34,,,d6-c1-n0.01-m28,6,1,0.01,28,,-40.85916401398015
colosseum,28,orc,-0.3576598341687059,7.39,,,d6-c1-n0.01-m28,6,1,0.01,28,,-40.85916401398015
colosseum,28,spc_hop,,0.0,,,d6-c1-n0.01-m28,6,1,0.01,28,,-40.85916401398015
colosseum,28,spc_diffusion_t5,,0.0,,,d6-c1-n0.01-m28,6,1,0.01,28,,-40.85916401398015
colosseum,28,laziness_knn_t5,-6.78301477432251,0.73,,,d6-c1-n0.01-m28,6,1,0.01,28,,-40.85916401398015
colosseum,28,laziness_adaptive_t5,-6.757818222045898,0.75,,,d6-c1-n0.01-m28,6,1,0.01,28,,-40.85916401398015
colosseum,28,successor_entropy,-1.6489889191122105,0.05,810.25,,d6-c1-n0.01-m28,6,1,0.01,28,,-40.85916401398015
colosseum,28,successor_orc,0.9527442313657084,5.1,810.25,,d6-c1-n0.01-m28,6,1,0.01,28,,-40.85916401398015
colosseum,29,dc2,0.1125602722167968,13.41,,,d6-c1-n0.01-m29,6,1,0.01,29,,-60.27825580102728
colosseum,29,dc_wasserstein_ollivier,0.7900165319442749,3.21,,,d6-c1-n0.01-m29,6,1,0.01,29,,-60.27825580102728
colosseum,29,dc_entropic_subtraction,5.367671966552734,2.59,,,d6-c1-n0.01-m29,6,1,0.01,29,,-60.27825580102728
colosseum,29,hickock,22.15784480449753,57.15,,,d6-c1-n0.01-m29,6,1,0.01,29,,-60.27825580102728
colosseum,29,frc_weighted_adaptive,-153.85985986932891,1.37,,,d6-c1-n0.01-m29,6,1,0.01,29,,-60.27825580102728
colosseum,29,frc_unweighted_knn,-13.0,0.34,,,d6-c1-n0.01-m29,6,1,0.01,29,,-60.27825580102728
colosseum,29,orc,-0.3156931667354209,7.19,,,d6-c1-n0.01-m29,6,1,0.01,29,,-60.27825580102728
colosseum,29,spc_hop,,0.0,,,d6-c1-n0.01-m29,6,1,0.01,29,,-60.27825580102728
colosseum,29,spc_diffusion_t5,,0.0,,,d6-c1-n0.01-m29,6,1,0.01,29,,-60.27825580102728
colosseum,29,laziness_knn_t5,-6.577345371246338,0.71,,,d6-c1-n0.01-m29,6,1,0.01,29,,-60.27825580102728
colosseum,29,laziness_adaptive_t5,-6.625820636749268,0.73,,,d6-c1-n0.01-m29,6,1,0.01,29,,-60.27825580102728
colosseum,29,successor_entropy,-1.5568640137985348,0.05,805.31,,d6-c1-n0.01-m29,6,1,0.01,29,,-60.27825580102728
colosseum,29,successor_orc,0.9497820255445262,5.14,805.31,,d6-c1-n0.01-m29,6,1,0.01,29,,-60.27825580102728
colosseum,30,dc2,-0.1758856773376464,12.36,,,d6-c1-n0.01-m30,6,1,0.01,30,,-68.14181286545076
colosseum,30,dc_wasserstein_ollivier,0.5639057159423828,3.06,,,d6-c1-n0.01-m30,6,1,0.01,30,,-68.14181286545076
colosseum,30,dc_entropic_subtraction,3.844230175018311,2.46,,,d6-c1-n0.01-m30,6,1,0.01,30,,-68.14181286545076
colosseum,30,hickock,20.968663264873733,51.84,,,d6-c1-n0.01-m30,6,1,0.01,30,,-68.14181286545076
colosseum,30,frc_weighted_adaptive,-179.80854537662552,1.05,,,d6-c1-n0.01-m30,6,1,0.01,30,,-68.14181286545076
colosseum,30,frc_unweighted_knn,-18.846153846153847,0.34,,,d6-c1-n0.01-m30,6,1,0.01,30,,-68.14181286545076
colosseum,30,orc,-0.4794695214607358,7.75,,,d6-c1-n0.01-m30,6,1,0.01,30,,-68.14181286545076
colosseum,30,spc_hop,,0.0,,,d6-c1-n0.01-m30,6,1,0.01,30,,-68.14181286545076
colosseum,30,spc_diffusion_t5,,0.0,,,d6-c1-n0.01-m30,6,1,0.01,30,,-68.14181286545076
colosseum,30,laziness_knn_t5,-6.867152690887451,0.72,,,d6-c1-n0.01-m30,6,1,0.01,30,,-68.14181286545076
colosseum,30,laziness_adaptive_t5,-6.835559368133545,0.75,,,d6-c1-n0.01-m30,6,1,0.01,30,,-68.14181286545076
colosseum,30,successor_entropy,-1.697218861191068,0.05,798.95,,d6-c1-n0.01-m30,6,1,0.01,30,,-68.14181286545076
colosseum,30,successor_orc,0.9508045323610232,6.34,798.95,,d6-c1-n0.01-m30,6,1,0.01,30,,-68.14181286545076
colosseum,31,dc2,0.030189037322998,13.24,,,d6-c1-n0.01-m31,6,1,0.01,31,,-33.332709244740144
colosseum,31,dc_wasserstein_ollivier,0.5035374164581299,2.94,,,d6-c1-n0.01-m31,6,1,0.01,31,,-33.332709244740144
colosseum,31,dc_entropic_subtraction,3.565438270568848,2.52,,,d6-c1-n0.01-m31,6,1,0.01,31,,-33.332709244740144
colosseum,31,hickock,20.997787007023963,53.55,,,d6-c1-n0.01-m31,6,1,0.01,31,,-33.332709244740144
colosseum,31,frc_weighted_adaptive,-143.1412327340937,1.06,,,d6-c1-n0.01-m31,6,1,0.01,31,,-33.332709244740144
colosseum,31,frc_unweighted_knn,-14.545454545454543,0.34,,,d6-c1-n0.01-m31,6,1,0.01,31,,-33.332709244740144
colosseum,31,orc,-0.4163540712376488,7.04,,,d6-c1-n0.01-m31,6,1,0.01,31,,-33.332709244740144
colosseum,31,spc_hop,,0.0,,,d6-c1-n0.01-m31,6,1,0.01,31,,-33.332709244740144
colosseum,31,spc_diffusion_t5,,0.0,,,d6-c1-n0.01-m31,6,1,0.01,31,,-33.332709244740144
colosseum,31,laziness_knn_t5,-6.918947219848633,0.92,,,d6-c1-n0.01-m31,6,1,0.01,31,,-33.332709244740144
colosseum,31,laziness_adaptive_t5,-6.89082670211792,0.68,,,d6-c1-n0.01-m31,6,1,0.01,31,,-33.332709244740144
colosseum,0,dc2,-0.3086051940917969,13.78,,,d6-c1-n0.05-m0,6,1,0.05,0,,-50.02632848469613
colosseum,0,dc_wasserstein_ollivier,0.6123755574226379,3.81,,,d6-c1-n0.05-m0,6,1,0.05,0,,-50.02632848469613
colosseum,0,dc_entropic_subtraction,3.762806415557861,2.84,,,d6-c1-n0.05-m0,6,1,0.05,0,,-50.02632848469613
colosseum,0,hickock,20.48643267615268,47.08,,,d6-c1-n0.05-m0,6,1,0.05,0,,-50.02632848469613
colosseum,0,frc_weighted_adaptive,-87.53438880528435,1.02,,,d6-c1-n0.05-m0,6,1,0.05,0,,-50.02632848469613
colosseum,0,frc_unweighted_knn,-14.583333333333334,0.33,,,d6-c1-n0.05-m0,6,1,0.05,0,,-50.02632848469613
colosseum,0,orc,-0.3272891628189966,6.73,,,d6-c1-n0.05-m0,6,1,0.05,0,,-50.02632848469613
colosseum,0,spc_hop,,0.0,,,d6-c1-n0.05-m0,6,1,0.05,0,,-50.02632848469613
colosseum,0,spc_diffusion_t5,,0.0,,,d6-c1-n0.05-m0,6,1,0.05,0,,-50.02632848469613
colosseum,0,laziness_knn_t5,-6.651756763458252,0.91,,,d6-c1-n0.05-m0,6,1,0.05,0,,-50.02632848469613
colosseum,0,laziness_adaptive_t5,-6.6324992179870605,0.71,,,d6-c1-n0.05-m0,6,1,0.05,0,,-50.02632848469613
colosseum,0,successor_entropy,-1.53979011238118,0.07,1013.87,,d6-c1-n0.05-m0,6,1,0.05,0,,-50.02632848469613
colosseum,0,successor_orc,0.9511609027240854,5.81,1013.87,,d6-c1-n0.05-m0,6,1,0.05,0,,-50.02632848469613
colosseum,1,dc2,0.0395808219909668,12.51,,,d6-c1-n0.05-m1,6,1,0.05,1,,-12.314584284800482
colosseum,1,dc_wasserstein_ollivier,0.5371748208999634,3.42,,,d6-c1-n0.05-m1,6,1,0.05,1,,-12.314584284800482
colosseum,1,dc_entropic_subtraction,3.7516956329345694,2.76,,,d6-c1-n0.05-m1,6,1,0.05,1,,-12.314584284800482
colosseum,1,hickock,21.04958131873445,49.29,,,d6-c1-n0.05-m1,6,1,0.05,1,,-12.314584284800482
colosseum,1,frc_weighted_adaptive,-123.1243333024124,1.08,,,d6-c1-n0.05-m1,6,1,0.05,1,,-12.314584284800482
colosseum,1,frc_unweighted_knn,-13.2,0.34,,,d6-c1-n0.05-m1,6,1,0.05,1,,-12.314584284800482
colosseum,1,orc,-0.4576841316783699,6.72,,,d6-c1-n0.05-m1,6,1,0.05,1,,-12.314584284800482
colosseum,1,spc_hop,,0.0,,,d6-c1-n0.05-m1,6,1,0.05,1,,-12.314584284800482
colosseum,1,spc_diffusion_t5,,0.0,,,d6-c1-n0.05-m1,6,1,0.05,1,,-12.314584284800482
colosseum,1,laziness_knn_t5,-6.904679298400879,0.7,,,d6-c1-n0.05-m1,6,1,0.05,1,,-12.314584284800482
colosseum,1,laziness_adaptive_t5,-6.897619247436523,0.74,,,d6-c1-n0.05-m1,6,1,0.05,1,,-12.314584284800482
colosseum,1,successor_entropy,-1.5368050698165316,0.05,960.03,,d6-c1-n0.05-m1,6,1,0.05,1,,-12.314584284800482
colosseum,1,successor_orc,0.9516227156341186,5.26,960.03,,d6-c1-n0.05-m1,6,1,0.05,1,,-12.314584284800482
colosseum,2,dc2,0.1093511581420898,12.82,,,d6-c1-n0.05-m2,6,1,0.05,2,,-54.03198957891094
colosseum,2,dc_wasserstein_ollivier,0.803608238697052,3.15,,,d6-c1-n0.05-m2,6,1,0.05,2,,-54.03198957891094
colosseum,2,dc_entropic_subtraction,5.2507643699646,2.72,,,d6-c1-n0.05-m2,6,1,0.05,2,,-54.03198957891094
colosseum,2,hickock,21.461836687929463,47.7,,,d6-c1-n0.05-m2,6,1,0.05,2,,-54.03198957891094
colosseum,2,frc_weighted_adaptive,-103.06237242934236,1.3,,,d6-c1-n0.05-m2,6,1,0.05,2,,-54.03198957891094
colosseum,2,frc_unweighted_knn,-13.3,0.34,,,d6-c1-n0.05-m2,6,1,0.05,2,,-54.03198957891094
colosseum,2,orc,-0.3236086328347191,6.97,,,d6-c1-n0.05-m2,6,1,0.05,2,,-54.03198957891094
colosseum,2,spc_hop,,0.0,,,d6-c1-n0.05-m2,6,1,0.05,2,,-54.03198957891094
colosseum,2,spc_diffusion_t5,,0.0,,,d6-c1-n0.05-m2,6,1,0.05,2,,-54.03198957891094
colosseum,2,laziness_knn_t5,-6.52760124206543,0.71,,,d6-c1-n0.05-m2,6,1,0.05,2,,-54.03198957891094
colosseum,2,laziness_adaptive_t5,-6.516238212585449,0.71,,,d6-c1-n0.05-m2,6,1,0.05,2,,-54.03198957891094
colosseum,2,successor_entropy,-1.4942080019105923,0.05,951.34,,d6-c1-n0.05-m2,6,1,0.05,2,,-54.03198957891094
colosseum,2,successor_orc,0.951941566895918,5.2,951.34,,d6-c1-n0.05-m2,6,1,0.05,2,,-54.03198957891094
colosseum,3,dc2,-0.4799914360046386,12.1,,,d6-c1-n0.05-m3,6,1,0.05,3,,-40.807789655405536
colosseum,3,dc_wasserstein_ollivier,0.7297568321228027,3.4,,,d6-c1-n0.05-m3,6,1,0.05,3,,-40.807789655405536
colosseum,3,dc_entropic_subtraction,4.817399978637695,2.63,,,d6-c1-n0.05-m3,6,1,0.05,3,,-40.807789655405536
colosseum,3,hickock,21.49348770392264,50.01,,,d6-c1-n0.05-m3,6,1,0.05,3,,-40.807789655405536
colosseum,3,frc_weighted_adaptive,-121.7598900502138,1.04,,,d6-c1-n0.05-m3,6,1,0.05,3,,-40.807789655405536
colosseum,3,frc_unweighted_knn,-15.636363636363637,0.34,,,d6-c1-n0.05-m3,6,1,0.05,3,,-40.807789655405536
colosseum,3,orc,-0.4453118536555587,7.08,,,d6-c1-n0.05-m3,6,1,0.05,3,,-40.807789655405536
colosseum,3,spc_hop,,0.0,,,d6-c1-n0.05-m3,6,1,0.05,3,,-40.807789655405536
colosseum,3,spc_diffusion_t5,,0.0,,,d6-c1-n0.05-m3,6,1,0.05,3,,-40.807789655405536
colosseum,3,laziness_knn_t5,-6.605418682098389,0.67,,,d6-c1-n0.05-m3,6,1,0.05,3,,-40.807789655405536
colosseum,3,laziness_adaptive_t5,-6.591169834136963,0.71,,,d6-c1-n0.05-m3,6,1,0.05,3,,-40.807789655405536
colosseum,3,successor_entropy,-1.471126677100547,0.06,956.87,,d6-c1-n0.05-m3,6,1,0.05,3,,-40.807789655405536
colosseum,3,successor_orc,0.9527941985440916,12.45,956.87,,d6-c1-n0.05-m3,6,1,0.05,3,,-40.807789655405536
colosseum,4,dc2,-0.3442249298095703,12.16,,,d6-c1-n0.05-m4,6,1,0.05,4,,-14.42331645914728
colosseum,4,dc_wasserstein_ollivier,0.4339352250099182,3.5,,,d6-c1-n0.05-m4,6,1,0.05,4,,-14.42331645914728
colosseum,4,dc_entropic_subtraction,2.8969831466674805,2.71,,,d6-c1-n0.05-m4,6,1,0.05,4,,-14.42331645914728
colosseum,4,hickock,20.382548793500654,49.11,,,d6-c1-n0.05-m4,6,1,0.05,4,,-14.42331645914728
colosseum,4,frc_weighted_adaptive,-128.61258770384617,1.08,,,d6-c1-n0.05-m4,6,1,0.05,4,,-14.42331645914728
colosseum,4,frc_unweighted_knn,-13.307692307692308,0.34,,,d6-c1-n0.05-m4,6,1,0.05,4,,-14.42331645914728
colosseum,4,orc,-0.2914941878054441,7.24,,,d6-c1-n0.05-m4,6,1,0.05,4,,-14.42331645914728
colosseum,4,spc_hop,,0.0,,,d6-c1-n0.05-m4,6,1,0.05,4,,-14.42331645914728
colosseum,4,spc_diffusion_t5,,0.0,,,d6-c1-n0.05-m4,6,1,0.05,4,,-14.42331645914728
colosseum,4,laziness_knn_t5,-6.68516206741333,0.68,,,d6-c1-n0.05-m4,6,1,0.05,4,,-14.42331645914728
colosseum,4,laziness_adaptive_t5,-6.686553955078125,0.71,,,d6-c1-n0.05-m4,6,1,0.05,4,,-14.42331645914728
colosseum,4,successor_entropy,-1.5947328921950732,0.05,954.3,,d6-c1-n0.05-m4,6,1,0.05,4,,-14.42331645914728
colosseum,4,successor_orc,0.9492568805422702,6.82,954.3,,d6-c1-n0.05-m4,6,1,0.05,4,,-14.42331645914728
colosseum,5,dc2,-0.1968421936035156,12.91,,,d6-c1-n0.05-m5,6,1,0.05,5,,-88.06438622391359
colosseum,5,dc_wasserstein_ollivier,0.6807830929756165,3.67,,,d6-c1-n0.05-m5,6,1,0.05,5,,-88.06438622391359
colosseum,5,dc_entropic_subtraction,4.24760627746582,2.63,,,d6-c1-n0.05-m5,6,1,0.05,5,,-88.06438622391359
colosseum,5,hickock,21.036865740831445,49.95,,,d6-c1-n0.05-m5,6,1,0.05,5,,-88.06438622391359
colosseum,5,frc_weighted_adaptive,-143.73009869088034,1.05,,,d6-c1-n0.05-m5,6,1,0.05,5,,-88.06438622391359
colosseum,5,frc_unweighted_knn,-15.923076923076923,0.34,,,d6-c1-n0.05-m5,6,1,0.05,5,,-88.06438622391359
colosseum,5,orc,-0.2510044838790037,6.77,,,d6-c1-n0.05-m5,6,1,0.05,5,,-88.06438622391359
colosseum,5,spc_hop,,0.0,,,d6-c1-n0.05-m5,6,1,0.05,5,,-88.06438622391359
colosseum,5,spc_diffusion_t5,,0.0,,,d6-c1-n0.05-m5,6,1,0.05,5,,-88.06438622391359
colosseum,5,laziness_knn_t5,-6.510171890258789,0.67,,,d6-c1-n0.05-m5,6,1,0.05,5,,-88.06438622391359
colosseum,5,laziness_adaptive_t5,-6.494490146636963,0.96,,,d6-c1-n0.05-m5,6,1,0.05,5,,-88.06438622391359
colosseum,5,successor_entropy,-1.7225265478679406,0.05,959.2,,d6-c1-n0.05-m5,6,1,0.05,5,,-88.06438622391359
colosseum,5,successor_orc,0.951041978138802,5.05,959.2,,d6-c1-n0.05-m5,6,1,0.05,5,,-88.06438622391359
colosseum,6,dc2,0.2249798774719238,12.93,,,d6-c1-n0.05-m6,6,1,0.05,6,,0.3766631451725803
colosseum,6,dc_wasserstein_ollivier,0.746534526348114,4.12,,,d6-c1-n0.05-m6,6,1,0.05,6,,0.3766631451725803
colosseum,6,dc_entropic_subtraction,4.505868911743164,2.57,,,d6-c1-n0.05-m6,6,1,0.05,6,,0.3766631451725803
colosseum,6,hickock,21.024914854131097,51.11,,,d6-c1-n0.05-m6,6,1,0.05,6,,0.3766631451725803
colosseum,6,frc_weighted_adaptive,-95.56519810475724,1.05,,,d6-c1-n0.05-m6,6,1,0.05,6,,0.3766631451725803
colosseum,6,frc_unweighted_knn,-13.5,0.33,,,d6-c1-n0.05-m6,6,1,0.05,6,,0.3766631451725803
colosseum,6,orc,-0.2859005478303796,7.07,,,d6-c1-n0.05-m6,6,1,0.05,6,,0.3766631451725803
colosseum,6,spc_hop,,0.0,,,d6-c1-n0.05-m6,6,1,0.05,6,,0.3766631451725803
colosseum,6,spc_diffusion_t5,,0.0,,,d6-c1-n0.05-m6,6,1,0.05,6,,0.3766631451725803
colosseum,6,laziness_knn_t5,-6.491714000701904,0.69,,,d6-c1-n0.05-m6,6,1,0.05,6,,0.3766631451725803
colosseum,6,laziness_adaptive_t5,-6.471791744232178,0.77,,,d6-c1-n0.05-m6,6,1,0.05,6,,0.3766631451725803
colosseum,6,successor_entropy,-1.4727596921551351,0.05,941.61,,d6-c1-n0.05-m6,6,1,0.05,6,,0.3766631451725803
colosseum,6,successor_orc,0.9548063041710528,5.13,941.61,,d6-c1-n0.05-m6,6,1,0.05,6,,0.3766631451725803
colosseum,7,dc2,-0.5972986221313477,13.72,,,d6-c1-n0.05-m7,6,1,0.05,7,,-36.22154045260325
colosseum,7,dc_wasserstein_ollivier,0.4926856756210327,3.39,,,d6-c1-n0.05-m7,6,1,0.05,7,,-36.22154045260325
colosseum,7,dc_entropic_subtraction,3.267685890197754,3.25,,,d6-c1-n0.05-m7,6,1,0.05,7,,-36.22154045260325
colosseum,7,hickock,20.257685021458776,55.73,,,d6-c1-n0.05-m7,6,1,0.05,7,,-36.22154045260325
colosseum,7,frc_weighted_adaptive,-185.06314170183023,1.1,,,d6-c1-n0.05-m7,6,1,0.05,7,,-36.22154045260325
colosseum,7,frc_unweighted_knn,-11.454545454545457,0.35,,,d6-c1-n0.05-m7,6,1,0.05,7,,-36.22154045260325
colosseum,7,orc,-0.279006773945815,7.0,,,d6-c1-n0.05-m7,6,1,0.05,7,,-36.22154045260325
colosseum,7,spc_hop,,0.0,,,d6-c1-n0.05-m7,6,1,0.05,7,,-36.22154045260325
colosseum,7,spc_diffusion_t5,,0.0,,,d6-c1-n0.05-m7,6,1,0.05,7,,-36.22154045260325
colosseum,7,laziness_knn_t5,-6.588976860046387,0.78,,,d6-c1-n0.05-m7,6,1,0.05,7,,-36.22154045260325
colosseum,7,laziness_adaptive_t5,-6.622702598571777,0.74,,,d6-c1-n0.05-m7,6,1,0.05,7,,-36.22154045260325
colosseum,7,successor_entropy,-1.6245577835311027,0.05,942.81,,d6-c1-n0.05-m7,6,1,0.05,7,,-36.22154045260325
colosseum,7,successor_orc,0.949626657999374,6.07,942.81,,d6-c1-n0.05-m7,6,1,0.05,7,,-36.22154045260325
colosseum,8,dc2,-0.2682957649230957,12.55,,,d6-c1-n0.05-m8,6,1,0.05,8,,16.65551735919345
colosseum,8,dc_wasserstein_ollivier,0.6712536811828613,3.57,,,d6-c1-n0.05-m8,6,1,0.05,8,,16.65551735919345
colosseum,8,dc_entropic_subtraction,4.116312026977539,2.53,,,d6-c1-n0.05-m8,6,1,0.05,8,,16.65551735919345
colosseum,8,hickock,20.42569032583261,53.44,,,d6-c1-n0.05-m8,6,1,0.05,8,,16.65551735919345
colosseum,8,frc_weighted_adaptive,-139.3967770425159,1.06,,,d6-c1-n0.05-m8,6,1,0.05,8,,16.65551735919345
colosseum,8,frc_unweighted_knn,-12.538461538461538,0.34,,,d6-c1-n0.05-m8,6,1,0.05,8,,16.65551735919345
colosseum,8,orc,-0.2857865531989707,7.02,,,d6-c1-n0.05-m8,6,1,0.05,8,,16.65551735919345
colosseum,8,spc_hop,,0.0,,,d6-c1-n0.05-m8,6,1,0.05,8,,16.65551735919345
colosseum,8,spc_diffusion_t5,,0.0,,,d6-c1-n0.05-m8,6,1,0.05,8,,16.65551735919345
colosseum,8,laziness_knn_t5,-6.357330799102783,0.69,,,d6-c1-n0.05-m8,6,1,0.05,8,,16.65551735919345
colosseum,8,laziness_adaptive_t5,-6.34663724899292,0.75,,,d6-c1-n0.05-m8,6,1,0.05,8,,16.65551735919345
colosseum,8,successor_entropy,-1.599557362342622,0.04,943.04,,d6-c1-n0.05-m8,6,1,0.05,8,,16.65551735919345
colosseum,8,successor_orc,0.9525741560085408,5.18,943.04,,d6-c1-n0.05-m8,6,1,0.05,8,,16.65551735919345
colosseum,9,dc2,-0.0026993751525878,13.85,,,d6-c1-n0.05-m9,6,1,0.05,9,,-43.4384435616585
colosseum,9,dc_wasserstein_ollivier,0.6864742636680603,3.47,,,d6-c1-n0.05-m9,6,1,0.05,9,,-43.4384435616585
colosseum,9,dc_entropic_subtraction,4.384156227111816,2.83,,,d6-c1-n0.05-m9,6,1,0.05,9,,-43.4384435616585
colosseum,9,hickock,20.94538180453258,52.92,,,d6-c1-n0.05-m9,6,1,0.05,9,,-43.4384435616585
colosseum,9,frc_weighted_adaptive,-193.72212407014027,1.04,,,d6-c1-n0.05-m9,6,1,0.05,9,,-43.4384435616585
colosseum,9,frc_unweighted_knn,-16.5,0.34,,,d6-c1-n0.05-m9,6,1,0.05,9,,-43.4384435616585
colosseum,9,orc,-0.3008421349761548,6.79,,,d6-c1-n0.05-m9,6,1,0.05,9,,-43.4384435616585
colosseum,9,spc_hop,,0.0,,,d6-c1-n0.05-m9,6,1,0.05,9,,-43.4384435616585
colosseum,9,spc_diffusion_t5,,0.0,,,d6-c1-n0.05-m9,6,1,0.05,9,,-43.4384435616585
colosseum,9,laziness_knn_t5,-6.597068309783936,0.7,,,d6-c1-n0.05-m9,6,1,0.05,9,,-43.4384435616585
colosseum,9,laziness_adaptive_t5,-6.58936882019043,0.85,,,d6-c1-n0.05-m9,6,1,0.05,9,,-43.4384435616585
colosseum,9,successor_entropy,-1.6438881263998335,0.05,954.91,,d6-c1-n0.05-m9,6,1,0.05,9,,-43.4384435616585
colosseum,9,successor_orc,0.953143963325868,5.79,954.91,,d6-c1-n0.05-m9,6,1,0.05,9,,-43.4384435616585
colosseum,10,dc2,-0.3170356750488281,14.13,,,d6-c1-n0.05-m10,6,1,0.05,10,,65.3866882269567
colosseum,10,dc_wasserstein_ollivier,0.7506269216537476,3.33,,,d6-c1-n0.05-m10,6,1,0.05,10,,65.3866882269567
colosseum,10,dc_entropic_subtraction,4.721579551696777,2.65,,,d6-c1-n0.05-m10,6,1,0.05,10,,65.3866882269567
colosseum,10,hickock,21.50565472677944,50.86,,,d6-c1-n0.05-m10,6,1,0.05,10,,65.3866882269567
colosseum,10,frc_weighted_adaptive,-122.31167044945148,1.05,,,d6-c1-n0.05-m10,6,1,0.05,10,,65.3866882269567
colosseum,10,frc_unweighted_knn,-15.928571428571429,0.33,,,d6-c1-n0.05-m10,6,1,0.05,10,,65.3866882269567
colosseum,10,orc,-0.2738910132844418,6.98,,,d6-c1-n0.05-m10,6,1,0.05,10,,65.3866882269567
colosseum,10,spc_hop,,0.0,,,d6-c1-n0.05-m10,6,1,0.05,10,,65.3866882269567
colosseum,10,spc_diffusion_t5,,0.0,,,d6-c1-n0.05-m10,6,1,0.05,10,,65.3866882269567
colosseum,10,laziness_knn_t5,-6.342697143554688,0.69,,,d6-c1-n0.05-m10,6,1,0.05,10,,65.3866882269567
colosseum,10,laziness_adaptive_t5,-6.323399543762207,0.72,,,d6-c1-n0.05-m10,6,1,0.05,10,,65.3866882269567
colosseum,10,successor_entropy,-1.369959784531733,0.05,952.31,,d6-c1-n0.05-m10,6,1,0.05,10,,65.3866882269567
colosseum,10,successor_orc,0.9533678912049768,5.67,952.31,,d6-c1-n0.05-m10,6,1,0.05,10,,65.3866882269567
colosseum,11,dc2,0.5816388130187988,12.21,,,d6-c1-n0.05-m11,6,1,0.05,11,,33.31591036778981
colosseum,11,dc_wasserstein_ollivier,0.6914228200912476,3.38,,,d6-c1-n0.05-m11,6,1,0.05,11,,33.31591036778981
colosseum,11,dc_entropic_subtraction,4.6238861083984375,2.7,,,d6-c1-n0.05-m11,6,1,0.05,11,,33.31591036778981
colosseum,11,hickock,20.61430840959194,53.4,,,d6-c1-n0.05-m11,6,1,0.05,11,,33.31591036778981
colosseum,11,frc_weighted_adaptive,-141.66923508642108,1.44,,,d6-c1-n0.05-m11,6,1,0.05,11,,33.31591036778981
colosseum,11,frc_unweighted_knn,-16.545454545454547,0.41,,,d6-c1-n0.05-m11,6,1,0.05,11,,33.31591036778981
colosseum,11,orc,-0.4434915285743926,8.11,,,d6-c1-n0.05-m11,6,1,0.05,11,,33.31591036778981
colosseum,11,spc_hop,,0.0,,,d6-c1-n0.05-m11,6,1,0.05,11,,33.31591036778981
colosseum,11,spc_diffusion_t5,,0.0,,,d6-c1-n0.05-m11,6,1,0.05,11,,33.31591036778981
colosseum,11,laziness_knn_t5,-6.664844512939453,0.81,,,d6-c1-n0.05-m11,6,1,0.05,11,,33.31591036778981
colosseum,11,laziness_adaptive_t5,-6.658064365386963,0.8,,,d6-c1-n0.05-m11,6,1,0.05,11,,33.31591036778981
colosseum,11,successor_entropy,-1.4976831118271996,0.06,956.5,,d6-c1-n0.05-m11,6,1,0.05,11,,33.31591036778981
colosseum,11,successor_orc,0.9513023565704548,5.76,956.5,,d6-c1-n0.05-m11,6,1,0.05,11,,33.31591036778981
colosseum,12,dc2,-0.3051891326904297,14.15,,,d6-c1-n0.05-m12,6,1,0.05,12,,35.36883871029946
colosseum,12,dc_wasserstein_ollivier,0.7473775148391724,3.5,,,d6-c1-n0.05-m12,6,1,0.05,12,,35.36883871029946
colosseum,12,dc_entropic_subtraction,4.854920864105225,2.58,,,d6-c1-n0.05-m12,6,1,0.05,12,,35.36883871029946
colosseum,12,hickock,21.347025620719275,53.13,,,d6-c1-n0.05-m12,6,1,0.05,12,,35.36883871029946
colosseum,12,frc_weighted_adaptive,-157.66530478820346,1.06,,,d6-c1-n0.05-m12,6,1,0.05,12,,35.36883871029946
colosseum,12,frc_unweighted_knn,-15.416666666666666,0.61,,,d6-c1-n0.05-m12,6,1,0.05,12,,35.36883871029946
colosseum,12,orc,-0.3759502543902066,6.99,,,d6-c1-n0.05-m12,6,1,0.05,12,,35.36883871029946
colosseum,12,spc_hop,,0.0,,,d6-c1-n0.05-m12,6,1,0.05,12,,35.36883871029946
colosseum,12,spc_diffusion_t5,,0.0,,,d6-c1-n0.05-m12,6,1,0.05,12,,35.36883871029946
colosseum,12,laziness_knn_t5,-6.49275541305542,0.69,,,d6-c1-n0.05-m12,6,1,0.05,12,,35.36883871029946
colosseum,12,laziness_adaptive_t5,-6.493011951446533,0.72,,,d6-c1-n0.05-m12,6,1,0.05,12,,35.36883871029946
colosseum,12,successor_entropy,-1.4909724174590082,0.05,955.31,,d6-c1-n0.05-m12,6,1,0.05,12,,35.36883871029946
colosseum,12,successor_orc,0.9541681720755744,5.43,955.31,,d6-c1-n0.05-m12,6,1,0.05,12,,35.36883871029946
colosseum,13,dc2,-0.2852387428283691,13.76,,,d6-c1-n0.05-m13,6,1,0.05,13,,-50.43074985755227
colosseum,13,dc_wasserstein_ollivier,0.6253528594970703,3.29,,,d6-c1-n0.05-m13,6,1,0.05,13,,-50.43074985755227
colosseum,13,dc_entropic_subtraction,3.6808712482452393,2.63,,,d6-c1-n0.05-m13,6,1,0.05,13,,-50.43074985755227
colosseum,13,hickock,20.520834682743867,51.35,,,d6-c1-n0.05-m13,6,1,0.05,13,,-50.43074985755227
colosseum,13,frc_weighted_adaptive,-123.21151474687592,1.07,,,d6-c1-n0.05-m13,6,1,0.05,13,,-50.43074985755227
colosseum,13,frc_unweighted_knn,-13.181818181818182,0.34,,,d6-c1-n0.05-m13,6,1,0.05,13,,-50.43074985755227
colosseum,13,orc,-0.3203969972318155,7.66,,,d6-c1-n0.05-m13,6,1,0.05,13,,-50.43074985755227
colosseum,13,spc_hop,,0.0,,,d6-c1-n0.05-m13,6,1,0.05,13,,-50.43074985755227
colosseum,13,spc_diffusion_t5,,0.0,,,d6-c1-n0.05-m13,6,1,0.05,13,,-50.43074985755227
colosseum,13,laziness_knn_t5,-6.5582275390625,0.67,,,d6-c1-n0.05-m13,6,1,0.05,13,,-50.43074985755227
colosseum,13,laziness_adaptive_t5,-6.572573661804199,0.78,,,d6-c1-n0.05-m13,6,1,0.05,13,,-50.43074985755227
colosseum,13,successor_entropy,-1.558881769277466,0.05,952.81,,d6-c1-n0.05-m13,6,1,0.05,13,,-50.43074985755227
colosseum,13,successor_orc,0.9532418757572202,6.46,952.81,,d6-c1-n0.05-m13,6,1,0.05,13,,-50.43074985755227
colosseum,14,dc2,-0.1771936416625976,13.37,,,d6-c1-n0.05-m14,6,1,0.05,14,,-51.45367586152264
colosseum,14,dc_wasserstein_ollivier,0.8048883676528931,3.66,,,d6-c1-n0.05-m14,6,1,0.05,14,,-51.45367586152264
colosseum,14,dc_entropic_subtraction,5.063075065612793,2.66,,,d6-c1-n0.05-m14,6,1,0.05,14,,-51.45367586152264
colosseum,14,hickock,20.38531352375988,52.97,,,d6-c1-n0.05-m14,6,1,0.05,14,,-51.45367586152264
colosseum,14,frc_weighted_adaptive,-143.39858810447703,1.04,,,d6-c1-n0.05-m14,6,1,0.05,14,,-51.45367586152264
colosseum,14,frc_unweighted_knn,-16.454545454545453,0.34,,,d6-c1-n0.05-m14,6,1,0.05,14,,-51.45367586152264
colosseum,14,orc,-0.361729274411846,7.38,,,d6-c1-n0.05-m14,6,1,0.05,14,,-51.45367586152264
colosseum,14,spc_hop,,0.0,,,d6-c1-n0.05-m14,6,1,0.05,14,,-51.45367586152264
colosseum,14,spc_diffusion_t5,,0.0,,,d6-c1-n0.05-m14,6,1,0.05,14,,-51.45367586152264
colosseum,14,laziness_knn_t5,-6.5111894607543945,0.68,,,d6-c1-n0.05-m14,6,1,0.05,14,,-51.45367586152264
colosseum,14,laziness_adaptive_t5,-6.445876121520996,0.99,,,d6-c1-n0.05-m14,6,1,0.05,14,,-51.45367586152264
colosseum,14,successor_entropy,-1.5978742072486007,0.05,953.55,,d6-c1-n0.05-m14,6,1,0.05,14,,-51.45367586152264
colosseum,14,successor_orc,0.952156910366049,5.19,953.55,,d6-c1-n0.05-m14,6,1,0.05,14,,-51.45367586152264
colosseum,15,dc2,-0.0228238105773925,12.2,,,d6-c1-n0.05-m15,6,1,0.05,15,,-53.44511423878
colosseum,15,dc_wasserstein_ollivier,0.7743797898292542,3.4,,,d6-c1-n0.05-m15,6,1,0.05,15,,-53.44511423878
colosseum,15,dc_entropic_subtraction,5.059658050537109,2.53,,,d6-c1-n0.05-m15,6,1,0.05,15,,-53.44511423878
colosseum,15,hickock,21.0665255597917,53.74,,,d6-c1-n0.05-m15,6,1,0.05,15,,-53.44511423878
colosseum,15,frc_weighted_adaptive,-112.88237548518664,1.2,,,d6-c1-n0.05-m15,6,1,0.05,15,,-53.44511423878
colosseum,15,frc_unweighted_knn,-14.7,0.42,,,d6-c1-n0.05-m15,6,1,0.05,15,,-53.44511423878
colosseum,15,orc,-0.325691473423417,7.15,,,d6-c1-n0.05-m15,6,1,0.05,15,,-53.44511423878
colosseum,15,spc_hop,,0.0,,,d6-c1-n0.05-m15,6,1,0.05,15,,-53.44511423878
colosseum,15,spc_diffusion_t5,,0.0,,,d6-c1-n0.05-m15,6,1,0.05,15,,-53.44511423878
colosseum,15,laziness_knn_t5,-6.383315563201904,0.69,,,d6-c1-n0.05-m15,6,1,0.05,15,,-53.44511423878
colosseum,15,laziness_adaptive_t5,-6.359401702880859,0.73,,,d6-c1-n0.05-m15,6,1,0.05,15,,-53.44511423878
colosseum,15,successor_entropy,-1.5493197780187862,0.05,950.19,,d6-c1-n0.05-m15,6,1,0.05,15,,-53.44511423878
colosseum,15,successor_orc,0.9543435770617552,5.23,950.19,,d6-c1-n0.05-m15,6,1,0.05,15,,-53.44511423878
colosseum,16,dc2,-0.1477246284484863,12.71,,,d6-c1-n0.05-m16,6,1,0.05,16,,-11.02311996777974
colosseum,16,dc_wasserstein_ollivier,0.4754549264907837,3.65,,,d6-c1-n0.05-m16,6,1,0.05,16,,-11.02311996777974
colosseum,16,dc_entropic_subtraction,3.168154239654541,2.64,,,d6-c1-n0.05-m16,6,1,0.05,16,,-11.02311996777974
colosseum,16,hickock,20.09002638880759,54.58,,,d6-c1-n0.05-m16,6,1,0.05,16,,-11.02311996777974
colosseum,16,frc_weighted_adaptive,-96.80371801796606,1.05,,,d6-c1-n0.05-m16,6,1,0.05,16,,-11.02311996777974
colosseum,16,frc_unweighted_knn,-11.533333333333331,0.33,,,d6-c1-n0.05-m16,6,1,0.05,16,,-11.02311996777974
colosseum,16,orc,-0.1970978858196496,7.3,,,d6-c1-n0.05-m16,6,1,0.05,16,,-11.02311996777974
colosseum,16,spc_hop,,0.0,,,d6-c1-n0.05-m16,6,1,0.05,16,,-11.02311996777974
colosseum,16,spc_diffusion_t5,,0.0,,,d6-c1-n0.05-m16,6,1,0.05,16,,-11.02311996777974
colosseum,16,laziness_knn_t5,-6.439828872680664,0.67,,,d6-c1-n0.05-m16,6,1,0.05,16,,-11.02311996777974
colosseum,16,laziness_adaptive_t5,-6.467939376831055,0.83,,,d6-c1-n0.05-m16,6,1,0.05,16,,-11.02311996777974
colosseum,16,successor_entropy,-1.4683240603442924,0.05,940.16,,d6-c1-n0.05-m16,6,1,0.05,16,,-11.02311996777974
colosseum,16,successor_orc,0.9507164589465952,5.79,940.16,,d6-c1-n0.05-m16,6,1,0.05,16,,-11.02311996777974
colosseum,17,dc2,-0.4303059577941894,12.6,,,d6-c1-n0.05-m17,6,1,0.05,17,,-36.92476137340151
colosseum,17,dc_wasserstein_ollivier,0.5690445899963379,3.64,,,d6-c1-n0.05-m17,6,1,0.05,17,,-36.92476137340151
colosseum,17,dc_entropic_subtraction,3.5326039791107178,2.62,,,d6-c1-n0.05-m17,6,1,0.05,17,,-36.92476137340151
colosseum,17,hickock,20.857015102357792,53.78,,,d6-c1-n0.05-m17,6,1,0.05,17,,-36.92476137340151
colosseum,17,frc_weighted_adaptive,-139.18244376198433,1.04,,,d6-c1-n0.05-m17,6,1,0.05,17,,-36.92476137340151
colosseum,17,frc_unweighted_knn,-15.4,0.34,,,d6-c1-n0.05-m17,6,1,0.05,17,,-36.92476137340151
colosseum,17,orc,-0.300837002284828,7.32,,,d6-c1-n0.05-m17,6,1,0.05,17,,-36.92476137340151
colosseum,17,spc_hop,,0.0,,,d6-c1-n0.05-m17,6,1,0.05,17,,-36.92476137340151
colosseum,17,spc_diffusion_t5,,0.0,,,d6-c1-n0.05-m17,6,1,0.05,17,,-36.92476137340151
colosseum,17,laziness_knn_t5,-6.557320594787598,0.67,,,d6-c1-n0.05-m17,6,1,0.05,17,,-36.92476137340151
colosseum,17,laziness_adaptive_t5,-6.551150798797607,0.71,,,d6-c1-n0.05-m17,6,1,0.05,17,,-36.92476137340151
colosseum,17,successor_entropy,-1.604372355871213,0.05,950.99,,d6-c1-n0.05-m17,6,1,0.05,17,,-36.92476137340151
colosseum,17,successor_orc,0.951264584398324,5.79,950.99,,d6-c1-n0.05-m17,6,1,0.05,17,,-36.92476137340151
colosseum,18,dc2,-0.6848516464233398,12.74,,,d6-c1-n0.05-m18,6,1,0.05,18,,-61.19082623328029
colosseum,18,dc_wasserstein_ollivier,0.5453214645385742,3.31,,,d6-c1-n0.05-m18,6,1,0.05,18,,-61.19082623328029
colosseum,18,dc_entropic_subtraction,3.5656981468200684,2.78,,,d6-c1-n0.05-m18,6,1,0.05,18,,-61.19082623328029
colosseum,18,hickock,20.505233774360995,53.8,,,d6-c1-n0.05-m18,6,1,0.05,18,,-61.19082623328029
colosseum,18,frc_weighted_adaptive,-148.1977678887868,1.06,,,d6-c1-n0.05-m18,6,1,0.05,18,,-61.19082623328029
colosseum,18,frc_unweighted_knn,-16.333333333333332,0.34,,,d6-c1-n0.05-m18,6,1,0.05,18,,-61.19082623328029
colosseum,18,orc,-0.3964645438352801,6.79,,,d6-c1-n0.05-m18,6,1,0.05,18,,-61.19082623328029
colosseum,18,spc_hop,,0.0,,,d6-c1-n0.05-m18,6,1,0.05,18,,-61.19082623328029
colosseum,18,spc_diffusion_t5,,0.0,,,d6-c1-n0.05-m18,6,1,0.05,18,,-61.19082623328029
colosseum,18,laziness_knn_t5,-6.839216232299805,0.7,,,d6-c1-n0.05-m18,6,1,0.05,18,,-61.19082623328029
colosseum,18,laziness_adaptive_t5,-6.815933227539063,0.74,,,d6-c1-n0.05-m18,6,1,0.05,18,,-61.19082623328029
colosseum,18,successor_entropy,-1.6121691735554486,0.05,952.07,,d6-c1-n0.05-m18,6,1,0.05,18,,-61.19082623328029
colosseum,18,successor_orc,0.95247296285806,5.82,952.07,,d6-c1-n0.05-m18,6,1,0.05,18,,-61.19082623328029
colosseum,19,dc2,-0.302825927734375,13.18,,,d6-c1-n0.05-m19,6,1,0.05,19,,-62.88661176364745
colosseum,19,dc_wasserstein_ollivier,0.6556548476219177,3.48,,,d6-c1-n0.05-m19,6,1,0.05,19,,-62.88661176364745
colosseum,19,dc_entropic_subtraction,4.329954624176025,2.84,,,d6-c1-n0.05-m19,6,1,0.05,19,,-62.88661176364745
colosseum,19,hickock,20.848713247226197,51.85,,,d6-c1-n0.05-m19,6,1,0.05,19,,-62.88661176364745
colosseum,19,frc_weighted_adaptive,-121.80624113810384,1.06,,,d6-c1-n0.05-m19,6,1,0.05,19,,-62.88661176364745
colosseum,19,frc_unweighted_knn,-16.583333333333332,0.34,,,d6-c1-n0.05-m19,6,1,0.05,19,,-62.88661176364745
colosseum,19,orc,-0.3903866841041332,8.16,,,d6-c1-n0.05-m19,6,1,0.05,19,,-62.88661176364745
colosseum,19,spc_hop,,0.0,,,d6-c1-n0.05-m19,6,1,0.05,19,,-62.88661176364745
colosseum,19,spc_diffusion_t5,,0.0,,,d6-c1-n0.05-m19,6,1,0.05,19,,-62.88661176364745
colosseum,19,laziness_knn_t5,-6.669338226318359,0.7,,,d6-c1-n0.05-m19,6,1,0.05,19,,-62.88661176364745
colosseum,19,laziness_adaptive_t5,-6.654042720794678,0.73,,,d6-c1-n0.05-m19,6,1,0.05,19,,-62.88661176364745
colosseum,19,successor_entropy,-1.6157120788718264,0.04,944.09,,d6-c1-n0.05-m19,6,1,0.05,19,,-62.88661176364745
colosseum,19,successor_orc,0.953658453557878,6.43,944.09,,d6-c1-n0.05-m19,6,1,0.05,19,,-62.88661176364745
colosseum,20,dc2,0.1545090675354004,12.33,,,d6-c1-n0.05-m20,6,1,0.05,20,,8.29756513122593
colosseum,20,dc_wasserstein_ollivier,0.7712547183036804,3.18,,,d6-c1-n0.05-m20,6,1,0.05,20,,8.29756513122593
colosseum,20,dc_entropic_subtraction,4.958144187927246,2.79,,,d6-c1-n0.05-m20,6,1,0.05,20,,8.29756513122593
colosseum,20,hickock,20.87832962192712,53.75,,,d6-c1-n0.05-m20,6,1,0.05,20,,8.29756513122593
colosseum,20,frc_weighted_adaptive,-176.13401412450918,1.05,,,d6-c1-n0.05-m20,6,1,0.05,20,,8.29756513122593
colosseum,20,frc_unweighted_knn,-15.0,0.34,,,d6-c1-n0.05-m20,6,1,0.05,20,,8.29756513122593
colosseum,20,orc,-0.373143176777621,6.98,,,d6-c1-n0.05-m20,6,1,0.05,20,,8.29756513122593
colosseum,20,spc_hop,,0.0,,,d6-c1-n0.05-m20,6,1,0.05,20,,8.29756513122593
colosseum,20,spc_diffusion_t5,,0.0,,,d6-c1-n0.05-m20,6,1,0.05,20,,8.29756513122593
colosseum,20,laziness_knn_t5,-6.516175270080566,0.69,,,d6-c1-n0.05-m20,6,1,0.05,20,,8.29756513122593
colosseum,20,laziness_adaptive_t5,-6.516301155090332,0.73,,,d6-c1-n0.05-m20,6,1,0.05,20,,8.29756513122593
colosseum,20,successor_entropy,-1.5609932320001922,0.05,935.26,,d6-c1-n0.05-m20,6,1,0.05,20,,8.29756513122593
colosseum,20,successor_orc,0.951610110506836,6.6,935.26,,d6-c1-n0.05-m20,6,1,0.05,20,,8.29756513122593
colosseum,21,dc2,0.1366820335388183,11.94,,,d6-c1-n0.05-m21,6,1,0.05,21,,-22.94081633203649
colosseum,21,dc_wasserstein_ollivier,0.6338052749633789,3.14,,,d6-c1-n0.05-m21,6,1,0.05,21,,-22.94081633203649
colosseum,21,dc_entropic_subtraction,3.9123592376708975,2.5,,,d6-c1-n0.05-m21,6,1,0.05,21,,-22.94081633203649
colosseum,21,hickock,20.189663157022466,52.49,,,d6-c1-n0.05-m21,6,1,0.05,21,,-22.94081633203649
colosseum,21,frc_weighted_adaptive,-140.4847643911244,1.09,,,d6-c1-n0.05-m21,6,1,0.05,21,,-22.94081633203649
colosseum,21,frc_unweighted_knn,-15.090909090909092,0.62,,,d6-c1-n0.05-m21,6,1,0.05,21,,-22.94081633203649
colosseum,21,orc,-0.3190389514704321,7.08,,,d6-c1-n0.05-m21,6,1,0.05,21,,-22.94081633203649
colosseum,21,spc_hop,,0.0,,,d6-c1-n0.05-m21,6,1,0.05,21,,-22.94081633203649
colosseum,21,spc_diffusion_t5,,0.0,,,d6-c1-n0.05-m21,6,1,0.05,21,,-22.94081633203649
colosseum,21,laziness_knn_t5,-6.442199230194092,0.67,,,d6-c1-n0.05-m21,6,1,0.05,21,,-22.94081633203649
colosseum,21,laziness_adaptive_t5,-6.425071716308594,0.73,,,d6-c1-n0.05-m21,6,1,0.05,21,,-22.94081633203649
colosseum,21,successor_entropy,-1.557349990400796,0.05,960.26,,d6-c1-n0.05-m21,6,1,0.05,21,,-22.94081633203649
colosseum,21,successor_orc,0.9524048278421128,8.63,960.26,,d6-c1-n0.05-m21,6,1,0.05,21,,-22.94081633203649
colosseum,22,dc2,-0.3021154403686523,14.46,,,d6-c1-n0.05-m22,6,1,0.05,22,,-53.76228827911729
colosseum,22,dc_wasserstein_ollivier,0.6701368093490601,3.34,,,d6-c1-n0.05-m22,6,1,0.05,22,,-53.76228827911729
colosseum,22,dc_entropic_subtraction,4.28476619720459,2.5,,,d6-c1-n0.05-m22,6,1,0.05,22,,-53.76228827911729
colosseum,22,hickock,20.990920908877836,49.98,,,d6-c1-n0.05-m22,6,1,0.05,22,,-53.76228827911729
colosseum,22,frc_weighted_adaptive,-131.81528245077652,1.13,,,d6-c1-n0.05-m22,6,1,0.05,22,,-53.76228827911729
colosseum,22,frc_unweighted_knn,-12.0,0.35,,,d6-c1-n0.05-m22,6,1,0.05,22,,-53.76228827911729
colosseum,22,orc,-0.2548328009549066,7.15,,,d6-c1-n0.05-m22,6,1,0.05,22,,-53.76228827911729
colosseum,22,spc_hop,,0.0,,,d6-c1-n0.05-m22,6,1,0.05,22,,-53.76228827911729
colosseum,22,spc_diffusion_t5,,0.0,,,d6-c1-n0.05-m22,6,1,0.05,22,,-53.76228827911729
colosseum,22,laziness_knn_t5,-6.49411678314209,0.68,,,d6-c1-n0.05-m22,6,1,0.05,22,,-53.76228827911729
colosseum,22,laziness_adaptive_t5,-6.572293758392334,0.78,,,d6-c1-n0.05-m22,6,1,0.05,22,,-53.76228827911729
colosseum,22,successor_entropy,-1.5612539182389156,0.05,962.09,,d6-c1-n0.05-m22,6,1,0.05,22,,-53.76228827911729
colosseum,22,successor_orc,0.952226717619174,5.65,962.09,,d6-c1-n0.05-m22,6,1,0.05,22,,-53.76228827911729
colosseum,23,dc2,-0.1264820098876953,12.95,,,d6-c1-n0.05-m23,6,1,0.05,23,,-24.262448707836604
colosseum,23,dc_wasserstein_ollivier,0.5552650690078735,3.27,,,d6-c1-n0.05-m23,6,1,0.05,23,,-24.262448707836604
colosseum,23,dc_entropic_subtraction,3.757955074310303,3.24,,,d6-c1-n0.05-m23,6,1,0.05,23,,-24.262448707836604
colosseum,23,hickock,20.750546932146168,53.81,,,d6-c1-n0.05-m23,6,1,0.05,23,,-24.262448707836604
colosseum,23,frc_weighted_adaptive,-98.38453835574086,1.03,,,d6-c1-n0.05-m23,6,1,0.05,23,,-24.262448707836604
colosseum,23,frc_unweighted_knn,-11.5,0.34,,,d6-c1-n0.05-m23,6,1,0.05,23,,-24.262448707836604
colosseum,23,orc,-0.3436700746505819,7.94,,,d6-c1-n0.05-m23,6,1,0.05,23,,-24.262448707836604
colosseum,23,spc_hop,,0.0,,,d6-c1-n0.05-m23,6,1,0.05,23,,-24.262448707836604
colosseum,23,spc_diffusion_t5,,0.0,,,d6-c1-n0.05-m23,6,1,0.05,23,,-24.262448707836604
colosseum,23,laziness_knn_t5,-6.675817012786865,0.68,,,d6-c1-n0.05-m23,6,1,0.05,23,,-24.262448707836604
colosseum,23,laziness_adaptive_t5,-6.672184944152832,0.99,,,d6-c1-n0.05-m23,6,1,0.05,23,,-24.262448707836604
colosseum,23,successor_entropy,-1.5656514325210205,0.05,968.24,,d6-c1-n0.05-m23,6,1,0.05,23,,-24.262448707836604
colosseum,23,successor_orc,0.9505749962245528,18.01,968.24,,d6-c1-n0.05-m23,6,1,0.05,23,,-24.262448707836604
colosseum,24,dc2,0.0133643150329589,13.24,,,d6-c1-n0.05-m24,6,1,0.05,24,,-76.6967996696819
colosseum,24,dc_wasserstein_ollivier,0.7809048891067505,3.26,,,d6-c1-n0.05-m24,6,1,0.05,24,,-76.6967996696819
colosseum,24,dc_entropic_subtraction,5.163034439086914,2.57,,,d6-c1-n0.05-m24,6,1,0.05,24,,-76.6967996696819
colosseum,24,hickock,20.88593090000566,56.6,,,d6-c1-n0.05-m24,6,1,0.05,24,,-76.6967996696819
colosseum,24,frc_weighted_adaptive,-178.19059607466767,1.03,,,d6-c1-n0.05-m24,6,1,0.05,24,,-76.6967996696819
colosseum,24,frc_unweighted_knn,-15.818181818181818,0.34,,,d6-c1-n0.05-m24,6,1,0.05,24,,-76.6967996696819
colosseum,24,orc,-0.4166584012065609,7.06,,,d6-c1-n0.05-m24,6,1,0.05,24,,-76.6967996696819
colosseum,24,spc_hop,,0.0,,,d6-c1-n0.05-m24,6,1,0.05,24,,-76.6967996696819
colosseum,24,spc_diffusion_t5,,0.0,,,d6-c1-n0.05-m24,6,1,0.05,24,,-76.6967996696819
colosseum,24,laziness_knn_t5,-6.728056907653809,0.68,,,d6-c1-n0.05-m24,6,1,0.05,24,,-76.6967996696819
colosseum,24,laziness_adaptive_t5,-6.674948215484619,0.77,,,d6-c1-n0.05-m24,6,1,0.05,24,,-76.6967996696819
colosseum,24,successor_entropy,-1.5856656634542936,0.05,973.65,,d6-c1-n0.05-m24,6,1,0.05,24,,-76.6967996696819
colosseum,24,successor_orc,0.9524367556505576,5.31,973.65,,d6-c1-n0.05-m24,6,1,0.05,24,,-76.6967996696819
colosseum,25,dc2,-0.3422460556030273,12.56,,,d6-c1-n0.05-m25,6,1,0.05,25,,-42.594511894875325
colosseum,25,dc_wasserstein_ollivier,0.8481146693229675,3.75,,,d6-c1-n0.05-m25,6,1,0.05,25,,-42.594511894875325
colosseum,25,dc_entropic_subtraction,5.947604179382324,2.67,,,d6-c1-n0.05-m25,6,1,0.05,25,,-42.594511894875325
colosseum,25,hickock,21.755652427035034,52.37,,,d6-c1-n0.05-m25,6,1,0.05,25,,-42.594511894875325
colosseum,25,frc_weighted_adaptive,-67.4865836124336,1.11,,,d6-c1-n0.05-m25,6,1,0.05,25,,-42.594511894875325
colosseum,25,frc_unweighted_knn,-19.25,0.34,,,d6-c1-n0.05-m25,6,1,0.05,25,,-42.594511894875325
colosseum,25,orc,-0.3664660540067816,7.59,,,d6-c1-n0.05-m25,6,1,0.05,25,,-42.594511894875325
colosseum,25,spc_hop,,0.0,,,d6-c1-n0.05-m25,6,1,0.05,25,,-42.594511894875325
colosseum,25,spc_diffusion_t5,,0.0,,,d6-c1-n0.05-m25,6,1,0.05,25,,-42.594511894875325
colosseum,25,laziness_knn_t5,-6.843647480010986,0.71,,,d6-c1-n0.05-m25,6,1,0.05,25,,-42.594511894875325
colosseum,25,laziness_adaptive_t5,-6.829831600189209,0.78,,,d6-c1-n0.05-m25,6,1,0.05,25,,-42.594511894875325
colosseum,25,successor_entropy,-1.5618369883693133,0.05,969.65,,d6-c1-n0.05-m25,6,1,0.05,25,,-42.594511894875325
colosseum,25,successor_orc,0.9510431288001384,5.33,969.65,,d6-c1-n0.05-m25,6,1,0.05,25,,-42.594511894875325
colosseum,26,dc2,-0.0330090522766113,12.6,,,d6-c1-n0.05-m26,6,1,0.05,26,,-10.380666763968478
colosseum,26,dc_wasserstein_ollivier,0.7609533071517944,3.42,,,d6-c1-n0.05-m26,6,1,0.05,26,,-10.380666763968478
colosseum,26,dc_entropic_subtraction,5.057539939880371,2.5,,,d6-c1-n0.05-m26,6,1,0.05,26,,-10.380666763968478
colosseum,26,hickock,21.094900138778083,50.62,,,d6-c1-n0.05-m26,6,1,0.05,26,,-10.380666763968478
colosseum,26,frc_weighted_adaptive,-118.0766113096456,1.15,,,d6-c1-n0.05-m26,6,1,0.05,26,,-10.380666763968478
colosseum,26,frc_unweighted_knn,-14.166666666666666,0.35,,,d6-c1-n0.05-m26,6,1,0.05,26,,-10.380666763968478
colosseum,26,orc,-0.2707531132519089,7.51,,,d6-c1-n0.05-m26,6,1,0.05,26,,-10.380666763968478
colosseum,26,spc_hop,,0.0,,,d6-c1-n0.05-m26,6,1,0.05,26,,-10.380666763968478
colosseum,26,spc_diffusion_t5,,0.0,,,d6-c1-n0.05-m26,6,1,0.05,26,,-10.380666763968478
colosseum,26,laziness_knn_t5,-6.485960006713867,0.68,,,d6-c1-n0.05-m26,6,1,0.05,26,,-10.380666763968478
colosseum,26,laziness_adaptive_t5,-6.477787494659424,0.76,,,d6-c1-n0.05-m26,6,1,0.05,26,,-10.380666763968478
colosseum,26,successor_entropy,-1.507997225821484,0.05,979.73,,d6-c1-n0.05-m26,6,1,0.05,26,,-10.380666763968478
colosseum,26,successor_orc,0.9505187255557356,5.22,979.73,,d6-c1-n0.05-m26,6,1,0.05,26,,-10.380666763968478
colosseum,27,dc2,-0.2145309448242187,12.56,,,d6-c1-n0.05-m27,6,1,0.05,27,,-42.72013066277867
colosseum,27,dc_wasserstein_ollivier,0.6240374445915222,3.22,,,d6-c1-n0.05-m27,6,1,0.05,27,,-42.72013066277867
colosseum,27,dc_entropic_subtraction,3.7848711013793945,2.76,,,d6-c1-n0.05-m27,6,1,0.05,27,,-42.72013066277867
colosseum,27,hickock,20.738639171874,53.06,,,d6-c1-n0.05-m27,6,1,0.05,27,,-42.72013066277867
colosseum,27,frc_weighted_adaptive,-73.79797208693546,1.06,,,d6-c1-n0.05-m27,6,1,0.05,27,,-42.72013066277867
colosseum,27,frc_unweighted_knn,-13.23076923076923,0.35,,,d6-c1-n0.05-m27,6,1,0.05,27,,-42.72013066277867
colosseum,27,orc,-0.2699555620559273,7.91,,,d6-c1-n0.05-m27,6,1,0.05,27,,-42.72013066277867
colosseum,27,spc_hop,,0.0,,,d6-c1-n0.05-m27,6,1,0.05,27,,-42.72013066277867
colosseum,27,spc_diffusion_t5,,0.0,,,d6-c1-n0.05-m27,6,1,0.05,27,,-42.72013066277867
colosseum,27,laziness_knn_t5,-6.41963005065918,0.7,,,d6-c1-n0.05-m27,6,1,0.05,27,,-42.72013066277867
colosseum,27,laziness_adaptive_t5,-6.441625118255615,0.73,,,d6-c1-n0.05-m27,6,1,0.05,27,,-42.72013066277867
colosseum,0,dc2,-0.104217529296875,15.02,,,d6-c1-n0.1-m0,6,1,0.1,0,,38.38552254452796
colosseum,0,dc_wasserstein_ollivier,0.711269736289978,4.29,,,d6-c1-n0.1-m0,6,1,0.1,0,,38.38552254452796
colosseum,0,dc_entropic_subtraction,4.928739070892334,3.07,,,d6-c1-n0.1-m0,6,1,0.1,0,,38.38552254452796
colosseum,0,hickock,21.14036927139788,45.54,,,d6-c1-n0.1-m0,6,1,0.1,0,,38.38552254452796
colosseum,0,frc_weighted_adaptive,-192.1277940891372,1.09,,,d6-c1-n0.1-m0,6,1,0.1,0,,38.38552254452796
colosseum,0,frc_unweighted_knn,-14.8,0.35,,,d6-c1-n0.1-m0,6,1,0.1,0,,38.38552254452796
colosseum,0,orc,-0.3436409565859845,6.71,,,d6-c1-n0.1-m0,6,1,0.1,0,,38.38552254452796
colosseum,0,spc_hop,,0.0,,,d6-c1-n0.1-m0,6,1,0.1,0,,38.38552254452796
colosseum,0,spc_diffusion_t5,,0.0,,,d6-c1-n0.1-m0,6,1,0.1,0,,38.38552254452796
colosseum,0,laziness_knn_t5,-6.417010307312012,0.87,,,d6-c1-n0.1-m0,6,1,0.1,0,,38.38552254452796
colosseum,0,laziness_adaptive_t5,-6.428182601928711,0.71,,,d6-c1-n0.1-m0,6,1,0.1,0,,38.38552254452796
colosseum,0,successor_entropy,-1.4839227172788232,0.06,990.62,,d6-c1-n0.1-m0,6,1,0.1,0,,38.38552254452796
colosseum,0,successor_orc,0.9505775900452468,4.01,990.62,,d6-c1-n0.1-m0,6,1,0.1,0,,38.38552254452796
colosseum,1,dc2,-0.3825807571411133,13.71,,,d6-c1-n0.1-m1,6,1,0.1,1,,-62.51750348658487
colosseum,1,dc_wasserstein_ollivier,0.6884716749191284,4.02,,,d6-c1-n0.1-m1,6,1,0.1,1,,-62.51750348658487
colosseum,1,dc_entropic_subtraction,4.287177562713623,2.7,,,d6-c1-n0.1-m1,6,1,0.1,1,,-62.51750348658487
colosseum,1,hickock,20.68245201095916,46.55,,,d6-c1-n0.1-m1,6,1,0.1,1,,-62.51750348658487
colosseum,1,frc_weighted_adaptive,-106.05876941500476,1.06,,,d6-c1-n0.1-m1,6,1,0.1,1,,-62.51750348658487
colosseum,1,frc_unweighted_knn,-14.833333333333334,0.35,,,d6-c1-n0.1-m1,6,1,0.1,1,,-62.51750348658487
colosseum,1,orc,-0.2857162623986924,6.79,,,d6-c1-n0.1-m1,6,1,0.1,1,,-62.51750348658487
colosseum,1,spc_hop,,0.0,,,d6-c1-n0.1-m1,6,1,0.1,1,,-62.51750348658487
colosseum,1,spc_diffusion_t5,,0.0,,,d6-c1-n0.1-m1,6,1,0.1,1,,-62.51750348658487
colosseum,1,laziness_knn_t5,-6.581264495849609,0.74,,,d6-c1-n0.1-m1,6,1,0.1,1,,-62.51750348658487
colosseum,1,laziness_adaptive_t5,-6.574849605560303,0.72,,,d6-c1-n0.1-m1,6,1,0.1,1,,-62.51750348658487
colosseum,1,successor_entropy,-1.5886299622012303,0.05,969.91,,d6-c1-n0.1-m1,6,1,0.1,1,,-62.51750348658487
colosseum,1,successor_orc,0.9510916437437452,3.98,969.91,,d6-c1-n0.1-m1,6,1,0.1,1,,-62.51750348658487
colosseum,2,dc2,-0.0751972198486328,14.07,,,d6-c1-n0.1-m2,6,1,0.1,2,,-16.508524996198993
colosseum,2,dc_wasserstein_ollivier,0.692211389541626,4.14,,,d6-c1-n0.1-m2,6,1,0.1,2,,-16.508524996198993
colosseum,2,dc_entropic_subtraction,4.201777458190918,2.64,,,d6-c1-n0.1-m2,6,1,0.1,2,,-16.508524996198993
colosseum,2,hickock,20.71553243219215,46.0,,,d6-c1-n0.1-m2,6,1,0.1,2,,-16.508524996198993
colosseum,2,frc_weighted_adaptive,-74.01561520157111,1.05,,,d6-c1-n0.1-m2,6,1,0.1,2,,-16.508524996198993
colosseum,2,frc_unweighted_knn,-16.363636363636363,0.35,,,d6-c1-n0.1-m2,6,1,0.1,2,,-16.508524996198993
colosseum,2,orc,-0.3319557252518299,7.06,,,d6-c1-n0.1-m2,6,1,0.1,2,,-16.508524996198993
colosseum,2,spc_hop,,0.0,,,d6-c1-n0.1-m2,6,1,0.1,2,,-16.508524996198993
colosseum,2,spc_diffusion_t5,,0.0,,,d6-c1-n0.1-m2,6,1,0.1,2,,-16.508524996198993
colosseum,2,laziness_knn_t5,-6.596384048461914,0.7,,,d6-c1-n0.1-m2,6,1,0.1,2,,-16.508524996198993
colosseum,2,laziness_adaptive_t5,-6.538215637207031,0.72,,,d6-c1-n0.1-m2,6,1,0.1,2,,-16.508524996198993
colosseum,2,successor_entropy,-1.4387902200940683,0.05,984.32,,d6-c1-n0.1-m2,6,1,0.1,2,,-16.508524996198993
colosseum,2,successor_orc,0.9513503615464354,4.16,984.32,,d6-c1-n0.1-m2,6,1,0.1,2,,-16.508524996198993
colosseum,3,dc2,-0.2150440216064453,13.76,,,d6-c1-n0.1-m3,6,1,0.1,3,,1.2816711573100363
colosseum,3,dc_wasserstein_ollivier,0.6604892015457153,3.75,,,d6-c1-n0.1-m3,6,1,0.1,3,,1.2816711573100363
colosseum,3,dc_entropic_subtraction,4.251863956451416,3.3,,,d6-c1-n0.1-m3,6,1,0.1,3,,1.2816711573100363
colosseum,3,hickock,20.66137545472133,48.57,,,d6-c1-n0.1-m3,6,1,0.1,3,,1.2816711573100363
colosseum,3,frc_weighted_adaptive,-93.48490133849872,1.1,,,d6-c1-n0.1-m3,6,1,0.1,3,,1.2816711573100363
colosseum,3,frc_unweighted_knn,-14.363636363636363,0.34,,,d6-c1-n0.1-m3,6,1,0.1,3,,1.2816711573100363
colosseum,3,orc,-0.3861055921011559,6.8,,,d6-c1-n0.1-m3,6,1,0.1,3,,1.2816711573100363
colosseum,3,spc_hop,,0.0,,,d6-c1-n0.1-m3,6,1,0.1,3,,1.2816711573100363
colosseum,3,spc_diffusion_t5,,0.0,,,d6-c1-n0.1-m3,6,1,0.1,3,,1.2816711573100363
colosseum,3,laziness_knn_t5,-6.522298336029053,0.7,,,d6-c1-n0.1-m3,6,1,0.1,3,,1.2816711573100363
colosseum,3,laziness_adaptive_t5,-6.493574142456055,0.78,,,d6-c1-n0.1-m3,6,1,0.1,3,,1.2816711573100363
colosseum,3,successor_entropy,-1.5133225721526735,0.04,973.41,,d6-c1-n0.1-m3,6,1,0.1,3,,1.2816711573100363
colosseum,3,successor_orc,0.9510230137901942,4.67,973.41,,d6-c1-n0.1-m3,6,1,0.1,3,,1.2816711573100363
colosseum,4,dc2,-0.1004443168640136,12.99,,,d6-c1-n0.1-m4,6,1,0.1,4,,-31.59819031074983
colosseum,4,dc_wasserstein_ollivier,0.748236894607544,3.45,,,d6-c1-n0.1-m4,6,1,0.1,4,,-31.59819031074983
colosseum,4,dc_entropic_subtraction,4.7617268562316895,3.28,,,d6-c1-n0.1-m4,6,1,0.1,4,,-31.59819031074983
colosseum,4,hickock,20.811110569291564,43.95,,,d6-c1-n0.1-m4,6,1,0.1,4,,-31.59819031074983
colosseum,4,frc_weighted_adaptive,-211.03837338703215,1.33,,,d6-c1-n0.1-m4,6,1,0.1,4,,-31.59819031074983
colosseum,4,frc_unweighted_knn,-10.6,0.34,,,d6-c1-n0.1-m4,6,1,0.1,4,,-31.59819031074983
colosseum,4,orc,-0.2852913634205534,6.74,,,d6-c1-n0.1-m4,6,1,0.1,4,,-31.59819031074983
colosseum,4,spc_hop,,0.0,,,d6-c1-n0.1-m4,6,1,0.1,4,,-31.59819031074983
colosseum,4,spc_diffusion_t5,,0.0,,,d6-c1-n0.1-m4,6,1,0.1,4,,-31.59819031074983
colosseum,4,laziness_knn_t5,-6.449867248535156,0.67,,,d6-c1-n0.1-m4,6,1,0.1,4,,-31.59819031074983
colosseum,4,laziness_adaptive_t5,-6.413515090942383,0.71,,,d6-c1-n0.1-m4,6,1,0.1,4,,-31.59819031074983
colosseum,4,successor_entropy,-1.503831384412013,0.05,906.0,,d6-c1-n0.1-m4,6,1,0.1,4,,-31.59819031074983
colosseum,4,successor_orc,0.9528221592852998,5.22,906.0,,d6-c1-n0.1-m4,6,1,0.1,4,,-31.59819031074983
colosseum,5,dc2,-0.7905921936035156,13.19,,,d6-c1-n0.1-m5,6,1,0.1,5,,-31.697488288220548
colosseum,5,dc_wasserstein_ollivier,0.5190960168838501,3.63,,,d6-c1-n0.1-m5,6,1,0.1,5,,-31.697488288220548
colosseum,5,dc_entropic_subtraction,3.263064384460449,2.5,,,d6-c1-n0.1-m5,6,1,0.1,5,,-31.697488288220548
colosseum,5,hickock,20.549117730496988,44.14,,,d6-c1-n0.1-m5,6,1,0.1,5,,-31.697488288220548
colosseum,5,frc_weighted_adaptive,-159.81761157031954,1.36,,,d6-c1-n0.1-m5,6,1,0.1,5,,-31.697488288220548
colosseum,5,frc_unweighted_knn,-10.583333333333334,0.35,,,d6-c1-n0.1-m5,6,1,0.1,5,,-31.697488288220548
colosseum,5,orc,-0.1878625233976003,6.94,,,d6-c1-n0.1-m5,6,1,0.1,5,,-31.697488288220548
colosseum,5,spc_hop,,0.0,,,d6-c1-n0.1-m5,6,1,0.1,5,,-31.697488288220548
colosseum,5,spc_diffusion_t5,,0.0,,,d6-c1-n0.1-m5,6,1,0.1,5,,-31.697488288220548
colosseum,5,laziness_knn_t5,-6.593265056610107,0.7,,,d6-c1-n0.1-m5,6,1,0.1,5,,-31.697488288220548
colosseum,5,laziness_adaptive_t5,-6.570660591125488,0.73,,,d6-c1-n0.1-m5,6,1,0.1,5,,-31.697488288220548
colosseum,5,successor_entropy,-1.5864806450138178,0.05,914.79,,d6-c1-n0.1-m5,6,1,0.1,5,,-31.697488288220548
colosseum,5,successor_orc,0.950306013687708,10.28,914.79,,d6-c1-n0.1-m5,6,1,0.1,5,,-31.697488288220548
colosseum,6,dc2,-0.5216550827026367,13.12,,,d6-c1-n0.1-m6,6,1,0.1,6,,-62.23776466618613
colosseum,6,dc_wasserstein_ollivier,0.6750530004501343,3.35,,,d6-c1-n0.1-m6,6,1,0.1,6,,-62.23776466618613
colosseum,6,dc_entropic_subtraction,4.304976940155029,2.44,,,d6-c1-n0.1-m6,6,1,0.1,6,,-62.23776466618613
colosseum,6,hickock,20.475275757626655,47.24,,,d6-c1-n0.1-m6,6,1,0.1,6,,-62.23776466618613
colosseum,6,frc_weighted_adaptive,-117.81647313810764,1.07,,,d6-c1-n0.1-m6,6,1,0.1,6,,-62.23776466618613
colosseum,6,frc_unweighted_knn,-17.875,0.35,,,d6-c1-n0.1-m6,6,1,0.1,6,,-62.23776466618613
colosseum,6,orc,-0.3945369208628942,6.99,,,d6-c1-n0.1-m6,6,1,0.1,6,,-62.23776466618613
colosseum,6,spc_hop,,0.0,,,d6-c1-n0.1-m6,6,1,0.1,6,,-62.23776466618613
colosseum,6,spc_diffusion_t5,,0.0,,,d6-c1-n0.1-m6,6,1,0.1,6,,-62.23776466618613
colosseum,6,laziness_knn_t5,-6.7416534423828125,0.66,,,d6-c1-n0.1-m6,6,1,0.1,6,,-62.23776466618613
colosseum,6,laziness_adaptive_t5,-6.732615947723389,0.69,,,d6-c1-n0.1-m6,6,1,0.1,6,,-62.23776466618613
colosseum,6,successor_entropy,-1.5804214423518472,0.05,913.18,,d6-c1-n0.1-m6,6,1,0.1,6,,-62.23776466618613
colosseum,6,successor_orc,0.9510429047412166,12.69,913.18,,d6-c1-n0.1-m6,6,1,0.1,6,,-62.23776466618613
colosseum,7,dc2,-0.3009815216064453,13.01,,,d6-c1-n0.1-m7,6,1,0.1,7,,-12.009140055910162
colosseum,7,dc_wasserstein_ollivier,0.6835907697677612,3.48,,,d6-c1-n0.1-m7,6,1,0.1,7,,-12.009140055910162
colosseum,7,dc_entropic_subtraction,4.053399562835693,2.47,,,d6-c1-n0.1-m7,6,1,0.1,7,,-12.009140055910162
colosseum,7,hickock,20.30905123367256,45.89,,,d6-c1-n0.1-m7,6,1,0.1,7,,-12.009140055910162
colosseum,7,frc_weighted_adaptive,-148.16754692297835,1.07,,,d6-c1-n0.1-m7,6,1,0.1,7,,-12.009140055910162
colosseum,7,frc_unweighted_knn,-11.636363636363637,0.34,,,d6-c1-n0.1-m7,6,1,0.1,7,,-12.009140055910162
colosseum,7,orc,-0.2692030302940431,7.11,,,d6-c1-n0.1-m7,6,1,0.1,7,,-12.009140055910162
colosseum,7,spc_hop,,0.0,,,d6-c1-n0.1-m7,6,1,0.1,7,,-12.009140055910162
colosseum,7,spc_diffusion_t5,,0.0,,,d6-c1-n0.1-m7,6,1,0.1,7,,-12.009140055910162
colosseum,7,laziness_knn_t5,-6.437249183654785,0.66,,,d6-c1-n0.1-m7,6,1,0.1,7,,-12.009140055910162
colosseum,7,laziness_adaptive_t5,-6.331579685211182,0.72,,,d6-c1-n0.1-m7,6,1,0.1,7,,-12.009140055910162
colosseum,7,successor_entropy,-1.5618302056409108,0.06,938.65,,d6-c1-n0.1-m7,6,1,0.1,7,,-12.009140055910162
colosseum,7,successor_orc,0.95185892923922,6.83,938.65,,d6-c1-n0.1-m7,6,1,0.1,7,,-12.009140055910162
colosseum,8,dc2,-0.4351587295532226,14.09,,,d6-c1-n0.1-m8,6,1,0.1,8,,-24.93771705801879
colosseum,8,dc_wasserstein_ollivier,0.679296612739563,3.64,,,d6-c1-n0.1-m8,6,1,0.1,8,,-24.93771705801879
colosseum,8,dc_entropic_subtraction,4.780378818511963,2.72,,,d6-c1-n0.1-m8,6,1,0.1,8,,-24.93771705801879
colosseum,8,hickock,21.16246389307723,46.29,,,d6-c1-n0.1-m8,6,1,0.1,8,,-24.93771705801879
colosseum,8,frc_weighted_adaptive,-105.76346153846514,1.2,,,d6-c1-n0.1-m8,6,1,0.1,8,,-24.93771705801879
colosseum,8,frc_unweighted_knn,-13.6,0.41,,,d6-c1-n0.1-m8,6,1,0.1,8,,-24.93771705801879
colosseum,8,orc,-0.315877666763232,8.3,,,d6-c1-n0.1-m8,6,1,0.1,8,,-24.93771705801879
colosseum,8,spc_hop,,0.0,,,d6-c1-n0.1-m8,6,1,0.1,8,,-24.93771705801879
colosseum,8,spc_diffusion_t5,,0.0,,,d6-c1-n0.1-m8,6,1,0.1,8,,-24.93771705801879
colosseum,8,laziness_knn_t5,-6.645133018493652,0.68,,,d6-c1-n0.1-m8,6,1,0.1,8,,-24.93771705801879
colosseum,8,laziness_adaptive_t5,-6.656683921813965,0.73,,,d6-c1-n0.1-m8,6,1,0.1,8,,-24.93771705801879
colosseum,8,successor_entropy,-1.6038400016845942,0.05,922.29,,d6-c1-n0.1-m8,6,1,0.1,8,,-24.93771705801879
colosseum,8,successor_orc,0.95007991122887,6.47,922.29,,d6-c1-n0.1-m8,6,1,0.1,8,,-24.93771705801879
colosseum,9,dc2,-0.8636260032653809,13.57,,,d6-c1-n0.1-m9,6,1,0.1,9,,-49.77736077615429
colosseum,9,dc_wasserstein_ollivier,0.6031390428543091,3.6,,,d6-c1-n0.1-m9,6,1,0.1,9,,-49.77736077615429
colosseum,9,dc_entropic_subtraction,3.7970497608184814,2.5,,,d6-c1-n0.1-m9,6,1,0.1,9,,-49.77736077615429
colosseum,9,hickock,20.53701006221331,44.97,,,d6-c1-n0.1-m9,6,1,0.1,9,,-49.77736077615429
colosseum,9,frc_weighted_adaptive,-201.50019423365396,1.15,,,d6-c1-n0.1-m9,6,1,0.1,9,,-49.77736077615429
colosseum,9,frc_unweighted_knn,-16.333333333333332,0.36,,,d6-c1-n0.1-m9,6,1,0.1,9,,-49.77736077615429
colosseum,9,orc,-0.3195354152071606,7.71,,,d6-c1-n0.1-m9,6,1,0.1,9,,-49.77736077615429
colosseum,9,spc_hop,,0.0,,,d6-c1-n0.1-m9,6,1,0.1,9,,-49.77736077615429
colosseum,9,spc_diffusion_t5,,0.0,,,d6-c1-n0.1-m9,6,1,0.1,9,,-49.77736077615429
colosseum,9,laziness_knn_t5,-6.635825157165527,0.95,,,d6-c1-n0.1-m9,6,1,0.1,9,,-49.77736077615429
colosseum,9,laziness_adaptive_t5,-6.608463764190674,0.73,,,d6-c1-n0.1-m9,6,1,0.1,9,,-49.77736077615429
colosseum,9,successor_entropy,-1.5781282811860244,0.05,955.28,,d6-c1-n0.1-m9,6,1,0.1,9,,-49.77736077615429
colosseum,9,successor_orc,0.9501281549790876,6.71,955.28,,d6-c1-n0.1-m9,6,1,0.1,9,,-49.77736077615429
colosseum,10,dc2,-0.4139800071716308,12.28,,,d6-c1-n0.1-m10,6,1,0.1,10,,-20.61332677876493
colosseum,10,dc_wasserstein_ollivier,0.5537400841712952,3.38,,,d6-c1-n0.1-m10,6,1,0.1,10,,-20.61332677876493
colosseum,10,dc_entropic_subtraction,3.497739791870117,3.01,,,d6-c1-n0.1-m10,6,1,0.1,10,,-20.61332677876493
colosseum,10,hickock,21.01425431598256,46.4,,,d6-c1-n0.1-m10,6,1,0.1,10,,-20.61332677876493
colosseum,10,frc_weighted_adaptive,-119.0048488376862,1.14,,,d6-c1-n0.1-m10,6,1,0.1,10,,-20.61332677876493
colosseum,10,frc_unweighted_knn,-18.2,0.36,,,d6-c1-n0.1-m10,6,1,0.1,10,,-20.61332677876493
colosseum,10,orc,-0.2707758605805953,7.83,,,d6-c1-n0.1-m10,6,1,0.1,10,,-20.61332677876493
colosseum,10,spc_hop,,0.0,,,d6-c1-n0.1-m10,6,1,0.1,10,,-20.61332677876493
colosseum,10,spc_diffusion_t5,,0.0,,,d6-c1-n0.1-m10,6,1,0.1,10,,-20.61332677876493
colosseum,10,laziness_knn_t5,-6.526071548461914,0.68,,,d6-c1-n0.1-m10,6,1,0.1,10,,-20.61332677876493
colosseum,10,laziness_adaptive_t5,-6.547736167907715,0.77,,,d6-c1-n0.1-m10,6,1,0.1,10,,-20.61332677876493
colosseum,10,successor_entropy,-1.525287595021228,0.05,985.73,,d6-c1-n0.1-m10,6,1,0.1,10,,-20.61332677876493
colosseum,10,successor_orc,0.9532423800780748,5.72,985.73,,d6-c1-n0.1-m10,6,1,0.1,10,,-20.61332677876493
colosseum,11,dc2,-0.7824316024780273,14.5,,,d6-c1-n0.1-m11,6,1,0.1,11,,-17.60190170288964
colosseum,11,dc_wasserstein_ollivier,0.5610836744308472,3.76,,,d6-c1-n0.1-m11,6,1,0.1,11,,-17.60190170288964
colosseum,11,dc_entropic_subtraction,3.722813129425049,2.78,,,d6-c1-n0.1-m11,6,1,0.1,11,,-17.60190170288964
colosseum,11,hickock,20.749025542586,47.87,,,d6-c1-n0.1-m11,6,1,0.1,11,,-17.60190170288964
colosseum,11,frc_weighted_adaptive,-123.31007991805524,1.11,,,d6-c1-n0.1-m11,6,1,0.1,11,,-17.60190170288964
colosseum,11,frc_unweighted_knn,-16.133333333333333,0.36,,,d6-c1-n0.1-m11,6,1,0.1,11,,-17.60190170288964
colosseum,11,orc,-0.3500284080489947,8.01,,,d6-c1-n0.1-m11,6,1,0.1,11,,-17.60190170288964
colosseum,11,spc_hop,,0.0,,,d6-c1-n0.1-m11,6,1,0.1,11,,-17.60190170288964
colosseum,11,spc_diffusion_t5,,0.0,,,d6-c1-n0.1-m11,6,1,0.1,11,,-17.60190170288964
colosseum,11,laziness_knn_t5,-6.679821491241455,0.76,,,d6-c1-n0.1-m11,6,1,0.1,11,,-17.60190170288964
colosseum,11,laziness_adaptive_t5,-6.634740352630615,0.83,,,d6-c1-n0.1-m11,6,1,0.1,11,,-17.60190170288964
colosseum,11,successor_entropy,-1.5724347227945303,0.05,975.18,,d6-c1-n0.1-m11,6,1,0.1,11,,-17.60190170288964
colosseum,11,successor_orc,0.9495519265182552,8.0,975.18,,d6-c1-n0.1-m11,6,1,0.1,11,,-17.60190170288964
colosseum,12,dc2,-0.015629768371582,14.18,,,d6-c1-n0.1-m12,6,1,0.1,12,,-20.032021661677824
colosseum,12,dc_wasserstein_ollivier,0.6867603063583374,3.88,,,d6-c1-n0.1-m12,6,1,0.1,12,,-20.032021661677824
colosseum,12,dc_entropic_subtraction,4.45441484451294,2.89,,,d6-c1-n0.1-m12,6,1,0.1,12,,-20.032021661677824
colosseum,12,hickock,21.03086946528092,46.97,,,d6-c1-n0.1-m12,6,1,0.1,12,,-20.032021661677824
colosseum,12,frc_weighted_adaptive,-150.59685469982324,1.08,,,d6-c1-n0.1-m12,6,1,0.1,12,,-20.032021661677824
colosseum,12,frc_unweighted_knn,-11.8,0.36,,,d6-c1-n0.1-m12,6,1,0.1,12,,-20.032021661677824
colosseum,12,orc,-0.334359264591184,7.77,,,d6-c1-n0.1-m12,6,1,0.1,12,,-20.032021661677824
colosseum,12,spc_hop,,0.0,,,d6-c1-n0.1-m12,6,1,0.1,12,,-20.032021661677824
colosseum,12,spc_diffusion_t5,,0.0,,,d6-c1-n0.1-m12,6,1,0.1,12,,-20.032021661677824
colosseum,12,laziness_knn_t5,-6.46010684967041,0.74,,,d6-c1-n0.1-m12,6,1,0.1,12,,-20.032021661677824
colosseum,12,laziness_adaptive_t5,-6.476673603057861,0.85,,,d6-c1-n0.1-m12,6,1,0.1,12,,-20.032021661677824
colosseum,12,successor_entropy,-1.530833823220494,0.05,998.57,,d6-c1-n0.1-m12,6,1,0.1,12,,-20.032021661677824
colosseum,12,successor_orc,0.9533406123287136,6.11,998.57,,d6-c1-n0.1-m12,6,1,0.1,12,,-20.032021661677824
colosseum,13,dc2,-0.591463565826416,14.2,,,d6-c1-n0.1-m13,6,1,0.1,13,,-25.22873449996625
colosseum,13,dc_wasserstein_ollivier,0.4979037642478943,4.27,,,d6-c1-n0.1-m13,6,1,0.1,13,,-25.22873449996625
colosseum,13,dc_entropic_subtraction,3.0475306510925293,2.73,,,d6-c1-n0.1-m13,6,1,0.1,13,,-25.22873449996625
colosseum,13,hickock,20.32497091137485,48.01,,,d6-c1-n0.1-m13,6,1,0.1,13,,-25.22873449996625
colosseum,13,frc_weighted_adaptive,-106.54537495780292,1.21,,,d6-c1-n0.1-m13,6,1,0.1,13,,-25.22873449996625
colosseum,13,frc_unweighted_knn,-12.2,0.38,,,d6-c1-n0.1-m13,6,1,0.1,13,,-25.22873449996625
colosseum,13,orc,-0.2800944770980747,7.87,,,d6-c1-n0.1-m13,6,1,0.1,13,,-25.22873449996625
colosseum,13,spc_hop,,0.0,,,d6-c1-n0.1-m13,6,1,0.1,13,,-25.22873449996625
colosseum,13,spc_diffusion_t5,,0.0,,,d6-c1-n0.1-m13,6,1,0.1,13,,-25.22873449996625
colosseum,13,laziness_knn_t5,-6.656704902648926,0.75,,,d6-c1-n0.1-m13,6,1,0.1,13,,-25.22873449996625
colosseum,13,laziness_adaptive_t5,-6.6102399826049805,0.84,,,d6-c1-n0.1-m13,6,1,0.1,13,,-25.22873449996625
colosseum,13,successor_entropy,-1.5769322250820696,0.04,945.02,,d6-c1-n0.1-m13,6,1,0.1,13,,-25.22873449996625
colosseum,13,successor_orc,0.9526977501003132,7.65,945.02,,d6-c1-n0.1-m13,6,1,0.1,13,,-25.22873449996625
colosseum,14,dc2,-0.3715581893920898,13.45,,,d6-c1-n0.1-m14,6,1,0.1,14,,-58.26274278074392
colosseum,14,dc_wasserstein_ollivier,0.6534785032272339,3.39,,,d6-c1-n0.1-m14,6,1,0.1,14,,-58.26274278074392
colosseum,14,dc_entropic_subtraction,3.946592569351196,2.81,,,d6-c1-n0.1-m14,6,1,0.1,14,,-58.26274278074392
colosseum,14,hickock,20.320538524331297,48.37,,,d6-c1-n0.1-m14,6,1,0.1,14,,-58.26274278074392
colosseum,14,frc_weighted_adaptive,-124.89115479003414,1.15,,,d6-c1-n0.1-m14,6,1,0.1,14,,-58.26274278074392
colosseum,14,frc_unweighted_knn,-13.4,0.36,,,d6-c1-n0.1-m14,6,1,0.1,14,,-58.26274278074392
colosseum,14,orc,-0.3791640845778666,7.83,,,d6-c1-n0.1-m14,6,1,0.1,14,,-58.26274278074392
colosseum,14,spc_hop,,0.0,,,d6-c1-n0.1-m14,6,1,0.1,14,,-58.26274278074392
colosseum,14,spc_diffusion_t5,,0.0,,,d6-c1-n0.1-m14,6,1,0.1,14,,-58.26274278074392
colosseum,14,laziness_knn_t5,-6.664623260498047,0.72,,,d6-c1-n0.1-m14,6,1,0.1,14,,-58.26274278074392
colosseum,14,laziness_adaptive_t5,-6.602684497833252,0.73,,,d6-c1-n0.1-m14,6,1,0.1,14,,-58.26274278074392
colosseum,14,successor_entropy,-1.5662273177417227,0.05,953.46,,d6-c1-n0.1-m14,6,1,0.1,14,,-58.26274278074392
colosseum,14,successor_orc,0.9507415286767892,7.1,953.46,,d6-c1-n0.1-m14,6,1,0.1,14,,-58.26274278074392
colosseum,15,dc2,-0.2777967453002929,13.38,,,d6-c1-n0.1-m15,6,1,0.1,15,,-21.797811694530264
colosseum,15,dc_wasserstein_ollivier,0.4714933633804321,3.62,,,d6-c1-n0.1-m15,6,1,0.1,15,,-21.797811694530264
colosseum,15,dc_entropic_subtraction,3.20092248916626,3.03,,,d6-c1-n0.1-m15,6,1,0.1,15,,-21.797811694530264
colosseum,15,hickock,20.57648561560274,50.09,,,d6-c1-n0.1-m15,6,1,0.1,15,,-21.797811694530264
colosseum,15,frc_weighted_adaptive,-76.02478194106479,1.1,,,d6-c1-n0.1-m15,6,1,0.1,15,,-21.797811694530264
colosseum,15,frc_unweighted_knn,-13.166666666666666,0.36,,,d6-c1-n0.1-m15,6,1,0.1,15,,-21.797811694530264
colosseum,15,orc,-0.3236208950787138,7.81,,,d6-c1-n0.1-m15,6,1,0.1,15,,-21.797811694530264
colosseum,15,spc_hop,,0.0,,,d6-c1-n0.1-m15,6,1,0.1,15,,-21.797811694530264
colosseum,15,spc_diffusion_t5,,0.0,,,d6-c1-n0.1-m15,6,1,0.1,15,,-21.797811694530264
colosseum,15,laziness_knn_t5,-6.720545291900635,0.7,,,d6-c1-n0.1-m15,6,1,0.1,15,,-21.797811694530264
colosseum,15,laziness_adaptive_t5,-6.7468109130859375,0.75,,,d6-c1-n0.1-m15,6,1,0.1,15,,-21.797811694530264
colosseum,15,successor_entropy,-1.4989269498192397,0.05,931.75,,d6-c1-n0.1-m15,6,1,0.1,15,,-21.797811694530264
colosseum,15,successor_orc,0.9524493172868784,7.9,931.75,,d6-c1-n0.1-m15,6,1,0.1,15,,-21.797811694530264
colosseum,16,dc2,-0.4623370170593261,13.19,,,d6-c1-n0.1-m16,6,1,0.1,16,,-69.34177112562944
colosseum,16,dc_wasserstein_ollivier,0.72762131690979,3.34,,,d6-c1-n0.1-m16,6,1,0.1,16,,-69.34177112562944
colosseum,16,dc_entropic_subtraction,4.8639984130859375,3.0,,,d6-c1-n0.1-m16,6,1,0.1,16,,-69.34177112562944
colosseum,16,hickock,20.90755940308666,48.11,,,d6-c1-n0.1-m16,6,1,0.1,16,,-69.34177112562944
colosseum,16,frc_weighted_adaptive,-237.85226512536784,1.33,,,d6-c1-n0.1-m16,6,1,0.1,16,,-69.34177112562944
colosseum,16,frc_unweighted_knn,-16.0,0.36,,,d6-c1-n0.1-m16,6,1,0.1,16,,-69.34177112562944
colosseum,16,orc,-0.3284115916836422,7.29,,,d6-c1-n0.1-m16,6,1,0.1,16,,-69.34177112562944
colosseum,16,spc_hop,,0.0,,,d6-c1-n0.1-m16,6,1,0.1,16,,-69.34177112562944
colosseum,16,spc_diffusion_t5,,0.0,,,d6-c1-n0.1-m16,6,1,0.1,16,,-69.34177112562944
colosseum,16,laziness_knn_t5,-6.639152526855469,0.66,,,d6-c1-n0.1-m16,6,1,0.1,16,,-69.34177112562944
colosseum,16,laziness_adaptive_t5,-6.6127214431762695,0.71,,,d6-c1-n0.1-m16,6,1,0.1,16,,-69.34177112562944
colosseum,16,successor_entropy,-1.5500953425570236,0.04,909.52,,d6-c1-n0.1-m16,6,1,0.1,16,,-69.34177112562944
colosseum,16,successor_orc,0.9534224602597956,10.3,909.52,,d6-c1-n0.1-m16,6,1,0.1,16,,-69.34177112562944
colosseum,17,dc2,-0.4812097549438476,13.4,,,d6-c1-n0.1-m17,6,1,0.1,17,,-41.718336807286704
colosseum,17,dc_wasserstein_ollivier,0.8383291363716125,3.56,,,d6-c1-n0.1-m17,6,1,0.1,17,,-41.718336807286704
colosseum,17,dc_entropic_subtraction,5.348049640655518,2.48,,,d6-c1-n0.1-m17,6,1,0.1,17,,-41.718336807286704
colosseum,17,hickock,20.64988704634528,45.44,,,d6-c1-n0.1-m17,6,1,0.1,17,,-41.718336807286704
colosseum,17,frc_weighted_adaptive,-187.0796509841874,1.05,,,d6-c1-n0.1-m17,6,1,0.1,17,,-41.718336807286704
colosseum,17,frc_unweighted_knn,-17.285714285714285,0.34,,,d6-c1-n0.1-m17,6,1,0.1,17,,-41.718336807286704
colosseum,17,orc,-0.2971501167345533,6.86,,,d6-c1-n0.1-m17,6,1,0.1,17,,-41.718336807286704
colosseum,17,spc_hop,,0.0,,,d6-c1-n0.1-m17,6,1,0.1,17,,-41.718336807286704
colosseum,17,spc_diffusion_t5,,0.0,,,d6-c1-n0.1-m17,6,1,0.1,17,,-41.718336807286704
colosseum,17,laziness_knn_t5,-6.518900871276856,0.66,,,d6-c1-n0.1-m17,6,1,0.1,17,,-41.718336807286704
colosseum,17,laziness_adaptive_t5,-6.507654190063477,0.68,,,d6-c1-n0.1-m17,6,1,0.1,17,,-41.718336807286704
colosseum,17,successor_entropy,-1.6152354676521694,0.05,934.81,,d6-c1-n0.1-m17,6,1,0.1,17,,-41.718336807286704
colosseum,17,successor_orc,0.9508994115208064,5.23,934.81,,d6-c1-n0.1-m17,6,1,0.1,17,,-41.718336807286704
colosseum,18,dc2,-0.2448287010192871,14.19,,,d6-c1-n0.1-m18,6,1,0.1,18,,-59.719681868593845
colosseum,18,dc_wasserstein_ollivier,0.6434043645858765,3.55,,,d6-c1-n0.1-m18,6,1,0.1,18,,-59.719681868593845
colosseum,18,dc_entropic_subtraction,4.033836841583252,3.54,,,d6-c1-n0.1-m18,6,1,0.1,18,,-59.719681868593845
colosseum,18,hickock,20.664300006931548,46.94,,,d6-c1-n0.1-m18,6,1,0.1,18,,-59.719681868593845
colosseum,18,frc_weighted_adaptive,-148.33598297716023,1.06,,,d6-c1-n0.1-m18,6,1,0.1,18,,-59.719681868593845
colosseum,18,frc_unweighted_knn,-11.181818181818182,0.35,,,d6-c1-n0.1-m18,6,1,0.1,18,,-59.719681868593845
colosseum,18,orc,-0.315444740996036,7.11,,,d6-c1-n0.1-m18,6,1,0.1,18,,-59.719681868593845
colosseum,18,spc_hop,,0.0,,,d6-c1-n0.1-m18,6,1,0.1,18,,-59.719681868593845
colosseum,18,spc_diffusion_t5,,0.0,,,d6-c1-n0.1-m18,6,1,0.1,18,,-59.719681868593845
colosseum,18,laziness_knn_t5,-6.580141067504883,0.87,,,d6-c1-n0.1-m18,6,1,0.1,18,,-59.719681868593845
colosseum,18,laziness_adaptive_t5,-6.55701208114624,0.88,,,d6-c1-n0.1-m18,6,1,0.1,18,,-59.719681868593845
colosseum,18,successor_entropy,-1.6341413855260858,0.05,908.67,,d6-c1-n0.1-m18,6,1,0.1,18,,-59.719681868593845
colosseum,18,successor_orc,0.9511156848675544,5.2,908.67,,d6-c1-n0.1-m18,6,1,0.1,18,,-59.719681868593845
colosseum,19,dc2,-0.2799191474914551,14.63,,,d6-c1-n0.1-m19,6,1,0.1,19,,-42.69285628420571
colosseum,19,dc_wasserstein_ollivier,0.6365606784820557,3.41,,,d6-c1-n0.1-m19,6,1,0.1,19,,-42.69285628420571
colosseum,19,dc_entropic_subtraction,4.037856101989746,2.51,,,d6-c1-n0.1-m19,6,1,0.1,19,,-42.69285628420571
colosseum,19,hickock,20.74429595597622,44.49,,,d6-c1-n0.1-m19,6,1,0.1,19,,-42.69285628420571
colosseum,19,frc_weighted_adaptive,-109.57033461671736,1.09,,,d6-c1-n0.1-m19,6,1,0.1,19,,-42.69285628420571
colosseum,19,frc_unweighted_knn,-15.153846153846152,0.35,,,d6-c1-n0.1-m19,6,1,0.1,19,,-42.69285628420571
colosseum,19,orc,-0.306098867777126,6.9,,,d6-c1-n0.1-m19,6,1,0.1,19,,-42.69285628420571
colosseum,19,spc_hop,,0.0,,,d6-c1-n0.1-m19,6,1,0.1,19,,-42.69285628420571
colosseum,19,spc_diffusion_t5,,0.0,,,d6-c1-n0.1-m19,6,1,0.1,19,,-42.69285628420571
colosseum,19,laziness_knn_t5,-6.611143112182617,0.93,,,d6-c1-n0.1-m19,6,1,0.1,19,,-42.69285628420571
colosseum,19,laziness_adaptive_t5,-6.646679401397705,0.68,,,d6-c1-n0.1-m19,6,1,0.1,19,,-42.69285628420571
colosseum,19,successor_entropy,-1.5115307706367844,0.05,904.95,,d6-c1-n0.1-m19,6,1,0.1,19,,-42.69285628420571
colosseum,19,successor_orc,0.9527110314202758,5.31,904.95,,d6-c1-n0.1-m19,6,1,0.1,19,,-42.69285628420571
colosseum,20,dc2,-0.6574044227600098,14.59,,,d6-c1-n0.1-m20,6,1,0.1,20,,-73.02451893621672
colosseum,20,dc_wasserstein_ollivier,0.6104797124862671,3.45,,,d6-c1-n0.1-m20,6,1,0.1,20,,-73.02451893621672
colosseum,20,dc_entropic_subtraction,4.162961006164551,2.49,,,d6-c1-n0.1-m20,6,1,0.1,20,,-73.02451893621672
colosseum,20,hickock,21.54879546498588,46.75,,,d6-c1-n0.1-m20,6,1,0.1,20,,-73.02451893621672
colosseum,20,frc_weighted_adaptive,-129.00978036791665,1.08,,,d6-c1-n0.1-m20,6,1,0.1,20,,-73.02451893621672
colosseum,20,frc_unweighted_knn,-19.526315789473685,0.34,,,d6-c1-n0.1-m20,6,1,0.1,20,,-73.02451893621672
colosseum,20,orc,-0.3587032994946587,6.7,,,d6-c1-n0.1-m20,6,1,0.1,20,,-73.02451893621672
colosseum,20,spc_hop,,0.0,,,d6-c1-n0.1-m20,6,1,0.1,20,,-73.02451893621672
colosseum,20,spc_diffusion_t5,,0.0,,,d6-c1-n0.1-m20,6,1,0.1,20,,-73.02451893621672
colosseum,20,laziness_knn_t5,-6.738372325897217,0.76,,,d6-c1-n0.1-m20,6,1,0.1,20,,-73.02451893621672
colosseum,20,laziness_adaptive_t5,-6.724611282348633,0.7,,,d6-c1-n0.1-m20,6,1,0.1,20,,-73.02451893621672
colosseum,20,successor_entropy,-1.7284029579398532,0.05,912.5,,d6-c1-n0.1-m20,6,1,0.1,20,,-73.02451893621672
colosseum,20,successor_orc,0.9501528922909284,6.36,912.5,,d6-c1-n0.1-m20,6,1,0.1,20,,-73.02451893621672
colosseum,21,dc2,0.0531511306762695,13.49,,,d6-c1-n0.1-m21,6,1,0.1,21,,-54.1941367509764
colosseum,21,dc_wasserstein_ollivier,0.7934324741363525,3.44,,,d6-c1-n0.1-m21,6,1,0.1,21,,-54.1941367509764
colosseum,21,dc_entropic_subtraction,5.054426193237305,2.64,,,d6-c1-n0.1-m21,6,1,0.1,21,,-54.1941367509764
colosseum,21,hickock,20.9024810734442,46.38,,,d6-c1-n0.1-m21,6,1,0.1,21,,-54.1941367509764
colosseum,21,frc_weighted_adaptive,-100.57837430826017,1.07,,,d6-c1-n0.1-m21,6,1,0.1,21,,-54.1941367509764
colosseum,21,frc_unweighted_knn,-12.818181818181818,0.34,,,d6-c1-n0.1-m21,6,1,0.1,21,,-54.1941367509764
colosseum,21,orc,-0.2287512644546038,6.86,,,d6-c1-n0.1-m21,6,1,0.1,21,,-54.1941367509764
colosseum,21,spc_hop,,0.0,,,d6-c1-n0.1-m21,6,1,0.1,21,,-54.1941367509764
colosseum,21,spc_diffusion_t5,,0.0,,,d6-c1-n0.1-m21,6,1,0.1,21,,-54.1941367509764
colosseum,21,laziness_knn_t5,-6.294457912445068,0.69,,,d6-c1-n0.1-m21,6,1,0.1,21,,-54.1941367509764
colosseum,21,laziness_adaptive_t5,-6.308853149414063,0.71,,,d6-c1-n0.1-m21,6,1,0.1,21,,-54.1941367509764
colosseum,21,successor_entropy,-1.6284275673489708,0.05,913.17,,d6-c1-n0.1-m21,6,1,0.1,21,,-54.1941367509764
colosseum,21,successor_orc,0.953886884849374,6.84,913.17,,d6-c1-n0.1-m21,6,1,0.1,21,,-54.1941367509764
colosseum,22,dc2,-0.5263333320617676,13.44,,,d6-c1-n0.1-m22,6,1,0.1,22,,-18.570383383662275
colosseum,22,dc_wasserstein_ollivier,0.4746508598327636,3.78,,,d6-c1-n0.1-m22,6,1,0.1,22,,-18.570383383662275
colosseum,22,dc_entropic_subtraction,3.102579116821289,2.8,,,d6-c1-n0.1-m22,6,1,0.1,22,,-18.570383383662275
colosseum,22,hickock,20.539530785671783,47.33,,,d6-c1-n0.1-m22,6,1,0.1,22,,-18.570383383662275
colosseum,22,frc_weighted_adaptive,-117.95759165389802,1.07,,,d6-c1-n0.1-m22,6,1,0.1,22,,-18.570383383662275
colosseum,22,frc_unweighted_knn,-15.857142857142858,0.35,,,d6-c1-n0.1-m22,6,1,0.1,22,,-18.570383383662275
colosseum,22,orc,-0.3211695202371004,7.22,,,d6-c1-n0.1-m22,6,1,0.1,22,,-18.570383383662275
colosseum,22,spc_hop,,0.0,,,d6-c1-n0.1-m22,6,1,0.1,22,,-18.570383383662275
colosseum,22,spc_diffusion_t5,,0.0,,,d6-c1-n0.1-m22,6,1,0.1,22,,-18.570383383662275
colosseum,22,laziness_knn_t5,-6.788318634033203,0.66,,,d6-c1-n0.1-m22,6,1,0.1,22,,-18.570383383662275
colosseum,22,laziness_adaptive_t5,-6.759772777557373,0.7,,,d6-c1-n0.1-m22,6,1,0.1,22,,-18.570383383662275
colosseum,22,successor_entropy,-1.5524883863002372,0.05,915.34,,d6-c1-n0.1-m22,6,1,0.1,22,,-18.570383383662275
colosseum,22,successor_orc,0.9519523834854368,6.57,915.34,,d6-c1-n0.1-m22,6,1,0.1,22,,-18.570383383662275
colosseum,23,dc2,0.0079059600830078,13.23,,,d6-c1-n0.1-m23,6,1,0.1,23,,33.245312214843494
colosseum,23,dc_wasserstein_ollivier,0.8464275598526001,3.57,,,d6-c1-n0.1-m23,6,1,0.1,23,,33.245312214843494
colosseum,23,dc_entropic_subtraction,5.806394100189209,2.56,,,d6-c1-n0.1-m23,6,1,0.1,23,,33.245312214843494
colosseum,23,hickock,21.30624867669316,46.49,,,d6-c1-n0.1-m23,6,1,0.1,23,,33.245312214843494
colosseum,23,frc_weighted_adaptive,-133.08448370321074,1.08,,,d6-c1-n0.1-m23,6,1,0.1,23,,33.245312214843494
colosseum,23,frc_unweighted_knn,-14.2,0.35,,,d6-c1-n0.1-m23,6,1,0.1,23,,33.245312214843494
colosseum,23,orc,-0.3406488479197427,7.07,,,d6-c1-n0.1-m23,6,1,0.1,23,,33.245312214843494
colosseum,23,spc_hop,,0.0,,,d6-c1-n0.1-m23,6,1,0.1,23,,33.245312214843494
colosseum,23,spc_diffusion_t5,,0.0,,,d6-c1-n0.1-m23,6,1,0.1,23,,33.245312214843494
colosseum,23,laziness_knn_t5,-6.466083526611328,0.68,,,d6-c1-n0.1-m23,6,1,0.1,23,,33.245312214843494
colosseum,23,laziness_adaptive_t5,-6.452268600463867,0.86,,,d6-c1-n0.1-m23,6,1,0.1,23,,33.245312214843494
colosseum,23,successor_entropy,-1.4388674170629432,0.05,907.32,,d6-c1-n0.1-m23,6,1,0.1,23,,33.245312214843494
colosseum,23,successor_orc,0.9513547088793632,6.74,907.32,,d6-c1-n0.1-m23,6,1,0.1,23,,33.245312214843494
colosseum,24,dc2,-0.1894073486328125,12.97,,,d6-c1-n0.1-m24,6,1,0.1,24,,-75.76661426551779
colosseum,24,dc_wasserstein_ollivier,0.7518277168273926,3.53,,,d6-c1-n0.1-m24,6,1,0.1,24,,-75.76661426551779
colosseum,24,dc_entropic_subtraction,5.135478496551514,2.62,,,d6-c1-n0.1-m24,6,1,0.1,24,,-75.76661426551779
colosseum,24,hickock,21.40089219392423,48.72,,,d6-c1-n0.1-m24,6,1,0.1,24,,-75.76661426551779
colosseum,24,frc_weighted_adaptive,-112.90463740592216,1.05,,,d6-c1-n0.1-m24,6,1,0.1,24,,-75.76661426551779
colosseum,24,frc_unweighted_knn,-15.0,0.35,,,d6-c1-n0.1-m24,6,1,0.1,24,,-75.76661426551779
colosseum,24,orc,-0.3826903329233416,7.22,,,d6-c1-n0.1-m24,6,1,0.1,24,,-75.76661426551779
colosseum,24,spc_hop,,0.0,,,d6-c1-n0.1-m24,6,1,0.1,24,,-75.76661426551779
colosseum,24,spc_diffusion_t5,,0.0,,,d6-c1-n0.1-m24,6,1,0.1,24,,-75.76661426551779
colosseum,24,laziness_knn_t5,-6.619960784912109,0.65,,,d6-c1-n0.1-m24,6,1,0.1,24,,-75.76661426551779
colosseum,24,laziness_adaptive_t5,-6.615009307861328,0.8,,,d6-c1-n0.1-m24,6,1,0.1,24,,-75.76661426551779
colosseum,24,successor_entropy,-1.6510270111908516,0.05,883.31,,d6-c1-n0.1-m24,6,1,0.1,24,,-75.76661426551779
colosseum,24,successor_orc,0.9513879162370916,6.65,883.31,,d6-c1-n0.1-m24,6,1,0.1,24,,-75.76661426551779
colosseum,25,dc2,-0.2991809844970703,12.95,,,d6-c1-n0.1-m25,6,1,0.1,25,,-46.5638128190365
colosseum,25,dc_wasserstein_ollivier,0.6054528951644897,3.71,,,d6-c1-n0.1-m25,6,1,0.1,25,,-46.5638128190365
colosseum,25,dc_entropic_subtraction,4.028590679168701,2.95,,,d6-c1-n0.1-m25,6,1,0.1,25,,-46.5638128190365
colosseum,25,hickock,20.65740142027615,47.38,,,d6-c1-n0.1-m25,6,1,0.1,25,,-46.5638128190365
colosseum,25,frc_weighted_adaptive,-105.82909525820529,1.31,,,d6-c1-n0.1-m25,6,1,0.1,25,,-46.5638128190365
colosseum,25,frc_unweighted_knn,-15.5,0.34,,,d6-c1-n0.1-m25,6,1,0.1,25,,-46.5638128190365
colosseum,25,orc,-0.3262912901297551,6.86,,,d6-c1-n0.1-m25,6,1,0.1,25,,-46.5638128190365
colosseum,25,spc_hop,,0.0,,,d6-c1-n0.1-m25,6,1,0.1,25,,-46.5638128190365
colosseum,25,spc_diffusion_t5,,0.0,,,d6-c1-n0.1-m25,6,1,0.1,25,,-46.5638128190365
colosseum,25,laziness_knn_t5,-6.640217781066895,0.66,,,d6-c1-n0.1-m25,6,1,0.1,25,,-46.5638128190365
colosseum,25,laziness_adaptive_t5,-6.619687080383301,0.73,,,d6-c1-n0.1-m25,6,1,0.1,25,,-46.5638128190365
colosseum,25,successor_entropy,-1.5588154297699222,0.05,902.91,,d6-c1-n0.1-m25,6,1,0.1,25,,-46.5638128190365
colosseum,25,successor_orc,0.9504552748714578,8.67,902.91,,d6-c1-n0.1-m25,6,1,0.1,25,,-46.5638128190365
colosseum,26,dc2,-0.5382566452026367,12.86,,,d6-c1-n0.1-m26,6,1,0.1,26,,-44.36443483648203
colosseum,26,dc_wasserstein_ollivier,0.8173198103904724,3.47,,,d6-c1-n0.1-m26,6,1,0.1,26,,-44.36443483648203
colosseum,26,dc_entropic_subtraction,5.694224834442139,2.45,,,d6-c1-n0.1-m26,6,1,0.1,26,,-44.36443483648203
colosseum,26,hickock,21.51490622358555,44.97,,,d6-c1-n0.1-m26,6,1,0.1,26,,-44.36443483648203
colosseum,26,frc_weighted_adaptive,-146.11547472295985,1.31,,,d6-c1-n0.1-m26,6,1,0.1,26,,-44.36443483648203
colosseum,26,frc_unweighted_knn,-18.5,0.35,,,d6-c1-n0.1-m26,6,1,0.1,26,,-44.36443483648203
colosseum,26,orc,-0.3639092748315667,6.67,,,d6-c1-n0.1-m26,6,1,0.1,26,,-44.36443483648203
colosseum,26,spc_hop,,0.0,,,d6-c1-n0.1-m26,6,1,0.1,26,,-44.36443483648203
colosseum,26,spc_diffusion_t5,,0.0,,,d6-c1-n0.1-m26,6,1,0.1,26,,-44.36443483648203
colosseum,26,laziness_knn_t5,-6.808704376220703,0.65,,,d6-c1-n0.1-m26,6,1,0.1,26,,-44.36443483648203
colosseum,26,laziness_adaptive_t5,-6.792295455932617,0.71,,,d6-c1-n0.1-m26,6,1,0.1,26,,-44.36443483648203
colosseum,26,successor_entropy,-1.620375235484913,0.05,908.61,,d6-c1-n0.1-m26,6,1,0.1,26,,-44.36443483648203
colosseum,26,successor_orc,0.9497340587034666,6.5,908.61,,d6-c1-n0.1-m26,6,1,0.1,26,,-44.36443483648203
colosseum,27,dc2,-0.2360115051269531,11.95,,,d6-c1-n0.1-m27,6,1,0.1,27,,3.7271887459336153
colosseum,27,dc_wasserstein_ollivier,0.9050549864768982,3.89,,,d6-c1-n0.1-m27,6,1,0.1,27,,3.7271887459336153
colosseum,27,dc_entropic_subtraction,6.309253692626953,3.26,,,d6-c1-n0.1-m27,6,1,0.1,27,,3.7271887459336153
colosseum,27,hickock,21.80279979074419,45.54,,,d6-c1-n0.1-m27,6,1,0.1,27,,3.7271887459336153
colosseum,27,frc_weighted_adaptive,-213.05968559642895,1.05,,,d6-c1-n0.1-m27,6,1,0.1,27,,3.7271887459336153
colosseum,27,frc_unweighted_knn,-18.666666666666668,0.61,,,d6-c1-n0.1-m27,6,1,0.1,27,,3.7271887459336153
colosseum,27,orc,-0.3488014753239556,7.09,,,d6-c1-n0.1-m27,6,1,0.1,27,,3.7271887459336153
colosseum,27,spc_hop,,0.0,,,d6-c1-n0.1-m27,6,1,0.1,27,,3.7271887459336153
colosseum,27,spc_diffusion_t5,,0.0,,,d6-c1-n0.1-m27,6,1,0.1,27,,3.7271887459336153
colosseum,27,laziness_knn_t5,-6.554802894592285,0.75,,,d6-c1-n0.1-m27,6,1,0.1,27,,3.7271887459336153
colosseum,27,laziness_adaptive_t5,-6.511283874511719,0.68,,,d6-c1-n0.1-m27,6,1,0.1,27,,3.7271887459336153
colosseum,27,successor_entropy,-1.4074687809891375,0.05,900.9,,d6-c1-n0.1-m27,6,1,0.1,27,,3.7271887459336153
colosseum,27,successor_orc,0.954805788136398,6.63,900.9,,d6-c1-n0.1-m27,6,1,0.1,27,,3.7271887459336153
colosseum,28,dc2,-0.1389284133911132,12.78,,,d6-c1-n0.1-m28,6,1,0.1,28,,-26.399302278152632
colosseum,28,dc_wasserstein_ollivier,0.7199205160140991,4.55,,,d6-c1-n0.1-m28,6,1,0.1,28,,-26.399302278152632
colosseum,28,dc_entropic_subtraction,4.506661891937256,3.12,,,d6-c1-n0.1-m28,6,1,0.1,28,,-26.399302278152632
colosseum,28,hickock,20.75261771873643,44.97,,,d6-c1-n0.1-m28,6,1,0.1,28,,-26.399302278152632
colosseum,28,frc_weighted_adaptive,-139.67149602074653,1.06,,,d6-c1-n0.1-m28,6,1,0.1,28,,-26.399302278152632
colosseum,28,frc_unweighted_knn,-12.090909090909092,0.35,,,d6-c1-n0.1-m28,6,1,0.1,28,,-26.399302278152632
colosseum,28,orc,-0.257640746402748,7.02,,,d6-c1-n0.1-m28,6,1,0.1,28,,-26.399302278152632
colosseum,28,spc_hop,,0.0,,,d6-c1-n0.1-m28,6,1,0.1,28,,-26.399302278152632
colosseum,28,spc_diffusion_t5,,0.0,,,d6-c1-n0.1-m28,6,1,0.1,28,,-26.399302278152632
colosseum,28,laziness_knn_t5,-6.464029312133789,0.64,,,d6-c1-n0.1-m28,6,1,0.1,28,,-26.399302278152632
colosseum,28,laziness_adaptive_t5,-6.489782333374023,0.68,,,d6-c1-n0.1-m28,6,1,0.1,28,,-26.399302278152632
colosseum,0,dc2,-1.1178302764892578,13.92,,,d6-c1-n0.2-m0,6,1,0.2,0,,-79.09341965201327
colosseum,0,dc_wasserstein_ollivier,0.7572578191757202,4.2,,,d6-c1-n0.2-m0,6,1,0.2,0,,-79.09341965201327
colosseum,0,dc_entropic_subtraction,4.920723915100098,2.93,,,d6-c1-n0.2-m0,6,1,0.2,0,,-79.09341965201327
colosseum,0,hickock,20.813835441184256,47.14,,,d6-c1-n0.2-m0,6,1,0.2,0,,-79.09341965201327
colosseum,0,frc_weighted_adaptive,-154.34397482742878,1.14,,,d6-c1-n0.2-m0,6,1,0.2,0,,-79.09341965201327
colosseum,0,frc_unweighted_knn,-15.416666666666666,0.36,,,d6-c1-n0.2-m0,6,1,0.2,0,,-79.09341965201327
colosseum,0,orc,-0.3476832650044297,7.39,,,d6-c1-n0.2-m0,6,1,0.2,0,,-79.09341965201327
colosseum,0,spc_hop,,0.0,,,d6-c1-n0.2-m0,6,1,0.2,0,,-79.09341965201327
colosseum,0,spc_diffusion_t5,,0.0,,,d6-c1-n0.2-m0,6,1,0.2,0,,-79.09341965201327
colosseum,0,laziness_knn_t5,-6.671059608459473,0.93,,,d6-c1-n0.2-m0,6,1,0.2,0,,-79.09341965201327
colosseum,0,laziness_adaptive_t5,-6.638834476470947,0.72,,,d6-c1-n0.2-m0,6,1,0.2,0,,-79.09341965201327
colosseum,0,successor_entropy,-1.6810345573255328,0.05,944.22,,d6-c1-n0.2-m0,6,1,0.2,0,,-79.09341965201327
colosseum,0,successor_orc,0.9528114975807596,3.7,944.22,,d6-c1-n0.2-m0,6,1,0.2,0,,-79.09341965201327
colosseum,1,dc2,-1.2438712120056152,13.04,,,d6-c1-n0.2-m1,6,1,0.2,1,,-55.65860943707192
colosseum,1,dc_wasserstein_ollivier,0.8537120819091797,3.51,,,d6-c1-n0.2-m1,6,1,0.2,1,,-55.65860943707192
colosseum,1,dc_entropic_subtraction,5.44691276550293,2.56,,,d6-c1-n0.2-m1,6,1,0.2,1,,-55.65860943707192
colosseum,1,hickock,20.55654150055833,54.57,,,d6-c1-n0.2-m1,6,1,0.2,1,,-55.65860943707192
colosseum,1,frc_weighted_adaptive,-129.94407485466925,1.13,,,d6-c1-n0.2-m1,6,1,0.2,1,,-55.65860943707192
colosseum,1,frc_unweighted_knn,-14.0,0.38,,,d6-c1-n0.2-m1,6,1,0.2,1,,-55.65860943707192
colosseum,1,orc,-0.3554249444611465,8.02,,,d6-c1-n0.2-m1,6,1,0.2,1,,-55.65860943707192
colosseum,1,spc_hop,,0.0,,,d6-c1-n0.2-m1,6,1,0.2,1,,-55.65860943707192
colosseum,1,spc_diffusion_t5,,0.0,,,d6-c1-n0.2-m1,6,1,0.2,1,,-55.65860943707192
colosseum,1,laziness_knn_t5,-6.579954624176025,0.68,,,d6-c1-n0.2-m1,6,1,0.2,1,,-55.65860943707192
colosseum,1,laziness_adaptive_t5,-6.512126445770264,0.71,,,d6-c1-n0.2-m1,6,1,0.2,1,,-55.65860943707192
colosseum,1,successor_entropy,-1.608732254124557,0.05,937.25,,d6-c1-n0.2-m1,6,1,0.2,1,,-55.65860943707192
colosseum,1,successor_orc,0.9487211599939084,4.95,937.25,,d6-c1-n0.2-m1,6,1,0.2,1,,-55.65860943707192
colosseum,2,dc2,-0.978886604309082,14.59,,,d6-c1-n0.2-m2,6,1,0.2,2,,-48.02033600346017
colosseum,2,dc_wasserstein_ollivier,0.8150795102119446,3.76,,,d6-c1-n0.2-m2,6,1,0.2,2,,-48.02033600346017
colosseum,2,dc_entropic_subtraction,4.81399393081665,2.88,,,d6-c1-n0.2-m2,6,1,0.2,2,,-48.02033600346017
colosseum,2,hickock,21.13550337670272,53.25,,,d6-c1-n0.2-m2,6,1,0.2,2,,-48.02033600346017
colosseum,2,frc_weighted_adaptive,-139.0239945281485,1.15,,,d6-c1-n0.2-m2,6,1,0.2,2,,-48.02033600346017
colosseum,2,frc_unweighted_knn,-16.666666666666668,0.37,,,d6-c1-n0.2-m2,6,1,0.2,2,,-48.02033600346017
colosseum,2,orc,-0.2243387739001687,8.32,,,d6-c1-n0.2-m2,6,1,0.2,2,,-48.02033600346017
colosseum,2,spc_hop,,0.0,,,d6-c1-n0.2-m2,6,1,0.2,2,,-48.02033600346017
colosseum,2,spc_diffusion_t5,,0.0,,,d6-c1-n0.2-m2,6,1,0.2,2,,-48.02033600346017
colosseum,2,laziness_knn_t5,-6.419345855712891,0.71,,,d6-c1-n0.2-m2,6,1,0.2,2,,-48.02033600346017
colosseum,2,laziness_adaptive_t5,-6.400788307189941,0.7,,,d6-c1-n0.2-m2,6,1,0.2,2,,-48.02033600346017
colosseum,2,successor_entropy,-1.5335549227170024,0.06,993.42,,d6-c1-n0.2-m2,6,1,0.2,2,,-48.02033600346017
colosseum,2,successor_orc,0.9530375997758098,3.85,993.42,,d6-c1-n0.2-m2,6,1,0.2,2,,-48.02033600346017
colosseum,3,dc2,-0.0929555892944336,13.69,,,d6-c1-n0.2-m3,6,1,0.2,3,,63.67080658145109
colosseum,3,dc_wasserstein_ollivier,0.8937760591506958,3.69,,,d6-c1-n0.2-m3,6,1,0.2,3,,63.67080658145109
colosseum,3,dc_entropic_subtraction,5.661334991455078,2.81,,,d6-c1-n0.2-m3,6,1,0.2,3,,63.67080658145109
colosseum,3,hickock,21.20535412229738,58.54,,,d6-c1-n0.2-m3,6,1,0.2,3,,63.67080658145109
colosseum,3,frc_weighted_adaptive,-97.0759922807266,1.14,,,d6-c1-n0.2-m3,6,1,0.2,3,,63.67080658145109
colosseum,3,frc_unweighted_knn,-13.4,0.37,,,d6-c1-n0.2-m3,6,1,0.2,3,,63.67080658145109
colosseum,3,orc,-0.2274531064177589,7.8,,,d6-c1-n0.2-m3,6,1,0.2,3,,63.67080658145109
colosseum,3,spc_hop,,0.0,,,d6-c1-n0.2-m3,6,1,0.2,3,,63.67080658145109
colosseum,3,spc_diffusion_t5,,0.0,,,d6-c1-n0.2-m3,6,1,0.2,3,,63.67080658145109
colosseum,3,laziness_knn_t5,-5.9913010597229,0.69,,,d6-c1-n0.2-m3,6,1,0.2,3,,63.67080658145109
colosseum,3,laziness_adaptive_t5,-6.036019325256348,0.74,,,d6-c1-n0.2-m3,6,1,0.2,3,,63.67080658145109
colosseum,3,successor_entropy,-1.4095952185241816,0.05,920.87,,d6-c1-n0.2-m3,6,1,0.2,3,,63.67080658145109
colosseum,3,successor_orc,0.9521262287791734,13.01,920.87,,d6-c1-n0.2-m3,6,1,0.2,3,,63.67080658145109
colosseum,4,dc2,-0.8571891784667969,13.31,,,d6-c1-n0.2-m4,6,1,0.2,4,,-37.26225975843
colosseum,4,dc_wasserstein_ollivier,0.6915755867958069,4.1,,,d6-c1-n0.2-m4,6,1,0.2,4,,-37.26225975843
colosseum,4,dc_entropic_subtraction,4.291506767272949,2.9,,,d6-c1-n0.2-m4,6,1,0.2,4,,-37.26225975843
colosseum,4,hickock,20.589728489483115,54.31,,,d6-c1-n0.2-m4,6,1,0.2,4,,-37.26225975843
colosseum,4,frc_weighted_adaptive,-283.7025788551926,1.17,,,d6-c1-n0.2-m4,6,1,0.2,4,,-37.26225975843
colosseum,4,frc_unweighted_knn,-16.4,0.39,,,d6-c1-n0.2-m4,6,1,0.2,4,,-37.26225975843
colosseum,4,orc,-0.3343024479016018,7.8,,,d6-c1-n0.2-m4,6,1,0.2,4,,-37.26225975843
colosseum,4,spc_hop,,0.0,,,d6-c1-n0.2-m4,6,1,0.2,4,,-37.26225975843
colosseum,4,spc_diffusion_t5,,0.0,,,d6-c1-n0.2-m4,6,1,0.2,4,,-37.26225975843
colosseum,4,laziness_knn_t5,-6.718734264373779,0.68,,,d6-c1-n0.2-m4,6,1,0.2,4,,-37.26225975843
colosseum,4,laziness_adaptive_t5,-6.672605991363525,0.72,,,d6-c1-n0.2-m4,6,1,0.2,4,,-37.26225975843
colosseum,4,successor_entropy,-1.5906133192890946,0.05,986.08,,d6-c1-n0.2-m4,6,1,0.2,4,,-37.26225975843
colosseum,4,successor_orc,0.952481410170792,5.54,986.08,,d6-c1-n0.2-m4,6,1,0.2,4,,-37.26225975843
colosseum,5,dc2,-1.4375452995300293,13.61,,,d6-c1-n0.2-m5,6,1,0.2,5,,-14.635187152175757
colosseum,5,dc_wasserstein_ollivier,0.6800035238265991,3.41,,,d6-c1-n0.2-m5,6,1,0.2,5,,-14.635187152175757
colosseum,5,dc_entropic_subtraction,4.23121452331543,2.58,,,d6-c1-n0.2-m5,6,1,0.2,5,,-14.635187152175757
colosseum,5,hickock,21.0579548086151,54.59,,,d6-c1-n0.2-m5,6,1,0.2,5,,-14.635187152175757
colosseum,5,frc_weighted_adaptive,-149.63527937985336,1.54,,,d6-c1-n0.2-m5,6,1,0.2,5,,-14.635187152175757
colosseum,5,frc_unweighted_knn,-18.823529411764707,0.39,,,d6-c1-n0.2-m5,6,1,0.2,5,,-14.635187152175757
colosseum,5,orc,-0.3694476850329316,7.81,,,d6-c1-n0.2-m5,6,1,0.2,5,,-14.635187152175757
colosseum,5,spc_hop,,0.0,,,d6-c1-n0.2-m5,6,1,0.2,5,,-14.635187152175757
colosseum,5,spc_diffusion_t5,,0.0,,,d6-c1-n0.2-m5,6,1,0.2,5,,-14.635187152175757
colosseum,5,laziness_knn_t5,-6.740943908691406,0.69,,,d6-c1-n0.2-m5,6,1,0.2,5,,-14.635187152175757
colosseum,5,laziness_adaptive_t5,-6.694929599761963,0.71,,,d6-c1-n0.2-m5,6,1,0.2,5,,-14.635187152175757
colosseum,5,successor_entropy,-1.600029728310338,0.05,935.99,,d6-c1-n0.2-m5,6,1,0.2,5,,-14.635187152175757
colosseum,5,successor_orc,0.9491510243714398,5.41,935.99,,d6-c1-n0.2-m5,6,1,0.2,5,,-14.635187152175757
colosseum,6,dc2,-1.3904767036437988,13.1,,,d6-c1-n0.2-m6,6,1,0.2,6,,-79.86110663037864
colosseum,6,dc_wasserstein_ollivier,0.8271004557609558,3.69,,,d6-c1-n0.2-m6,6,1,0.2,6,,-79.86110663037864
colosseum,6,dc_entropic_subtraction,5.456319808959961,2.54,,,d6-c1-n0.2-m6,6,1,0.2,6,,-79.86110663037864
colosseum,6,hickock,20.91407062505121,55.12,,,d6-c1-n0.2-m6,6,1,0.2,6,,-79.86110663037864
colosseum,6,frc_weighted_adaptive,-156.643806189878,1.13,,,d6-c1-n0.2-m6,6,1,0.2,6,,-79.86110663037864
colosseum,6,frc_unweighted_knn,-19.5,0.39,,,d6-c1-n0.2-m6,6,1,0.2,6,,-79.86110663037864
colosseum,6,orc,-0.283689139086845,8.13,,,d6-c1-n0.2-m6,6,1,0.2,6,,-79.86110663037864
colosseum,6,spc_hop,,0.0,,,d6-c1-n0.2-m6,6,1,0.2,6,,-79.86110663037864
colosseum,6,spc_diffusion_t5,,0.0,,,d6-c1-n0.2-m6,6,1,0.2,6,,-79.86110663037864
colosseum,6,laziness_knn_t5,-6.593317985534668,0.7,,,d6-c1-n0.2-m6,6,1,0.2,6,,-79.86110663037864
colosseum,6,laziness_adaptive_t5,-6.597225189208984,0.72,,,d6-c1-n0.2-m6,6,1,0.2,6,,-79.86110663037864
colosseum,6,successor_entropy,-1.67170579138014,0.05,942.5,,d6-c1-n0.2-m6,6,1,0.2,6,,-79.86110663037864
colosseum,6,successor_orc,0.9497645656155967,5.25,942.5,,d6-c1-n0.2-m6,6,1,0.2,6,,-79.86110663037864
colosseum,7,dc2,-1.6649866104125977,13.41,,,d6-c1-n0.2-m7,6,1,0.2,7,,-14.750595386617036
colosseum,7,dc_wasserstein_ollivier,0.6922801733016968,3.3,,,d6-c1-n0.2-m7,6,1,0.2,7,,-14.750595386617036
colosseum,7,dc_entropic_subtraction,3.828473091125488,2.57,,,d6-c1-n0.2-m7,6,1,0.2,7,,-14.750595386617036
colosseum,7,hickock,20.25212688479825,55.18,,,d6-c1-n0.2-m7,6,1,0.2,7,,-14.750595386617036
colosseum,7,frc_weighted_adaptive,-102.17092519849352,1.18,,,d6-c1-n0.2-m7,6,1,0.2,7,,-14.750595386617036
colosseum,7,frc_unweighted_knn,-16.333333333333332,0.39,,,d6-c1-n0.2-m7,6,1,0.2,7,,-14.750595386617036
colosseum,7,orc,-0.2474898929072256,7.99,,,d6-c1-n0.2-m7,6,1,0.2,7,,-14.750595386617036
colosseum,7,spc_hop,,0.0,,,d6-c1-n0.2-m7,6,1,0.2,7,,-14.750595386617036
colosseum,7,spc_diffusion_t5,,0.0,,,d6-c1-n0.2-m7,6,1,0.2,7,,-14.750595386617036
colosseum,7,laziness_knn_t5,-6.564930438995361,0.72,,,d6-c1-n0.2-m7,6,1,0.2,7,,-14.750595386617036
colosseum,7,laziness_adaptive_t5,-6.5439453125,0.75,,,d6-c1-n0.2-m7,6,1,0.2,7,,-14.750595386617036
colosseum,7,successor_entropy,-1.5377793087183187,0.05,949.91,,d6-c1-n0.2-m7,6,1,0.2,7,,-14.750595386617036
colosseum,7,successor_orc,0.9494624757845952,5.35,949.91,,d6-c1-n0.2-m7,6,1,0.2,7,,-14.750595386617036
colosseum,8,dc2,-1.1427278518676758,13.01,,,d6-c1-n0.2-m8,6,1,0.2,8,,-43.98058215535855
colosseum,8,dc_wasserstein_ollivier,0.7631343007087708,3.54,,,d6-c1-n0.2-m8,6,1,0.2,8,,-43.98058215535855
colosseum,8,dc_entropic_subtraction,4.743741512298584,2.58,,,d6-c1-n0.2-m8,6,1,0.2,8,,-43.98058215535855
colosseum,8,hickock,20.9326195045953,54.75,,,d6-c1-n0.2-m8,6,1,0.2,8,,-43.98058215535855
colosseum,8,frc_weighted_adaptive,-107.35751991497172,1.2,,,d6-c1-n0.2-m8,6,1,0.2,8,,-43.98058215535855
colosseum,8,frc_unweighted_knn,-13.363636363636363,0.4,,,d6-c1-n0.2-m8,6,1,0.2,8,,-43.98058215535855
colosseum,8,orc,-0.2747071791923028,8.13,,,d6-c1-n0.2-m8,6,1,0.2,8,,-43.98058215535855
colosseum,8,spc_hop,,0.0,,,d6-c1-n0.2-m8,6,1,0.2,8,,-43.98058215535855
colosseum,8,spc_diffusion_t5,,0.0,,,d6-c1-n0.2-m8,6,1,0.2,8,,-43.98058215535855
colosseum,8,laziness_knn_t5,-6.69406270980835,0.68,,,d6-c1-n0.2-m8,6,1,0.2,8,,-43.98058215535855
colosseum,8,laziness_adaptive_t5,-6.700892448425293,1.02,,,d6-c1-n0.2-m8,6,1,0.2,8,,-43.98058215535855
colosseum,8,successor_entropy,-1.6273606930471336,0.05,1012.06,,d6-c1-n0.2-m8,6,1,0.2,8,,-43.98058215535855
colosseum,8,successor_orc,0.9493188143397614,5.56,1012.06,,d6-c1-n0.2-m8,6,1,0.2,8,,-43.98058215535855
colosseum,9,dc2,-0.6159687042236328,14.29,,,d6-c1-n0.2-m9,6,1,0.2,9,,-60.02400853452007
colosseum,9,dc_wasserstein_ollivier,0.9138258099555968,3.54,,,d6-c1-n0.2-m9,6,1,0.2,9,,-60.02400853452007
colosseum,9,dc_entropic_subtraction,6.3477935791015625,2.75,,,d6-c1-n0.2-m9,6,1,0.2,9,,-60.02400853452007
colosseum,9,hickock,21.37312232359617,59.25,,,d6-c1-n0.2-m9,6,1,0.2,9,,-60.02400853452007
colosseum,9,frc_weighted_adaptive,-185.59331829667164,1.22,,,d6-c1-n0.2-m9,6,1,0.2,9,,-60.02400853452007
colosseum,9,frc_unweighted_knn,-13.3,0.39,,,d6-c1-n0.2-m9,6,1,0.2,9,,-60.02400853452007
colosseum,9,orc,-0.2121363894680051,8.18,,,d6-c1-n0.2-m9,6,1,0.2,9,,-60.02400853452007
colosseum,9,spc_hop,,0.0,,,d6-c1-n0.2-m9,6,1,0.2,9,,-60.02400853452007
colosseum,9,spc_diffusion_t5,,0.0,,,d6-c1-n0.2-m9,6,1,0.2,9,,-60.02400853452007
colosseum,9,laziness_knn_t5,-6.198160171508789,0.77,,,d6-c1-n0.2-m9,6,1,0.2,9,,-60.02400853452007
colosseum,9,laziness_adaptive_t5,-6.144604682922363,0.79,,,d6-c1-n0.2-m9,6,1,0.2,9,,-60.02400853452007
colosseum,9,successor_entropy,-1.5918335876793912,0.05,1020.06,,d6-c1-n0.2-m9,6,1,0.2,9,,-60.02400853452007
colosseum,9,successor_orc,0.9537424336449024,5.55,1020.06,,d6-c1-n0.2-m9,6,1,0.2,9,,-60.02400853452007
colosseum,10,dc2,-0.9566373825073242,14.11,,,d6-c1-n0.2-m10,6,1,0.2,10,,-50.9051733955312
colosseum,10,dc_wasserstein_ollivier,0.8498969078063965,4.12,,,d6-c1-n0.2-m10,6,1,0.2,10,,-50.9051733955312
colosseum,10,dc_entropic_subtraction,5.669614315032959,3.0,,,d6-c1-n0.2-m10,6,1,0.2,10,,-50.9051733955312
colosseum,10,hickock,21.05704951528903,58.82,,,d6-c1-n0.2-m10,6,1,0.2,10,,-50.9051733955312
colosseum,10,frc_weighted_adaptive,-168.97700493924765,1.21,,,d6-c1-n0.2-m10,6,1,0.2,10,,-50.9051733955312
colosseum,10,frc_unweighted_knn,-19.789473684210527,0.4,,,d6-c1-n0.2-m10,6,1,0.2,10,,-50.9051733955312
colosseum,10,orc,-0.2705244333975795,8.62,,,d6-c1-n0.2-m10,6,1,0.2,10,,-50.9051733955312
colosseum,10,spc_hop,,0.0,,,d6-c1-n0.2-m10,6,1,0.2,10,,-50.9051733955312
colosseum,10,spc_diffusion_t5,,0.0,,,d6-c1-n0.2-m10,6,1,0.2,10,,-50.9051733955312
colosseum,10,laziness_knn_t5,-6.390082359313965,0.75,,,d6-c1-n0.2-m10,6,1,0.2,10,,-50.9051733955312
colosseum,10,laziness_adaptive_t5,-6.349096298217773,0.81,,,d6-c1-n0.2-m10,6,1,0.2,10,,-50.9051733955312
colosseum,10,successor_entropy,-1.532360355278477,0.05,1022.55,,d6-c1-n0.2-m10,6,1,0.2,10,,-50.9051733955312
colosseum,10,successor_orc,0.952716622972447,6.36,1022.55,,d6-c1-n0.2-m10,6,1,0.2,10,,-50.9051733955312
colosseum,11,dc2,-1.0132102966308594,14.2,,,d6-c1-n0.2-m11,6,1,0.2,11,,-49.926788940467496
colosseum,11,dc_wasserstein_ollivier,0.8613990545272827,3.84,,,d6-c1-n0.2-m11,6,1,0.2,11,,-49.926788940467496
colosseum,11,dc_entropic_subtraction,5.639686107635498,2.81,,,d6-c1-n0.2-m11,6,1,0.2,11,,-49.926788940467496
colosseum,11,hickock,21.00480368480692,56.12,,,d6-c1-n0.2-m11,6,1,0.2,11,,-49.926788940467496
colosseum,11,frc_weighted_adaptive,-139.17310462098027,1.14,,,d6-c1-n0.2-m11,6,1,0.2,11,,-49.926788940467496
colosseum,11,frc_unweighted_knn,-14.307692307692308,0.37,,,d6-c1-n0.2-m11,6,1,0.2,11,,-49.926788940467496
colosseum,11,orc,-0.2683896131699975,7.65,,,d6-c1-n0.2-m11,6,1,0.2,11,,-49.926788940467496
colosseum,11,spc_hop,,0.0,,,d6-c1-n0.2-m11,6,1,0.2,11,,-49.926788940467496
colosseum,11,spc_diffusion_t5,,0.0,,,d6-c1-n0.2-m11,6,1,0.2,11,,-49.926788940467496
colosseum,11,laziness_knn_t5,-6.3314971923828125,0.73,,,d6-c1-n0.2-m11,6,1,0.2,11,,-49.926788940467496
colosseum,11,laziness_adaptive_t5,-6.329531192779541,0.88,,,d6-c1-n0.2-m11,6,1,0.2,11,,-49.926788940467496
colosseum,11,successor_entropy,-1.538581246044642,0.05,1004.64,,d6-c1-n0.2-m11,6,1,0.2,11,,-49.926788940467496
colosseum,11,successor_orc,0.9545080912404512,5.58,1004.64,,d6-c1-n0.2-m11,6,1,0.2,11,,-49.926788940467496
colosseum,12,dc2,-0.7724738121032715,14.1,,,d6-c1-n0.2-m12,6,1,0.2,12,,-69.66762335697834
colosseum,12,dc_wasserstein_ollivier,0.8642846345901489,3.56,,,d6-c1-n0.2-m12,6,1,0.2,12,,-69.66762335697834
colosseum,12,dc_entropic_subtraction,5.776115894317627,3.09,,,d6-c1-n0.2-m12,6,1,0.2,12,,-69.66762335697834
colosseum,12,hickock,21.173886976737705,59.18,,,d6-c1-n0.2-m12,6,1,0.2,12,,-69.66762335697834
colosseum,12,frc_weighted_adaptive,-106.29700475531548,1.28,,,d6-c1-n0.2-m12,6,1,0.2,12,,-69.66762335697834
colosseum,12,frc_unweighted_knn,-16.727272727272727,0.44,,,d6-c1-n0.2-m12,6,1,0.2,12,,-69.66762335697834
colosseum,12,orc,-0.3028889230565522,8.38,,,d6-c1-n0.2-m12,6,1,0.2,12,,-69.66762335697834
colosseum,12,spc_hop,,0.0,,,d6-c1-n0.2-m12,6,1,0.2,12,,-69.66762335697834
colosseum,12,spc_diffusion_t5,,0.0,,,d6-c1-n0.2-m12,6,1,0.2,12,,-69.66762335697834
colosseum,12,laziness_knn_t5,-6.514296531677246,0.75,,,d6-c1-n0.2-m12,6,1,0.2,12,,-69.66762335697834
colosseum,12,laziness_adaptive_t5,-6.536787033081055,0.79,,,d6-c1-n0.2-m12,6,1,0.2,12,,-69.66762335697834
colosseum,12,successor_entropy,-1.6170379053590198,0.05,988.26,,d6-c1-n0.2-m12,6,1,0.2,12,,-69.66762335697834
colosseum,12,successor_orc,0.9541179186539394,5.48,988.26,,d6-c1-n0.2-m12,6,1,0.2,12,,-69.66762335697834
colosseum,13,dc2,-1.127441167831421,13.69,,,d6-c1-n0.2-m13,6,1,0.2,13,,-3.949532800807571
colosseum,13,dc_wasserstein_ollivier,0.8270643353462219,3.29,,,d6-c1-n0.2-m13,6,1,0.2,13,,-3.949532800807571
colosseum,13,dc_entropic_subtraction,5.283749103546143,2.97,,,d6-c1-n0.2-m13,6,1,0.2,13,,-3.949532800807571
colosseum,13,hickock,20.70440964348331,54.95,,,d6-c1-n0.2-m13,6,1,0.2,13,,-3.949532800807571
colosseum,13,frc_weighted_adaptive,-178.06779290078416,1.18,,,d6-c1-n0.2-m13,6,1,0.2,13,,-3.949532800807571
colosseum,13,frc_unweighted_knn,-15.538461538461538,0.39,,,d6-c1-n0.2-m13,6,1,0.2,13,,-3.949532800807571
colosseum,13,orc,-0.285101264361086,8.09,,,d6-c1-n0.2-m13,6,1,0.2,13,,-3.949532800807571
colosseum,13,spc_hop,,0.0,,,d6-c1-n0.2-m13,6,1,0.2,13,,-3.949532800807571
colosseum,13,spc_diffusion_t5,,0.0,,,d6-c1-n0.2-m13,6,1,0.2,13,,-3.949532800807571
colosseum,13,laziness_knn_t5,-6.324009895324707,0.77,,,d6-c1-n0.2-m13,6,1,0.2,13,,-3.949532800807571
colosseum,13,laziness_adaptive_t5,-6.281285762786865,0.74,,,d6-c1-n0.2-m13,6,1,0.2,13,,-3.949532800807571
colosseum,13,successor_entropy,-1.4709245865220826,0.05,927.73,,d6-c1-n0.2-m13,6,1,0.2,13,,-3.949532800807571
colosseum,13,successor_orc,0.9524286993066676,5.72,927.73,,d6-c1-n0.2-m13,6,1,0.2,13,,-3.949532800807571
colosseum,14,dc2,-0.266336441040039,13.96,,,d6-c1-n0.2-m14,6,1,0.2,14,,-29.875284451472854
colosseum,14,dc_wasserstein_ollivier,0.9396836161613464,3.32,,,d6-c1-n0.2-m14,6,1,0.2,14,,-29.875284451472854
colosseum,14,dc_entropic_subtraction,6.425624847412109,2.69,,,d6-c1-n0.2-m14,6,1,0.2,14,,-29.875284451472854
colosseum,14,hickock,21.631718872795723,52.46,,,d6-c1-n0.2-m14,6,1,0.2,14,,-29.875284451472854
colosseum,14,frc_weighted_adaptive,-77.74944792757282,1.56,,,d6-c1-n0.2-m14,6,1,0.2,14,,-29.875284451472854
colosseum,14,frc_unweighted_knn,-18.09090909090909,0.42,,,d6-c1-n0.2-m14,6,1,0.2,14,,-29.875284451472854
colosseum,14,orc,-0.374315287627313,8.54,,,d6-c1-n0.2-m14,6,1,0.2,14,,-29.875284451472854
colosseum,14,spc_hop,,0.0,,,d6-c1-n0.2-m14,6,1,0.2,14,,-29.875284451472854
colosseum,14,spc_diffusion_t5,,0.0,,,d6-c1-n0.2-m14,6,1,0.2,14,,-29.875284451472854
colosseum,14,laziness_knn_t5,-6.561008930206299,0.75,,,d6-c1-n0.2-m14,6,1,0.2,14,,-29.875284451472854
colosseum,14,laziness_adaptive_t5,-6.532027244567871,0.73,,,d6-c1-n0.2-m14,6,1,0.2,14,,-29.875284451472854
colosseum,14,successor_entropy,-1.5650403539973,0.05,929.5,,d6-c1-n0.2-m14,6,1,0.2,14,,-29.875284451472854
colosseum,14,successor_orc,0.9517557930092676,5.57,929.5,,d6-c1-n0.2-m14,6,1,0.2,14,,-29.875284451472854
colosseum,15,dc2,-1.0292134284973145,14.07,,,d6-c1-n0.2-m15,6,1,0.2,15,,-31.80232521897497
colosseum,15,dc_wasserstein_ollivier,0.7519522905349731,3.28,,,d6-c1-n0.2-m15,6,1,0.2,15,,-31.80232521897497
colosseum,15,dc_entropic_subtraction,4.158393859863281,2.72,,,d6-c1-n0.2-m15,6,1,0.2,15,,-31.80232521897497
colosseum,15,hickock,21.01130525215963,55.4,,,d6-c1-n0.2-m15,6,1,0.2,15,,-31.80232521897497
colosseum,15,frc_weighted_adaptive,-119.29688112464952,1.18,,,d6-c1-n0.2-m15,6,1,0.2,15,,-31.80232521897497
colosseum,15,frc_unweighted_knn,-11.909090909090908,0.39,,,d6-c1-n0.2-m15,6,1,0.2,15,,-31.80232521897497
colosseum,15,orc,-0.1840864457697777,8.5,,,d6-c1-n0.2-m15,6,1,0.2,15,,-31.80232521897497
colosseum,15,spc_hop,,0.0,,,d6-c1-n0.2-m15,6,1,0.2,15,,-31.80232521897497
colosseum,15,spc_diffusion_t5,,0.0,,,d6-c1-n0.2-m15,6,1,0.2,15,,-31.80232521897497
colosseum,15,laziness_knn_t5,-6.418952941894531,0.7,,,d6-c1-n0.2-m15,6,1,0.2,15,,-31.80232521897497
colosseum,15,laziness_adaptive_t5,-6.420685768127441,0.73,,,d6-c1-n0.2-m15,6,1,0.2,15,,-31.80232521897497
colosseum,15,successor_entropy,-1.5758725333247954,0.05,950.86,,d6-c1-n0.2-m15,6,1,0.2,15,,-31.80232521897497
colosseum,15,successor_orc,0.95314198883342,6.73,950.86,,d6-c1-n0.2-m15,6,1,0.2,15,,-31.80232521897497
colosseum,16,dc2,-1.3517637252807615,13.96,,,d6-c1-n0.2-m16,6,1,0.2,16,,-14.800260115565017
colosseum,16,dc_wasserstein_ollivier,0.6820648908615112,3.26,,,d6-c1-n0.2-m16,6,1,0.2,16,,-14.800260115565017
colosseum,16,dc_entropic_subtraction,4.206742286682129,2.61,,,d6-c1-n0.2-m16,6,1,0.2,16,,-14.800260115565017
colosseum,16,hickock,20.42046726160097,58.28,,,d6-c1-n0.2-m16,6,1,0.2,16,,-14.800260115565017
colosseum,16,frc_weighted_adaptive,-129.2253144988623,1.26,,,d6-c1-n0.2-m16,6,1,0.2,16,,-14.800260115565017
colosseum,16,frc_unweighted_knn,-14.666666666666666,0.4,,,d6-c1-n0.2-m16,6,1,0.2,16,,-14.800260115565017
colosseum,16,orc,-0.3629685215922174,8.57,,,d6-c1-n0.2-m16,6,1,0.2,16,,-14.800260115565017
colosseum,16,spc_hop,,0.0,,,d6-c1-n0.2-m16,6,1,0.2,16,,-14.800260115565017
colosseum,16,spc_diffusion_t5,,0.0,,,d6-c1-n0.2-m16,6,1,0.2,16,,-14.800260115565017
colosseum,16,laziness_knn_t5,-6.66245698928833,0.71,,,d6-c1-n0.2-m16,6,1,0.2,16,,-14.800260115565017
colosseum,16,laziness_adaptive_t5,-6.654870986938477,0.78,,,d6-c1-n0.2-m16,6,1,0.2,16,,-14.800260115565017
colosseum,16,successor_entropy,-1.5312961020154567,0.05,949.28,,d6-c1-n0.2-m16,6,1,0.2,16,,-14.800260115565017
colosseum,16,successor_orc,0.9493248365399236,12.02,949.28,,d6-c1-n0.2-m16,6,1,0.2,16,,-14.800260115565017
colosseum,17,dc2,-1.5238335132598877,13.66,,,d6-c1-n0.2-m17,6,1,0.2,17,,1.4993401006763616
colosseum,17,dc_wasserstein_ollivier,0.6494905352592468,3.24,,,d6-c1-n0.2-m17,6,1,0.2,17,,1.4993401006763616
colosseum,17,dc_entropic_subtraction,3.732447385787964,2.76,,,d6-c1-n0.2-m17,6,1,0.2,17,,1.4993401006763616
colosseum,17,hickock,20.33894424323838,57.66,,,d6-c1-n0.2-m17,6,1,0.2,17,,1.4993401006763616
colosseum,17,frc_weighted_adaptive,-108.43024373478988,1.2,,,d6-c1-n0.2-m17,6,1,0.2,17,,1.4993401006763616
colosseum,17,frc_unweighted_knn,-19.3,0.4,,,d6-c1-n0.2-m17,6,1,0.2,17,,1.4993401006763616
colosseum,17,orc,-0.2588121015573801,8.54,,,d6-c1-n0.2-m17,6,1,0.2,17,,1.4993401006763616
colosseum,17,spc_hop,,0.0,,,d6-c1-n0.2-m17,6,1,0.2,17,,1.4993401006763616
colosseum,17,spc_diffusion_t5,,0.0,,,d6-c1-n0.2-m17,6,1,0.2,17,,1.4993401006763616
colosseum,17,laziness_knn_t5,-6.552213668823242,0.7,,,d6-c1-n0.2-m17,6,1,0.2,17,,1.4993401006763616
colosseum,17,laziness_adaptive_t5,-6.535220146179199,0.77,,,d6-c1-n0.2-m17,6,1,0.2,17,,1.4993401006763616
colosseum,17,successor_entropy,-1.4816160773954663,0.05,933.36,,d6-c1-n0.2-m17,6,1,0.2,17,,1.4993401006763616
colosseum,17,successor_orc,0.9512928367149008,6.81,933.36,,d6-c1-n0.2-m17,6,1,0.2,17,,1.4993401006763616
colosseum,18,dc2,-1.5523743629455566,13.4,,,d6-c1-n0.2-m18,6,1,0.2,18,,-64.51504389421463
colosseum,18,dc_wasserstein_ollivier,0.6951394081115723,3.31,,,d6-c1-n0.2-m18,6,1,0.2,18,,-64.51504389421463
colosseum,18,dc_entropic_subtraction,4.268589019775391,2.62,,,d6-c1-n0.2-m18,6,1,0.2,18,,-64.51504389421463
colosseum,18,hickock,20.57760858110724,54.52,,,d6-c1-n0.2-m18,6,1,0.2,18,,-64.51504389421463
colosseum,18,frc_weighted_adaptive,-139.786312177123,1.23,,,d6-c1-n0.2-m18,6,1,0.2,18,,-64.51504389421463
colosseum,18,frc_unweighted_knn,-18.11111111111111,0.41,,,d6-c1-n0.2-m18,6,1,0.2,18,,-64.51504389421463
colosseum,18,orc,-0.3051218405365268,8.61,,,d6-c1-n0.2-m18,6,1,0.2,18,,-64.51504389421463
colosseum,18,spc_hop,,0.0,,,d6-c1-n0.2-m18,6,1,0.2,18,,-64.51504389421463
colosseum,18,spc_diffusion_t5,,0.0,,,d6-c1-n0.2-m18,6,1,0.2,18,,-64.51504389421463
colosseum,18,laziness_knn_t5,-6.762866973876953,0.71,,,d6-c1-n0.2-m18,6,1,0.2,18,,-64.51504389421463
colosseum,18,laziness_adaptive_t5,-6.754444122314453,0.77,,,d6-c1-n0.2-m18,6,1,0.2,18,,-64.51504389421463
colosseum,18,successor_entropy,-1.6021207294194029,0.05,932.57,,d6-c1-n0.2-m18,6,1,0.2,18,,-64.51504389421463
colosseum,18,successor_orc,0.9517391397411358,5.46,932.57,,d6-c1-n0.2-m18,6,1,0.2,18,,-64.51504389421463
colosseum,19,dc2,-0.4793806076049804,13.73,,,d6-c1-n0.2-m19,6,1,0.2,19,,68.30785029368644
colosseum,19,dc_wasserstein_ollivier,0.9511151909828186,3.31,,,d6-c1-n0.2-m19,6,1,0.2,19,,68.30785029368644
colosseum,19,dc_entropic_subtraction,6.8485870361328125,2.58,,,d6-c1-n0.2-m19,6,1,0.2,19,,68.30785029368644
colosseum,19,hickock,22.022922108995324,56.46,,,d6-c1-n0.2-m19,6,1,0.2,19,,68.30785029368644
colosseum,19,frc_weighted_adaptive,-117.04047008779835,1.12,,,d6-c1-n0.2-m19,6,1,0.2,19,,68.30785029368644
colosseum,19,frc_unweighted_knn,-16.6,0.36,,,d6-c1-n0.2-m19,6,1,0.2,19,,68.30785029368644
colosseum,19,orc,-0.2361641218132879,9.11,,,d6-c1-n0.2-m19,6,1,0.2,19,,68.30785029368644
colosseum,19,spc_hop,,0.0,,,d6-c1-n0.2-m19,6,1,0.2,19,,68.30785029368644
colosseum,19,spc_diffusion_t5,,0.0,,,d6-c1-n0.2-m19,6,1,0.2,19,,68.30785029368644
colosseum,19,laziness_knn_t5,-6.529554843902588,0.99,,,d6-c1-n0.2-m19,6,1,0.2,19,,68.30785029368644
colosseum,19,laziness_adaptive_t5,-6.52625846862793,0.72,,,d6-c1-n0.2-m19,6,1,0.2,19,,68.30785029368644
colosseum,19,successor_entropy,-1.4192090754027789,0.05,934.2,,d6-c1-n0.2-m19,6,1,0.2,19,,68.30785029368644
colosseum,19,successor_orc,0.9513393725761834,5.39,934.2,,d6-c1-n0.2-m19,6,1,0.2,19,,68.30785029368644
colosseum,20,dc2,-0.8055562973022461,13.47,,,d6-c1-n0.2-m20,6,1,0.2,20,,-43.29792805235711
colosseum,20,dc_wasserstein_ollivier,0.8063623309135437,3.31,,,d6-c1-n0.2-m20,6,1,0.2,20,,-43.29792805235711
colosseum,20,dc_entropic_subtraction,5.547253608703613,2.65,,,d6-c1-n0.2-m20,6,1,0.2,20,,-43.29792805235711
colosseum,20,hickock,20.753973815746157,56.24,,,d6-c1-n0.2-m20,6,1,0.2,20,,-43.29792805235711
colosseum,20,frc_weighted_adaptive,-98.94500647165592,1.12,,,d6-c1-n0.2-m20,6,1,0.2,20,,-43.29792805235711
colosseum,20,frc_unweighted_knn,-14.846153846153848,0.37,,,d6-c1-n0.2-m20,6,1,0.2,20,,-43.29792805235711
colosseum,20,orc,-0.3524659886141809,8.47,,,d6-c1-n0.2-m20,6,1,0.2,20,,-43.29792805235711
colosseum,20,spc_hop,,0.0,,,d6-c1-n0.2-m20,6,1,0.2,20,,-43.29792805235711
colosseum,20,spc_diffusion_t5,,0.0,,,d6-c1-n0.2-m20,6,1,0.2,20,,-43.29792805235711
colosseum,20,laziness_knn_t5,-6.7279253005981445,0.71,,,d6-c1-n0.2-m20,6,1,0.2,20,,-43.29792805235711
colosseum,20,laziness_adaptive_t5,-6.758832931518555,0.77,,,d6-c1-n0.2-m20,6,1,0.2,20,,-43.29792805235711
colosseum,20,successor_entropy,-1.484706979464274,0.05,938.46,,d6-c1-n0.2-m20,6,1,0.2,20,,-43.29792805235711
colosseum,20,successor_orc,0.9511998515920362,5.59,938.46,,d6-c1-n0.2-m20,6,1,0.2,20,,-43.29792805235711
colosseum,21,dc2,-1.0614137649536133,13.69,,,d6-c1-n0.2-m21,6,1,0.2,21,,-4.233770959761111
colosseum,21,dc_wasserstein_ollivier,0.6668212413787842,3.75,,,d6-c1-n0.2-m21,6,1,0.2,21,,-4.233770959761111
colosseum,21,dc_entropic_subtraction,4.325451374053955,2.66,,,d6-c1-n0.2-m21,6,1,0.2,21,,-4.233770959761111
colosseum,21,hickock,20.9321730643422,54.3,,,d6-c1-n0.2-m21,6,1,0.2,21,,-4.233770959761111
colosseum,21,frc_weighted_adaptive,-168.0202490587086,1.18,,,d6-c1-n0.2-m21,6,1,0.2,21,,-4.233770959761111
colosseum,21,frc_unweighted_knn,-14.923076923076923,0.38,,,d6-c1-n0.2-m21,6,1,0.2,21,,-4.233770959761111
colosseum,21,orc,-0.3554745392409141,8.02,,,d6-c1-n0.2-m21,6,1,0.2,21,,-4.233770959761111
colosseum,21,spc_hop,,0.0,,,d6-c1-n0.2-m21,6,1,0.2,21,,-4.233770959761111
colosseum,21,spc_diffusion_t5,,0.0,,,d6-c1-n0.2-m21,6,1,0.2,21,,-4.233770959761111
colosseum,21,laziness_knn_t5,-6.603664398193359,0.69,,,d6-c1-n0.2-m21,6,1,0.2,21,,-4.233770959761111
colosseum,21,laziness_adaptive_t5,-6.597445487976074,0.75,,,d6-c1-n0.2-m21,6,1,0.2,21,,-4.233770959761111
colosseum,21,successor_entropy,-1.4719749284686598,0.05,968.34,,d6-c1-n0.2-m21,6,1,0.2,21,,-4.233770959761111
colosseum,21,successor_orc,0.9532680402071194,5.58,968.34,,d6-c1-n0.2-m21,6,1,0.2,21,,-4.233770959761111
colosseum,22,dc2,-0.6009364128112793,13.55,,,d6-c1-n0.2-m22,6,1,0.2,22,,-31.506437633811785
colosseum,22,dc_wasserstein_ollivier,0.9240692257881165,3.69,,,d6-c1-n0.2-m22,6,1,0.2,22,,-31.506437633811785
colosseum,22,dc_entropic_subtraction,6.525700092315674,2.57,,,d6-c1-n0.2-m22,6,1,0.2,22,,-31.506437633811785
colosseum,22,hickock,22.299167331262797,55.74,,,d6-c1-n0.2-m22,6,1,0.2,22,,-31.506437633811785
colosseum,22,frc_weighted_adaptive,-76.3675410735003,1.19,,,d6-c1-n0.2-m22,6,1,0.2,22,,-31.506437633811785
colosseum,22,frc_unweighted_knn,-16.09090909090909,0.38,,,d6-c1-n0.2-m22,6,1,0.2,22,,-31.506437633811785
colosseum,22,orc,-0.2832324306646792,7.93,,,d6-c1-n0.2-m22,6,1,0.2,22,,-31.506437633811785
colosseum,22,spc_hop,,0.0,,,d6-c1-n0.2-m22,6,1,0.2,22,,-31.506437633811785
colosseum,22,spc_diffusion_t5,,0.0,,,d6-c1-n0.2-m22,6,1,0.2,22,,-31.506437633811785
colosseum,22,laziness_knn_t5,-6.581093788146973,0.71,,,d6-c1-n0.2-m22,6,1,0.2,22,,-31.506437633811785
colosseum,22,laziness_adaptive_t5,-6.594073295593262,0.89,,,d6-c1-n0.2-m22,6,1,0.2,22,,-31.506437633811785
colosseum,22,successor_entropy,-1.5180958909132365,0.05,932.44,,d6-c1-n0.2-m22,6,1,0.2,22,,-31.506437633811785
colosseum,22,successor_orc,0.9540492926438312,5.62,932.44,,d6-c1-n0.2-m22,6,1,0.2,22,,-31.506437633811785
colosseum,23,dc2,-0.8875060081481934,13.61,,,d6-c1-n0.2-m23,6,1,0.2,23,,-44.40850509001884
colosseum,23,dc_wasserstein_ollivier,0.7536444067955017,3.72,,,d6-c1-n0.2-m23,6,1,0.2,23,,-44.40850509001884
colosseum,23,dc_entropic_subtraction,4.653624534606934,2.84,,,d6-c1-n0.2-m23,6,1,0.2,23,,-44.40850509001884
colosseum,23,hickock,20.621614204576417,56.77,,,d6-c1-n0.2-m23,6,1,0.2,23,,-44.40850509001884
colosseum,23,frc_weighted_adaptive,-160.05494635409323,1.21,,,d6-c1-n0.2-m23,6,1,0.2,23,,-44.40850509001884
colosseum,23,frc_unweighted_knn,-14.090909090909092,0.42,,,d6-c1-n0.2-m23,6,1,0.2,23,,-44.40850509001884
colosseum,23,orc,-0.3096785212821394,8.99,,,d6-c1-n0.2-m23,6,1,0.2,23,,-44.40850509001884
colosseum,23,spc_hop,,0.0,,,d6-c1-n0.2-m23,6,1,0.2,23,,-44.40850509001884
colosseum,23,spc_diffusion_t5,,0.0,,,d6-c1-n0.2-m23,6,1,0.2,23,,-44.40850509001884
colosseum,23,laziness_knn_t5,-6.607180595397949,0.67,,,d6-c1-n0.2-m23,6,1,0.2,23,,-44.40850509001884
colosseum,23,laziness_adaptive_t5,-6.600498676300049,0.73,,,d6-c1-n0.2-m23,6,1,0.2,23,,-44.40850509001884
colosseum,23,successor_entropy,-1.561585908644212,0.05,912.93,,d6-c1-n0.2-m23,6,1,0.2,23,,-44.40850509001884
colosseum,23,successor_orc,0.9500087142907532,5.41,912.93,,d6-c1-n0.2-m23,6,1,0.2,23,,-44.40850509001884
colosseum,24,dc2,-0.98689866065979,13.64,,,d6-c1-n0.2-m24,6,1,0.2,24,,-18.71175144679315
colosseum,24,dc_wasserstein_ollivier,0.6653546094894409,3.4,,,d6-c1-n0.2-m24,6,1,0.2,24,,-18.71175144679315
colosseum,24,dc_entropic_subtraction,4.449224948883057,2.76,,,d6-c1-n0.2-m24,6,1,0.2,24,,-18.71175144679315
colosseum,24,hickock,20.807787610679853,53.73,,,d6-c1-n0.2-m24,6,1,0.2,24,,-18.71175144679315
colosseum,24,frc_weighted_adaptive,-111.80751008495145,1.11,,,d6-c1-n0.2-m24,6,1,0.2,24,,-18.71175144679315
colosseum,24,frc_unweighted_knn,-17.53846153846154,0.37,,,d6-c1-n0.2-m24,6,1,0.2,24,,-18.71175144679315
colosseum,24,orc,-0.3359091727929636,7.7,,,d6-c1-n0.2-m24,6,1,0.2,24,,-18.71175144679315
colosseum,24,spc_hop,,0.0,,,d6-c1-n0.2-m24,6,1,0.2,24,,-18.71175144679315
colosseum,24,spc_diffusion_t5,,0.0,,,d6-c1-n0.2-m24,6,1,0.2,24,,-18.71175144679315
colosseum,24,laziness_knn_t5,-6.627117156982422,0.67,,,d6-c1-n0.2-m24,6,1,0.2,24,,-18.71175144679315
colosseum,24,laziness_adaptive_t5,-6.634513378143311,0.71,,,d6-c1-n0.2-m24,6,1,0.2,24,,-18.71175144679315
colosseum,24,successor_entropy,-1.5037018017586865,0.05,907.75,,d6-c1-n0.2-m24,6,1,0.2,24,,-18.71175144679315
colosseum,24,successor_orc,0.9514076244967108,5.51,907.75,,d6-c1-n0.2-m24,6,1,0.2,24,,-18.71175144679315
colosseum,25,dc2,-1.4136571884155271,13.24,,,d6-c1-n0.2-m25,6,1,0.2,25,,40.37157222156749
colosseum,25,dc_wasserstein_ollivier,0.7153104543685913,3.37,,,d6-c1-n0.2-m25,6,1,0.2,25,,40.37157222156749
colosseum,25,dc_entropic_subtraction,4.064488887786865,2.82,,,d6-c1-n0.2-m25,6,1,0.2,25,,40.37157222156749
colosseum,25,hickock,20.28789968004458,55.4,,,d6-c1-n0.2-m25,6,1,0.2,25,,40.37157222156749
colosseum,25,frc_weighted_adaptive,-179.80921357621912,1.2,,,d6-c1-n0.2-m25,6,1,0.2,25,,40.37157222156749
colosseum,25,frc_unweighted_knn,-19.61904761904762,0.38,,,d6-c1-n0.2-m25,6,1,0.2,25,,40.37157222156749
colosseum,25,orc,-0.2397797776454656,7.7,,,d6-c1-n0.2-m25,6,1,0.2,25,,40.37157222156749
colosseum,25,spc_hop,,0.0,,,d6-c1-n0.2-m25,6,1,0.2,25,,40.37157222156749
colosseum,25,spc_diffusion_t5,,0.0,,,d6-c1-n0.2-m25,6,1,0.2,25,,40.37157222156749
colosseum,25,laziness_knn_t5,-6.235987186431885,0.67,,,d6-c1-n0.2-m25,6,1,0.2,25,,40.37157222156749
colosseum,25,laziness_adaptive_t5,-6.196566104888916,0.71,,,d6-c1-n0.2-m25,6,1,0.2,25,,40.37157222156749
colosseum,25,successor_entropy,-1.40629306942566,0.05,940.06,,d6-c1-n0.2-m25,6,1,0.2,25,,40.37157222156749
colosseum,25,successor_orc,0.9534323291560672,5.43,940.06,,d6-c1-n0.2-m25,6,1,0.2,25,,40.37157222156749
colosseum,26,dc2,-0.945265769958496,13.66,,,d6-c1-n0.2-m26,6,1,0.2,26,,-35.215680973994324
colosseum,26,dc_wasserstein_ollivier,0.7583535313606262,3.83,,,d6-c1-n0.2-m26,6,1,0.2,26,,-35.215680973994324
colosseum,26,dc_entropic_subtraction,4.972413063049316,2.53,,,d6-c1-n0.2-m26,6,1,0.2,26,,-35.215680973994324
colosseum,26,hickock,21.159957119515344,54.95,,,d6-c1-n0.2-m26,6,1,0.2,26,,-35.215680973994324
colosseum,26,frc_weighted_adaptive,-163.65561837262362,1.51,,,d6-c1-n0.2-m26,6,1,0.2,26,,-35.215680973994324
colosseum,26,frc_unweighted_knn,-15.25,0.39,,,d6-c1-n0.2-m26,6,1,0.2,26,,-35.215680973994324
colosseum,26,orc,-0.3128699197905371,8.0,,,d6-c1-n0.2-m26,6,1,0.2,26,,-35.215680973994324
colosseum,26,spc_hop,,0.0,,,d6-c1-n0.2-m26,6,1,0.2,26,,-35.215680973994324
colosseum,26,spc_diffusion_t5,,0.0,,,d6-c1-n0.2-m26,6,1,0.2,26,,-35.215680973994324
colosseum,26,laziness_knn_t5,-6.569839954376221,0.66,,,d6-c1-n0.2-m26,6,1,0.2,26,,-35.215680973994324
colosseum,26,laziness_adaptive_t5,-6.6044511795043945,0.73,,,d6-c1-n0.2-m26,6,1,0.2,26,,-35.215680973994324
colosseum,26,successor_entropy,-1.6246093569233393,0.05,919.05,,d6-c1-n0.2-m26,6,1,0.2,26,,-35.215680973994324
colosseum,26,successor_orc,0.9504138999269456,13.29,919.05,,d6-c1-n0.2-m26,6,1,0.2,26,,-35.215680973994324
colosseum,27,dc2,-0.9581820964813232,13.19,,,d6-c1-n0.2-m27,6,1,0.2,27,,39.3465856466048
colosseum,27,dc_wasserstein_ollivier,0.804970383644104,3.35,,,d6-c1-n0.2-m27,6,1,0.2,27,,39.3465856466048
colosseum,27,dc_entropic_subtraction,5.078442573547363,2.59,,,d6-c1-n0.2-m27,6,1,0.2,27,,39.3465856466048
colosseum,27,hickock,21.489569054624027,53.58,,,d6-c1-n0.2-m27,6,1,0.2,27,,39.3465856466048
colosseum,27,frc_weighted_adaptive,-173.24523351850738,1.22,,,d6-c1-n0.2-m27,6,1,0.2,27,,39.3465856466048
colosseum,27,frc_unweighted_knn,-18.9375,0.4,,,d6-c1-n0.2-m27,6,1,0.2,27,,39.3465856466048
colosseum,27,orc,-0.2970573565794026,8.31,,,d6-c1-n0.2-m27,6,1,0.2,27,,39.3465856466048
colosseum,27,spc_hop,,0.0,,,d6-c1-n0.2-m27,6,1,0.2,27,,39.3465856466048
colosseum,27,spc_diffusion_t5,,0.0,,,d6-c1-n0.2-m27,6,1,0.2,27,,39.3465856466048
colosseum,27,laziness_knn_t5,-6.495067596435547,0.68,,,d6-c1-n0.2-m27,6,1,0.2,27,,39.3465856466048
colosseum,27,laziness_adaptive_t5,-6.497291564941406,0.74,,,d6-c1-n0.2-m27,6,1,0.2,27,,39.3465856466048
